qid,query,duration,vid,relevant_windows,gt_duration_sec,gt_union_duration_sec,gt_count,query_word_count,query_char_count,gt_duration_bin_fine,gt_duration_bin_broad,normalized_gt_width,r1_iou05,r1_iou07,oracle10_iou05,oracle10_iou07,final_width_sec,final_center_sec,center_error_sec,oracle10_best_iou,initial_width_norm_median,initial_width_sec_median,initial_width_gt_ratio_median,initial_width_gt_ratio_nearest_center,initial_nearest_center_error_sec,valid_tokens,gt_token_count,gt_token_fraction,best_gt_saliency,mean_gt_saliency,best_false_saliency,gt_vs_false_margin,gt_saliency_percentile,gt_saliency_rank,false_peaks_above_gt,false_peak_count,high_saliency_distractor_peak_count,nearby_best_saliency,gt_vs_nearby_margin,random_negative_best_mean,gt_vs_random_negative_margin,top1_gt_token,top3_gt_token,top5_gt_token,top10_gt_token,gt_token_center_sec,audio_duration_sec,qd_top1_center_hit_le_2s,short_failure_iou07,final_width_gt_ratio,qd_top1_center_sec,final_center_error_sec,audio_duration_group,audio_duration_group_threshold_sec,gt_count_bin,query_word_bin
--0w1YA1Hm4_1,A car horn blares,299,--0w1YA1Hm4,"[[27, 28], [289, 290], [291, 292]]",1.0,3.0,3,4,17,1-2s,0-2s,0.0033444816053511705,0.0,0.0,0.0,0.0,9.0,71.5,44.0,0.14285714285714285,0.5116411935411949,152.98071686881727,152.98071686881727,200.36831783073507,20.590282099957122,299.0,3.0,0.010033444816053512,-12.639703750610352,-12.95464038848877,-11.641727447509766,-0.9979763031005859,0.5819397993311036,126.0,125.0,90.0,23.0,-12.25436782836914,-0.38533592224121094,-12.40109414100647,-0.23860960960388233,0.0,0.0,0.0,0.0,202.83333333333334,299.0,0.0,1.0,9.0,71.5,44.0,longer_audio,213.0,3+,0-5w
--0w1YA1Hm4_2,A phone beeps as a call is made,299,--0w1YA1Hm4,"[[72, 76]]",4.0,4.0,1,8,31,3-5s,2-5s,0.013377926421404682,0.0,0.0,0.0,0.0,10.0,74.0,0.0,0.4,0.5116411935411949,152.98071686881727,38.24517921720432,62.88243852673372,6.839015754714438,299.0,4.0,0.013377926421404682,-12.263252258300781,-12.616204261779785,-11.681900024414062,-0.5813522338867188,0.9899665551839465,4.0,3.0,98.0,25.0,-12.609994888305664,0.3467426300048828,-12.673371381759644,0.4101191234588626,0.0,0.0,1.0,1.0,74.0,299.0,1.0,1.0,2.5,74.0,0.0,longer_audio,188.5,1,6-10w
--0w1YA1Hm4_3,A car door slams shut,299,--0w1YA1Hm4,"[[297, 298], [290, 291], [292, 294]]",2.0,4.0,3,5,21,2-3s,2-5s,0.006688963210702341,0.0,0.0,0.0,0.0,6.0,296.0,1.5,0.16666666666666666,0.5116411935411949,152.98071686881727,76.49035843440863,73.4081132155991,62.6672866245396,299.0,4.0,0.013377926421404682,-10.410983085632324,-11.514536142349243,-11.669532775878906,1.258549690246582,1.0,1.0,0.0,105.0,22.0,-11.669532775878906,1.258549690246582,-12.279677686691285,1.8686946010589605,1.0,1.0,1.0,1.0,293.5,299.0,1.0,1.0,3.0,296.0,1.5,longer_audio,188.5,3+,0-5w
-AheI8Epim4_1,A man sings as something gets struck,83,-AheI8Epim4,"[[70, 81]]",11.0,11.0,1,7,36,10-20s,10s+,0.13253012048192772,0.0,0.0,0.0,0.0,5.0,4.5,71.0,0.18181818181818182,0.5116411935411949,42.466219063919176,3.860565369447198,3.7050005453905297,12.255467524537742,83.0,11.0,0.13253012048192772,-13.312564849853516,-13.876208738847213,-13.439220428466797,0.12665557861328125,1.0,1.0,0.0,23.0,4.0,-13.931197166442871,0.6186323165893555,-13.650813484191895,0.33824863433837926,1.0,1.0,1.0,1.0,75.5,83.0,0.0,1.0,0.45454545454545453,4.5,71.0,not_short_primary,nan,1,6-10w
-AheI8Epim4_2,Something metallic gets struck,83,-AheI8Epim4,"[[2, 4], [22, 26], [31, 44], [58, 81], [10, 15], [53, 56]]",23.0,50.0,6,4,30,20s+,10s+,0.27710843373493976,1.0,0.0,1.0,0.0,8.0,11.0,1.5,0.6666666666666666,0.5116411935411949,42.466219063919176,1.8463573506051816,1.164706499901,0.4199393549425068,83.0,50.0,0.6024096385542169,-10.689711570739746,-12.007813873291015,-11.525541305541992,0.8358297348022461,1.0,1.0,0.0,8.0,0.0,-11.525541305541992,0.8358297348022461,-11.525541305541992,0.8358297348022461,1.0,1.0,1.0,1.0,48.28,83.0,1.0,1.0,0.34782608695652173,11.0,1.5,not_short_primary,nan,3+,0-5w
-CcGuq0yoKo_1,A boy talks amid noise as alarms sound,299,-CcGuq0yoKo,"[[249, 254], [287, 290]]",5.0,8.0,2,8,38,5-10s,5-10s,0.016722408026755852,0.0,0.0,0.0,0.0,14.0,241.0,10.5,0.0,0.5116411935411949,152.98071686881727,30.596143373763454,29.36324528623964,23.6672866245396,299.0,8.0,0.026755852842809364,-12.024237632751465,-12.151561856269836,-11.849724769592285,-0.1745128631591797,0.979933110367893,7.0,6.0,99.0,22.0,-12.061037063598633,0.03679943084716797,-12.111859550476074,0.08762191772460959,0.0,0.0,0.0,1.0,265.375,299.0,0.0,1.0,2.8,241.0,10.5,not_short_primary,nan,2,6-10w
-DmjkgWa-rw_1,Several bells chime together as background noise fills the space,158,-DmjkgWa-rw,"[[111, 158]]",47.0,47.0,1,10,64,20s+,10s+,0.2974683544303797,0.0,0.0,1.0,1.0,115.0,68.5,66.0,0.8775510204081632,0.5116411935411949,80.83930857950878,1.7199852889257188,1.650676992537488,14.106793600927276,158.0,47.0,0.2974683544303797,-11.96156120300293,-12.097849095121344,-11.876176834106445,-0.08538436889648438,0.8607594936708861,23.0,22.0,40.0,13.0,-11.966634750366211,0.00507354736328125,-11.88506802558899,-0.07649317741394057,0.0,0.0,0.0,0.0,134.5,158.0,0.0,1.0,2.4468085106382977,68.5,66.0,not_short_primary,nan,1,6-10w
-EaZ7EJJUl0_1,A metal object bumps into things,299,-EaZ7EJJUl0,"[[53, 65], [111, 112], [132, 134], [162, 170], [172, 207], [226, 230], [266, 268]]",35.0,64.0,7,6,32,20s+,10s+,0.11705685618729098,1.0,1.0,1.0,1.0,13.0,58.5,0.5,0.9230769230769231,0.5116411935411949,152.98071686881727,4.3708776248233505,4.194749326605663,0.16728662453959942,299.0,64.0,0.2140468227424749,-10.272104263305664,-12.218640714883804,-10.49221420288086,0.2201099395751953,1.0,1.0,0.0,73.0,17.0,-10.49221420288086,0.2201099395751953,-10.665793228149415,0.3936889648437507,1.0,1.0,1.0,1.0,163.9375,299.0,1.0,0.0,0.37142857142857144,58.5,0.5,not_short_primary,nan,3+,6-10w
-EaZ7EJJUl0_2,Something being stir-fried in oil,299,-EaZ7EJJUl0,"[[116, 300]]",184.0,184.0,1,5,33,20s+,10s+,0.6153846153846154,1.0,0.0,1.0,1.0,95.0,242.5,34.5,0.7379032258064516,0.5116411935411949,152.98071686881727,0.8314169395044416,0.7241157553695698,1.3967310839130391,299.0,183.0,0.6120401337792643,-11.13846206665039,-11.631090664472737,-11.682892799377441,0.5444307327270508,1.0,1.0,0.0,39.0,0.0,-11.727296829223633,0.5888347625732422,-11.682892799377441,0.5444307327270508,1.0,1.0,1.0,1.0,207.5,299.0,0.0,1.0,0.5163043478260869,242.5,34.5,not_short_primary,nan,1,0-5w
-FW109cbv0g_1,Someone sneezes,96,-FW109cbv0g,"[[5, 6], [15, 16], [43, 45], [50, 52], [61, 64], [74, 76], [93, 95], [28, 29], [36, 38]]",3.0,16.0,9,2,15,3-5s,2-5s,0.03125,0.0,0.0,0.0,0.0,4.0,6.0,0.5,0.4,0.5116411935411949,49.11755457995471,16.372518193318236,21.444100904961612,0.05964186757229584,96.0,16.0,0.16666666666666666,-10.800150871276855,-11.560774326324463,-11.156972885131836,0.35682201385498047,1.0,1.0,0.0,18.0,1.0,-11.156972885131836,0.35682201385498047,-11.491418895721436,0.6912680244445806,1.0,1.0,1.0,1.0,52.4375,96.0,1.0,1.0,1.3333333333333333,6.0,0.5,shorter_or_equal_audio,188.5,3+,0-5w
-FW109cbv0g_2,A man speaks,96,-FW109cbv0g,"[[13, 15], [22, 24], [34, 36], [40, 42], [49, 50], [54, 55], [60, 62], [65, 70], [81, 83], [96, 97], [27, 29], [72, 74], [76, 78]]",5.0,26.0,13,3,12,5-10s,5-10s,0.052083333333333336,1.0,0.0,1.0,0.0,4.0,23.0,0.0,0.6666666666666666,0.5116411935411949,49.11755457995471,9.82351091599094,16.184513268249624,0.05120797803089516,96.0,25.0,0.2604166666666667,-10.53400993347168,-11.308955574035645,-11.032554626464844,0.49854469299316406,1.0,1.0,0.0,15.0,0.0,-11.032554626464844,0.49854469299316406,-11.172910957336425,0.6389010238647455,1.0,1.0,1.0,1.0,52.38,96.0,1.0,1.0,0.8,23.0,0.0,not_short_primary,nan,3+,0-5w
-FW109cbv0g_3,Someone spits,96,-FW109cbv0g,"[[20, 23], [86, 87]]",3.0,4.0,2,2,13,3-5s,2-5s,0.03125,1.0,0.0,1.0,0.0,3.0,20.5,1.0,0.5,0.5116411935411949,49.11755457995471,16.372518193318236,26.919572345892693,4.455001713888251,96.0,4.0,0.041666666666666664,-11.846025466918945,-12.453631401062012,-11.917864799499512,0.0718393325805664,1.0,1.0,0.0,25.0,7.0,-11.917864799499512,0.0718393325805664,-12.300377416610718,0.45435194969177317,1.0,1.0,1.0,1.0,37.75,96.0,1.0,1.0,1.0,20.5,1.0,shorter_or_equal_audio,188.5,2,0-5w
-FW109cbv0g_4,A man laughs,96,-FW109cbv0g,"[[30, 31], [45, 46], [52, 53], [55, 57], [79, 80], [95, 97]]",2.0,8.0,6,3,12,2-3s,2-5s,0.020833333333333332,0.0,0.0,0.0,0.0,4.0,37.0,6.5,0.25,0.5116411935411949,49.11755457995471,24.558777289977353,3.5586601724417264,0.3556592817988786,96.0,7.0,0.07291666666666667,-12.21234130859375,-12.413888931274414,-11.874818801879883,-0.3375225067138672,0.9270833333333334,8.0,7.0,25.0,8.0,-11.987266540527344,-0.22507476806640625,-12.208121757507325,-0.004219551086425355,0.0,0.0,0.0,1.0,59.357142857142854,96.0,0.0,1.0,2.0,37.0,6.5,shorter_or_equal_audio,188.5,3+,0-5w
-FW109cbv0g_5,Someone coughs,96,-FW109cbv0g,"[[82, 85], [90, 91]]",3.0,4.0,2,2,14,3-5s,2-5s,0.03125,0.0,0.0,0.0,0.0,5.0,15.5,68.0,0.25,0.5116411935411949,49.11755457995471,16.372518193318236,15.712773397318871,10.349697377778597,96.0,4.0,0.041666666666666664,-11.48317813873291,-11.792232751846313,-10.604019165039062,-0.8791589736938477,0.7291666666666666,27.0,26.0,24.0,7.0,-11.468106269836426,-0.015071868896484375,-11.299649324417114,-0.18352881431579604,0.0,0.0,0.0,0.0,85.25,96.0,0.0,1.0,1.6666666666666667,15.5,68.0,shorter_or_equal_audio,188.5,2,0-5w
-JP1GqPEKtw_1,"As a man speaks, something gets ground by a machine",299,-JP1GqPEKtw,"[[32, 86], [96, 108], [125, 190], [203, 244], [251, 283]]",65.0,204.0,5,10,51,20s+,10s+,0.21739130434782608,0.0,0.0,1.0,1.0,19.0,19.5,39.5,0.7857142857142857,0.5116411935411949,152.98071686881727,2.3535494902894962,2.7248717867067227,3.4384692378951343,299.0,204.0,0.6822742474916388,-11.852359771728516,-13.538486050624474,-11.486576080322266,-0.36578369140625,0.9832775919732442,6.0,5.0,27.0,8.0,-12.18570327758789,0.333343505859375,-11.486576080322266,-0.36578369140625,0.0,0.0,0.0,1.0,158.60294117647058,299.0,0.0,1.0,0.2923076923076923,19.5,39.5,not_short_primary,nan,3+,6-10w
-NrFeH-kBSM_1,A gun loads and fires,300,-NrFeH-kBSM,"[[1, 6]]",5.0,5.0,1,5,21,5-10s,5-10s,0.016666666666666666,0.0,0.0,1.0,1.0,12.0,165.0,161.5,0.7142857142857143,0.5116411935411949,153.49235806235845,30.69847161247169,40.207689196803024,44.75111916383658,300.0,5.0,0.016666666666666666,-11.212484359741211,-11.322192573547364,-11.266561508178711,0.0540771484375,1.0,1.0,0.0,94.0,14.0,-11.359882354736328,0.1473979949951172,-11.649246730804443,0.43676237106323157,1.0,1.0,1.0,1.0,3.5,300.0,0.0,1.0,2.4,165.0,161.5,not_short_primary,nan,1,0-5w
-NrFeH-kBSM_2,An animal calls out,300,-NrFeH-kBSM,"[[158, 159], [161, 162]]",1.0,2.0,2,4,19,1-2s,0-2s,0.0033333333333333335,0.0,0.0,0.0,0.0,9.0,9.5,149.0,0.058823529411764705,0.5116411935411949,153.49235806235845,153.49235806235845,22.24162607776079,14.611435255621501,300.0,2.0,0.006666666666666667,-11.92332649230957,-12.30109167098999,-11.303695678710938,-0.6196308135986328,0.8966666666666666,32.0,31.0,97.0,22.0,-12.370393753051758,0.4470672607421875,-12.259237890243531,0.33591139793396074,0.0,0.0,0.0,0.0,160.0,300.0,0.0,1.0,9.0,9.5,149.0,longer_audio,213.0,2,0-5w
-NrFeH-kBSM_3,An engine rumbles,300,-NrFeH-kBSM,"[[164, 175]]",11.0,11.0,1,3,17,10-20s,10s+,0.03666666666666667,0.0,0.0,1.0,0.0,10.0,165.0,4.5,0.5,0.5116411935411949,153.49235806235845,13.953850732941676,2.021966007069163,6.611435255621501,300.0,11.0,0.03666666666666667,-10.443883895874023,-10.517291155728428,-10.718567848205566,0.27468395233154297,1.0,1.0,0.0,91.0,11.0,-10.960981369018555,0.5170974731445312,-11.456588258743286,1.012704362869263,1.0,1.0,1.0,1.0,169.5,300.0,0.0,1.0,0.9090909090909091,165.0,4.5,not_short_primary,nan,1,0-5w
-NrFeH-kBSM_4,A received call tone rings amid sound effects,300,-NrFeH-kBSM,"[[198, 202]]",4.0,4.0,1,8,45,3-5s,2-5s,0.013333333333333334,0.0,0.0,0.0,0.0,10.0,11.0,189.0,0.4,0.5116411935411949,153.49235806235845,38.37308951558961,14.200241239407596,2.929737813242866,300.0,4.0,0.013333333333333334,-11.71441650390625,-11.877305030822754,-10.822959899902344,-0.8914566040039062,0.91,28.0,27.0,96.0,21.0,-11.509750366210938,-0.2046661376953125,-11.899947109222412,0.1855306053161616,0.0,0.0,0.0,0.0,200.0,300.0,0.0,1.0,2.5,11.0,189.0,longer_audio,188.5,1,6-10w
-aYumc8KoXg_1,The wind is blowing while a horn is honking,74,-aYumc8KoXg,"[[4, 7], [15, 17], [27, 28], [32, 33], [42, 44], [56, 58], [62, 65], [68, 73]]",5.0,19.0,8,9,43,5-10s,5-10s,0.06756756756756757,0.0,0.0,1.0,0.0,3.0,32.5,0.0,0.6666666666666666,0.5116411935411949,37.86144832204842,7.572289664409683,1.0972535531695322,0.4408206963866377,74.0,19.0,0.25675675675675674,-10.314340591430664,-11.053771922462865,-10.389830589294434,0.07548999786376953,1.0,1.0,0.0,14.0,4.0,-10.389830589294434,0.07548999786376953,-10.480084495544434,0.1657439041137696,1.0,1.0,1.0,1.0,44.81578947368421,74.0,1.0,1.0,0.6,32.5,0.0,not_short_primary,nan,3+,6-10w
-mhFGevxLUg_1,Music plays,300,-mhFGevxLUg,"[[0, 12]]",12.0,12.0,1,2,11,10-20s,10s+,0.04,1.0,1.0,1.0,1.0,12.0,6.0,0.0,1.0,0.5116411935411949,153.49235806235845,12.791029838529871,16.753203832001258,42.25111916383658,300.0,12.0,0.04,-9.95610237121582,-10.184364795684814,-10.180526733398438,0.2244243621826172,1.0,1.0,0.0,90.0,14.0,-10.180526733398438,0.2244243621826172,-11.017359972000122,1.0612576007843018,1.0,1.0,1.0,1.0,6.0,300.0,1.0,0.0,1.0,6.0,0.0,not_short_primary,nan,1,0-5w
-mhFGevxLUg_2,"A man laughs as he talks, while others around him laugh and respond",300,-mhFGevxLUg,"[[154, 161]]",7.0,7.0,1,13,67,5-10s,5-10s,0.023333333333333334,0.0,0.0,0.0,0.0,11.0,21.5,136.0,0.17647058823529413,0.5116411935411949,153.49235806235845,21.927479723194065,22.81106650355036,14.060127570888966,300.0,7.0,0.023333333333333334,-11.363176345825195,-11.642673219953265,-10.629215240478516,-0.7339611053466797,0.86,43.0,42.0,83.0,16.0,-11.581391334533691,0.2182149887084961,-11.188213262557984,-0.17496308326721177,0.0,0.0,0.0,0.0,157.5,300.0,0.0,1.0,1.5714285714285714,21.5,136.0,not_short_primary,nan,1,11-15w
-mhFGevxLUg_3,Someone coughs as a man talks,300,-mhFGevxLUg,"[[184, 188]]",4.0,4.0,1,6,29,3-5s,2-5s,0.013333333333333334,0.0,0.0,0.0,0.0,11.0,216.5,30.5,0.14285714285714285,0.5116411935411949,153.49235806235845,38.37308951558961,5.560406519440198,9.888564744378499,300.0,4.0,0.013333333333333334,-11.421853065490723,-11.55513882637024,-10.879088401794434,-0.5427646636962891,0.89,34.0,33.0,96.0,24.0,-11.399311065673828,-0.02254199981689453,-11.479797010421754,0.057943944931031055,0.0,0.0,0.0,0.0,186.0,300.0,0.0,1.0,2.75,216.5,30.5,longer_audio,188.5,1,6-10w
-nQHwrRLfc0_1,Footsteps echo,165,-nQHwrRLfc0,"[[2, 10]]",8.0,8.0,1,2,14,5-10s,5-10s,0.048484848484848485,1.0,1.0,1.0,1.0,9.0,4.5,1.5,0.7777777777777778,0.5116411935411949,84.42079693429716,10.552599616787145,13.821393161401039,20.53811554011012,165.0,8.0,0.048484848484848485,-11.018917083740234,-11.066586017608643,-10.827442169189453,-0.19147491455078125,0.9818181818181818,4.0,3.0,43.0,4.0,-10.827442169189453,-0.19147491455078125,-11.843700408935547,0.8247833251953125,0.0,0.0,1.0,1.0,6.0,165.0,1.0,0.0,1.125,4.5,1.5,not_short_primary,nan,1,0-5w
-nQHwrRLfc0_2,A button clicks,165,-nQHwrRLfc0,"[[12, 13]]",1.0,1.0,1,3,15,1-2s,0-2s,0.006060606060606061,0.0,0.0,0.0,0.0,7.0,4.5,8.0,0.16666666666666666,0.5116411935411949,84.42079693429716,84.42079693429716,110.57114529120831,14.03811554011012,165.0,1.0,0.006060606060606061,-11.019416809082031,-11.019416809082031,-11.0033540725708,-0.01606273651123047,0.9939393939393939,2.0,1.0,50.0,4.0,-11.133485794067383,0.11406898498535156,-12.218127784729004,1.1987109756469732,0.0,1.0,1.0,1.0,12.5,165.0,0.0,1.0,7.0,4.5,8.0,shorter_or_equal_audio,213.0,1,0-5w
-nQHwrRLfc0_3,A machine starts up as metal clangs,165,-nQHwrRLfc0,"[[15, 23]]",8.0,8.0,1,7,35,5-10s,5-10s,0.048484848484848485,1.0,1.0,1.0,1.0,11.0,18.5,0.5,0.7272727272727273,0.5116411935411949,84.42079693429716,10.552599616787145,13.821393161401039,7.53811554011012,165.0,8.0,0.048484848484848485,-10.229827880859375,-10.47793161869049,-10.396934509277344,0.16710662841796875,1.0,1.0,0.0,45.0,4.0,-10.396934509277344,0.16710662841796875,-10.994800987243652,0.7649731063842768,1.0,1.0,1.0,1.0,19.0,165.0,1.0,0.0,1.375,18.5,0.5,not_short_primary,nan,1,6-10w
-nQHwrRLfc0_4,A machine shuts down as metal clangs,165,-nQHwrRLfc0,"[[155, 164]]",9.0,9.0,1,7,36,5-10s,5-10s,0.05454545454545454,0.0,0.0,1.0,0.0,10.0,16.0,143.5,0.5555555555555556,0.5116411935411949,84.42079693429716,9.38008854825524,9.002109758880604,33.772917368056966,165.0,9.0,0.05454545454545454,-11.601081848144531,-12.051487180921766,-10.389802932739258,-1.2112789154052734,0.6606060606060606,57.0,56.0,50.0,7.0,-12.352502822875977,0.7514209747314453,-11.022907152175904,-0.5781746959686274,0.0,0.0,0.0,0.0,159.5,165.0,0.0,1.0,1.1111111111111112,16.0,143.5,not_short_primary,nan,1,6-10w
-oy0BkpMGAk_1,"Engines roar, brakes screech, and voices rise",80,-oy0BkpMGAk,"[[14, 18]]",4.0,4.0,1,7,45,3-5s,2-5s,0.05,1.0,0.0,1.0,0.0,4.0,15.0,1.0,0.6,0.5116411935411949,40.931295483295585,10.232823870823896,13.402563065601008,3.1330348896435787,80.0,4.0,0.05,-10.523479461669922,-10.64909052848816,-10.503503799438477,-0.019975662231445312,0.9875,2.0,1.0,23.0,5.0,-10.57354736328125,0.050067901611328125,-10.834774646759033,0.31129518508911147,0.0,1.0,1.0,1.0,16.0,80.0,1.0,1.0,1.0,15.0,1.0,shorter_or_equal_audio,188.5,1,6-10w
-oy0BkpMGAk_2,"Engines roar, brakes screech, applause erupts, and voices rise",80,-oy0BkpMGAk,"[[71, 80]]",9.0,9.0,1,9,62,5-10s,5-10s,0.1125,0.0,0.0,0.0,0.0,3.0,31.5,44.0,0.3333333333333333,0.5116411935411949,40.931295483295585,4.547921720366176,4.36465927703302,14.541414481482164,80.0,9.0,0.1125,-11.737119674682617,-11.992401546902126,-11.44182014465332,-0.2952995300292969,0.525,39.0,38.0,19.0,3.0,-11.73657512664795,-0.0005445480346679688,-11.508868732452392,-0.22825094223022546,0.0,0.0,0.0,0.0,75.5,80.0,0.0,1.0,0.3333333333333333,31.5,44.0,not_short_primary,nan,1,6-10w
-oy0BkpMGAk_3,"Engines roar, brakes screech, applause bursts out, and whistling echoes",80,-oy0BkpMGAk,"[[74, 76]]",2.0,2.0,1,10,71,2-3s,2-5s,0.025,0.0,0.0,0.0,0.0,3.0,71.5,3.5,0.0,0.5116411935411949,40.931295483295585,20.465647741647793,19.64096674664859,14.041414481482164,80.0,2.0,0.025,-11.919733047485352,-11.982263565063477,-11.566614151000977,-0.353118896484375,0.275,59.0,58.0,21.0,4.0,-11.691387176513672,-0.2283458709716797,-11.739954748153686,-0.1797782993316659,0.0,0.0,0.0,0.0,75.0,80.0,0.0,1.0,1.5,71.5,3.5,shorter_or_equal_audio,188.5,1,6-10w
096oTVzc5Gs_1,A woman talks while a dog howls,129,096oTVzc5Gs,"[[0, 6]]",6.0,6.0,1,7,31,5-10s,5-10s,0.046511627906976744,1.0,1.0,1.0,1.0,6.0,3.0,0.0,1.0,0.5116411935411949,66.00171396681414,11.00028566113569,14.407755295521083,17.74798124044973,129.0,6.0,0.046511627906976744,-11.280021667480469,-11.415916442871094,-11.37778091430664,0.09775924682617188,1.0,1.0,0.0,35.0,7.0,-11.37778091430664,0.09775924682617188,-11.734021348953247,0.45399968147277825,1.0,1.0,1.0,1.0,3.0,129.0,1.0,0.0,1.0,3.0,0.0,not_short_primary,nan,1,6-10w
096oTVzc5Gs_2,Acat cries out,129,096oTVzc5Gs,"[[46, 48], [106, 112]]",6.0,8.0,2,3,14,5-10s,5-10s,0.046511627906976744,0.0,0.0,1.0,1.0,7.0,3.5,43.5,0.75,0.5116411935411949,66.00171396681414,11.00028566113569,18.123283086842026,0.037560720479014265,129.0,8.0,0.06201550387596899,-10.48440170288086,-10.73672366142273,-10.229558944702148,-0.25484275817871094,0.937984496124031,9.0,8.0,34.0,5.0,-10.406152725219727,-0.07824897766113281,-10.511486930847168,0.027085227966308523,0.0,0.0,0.0,1.0,93.5,129.0,0.0,1.0,1.1666666666666667,3.5,43.5,not_short_primary,nan,2,0-5w
096oTVzc5Gs_3,Music is playing,129,096oTVzc5Gs,"[[44, 55], [62, 68], [93, 99]]",11.0,23.0,3,3,16,10-20s,10s+,0.08527131782945736,0.0,0.0,1.0,0.0,4.0,5.0,44.5,0.5833333333333334,0.5116411935411949,66.00171396681414,6.000155815164922,6.946807519469709,1.057065323372811,129.0,23.0,0.17829457364341086,-10.90931510925293,-11.911280880803647,-10.63823127746582,-0.2710838317871094,0.9922480620155039,2.0,1.0,30.0,5.0,-11.208208084106445,0.2988929748535156,-11.210413312911987,0.30109820365905726,0.0,1.0,1.0,1.0,65.67391304347827,129.0,0.0,1.0,0.36363636363636365,5.0,44.5,not_short_primary,nan,3+,0-5w
096oTVzc5Gs_4,A man talks as someone whistles,129,096oTVzc5Gs,"[[70, 71]]",1.0,1.0,1,6,31,1-2s,0-2s,0.007751937984496124,0.0,0.0,0.0,0.0,4.0,2.0,68.5,0.2,0.5116411935411949,66.00171396681414,66.00171396681414,9.56389921343714,5.227917159917254,129.0,1.0,0.007751937984496124,-11.742115020751953,-11.742115020751953,-10.759252548217773,-0.9828624725341797,0.8217054263565892,24.0,23.0,35.0,6.0,-11.770454406738281,0.028339385986328125,-12.145384759902955,0.4032697391510016,0.0,0.0,0.0,0.0,70.5,129.0,0.0,1.0,4.0,2.0,68.5,shorter_or_equal_audio,213.0,1,6-10w
0AsXkZkqelg_1,Something explodes and burns,172,0AsXkZkqelg,"[[0, 4]]",4.0,4.0,1,4,28,3-5s,2-5s,0.023255813953488372,1.0,0.0,1.0,0.0,8.0,4.0,2.0,0.5,0.5116411935411949,88.00228528908552,22.00057132227138,28.815510591042166,25.663974987266304,172.0,4.0,0.023255813953488372,-11.048028945922852,-11.165477275848389,-10.981565475463867,-0.06646347045898438,0.9883720930232558,3.0,2.0,48.0,7.0,-10.981565475463867,-0.06646347045898438,-11.902638072967529,0.854609127044677,0.0,1.0,1.0,1.0,2.0,172.0,1.0,1.0,2.0,4.0,2.0,shorter_or_equal_audio,188.5,1,0-5w
0AsXkZkqelg_2,A car engine starts up,172,0AsXkZkqelg,"[[11, 14]]",3.0,3.0,1,5,22,3-5s,2-5s,0.01744186046511628,0.0,0.0,1.0,0.0,10.0,14.0,1.5,0.5,0.5116411935411949,88.00228528908552,29.33409509636184,38.420680788056224,15.163974987266304,172.0,3.0,0.01744186046511628,-10.381418228149414,-10.74301274617513,-10.631935119628906,0.2505168914794922,1.0,1.0,0.0,48.0,9.0,-10.772595405578613,0.3911771774291992,-11.691956834793091,1.3105386066436768,1.0,1.0,1.0,1.0,12.5,172.0,1.0,1.0,3.3333333333333335,14.0,1.5,shorter_or_equal_audio,188.5,1,0-5w
0AsXkZkqelg_3,An engine hums,172,0AsXkZkqelg,"[[14, 165]]",151.0,151.0,1,3,14,20s+,10s+,0.877906976744186,1.0,1.0,1.0,1.0,145.0,90.5,1.0,0.9602649006622517,0.5116411935411949,88.00228528908552,0.5827965913184472,0.6062808845535238,7.261139807309675,172.0,151.0,0.877906976744186,-10.765995025634766,-11.24429616233371,-10.834571838378906,0.06857681274414062,1.0,1.0,0.0,5.0,1.0,-10.834571838378906,0.06857681274414062,-10.834571838378906,0.06857681274414062,1.0,1.0,1.0,1.0,89.5,172.0,1.0,0.0,0.9602649006622517,90.5,1.0,not_short_primary,nan,1,0-5w
0AsXkZkqelg_4,A car picks up speed,172,0AsXkZkqelg,"[[85, 87], [119, 123], [129, 133], [100, 105]]",5.0,15.0,4,5,20,5-10s,5-10s,0.029069767441860465,0.0,0.0,0.0,0.0,153.0,86.5,0.5,0.2857142857142857,0.5116411935411949,88.00228528908552,17.600457057817103,16.89123140211779,0.060958864813358105,172.0,15.0,0.0872093023255814,-10.900140762329102,-10.990012868245442,-10.79838752746582,-0.10175323486328125,0.6337209302325582,64.0,63.0,47.0,7.0,-10.903778076171875,0.0036373138427734375,-10.812783794403076,-0.08735696792602532,0.0,0.0,0.0,0.0,112.83333333333333,172.0,1.0,1.0,30.6,86.5,0.5,not_short_primary,nan,3+,0-5w
0Dt-pH0pW-Y_1,"Amid engine noise, an announcement plays",77,0Dt-pH0pW-Y,"[[20, 23], [61, 78]]",17.0,20.0,2,6,40,10-20s,10s+,0.22077922077922077,0.0,0.0,1.0,1.0,5.0,2.5,19.0,1.0,0.5116411935411949,39.396371902672,2.317433641333647,3.810307115135547,0.681925708652134,77.0,19.0,0.24675324675324675,-10.568220138549805,-11.360398192154733,-9.825906753540039,-0.7423133850097656,0.922077922077922,7.0,6.0,17.0,2.0,-10.84720230102539,0.27898216247558594,-10.071127862930298,-0.4970922756195062,0.0,0.0,0.0,1.0,61.5,77.0,0.0,1.0,0.29411764705882354,2.5,19.0,not_short_primary,nan,2,6-10w
0G7rb74R-2A_1,Laughter sounds,299,0G7rb74R-2A,"[[1, 4], [16, 35], [55, 67], [187, 202], [235, 244], [75, 78]]",19.0,61.0,6,2,15,10-20s,10s+,0.06354515050167224,0.0,0.0,1.0,0.0,12.0,11.0,8.5,0.5,0.5116411935411949,152.98071686881727,8.051616677306171,13.23840811089131,4.339015754714438,299.0,61.0,0.2040133779264214,-11.126985549926758,-11.683529634944728,-11.062845230102539,-0.06414031982421875,0.9933110367892977,3.0,2.0,77.0,6.0,-11.062845230102539,-0.06414031982421875,-11.137975749969483,0.010990200042725107,0.0,1.0,1.0,1.0,106.99180327868852,299.0,0.0,1.0,0.631578947368421,11.0,8.5,not_short_primary,nan,3+,0-5w
0G7rb74R-2A_2,People applause,299,0G7rb74R-2A,"[[57, 69], [111, 120], [131, 142], [184, 195], [267, 270], [20, 27], [271, 277]]",12.0,59.0,7,2,15,10-20s,10s+,0.04013377926421405,1.0,0.0,1.0,0.0,10.0,60.0,3.0,0.6,0.5116411935411949,152.98071686881727,12.74839307240144,8.041854015882707,2.922432134069993,299.0,59.0,0.19732441471571907,-9.887187957763672,-10.64740234310344,-10.217750549316406,0.3305625915527344,1.0,1.0,0.0,71.0,3.0,-10.228410720825195,0.34122276306152344,-10.392011404037476,0.5048234462738037,1.0,1.0,1.0,1.0,135.51694915254237,299.0,0.0,1.0,0.8333333333333334,60.0,3.0,not_short_primary,nan,3+,0-5w
0On6-JiVwRs_1,"Amid the commotion, cats are meowing",143,0On6-JiVwRs,"[[6, 9], [26, 28], [99, 104], [109, 115], [132, 134], [3, 5], [33, 34], [44, 47], [51, 61], [63, 71], [78, 87], [89, 94], [119, 125]]",10.0,62.0,13,6,36,10-20s,10s+,0.06993006993006994,1.0,0.0,1.0,1.0,10.0,58.0,2.0,0.75,0.5116411935411949,73.16469067639086,7.316469067639086,7.6112925233513025,1.373005857876251,143.0,62.0,0.43356643356643354,-10.458101272583008,-10.839553571516468,-10.545280456542969,0.08717918395996094,1.0,1.0,0.0,17.0,2.0,-10.545280456542969,0.08717918395996094,-10.559081277847291,0.10098000526428308,1.0,1.0,1.0,1.0,76.25806451612904,143.0,1.0,1.0,1.0,58.0,2.0,not_short_primary,nan,3+,6-10w
0_K6OKtoBBU_1,Door opens and closes,61,0_K6OKtoBBU,"[[6, 8], [26, 28]]",2.0,4.0,2,4,21,2-3s,2-5s,0.03278688524590164,1.0,0.0,1.0,0.0,3.0,6.5,0.5,0.6666666666666666,0.5116411935411949,31.210112806012887,15.605056403006444,9.84387481542833,0.25161083552417907,61.0,4.0,0.06557377049180328,-10.251619338989258,-10.785478353500366,-10.896764755249023,0.6451454162597656,1.0,1.0,0.0,14.0,3.0,-11.15928840637207,0.9076690673828125,-11.47925485610962,1.227635517120362,1.0,1.0,1.0,1.0,17.0,61.0,1.0,1.0,1.5,6.5,0.5,shorter_or_equal_audio,188.5,2,0-5w
0_K6OKtoBBU_2,Chickens cluck,61,0_K6OKtoBBU,"[[16, 31]]",15.0,15.0,1,2,14,10-20s,10s+,0.2459016393442623,0.0,0.0,0.0,0.0,3.0,6.5,17.0,0.2,0.5116411935411949,31.210112806012887,2.0806741870675256,3.4279698241778718,1.2929550693737966,61.0,15.0,0.2459016393442623,-11.486132621765137,-11.96539929707845,-11.531496047973633,0.045363426208496094,1.0,1.0,0.0,12.0,2.0,-11.943534851074219,0.45740222930908203,-11.714832963943481,0.22870034217834423,1.0,1.0,1.0,1.0,23.5,61.0,0.0,1.0,0.2,6.5,17.0,not_short_primary,nan,1,0-5w
0_K6OKtoBBU_3,A cat meows,61,0_K6OKtoBBU,"[[22, 24], [37, 39]]",2.0,4.0,2,3,11,2-3s,2-5s,0.03278688524590164,1.0,0.0,1.0,0.0,3.0,22.5,0.5,0.6666666666666666,0.5116411935411949,31.210112806012887,15.605056403006444,25.70977368133404,0.7929550693737966,61.0,4.0,0.06557377049180328,-11.61561393737793,-12.258955955505371,-11.697250366210938,0.08163642883300781,1.0,1.0,0.0,15.0,3.0,-11.697250366210938,0.08163642883300781,-12.231761341094971,0.6161474037170418,1.0,1.0,1.0,1.0,30.5,61.0,1.0,1.0,1.5,22.5,0.5,shorter_or_equal_audio,188.5,2,0-5w
0_ogYGDGDco_1,Wind and waves fill the air as water splashes and a man speaks over a radio,71,0_ogYGDGDco,"[[34, 71]]",37.0,37.0,1,16,75,20s+,10s+,0.5211267605633803,0.0,0.0,0.0,0.0,10.0,60.0,7.5,0.2702702702702703,0.5116411935411949,36.326524741424834,0.981797965984455,1.1366973963347669,0.24458634077108599,71.0,37.0,0.5211267605633803,-10.981374740600586,-11.168781899117135,-11.131555557250977,0.15018081665039062,1.0,1.0,0.0,11.0,0.0,-11.131555557250977,0.15018081665039062,-11.131555557250977,0.15018081665039062,1.0,1.0,1.0,1.0,52.5,71.0,0.0,1.0,0.2702702702702703,60.0,7.5,not_short_primary,nan,1,16w+
0a9wVat2PWk_1,Machines operate as people talk,300,0a9wVat2PWk,"[[5, 7], [12, 14], [26, 28], [36, 42], [261, 265], [272, 280]]",8.0,24.0,6,5,31,5-10s,5-10s,0.02666666666666667,0.0,0.0,0.0,0.0,21.0,14.5,1.5,0.4375,0.5116411935411949,153.49235806235845,19.186544757794806,25.12980574800189,9.251119163836577,300.0,24.0,0.08,-10.379399299621582,-11.511765877405802,-10.297868728637695,-0.08153057098388672,0.9966666666666667,2.0,1.0,86.0,9.0,-10.297868728637695,-0.08153057098388672,-10.509072618484497,0.1296733188629151,0.0,1.0,1.0,1.0,149.41666666666666,300.0,1.0,1.0,2.625,14.5,1.5,not_short_primary,nan,3+,0-5w
0a9wVat2PWk_2,Machines operate in the background as a bell rings out,300,0a9wVat2PWk,"[[18, 20], [0, 4]]",4.0,6.0,2,10,54,3-5s,2-5s,0.013333333333333334,0.0,0.0,0.0,0.0,11.0,112.5,93.5,0.15384615384615385,0.5116411935411949,153.49235806235845,38.37308951558961,50.25961149600378,29.251119163836577,300.0,6.0,0.02,-10.631593704223633,-11.11199982961019,-10.102676391601562,-0.5289173126220703,0.9766666666666667,8.0,7.0,86.0,16.0,-10.865321159362793,0.23372745513916016,-11.276873149871825,0.6452794456481925,0.0,0.0,0.0,1.0,7.666666666666667,300.0,0.0,1.0,2.75,112.5,93.5,longer_audio,188.5,2,6-10w
0a9wVat2PWk_3,Machines operate in the background as a horn blares,300,0a9wVat2PWk,"[[110, 113], [118, 121], [228, 231]]",3.0,9.0,3,9,51,3-5s,2-5s,0.01,0.0,0.0,1.0,0.0,9.0,114.5,3.0,0.5,0.5116411935411949,153.49235806235845,51.164119354119485,49.102416866621475,0.9053043055581043,300.0,9.0,0.03,-9.820276260375977,-10.149064169989693,-9.893956184387207,0.07367992401123047,1.0,1.0,0.0,84.0,11.0,-11.152303695678711,1.3320274353027344,-10.584191160202026,0.7639148998260499,1.0,1.0,1.0,1.0,153.5,300.0,0.0,1.0,3.0,114.5,3.0,longer_audio,188.5,3+,6-10w
0a9wVat2PWk_4,Machines operate as an in-car melody plays and a woman makes an announcement,300,0a9wVat2PWk,"[[257, 261]]",4.0,4.0,1,13,76,3-5s,2-5s,0.013333333333333334,0.0,0.0,0.0,0.0,12.0,113.0,146.0,0.4,0.5116411935411949,153.49235806235845,38.37308951558961,36.82681264996611,30.405304305558104,300.0,4.0,0.013333333333333334,-10.936933517456055,-11.533267736434937,-10.193731307983398,-0.7432022094726562,0.8333333333333334,51.0,50.0,84.0,14.0,-11.429586410522461,0.49265289306640625,-10.827298173904419,-0.10963534355163596,0.0,0.0,0.0,0.0,259.0,300.0,0.0,1.0,3.0,113.0,146.0,longer_audio,188.5,1,11-15w
0fMXnvD38zI_1,"Birds chirp, wind blows, waves lap, and wood creaks",300,0fMXnvD38zI,"[[14, 16]]",2.0,2.0,1,9,51,2-3s,2-5s,0.006666666666666667,0.0,0.0,0.0,0.0,13.0,23.5,8.5,0.0,0.5116411935411949,153.49235806235845,76.74617903117922,100.51922299200756,33.25111916383658,300.0,2.0,0.006666666666666667,-12.831392288208008,-12.83414363861084,-12.317143440246582,-0.5142488479614258,0.7566666666666667,74.0,73.0,86.0,22.0,-12.607684135437012,-0.2237081527709961,-12.92355668067932,0.0921643924713127,0.0,0.0,0.0,0.0,15.0,300.0,0.0,1.0,6.5,23.5,8.5,longer_audio,188.5,1,6-10w
0fMXnvD38zI_2,"Music plays as birds chirp, waves lap, and chains rattle",300,0fMXnvD38zI,"[[127, 131], [248, 256]]",8.0,12.0,2,10,56,5-10s,5-10s,0.02666666666666667,0.0,0.0,0.0,0.0,31.0,94.5,34.5,0.25806451612903225,0.5116411935411949,153.49235806235845,19.186544757794806,12.10312477306762,5.02431558454515,300.0,12.0,0.04,-12.893486022949219,-13.405439853668213,-12.76016616821289,-0.13331985473632812,0.9766666666666667,8.0,7.0,86.0,18.0,-12.890029907226562,-0.00345611572265625,-12.983381385803222,0.08989536285400312,0.0,0.0,0.0,1.0,211.0,300.0,0.0,1.0,3.875,94.5,34.5,not_short_primary,nan,2,6-10w
0jGH7A_hpBM_1,"As music plays, a man speaks",221,0jGH7A_hpBM,"[[2, 27], [203, 221]]",25.0,43.0,2,6,28,20s+,10s+,0.11312217194570136,1.0,1.0,1.0,1.0,19.0,13.5,1.0,0.76,0.5116411935411949,113.07270377260406,4.522908150904162,5.9239328749956455,21.044991117359615,221.0,43.0,0.19457013574660634,-10.962900161743164,-11.544922850852789,-11.10818862915039,0.14528846740722656,1.0,1.0,0.0,59.0,7.0,-11.181285858154297,0.2183856964111328,-11.17556983947754,0.21266967773437528,1.0,1.0,1.0,1.0,97.17441860465117,221.0,1.0,0.0,0.76,13.5,1.0,not_short_primary,nan,2,6-10w
0jGH7A_hpBM_2,"As a man speaks, applause breaks out",221,0jGH7A_hpBM,"[[68, 76]]",8.0,8.0,1,7,36,5-10s,5-10s,0.03619909502262444,1.0,1.0,1.0,1.0,6.0,71.0,1.0,0.75,0.5116411935411949,113.07270377260406,14.134087971575507,23.286311408093535,8.45503163390805,221.0,8.0,0.03619909502262444,-10.903000831604004,-11.024344205856323,-10.967777252197266,0.06477642059326172,1.0,1.0,0.0,67.0,11.0,-10.967777252197266,0.06477642059326172,-11.258682279586791,0.35568144798278745,1.0,1.0,1.0,1.0,72.0,221.0,1.0,0.0,0.75,71.0,1.0,not_short_primary,nan,1,6-10w
0jGH7A_hpBM_3,A woman speaks,221,0jGH7A_hpBM,"[[177, 185]]",8.0,8.0,1,3,14,5-10s,5-10s,0.03619909502262444,0.0,0.0,0.0,0.0,26.0,15.0,166.0,0.26666666666666666,0.5116411935411949,113.07270377260406,14.134087971575507,13.564542659404182,12.601907505094488,221.0,8.0,0.03619909502262444,-12.144791603088379,-12.508520364761353,-11.676617622375488,-0.4681739807128906,0.4796380090497738,116.0,115.0,71.0,11.0,-12.045450210571289,-0.09934139251708984,-11.850067205429077,-0.2947243976593015,0.0,0.0,0.0,0.0,181.0,221.0,0.0,1.0,3.25,15.0,166.0,not_short_primary,nan,1,0-5w
0qbHT34qTZE_1,"As cannon fire rumbles, a bell clangs",300,0qbHT34qTZE,"[[37, 43]]",6.0,6.0,1,7,37,5-10s,5-10s,0.02,0.0,0.0,0.0,0.0,14.0,160.0,120.0,0.46153846153846156,0.5116411935411949,153.49235806235845,25.582059677059743,33.506407664002516,8.251119163836577,300.0,6.0,0.02,-11.533641815185547,-11.657547950744629,-10.815478324890137,-0.7181634902954102,0.49333333333333335,153.0,152.0,82.0,24.0,-11.458484649658203,-0.07515716552734375,-11.174349641799926,-0.3592921733856205,0.0,0.0,0.0,0.0,40.0,300.0,0.0,1.0,2.3333333333333335,160.0,120.0,not_short_primary,nan,1,6-10w
0qbHT34qTZE_2,"As waves crash, several men shout while cannon fire and crashing sounds erupt",300,0qbHT34qTZE,"[[43, 53], [67, 70], [86, 101], [119, 141], [145, 210], [110, 115], [226, 250], [256, 299]]",65.0,187.0,8,13,77,20s+,10s+,0.21666666666666667,0.0,0.0,1.0,0.0,15.0,195.5,18.0,0.5833333333333334,0.5116411935411949,153.49235806235845,2.361420893267053,3.092899168984848,0.2511191638365773,300.0,187.0,0.6233333333333333,-10.202188491821289,-10.727713207510066,-10.387901306152344,0.1857128143310547,1.0,1.0,0.0,29.0,0.0,-10.387901306152344,0.1857128143310547,-10.387901306152344,0.1857128143310547,1.0,1.0,1.0,1.0,185.52139037433156,300.0,0.0,1.0,0.23076923076923078,195.5,18.0,not_short_primary,nan,3+,11-15w
0rSETXszQM0_1,Footsteps echo as a man talks,112,0rSETXszQM0,"[[7, 15]]",8.0,8.0,1,6,29,5-10s,5-10s,0.07142857142857142,0.0,0.0,1.0,0.0,8.0,74.0,63.0,0.5,0.5116411935411949,57.30381367661383,7.1629767095767285,9.381794145920706,7.013751154498991,112.0,8.0,0.07142857142857142,-12.245336532592773,-12.408274531364441,-12.396907806396484,0.15157127380371094,1.0,1.0,0.0,30.0,3.0,-12.396907806396484,0.15157127380371094,-12.614528007507325,0.36919147491455107,1.0,1.0,1.0,1.0,11.0,112.0,0.0,1.0,1.0,74.0,63.0,not_short_primary,nan,1,6-10w
0rSETXszQM0_2,An engine hums,112,0rSETXszQM0,"[[101, 106]]",5.0,5.0,1,3,14,5-10s,5-10s,0.044642857142857144,1.0,1.0,1.0,1.0,5.0,103.5,0.0,1.0,0.5116411935411949,57.30381367661383,11.460762735322765,10.99894137812321,18.15798027407503,112.0,5.0,0.044642857142857144,-9.248098373413086,-9.328184700012207,-10.240370750427246,0.9922723770141602,1.0,1.0,0.0,24.0,2.0,-10.240370750427246,0.9922723770141602,-11.436118507385254,2.1880201339721683,1.0,1.0,1.0,1.0,103.5,112.0,1.0,0.0,1.0,103.5,0.0,not_short_primary,nan,1,0-5w
0ury8KHQdL4_1,A man talks as music plays in the background,299,0ury8KHQdL4,"[[0, 33]]",33.0,33.0,1,9,44,20s+,10s+,0.11036789297658862,1.0,0.0,1.0,0.0,17.0,10.5,6.0,0.5151515151515151,0.5116411935411949,152.98071686881727,4.635779299055069,6.0717672069919715,31.590282099957122,299.0,33.0,0.11036789297658862,-10.465442657470703,-11.61403866970178,-12.20559024810791,1.740147590637207,1.0,1.0,0.0,90.0,1.0,-12.647865295410156,2.182422637939453,-12.565871477127075,2.100428819656372,1.0,1.0,1.0,1.0,16.5,299.0,0.0,1.0,0.5151515151515151,10.5,6.0,not_short_primary,nan,1,6-10w
0yETgW44MZU_1,A train rumbles while a horn blows,90,0yETgW44MZU,"[[8, 14], [19, 40]]",21.0,27.0,2,7,34,20s+,10s+,0.23333333333333334,1.0,0.0,1.0,1.0,20.0,25.0,4.5,0.8695652173913043,0.5116411935411949,46.04770741870754,2.1927479723194065,3.6126145688057196,3.2644925205960362,90.0,27.0,0.3,-10.244619369506836,-10.521724100466129,-10.667259216308594,0.4226398468017578,1.0,1.0,0.0,15.0,0.0,-10.667259216308594,0.4226398468017578,-10.696398143768311,0.4517787742614754,1.0,1.0,1.0,1.0,25.38888888888889,90.0,0.0,1.0,0.9523809523809523,25.0,4.5,not_short_primary,nan,2,6-10w
0yETgW44MZU_2,A train rumbles while a horn blows,90,0yETgW44MZU,"[[58, 60], [82, 86]]",4.0,6.0,2,7,34,3-5s,2-5s,0.044444444444444446,0.0,0.0,0.0,0.0,20.0,25.0,34.0,0.16666666666666666,0.5116411935411949,46.04770741870754,11.511926854676885,4.260072371822279,1.8789213439728556,90.0,6.0,0.06666666666666667,-11.041792869567871,-11.112062454223633,-10.244619369506836,-0.7971735000610352,0.6555555555555556,32.0,31.0,19.0,3.0,-11.096151351928711,0.054358482360839844,-10.47686957359314,-0.5649232959747312,0.0,0.0,0.0,0.0,75.66666666666667,90.0,0.0,1.0,5.0,25.0,34.0,shorter_or_equal_audio,188.5,2,6-10w
0yxEvdnimGg_1,People are talking while a dog barks,299,0yxEvdnimGg,"[[0, 1], [4, 9], [11, 29], [31, 36], [38, 76], [80, 81], [121, 122], [117, 119], [125, 127], [151, 153], [159, 161], [238, 240], [244, 245], [274, 276], [278, 284], [286, 287], [290, 291]]",38.0,90.0,17,7,36,20s+,10s+,0.12709030100334448,1.0,0.0,1.0,1.0,26.0,58.0,1.0,0.782608695652174,0.5116411935411949,152.98071686881727,4.025808338653086,6.619204055445655,0.33901575471443834,299.0,90.0,0.3010033444816054,-11.058751106262207,-11.398197068108452,-11.109378814697266,0.050627708435058594,1.0,1.0,0.0,62.0,4.0,-11.109378814697266,0.050627708435058594,-11.143764781951905,0.08501367568969798,1.0,1.0,1.0,1.0,84.17777777777778,299.0,1.0,1.0,0.6842105263157895,58.0,1.0,not_short_primary,nan,3+,6-10w
11SEBDuoqSk_1,A motor hums,76,11SEBDuoqSk,"[[7, 15]]",8.0,8.0,1,3,12,5-10s,5-10s,0.10526315789473684,0.0,0.0,0.0,0.0,58.0,47.0,36.0,0.1111111111111111,0.5116411935411949,38.88473070913081,4.860591338641351,6.366217456160479,1.2236168548385997,76.0,8.0,0.10526315789473684,-11.663378715515137,-11.990332841873169,-11.121864318847656,-0.5415143966674805,0.40789473684210525,46.0,45.0,14.0,4.0,-11.220870971679688,-0.4425077438354492,-11.160449256896973,-0.5029294586181638,0.0,0.0,0.0,0.0,11.0,76.0,0.0,1.0,7.25,47.0,36.0,not_short_primary,nan,1,0-5w
11SEBDuoqSk_2,Propellers spin and gunfire erupts,76,11SEBDuoqSk,"[[44, 56], [58, 62]]",12.0,16.0,2,5,34,10-20s,10s+,0.15789473684210525,0.0,0.0,0.0,0.0,6.0,26.0,24.0,0.42857142857142855,0.5116411935411949,38.88473070913081,3.2403942257609004,1.1991314824388637,1.4088669126881896,76.0,16.0,0.21052631578947367,-11.178232192993164,-11.323650360107422,-10.528128623962402,-0.6501035690307617,0.6842105263157895,25.0,24.0,15.0,3.0,-11.075475692749023,-0.10275650024414062,-10.686697988510131,-0.49153420448303287,0.0,0.0,0.0,0.0,52.5,76.0,0.0,1.0,0.5,26.0,24.0,not_short_primary,nan,2,0-5w
11SEBDuoqSk_3,Propellers spin and an engine roars,76,11SEBDuoqSk,"[[15, 27]]",12.0,12.0,1,6,35,10-20s,10s+,0.15789473684210525,0.0,0.0,0.0,0.0,57.0,47.5,26.5,0.46153846153846156,0.5116411935411949,38.88473070913081,3.2403942257609004,5.327832026791262,0.45229030983847096,76.0,12.0,0.15789473684210525,-10.91293716430664,-11.119964679082235,-10.910971641540527,-0.0019655227661132812,0.9868421052631579,2.0,1.0,16.0,3.0,-10.913591384887695,0.0006542205810546875,-10.93667634010315,0.02373917579650886,0.0,1.0,1.0,1.0,21.0,76.0,0.0,1.0,4.75,47.5,26.5,not_short_primary,nan,1,6-10w
14izd_i3ryE_1,"As people talk and cheer, a man makes an announcement",299,14izd_i3ryE,"[[0, 9]]",9.0,9.0,1,10,53,5-10s,5-10s,0.030100334448160536,0.0,0.0,0.0,0.0,12.0,11.0,6.5,0.23529411764705882,0.5116411935411949,152.98071686881727,16.997857429868585,22.26314642563723,43.59028209995712,299.0,9.0,0.030100334448160536,-10.61983871459961,-11.170898331536186,-10.833810806274414,0.2139720916748047,1.0,1.0,0.0,78.0,14.0,-10.833810806274414,0.2139720916748047,-11.185621643066407,0.5657829284667972,1.0,1.0,1.0,1.0,4.5,299.0,0.0,1.0,1.3333333333333333,11.0,6.5,not_short_primary,nan,1,6-10w
14izd_i3ryE_2,"As the wind blows, a man speaks, horses gallop, and a whistle blows",299,14izd_i3ryE,"[[83, 86], [215, 234], [246, 251], [253, 267], [275, 278], [296, 300], [11, 12]]",19.0,49.0,7,13,67,10-20s,10s+,0.06354515050167224,0.0,0.0,0.0,0.0,11.0,47.5,36.0,0.3125,0.5116411935411949,152.98071686881727,8.051616677306171,7.727169812168326,3.3327133754604006,299.0,48.0,0.1605351170568562,-11.077827453613281,-11.453950941562653,-10.876035690307617,-0.20179176330566406,0.8862876254180602,35.0,34.0,71.0,17.0,-11.050180435180664,-0.027647018432617188,-10.901754188537598,-0.17607326507568288,0.0,0.0,0.0,0.0,231.97916666666666,299.0,0.0,1.0,0.5789473684210527,47.5,36.0,not_short_primary,nan,3+,11-15w
14izd_i3ryE_3,"As the wind blows, a man talks while horses gallop and a horn blares",299,14izd_i3ryE,"[[234, 236], [251, 253], [267, 268]]",2.0,5.0,3,14,68,2-3s,2-5s,0.006688963210702341,0.0,0.0,0.0,0.0,14.0,47.0,188.0,0.11764705882352941,0.5116411935411949,152.98071686881727,76.49035843440863,73.4081132155991,7.167286624539599,299.0,5.0,0.016722408026755852,-11.229564666748047,-11.35477180480957,-10.985982894897461,-0.24358177185058594,0.7558528428093646,74.0,73.0,86.0,18.0,-11.113297462463379,-0.11626720428466797,-11.17110209465027,-0.05846257209777761,0.0,0.0,0.0,0.0,248.3,299.0,0.0,1.0,7.0,47.0,188.0,longer_audio,188.5,3+,11-15w
1DKLyH3FixM_1,Music plays,300,1DKLyH3FixM,"[[0, 100]]",100.0,100.0,1,2,11,20s+,10s+,0.3333333333333333,0.0,0.0,0.0,0.0,5.0,2.5,47.5,0.1,0.5116411935411949,153.49235806235845,1.5349235806235846,2.010384459840151,1.7488808361634227,300.0,100.0,0.3333333333333333,-10.007135391235352,-12.303358945846558,-11.105663299560547,1.0985279083251953,1.0,1.0,0.0,64.0,1.0,-12.694286346435547,2.6871509552001953,-11.609744920730591,1.6026095294952398,1.0,1.0,1.0,1.0,50.0,300.0,0.0,1.0,0.05,2.5,47.5,not_short_primary,nan,1,0-5w
1DKLyH3FixM_2,A man and someone with a high-pitched voice talk as birds and insects call out in the background,300,1DKLyH3FixM,"[[49, 61], [78, 101], [286, 300]]",23.0,49.0,3,18,96,20s+,10s+,0.07666666666666666,1.0,1.0,1.0,1.0,14.0,53.0,2.0,0.7333333333333333,0.5116411935411949,153.49235806235845,6.673580785319933,8.740801999305004,6.748880836163423,300.0,49.0,0.16333333333333333,-10.604883193969727,-11.384661207393725,-11.105644226074219,0.5007610321044922,1.0,1.0,0.0,77.0,10.0,-11.158185958862305,0.5533027648925781,-11.125456037521362,0.5205728435516352,1.0,1.0,1.0,1.0,139.19387755102042,300.0,1.0,0.0,0.6086956521739131,53.0,2.0,not_short_primary,nan,3+,16w+
1FNJbN-eHY4_1,Many people talk as someone burps,177,1FNJbN-eHY4,"[[28, 32], [61, 63], [76, 80], [95, 97], [150, 153]]",4.0,15.0,5,6,33,3-5s,2-5s,0.022598870056497175,0.0,0.0,0.0,0.0,7.0,6.5,23.5,0.13043478260869565,0.5116411935411949,90.5604912567915,22.640122814197873,14.281687232219792,1.0743461948816417,177.0,15.0,0.0847457627118644,-10.990419387817383,-11.45573450724284,-10.707521438598633,-0.28289794921875,0.8757062146892656,23.0,22.0,47.0,6.0,-11.020832061767578,0.030412673950195312,-10.859920444488525,-0.13049894332885792,0.0,0.0,0.0,0.0,80.16666666666667,177.0,0.0,1.0,1.75,6.5,23.5,shorter_or_equal_audio,188.5,3+,6-10w
1FNJbN-eHY4_2,Many people talk as an alarm blares,177,1FNJbN-eHY4,"[[142, 148]]",6.0,6.0,1,7,35,5-10s,5-10s,0.03389830508474576,0.0,0.0,0.0,0.0,8.0,9.0,136.0,0.125,0.5116411935411949,90.5604912567915,15.093415209465249,14.485212975653335,10.12912954027928,177.0,6.0,0.03389830508474576,-11.410845756530762,-11.832188606262207,-10.684150695800781,-0.7266950607299805,0.6666666666666666,60.0,59.0,52.0,10.0,-11.746957778930664,0.33611202239990234,-11.032656345367432,-0.37818941116332994,0.0,0.0,0.0,0.0,145.0,177.0,0.0,1.0,1.3333333333333333,9.0,136.0,not_short_primary,nan,1,6-10w
1GgEpRZDWN0_1,Music plays while dogs bark in the background,300,1GgEpRZDWN0,"[[3, 5]]",2.0,2.0,1,8,45,2-3s,2-5s,0.006666666666666667,0.0,0.0,0.0,0.0,10.0,18.0,14.0,0.0,0.5116411935411949,153.49235806235845,76.74617903117922,100.51922299200756,44.25111916383658,300.0,2.0,0.006666666666666667,-11.996881484985352,-12.227015495300293,-11.618648529052734,-0.3782329559326172,0.98,7.0,6.0,89.0,24.0,-12.111796379089355,0.1149148941040039,-12.574059476852417,0.5771779918670656,0.0,0.0,0.0,1.0,4.0,300.0,0.0,1.0,5.0,18.0,14.0,longer_audio,188.5,1,6-10w
1GgEpRZDWN0_2,A man is talking while a horn is honking,300,1GgEpRZDWN0,"[[244, 254]]",10.0,10.0,1,9,40,10-20s,10s+,0.03333333333333333,0.0,0.0,1.0,0.0,9.0,173.5,75.5,0.6428571428571429,0.5116411935411949,153.49235806235845,15.349235806235844,14.730725059986444,20.405304305558104,300.0,10.0,0.03333333333333333,-11.461952209472656,-12.482490730285644,-11.31153678894043,-0.15041542053222656,0.9933333333333333,3.0,2.0,93.0,27.0,-11.998958587646484,0.5370063781738281,-12.064856300354004,0.6029040908813474,0.0,1.0,1.0,1.0,249.0,300.0,0.0,1.0,0.9,173.5,75.5,not_short_primary,nan,1,6-10w
1HCuBnPLMqQ_1,Water pours while the wind blows,299,1HCuBnPLMqQ,"[[4, 9], [35, 39], [146, 159]]",13.0,22.0,3,6,32,10-20s,10s+,0.043478260869565216,0.0,0.0,0.0,0.0,10.0,137.0,15.5,0.4444444444444444,0.5116411935411949,152.98071686881727,11.767747451447482,12.241939023572026,9.538260478986018,299.0,22.0,0.07357859531772576,-10.573787689208984,-11.034223513169723,-10.727338790893555,0.1535511016845703,1.0,1.0,0.0,90.0,10.0,-10.727338790893555,0.1535511016845703,-10.894432020187377,0.32064433097839284,1.0,1.0,1.0,1.0,98.31818181818181,299.0,0.0,1.0,0.7692307692307693,137.0,15.5,not_short_primary,nan,3+,6-10w
1HCuBnPLMqQ_2,A man speaks as the wind blows,299,1HCuBnPLMqQ,"[[87, 89], [160, 169], [245, 247]]",9.0,13.0,3,7,30,5-10s,5-10s,0.030100334448160536,1.0,0.0,1.0,0.0,7.0,162.5,2.0,0.6,0.5116411935411949,152.98071686881727,16.997857429868585,27.947750456326098,7.160984245285562,299.0,13.0,0.043478260869565216,-10.756782531738281,-12.531443889324482,-12.232293128967285,1.475510597229004,1.0,1.0,0.0,82.0,17.0,-13.357992172241211,2.6012096405029297,-12.96921326637268,2.212430734634399,1.0,1.0,1.0,1.0,165.26923076923077,299.0,1.0,1.0,0.7777777777777778,162.5,2.0,not_short_primary,nan,3+,6-10w
1IoHRTUp86c_1,An engine roars as a man talks,226,1IoHRTUp86c,"[[50, 52], [93, 97], [127, 131], [145, 149], [163, 168]]",5.0,19.0,5,7,30,5-10s,5-10s,0.022123893805309734,0.0,0.0,0.0,0.0,22.0,191.0,25.5,0.2857142857142857,0.5116411935411949,115.63090974031005,23.12618194806201,26.774827121553017,0.8341336195173881,226.0,19.0,0.084070796460177,-11.402583122253418,-11.689257973118833,-10.984498977661133,-0.41808414459228516,0.8893805309734514,26.0,25.0,60.0,16.0,-11.254095077514648,-0.14848804473876953,-11.161406536102294,-0.24117658615112347,0.0,0.0,0.0,0.0,127.02631578947368,226.0,0.0,1.0,4.4,191.0,25.5,not_short_primary,nan,3+,6-10w
1IoHRTUp86c_2,A buzzer sounds,226,1IoHRTUp86c,"[[178, 227], [22, 37]]",49.0,64.0,2,3,15,20s+,10s+,0.2168141592920354,0.0,0.0,0.0,0.0,15.0,209.5,7.0,0.30612244897959184,0.5116411935411949,115.63090974031005,2.3598144844961233,3.090795155944722,6.849176436756892,226.0,63.0,0.27876106194690264,-11.666699409484863,-12.562108493986583,-12.14200210571289,0.47530269622802734,1.0,1.0,0.0,45.0,2.0,-12.589790344238281,0.923090934753418,-12.296385736465455,0.6296863269805915,1.0,1.0,1.0,1.0,160.92857142857142,226.0,0.0,1.0,0.30612244897959184,209.5,7.0,not_short_primary,nan,2,0-5w
1IoHRTUp86c_3,An engine roars as a woman talks,226,1IoHRTUp86c,"[[46, 48], [69, 71]]",2.0,4.0,2,7,32,2-3s,2-5s,0.008849557522123894,0.0,0.0,0.0,0.0,16.0,168.0,98.0,0.25,0.5116411935411949,115.63090974031005,57.81545487015502,95.05973984643359,8.897600131888083,226.0,4.0,0.017699115044247787,-11.211825370788574,-11.306105852127075,-11.140439987182617,-0.07138538360595703,0.995575221238938,2.0,1.0,66.0,13.0,-11.430034637451172,0.21820926666259766,-11.761333208084107,0.5495078372955327,0.0,1.0,1.0,1.0,58.5,226.0,0.0,1.0,8.0,168.0,98.0,longer_audio,188.5,2,6-10w
1L_OyngNZMA_1,"While a man speaks, cheers erupt",166,1L_OyngNZMA,"[[0, 2], [8, 11], [21, 30], [32, 34], [35, 55], [71, 77], [99, 104], [14, 16]]",20.0,49.0,8,6,32,20s+,10s+,0.12048192771084337,0.0,0.0,1.0,1.0,7.0,44.5,0.5,0.8571428571428571,0.5116411935411949,84.93243812783835,4.246621906391917,6.982264077215918,0.11947620306823836,166.0,49.0,0.29518072289156627,-10.591493606567383,-11.049589273880938,-10.608572006225586,0.017078399658203125,1.0,1.0,0.0,33.0,2.0,-10.608572006225586,0.017078399658203125,-10.703189239501953,0.11169563293456974,1.0,1.0,1.0,1.0,45.05102040816327,166.0,1.0,1.0,0.35,44.5,0.5,not_short_primary,nan,3+,6-10w
1L_OyngNZMA_2,A man's laughter mingles with the buzz of a crowd,166,1L_OyngNZMA,"[[58, 62], [64, 70]]",6.0,10.0,2,10,49,5-10s,5-10s,0.03614457831325301,0.0,0.0,1.0,0.0,8.0,5.0,55.0,0.625,0.5116411935411949,84.93243812783835,14.155406354639725,23.3214340497347,0.43228620465491474,166.0,10.0,0.060240963855421686,-12.094226837158203,-12.51141653060913,-11.179903984069824,-0.9143228530883789,0.7530120481927711,42.0,41.0,51.0,9.0,-11.935528755187988,-0.15869808197021484,-11.52943257331848,-0.5647942638397225,0.0,0.0,0.0,0.0,64.2,166.0,0.0,1.0,1.3333333333333333,5.0,55.0,not_short_primary,nan,2,6-10w
1L_OyngNZMA_3,"As a man sings, music and rhythmic clapping accompany him",166,1L_OyngNZMA,"[[107, 149]]",42.0,42.0,1,10,57,20s+,10s+,0.25301204819277107,0.0,0.0,0.0,0.0,8.0,5.0,123.0,0.2619047619047619,0.5116411935411949,84.93243812783835,2.022200907805675,1.9407145713950393,1.510935049075485,166.0,42.0,0.25301204819277107,-11.807180404663086,-12.030492351168679,-11.252961158752441,-0.5542192459106445,0.7951807228915663,35.0,34.0,38.0,6.0,-11.771320343017578,-0.03586006164550781,-11.427746419906617,-0.37943398475646894,0.0,0.0,0.0,0.0,128.0,166.0,0.0,1.0,0.19047619047619047,5.0,123.0,not_short_primary,nan,1,6-10w
1Og2TJ3bXW0_1,A chime sounds with background noise,300,1Og2TJ3bXW0,"[[50, 52]]",2.0,2.0,1,6,36,2-3s,2-5s,0.006666666666666667,0.0,0.0,0.0,0.0,9.0,73.5,22.5,0.0,0.5116411935411949,153.49235806235845,76.74617903117922,100.51922299200756,2.7488808361634227,300.0,2.0,0.006666666666666667,-11.920642852783203,-11.934418201446533,-10.653013229370117,-1.267629623413086,0.94,19.0,18.0,99.0,15.0,-11.96240234375,0.041759490966796875,-12.552656469345093,0.6320136165618901,0.0,0.0,0.0,0.0,51.0,300.0,0.0,1.0,4.5,73.5,22.5,longer_audio,188.5,1,6-10w
1Og2TJ3bXW0_2,A woman talks as background noise fills the air,300,1Og2TJ3bXW0,"[[59, 62]]",3.0,3.0,1,9,47,3-5s,2-5s,0.01,0.0,0.0,0.0,0.0,5.0,73.5,13.0,0.0,0.5116411935411949,153.49235806235845,51.164119354119485,67.01281532800503,12.248880836163423,300.0,3.0,0.01,-12.22433853149414,-12.394154866536459,-9.54789924621582,-2.6764392852783203,0.8933333333333333,33.0,32.0,90.0,16.0,-11.616255760192871,-0.6080827713012695,-12.685034065246581,0.46069553375244077,0.0,0.0,0.0,0.0,60.5,300.0,0.0,1.0,1.6666666666666667,73.5,13.0,longer_audio,188.5,1,6-10w
1Og2TJ3bXW0_3,A man talks as background noise fills the air,300,1Og2TJ3bXW0,"[[72, 77]]",5.0,5.0,1,9,45,5-10s,5-10s,0.016666666666666666,0.0,0.0,0.0,0.0,5.0,72.5,2.0,0.42857142857142855,0.5116411935411949,153.49235806235845,30.69847161247169,50.47419814854881,6.609380355900782,300.0,5.0,0.016666666666666666,-10.070154190063477,-10.317423439025879,-10.782645225524902,0.7124910354614258,1.0,1.0,0.0,95.0,18.0,-10.782645225524902,0.7124910354614258,-12.713363122940063,2.643208932876586,1.0,1.0,1.0,1.0,74.5,300.0,1.0,1.0,1.0,72.5,2.0,not_short_primary,nan,1,6-10w
1Og2TJ3bXW0_4,Someone sneezes amid background noise,300,1Og2TJ3bXW0,"[[129, 131], [224, 225], [134, 135]]",2.0,4.0,3,5,37,2-3s,2-5s,0.006666666666666667,0.0,0.0,0.0,0.0,7.0,72.5,57.5,0.2222222222222222,0.5116411935411949,153.49235806235845,76.74617903117922,48.41249909227048,0.4756844154548503,300.0,4.0,0.013333333333333334,-10.92522144317627,-12.012138843536377,-10.914411544799805,-0.010809898376464844,0.9966666666666667,2.0,1.0,93.0,16.0,-12.81332778930664,1.888106346130371,-12.438326063156127,1.513104619979858,0.0,1.0,1.0,1.0,154.75,300.0,0.0,1.0,3.5,72.5,57.5,longer_audio,188.5,3+,0-5w
1QNLMF-Kl_s_1,A baby cries as a woman talks,299,1QNLMF-Kl_s,"[[257, 260], [282, 287], [295, 297]]",5.0,10.0,3,7,29,5-10s,5-10s,0.016722408026755852,0.0,0.0,1.0,1.0,11.0,216.5,42.0,0.7142857142857143,0.5116411935411949,152.98071686881727,30.596143373763454,29.36324528623964,30.6672866245396,299.0,10.0,0.033444816053511704,-11.40188980102539,-12.191342639923096,-11.396112442016602,-0.0057773590087890625,0.9966555183946488,2.0,1.0,91.0,19.0,-11.396112442016602,-0.0057773590087890625,-12.01583417892456,0.6139443778991698,0.0,1.0,1.0,1.0,279.0,299.0,0.0,1.0,2.2,216.5,42.0,not_short_primary,nan,3+,6-10w
1Uh74_rZ72k_1,"As wind blows, a child and a man talk",71,1Uh74_rZ72k,"[[12, 19], [67, 72], [53, 57]]",7.0,16.0,3,9,37,5-10s,5-10s,0.09859154929577464,0.0,0.0,1.0,1.0,6.0,67.0,2.5,0.75,0.5116411935411949,36.326524741424834,5.189503534489262,4.980387996471607,0.8992553523154214,71.0,15.0,0.2112676056338028,-10.382269859313965,-11.200724983215332,-10.534886360168457,0.1526165008544922,1.0,1.0,0.0,18.0,1.0,-10.534886360168457,0.1526165008544922,-10.782323369979858,0.40005351066589334,1.0,1.0,1.0,1.0,40.3,71.0,0.0,1.0,0.8571428571428571,67.0,2.5,not_short_primary,nan,3+,6-10w
1WTSW96XP6E_1,The click of a switch being turned on,300,1WTSW96XP6E,"[[138, 139], [151, 153], [156, 163]]",7.0,10.0,3,8,37,5-10s,5-10s,0.023333333333333334,0.0,0.0,0.0,0.0,12.0,123.0,15.5,0.16666666666666666,0.5116411935411949,153.49235806235845,21.927479723194065,13.832142597791565,4.47568441545485,300.0,10.0,0.03333333333333333,-11.683687210083008,-12.115942287445069,-11.494701385498047,-0.18898582458496094,0.96,13.0,12.0,92.0,20.0,-11.655253410339355,-0.028433799743652344,-11.8219038772583,0.13821666717529268,0.0,0.0,0.0,0.0,155.9,300.0,0.0,1.0,1.7142857142857142,123.0,15.5,not_short_primary,nan,3+,6-10w
1WTSW96XP6E_2,A horn blares,300,1WTSW96XP6E,"[[163, 165]]",2.0,2.0,1,3,13,2-3s,2-5s,0.006666666666666667,0.0,0.0,0.0,0.0,10.0,196.0,32.0,0.0,0.5116411935411949,153.49235806235845,76.74617903117922,11.120813038880396,12.111435255621501,300.0,2.0,0.006666666666666667,-14.026521682739258,-14.244547843933105,-12.771090507507324,-1.2554311752319336,0.8933333333333333,33.0,32.0,99.0,21.0,-13.663463592529297,-0.36305809020996094,-14.31139578819275,0.28487410545349157,0.0,0.0,0.0,0.0,164.0,300.0,0.0,1.0,5.0,196.0,32.0,longer_audio,188.5,1,0-5w
1WTSW96XP6E_3,An engine hums,300,1WTSW96XP6E,"[[187, 200]]",13.0,13.0,1,3,14,10-20s,10s+,0.043333333333333335,1.0,1.0,1.0,1.0,13.0,191.5,2.0,0.7333333333333333,0.5116411935411949,153.49235806235845,11.807104466335264,4.369304996740799,9.429737813242866,300.0,13.0,0.043333333333333335,-10.106664657592773,-10.256305841299204,-11.075128555297852,0.9684638977050781,1.0,1.0,0.0,95.0,13.0,-11.277411460876465,1.1707468032836914,-11.680830631256104,1.5741659736633302,1.0,1.0,1.0,1.0,193.5,300.0,1.0,0.0,1.0,191.5,2.0,not_short_primary,nan,1,0-5w
1e98HeU9Vrg_1,Waves roll in as a bell resonates,300,1e98HeU9Vrg,"[[31, 46], [58, 114], [122, 139], [146, 218], [230, 269], [275, 295]]",72.0,219.0,6,7,33,20s+,10s+,0.24,1.0,1.0,1.0,1.0,16.0,129.0,1.5,0.8333333333333334,0.5116411935411949,153.49235806235845,2.131838306421645,1.3447916414519578,3.5243155845451497,300.0,219.0,0.73,-12.136537551879883,-12.636140196290734,-12.227718353271484,0.09118080139160156,1.0,1.0,0.0,21.0,3.0,-12.227718353271484,0.09118080139160156,-12.227718353271484,0.09118080139160156,1.0,1.0,1.0,1.0,165.05251141552512,300.0,1.0,0.0,0.2222222222222222,129.0,1.5,not_short_primary,nan,3+,6-10w
1nUOGZgSzZo_1,A man laughs and chats as the wind blows,300,1nUOGZgSzZo,"[[0, 1], [6, 8], [10, 13], [24, 28], [40, 44], [49, 51], [66, 69], [75, 77], [80, 81], [135, 137], [141, 143], [149, 151], [156, 159], [163, 167], [178, 180], [226, 228], [235, 237], [244, 246], [253, 267], [55, 58], [169, 173], [277, 280]]",14.0,67.0,22,9,40,10-20s,10s+,0.04666666666666667,0.0,0.0,0.0,0.0,11.0,171.5,0.5,0.36363636363636365,0.5116411935411949,153.49235806235845,10.963739861597032,18.02649933876743,0.6093803559007824,300.0,67.0,0.22333333333333333,-10.149383544921875,-10.92423081753859,-10.46320629119873,0.31382274627685547,1.0,1.0,0.0,58.0,3.0,-10.46320629119873,0.31382274627685547,-10.619850397109985,0.47046685218811035,1.0,1.0,1.0,1.0,148.47014925373134,300.0,1.0,1.0,0.7857142857142857,171.5,0.5,not_short_primary,nan,3+,6-10w
1slvoNgzBLE_1,A train warning melody plays,299,1slvoNgzBLE,"[[13, 17], [28, 33], [46, 50], [55, 59], [110, 113], [118, 121], [129, 132], [158, 162], [172, 177], [195, 199]]",5.0,39.0,10,5,28,5-10s,5-10s,0.016722408026755852,0.0,0.0,0.0,0.0,25.0,39.5,8.5,0.23076923076923078,0.5116411935411949,152.98071686881727,30.596143373763454,40.07366356614701,0.09028209995712189,299.0,39.0,0.13043478260869565,-10.186254501342773,-10.540048966040978,-10.17198371887207,-0.014270782470703125,0.9933110367892977,3.0,2.0,52.0,6.0,-10.205957412719727,0.019702911376953125,-10.27786346435547,0.09160896301269617,0.0,1.0,1.0,1.0,103.01282051282051,299.0,0.0,1.0,5.0,39.5,8.5,not_short_primary,nan,3+,0-5w
1slvoNgzBLE_2,A train warning tone rings out,299,1slvoNgzBLE,"[[19, 21], [37, 40], [63, 65], [78, 81], [92, 95], [98, 100], [143, 145], [166, 168], [185, 187], [196, 197], [206, 207], [217, 219], [282, 285], [298, 300]]",3.0,30.0,14,6,30,3-5s,2-5s,0.010033444816053512,0.0,0.0,0.0,0.0,23.0,39.5,1.0,0.16666666666666666,0.5116411935411949,152.98071686881727,50.99357228960576,44.412432996000284,0.10326891608696087,299.0,29.0,0.09698996655518395,-10.073394775390625,-10.454550775988348,-10.116884231567383,0.04348945617675781,1.0,1.0,0.0,57.0,9.0,-10.116884231567383,0.04348945617675781,-10.30174340248108,0.22834862709045467,1.0,1.0,1.0,1.0,137.32758620689654,299.0,1.0,1.0,7.666666666666667,39.5,1.0,longer_audio,188.5,3+,6-10w
1slvoNgzBLE_3,A man makes an announcement,299,1slvoNgzBLE,"[[35, 38], [106, 110], [132, 142], [193, 195], [200, 201], [214, 216], [224, 227], [260, 263], [265, 269], [295, 298]]",10.0,35.0,10,5,27,10-20s,10s+,0.033444816053511704,0.0,0.0,0.0,0.0,12.0,24.0,12.5,0.25,0.5116411935411949,152.98071686881727,15.298071686881727,25.204007641701235,0.8509251517579486,299.0,35.0,0.11705685618729098,-13.346755027770996,-14.033533559526717,-13.314818382263184,-0.0319366455078125,0.9966555183946488,2.0,1.0,69.0,23.0,-13.372627258300781,0.025872230529785156,-13.485431776046752,0.13867674827575627,0.0,1.0,1.0,1.0,181.38571428571427,299.0,0.0,1.0,1.2,24.0,12.5,not_short_primary,nan,3+,0-5w
1slvoNgzBLE_4,A train whistle blows,299,1slvoNgzBLE,"[[227, 228], [239, 242], [245, 247], [249, 251], [263, 265], [270, 273]]",3.0,13.0,6,4,21,3-5s,2-5s,0.010033444816053512,0.0,0.0,0.0,0.0,14.0,99.0,128.5,0.25,0.5116411935411949,152.98071686881727,50.99357228960576,48.93874214373273,0.3327133754604006,299.0,13.0,0.043478260869565216,-10.379262924194336,-10.482205977806679,-10.10289192199707,-0.2763710021972656,0.882943143812709,36.0,35.0,59.0,17.0,-10.457931518554688,0.07866859436035156,-10.247769060134887,-0.13149386405944874,0.0,0.0,0.0,0.0,252.57692307692307,299.0,0.0,1.0,4.666666666666667,99.0,128.5,longer_audio,188.5,3+,0-5w
1vCYiVvZ7VE_1,A baby makes sounds,296,1vCYiVvZ7VE,"[[174, 175], [167, 169], [122, 124], [94, 97], [80, 83]]",3.0,11.0,5,4,19,3-5s,2-5s,0.010135135135135136,0.0,0.0,0.0,0.0,10.0,188.0,13.5,0.2,0.5116411935411949,151.44579328819367,50.48193109606456,7.315023687796882,0.7367172144534493,296.0,11.0,0.037162162162162164,-12.551467895507812,-13.261763399297541,-11.721134185791016,-0.8303337097167969,0.956081081081081,14.0,13.0,85.0,22.0,-12.670391082763672,0.11892318725585938,-12.580224390029906,0.028756494522093945,0.0,0.0,0.0,0.0,117.04545454545455,296.0,0.0,1.0,3.3333333333333335,188.0,13.5,longer_audio,188.5,3+,0-5w
1vCYiVvZ7VE_2,A machine runs as a woman talks,296,1vCYiVvZ7VE,"[[179, 181], [186, 188], [215, 217], [219, 221]]",2.0,8.0,4,7,31,2-3s,2-5s,0.006756756756756757,0.0,0.0,0.0,0.0,8.0,189.0,2.0,0.25,0.5116411935411949,151.44579328819367,75.72289664409683,87.66978792012935,1.8535555370670238,296.0,8.0,0.02702702702702703,-12.661140441894531,-13.49595558643341,-13.224117279052734,0.5629768371582031,1.0,1.0,0.0,85.0,19.0,-13.357701301574707,0.6965608596801758,-13.558019351959228,0.8968789100646966,1.0,1.0,1.0,1.0,200.75,296.0,1.0,1.0,4.0,189.0,2.0,longer_audio,188.5,3+,6-10w
1wW0YJQ-Xa0_1,Spray hisses,299,1wW0YJQ-Xa0,"[[8, 11], [20, 26], [51, 117], [126, 129], [179, 181], [196, 199], [296, 300]]",66.0,87.0,7,2,12,20s+,10s+,0.22073578595317725,0.0,0.0,1.0,0.0,23.0,97.5,13.5,0.5,0.5116411935411949,152.98071686881727,2.3178896495275345,3.8110568804081044,3.1609842452855617,299.0,86.0,0.28762541806020064,-11.030981063842773,-11.327290679133215,-11.017579078674316,-0.013401985168457031,0.9933110367892977,3.0,2.0,54.0,4.0,-11.018535614013672,-0.012445449829101562,-11.049472064971924,0.01849100112915103,0.0,1.0,1.0,1.0,92.30232558139535,299.0,0.0,1.0,0.3484848484848485,97.5,13.5,not_short_primary,nan,3+,0-5w
27HIamF8pKo_1,A train rumbles by as its whistle blows,140,27HIamF8pKo,"[[16, 18], [54, 56], [116, 119]]",3.0,7.0,3,8,39,3-5s,2-5s,0.02142857142857143,1.0,1.0,1.0,1.0,4.0,118.0,0.5,0.75,0.5116411935411949,71.62976709576728,23.876589031922425,39.33735863810673,4.033011634628387,140.0,7.0,0.05,-10.011175155639648,-10.402563640049525,-10.800146102905273,0.788970947265625,1.0,1.0,0.0,37.0,8.0,-11.016372680664062,1.005197525024414,-11.056719961166381,1.045544805526733,1.0,1.0,1.0,1.0,70.92857142857143,140.0,1.0,0.0,1.3333333333333333,118.0,0.5,shorter_or_equal_audio,188.5,3+,6-10w
27HIamF8pKo_2,A train rumbles by as something is struck,140,27HIamF8pKo,"[[98, 114]]",16.0,16.0,1,8,41,10-20s,10s+,0.11428571428571428,0.0,0.0,0.0,0.0,6.0,126.0,20.0,0.25,0.5116411935411949,71.62976709576728,4.476860443485455,4.296461475829379,0.6775246574062095,140.0,16.0,0.11428571428571428,-11.222373962402344,-11.431110620498657,-10.868764877319336,-0.3536090850830078,0.8928571428571429,16.0,15.0,37.0,8.0,-11.311402320861816,0.08902835845947266,-11.05990613937378,-0.16246782302856388,0.0,0.0,0.0,0.0,106.0,140.0,0.0,1.0,0.375,126.0,20.0,not_short_primary,nan,1,6-10w
27HIamF8pKo_3,A train rumbles by as something sprays out,140,27HIamF8pKo,"[[126, 127]]",1.0,1.0,1,8,42,1-2s,0-2s,0.007142857142857143,0.0,0.0,0.0,0.0,13.0,126.5,0.0,0.07692307692307693,0.5116411935411949,71.62976709576728,71.62976709576728,68.74338361327007,19.82247534259379,140.0,1.0,0.007142857142857143,-11.872316360473633,-11.872316360473633,-11.189044952392578,-0.6832714080810547,0.1,127.0,126.0,38.0,8.0,-11.508737564086914,-0.36357879638671875,-11.664610900878905,-0.20770545959472742,0.0,0.0,0.0,0.0,126.5,140.0,1.0,1.0,13.0,126.5,0.0,shorter_or_equal_audio,213.0,1,6-10w
2ABngPM3raQ_1,A woman speaks,152,2ABngPM3raQ,"[[0, 22], [125, 144]]",22.0,41.0,2,3,14,20s+,10s+,0.14473684210526316,1.0,1.0,1.0,1.0,18.0,133.0,1.5,0.9090909090909091,0.5116411935411949,77.76946141826161,3.5349755190118914,4.629976331753076,13.4472337096772,152.0,41.0,0.26973684210526316,-11.82951545715332,-11.991202540513946,-11.684026718139648,-0.14548873901367188,0.9539473684210527,8.0,7.0,32.0,7.0,-11.684026718139648,-0.14548873901367188,-11.719034948348998,-0.11048050880432214,0.0,0.0,0.0,1.0,68.23170731707317,152.0,1.0,0.0,0.8181818181818182,133.0,1.5,not_short_primary,nan,2,0-5w
2ABngPM3raQ_2,A frog croaks,152,2ABngPM3raQ,"[[33, 38], [60, 72]]",12.0,17.0,2,3,13,10-20s,10s+,0.07894736842105263,1.0,1.0,1.0,1.0,7.0,34.5,1.0,0.7142857142857143,0.5116411935411949,77.76946141826161,6.480788451521801,4.088166590013952,1.9056532295028745,152.0,17.0,0.1118421052631579,-12.545965194702148,-13.441293772529153,-12.367838859558105,-0.17812633514404297,0.993421052631579,2.0,1.0,41.0,10.0,-12.919086456298828,0.3731212615966797,-12.807158603668213,0.261193408966065,0.0,1.0,1.0,1.0,57.029411764705884,152.0,1.0,0.0,0.5833333333333334,34.5,1.0,not_short_primary,nan,2,0-5w
2JV3emH50XU_1,"Amid noise, engines roar and brakes screech",80,2JV3emH50XU,"[[12, 20], [23, 25], [35, 39], [42, 50], [53, 63], [69, 76]]",10.0,39.0,6,7,43,10-20s,10s+,0.125,1.0,1.0,1.0,1.0,10.0,17.0,1.0,0.8,0.5116411935411949,40.931295483295585,4.093129548329559,4.738907455142127,0.8793393343424398,80.0,39.0,0.4875,-9.782153129577637,-10.310127380566719,-9.859609603881836,0.07745647430419922,1.0,1.0,0.0,8.0,1.0,-9.859609603881836,0.07745647430419922,-9.862423219680785,0.08027009010314856,1.0,1.0,1.0,1.0,45.62820512820513,80.0,1.0,0.0,1.0,17.0,1.0,not_short_primary,nan,3+,6-10w
2JutOgAnqWA_1,Metal clangs and scrapes,214,2JutOgAnqWA,"[[1, 7], [18, 20], [141, 144], [168, 170], [24, 26], [30, 33], [36, 37], [41, 43], [72, 73], [147, 155], [172, 175], [177, 182]]",8.0,38.0,12,4,24,5-10s,5-10s,0.037383177570093455,0.0,0.0,1.0,0.0,13.0,18.5,0.5,0.5,0.5116411935411949,109.4912154178157,13.686401927226962,17.925928100241347,2.080868329796573,214.0,38.0,0.17757009345794392,-11.756038665771484,-12.42846581810399,-11.71442985534668,-0.04160881042480469,0.985981308411215,4.0,3.0,51.0,12.0,-11.71442985534668,-0.04160881042480469,-11.838667268753051,0.0826286029815666,0.0,0.0,1.0,1.0,99.76315789473684,214.0,1.0,1.0,1.625,18.5,0.5,not_short_primary,nan,3+,0-5w
2JutOgAnqWA_2,An engine passes as metal clangs,214,2JutOgAnqWA,"[[3, 7]]",4.0,4.0,1,6,32,3-5s,2-5s,0.018691588785046728,0.0,0.0,0.0,0.0,20.0,59.0,54.0,0.0,0.5116411935411949,109.4912154178157,27.372803854453924,35.85185620048269,29.419131670203427,214.0,4.0,0.018691588785046728,-10.811076164245605,-10.98621153831482,-10.288886070251465,-0.5221900939941406,0.7757009345794392,49.0,48.0,57.0,9.0,-10.906669616699219,0.09559345245361328,-10.729624347686768,-0.08145181655883782,0.0,0.0,0.0,0.0,5.0,214.0,0.0,1.0,5.0,59.0,54.0,longer_audio,188.5,1,6-10w
2JutOgAnqWA_3,A motor whirs while metal scrapes and clangs,214,2JutOgAnqWA,"[[47, 68], [86, 102], [119, 140]]",21.0,58.0,3,8,44,20s+,10s+,0.09813084112149532,1.0,1.0,1.0,1.0,15.0,58.5,1.0,0.8235294117647058,0.5116411935411949,109.4912154178157,5.2138674008483665,8.572601907769402,0.3580246538758871,214.0,58.0,0.27102803738317754,-10.587886810302734,-10.745620217816583,-10.801353454589844,0.21346664428710938,1.0,1.0,0.0,42.0,0.0,-10.801353454589844,0.21346664428710938,-10.828670530319213,0.24078372001647885,1.0,1.0,1.0,1.0,93.63793103448276,214.0,1.0,0.0,0.7142857142857143,58.5,1.0,not_short_primary,nan,3+,6-10w
2JutOgAnqWA_4,Machinery runs as an electric drill whirs,214,2JutOgAnqWA,"[[157, 166]]",9.0,9.0,1,7,41,5-10s,5-10s,0.04205607476635514,0.0,0.0,1.0,1.0,11.0,58.5,103.0,0.75,0.5116411935411949,109.4912154178157,12.165690601979522,11.675463566063328,1.5642162620352167,214.0,9.0,0.04205607476635514,-11.31180191040039,-11.438607215881348,-11.02174186706543,-0.29006004333496094,0.6635514018691588,73.0,72.0,55.0,8.0,-11.271936416625977,-0.03986549377441406,-11.095158948898316,-0.21664296150207463,0.0,0.0,0.0,0.0,161.5,214.0,0.0,1.0,1.2222222222222223,58.5,103.0,not_short_primary,nan,1,6-10w
2KEfkDO6hlA_1,"An engine hums as a zipper closes, metal clangs, and a man speaks",233,2KEfkDO6hlA,"[[19, 22]]",3.0,3.0,1,13,65,3-5s,2-5s,0.012875536480686695,0.0,0.0,0.0,0.0,6.0,17.0,3.5,0.125,0.5116411935411949,119.21239809509841,39.73746603169947,52.04661990475058,16.975035883913073,233.0,3.0,0.012875536480686695,-11.238946914672852,-11.358281771341959,-10.379207611083984,-0.8597393035888672,0.9914163090128756,3.0,2.0,73.0,14.0,-10.379207611083984,-0.8597393035888672,-12.216901473999023,0.9779545593261716,0.0,1.0,1.0,1.0,20.5,233.0,0.0,1.0,2.0,17.0,3.5,longer_audio,188.5,1,11-15w
2KEfkDO6hlA_2,An engine hums as people talk,233,2KEfkDO6hlA,"[[7, 18]]",11.0,11.0,1,6,29,10-20s,10s+,0.04721030042918455,0.0,0.0,0.0,0.0,18.0,18.0,5.5,0.45,0.5116411935411949,119.21239809509841,10.837490735918037,14.194532701295612,24.975035883913073,233.0,11.0,0.04721030042918455,-11.386192321777344,-11.512001644481312,-11.423805236816406,0.0376129150390625,1.0,1.0,0.0,58.0,7.0,-11.494718551635742,0.10852622985839844,-11.558912105560303,0.17271978378295927,1.0,1.0,1.0,1.0,12.5,233.0,0.0,1.0,1.6363636363636365,18.0,5.5,not_short_primary,nan,1,6-10w
2KR0C5ysO8o_1,An engine runs as a man talks,137,2KR0C5ysO8o,"[[22, 26], [40, 41], [60, 62], [121, 122], [66, 68]]",4.0,10.0,5,7,29,3-5s,2-5s,0.029197080291970802,0.0,0.0,0.0,0.0,6.0,65.0,2.0,0.42857142857142855,0.5116411935411949,70.0948435151437,17.523710878785923,11.054187292735094,0.20443745027561988,137.0,10.0,0.072992700729927,-9.798675537109375,-10.142294788360596,-10.025165557861328,0.22649002075195312,1.0,1.0,0.0,37.0,3.0,-10.025165557861328,0.22649002075195312,-10.558895320892335,0.7602197837829596,1.0,1.0,1.0,1.0,51.4,137.0,1.0,1.0,1.5,65.0,2.0,shorter_or_equal_audio,188.5,3+,6-10w
2KR0C5ysO8o_2,Water flows as a man talks,137,2KR0C5ysO8o,"[[75, 77]]",2.0,2.0,1,6,26,2-3s,2-5s,0.014598540145985401,0.0,0.0,1.0,0.0,5.0,65.5,10.5,0.5,0.5116411935411949,70.0948435151437,35.04742175757185,5.0785046210887135,4.424222100067155,137.0,2.0,0.014598540145985401,-10.189090728759766,-10.196832656860352,-9.581993103027344,-0.6070976257324219,0.9416058394160584,9.0,8.0,37.0,6.0,-11.341609954833984,1.1525192260742188,-11.348007278442383,1.1589165496826173,0.0,0.0,0.0,1.0,76.0,137.0,0.0,1.0,2.5,65.5,10.5,shorter_or_equal_audio,188.5,1,6-10w
2RjqBRzmxaM_1,"As music plays and rain falls, a woman talks",122,2RjqBRzmxaM,"[[31, 38], [43, 46], [49, 52], [70, 71], [94, 103], [108, 113]]",9.0,28.0,6,9,44,5-10s,5-10s,0.07377049180327869,0.0,0.0,1.0,0.0,19.0,24.5,10.0,0.5454545454545454,0.5116411935411949,62.420225612025774,6.935580623558419,11.426566080592906,0.08591013874759312,122.0,28.0,0.22950819672131148,-10.718324661254883,-11.49041748046875,-10.446878433227539,-0.27144622802734375,0.9180327868852459,11.0,10.0,25.0,5.0,-10.64971923828125,-0.06860542297363281,-10.51288613319397,-0.20543852806091323,0.0,0.0,0.0,0.0,72.71428571428571,122.0,0.0,1.0,2.111111111111111,24.5,10.0,not_short_primary,nan,3+,6-10w
2RjqBRzmxaM_2,"As music plays, people talk and announcements ring out",122,2RjqBRzmxaM,"[[24, 31]]",7.0,7.0,1,9,54,5-10s,5-10s,0.05737704918032787,0.0,0.0,1.0,1.0,14.0,110.0,82.5,1.0,0.5116411935411949,62.420225612025774,8.917175087432254,14.661552795530843,5.484481344732984,122.0,7.0,0.05737704918032787,-11.292747497558594,-11.662761415754046,-11.131178855895996,-0.16156864166259766,0.9754098360655737,4.0,3.0,32.0,7.0,-11.131178855895996,-0.16156864166259766,-11.457397174835204,0.16464967727661062,0.0,0.0,1.0,1.0,27.5,122.0,0.0,1.0,2.0,110.0,82.5,not_short_primary,nan,1,6-10w
2RjqBRzmxaM_3,An engine revs,122,2RjqBRzmxaM,"[[61, 63]]",2.0,2.0,1,3,14,2-3s,2-5s,0.01639344262295082,0.0,0.0,0.0,0.0,5.0,66.5,4.5,0.16666666666666666,0.5116411935411949,62.420225612025774,31.210112806012887,32.46775132338668,3.667785212161519,122.0,2.0,0.01639344262295082,-11.464151382446289,-11.771080017089844,-11.32979965209961,-0.1343517303466797,0.9754098360655737,4.0,3.0,36.0,5.0,-11.391714096069336,-0.07243728637695312,-11.927279710769653,0.46312832832336426,0.0,0.0,1.0,1.0,62.0,122.0,0.0,1.0,2.5,66.5,4.5,shorter_or_equal_audio,188.5,1,0-5w
2RjqBRzmxaM_4,"As music plays, metal clangs",122,2RjqBRzmxaM,"[[113, 117]]",4.0,4.0,1,5,28,3-5s,2-5s,0.03278688524590164,0.0,0.0,1.0,1.0,6.0,106.0,9.0,0.8,0.5116411935411949,62.420225612025774,15.605056403006444,14.97623714431955,22.038157084260305,122.0,4.0,0.03278688524590164,-10.457565307617188,-10.65894889831543,-10.574026107788086,0.11646080017089844,1.0,1.0,0.0,33.0,6.0,-10.743680953979492,0.2861156463623047,-11.285158967971801,0.8275936603546139,1.0,1.0,1.0,1.0,115.0,122.0,0.0,1.0,1.5,106.0,9.0,shorter_or_equal_audio,188.5,1,0-5w
2RjqBRzmxaM_5,"As rain falls and music plays, a man talks",122,2RjqBRzmxaM,"[[46, 47], [56, 57], [72, 74]]",2.0,4.0,3,9,42,2-3s,2-5s,0.01639344262295082,0.0,0.0,0.0,0.0,26.0,26.0,20.5,0.15384615384615385,0.5116411935411949,62.420225612025774,31.210112806012887,4.5224639691446935,1.381349662713916,122.0,4.0,0.03278688524590164,-11.045692443847656,-11.355477333068848,-10.511039733886719,-0.5346527099609375,0.7704918032786885,29.0,28.0,32.0,6.0,-11.012529373168945,-0.03316307067871094,-10.875843706130981,-0.1698487377166753,0.0,0.0,0.0,0.0,62.25,122.0,0.0,1.0,13.0,26.0,20.5,shorter_or_equal_audio,188.5,3+,6-10w
2a6GNu6uCDE_1,The audience cheers,299,2a6GNu6uCDE,"[[48, 51], [100, 105], [160, 164], [204, 208], [251, 256]]",5.0,21.0,5,3,19,5-10s,5-10s,0.016722408026755852,1.0,0.0,1.0,1.0,7.0,161.5,0.5,0.7142857142857143,0.5116411935411949,152.98071686881727,30.596143373763454,26.64745979760017,0.6032689160869609,299.0,21.0,0.07023411371237458,-9.896261215209961,-10.618007205781483,-10.498899459838867,0.6026382446289062,1.0,1.0,0.0,82.0,5.0,-10.528132438659668,0.631871223449707,-11.217962036132812,1.3217008209228513,1.0,1.0,1.0,1.0,161.92857142857142,299.0,1.0,1.0,1.4,161.5,0.5,not_short_primary,nan,3+,0-5w
2a6GNu6uCDE_2,The audience claps,299,2a6GNu6uCDE,"[[100, 106], [160, 167], [204, 209], [251, 258], [177, 180]]",7.0,28.0,5,3,18,5-10s,5-10s,0.023411371237458192,1.0,0.0,1.0,1.0,7.0,101.5,1.5,0.875,0.5116411935411949,152.98071686881727,21.854388124116753,19.033899855428693,0.10326891608696087,299.0,28.0,0.09364548494983277,-10.035940170288086,-10.547039372580391,-10.577449798583984,0.5415096282958984,1.0,1.0,0.0,87.0,6.0,-10.972448348999023,0.9365081787109375,-11.015379457473754,0.9794392871856683,1.0,1.0,1.0,1.0,182.57142857142858,299.0,1.0,1.0,1.0,101.5,1.5,not_short_primary,nan,3+,0-5w
2a6GNu6uCDE_3,A woman laughs as the audience cheers and claps,299,2a6GNu6uCDE,"[[177, 180]]",3.0,3.0,1,9,47,3-5s,2-5s,0.010033444816053512,0.0,0.0,0.0,0.0,10.0,178.0,0.5,0.3,0.5116411935411949,152.98071686881727,50.99357228960576,7.389162441389417,2.9756028618972437,299.0,3.0,0.010033444816053512,-12.300792694091797,-12.446429570515951,-12.214652061462402,-0.08614063262939453,0.9966555183946488,2.0,1.0,92.0,14.0,-12.820910453796387,0.5201177597045898,-13.031875448226929,0.7310827541351319,0.0,1.0,1.0,1.0,178.5,299.0,1.0,1.0,3.3333333333333335,178.0,0.5,longer_audio,188.5,1,6-10w
2a6GNu6uCDE_4,A woman gives a speech with tears in her eyes,299,2a6GNu6uCDE,"[[266, 300]]",34.0,34.0,1,10,45,20s+,10s+,0.11371237458193979,0.0,0.0,0.0,0.0,12.0,284.0,1.0,0.35294117647058826,0.5116411935411949,152.98071686881727,4.499432849082861,4.318124306799947,55.1672866245396,299.0,33.0,0.11036789297658862,-12.06462287902832,-12.64032777150472,-12.03751277923584,-0.02711009979248047,0.9966555183946488,2.0,1.0,79.0,17.0,-12.642316818237305,0.5776939392089844,-12.19225248336792,0.12762960433959947,0.0,1.0,1.0,1.0,282.5,299.0,1.0,1.0,0.35294117647058826,284.0,1.0,not_short_primary,nan,1,6-10w
2t82STv2GR8_1,Music is playing,300,2t82STv2GR8,"[[0, 83]]",83.0,83.0,1,3,16,20s+,10s+,0.27666666666666667,0.0,0.0,1.0,1.0,37.0,18.5,23.0,0.9021739130434783,0.5116411935411949,153.49235806235845,1.8493055188235958,2.42214995161464,6.751119163836577,300.0,83.0,0.27666666666666667,-10.394695281982422,-11.084400820444865,-10.880859375,0.4861640930175781,1.0,1.0,0.0,72.0,1.0,-10.880859375,0.4861640930175781,-11.021847581863403,0.6271522998809811,1.0,1.0,1.0,1.0,41.5,300.0,0.0,1.0,0.4457831325301205,18.5,23.0,not_short_primary,nan,1,0-5w
2t82STv2GR8_2,Several bells are ringing,300,2t82STv2GR8,"[[84, 300]]",216.0,216.0,1,4,25,20s+,10s+,0.72,0.0,0.0,1.0,1.0,58.0,29.0,163.0,0.8888888888888888,0.5116411935411949,153.49235806235845,0.710612768807215,0.2629674303593999,10.929737813242866,300.0,216.0,0.72,-11.12144660949707,-11.194089412689209,-11.197588920593262,0.0761423110961914,1.0,1.0,0.0,28.0,0.0,-11.335465431213379,0.2140188217163086,-11.197588920593262,0.0761423110961914,1.0,1.0,1.0,1.0,192.0,300.0,0.0,1.0,0.26851851851851855,29.0,163.0,not_short_primary,nan,1,0-5w
32565FEuksc_1,A woman talks as camera shutters click,278,32565FEuksc,"[[10, 11], [16, 18], [28, 30], [46, 47], [79, 80], [89, 90], [95, 96], [115, 117], [136, 146], [176, 180], [184, 185], [189, 195], [199, 200], [230, 231], [234, 236], [241, 248], [254, 259], [270, 275]]",10.0,53.0,18,7,38,10-20s,10s+,0.03597122302158273,0.0,0.0,1.0,0.0,19.0,26.5,2.5,0.625,0.5116411935411949,142.23625180445217,14.223625180445216,12.387949538014796,0.09267143368620623,278.0,53.0,0.1906474820143885,-10.932352066040039,-12.485723297550994,-10.735943794250488,-0.19640827178955078,0.9928057553956835,3.0,2.0,73.0,16.0,-10.735943794250488,-0.19640827178955078,-10.930313415527344,-0.0020386505126950283,0.0,1.0,1.0,1.0,176.61320754716982,278.0,0.0,1.0,1.9,26.5,2.5,not_short_primary,nan,3+,6-10w
32565FEuksc_2,Applause breaks out,278,32565FEuksc,"[[30, 39], [69, 78], [99, 110], [163, 169], [209, 217], [186, 195], [277, 278]]",11.0,53.0,7,3,19,10-20s,10s+,0.039568345323741004,1.0,1.0,1.0,1.0,10.0,35.0,0.5,0.9,0.5116411935411949,142.23625180445217,12.930568345859287,12.409519899018882,1.1689153231505145,278.0,53.0,0.1906474820143885,-9.540111541748047,-10.114189993660405,-10.549884796142578,1.0097732543945312,1.0,1.0,0.0,70.0,0.0,-10.876413345336914,1.3363018035888672,-10.808920278549195,1.268808736801148,1.0,1.0,1.0,1.0,128.5566037735849,278.0,1.0,0.0,0.9090909090909091,35.0,0.5,not_short_primary,nan,3+,0-5w
3RultJjvTWI_1,A roller coaster runs as the wind blows and several people chat,299,3RultJjvTWI,"[[0, 5], [215, 245]]",30.0,35.0,2,12,63,20s+,10s+,0.10033444816053512,1.0,1.0,1.0,1.0,6.0,3.0,0.5,0.8333333333333334,0.5116411935411949,152.98071686881727,5.099357228960575,4.893874214373273,2.1672866245395994,299.0,35.0,0.11705685618729098,-11.70035457611084,-13.04004339490618,-11.851747512817383,0.15139293670654297,1.0,1.0,0.0,77.0,12.0,-12.580204963684082,0.8798503875732422,-12.02487250328064,0.32451792716980066,1.0,1.0,1.0,1.0,197.5,299.0,1.0,0.0,0.2,3.0,0.5,not_short_primary,nan,2,11-15w
3RultJjvTWI_2,Bells are ringing,299,3RultJjvTWI,"[[24, 25]]",1.0,1.0,1,3,17,1-2s,0-2s,0.0033444816053511705,0.0,0.0,0.0,0.0,10.0,8.0,16.5,0.0,0.5116411935411949,152.98071686881727,152.98071686881727,200.36831783073507,23.590282099957122,299.0,1.0,0.0033444816053511705,-13.2872896194458,-13.2872896194458,-11.36253547668457,-1.9247541427612305,0.5585284280936454,133.0,132.0,96.0,18.0,-13.390653610229492,0.1033639907836914,-13.21459397315979,-0.07269564628601088,0.0,0.0,0.0,0.0,24.5,299.0,0.0,1.0,10.0,8.0,16.5,longer_audio,213.0,1,0-5w
3RultJjvTWI_3,People chat and laugh as water flows in the background,299,3RultJjvTWI,"[[245, 249], [261, 300]]",39.0,43.0,2,10,54,20s+,10s+,0.13043478260869565,0.0,0.0,0.0,0.0,7.0,3.5,243.5,0.38461538461538464,0.5116411935411949,152.98071686881727,3.922582483815827,3.7645186264409793,19.1672866245396,299.0,42.0,0.14046822742474915,-12.056068420410156,-12.346374625251407,-11.207283020019531,-0.848785400390625,0.7391304347826086,79.0,78.0,80.0,22.0,-12.43833065032959,0.3822622299194336,-11.522018041610718,-0.5340503787994386,0.0,0.0,0.0,0.0,276.85714285714283,299.0,0.0,1.0,0.1794871794871795,3.5,243.5,not_short_primary,nan,2,6-10w
3Sml1wHcuxo_1,A train passes by as its whistle blows,300,3Sml1wHcuxo,"[[15, 32], [38, 48], [51, 61], [74, 88], [217, 221], [224, 227], [229, 231], [233, 239], [242, 245], [247, 251], [254, 257], [259, 264], [266, 274]]",17.0,89.0,13,8,38,10-20s,10s+,0.056666666666666664,0.0,0.0,1.0,0.0,20.0,32.0,8.5,0.5714285714285714,0.5116411935411949,153.49235806235845,9.028962238962261,14.845352396632002,0.10938035590078243,300.0,89.0,0.2966666666666667,-9.533956527709961,-10.182105985920082,-9.841204643249512,0.3072481155395508,1.0,1.0,0.0,55.0,0.0,-9.841204643249512,0.3072481155395508,-9.946024045944213,0.41206751823425236,1.0,1.0,1.0,1.0,133.84831460674158,300.0,0.0,1.0,1.1764705882352942,32.0,8.5,not_short_primary,nan,3+,6-10w
3Sml1wHcuxo_2,A train passes by as a bell rings,300,3Sml1wHcuxo,"[[69, 74], [148, 166], [221, 224], [227, 229]]",18.0,28.0,4,8,33,10-20s,10s+,0.06,0.0,0.0,0.0,0.0,42.0,35.0,36.5,0.29411764705882354,0.5116411935411949,153.49235806235845,8.52735322568658,8.183736144436914,0.5946956944418957,300.0,28.0,0.09333333333333334,-10.274662017822266,-10.97651903969901,-9.986515045166016,-0.28814697265625,0.9033333333333333,30.0,29.0,72.0,12.0,-10.313679695129395,0.039017677307128906,-10.126101894378662,-0.1485601234436036,0.0,0.0,0.0,0.0,153.82142857142858,300.0,0.0,1.0,2.3333333333333335,35.0,36.5,not_short_primary,nan,3+,6-10w
3VHpLxtd498_1,A horn blares amid the hum of machines,242,3VHpLxtd498,"[[0, 1]]",1.0,1.0,1,8,38,1-2s,0-2s,0.004132231404958678,0.0,0.0,0.0,0.0,14.0,146.0,145.5,0.0,0.5116411935411949,123.81716883696916,123.81716883696916,162.1710130937722,38.42256945882817,242.0,1.0,0.004132231404958678,-11.407967567443848,-11.407967567443848,-10.617961883544922,-0.7900056838989258,0.6735537190082644,80.0,79.0,78.0,21.0,-10.878931045532227,-0.5290365219116211,-11.570704250335693,0.16273668289184506,0.0,0.0,0.0,0.0,0.5,242.0,0.0,1.0,14.0,146.0,145.5,longer_audio,213.0,1,6-10w
3VHpLxtd498_2,Machines hum as birds chirp and drums beat,242,3VHpLxtd498,"[[5, 19]]",14.0,14.0,1,8,42,10-20s,10s+,0.05785123966942149,0.0,0.0,1.0,0.0,12.0,158.0,146.0,0.6428571428571429,0.5116411935411949,123.81716883696916,8.84408348835494,11.5836437924123,26.92256945882817,242.0,14.0,0.05785123966942149,-11.449588775634766,-11.806769439152308,-10.978464126586914,-0.47112464904785156,0.8140495867768595,46.0,45.0,75.0,17.0,-11.688232421875,0.23864364624023438,-11.213734064102173,-0.23585471153259263,0.0,0.0,0.0,0.0,12.0,242.0,0.0,1.0,0.8571428571428571,158.0,146.0,not_short_primary,nan,1,6-10w
3VHpLxtd498_3,Someone coughs as machines hum,242,3VHpLxtd498,"[[97, 98]]",1.0,1.0,1,5,30,1-2s,0-2s,0.004132231404958678,0.0,0.0,0.0,0.0,12.0,143.0,45.5,0.0,0.5116411935411949,123.81716883696916,123.81716883696916,203.9923026518963,9.399920111286207,242.0,1.0,0.004132231404958678,-10.723340034484863,-10.723340034484863,-10.155649185180664,-0.5676908493041992,0.9462809917355371,14.0,13.0,74.0,14.0,-11.264647483825684,0.5413074493408203,-11.478191270828248,0.7548512363433844,0.0,0.0,0.0,0.0,97.5,242.0,0.0,1.0,12.0,143.0,45.5,longer_audio,213.0,1,0-5w
3VHpLxtd498_4,Machines hum as people talk and hard objects collide,242,3VHpLxtd498,"[[72, 75], [85, 86], [165, 166]]",3.0,5.0,3,9,52,3-5s,2-5s,0.012396694214876033,0.0,0.0,0.0,0.0,16.0,142.0,23.5,0.21428571428571427,0.5116411935411949,123.81716883696916,41.27238961232305,35.94584877937147,1.7173614638563208,242.0,5.0,0.02066115702479339,-11.980029106140137,-12.401943778991699,-11.408743858337402,-0.5712852478027344,0.9049586776859504,24.0,23.0,74.0,16.0,-11.952774047851562,-0.02725505828857422,-12.002248601913452,0.0222194957733155,0.0,0.0,0.0,0.0,94.3,242.0,0.0,1.0,5.333333333333333,142.0,23.5,longer_audio,188.5,3+,6-10w
3ghVB-KaU_E_1,Machines operate and steam hisses,173,3ghVB-KaU_E,"[[67, 173]]",106.0,106.0,1,5,33,20s+,10s+,0.6127167630057804,0.0,0.0,0.0,0.0,19.0,74.5,45.5,0.4339622641509434,0.5116411935411949,88.51392648262672,0.8350370422889313,0.7272686541592778,0.4603159783175812,173.0,106.0,0.6127167630057804,-11.041922569274902,-12.039590862562072,-11.114200592041016,0.07227802276611328,1.0,1.0,0.0,25.0,1.0,-11.114200592041016,0.07227802276611328,-11.114200592041016,0.07227802276611328,1.0,1.0,1.0,1.0,120.0,173.0,0.0,1.0,0.1792452830188679,74.5,45.5,not_short_primary,nan,1,0-5w
3ndid3jni7M_1,A bell rings,299,3ndid3jni7M,"[[21, 29], [121, 126], [40, 54], [162, 233]]",71.0,98.0,4,3,12,20s+,10s+,0.23745819397993312,0.0,0.0,1.0,1.0,12.0,126.0,2.5,0.7647058823529411,0.5116411935411949,152.98071686881727,2.154657984067849,2.8220889835314797,1.0902820999571219,299.0,98.0,0.3277591973244147,-10.878019332885742,-11.629619014506437,-10.954236030578613,0.0762166976928711,1.0,1.0,0.0,58.0,8.0,-10.954236030578613,0.0762166976928711,-10.991297245025635,0.11327791213989258,1.0,1.0,1.0,1.0,158.14285714285714,299.0,0.0,1.0,0.16901408450704225,126.0,2.5,not_short_primary,nan,3+,0-5w
3ndid3jni7M_2,A whistle blows,299,3ndid3jni7M,"[[30, 35], [40, 48], [164, 197], [206, 212], [216, 220], [222, 229], [232, 234]]",33.0,65.0,7,3,15,20s+,10s+,0.11036789297658862,1.0,1.0,1.0,1.0,8.0,226.0,0.5,0.875,0.5116411935411949,152.98071686881727,4.635779299055069,5.367171701088999,2.0615307621048657,299.0,65.0,0.21739130434782608,-10.193069458007812,-10.973231975848858,-10.442867279052734,0.24979782104492188,1.0,1.0,0.0,67.0,6.0,-10.442867279052734,0.24979782104492188,-10.590395460128784,0.39732600212097147,1.0,1.0,1.0,1.0,163.7153846153846,299.0,1.0,0.0,0.24242424242424243,226.0,0.5,not_short_primary,nan,3+,0-5w
3ndid3jni7M_3,A train rumbles by,299,3ndid3jni7M,"[[49, 117], [230, 289]]",68.0,127.0,2,4,18,20s+,10s+,0.22742474916387959,0.0,0.0,0.0,0.0,12.0,249.0,10.5,0.20588235294117646,0.5116411935411949,152.98071686881727,2.2497164245414303,3.6989669721608074,2.1609842452855617,299.0,127.0,0.42474916387959866,-11.0455322265625,-11.562076178122693,-10.932516098022461,-0.11301612854003906,0.9933110367892977,3.0,2.0,47.0,4.0,-11.009610176086426,-0.03592205047607422,-10.958294219970703,-0.08723800659179659,0.0,1.0,1.0,1.0,164.99606299212599,299.0,0.0,1.0,0.17647058823529413,249.0,10.5,not_short_primary,nan,2,0-5w
3ndid3jni7M_4,An announcement is being made,299,3ndid3jni7M,"[[127, 142], [198, 208]]",15.0,25.0,2,5,29,10-20s,10s+,0.05016722408026756,1.0,1.0,1.0,1.0,14.0,202.0,1.0,0.7142857142857143,0.5116411935411949,152.98071686881727,10.19871445792115,3.7741085605181075,0.746694646134614,299.0,25.0,0.08361204013377926,-11.697944641113281,-12.293196182250977,-11.72563362121582,0.027688980102539062,1.0,1.0,0.0,85.0,10.0,-11.72563362121582,0.027688980102539062,-12.174469652175903,0.4765250110626216,1.0,1.0,1.0,1.0,161.9,299.0,1.0,0.0,0.9333333333333333,202.0,1.0,not_short_primary,nan,2,0-5w
3qTL7QRk-tg_1,Music plays,189,3qTL7QRk-tg,"[[0, 5], [58, 94]]",36.0,41.0,2,2,11,20s+,10s+,0.19047619047619047,1.0,1.0,1.0,1.0,37.0,80.5,4.5,0.7804878048780488,0.5116411935411949,96.70018557928583,2.686116266091273,4.425452846787007,7.194565706748321,189.0,41.0,0.21693121693121692,-10.241653442382812,-10.661589203811273,-10.686922073364258,0.4452686309814453,1.0,1.0,0.0,43.0,0.0,-10.686922073364258,0.4452686309814453,-10.823540744781495,0.5818873023986821,1.0,1.0,1.0,1.0,67.03658536585365,189.0,0.0,0.0,1.0277777777777777,80.5,4.5,not_short_primary,nan,2,0-5w
3qTL7QRk-tg_2,"As water flows, people sing together",189,3qTL7QRk-tg,"[[4, 58]]",54.0,54.0,1,6,36,20s+,10s+,0.2857142857142857,0.0,0.0,1.0,1.0,22.0,15.0,16.0,0.7777777777777778,0.5116411935411949,96.70018557928583,1.7907441773941821,2.3454485364801765,0.6017949267829543,189.0,54.0,0.2857142857142857,-9.654842376708984,-9.908935440911186,-9.990135192871094,0.3352928161621094,1.0,1.0,0.0,39.0,0.0,-9.990135192871094,0.3352928161621094,-10.00115683555603,0.34631445884704526,1.0,1.0,1.0,1.0,31.0,189.0,0.0,1.0,0.4074074074074074,15.0,16.0,not_short_primary,nan,1,6-10w
3qTL7QRk-tg_3,Music plays and people sing,189,3qTL7QRk-tg,"[[58, 73], [95, 105]]",15.0,25.0,2,5,27,10-20s,10s+,0.07936507936507936,0.0,0.0,1.0,1.0,25.0,77.5,12.0,0.7,0.5116411935411949,96.70018557928583,6.446679038619055,10.621086832288816,3.305434293251679,189.0,25.0,0.13227513227513227,-10.55811595916748,-11.19216911315918,-10.470155715942383,-0.08796024322509766,0.9947089947089947,2.0,1.0,43.0,7.0,-10.65298843383789,0.09487247467041016,-10.68869158744812,0.1305756282806403,0.0,1.0,1.0,1.0,79.3,189.0,0.0,1.0,1.6666666666666667,77.5,12.0,not_short_primary,nan,2,0-5w
3qTL7QRk-tg_4,"While a man speaks, a camera shutter clicks",189,3qTL7QRk-tg,"[[118, 119], [128, 130], [138, 139], [152, 153], [171, 174]]",3.0,8.0,5,8,43,3-5s,2-5s,0.015873015873015872,0.0,0.0,0.0,0.0,9.0,118.5,0.0,0.2727272727272727,0.5116411935411949,96.70018557928583,32.23339519309528,37.31889620924425,0.6024391773840136,189.0,8.0,0.042328042328042326,-12.56766128540039,-12.66870105266571,-12.091848373413086,-0.4758129119873047,0.4973544973544973,96.0,95.0,56.0,11.0,-12.130054473876953,-0.4376068115234375,-12.223861246109008,-0.3438000392913825,0.0,0.0,0.0,0.0,148.125,189.0,1.0,1.0,3.0,118.5,0.0,longer_audio,188.5,3+,6-10w
3rna9zo5ZOs_1,A crowd cheers,68,3rna9zo5ZOs,"[[0, 5], [48, 55], [14, 19]]",7.0,17.0,3,3,14,5-10s,5-10s,0.10294117647058823,1.0,0.0,1.0,1.0,3.0,2.5,0.0,0.8,0.5116411935411949,34.79160116080125,4.9702287372573215,4.769949067043229,0.31479769074016417,68.0,17.0,0.25,-10.05063247680664,-10.579749612247243,-10.53533935546875,0.4847068786621094,1.0,1.0,0.0,14.0,0.0,-10.53533935546875,0.4847068786621094,-10.633284454345704,0.5826519775390633,1.0,1.0,1.0,1.0,26.794117647058822,68.0,1.0,1.0,0.42857142857142855,2.5,0.0,not_short_primary,nan,3+,0-5w
3rna9zo5ZOs_2,A crowd cheers as applause and whistling ring out,68,3rna9zo5ZOs,"[[53, 54], [16, 19], [3, 5]]",3.0,6.0,3,9,49,3-5s,2-5s,0.04411764705882353,1.0,0.0,1.0,1.0,2.0,54.0,0.5,1.0,0.5116411935411949,34.79160116080125,11.59720038693375,19.06803041167399,0.8847928806708438,68.0,6.0,0.08823529411764706,-10.882105827331543,-11.01912752787272,-10.856840133666992,-0.02526569366455078,0.9705882352941176,3.0,2.0,17.0,4.0,-10.856840133666992,-0.02526569366455078,-11.05352699279785,0.1714211654663078,0.0,1.0,1.0,1.0,19.0,68.0,1.0,1.0,0.6666666666666666,54.0,0.5,shorter_or_equal_audio,188.5,3+,6-10w
3wrdPAeqjVI_1,Machinery roars,299,3wrdPAeqjVI,"[[227, 252]]",25.0,25.0,1,2,15,20s+,10s+,0.08361204013377926,0.0,0.0,0.0,0.0,11.0,241.5,2.0,0.44,0.5116411935411949,152.98071686881727,6.119228674752691,5.872649057247928,11.6672866245396,299.0,25.0,0.08361204013377926,-11.411508560180664,-11.772605819702148,-12.255949020385742,0.8444404602050781,1.0,1.0,0.0,84.0,3.0,-12.255949020385742,0.8444404602050781,-12.554893465042115,1.1433849048614508,1.0,1.0,1.0,1.0,239.5,299.0,1.0,1.0,0.44,241.5,2.0,not_short_primary,nan,1,0-5w
3xDZ-kdGE3o_1,Water runs,65,3xDZ-kdGE3o,"[[5, 9], [18, 25], [40, 50], [55, 65]]",10.0,31.0,4,2,10,10-20s,10s+,0.15384615384615385,0.0,0.0,1.0,1.0,3.0,21.5,0.0,0.75,0.5116411935411949,33.256677580177666,3.3256677580177665,2.8964630214782794,0.08624588780718767,65.0,31.0,0.47692307692307695,-10.846418380737305,-11.508282753729052,-10.982029914855957,0.13561153411865234,1.0,1.0,0.0,6.0,1.0,-10.982029914855957,0.13561153411865234,-10.98393162727356,0.13751324653625474,1.0,1.0,1.0,1.0,39.62903225806452,65.0,1.0,1.0,0.3,21.5,0.0,not_short_primary,nan,3+,0-5w
3xDZ-kdGE3o_2,A door unlocks,65,3xDZ-kdGE3o,"[[51, 53], [37, 38], [26, 29], [13, 16]]",3.0,9.0,4,3,14,3-5s,2-5s,0.046153846153846156,0.0,0.0,1.0,0.0,2.0,16.0,1.5,0.6666666666666666,0.5116411935411949,33.256677580177666,11.085559193392555,1.6063396611716125,0.6574776387179924,65.0,9.0,0.13846153846153847,-11.450403213500977,-11.746125857035318,-11.219452857971191,-0.23095035552978516,0.9384615384615385,5.0,4.0,11.0,3.0,-11.353263854980469,-0.09713935852050781,-11.486139860153198,0.03573664665222154,0.0,0.0,1.0,1.0,29.72222222222222,65.0,1.0,1.0,0.6666666666666666,16.0,1.5,shorter_or_equal_audio,188.5,3+,0-5w
473wBEwC35M_1,"A man speaks as vehicles pass by, a bicycle bell rings, and ambient sounds fill the air",300,473wBEwC35M,"[[5, 7]]",2.0,2.0,1,17,87,2-3s,2-5s,0.006666666666666667,0.0,0.0,0.0,0.0,20.0,178.0,172.0,0.13333333333333333,0.5116411935411949,153.49235806235845,76.74617903117922,100.51922299200756,42.25111916383658,300.0,2.0,0.006666666666666667,-13.201103210449219,-13.21158218383789,-12.327713012695312,-0.8733901977539062,0.4033333333333333,180.0,179.0,101.0,22.0,-13.149971008300781,-0.0511322021484375,-12.848054542541504,-0.3530486679077143,0.0,0.0,0.0,0.0,6.0,300.0,0.0,1.0,10.0,178.0,172.0,longer_audio,188.5,1,16w+
4CAMv5nlr-0_1,Cheers erupt as applause fills the air,113,4CAMv5nlr-0,"[[38, 40], [104, 107], [107, 109], [84, 86]]",3.0,9.0,4,7,38,3-5s,2-5s,0.02654867256637168,0.0,0.0,1.0,0.0,5.0,50.5,11.5,0.6666666666666666,0.5116411935411949,57.81545487015502,19.271818290051673,18.495243686427422,1.1040020449064372,113.0,9.0,0.07964601769911504,-9.75314712524414,-10.240670945909288,-9.837306022644043,0.08415889739990234,1.0,1.0,0.0,35.0,4.0,-9.837306022644043,0.08415889739990234,-10.026326446533202,0.27317932128906186,1.0,1.0,1.0,1.0,86.72222222222223,113.0,0.0,1.0,1.6666666666666667,50.5,11.5,shorter_or_equal_audio,188.5,3+,6-10w
4CAMv5nlr-0_2,A whistle sounds as applause breaks out,113,4CAMv5nlr-0,"[[40, 41], [48, 49], [56, 57], [86, 89], [107, 108], [111, 114]]",3.0,10.0,6,7,39,3-5s,2-5s,0.02654867256637168,0.0,0.0,1.0,1.0,3.0,51.5,3.0,0.75,0.5116411935411949,57.81545487015502,19.271818290051673,31.750868043614712,0.6376406091928004,113.0,9.0,0.07964601769911504,-10.350323677062988,-10.621665212843153,-10.161979675292969,-0.18834400177001953,0.9823008849557522,3.0,2.0,34.0,5.0,-10.161979675292969,-0.18834400177001953,-10.437502946853638,0.08717926979064927,0.0,1.0,1.0,1.0,82.16666666666667,113.0,0.0,1.0,1.0,51.5,3.0,shorter_or_equal_audio,188.5,3+,6-10w
4CAMv5nlr-0_3,Applause breaks out,113,4CAMv5nlr-0,"[[38, 57], [83, 93], [104, 114]]",19.0,39.0,3,3,19,10-20s,10s+,0.168141592920354,0.0,0.0,1.0,0.0,5.0,42.5,5.0,0.5,0.5116411935411949,57.81545487015502,3.04291867737658,2.9203016346990665,1.8959979550935628,113.0,38.0,0.336283185840708,-9.837261199951172,-10.25492356952868,-10.528934478759766,0.6916732788085938,1.0,1.0,0.0,25.0,0.0,-10.528934478759766,0.6916732788085938,-10.683266620635987,0.8460054206848149,1.0,1.0,1.0,1.0,72.60526315789474,113.0,0.0,1.0,0.2631578947368421,42.5,5.0,not_short_primary,nan,3+,0-5w
4IeDBwyQ9ZQ_1,Music is playing,300,4IeDBwyQ9ZQ,"[[1, 24], [235, 241], [91, 108]]",23.0,46.0,3,3,16,20s+,10s+,0.07666666666666666,1.0,1.0,1.0,1.0,20.0,10.0,2.5,0.8260869565217391,0.5116411935411949,153.49235806235845,6.673580785319933,6.404663069559323,9.405304305558104,300.0,46.0,0.15333333333333332,-9.72318172454834,-10.339482639146889,-10.354998588562012,0.6318168640136719,1.0,1.0,0.0,79.0,2.0,-10.662942886352539,0.9397611618041992,-10.626288948059083,0.9031072235107427,1.0,1.0,1.0,1.0,74.06521739130434,300.0,0.0,0.0,0.8695652173913043,10.0,2.5,not_short_primary,nan,3+,0-5w
4IeDBwyQ9ZQ_2,A song is playing,300,4IeDBwyQ9ZQ,"[[91, 108]]",17.0,17.0,1,4,17,10-20s,10s+,0.056666666666666664,0.0,0.0,1.0,1.0,22.0,11.0,88.5,0.7272727272727273,0.5116411935411949,153.49235806235845,9.028962238962261,14.875471753905904,9.714975068653459,300.0,17.0,0.056666666666666664,-10.327085494995117,-10.458743656382842,-9.501779556274414,-0.8253059387207031,0.9133333333333333,27.0,26.0,82.0,7.0,-10.509257316589355,0.18217182159423828,-9.82588122367859,-0.5012042713165279,0.0,0.0,0.0,0.0,99.5,300.0,0.0,1.0,1.2941176470588236,11.0,88.5,not_short_primary,nan,1,0-5w
4IeDBwyQ9ZQ_3,A woman is talking while a band plays and a woman speaks,300,4IeDBwyQ9ZQ,"[[216, 235]]",19.0,19.0,1,12,56,10-20s,10s+,0.06333333333333334,0.0,0.0,1.0,0.0,17.0,52.5,173.0,0.6,0.5116411935411949,153.49235806235845,8.078545161176761,7.753013189466549,3.0946956944418957,300.0,19.0,0.06333333333333334,-11.621006965637207,-11.899418931258353,-10.788410186767578,-0.8325967788696289,0.5733333333333334,129.0,128.0,83.0,16.0,-12.068391799926758,0.4473848342895508,-10.893792724609375,-0.7272142410278324,0.0,0.0,0.0,0.0,225.5,300.0,0.0,1.0,0.8947368421052632,52.5,173.0,not_short_primary,nan,1,11-15w
4IeDBwyQ9ZQ_4,Something bursts out,300,4IeDBwyQ9ZQ,"[[255, 257], [262, 263], [267, 270]]",3.0,6.0,3,3,20,3-5s,2-5s,0.01,0.0,0.0,0.0,0.0,9.0,259.5,3.0,0.375,0.5116411935411949,153.49235806235845,51.164119354119485,49.102416866621475,27.405304305558104,300.0,6.0,0.02,-10.984959602355957,-11.574715614318848,-10.981913566589355,-0.0030460357666015625,0.9966666666666667,2.0,1.0,83.0,11.0,-11.65349006652832,0.6685304641723633,-12.151001958847045,1.1660423564910882,0.0,1.0,1.0,1.0,263.3333333333333,300.0,0.0,1.0,3.0,259.5,3.0,longer_audio,188.5,3+,0-5w
4UPOUGVMlEs_1,A woman talks as a pig grunts and dogs pant,84,4UPOUGVMlEs,"[[24, 29]]",5.0,5.0,1,10,43,5-10s,5-10s,0.05952380952380952,0.0,0.0,1.0,0.0,5.0,43.5,17.0,0.6,0.5116411935411949,42.97786025746037,8.595572051492073,14.132775481593665,3.789373500347782,84.0,5.0,0.05952380952380952,-10.860129356384277,-11.729511070251466,-10.720756530761719,-0.1393728256225586,0.9761904761904762,3.0,2.0,24.0,3.0,-12.269352912902832,1.4092235565185547,-12.027589054107667,1.1674596977233893,0.0,1.0,1.0,1.0,26.5,84.0,0.0,1.0,1.0,43.5,17.0,not_short_primary,nan,1,6-10w
4UPOUGVMlEs_2,A woman talks as dogs pant,84,4UPOUGVMlEs,"[[42, 45], [24, 29]]",5.0,8.0,2,6,26,5-10s,5-10s,0.05952380952380952,1.0,1.0,1.0,1.0,4.0,43.0,0.5,0.75,0.5116411935411949,42.97786025746037,8.595572051492073,8.94193806939174,3.3368357198489136,84.0,8.0,0.09523809523809523,-10.621540069580078,-11.152730941772461,-11.174175262451172,0.5526351928710938,1.0,1.0,0.0,22.0,2.0,-11.861056327819824,1.239516258239746,-11.879631109237671,1.258091039657593,1.0,1.0,1.0,1.0,32.875,84.0,1.0,0.0,0.8,43.0,0.5,not_short_primary,nan,2,6-10w
4UPOUGVMlEs_3,A man talks as something is tapped and dogs pant,84,4UPOUGVMlEs,"[[74, 76]]",2.0,2.0,1,10,48,2-3s,2-5s,0.023809523809523808,0.0,0.0,1.0,0.0,3.0,43.5,31.5,0.5,0.5116411935411949,42.97786025746037,21.488930128730185,20.62301508398102,10.993485205556269,84.0,2.0,0.023809523809523808,-12.784053802490234,-12.784669399261475,-11.697348594665527,-1.086705207824707,0.6309523809523809,32.0,31.0,28.0,7.0,-11.915491104125977,-0.8685626983642578,-12.618443069458008,-0.16561073303222607,0.0,0.0,0.0,0.0,75.0,84.0,0.0,1.0,1.5,43.5,31.5,shorter_or_equal_audio,188.5,1,6-10w
4UPOUGVMlEs_4,A man speaks as dogs pant,84,4UPOUGVMlEs,"[[60, 62], [69, 76], [82, 84]]",7.0,11.0,3,6,25,5-10s,5-10s,0.08333333333333333,0.0,0.0,1.0,0.0,3.0,43.5,17.5,0.6666666666666666,0.5116411935411949,42.97786025746037,6.139694322494338,7.10836118271319,0.82330630105956,84.0,11.0,0.13095238095238096,-11.491811752319336,-12.076560714028098,-10.958795547485352,-0.5330162048339844,0.9285714285714286,7.0,6.0,21.0,3.0,-12.076175689697266,0.5843639373779297,-11.331344022750855,-0.16046772956848088,0.0,0.0,0.0,1.0,72.31818181818181,84.0,0.0,1.0,0.42857142857142855,43.5,17.5,not_short_primary,nan,3+,6-10w
4YMXgLFcR94_1,The audience applauds,300,4YMXgLFcR94,"[[37, 44], [115, 121], [225, 240]]",15.0,28.0,3,3,21,10-20s,10s+,0.05,0.0,0.0,1.0,0.0,7.0,237.5,5.0,0.5333333333333333,0.5116411935411949,153.49235806235845,10.232823870823896,9.820483373324295,3.9053043055581043,300.0,28.0,0.09333333333333334,-9.43254280090332,-9.842854363577706,-10.441886901855469,1.0093441009521484,1.0,1.0,0.0,90.0,1.0,-10.441886901855469,1.0093441009521484,-10.75523904800415,1.3226962471008292,1.0,1.0,1.0,1.0,159.96428571428572,300.0,0.0,1.0,0.4666666666666667,237.5,5.0,not_short_primary,nan,3+,0-5w
4_DjmCg8Ra8_1,"As wind blows, whistling and explosions break out",196,4_DjmCg8Ra8,"[[123, 124]]",1.0,1.0,1,8,49,1-2s,0-2s,0.00510204081632653,0.0,0.0,0.0,0.0,8.0,130.0,6.5,0.0,0.5116411935411949,100.28167393407419,100.28167393407419,14.53119570413705,8.440528966327278,196.0,1.0,0.00510204081632653,-10.506542205810547,-10.506542205810547,-10.063570022583008,-0.44297218322753906,0.6326530612244898,73.0,72.0,64.0,17.0,-10.299297332763672,-0.207244873046875,-10.572459201812745,0.06591699600219769,0.0,0.0,0.0,0.0,123.5,196.0,0.0,1.0,8.0,130.0,6.5,shorter_or_equal_audio,213.0,1,6-10w
4ftDFi4684Y_1,A pendulum ticks as a switch flips,115,4ftDFi4684Y,"[[71, 73]]",2.0,2.0,1,7,34,2-3s,2-5s,0.017391304347826087,0.0,0.0,0.0,0.0,6.0,60.0,12.0,0.14285714285714285,0.5116411935411949,58.83873725723741,29.419368628618706,4.262978331570818,4.490616485345086,115.0,2.0,0.017391304347826087,-12.172891616821289,-12.221898078918457,-12.192577362060547,0.019685745239257812,1.0,1.0,0.0,45.0,10.0,-12.192577362060547,0.019685745239257812,-12.527906379699708,0.3550147628784188,1.0,1.0,1.0,1.0,72.0,115.0,0.0,1.0,3.0,60.0,12.0,shorter_or_equal_audio,188.5,1,6-10w
4ftDFi4684Y_2,A clock pendulum swings as bells ring,115,4ftDFi4684Y,"[[74, 115]]",41.0,41.0,1,7,37,20s+,10s+,0.3565217391304348,0.0,0.0,0.0,0.0,10.0,92.0,2.5,0.24390243902439024,0.5116411935411949,58.83873725723741,1.4350911526155465,1.3772629121125535,6.872033317130615,115.0,41.0,0.3565217391304348,-11.586670875549316,-11.98979603371969,-13.006218910217285,1.4195480346679688,1.0,1.0,0.0,26.0,0.0,-13.006218910217285,1.4195480346679688,-13.095472841262817,1.5088019657135003,1.0,1.0,1.0,1.0,94.5,115.0,0.0,1.0,0.24390243902439024,92.0,2.5,not_short_primary,nan,1,6-10w
4fz0-Kx2oNs_1,Machines hum in the background as light a gas stove,300,4fz0-Kx2oNs,"[[0, 4]]",4.0,4.0,1,10,51,3-5s,2-5s,0.013333333333333334,0.0,0.0,0.0,0.0,11.0,9.5,7.5,0.0,0.5116411935411949,153.49235806235845,38.37308951558961,50.25961149600378,46.25111916383658,300.0,4.0,0.013333333333333334,-9.747230529785156,-10.535562515258789,-9.940954208374023,0.1937236785888672,1.0,1.0,0.0,93.0,13.0,-9.940954208374023,0.1937236785888672,-11.175753507614136,1.4285229778289796,1.0,1.0,1.0,1.0,2.0,300.0,0.0,1.0,2.75,9.5,7.5,longer_audio,188.5,1,6-10w
4fz0-Kx2oNs_2,Machines whir as plastic crunches,300,4fz0-Kx2oNs,"[[8, 25]]",17.0,17.0,1,5,33,10-20s,10s+,0.056666666666666664,0.0,0.0,0.0,0.0,10.0,8.0,8.5,0.22727272727272727,0.5116411935411949,153.49235806235845,9.028962238962261,11.825790940236184,31.751119163836577,300.0,17.0,0.056666666666666664,-10.018237113952637,-10.654760809505687,-10.097379684448242,0.07914257049560547,1.0,1.0,0.0,89.0,10.0,-10.80883502960205,0.7905979156494141,-11.073188056945801,1.0549509429931643,1.0,1.0,1.0,1.0,16.5,300.0,0.0,1.0,0.5882352941176471,8.0,8.5,not_short_primary,nan,1,0-5w
4fz0-Kx2oNs_3,"While sizzling fills the air, distorted audio crackles in the background",300,4fz0-Kx2oNs,"[[133, 135], [159, 161], [195, 196], [296, 298]]",2.0,7.0,4,11,72,2-3s,2-5s,0.006666666666666667,0.0,0.0,0.0,0.0,15.0,9.5,124.5,0.25,0.5116411935411949,153.49235806235845,76.74617903117922,48.41249909227048,0.024315584545149704,300.0,7.0,0.023333333333333334,-11.035717964172363,-11.27150467463902,-10.140935897827148,-0.8947820663452148,0.92,25.0,24.0,85.0,12.0,-11.08071231842041,0.044994354248046875,-10.837268571853638,-0.19844939231872516,0.0,0.0,0.0,0.0,196.78571428571428,300.0,0.0,1.0,7.5,9.5,124.5,longer_audio,188.5,3+,11-15w
4s2rRnu2PZo_1,Music plays as gunshots ring out,150,4s2rRnu2PZo,"[[37, 40], [53, 55], [58, 79], [80, 89], [93, 96], [107, 110]]",21.0,41.0,6,6,32,20s+,10s+,0.14,0.0,0.0,1.0,1.0,10.0,69.0,0.5,0.7272727272727273,0.5116411935411949,76.74617903117922,3.654579953865677,6.021024281342866,0.6074875343267294,150.0,41.0,0.2733333333333333,-11.112409591674805,-11.284161288563798,-11.167009353637695,0.054599761962890625,1.0,1.0,0.0,30.0,3.0,-11.167009353637695,0.054599761962890625,-11.18743124961853,0.07502165794372573,1.0,1.0,1.0,1.0,73.9390243902439,150.0,1.0,1.0,0.47619047619047616,69.0,0.5,not_short_primary,nan,3+,6-10w
4s2rRnu2PZo_2,"As music plays, a person speaks",150,4s2rRnu2PZo,"[[38, 45], [49, 51], [65, 66], [78, 81], [92, 99], [105, 107], [119, 121], [139, 141]]",7.0,26.0,8,6,31,5-10s,5-10s,0.04666666666666667,0.0,0.0,0.0,0.0,6.0,46.0,4.0,0.375,0.5116411935411949,76.74617903117922,10.963739861597032,18.02649933876743,0.9453098220496088,150.0,26.0,0.17333333333333334,-11.930761337280273,-12.631612337552584,-12.12474250793457,0.19398117065429688,1.0,1.0,0.0,39.0,4.0,-12.29255199432373,0.36179065704345703,-12.290987844467162,0.36022650718688887,1.0,1.0,1.0,1.0,80.57692307692308,150.0,0.0,1.0,0.8571428571428571,46.0,4.0,not_short_primary,nan,3+,6-10w
4xrL4TSgHwU_1,An engine starts up,126,4xrL4TSgHwU,"[[26, 34]]",8.0,8.0,1,4,19,5-10s,5-10s,0.06349206349206349,0.0,0.0,1.0,1.0,5.0,26.5,3.5,0.875,0.5116411935411949,64.46679038619055,8.05834879827382,13.249477013994062,4.065939749478325,126.0,8.0,0.06349206349206349,-10.852846145629883,-11.06836211681366,-9.843999862670898,-1.0088462829589844,0.9761904761904762,4.0,3.0,38.0,4.0,-9.843999862670898,-1.0088462829589844,-11.467295322418213,0.6144491767883302,0.0,0.0,1.0,1.0,30.0,126.0,0.0,1.0,0.625,26.5,3.5,not_short_primary,nan,1,0-5w
4xrL4TSgHwU_2,Engines roar,126,4xrL4TSgHwU,"[[35, 123]]",88.0,88.0,1,2,12,20s+,10s+,0.6984126984126984,1.0,1.0,1.0,1.0,96.0,78.0,1.0,0.9166666666666666,0.5116411935411949,64.46679038619055,0.7325771634794381,0.10615321537113105,5.033197192638966,126.0,88.0,0.6984126984126984,-11.003114700317383,-11.22363362529061,-11.250882148742676,0.24776744842529297,1.0,1.0,0.0,10.0,0.0,-11.315399169921875,0.3122844696044922,-11.250882148742676,0.24776744842529297,1.0,1.0,1.0,1.0,79.0,126.0,1.0,0.0,1.0909090909090908,78.0,1.0,not_short_primary,nan,1,0-5w
52IxrdTxGs4_1,Music is playing,213,52IxrdTxGs4,"[[0, 36]]",36.0,36.0,1,3,16,20s+,10s+,0.16901408450704225,1.0,1.0,1.0,1.0,34.0,17.0,1.0,0.9444444444444444,0.5116411935411949,108.9795742242745,3.027210395118736,3.9649249069069645,16.25829460632397,213.0,36.0,0.16901408450704225,-9.097830772399902,-9.861733648512098,-11.372489929199219,2.2746591567993164,1.0,1.0,0.0,56.0,0.0,-11.431234359741211,2.3334035873413086,-11.613005132675172,2.515174360275269,1.0,1.0,1.0,1.0,18.0,213.0,1.0,0.0,0.9444444444444444,17.0,1.0,not_short_primary,nan,1,0-5w
52IxrdTxGs4_2,"Amid noise, deep tones resonate, a man speaks, and things bump",213,52IxrdTxGs4,"[[54, 55]]",1.0,1.0,1,11,62,1-2s,0-2s,0.004694835680751174,0.0,0.0,0.0,0.0,7.0,64.5,10.0,0.14285714285714285,0.5116411935411949,108.9795742242745,108.9795742242745,179.18340342734825,3.08766005268955,213.0,1.0,0.004694835680751174,-11.774490356445312,-11.774490356445312,-11.70425033569336,-0.07024002075195312,0.9906103286384976,3.0,2.0,65.0,18.0,-12.040345191955566,0.2658548355102539,-12.51801643371582,0.7435260772705075,0.0,1.0,1.0,1.0,54.5,213.0,0.0,1.0,7.0,64.5,10.0,shorter_or_equal_audio,213.0,1,11-15w
52IxrdTxGs4_3,"Amid noise, deep tones resonate, a man speaks, and light tapping occurs",213,52IxrdTxGs4,"[[55, 57]]",2.0,2.0,1,12,71,2-3s,2-5s,0.009389671361502348,0.0,0.0,0.0,0.0,6.0,197.0,141.0,0.2222222222222222,0.5116411935411949,108.9795742242745,54.48978711213725,89.59170171367413,1.5876600526895501,213.0,2.0,0.009389671361502348,-11.984331130981445,-12.0641450881958,-11.478626251220703,-0.5057048797607422,0.704225352112676,64.0,63.0,64.0,19.0,-11.950798988342285,-0.033532142639160156,-12.084431009292603,0.1000998783111573,0.0,0.0,0.0,0.0,56.0,213.0,0.0,1.0,3.0,197.0,141.0,longer_audio,188.5,1,11-15w
52IxrdTxGs4_4,"As low noise resonates, someone sniffs",213,52IxrdTxGs4,"[[88, 89], [117, 118]]",1.0,2.0,2,6,38,1-2s,0-2s,0.004694835680751174,0.0,0.0,0.0,0.0,10.0,6.0,82.5,0.2,0.5116411935411949,108.9795742242745,108.9795742242745,68.74574871102408,6.65726406502705,213.0,2.0,0.009389671361502348,-11.600812911987305,-12.194022178649902,-11.199010848999023,-0.40180206298828125,0.9671361502347418,8.0,7.0,65.0,7.0,-11.945533752441406,0.34472084045410156,-12.38225217819214,0.7814392662048348,0.0,0.0,0.0,1.0,103.0,213.0,0.0,1.0,10.0,6.0,82.5,shorter_or_equal_audio,213.0,2,6-10w
59VP93Tzjmg_1,Rain falls as boards are struck,172,59VP93Tzjmg,"[[3, 8], [24, 29]]",5.0,10.0,2,6,31,5-10s,5-10s,0.029069767441860465,1.0,0.0,1.0,1.0,7.0,7.5,2.0,0.7142857142857143,0.5116411935411949,88.00228528908552,17.600457057817103,23.052408472833733,1.1639749872663039,172.0,10.0,0.05813953488372093,-10.954456329345703,-11.188398838043213,-10.965425491333008,0.010969161987304688,1.0,1.0,0.0,50.0,6.0,-11.026971817016602,0.07251548767089844,-11.324705390930175,0.370249061584472,1.0,1.0,1.0,1.0,16.0,172.0,1.0,1.0,1.4,7.5,2.0,not_short_primary,nan,2,6-10w
59VP93Tzjmg_2,Rain falls as train whistles blow,172,59VP93Tzjmg,"[[37, 41], [42, 49]]",7.0,11.0,2,6,33,5-10s,5-10s,0.040697674418604654,1.0,0.0,1.0,0.0,7.0,40.5,1.5,0.5714285714285714,0.5116411935411949,88.00228528908552,12.571755041297932,20.67038590845332,1.0027114040497764,172.0,11.0,0.06395348837209303,-11.27556324005127,-11.64879339391535,-11.898042678833008,0.6224794387817383,1.0,1.0,0.0,54.0,6.0,-11.98486328125,0.7093000411987305,-12.004527006149292,0.7289637660980226,1.0,1.0,1.0,1.0,43.13636363636363,172.0,1.0,1.0,1.0,40.5,1.5,not_short_primary,nan,2,6-10w
59VP93Tzjmg_3,A train rumbles,172,59VP93Tzjmg,"[[48, 172]]",124.0,124.0,1,3,15,20s+,10s+,0.7209302325581395,1.0,1.0,1.0,1.0,123.0,99.5,10.5,0.8432835820895522,0.5116411935411949,88.00228528908552,0.7096958491055284,0.26262811754603294,6.346383012925912,172.0,124.0,0.7209302325581395,-11.466440200805664,-11.684024333953857,-11.42633056640625,-0.04010963439941406,0.9941860465116279,2.0,1.0,17.0,2.0,-11.42633056640625,-0.04010963439941406,-11.42633056640625,-0.04010963439941406,0.0,1.0,1.0,1.0,110.0,172.0,0.0,0.0,0.9919354838709677,99.5,10.5,not_short_primary,nan,1,0-5w
5G6b_QWL3nY_1,Music plays,246,5G6b_QWL3nY,"[[0, 10], [36, 51], [229, 246]]",17.0,42.0,3,2,11,10-20s,10s+,0.06910569105691057,1.0,1.0,1.0,1.0,9.0,4.5,0.5,0.9,0.5116411935411949,125.86373361113394,7.403749035949055,9.69714857099367,3.934082285654007,246.0,42.0,0.17073170731707318,-8.853918075561523,-10.075005576724099,-9.299708366394043,0.44579029083251953,1.0,1.0,0.0,66.0,0.0,-9.299708366394043,0.44579029083251953,-10.681512775421142,1.8275946998596186,1.0,1.0,1.0,1.0,112.85714285714286,246.0,1.0,0.0,0.5294117647058824,4.5,0.5,not_short_primary,nan,3+,0-5w
5G6b_QWL3nY_2,A woman talks,246,5G6b_QWL3nY,"[[11, 36], [51, 149], [158, 201], [207, 229]]",98.0,188.0,4,3,13,20s+,10s+,0.3983739837398374,1.0,0.0,1.0,0.0,33.0,213.5,4.5,0.6976744186046512,0.5116411935411949,125.86373361113394,1.2843238123585097,1.486953104547147,1.5539684531030105,246.0,188.0,0.7642276422764228,-12.033404350280762,-12.272389229307784,-12.199377059936523,0.16597270965576172,1.0,1.0,0.0,18.0,0.0,-12.199377059936523,0.16597270965576172,-12.199377059936523,0.16597270965576172,1.0,1.0,1.0,1.0,121.81914893617021,246.0,0.0,1.0,0.336734693877551,213.5,4.5,not_short_primary,nan,3+,0-5w
5G6b_QWL3nY_3,"As a woman speaks, food sizzles in hot oil",246,5G6b_QWL3nY,"[[62, 66]]",4.0,4.0,1,9,42,3-5s,2-5s,0.016260162601626018,0.0,0.0,0.0,0.0,8.0,206.0,142.0,0.4,0.5116411935411949,125.86373361113394,31.465933402783484,51.736053102262524,2.509691891838642,246.0,4.0,0.016260162601626018,-12.89107608795166,-12.94047236442566,-12.64658260345459,-0.2444934844970703,0.9715447154471545,8.0,7.0,80.0,13.0,-12.876886367797852,-0.014189720153808594,-13.191280174255372,0.30020408630371165,0.0,0.0,0.0,1.0,64.0,246.0,0.0,1.0,2.0,206.0,142.0,longer_audio,188.5,1,6-10w
5G6b_QWL3nY_4,"As a woman speaks, plastic rustles",246,5G6b_QWL3nY,"[[113, 115]]",2.0,2.0,1,6,34,2-3s,2-5s,0.008130081300813009,0.0,0.0,0.0,0.0,10.0,67.0,47.0,0.0,0.5116411935411949,125.86373361113394,62.93186680556697,65.46776086518953,3.6206953918710383,246.0,2.0,0.008130081300813009,-12.10232162475586,-12.240640640258789,-11.576261520385742,-0.5260601043701172,0.7439024390243902,64.0,63.0,70.0,10.0,-11.926409721374512,-0.17591190338134766,-12.180838613510131,0.07851698875427182,0.0,0.0,0.0,0.0,114.0,246.0,0.0,1.0,5.0,67.0,47.0,longer_audio,188.5,1,6-10w
5I8lmN8rwDM_1,A machine is running,299,5I8lmN8rwDM,"[[0, 16], [95, 158], [215, 232]]",63.0,96.0,3,4,20,20s+,10s+,0.21070234113712374,0.0,0.0,1.0,0.0,30.0,19.0,11.0,0.6031746031746031,0.5116411935411949,152.98071686881727,2.428265347124084,2.8113756529513805,3.4384692378951343,299.0,96.0,0.3210702341137124,-10.31538200378418,-10.942460387945175,-10.698763847351074,0.38338184356689453,1.0,1.0,0.0,44.0,6.0,-10.698763847351074,0.38338184356689453,-10.702942543029785,0.3875605392456052,1.0,1.0,1.0,1.0,123.92708333333333,299.0,0.0,1.0,0.47619047619047616,19.0,11.0,not_short_primary,nan,3+,0-5w
5I8lmN8rwDM_2,"Amid background noise, metal scrapes against metal",299,5I8lmN8rwDM,"[[54, 70]]",16.0,16.0,1,7,50,10-20s,10s+,0.05351170568561873,0.0,0.0,1.0,0.0,20.0,184.0,122.0,0.6956521739130435,0.5116411935411949,152.98071686881727,9.56129480430108,12.523019864420942,13.909717900042878,299.0,16.0,0.05351170568561873,-13.33580493927002,-13.685843110084534,-13.094279289245605,-0.24152565002441406,0.9899665551839465,4.0,3.0,72.0,19.0,-13.351049423217773,0.015244483947753906,-13.527222719192505,0.1914177799224852,0.0,0.0,1.0,1.0,62.0,299.0,0.0,1.0,1.25,184.0,122.0,not_short_primary,nan,1,6-10w
5I8lmN8rwDM_3,"Amid background noise, a man talks",299,5I8lmN8rwDM,"[[160, 210]]",50.0,50.0,1,6,34,20s+,10s+,0.16722408026755853,0.0,0.0,0.0,0.0,15.0,200.5,15.5,0.3,0.5116411935411949,152.98071686881727,3.0596143373763454,0.44334974648336506,9.475602861897244,299.0,50.0,0.16722408026755853,-10.807634353637695,-11.268642196655273,-11.272336959838867,0.4647026062011719,1.0,1.0,0.0,61.0,0.0,-11.855989456176758,1.0483551025390625,-11.703470611572266,0.8958362579345707,1.0,1.0,1.0,1.0,185.0,299.0,0.0,1.0,0.3,200.5,15.5,not_short_primary,nan,1,6-10w
5I8lmN8rwDM_4,A machine runs while a man talks,299,5I8lmN8rwDM,"[[214, 232]]",18.0,18.0,1,7,32,10-20s,10s+,0.06020066889632107,0.0,0.0,0.0,0.0,26.0,198.0,25.0,0.4090909090909091,0.5116411935411949,152.98071686881727,8.498928714934292,9.839814785329832,2.9384692378951343,299.0,18.0,0.06020066889632107,-11.217520713806152,-11.341698911454943,-10.563133239746094,-0.6543874740600586,0.6989966555183946,91.0,90.0,65.0,20.0,-11.188148498535156,-0.029372215270996094,-10.80474959373474,-0.4127711200714117,0.0,0.0,0.0,0.0,223.0,299.0,0.0,1.0,1.4444444444444444,198.0,25.0,not_short_primary,nan,1,6-10w
5K1mISHwggI_1,People talk and cars drive by as a man speaks and sirens wail,220,5K1mISHwggI,"[[65, 72], [108, 110], [155, 165], [167, 172], [174, 187], [209, 217]]",13.0,45.0,6,13,61,10-20s,10s+,0.05909090909090909,0.0,0.0,1.0,1.0,71.0,180.5,0.0,0.75,0.5116411935411949,112.56106257906286,8.658543275312528,8.309639777428249,1.8638898240759545,220.0,45.0,0.20454545454545456,-12.332162857055664,-12.702171156141493,-12.29804801940918,-0.034114837646484375,0.9954545454545455,2.0,1.0,54.0,10.0,-12.29804801940918,-0.034114837646484375,-12.344847097396851,0.012684240341187092,0.0,1.0,1.0,1.0,159.9,220.0,1.0,1.0,5.461538461538462,180.5,0.0,not_short_primary,nan,3+,11-15w
5OM3tJh51pE_1,A woman talks as applause and cheers erupt,97,5OM3tJh51pE,"[[0, 3], [10, 16], [48, 54], [94, 96]]",6.0,17.0,4,8,42,5-10s,5-10s,0.061855670103092786,0.0,0.0,1.0,0.0,2.0,96.0,1.0,0.5,0.5116411935411949,49.6291957734959,8.271532628915983,10.833738478027483,2.6011951963071596,97.0,17.0,0.17525773195876287,-11.24672794342041,-12.299337218789493,-12.339408874511719,1.0926809310913086,1.0,1.0,0.0,24.0,1.0,-12.42643928527832,1.1797113418579102,-12.481347818374633,1.2346198749542232,1.0,1.0,1.0,1.0,34.029411764705884,97.0,1.0,1.0,0.3333333333333333,96.0,1.0,not_short_primary,nan,3+,6-10w
5QZ0NtdoKJ8_1,Electronic sounds play,286,5QZ0NtdoKJ8,"[[58, 63], [65, 69], [131, 132], [155, 159], [165, 228], [269, 272], [273, 281]]",63.0,88.0,7,3,22,20s+,10s+,0.2202797202797203,1.0,0.0,1.0,0.0,7.0,66.5,0.5,0.5714285714285714,0.5116411935411949,146.32938135278172,2.3226885929012973,2.022926554683243,1.1205180936483998,286.0,88.0,0.3076923076923077,-10.051166534423828,-11.749307350678878,-10.977550506591797,0.9263839721679688,1.0,1.0,0.0,60.0,6.0,-11.579706192016602,1.5285396575927734,-11.294979009628296,1.243812475204468,1.0,1.0,1.0,1.0,190.1931818181818,286.0,1.0,1.0,0.1111111111111111,66.5,0.5,not_short_primary,nan,3+,0-5w
5YzNSjmZ3Wg_1,Insects buzz amid the noise,99,5YzNSjmZ3Wg,"[[2, 11], [12, 34], [40, 60]]",22.0,51.0,3,5,27,20s+,10s+,0.2222222222222222,0.0,0.0,1.0,0.0,86.0,56.0,6.0,0.6666666666666666,0.5116411935411949,50.65247816057829,2.3023853709353768,2.3951619828727875,2.6648420983933647,99.0,51.0,0.5151515151515151,-12.226314544677734,-12.45099931604722,-12.194334030151367,-0.03198051452636719,0.98989898989899,2.0,1.0,17.0,4.0,-12.194334030151367,-0.03198051452636719,-12.194334030151367,-0.03198051452636719,0.0,1.0,1.0,1.0,30.676470588235293,99.0,0.0,1.0,3.909090909090909,56.0,6.0,not_short_primary,nan,3+,0-5w
5t6tSW0yT40_1,A man talks as something plastic rubs,299,5t6tSW0yT40,"[[29, 38]]",9.0,9.0,1,7,37,5-10s,5-10s,0.030100334448160536,1.0,0.0,1.0,0.0,17.0,31.5,2.0,0.5294117647058824,0.5116411935411949,152.98071686881727,16.997857429868585,22.26314642563723,14.590282099957122,299.0,9.0,0.030100334448160536,-11.174436569213867,-11.336840099758572,-11.157249450683594,-0.017187118530273438,0.9966555183946488,2.0,1.0,87.0,13.0,-11.157249450683594,-0.017187118530273438,-11.545788021087647,0.37135145187377994,0.0,1.0,1.0,1.0,33.5,299.0,1.0,1.0,1.8888888888888888,31.5,2.0,not_short_primary,nan,1,6-10w
5t6tSW0yT40_2,Water stirs,299,5t6tSW0yT40,"[[164, 174]]",10.0,10.0,1,2,11,10-20s,10s+,0.033444816053511704,1.0,0.0,1.0,1.0,13.0,172.5,3.5,0.9,0.5116411935411949,152.98071686881727,15.298071686881727,2.2167487324168254,6.524397138102756,299.0,10.0,0.033444816053511704,-11.193155288696289,-11.369016742706298,-11.055624961853027,-0.13753032684326172,0.9732441471571907,9.0,8.0,87.0,17.0,-11.263736724853516,0.07058143615722656,-11.33585036277771,0.14269507408142168,0.0,0.0,0.0,1.0,169.0,299.0,0.0,1.0,1.3,172.5,3.5,not_short_primary,nan,1,0-5w
5t6tSW0yT40_3,Water pours,299,5t6tSW0yT40,"[[184, 206]]",22.0,22.0,1,2,11,20s+,10s+,0.07357859531772576,0.0,0.0,1.0,0.0,9.0,170.5,24.5,0.5,0.5116411935411949,152.98071686881727,6.953668948582603,2.5732558367168914,7.253305353865386,299.0,22.0,0.07357859531772576,-12.232378005981445,-12.652090115980668,-10.758586883544922,-1.4737911224365234,0.6120401337792643,117.0,116.0,84.0,13.0,-11.690069198608398,-0.5423088073730469,-11.087797584533691,-1.1445804214477544,0.0,0.0,0.0,0.0,195.0,299.0,0.0,1.0,0.4090909090909091,170.5,24.5,not_short_primary,nan,1,0-5w
5t6tSW0yT40_4,A man talks as gas hisses out,299,5t6tSW0yT40,"[[267, 268]]",1.0,1.0,1,7,29,1-2s,0-2s,0.0033444816053511705,0.0,0.0,0.0,0.0,13.0,29.5,238.0,0.0,0.5116411935411949,152.98071686881727,152.98071686881727,146.8162264311982,39.6672866245396,299.0,1.0,0.0033444816053511705,-12.09061050415039,-12.09061050415039,-11.688974380493164,-0.40163612365722656,0.9498327759197325,16.0,15.0,90.0,18.0,-12.130749702453613,0.040139198303222656,-12.497833375930787,0.4072228717803963,0.0,0.0,0.0,0.0,267.5,299.0,0.0,1.0,13.0,29.5,238.0,longer_audio,213.0,1,6-10w
5ye0X5saadg_1,"A helicopter flies, there are gunshots and explosions, and a man speaks over a radio",300,5ye0X5saadg,"[[15, 19], [24, 33], [45, 53], [66, 73], [79, 82], [93, 100], [118, 120], [139, 145], [150, 154], [168, 170], [177, 180], [185, 198], [206, 223], [236, 240], [245, 248], [253, 269], [278, 283], [293, 300]]",17.0,120.0,18,15,84,10-20s,10s+,0.056666666666666664,0.0,0.0,1.0,1.0,17.0,177.5,1.0,0.8571428571428571,0.5116411935411949,153.49235806235845,9.028962238962261,14.845352396632002,0.6093803559007824,300.0,120.0,0.4,-10.515908241271973,-11.00021432240804,-10.554349899291992,0.03844165802001953,1.0,1.0,0.0,47.0,9.0,-10.575393676757812,0.059485435485839844,-10.557965450286865,0.042057209014892294,1.0,1.0,1.0,1.0,168.10833333333332,300.0,1.0,1.0,1.0,177.5,1.0,not_short_primary,nan,3+,11-15w
63KW_EQ72yU_1,An explosion erupts,104,63KW_EQ72yU,"[[6, 16], [17, 101]]",84.0,94.0,2,3,19,20s+,10s+,0.8076923076923077,0.0,0.0,0.0,0.0,4.0,19.0,8.0,0.2727272727272727,0.5116411935411949,53.210684128284264,0.6334605253367174,0.09179083778123501,2.0519642219487864,104.0,94.0,0.9038461538461539,-10.670461654663086,-11.582314846363474,-10.429791450500488,-0.24067020416259766,0.9903846153846154,2.0,1.0,3.0,2.0,-10.429791450500488,-0.24067020416259766,-10.429791450500488,-0.24067020416259766,0.0,1.0,1.0,1.0,53.8936170212766,104.0,0.0,1.0,0.047619047619047616,19.0,8.0,not_short_primary,nan,2,0-5w
67BsqRkh-dU_1,Music is playing in the midst of noise while water is flowing,62,67BsqRkh-dU,"[[10, 24], [35, 51]]",16.0,30.0,2,12,61,10-20s,10s+,0.25806451612903225,0.0,0.0,1.0,0.0,13.0,6.5,10.5,0.5384615384615384,0.5116411935411949,31.721753999554082,1.9826096249721301,1.7267375704966665,0.15918838529300672,62.0,30.0,0.4838709677419355,-10.84018325805664,-11.749598852793376,-10.842327117919922,0.00214385986328125,1.0,1.0,0.0,10.0,4.0,-10.941247940063477,0.10106468200683594,-10.845525798797608,0.005342540740967294,1.0,1.0,1.0,1.0,30.866666666666667,62.0,0.0,1.0,0.8125,6.5,10.5,not_short_primary,nan,2,11-15w
67BsqRkh-dU_2,Footsteps echo while music plays,62,67BsqRkh-dU,"[[24, 28]]",4.0,4.0,1,5,32,3-5s,2-5s,0.06451612903225806,0.0,0.0,0.0,0.0,9.0,4.5,21.5,0.3,0.5116411935411949,31.721753999554082,7.9304384998885205,5.002624906201283,1.6983585541393325,62.0,4.0,0.06451612903225806,-12.185587882995605,-12.33354640007019,-10.973559379577637,-1.2120285034179688,0.8225806451612904,12.0,11.0,17.0,4.0,-12.276850700378418,0.0912628173828125,-12.03377721786499,-0.1518106651306148,0.0,0.0,0.0,0.0,26.0,62.0,0.0,1.0,2.25,4.5,21.5,shorter_or_equal_audio,188.5,1,0-5w
6NBPiArs2-w_1,Music plays as sound effects occur,299,6NBPiArs2-w,"[[0, 22]]",22.0,22.0,1,6,34,20s+,10s+,0.07357859531772576,1.0,1.0,1.0,1.0,17.0,8.5,2.5,0.7727272727272727,0.5116411935411949,152.98071686881727,6.953668948582603,9.107650810487957,37.09028209995712,299.0,22.0,0.07357859531772576,-10.280094146728516,-10.625188480723988,-12.27291202545166,1.9928178787231445,1.0,1.0,0.0,74.0,1.0,-12.27291202545166,1.9928178787231445,-12.447484674453735,2.1673905277252192,1.0,1.0,1.0,1.0,11.0,299.0,0.0,0.0,0.7727272727272727,8.5,2.5,not_short_primary,nan,1,6-10w
6NBPiArs2-w_2,Someone speaks as gunfire erupts,299,6NBPiArs2-w,"[[128, 136]]",8.0,8.0,1,5,32,5-10s,5-10s,0.026755852842809364,0.0,0.0,0.0,0.0,11.0,114.5,17.5,0.0,0.5116411935411949,152.98071686881727,19.12258960860216,12.062781023824062,1.577567865930007,299.0,8.0,0.026755852842809364,-11.202459335327148,-11.640114307403564,-10.332119941711426,-0.8703393936157227,0.8294314381270903,52.0,51.0,85.0,20.0,-10.51565170288086,-0.6868076324462891,-10.850777263641357,-0.3516820716857918,0.0,0.0,0.0,0.0,132.0,299.0,0.0,1.0,1.375,114.5,17.5,not_short_primary,nan,1,0-5w
6Nvu6EcpdE8_1,A man's voice is heard while an engine rumbles in the background,211,6Nvu6EcpdE8,"[[51, 72], [93, 95], [105, 111], [126, 133], [139, 141], [154, 161], [168, 169], [194, 203]]",21.0,55.0,8,12,64,20s+,10s+,0.0995260663507109,1.0,1.0,1.0,1.0,24.0,65.0,3.5,0.7307692307692307,0.5116411935411949,107.95629183719211,5.140775801771053,3.242868986815578,0.26376862779675037,211.0,55.0,0.26066350710900477,-11.733040809631348,-11.968397175181996,-11.59782600402832,-0.13521480560302734,0.8530805687203792,32.0,31.0,45.0,8.0,-11.876689910888672,0.14364910125732422,-11.605393905639648,-0.12764690399169965,0.0,0.0,0.0,0.0,115.84545454545454,211.0,0.0,0.0,1.1428571428571428,65.0,3.5,not_short_primary,nan,3+,11-15w
6Nvu6EcpdE8_2,An engine starts up,211,6Nvu6EcpdE8,"[[45, 46]]",1.0,1.0,1,4,19,1-2s,0-2s,0.004739336492890996,0.0,0.0,0.0,0.0,4.0,44.0,1.5,0.25,0.5116411935411949,107.95629183719211,107.95629183719211,177.50093015572998,11.546930850316883,211.0,1.0,0.004739336492890996,-10.225321769714355,-10.225321769714355,-11.068340301513672,0.8430185317993164,1.0,1.0,0.0,59.0,16.0,-12.362271308898926,2.1369495391845703,-12.849439649581909,2.624117879867553,1.0,1.0,1.0,1.0,45.5,211.0,1.0,1.0,4.0,44.0,1.5,shorter_or_equal_audio,213.0,1,0-5w
6Nvu6EcpdE8_3,An engine roars in the background as it revs even louder,211,6Nvu6EcpdE8,"[[175, 176]]",1.0,1.0,1,11,56,1-2s,0-2s,0.004739336492890996,0.0,0.0,0.0,0.0,14.0,114.0,61.5,0.07142857142857142,0.5116411935411949,107.95629183719211,107.95629183719211,103.60609958857131,14.721730694909212,211.0,1.0,0.004739336492890996,-12.52547836303711,-12.52547836303711,-11.950495719909668,-0.5749826431274414,0.6587677725118484,73.0,72.0,61.0,15.0,-12.611739158630371,0.08626079559326172,-12.722159032821656,0.19668066978454668,0.0,0.0,0.0,0.0,175.5,211.0,0.0,1.0,14.0,114.0,61.5,shorter_or_equal_audio,213.0,1,11-15w
6OlHuvJR_Dk_1,"Amid the noise, a motor hums as a man talks",148,6OlHuvJR_Dk,"[[113, 117], [131, 134], [137, 141]]",4.0,11.0,3,10,43,3-5s,2-5s,0.02702702702702703,1.0,0.0,1.0,0.0,6.0,140.0,1.0,0.6666666666666666,0.5116411935411949,75.72289664409683,18.93072416102421,18.167894240649947,2.226616790742,148.0,11.0,0.07432432432432433,-10.35561752319336,-11.359763665632768,-11.062591552734375,0.7069740295410156,1.0,1.0,0.0,39.0,4.0,-11.795450210571289,1.4398326873779297,-11.852325048446655,1.4967075252532958,1.0,1.0,1.0,1.0,128.5,148.0,1.0,1.0,1.5,140.0,1.0,shorter_or_equal_audio,188.5,3+,6-10w
6Pywt0f_NFY_1,"As people talk, water flows and machines whir",192,6Pywt0f_NFY,"[[156, 167]]",11.0,11.0,1,8,45,10-20s,10s+,0.057291666666666664,0.0,0.0,1.0,1.0,10.0,153.0,8.5,0.7272727272727273,0.5116411935411949,98.23510915990941,8.930464469082674,8.57060367126484,15.199394755557194,192.0,11.0,0.057291666666666664,-12.746185302734375,-13.705754019997336,-12.108918190002441,-0.6372671127319336,0.9895833333333334,3.0,2.0,7.0,4.0,-12.108918190002441,-0.6372671127319336,-13.975655889511108,1.229470586776733,0.0,1.0,1.0,1.0,161.5,192.0,0.0,1.0,0.9090909090909091,153.0,8.5,not_short_primary,nan,1,6-10w
6Pywt0f_NFY_2,A shower runs,192,6Pywt0f_NFY,"[[151, 170]]",19.0,19.0,1,3,13,10-20s,10s+,0.09895833333333333,1.0,0.0,1.0,0.0,14.0,165.0,4.5,0.5714285714285714,0.5116411935411949,98.23510915990941,5.170268903153127,4.961928441258591,14.199394755557194,192.0,19.0,0.09895833333333333,-10.291481018066406,-10.346517562866211,-11.350972175598145,1.0594911575317383,1.0,1.0,0.0,2.0,0.0,-11.350972175598145,1.0594911575317383,-11.957876615524292,1.6663955974578855,1.0,1.0,1.0,1.0,160.5,192.0,0.0,1.0,0.7368421052631579,165.0,4.5,not_short_primary,nan,1,0-5w
6ZwYgzcN6Is_1,A woman talks as waves crash and wind blows,97,6ZwYgzcN6Is,"[[7, 8], [20, 32], [37, 57], [60, 83], [84, 98]]",23.0,70.0,5,9,43,20s+,10s+,0.23711340206185566,0.0,0.0,1.0,1.0,9.0,53.5,6.5,0.8125,0.5116411935411949,49.6291957734959,2.1577911205867784,2.4982283866781865,0.10880105710978683,97.0,69.0,0.711340206185567,-11.182904243469238,-11.932936267576356,-11.903017044067383,0.7201128005981445,1.0,1.0,0.0,6.0,0.0,-11.903017044067383,0.7201128005981445,-11.903017044067383,0.7201128005981445,1.0,1.0,1.0,1.0,59.13768115942029,97.0,0.0,1.0,0.391304347826087,53.5,6.5,not_short_primary,nan,3+,6-10w
6ZwYgzcN6Is_2,A woman laughs while waves crash,97,6ZwYgzcN6Is,"[[51, 53], [60, 62], [63, 66], [68, 70], [86, 88], [89, 92]]",3.0,14.0,6,6,32,3-5s,2-5s,0.030927835051546393,1.0,0.0,1.0,0.0,3.0,69.5,0.5,0.6666666666666666,0.5116411935411949,49.6291957734959,16.543065257831966,6.12188177876683,1.1139485596151957,97.0,14.0,0.14432989690721648,-11.567240715026855,-11.741396972111293,-11.514118194580078,-0.053122520446777344,0.9690721649484536,4.0,3.0,24.0,4.0,-11.530418395996094,-0.03682231903076172,-11.678059997558593,0.11081928253173778,0.0,0.0,1.0,1.0,71.64285714285714,97.0,1.0,1.0,1.0,69.5,0.5,shorter_or_equal_audio,188.5,3+,6-10w
6i5eQOpFk_U_1,Machines,238,6i5eQOpFk_U,"[[3, 17], [41, 98]]",57.0,71.0,2,1,8,20s+,10s+,0.23949579831932774,0.0,0.0,1.0,1.0,21.0,63.5,6.0,0.8421052631578947,0.5116411935411949,121.77060406280438,2.1363263870667435,3.512531917939946,5.153224917652054,238.0,71.0,0.29831932773109243,-10.245133399963379,-11.108096821207395,-11.37092113494873,1.1257877349853516,1.0,1.0,0.0,54.0,0.0,-11.37092113494873,1.1257877349853516,-11.494259252548218,1.2491258525848394,1.0,1.0,1.0,1.0,57.767605633802816,238.0,0.0,1.0,0.3684210526315789,63.5,6.0,not_short_primary,nan,2,0-5w
6i5eQOpFk_U_2,Something gets stirred,238,6i5eQOpFk_U,"[[18, 30]]",12.0,12.0,1,3,22,10-20s,10s+,0.05042016806722689,0.0,0.0,1.0,1.0,13.0,178.5,154.5,0.9166666666666666,0.5116411935411949,121.77060406280438,10.147550338567031,13.290875040054333,14.27922120331035,238.0,12.0,0.05042016806722689,-11.23261833190918,-11.43774970372518,-11.279687881469727,0.047069549560546875,1.0,1.0,0.0,68.0,10.0,-11.340542793273926,0.1079244613647461,-11.527289400100708,0.2946710681915281,1.0,1.0,1.0,1.0,24.0,238.0,0.0,1.0,1.0833333333333333,178.5,154.5,not_short_primary,nan,1,0-5w
6i5eQOpFk_U_3,Water flows,238,6i5eQOpFk_U,"[[166, 190]]",24.0,24.0,1,2,11,20s+,10s+,0.10084033613445378,0.0,0.0,1.0,0.0,19.0,34.5,143.5,0.5416666666666666,0.5116411935411949,121.77060406280438,5.073775169283516,5.874270699603262,2.833965480331244,238.0,24.0,0.10084033613445378,-12.912642478942871,-13.429309129714966,-10.932697296142578,-1.979945182800293,0.5798319327731093,101.0,100.0,64.0,7.0,-13.182134628295898,0.26949214935302734,-11.158648500442505,-1.7539939785003664,0.0,0.0,0.0,0.0,178.0,238.0,0.0,1.0,0.7916666666666666,34.5,143.5,not_short_primary,nan,1,0-5w
6pssFJ0m-kU_1,Engines hum as birds chirp and insects buzz,140,6pssFJ0m-kU,"[[16, 21], [88, 105]]",17.0,22.0,2,8,43,10-20s,10s+,0.12142857142857143,1.0,0.0,1.0,0.0,9.0,98.5,2.0,0.5294117647058824,0.5116411935411949,71.62976709576728,4.213515711515722,3.669726905040354,0.23731654933837376,140.0,22.0,0.15714285714285714,-11.68035888671875,-12.061036370017312,-11.794068336486816,0.1137094497680664,1.0,1.0,0.0,32.0,7.0,-11.908921241760254,0.2285623550415039,-11.91343521118164,0.23307632446289084,1.0,1.0,1.0,1.0,78.77272727272727,140.0,1.0,1.0,0.5294117647058824,98.5,2.0,not_short_primary,nan,2,6-10w
6pssFJ0m-kU_2,Leaves rustle in the wind as birds chirp and insects buzz,140,6pssFJ0m-kU,"[[55, 64]]",9.0,9.0,1,11,57,5-10s,5-10s,0.06428571428571428,0.0,0.0,0.0,0.0,8.0,78.0,18.5,0.4166666666666667,0.5116411935411949,71.62976709576728,7.958863010640808,5.020555461420643,3.0446806061210694,140.0,9.0,0.06428571428571428,-11.345403671264648,-11.437847243414986,-11.280795097351074,-0.06460857391357422,0.95,8.0,7.0,40.0,8.0,-11.375579833984375,0.030176162719726562,-11.368327550888061,0.0229238796234128,0.0,0.0,0.0,1.0,59.5,140.0,0.0,1.0,0.8888888888888888,78.0,18.5,not_short_primary,nan,1,11-15w
6pssFJ0m-kU_3,Two men share a laugh as birds chirp and insects buzz,140,6pssFJ0m-kU,"[[126, 130]]",4.0,4.0,1,11,53,3-5s,2-5s,0.02857142857142857,0.0,0.0,1.0,0.0,9.0,10.5,117.5,0.6666666666666666,0.5116411935411949,71.62976709576728,17.90744177394182,17.185845903317517,21.32247534259379,140.0,4.0,0.02857142857142857,-11.07844352722168,-11.551772117614746,-10.328636169433594,-0.7498073577880859,0.85,22.0,21.0,38.0,6.0,-12.076595306396484,0.9981517791748047,-11.215496511459351,0.13705298423767154,0.0,0.0,0.0,0.0,128.0,140.0,0.0,1.0,2.25,10.5,117.5,shorter_or_equal_audio,188.5,1,11-15w
79XDcI6xZm0_1,"Cheers erupt, applause rings out, and a crowd murmurs",176,79XDcI6xZm0,"[[14, 33], [43, 50], [80, 92], [108, 111], [126, 128], [161, 167]]",19.0,49.0,6,9,53,10-20s,10s+,0.10795454545454546,0.0,0.0,1.0,1.0,6.0,21.0,2.5,0.75,0.5116411935411949,90.0488500632503,4.7394131612237,7.792507784337359,1.0841698087951244,176.0,49.0,0.2784090909090909,-10.69369888305664,-11.068601335797991,-10.856485366821289,0.16278648376464844,1.0,1.0,0.0,34.0,1.0,-10.856485366821289,0.16278648376464844,-10.921790084838868,0.22809120178222742,1.0,1.0,1.0,1.0,68.78571428571429,176.0,0.0,1.0,0.3157894736842105,21.0,2.5,not_short_primary,nan,3+,6-10w
79XDcI6xZm0_2,"Cheers erupt, a crowd murmurs, and a trumpet sounds",176,79XDcI6xZm0,"[[48, 50], [61, 63], [16, 25], [45, 46]]",9.0,14.0,4,9,51,5-10s,5-10s,0.05113636363636364,0.0,0.0,1.0,0.0,7.0,163.5,101.5,0.6666666666666666,0.5116411935411949,90.0488500632503,10.005427784805589,16.450849766934425,1.4158301912048756,176.0,14.0,0.07954545454545454,-11.122275352478027,-11.340844563075475,-11.09170913696289,-0.03056621551513672,0.9886363636363636,3.0,2.0,41.0,6.0,-11.09170913696289,-0.03056621551513672,-11.212163600921631,0.08988824844360366,0.0,1.0,1.0,1.0,32.285714285714285,176.0,0.0,1.0,0.7777777777777778,163.5,101.5,not_short_primary,nan,3+,6-10w
7JWHbs3gu1w_1,"As a train moves along, steam hisses",296,7JWHbs3gu1w,"[[61, 63], [102, 103], [238, 240]]",2.0,5.0,3,7,36,2-3s,2-5s,0.006756756756756757,0.0,0.0,0.0,0.0,12.0,268.0,29.0,0.09090909090909091,0.5116411935411949,151.44579328819367,75.72289664409683,124.75562310942418,5.258775401071418,296.0,5.0,0.016891891891891893,-11.418563842773438,-11.520752334594727,-11.110992431640625,-0.3075714111328125,0.7635135135135135,71.0,70.0,83.0,14.0,-11.623513221740723,0.20494937896728516,-11.300938177108765,-0.11762566566467214,0.0,0.0,0.0,0.0,140.9,296.0,0.0,1.0,6.0,268.0,29.0,longer_audio,188.5,3+,6-10w
7JWHbs3gu1w_2,"As a train moves along, a whistle blows",296,7JWHbs3gu1w,"[[183, 185]]",2.0,2.0,1,8,39,2-3s,2-5s,0.006756756756756757,0.0,0.0,0.0,0.0,7.0,266.5,82.5,0.2,0.5116411935411949,151.44579328819367,75.72289664409683,10.972535531695323,10.23671721445345,296.0,2.0,0.006756756756756757,-10.701841354370117,-10.746009349822998,-10.83353042602539,0.13168907165527344,1.0,1.0,0.0,86.0,16.0,-10.937854766845703,0.23601341247558594,-11.634580154418945,0.9327388000488277,1.0,1.0,1.0,1.0,184.0,296.0,0.0,1.0,3.5,266.5,82.5,longer_audio,188.5,1,6-10w
7JWHbs3gu1w_3,A motorcycle engine rumbles,296,7JWHbs3gu1w,"[[248, 253]]",5.0,5.0,1,4,27,5-10s,5-10s,0.016891891891891893,0.0,0.0,0.0,0.0,21.0,164.5,86.0,0.1111111111111111,0.5116411935411949,151.44579328819367,30.289158657638733,29.068630785039915,24.953233581484,296.0,5.0,0.016891891891891893,-11.845332145690918,-11.932690048217774,-10.680867195129395,-1.1644649505615234,0.3141891891891892,204.0,203.0,71.0,11.0,-11.482033729553223,-0.3632984161376953,-11.194173421859741,-0.6511587238311769,0.0,0.0,0.0,0.0,250.5,296.0,0.0,1.0,4.2,164.5,86.0,not_short_primary,nan,1,0-5w
7MLERaOgK_Y_1,Machinery runs,299,7MLERaOgK_Y,"[[2, 18], [30, 61], [121, 137], [68, 85], [168, 181], [235, 273], [199, 206]]",38.0,138.0,7,2,14,20s+,10s+,0.12709030100334448,0.0,0.0,1.0,1.0,18.0,251.0,3.0,0.9444444444444444,0.5116411935411949,152.98071686881727,4.025808338653086,1.4897796949413582,0.246694646134614,299.0,138.0,0.46153846153846156,-11.51798152923584,-12.017299769581228,-11.861955642700195,0.34397411346435547,1.0,1.0,0.0,42.0,0.0,-11.861955642700195,0.34397411346435547,-11.900318870544433,0.38233734130859354,1.0,1.0,1.0,1.0,132.41304347826087,299.0,0.0,1.0,0.47368421052631576,251.0,3.0,not_short_primary,nan,3+,0-5w
7MLERaOgK_Y_2,A woman and a child talk,299,7MLERaOgK_Y,"[[7, 68], [99, 108], [136, 154], [158, 163], [188, 196], [245, 258]]",61.0,114.0,6,6,24,20s+,10s+,0.2040133779264214,0.0,0.0,1.0,0.0,16.0,18.0,19.5,0.6923076923076923,0.5116411935411949,152.98071686881727,2.5078806044068402,2.6089378246956776,2.038260478986018,299.0,114.0,0.38127090301003347,-9.828542709350586,-11.289462934460555,-10.575170516967773,0.7466278076171875,1.0,1.0,0.0,49.0,0.0,-10.575170516967773,0.7466278076171875,-10.608326635360719,0.7797839260101327,1.0,1.0,1.0,1.0,100.32456140350877,299.0,0.0,1.0,0.26229508196721313,18.0,19.5,not_short_primary,nan,3+,6-10w
7MLERaOgK_Y_3,A child sings while running a machine,299,7MLERaOgK_Y,"[[74, 85], [199, 206]]",11.0,18.0,2,7,37,10-20s,10s+,0.03678929765886288,0.0,0.0,1.0,1.0,29.0,36.5,43.0,0.8461538461538461,0.5116411935411949,152.98071686881727,13.907337897165206,5.146511673433783,0.246694646134614,299.0,18.0,0.06020066889632107,-10.554996490478516,-11.321553283267551,-10.326116561889648,-0.2288799285888672,0.979933110367893,7.0,6.0,78.0,15.0,-11.254280090332031,0.6992835998535156,-10.673623332977295,0.11862684249877908,0.0,0.0,0.0,1.0,127.33333333333333,299.0,0.0,1.0,2.6363636363636362,36.5,43.0,not_short_primary,nan,2,6-10w
7P0N61TVOxE_1,A woman is talking as the wind blows,299,7P0N61TVOxE,"[[13, 28]]",15.0,15.0,1,8,36,10-20s,10s+,0.05016722408026756,0.0,0.0,1.0,1.0,32.0,280.0,259.5,0.7,0.5116411935411949,152.98071686881727,10.19871445792115,13.357887855382337,27.590282099957122,299.0,15.0,0.05016722408026756,-11.558988571166992,-11.660169347127278,-11.607076644897461,0.04808807373046875,1.0,1.0,0.0,87.0,8.0,-12.247379302978516,0.6883907318115234,-11.975751094818115,0.41676252365112276,1.0,1.0,1.0,1.0,20.5,299.0,0.0,1.0,2.1333333333333333,280.0,259.5,not_short_primary,nan,1,6-10w
7P0N61TVOxE_2,Music is playing while a woman is speaking,299,7P0N61TVOxE,"[[34, 71], [76, 107]]",37.0,68.0,2,8,42,20s+,10s+,0.12374581939799331,0.0,0.0,0.0,0.0,88.0,44.0,8.5,0.43023255813953487,0.5116411935411949,152.98071686881727,4.134613969427494,5.415359941371218,4.409717900042878,299.0,68.0,0.22742474916387959,-10.721752166748047,-10.975560791352216,-10.78674602508545,0.06499385833740234,1.0,1.0,0.0,72.0,3.0,-11.000181198120117,0.2784290313720703,-10.89463044166565,0.17287827491760233,1.0,1.0,1.0,1.0,70.27941176470588,299.0,0.0,1.0,2.3783783783783785,44.0,8.5,not_short_primary,nan,2,6-10w
7P0N61TVOxE_3,Music is playing as glass gets stacked,299,7P0N61TVOxE,"[[158, 160]]",2.0,2.0,1,7,38,2-3s,2-5s,0.006688963210702341,0.0,0.0,0.0,0.0,13.0,58.5,100.5,0.0,0.5116411935411949,152.98071686881727,76.49035843440863,79.57260365321817,16.038260478986018,299.0,2.0,0.006688963210702341,-11.580951690673828,-11.719603538513184,-10.343544006347656,-1.2374076843261719,0.6655518394648829,101.0,100.0,98.0,19.0,-11.536174774169922,-0.04477691650390625,-11.583395462036133,0.002443771362305114,0.0,0.0,0.0,0.0,159.0,299.0,0.0,1.0,6.5,58.5,100.5,longer_audio,188.5,1,6-10w
7P0N61TVOxE_4,A man is speaking,299,7P0N61TVOxE,"[[188, 300]]",112.0,112.0,1,4,17,20s+,10s+,0.3745819397993311,0.0,0.0,0.0,0.0,26.0,16.0,228.0,0.4107142857142857,0.5116411935411949,152.98071686881727,1.365899257757297,1.3108591645642698,16.1672866245396,299.0,111.0,0.3712374581939799,-12.196792602539062,-12.58537786500948,-11.44963550567627,-0.747157096862793,0.8461538461538461,47.0,46.0,55.0,13.0,-12.83297348022461,0.6361808776855469,-11.466664171218872,-0.7301284313201908,0.0,0.0,0.0,0.0,243.5,299.0,0.0,1.0,0.23214285714285715,16.0,228.0,not_short_primary,nan,1,0-5w
7P6lcyeDKNI_1,Loud noises fill the air as several people talk and someone coughs,98,7P6lcyeDKNI,"[[88, 90]]",2.0,2.0,1,12,66,2-3s,2-5s,0.02040816326530612,0.0,0.0,0.0,0.0,6.0,21.0,68.0,0.18181818181818182,0.5116411935411949,50.140836967037096,25.070418483518548,24.060184264644523,14.325732739815649,98.0,2.0,0.02040816326530612,-13.573287963867188,-13.642168998718262,-12.346063613891602,-1.227224349975586,0.1326530612244898,86.0,85.0,33.0,8.0,-13.539392471313477,-0.03389549255371094,-13.079800643920898,-0.4934873199462899,0.0,0.0,0.0,0.0,89.0,98.0,0.0,1.0,3.0,21.0,68.0,shorter_or_equal_audio,188.5,1,11-15w
7XUt6sQS7nM_1,A man speaks as sheep bleat in the background,299,7XUt6sQS7nM,"[[0, 5], [9, 11], [14, 24], [93, 95], [149, 154], [188, 300]]",112.0,136.0,6,9,45,20s+,10s+,0.3745819397993311,0.0,0.0,0.0,0.0,14.0,252.0,8.0,0.3,0.5116411935411949,152.98071686881727,1.365899257757297,1.4209393509503243,8.538260478986018,299.0,135.0,0.451505016722408,-11.27802848815918,-11.807873273778844,-11.592110633850098,0.31408214569091797,1.0,1.0,0.0,47.0,2.0,-11.592110633850098,0.31408214569091797,-11.603874731063843,0.3258462429046638,1.0,1.0,1.0,1.0,208.86296296296297,299.0,0.0,1.0,0.125,252.0,8.0,not_short_primary,nan,3+,6-10w
7XXSOzDQ2z0_1,Engines rumble in the background as a man speaks,297,7XXSOzDQ2z0,"[[30, 40], [46, 58], [122, 128], [136, 145], [155, 158], [177, 185], [196, 204], [217, 222], [232, 241], [252, 261], [274, 279], [290, 297]]",12.0,91.0,12,9,48,10-20s,10s+,0.04040404040404041,0.0,0.0,1.0,0.0,14.0,98.0,27.0,0.6153846153846154,0.5116411935411949,151.95743448173488,12.663119540144573,4.686079609004507,0.9004404351104256,297.0,91.0,0.3063973063973064,-11.472905158996582,-12.151752283284953,-11.613775253295898,0.1408700942993164,1.0,1.0,0.0,61.0,6.0,-11.832096099853516,0.3591909408569336,-11.665038642883301,0.19213348388671925,1.0,1.0,1.0,1.0,170.08241758241758,297.0,0.0,1.0,1.1666666666666667,98.0,27.0,not_short_primary,nan,3+,6-10w
7XXSOzDQ2z0_2,Engines rumble in the background as tires squeal,297,7XXSOzDQ2z0,"[[40, 44], [76, 77], [114, 116]]",4.0,7.0,3,8,48,3-5s,2-5s,0.013468013468013467,0.0,0.0,0.0,0.0,36.0,97.0,18.0,0.05714285714285714,0.5116411935411949,151.95743448173488,37.98935862043372,62.461820208829145,3.7982865523417644,297.0,7.0,0.02356902356902357,-11.670397758483887,-11.758214950561523,-11.463395118713379,-0.2070026397705078,0.7441077441077442,77.0,76.0,79.0,16.0,-11.469853401184082,-0.2005443572998047,-11.600021104812622,-0.07037665367126422,0.0,0.0,0.0,0.0,67.78571428571429,297.0,0.0,1.0,9.0,97.0,18.0,longer_audio,188.5,3+,6-10w
7XXSOzDQ2z0_3,A man shouts,297,7XXSOzDQ2z0,"[[145, 149]]",4.0,4.0,1,3,12,3-5s,2-5s,0.013468013468013467,0.0,0.0,0.0,0.0,11.0,142.5,4.5,0.25,0.5116411935411949,151.95743448173488,37.98935862043372,39.520172717400996,4.994526295180094,297.0,4.0,0.013468013468013467,-12.79179573059082,-13.874382257461548,-12.672236442565918,-0.11955928802490234,0.98989898989899,4.0,3.0,88.0,19.0,-12.751111030578613,-0.04068470001220703,-13.958400974273681,1.1666052436828611,0.0,0.0,1.0,1.0,147.0,297.0,0.0,1.0,2.75,142.5,4.5,longer_audio,188.5,1,0-5w
7bO0AJI-ihs_1,Hooves clatter as someone talks,65,7bO0AJI-ihs,"[[20, 23], [45, 47]]",3.0,5.0,2,5,31,3-5s,2-5s,0.046153846153846156,0.0,0.0,0.0,0.0,5.0,25.5,4.0,0.3333333333333333,0.5116411935411949,33.256677580177666,11.085559193392555,9.654876738260931,1.0862458878071877,65.0,5.0,0.07692307692307693,-11.835790634155273,-12.089067459106445,-11.636260986328125,-0.19952964782714844,0.9384615384615385,5.0,4.0,7.0,4.0,-11.636260986328125,-0.19952964782714844,-11.984565086364746,0.14877445220947294,0.0,0.0,1.0,1.0,31.3,65.0,0.0,1.0,1.6666666666666667,25.5,4.0,shorter_or_equal_audio,188.5,2,0-5w
7bO0AJI-ihs_2,Hooves clatter as an engine runs,65,7bO0AJI-ihs,"[[31, 35]]",4.0,4.0,1,6,32,3-5s,2-5s,0.06153846153846154,1.0,1.0,1.0,1.0,5.0,32.5,0.5,0.8,0.5116411935411949,33.256677580177666,8.314169395044416,8.649196049262844,1.921360973692611,65.0,4.0,0.06153846153846154,-11.541488647460938,-11.590531587600708,-11.444316864013672,-0.09717178344726562,0.9538461538461539,4.0,3.0,10.0,3.0,-11.56242561340332,0.020936965942382812,-11.720431098937988,0.17894245147705057,0.0,0.0,1.0,1.0,33.0,65.0,1.0,0.0,1.25,32.5,0.5,shorter_or_equal_audio,188.5,1,6-10w
7upINC4seBw_1,"While a man speaks, something crashes",182,7upINC4seBw,"[[53, 55], [143, 146], [152, 154], [83, 86], [77, 79]]",3.0,12.0,5,6,37,3-5s,2-5s,0.016483516483516484,0.0,0.0,0.0,0.0,6.0,61.0,7.0,0.375,0.5116411935411949,93.11869722449747,31.039565741499157,32.290331917247954,2.520189273660691,182.0,12.0,0.06593406593406594,-11.10630989074707,-11.677638133366903,-11.04557991027832,-0.06072998046875,0.9945054945054945,2.0,1.0,51.0,11.0,-11.342089653015137,0.2357797622680664,-11.435150299072266,0.32884040832519545,0.0,1.0,1.0,1.0,104.75,182.0,0.0,1.0,2.0,61.0,7.0,shorter_or_equal_audio,188.5,3+,6-10w
83j4GgHXTLE_1,A woman whispers softly and lets out a breath,220,83j4GgHXTLE,"[[215, 218]]",3.0,3.0,1,9,45,3-5s,2-5s,0.013636363636363636,0.0,0.0,0.0,0.0,9.0,92.5,124.0,0.42857142857142855,0.5116411935411949,112.56106257906286,37.52035419302096,36.008439035522414,48.863889824075954,220.0,3.0,0.013636363636363636,-12.18557357788086,-12.223968505859375,-11.64451789855957,-0.5410556793212891,0.3409090909090909,146.0,145.0,77.0,18.0,-12.168060302734375,-0.017513275146484375,-11.948393325805664,-0.2371802520751949,0.0,0.0,0.0,0.0,216.5,220.0,0.0,1.0,3.0,92.5,124.0,longer_audio,188.5,1,6-10w
83j4GgHXTLE_2,A child screams loudly,220,83j4GgHXTLE,"[[30, 33], [213, 215], [180, 183], [140, 144], [8, 9], [42, 47], [55, 57], [73, 74], [78, 79], [89, 91], [125, 127], [128, 130], [132, 134], [152, 153], [156, 162], [165, 170], [171, 175], [186, 189], [208, 210]]",6.0,51.0,19,4,22,5-10s,5-10s,0.02727272727272727,0.0,0.0,1.0,0.0,8.0,147.0,5.0,0.5,0.5116411935411949,112.56106257906286,18.76017709651048,18.004219517761207,0.1361101759240455,220.0,51.0,0.2318181818181818,-10.023554801940918,-10.474121336843453,-9.894533157348633,-0.12902164459228516,0.9863636363636363,4.0,3.0,47.0,7.0,-9.97325325012207,-0.050301551818847656,-10.01755986213684,-0.005994939804077504,0.0,0.0,1.0,1.0,131.42156862745097,220.0,0.0,1.0,1.3333333333333333,147.0,5.0,not_short_primary,nan,3+,0-5w
86dNVnTwH6U_1,Machinery runs,83,86dNVnTwH6U,"[[1, 4], [8, 14], [21, 30], [33, 40], [46, 63], [66, 77]]",17.0,53.0,6,2,14,10-20s,10s+,0.20481927710843373,1.0,0.0,1.0,1.0,11.0,57.5,3.0,0.7272727272727273,0.5116411935411949,42.466219063919176,2.4980128861128925,1.575779382219,0.5800606450574932,83.0,53.0,0.6385542168674698,-10.710090637207031,-11.718595630717727,-11.434885025024414,0.7247943878173828,1.0,1.0,0.0,3.0,0.0,-11.434885025024414,0.7247943878173828,-11.434885025024414,0.7247943878173828,1.0,1.0,1.0,1.0,42.85849056603774,83.0,0.0,1.0,0.6470588235294118,57.5,3.0,not_short_primary,nan,3+,0-5w
8DQfjqPCTI8_1,Birds chirp as a man talks while working with a wooden box,299,8DQfjqPCTI8,"[[119, 121], [130, 133], [158, 159], [178, 184], [190, 196], [253, 274], [165, 167], [201, 204]]",21.0,44.0,8,12,58,20s+,10s+,0.07023411371237458,0.0,0.0,1.0,0.0,15.0,254.5,9.0,0.5454545454545454,0.5116411935411949,152.98071686881727,7.284796041372251,2.6957918289415055,0.246694646134614,299.0,44.0,0.14715719063545152,-11.899831771850586,-12.405842932787808,-11.777111053466797,-0.12272071838378906,0.979933110367893,7.0,6.0,77.0,14.0,-11.777111053466797,-0.12272071838378906,-11.86925018310547,-0.030581588745116406,0.0,0.0,0.0,1.0,216.13636363636363,299.0,0.0,1.0,0.7142857142857143,254.5,9.0,not_short_primary,nan,3+,11-15w
8DQfjqPCTI8_2,Machinery hums,299,8DQfjqPCTI8,"[[295, 300]]",5.0,5.0,1,2,14,5-10s,5-10s,0.016722408026755852,1.0,0.0,1.0,0.0,7.0,295.5,2.0,0.5,0.5116411935411949,152.98071686881727,30.596143373763454,29.36324528623964,69.6672866245396,299.0,4.0,0.013377926421404682,-9.731825828552246,-9.779849290847778,-11.11550521850586,1.3836793899536133,1.0,1.0,0.0,89.0,13.0,-11.361211776733398,1.6293859481811523,-11.892233400344848,2.160407571792602,1.0,1.0,1.0,1.0,297.0,299.0,1.0,1.0,1.4,295.5,2.0,not_short_primary,nan,1,0-5w
8F-ndyrEWJ8_1,A man speaks as engines roar and lively music plays,299,8F-ndyrEWJ8,"[[32, 171], [186, 231], [236, 300]]",139.0,248.0,3,10,51,20s+,10s+,0.46488294314381273,0.0,0.0,0.0,0.0,15.0,287.5,19.5,0.3695652173913043,0.5116411935411949,152.98071686881727,1.100580696897966,0.9585417193381356,1.8967310839130391,299.0,247.0,0.8260869565217391,-11.285449981689453,-11.999033796642474,-11.262484550476074,-0.022965431213378906,0.9966555183946488,2.0,1.0,19.0,6.0,-11.44477367401123,0.15932369232177734,-11.262484550476074,-0.022965431213378906,0.0,1.0,1.0,1.0,163.334008097166,299.0,0.0,1.0,0.1079136690647482,287.5,19.5,not_short_primary,nan,3+,6-10w
8GHLfJ6y6zA_1,A man's voice and keyboard sounds blend with music,300,8GHLfJ6y6zA,"[[18, 28], [77, 82], [214, 217], [240, 250], [84, 85], [106, 110], [142, 150]]",10.0,41.0,7,9,50,10-20s,10s+,0.03333333333333333,0.0,0.0,0.0,0.0,9.0,54.5,25.0,0.1875,0.5116411935411949,153.49235806235845,15.349235806235844,25.28830198164004,1.2149750686534588,300.0,41.0,0.13666666666666666,-11.114444732666016,-11.91818649012868,-10.977679252624512,-0.1367654800415039,0.98,7.0,6.0,90.0,23.0,-11.040369987487793,-0.07407474517822266,-11.096517438888549,-0.017927293777466602,0.0,0.0,0.0,1.0,131.91463414634146,300.0,0.0,1.0,0.9,54.5,25.0,not_short_primary,nan,3+,6-10w
8GHLfJ6y6zA_2,A man sings as music plays,300,8GHLfJ6y6zA,"[[43, 48]]",5.0,5.0,1,6,26,5-10s,5-10s,0.016666666666666666,0.0,0.0,1.0,0.0,11.0,30.5,15.0,0.5555555555555556,0.5116411935411949,153.49235806235845,30.69847161247169,40.207689196803024,2.7511191638365773,300.0,5.0,0.016666666666666666,-10.528594970703125,-11.137066841125488,-10.386226654052734,-0.14236831665039062,0.9933333333333333,3.0,2.0,100.0,20.0,-11.429180145263672,0.9005851745605469,-11.949300975799561,1.4207060050964362,0.0,1.0,1.0,1.0,45.5,300.0,0.0,1.0,2.2,30.5,15.0,not_short_primary,nan,1,6-10w
8OTd45_6cvY_1,Something hisses out,299,8OTd45_6cvY,"[[0, 13]]",13.0,13.0,1,3,20,10-20s,10s+,0.043478260869565216,0.0,0.0,0.0,0.0,12.0,216.0,209.5,0.0,0.5116411935411949,152.98071686881727,11.767747451447482,15.412947525441158,41.59028209995712,299.0,13.0,0.043478260869565216,-11.732763290405273,-12.158023027273325,-11.345575332641602,-0.3871879577636719,0.8494983277591973,46.0,45.0,82.0,19.0,-11.558277130126953,-0.1744861602783203,-11.566783266067505,-0.16598002433776848,0.0,0.0,0.0,0.0,6.5,299.0,0.0,1.0,0.9230769230769231,216.0,209.5,not_short_primary,nan,1,0-5w
8OTd45_6cvY_2,Footsteps echo and something is sprayed as rain falls,299,8OTd45_6cvY,"[[18, 19], [22, 23], [34, 36], [38, 40], [43, 45]]",2.0,8.0,5,9,53,2-3s,2-5s,0.006688963210702341,0.0,0.0,0.0,0.0,8.0,14.0,4.5,0.2222222222222222,0.5116411935411949,152.98071686881727,76.49035843440863,100.18415891536753,4.090282099957122,299.0,8.0,0.026755852842809364,-11.39266586303711,-11.57520616054535,-9.998025894165039,-1.3946399688720703,0.7993311036789298,61.0,60.0,80.0,15.0,-9.998025894165039,-1.3946399688720703,-10.877378597259522,-0.5152872657775873,0.0,0.0,0.0,0.0,34.625,299.0,0.0,1.0,4.0,14.0,4.5,longer_audio,188.5,3+,6-10w
8OTd45_6cvY_3,Someone moans,299,8OTd45_6cvY,"[[50, 53], [148, 149], [83, 89], [255, 258], [202, 208]]",6.0,19.0,5,2,13,5-10s,5-10s,0.020066889632107024,0.0,0.0,0.0,0.0,11.0,67.5,16.0,0.375,0.5116411935411949,152.98071686881727,25.49678614480288,22.206216498000142,1.6032689160869609,299.0,19.0,0.06354515050167224,-11.143928527832031,-11.877440904316149,-11.001781463623047,-0.14214706420898438,0.9933110367892977,3.0,2.0,83.0,14.0,-11.252883911132812,0.10895538330078125,-11.392396936416626,0.2484684085845945,0.0,1.0,1.0,1.0,148.3421052631579,299.0,0.0,1.0,1.8333333333333333,67.5,16.0,not_short_primary,nan,3+,0-5w
8OTd45_6cvY_4,A door opens and closes,299,8OTd45_6cvY,"[[143, 144], [235, 238], [246, 250]]",4.0,8.0,3,5,23,3-5s,2-5s,0.013377926421404682,0.0,0.0,0.0,0.0,10.0,216.0,20.5,0.16666666666666666,0.5116411935411949,152.98071686881727,38.24517921720432,39.78630182660908,0.5382604789860181,299.0,8.0,0.026755852842809364,-10.99810791015625,-11.312154054641724,-10.992559432983398,-0.0055484771728515625,0.9966555183946488,2.0,1.0,89.0,14.0,-11.274301528930664,0.27619361877441406,-11.314742975234985,0.31663506507873507,0.0,1.0,1.0,1.0,230.625,299.0,0.0,1.0,2.5,216.0,20.5,longer_audio,188.5,3+,0-5w
8b9z7N25DmU_1,Engine noise fills the air as steam hisses,268,8b9z7N25DmU,"[[68, 70], [144, 146], [160, 162], [231, 233]]",2.0,8.0,4,8,42,2-3s,2-5s,0.007462686567164179,0.0,0.0,0.0,0.0,18.0,125.0,20.0,0.16666666666666666,0.5116411935411949,137.11983986904022,68.55991993452011,112.72570919842566,3.4577131179380274,268.0,8.0,0.029850746268656716,-10.983968734741211,-11.89035427570343,-11.195411682128906,0.2114429473876953,1.0,1.0,0.0,83.0,17.0,-11.412073135375977,0.4281044006347656,-11.662867460250855,0.6788987255096437,1.0,1.0,1.0,1.0,151.75,268.0,0.0,1.0,9.0,125.0,20.0,longer_audio,188.5,3+,6-10w
8b9z7N25DmU_2,The wind blows and a man talks as an engine hums and insects chirp,268,8b9z7N25DmU,"[[254, 269]]",15.0,15.0,1,14,66,10-20s,10s+,0.055970149253731345,0.0,0.0,0.0,0.0,15.0,50.5,211.0,0.47058823529411764,0.5116411935411949,137.11983986904022,9.141322657936014,8.772965146836372,57.28873851296524,268.0,14.0,0.05223880597014925,-11.382408142089844,-11.968066692352295,-11.136268615722656,-0.2461395263671875,0.9552238805970149,13.0,12.0,81.0,12.0,-12.316267013549805,0.9338588714599609,-11.539596977233886,0.15718883514404247,0.0,0.0,0.0,0.0,261.0,268.0,0.0,1.0,1.0,50.5,211.0,not_short_primary,nan,1,11-15w
8o-Y4QP8LWs_1,A man talks as music plays,300,8o-Y4QP8LWs,"[[4, 34]]",30.0,30.0,1,6,26,20s+,10s+,0.1,1.0,1.0,1.0,1.0,25.0,14.5,4.5,0.71875,0.5116411935411949,153.49235806235845,5.116411935411948,6.701281532800504,29.251119163836577,300.0,30.0,0.1,-10.122251510620117,-10.541896343231201,-10.390195846557617,0.2679443359375,1.0,1.0,0.0,76.0,2.0,-10.390195846557617,0.2679443359375,-10.778026990890503,0.6557754802703855,1.0,1.0,1.0,1.0,19.0,300.0,0.0,0.0,0.8333333333333334,14.5,4.5,not_short_primary,nan,1,6-10w
8o-Y4QP8LWs_2,Drawers open and close as metal clangs,300,8o-Y4QP8LWs,"[[56, 60], [79, 83]]",4.0,8.0,2,7,38,3-5s,2-5s,0.013333333333333334,0.0,0.0,0.0,0.0,12.0,55.0,3.0,0.3333333333333333,0.5116411935411949,153.49235806235845,38.37308951558961,63.09274768568601,0.10938035590078243,300.0,8.0,0.02666666666666667,-11.234928131103516,-11.484892010688782,-11.056909561157227,-0.17801856994628906,0.9633333333333334,12.0,11.0,84.0,9.0,-11.079996109008789,-0.15493202209472656,-11.658844633102417,0.4239165019989013,0.0,0.0,0.0,0.0,69.5,300.0,0.0,1.0,3.0,55.0,3.0,longer_audio,188.5,2,6-10w
8o-Y4QP8LWs_3,Machinery runs,300,8o-Y4QP8LWs,"[[141, 275], [293, 300], [91, 105]]",134.0,155.0,3,2,14,20s+,10s+,0.44666666666666666,0.0,0.0,1.0,1.0,52.0,223.0,15.0,0.7160493827160493,0.5116411935411949,153.49235806235845,1.1454653586743169,0.9976336468926337,0.7057502514177827,300.0,155.0,0.5166666666666667,-11.36020278930664,-11.734505684145036,-11.966405868530273,0.6062030792236328,1.0,1.0,0.0,44.0,0.0,-12.01529312133789,0.65509033203125,-11.966405868530273,0.6062030792236328,1.0,1.0,1.0,1.0,202.06129032258065,300.0,0.0,1.0,0.3880597014925373,223.0,15.0,not_short_primary,nan,3+,0-5w
8ycflE3dIHw_1,A train moves along the tracks,299,8ycflE3dIHw,"[[5, 300]]",295.0,295.0,1,6,30,20s+,10s+,0.9866220735785953,0.0,0.0,0.0,0.0,58.0,35.0,117.5,0.19661016949152543,0.5116411935411949,152.98071686881727,0.518578701250228,0.5394752790048689,9.538260478986018,299.0,294.0,0.9832775919732442,-10.738435745239258,-11.468811492530667,-11.66442584991455,0.925990104675293,1.0,1.0,0.0,1.0,0.0,-11.66442584991455,0.925990104675293,-11.66442584991455,0.925990104675293,1.0,1.0,1.0,1.0,152.0,299.0,0.0,1.0,0.19661016949152543,35.0,117.5,not_short_primary,nan,1,6-10w
8ycflE3dIHw_2,A train blows its whistle,299,8ycflE3dIHw,"[[165, 167]]",2.0,2.0,1,5,25,2-3s,2-5s,0.006688963210702341,0.0,0.0,0.0,0.0,5.0,166.5,0.5,0.4,0.5116411935411949,152.98071686881727,76.49035843440863,11.083743662084126,9.524397138102756,299.0,2.0,0.006688963210702341,-10.153650283813477,-10.536885738372803,-9.983859062194824,-0.16979122161865234,0.9966555183946488,2.0,1.0,83.0,18.0,-11.324856758117676,1.1712064743041992,-11.896469087600709,1.742818803787232,0.0,1.0,1.0,1.0,166.0,299.0,1.0,1.0,2.5,166.5,0.5,longer_audio,188.5,1,0-5w
9F3sutgYTvo_1,People chat as a child screams,69,9F3sutgYTvo,"[[2, 6], [33, 36], [44, 46], [51, 54]]",4.0,12.0,4,6,30,3-5s,2-5s,0.057971014492753624,1.0,0.0,1.0,1.0,7.0,5.5,1.5,0.75,0.5116411935411949,35.303242354342444,8.825810588585611,8.470166909492205,0.0767800097216309,69.0,12.0,0.17391304347826086,-10.886011123657227,-11.117803970972696,-10.852224349975586,-0.033786773681640625,0.9855072463768116,2.0,1.0,15.0,2.0,-10.852224349975586,-0.033786773681640625,-11.010659761428833,0.12464863777160673,0.0,1.0,1.0,1.0,30.583333333333332,69.0,1.0,1.0,1.75,5.5,1.5,shorter_or_equal_audio,188.5,3+,6-10w
9F3sutgYTvo_2,People chat as bells ring,69,9F3sutgYTvo,"[[45, 47]]",2.0,2.0,1,5,25,2-3s,2-5s,0.028985507246376812,0.0,0.0,0.0,0.0,6.0,39.0,7.0,0.25,0.5116411935411949,35.303242354342444,17.651621177171222,6.532110970127494,0.6738396970458567,69.0,2.0,0.028985507246376812,-11.127595901489258,-11.26867389678955,-10.732565879821777,-0.39503002166748047,0.6086956521739131,28.0,27.0,22.0,4.0,-11.187307357788086,0.059711456298828125,-11.108435916900635,-0.019159984588622336,0.0,0.0,0.0,0.0,46.0,69.0,0.0,1.0,3.0,39.0,7.0,shorter_or_equal_audio,188.5,1,0-5w
9PN4gyxpH2M_1,Music is playing,212,9PN4gyxpH2M,"[[1, 8], [195, 212]]",17.0,24.0,2,3,16,10-20s,10s+,0.08018867924528301,1.0,0.0,1.0,1.0,5.0,2.5,2.0,0.7647058823529411,0.5116411935411949,108.4679330307333,6.3804666488666655,8.356892264433569,29.597457542444516,212.0,24.0,0.11320754716981132,-9.434593200683594,-10.776116013526917,-11.882050514221191,2.4474573135375977,1.0,1.0,0.0,56.0,0.0,-11.882050514221191,2.4474573135375977,-12.103073787689208,2.6684805870056145,1.0,1.0,1.0,1.0,145.45833333333334,212.0,1.0,1.0,0.29411764705882354,2.5,2.0,not_short_primary,nan,2,0-5w
9PN4gyxpH2M_2,Paper is being cut,212,9PN4gyxpH2M,"[[20, 73]]",53.0,53.0,1,4,18,20s+,10s+,0.25,0.0,0.0,0.0,0.0,5.0,2.5,44.0,0.1509433962264151,0.5116411935411949,108.4679330307333,2.0465647741647794,3.364946543236587,10.81729545150322,212.0,53.0,0.25,-10.87586784362793,-12.277084314598227,-10.13229751586914,-0.7435703277587891,0.9858490566037735,4.0,3.0,47.0,6.0,-11.559097290039062,0.6832294464111328,-10.410866966247559,-0.4650008773803709,0.0,0.0,1.0,1.0,46.5,212.0,0.0,1.0,0.09433962264150944,2.5,44.0,not_short_primary,nan,1,0-5w
9U8COLzEegs_1,A man talks while handling plastic objects as water flows,300,9U8COLzEegs,"[[129, 132], [159, 165]]",6.0,9.0,2,10,57,5-10s,5-10s,0.02,0.0,0.0,0.0,0.0,14.0,224.0,62.0,0.4,0.5116411935411949,153.49235806235845,25.582059677059743,16.137499697423493,3.5243155845451497,300.0,9.0,0.03,-11.261947631835938,-11.614382531907824,-11.001459121704102,-0.26048851013183594,0.9633333333333334,12.0,11.0,96.0,23.0,-11.188150405883789,-0.07379722595214844,-11.329297065734863,0.06734943389892578,0.0,0.0,0.0,0.0,151.5,300.0,0.0,1.0,2.3333333333333335,224.0,62.0,not_short_primary,nan,2,6-10w
9U8COLzEegs_2,A man talks as water flows and a warning sounds,300,9U8COLzEegs,"[[191, 211]]",20.0,20.0,1,10,47,20s+,10s+,0.06666666666666667,0.0,0.0,0.0,0.0,11.0,5.5,195.5,0.46511627906976744,0.5116411935411949,153.49235806235845,7.674617903117922,2.840048247881519,1.9297378132428662,300.0,20.0,0.06666666666666667,-11.700284957885742,-11.992084169387818,-11.587455749511719,-0.11282920837402344,0.99,4.0,3.0,94.0,23.0,-11.912434577941895,0.21214962005615234,-11.78588430404663,0.0855993461608886,0.0,0.0,1.0,1.0,201.0,300.0,0.0,1.0,0.55,5.5,195.5,not_short_primary,nan,1,6-10w
9U8COLzEegs_3,A man talks while pressing buttons as water flows,300,9U8COLzEegs,"[[230, 234], [272, 276], [248, 254]]",6.0,14.0,3,9,49,5-10s,5-10s,0.02,0.0,0.0,0.0,0.0,16.0,153.0,79.0,0.46153846153846156,0.5116411935411949,153.49235806235845,25.582059677059743,24.551208433310737,3.4053043055581043,300.0,14.0,0.04666666666666667,-11.647481918334961,-12.17241873059954,-11.148246765136719,-0.4992351531982422,0.78,67.0,66.0,93.0,24.0,-11.622243881225586,-0.025238037109375,-11.335160779953004,-0.3123211383819573,0.0,0.0,0.0,0.0,252.14285714285714,300.0,0.0,1.0,2.6666666666666665,153.0,79.0,not_short_primary,nan,3+,6-10w
9ZZHvwaH-CU_1,Footsteps echo,299,9ZZHvwaH-CU,"[[0, 36], [242, 255]]",36.0,49.0,2,2,14,20s+,10s+,0.12040133779264214,0.0,0.0,0.0,0.0,14.0,9.0,9.0,0.3888888888888889,0.5116411935411949,152.98071686881727,4.249464357467146,4.078228511977728,20.6672866245396,299.0,49.0,0.16387959866220736,-10.659394264221191,-11.12604824377566,-11.604351043701172,0.9449567794799805,1.0,1.0,0.0,72.0,0.0,-11.604351043701172,0.9449567794799805,-11.75003098487854,1.0906367206573488,1.0,1.0,1.0,1.0,79.15306122448979,299.0,0.0,1.0,0.3888888888888889,9.0,9.0,not_short_primary,nan,2,0-5w
9ZZHvwaH-CU_2,Music plays as gunshots ring out and something crashes,299,9ZZHvwaH-CU,"[[40, 57], [115, 119], [123, 130], [142, 147], [161, 170], [180, 185], [212, 215]]",17.0,50.0,7,9,54,10-20s,10s+,0.056856187290969896,0.0,0.0,1.0,0.0,15.0,109.5,7.5,0.5294117647058824,0.5116411935411949,152.98071686881727,8.998865698165721,11.786371637102063,0.4097179000428781,299.0,50.0,0.16722408026755853,-10.828901290893555,-11.003874835968018,-10.789640426635742,-0.0392608642578125,0.9565217391304348,14.0,13.0,79.0,16.0,-10.789640426635742,-0.0392608642578125,-10.803065938949585,-0.025835351943969798,0.0,0.0,0.0,0.0,118.86,299.0,0.0,1.0,0.8823529411764706,109.5,7.5,not_short_primary,nan,3+,6-10w
9ZZHvwaH-CU_3,Music plays and an alarm goes off,299,9ZZHvwaH-CU,"[[107, 116], [130, 136], [171, 176], [220, 226]]",9.0,26.0,4,7,33,5-10s,5-10s,0.030100334448160536,0.0,0.0,0.0,0.0,24.0,270.0,47.0,0.46153846153846156,0.5116411935411949,152.98071686881727,16.997857429868585,10.722472021176944,0.577567865930007,299.0,26.0,0.08695652173913043,-12.719640731811523,-13.520687029911922,-12.739336013793945,0.019695281982421875,1.0,1.0,0.0,85.0,16.0,-13.292793273925781,0.5731525421142578,-12.956988315582276,0.23734758377075238,1.0,1.0,1.0,1.0,154.1153846153846,299.0,0.0,1.0,2.6666666666666665,270.0,47.0,not_short_primary,nan,3+,6-10w
9ZZHvwaH-CU_4,Machines operate as something bumps into things,299,9ZZHvwaH-CU,"[[255, 300]]",45.0,45.0,1,7,47,20s+,10s+,0.1505016722408027,0.0,0.0,0.0,0.0,11.0,10.5,267.0,0.3333333333333333,0.5116411935411949,152.98071686881727,3.399571485973717,3.2625828095821823,49.6672866245396,299.0,44.0,0.14715719063545152,-11.873394012451172,-12.439044909043746,-10.65987777709961,-1.2135162353515625,0.3277591973244147,202.0,201.0,88.0,15.0,-11.49779224395752,-0.37560176849365234,-10.747909593582154,-1.1254844188690178,0.0,0.0,0.0,0.0,277.0,299.0,0.0,1.0,0.24444444444444444,10.5,267.0,not_short_primary,nan,1,6-10w
9dLLsZVRSZI_1,An engine hums as a horn honks,225,9dLLsZVRSZI,"[[118, 119]]",1.0,1.0,1,7,30,1-2s,0-2s,0.0044444444444444444,0.0,0.0,0.0,0.0,4.0,119.0,0.5,0.25,0.5116411935411949,115.11926854676885,115.11926854676885,119.75809914363938,10.920095678166732,225.0,1.0,0.0044444444444444444,-10.314535140991211,-10.314535140991211,-11.038763999938965,0.7242288589477539,1.0,1.0,0.0,70.0,14.0,-11.038763999938965,0.7242288589477539,-12.223575935363769,1.909040794372558,1.0,1.0,1.0,1.0,118.5,225.0,1.0,1.0,4.0,119.0,0.5,longer_audio,213.0,1,6-10w
9hxFqltp3xw_1,"While a woman talks, something is sprayed",72,9hxFqltp3xw,"[[35, 42], [48, 50]]",7.0,9.0,2,7,41,5-10s,5-10s,0.09722222222222222,0.0,0.0,0.0,0.0,28.0,39.0,0.5,0.4444444444444444,0.5116411935411949,36.83816593496603,5.262595133566576,1.9474616556901847,0.29686292482170984,72.0,9.0,0.125,-12.031396865844727,-12.201123237609863,-11.874795913696289,-0.1566009521484375,0.6944444444444444,23.0,22.0,16.0,6.0,-11.922456741333008,-0.10894012451171875,-11.931900815963745,-0.09949604988098137,0.0,0.0,0.0,0.0,40.833333333333336,72.0,1.0,1.0,4.0,39.0,0.5,not_short_primary,nan,2,6-10w
9ucb5HYO8ps_1,"As women talk, someone burps",238,9ucb5HYO8ps,"[[13, 16], [47, 48], [49, 50], [87, 91], [99, 110], [127, 128], [137, 138], [156, 158], [164, 166], [174, 175], [193, 195], [198, 201], [203, 207], [20, 21], [52, 53]]",11.0,38.0,15,5,28,10-20s,10s+,0.046218487394957986,0.0,0.0,0.0,0.0,32.0,40.0,7.5,0.24444444444444444,0.5116411935411949,121.77060406280438,11.070054914800398,9.641373414151476,0.5465618661247618,238.0,38.0,0.15966386554621848,-11.04684829711914,-11.615209077533923,-10.884316444396973,-0.16253185272216797,0.957983193277311,11.0,10.0,64.0,11.0,-10.984260559082031,-0.06258773803710938,-10.980836687088013,-0.06601161003112743,0.0,0.0,0.0,0.0,121.28947368421052,238.0,0.0,1.0,2.909090909090909,40.0,7.5,not_short_primary,nan,3+,0-5w
9ucb5HYO8ps_2,"As a woman laughs, something gets struck",238,9ucb5HYO8ps,"[[54, 56], [166, 168], [184, 186], [78, 80]]",2.0,8.0,4,7,40,2-3s,2-5s,0.008403361344537815,0.0,0.0,0.0,0.0,10.0,16.0,39.0,0.2222222222222222,0.5116411935411949,121.77060406280438,60.88530203140219,53.02755377783312,2.5465618661247618,238.0,8.0,0.03361344537815126,-11.16869831085205,-11.314770817756653,-10.653594970703125,-0.5151033401489258,0.7521008403361344,60.0,59.0,69.0,12.0,-11.05036735534668,-0.1183309555053711,-10.953588876724243,-0.21510943412780748,0.0,0.0,0.0,0.0,121.5,238.0,0.0,1.0,5.0,16.0,39.0,longer_audio,188.5,3+,6-10w
9vZDsGjyh5M_1,Something is thrown away as an engine hums,117,9vZDsGjyh5M,"[[79, 81]]",2.0,2.0,1,8,42,2-3s,2-5s,0.017094017094017096,1.0,0.0,1.0,0.0,3.0,80.5,0.5,0.6666666666666666,0.5116411935411949,59.8620196443198,29.9310098221599,26.068167193304514,0.8447574019470636,117.0,2.0,0.017094017094017096,-10.28952407836914,-11.021242141723633,-11.669622421264648,1.3800983428955078,1.0,1.0,0.0,35.0,6.0,-11.695220947265625,1.4056968688964844,-12.20537956237793,1.9158554840087891,1.0,1.0,1.0,1.0,80.0,117.0,1.0,1.0,1.5,80.5,0.5,shorter_or_equal_audio,188.5,1,6-10w
9z2OwpftxUE_1,"As rain falls, thunder rumbles",208,9z2OwpftxUE,"[[8, 19], [41, 57], [65, 82], [92, 114], [144, 153], [165, 182], [189, 195]]",22.0,98.0,7,5,30,20s+,10s+,0.10576923076923077,0.0,0.0,1.0,1.0,20.0,189.0,3.0,0.7368421052631579,0.5116411935411949,106.42136825656853,4.837334920753115,7.969646685122921,2.222382714266402,208.0,98.0,0.47115384615384615,-10.717225074768066,-11.002821941764987,-10.587020874023438,-0.1302042007446289,0.9423076923076923,13.0,12.0,33.0,7.0,-10.663241386413574,-0.05398368835449219,-10.587484798431397,-0.12974027633666907,0.0,0.0,0.0,0.0,100.87755102040816,208.0,0.0,1.0,0.9090909090909091,189.0,3.0,not_short_primary,nan,3+,0-5w
9z2OwpftxUE_2,Rain falls as people talk,208,9z2OwpftxUE,"[[106, 107], [163, 165]]",2.0,3.0,2,5,25,2-3s,2-5s,0.009615384615384616,0.0,0.0,0.0,0.0,15.0,9.5,97.0,0.1,0.5116411935411949,106.42136825656853,53.210684128284264,51.066513541286334,5.507677651853612,208.0,3.0,0.014423076923076924,-10.874343872070312,-11.140950838724772,-10.578863143920898,-0.29548072814941406,0.6778846153846154,68.0,67.0,69.0,15.0,-10.72506332397461,-0.14928054809570312,-10.85727954864502,-0.017064323425293182,0.0,0.0,0.0,0.0,144.83333333333334,208.0,0.0,1.0,7.5,9.5,97.0,longer_audio,188.5,2,0-5w
9z8XIRyUq9Q_1,Applause fills the air,299,9z8XIRyUq9Q,"[[3, 8], [18, 24], [150, 155], [162, 166], [171, 177], [234, 238], [257, 262]]",6.0,35.0,7,4,22,5-10s,5-10s,0.020066889632107024,0.0,0.0,1.0,1.0,8.0,159.0,5.0,0.7142857142857143,0.5116411935411949,152.98071686881727,25.49678614480288,3.6945812206947086,1.5243971381027563,299.0,35.0,0.11705685618729098,-10.096059799194336,-11.261931037902832,-10.737428665161133,0.6413688659667969,1.0,1.0,0.0,76.0,4.0,-10.737428665161133,0.6413688659667969,-11.386100206375122,1.2900404071807863,1.0,1.0,1.0,1.0,138.78571428571428,299.0,0.0,1.0,1.3333333333333333,159.0,5.0,not_short_primary,nan,3+,0-5w
A61Mry8zBwE_1,"Amid the voices of a crowd, someone coughs",132,A61Mry8zBwE,"[[27, 28]]",1.0,1.0,1,8,42,1-2s,0-2s,0.007575757575757576,0.0,0.0,0.0,0.0,5.0,2.5,25.0,0.0,0.5116411935411949,67.53663754743772,67.53663754743772,88.45691623296665,6.269507567911905,132.0,1.0,0.007575757575757576,-11.024469375610352,-11.024469375610352,-10.286563873291016,-0.7379055023193359,0.6212121212121212,51.0,50.0,40.0,9.0,-10.951364517211914,-0.0731048583984375,-11.0578604888916,0.03339111328124922,0.0,0.0,0.0,0.0,27.5,132.0,0.0,1.0,5.0,2.5,25.0,shorter_or_equal_audio,213.0,1,6-10w
A61Mry8zBwE_2,Applause fills the air,132,A61Mry8zBwE,"[[32, 39], [56, 64], [121, 132]]",11.0,26.0,3,4,22,10-20s,10s+,0.08333333333333333,1.0,1.0,1.0,1.0,5.0,34.5,1.0,0.75,0.5116411935411949,67.53663754743772,6.139694322494338,10.09483962970976,0.18812735659633972,132.0,26.0,0.19696969696969696,-10.77336311340332,-10.983617782592773,-10.8688383102417,0.0954751968383789,1.0,1.0,0.0,31.0,0.0,-10.8688383102417,0.0954751968383789,-11.17938554763794,0.4060224342346199,1.0,1.0,1.0,1.0,81.53846153846153,132.0,1.0,0.0,0.45454545454545453,34.5,1.0,not_short_primary,nan,3+,0-5w
A61Mry8zBwE_3,"While a man speaks, a large group laughs",132,A61Mry8zBwE,"[[44, 54], [83, 91]]",10.0,18.0,2,8,40,10-20s,10s+,0.07575757575757576,0.0,0.0,1.0,1.0,7.0,99.5,12.5,0.75,0.5116411935411949,67.53663754743772,6.753663754743772,11.126852871921617,0.9454109697924764,132.0,18.0,0.13636363636363635,-11.550712585449219,-11.712638960944282,-11.518022537231445,-0.03269004821777344,0.9696969696969697,5.0,4.0,37.0,10.0,-11.53421688079834,-0.016495704650878906,-11.558195495605469,0.007482910156250355,0.0,0.0,1.0,1.0,65.88888888888889,132.0,0.0,1.0,0.7,99.5,12.5,not_short_primary,nan,2,6-10w
AI1OweEW8C0_1,Water flows while thunder rumbles,205,AI1OweEW8C0,"[[56, 58]]",2.0,2.0,1,5,33,2-3s,2-5s,0.00975609756097561,0.0,0.0,0.0,0.0,22.0,40.0,17.0,0.07142857142857142,0.5116411935411949,104.88644467594494,52.44322233797247,86.22675517043754,1.5752567568011315,205.0,2.0,0.00975609756097561,-10.62394905090332,-10.643622398376465,-10.581634521484375,-0.04231452941894531,0.975609756097561,6.0,5.0,59.0,9.0,-10.635419845581055,0.011470794677734375,-10.906678142547607,0.2827290916442866,0.0,0.0,0.0,1.0,57.0,205.0,0.0,1.0,11.0,40.0,17.0,longer_audio,188.5,1,0-5w
AI1OweEW8C0_2,Something buzzes,205,AI1OweEW8C0,"[[144, 146]]",2.0,2.0,1,2,16,2-3s,2-5s,0.00975609756097561,0.0,0.0,0.0,0.0,27.0,15.5,129.5,0.01694915254237288,0.5116411935411949,104.88644467594494,52.44322233797247,45.67499380023441,3.348929338468821,205.0,2.0,0.00975609756097561,-11.836126327514648,-11.981364250183105,-11.21422290802002,-0.6219034194946289,0.8634146341463415,29.0,28.0,62.0,11.0,-12.455911636352539,0.6197853088378906,-12.108812398910523,0.2726860713958743,0.0,0.0,0.0,0.0,145.0,205.0,0.0,1.0,13.5,15.5,129.5,longer_audio,188.5,1,0-5w
AKHZMg9ba30_1,A man talks as people chat and laugh and a horse gallops,115,AKHZMg9ba30,"[[22, 35], [76, 86], [91, 103]]",13.0,35.0,3,12,56,10-20s,10s+,0.11304347826086956,0.0,0.0,1.0,1.0,14.0,40.0,11.5,0.9285714285714286,0.5116411935411949,58.83873725723741,4.526056712095185,3.9419319227219187,1.5372042630434777,115.0,35.0,0.30434782608695654,-12.169532775878906,-12.675712857927595,-12.254631996154785,0.0850992202758789,1.0,1.0,0.0,21.0,5.0,-12.254631996154785,0.0850992202758789,-12.269641189575195,0.10010841369628842,1.0,1.0,1.0,1.0,66.98571428571428,115.0,0.0,1.0,1.0769230769230769,40.0,11.5,not_short_primary,nan,3+,11-15w
AKHZMg9ba30_2,An engine starts up,115,AKHZMg9ba30,"[[106, 108]]",2.0,2.0,1,4,19,2-3s,2-5s,0.017391304347826087,0.0,0.0,0.0,0.0,4.0,98.0,9.0,0.0,0.5116411935411949,58.83873725723741,29.419368628618706,28.233889698307348,19.372033317130615,115.0,2.0,0.017391304347826087,-12.204387664794922,-12.229421615600586,-11.113595008850098,-1.0907926559448242,0.8782608695652174,15.0,14.0,28.0,6.0,-12.334173202514648,0.12978553771972656,-12.506550159454346,0.3021624946594237,0.0,0.0,0.0,0.0,107.0,115.0,0.0,1.0,2.0,98.0,9.0,shorter_or_equal_audio,188.5,1,0-5w
AMQei29haCw_1,A man talks as machinery roars,299,AMQei29haCw,"[[3, 7], [8, 11], [21, 22], [44, 45], [60, 64], [67, 70], [76, 81], [85, 89], [106, 110], [111, 114], [117, 121], [123, 125], [127, 128], [129, 131], [132, 136], [138, 142], [156, 158], [159, 161], [172, 174], [195, 197], [228, 230], [270, 273], [231, 232], [283, 286]]",5.0,66.0,24,6,30,5-10s,5-10s,0.016722408026755852,0.0,0.0,0.0,0.0,25.0,116.5,2.5,0.2222222222222222,0.5116411935411949,152.98071686881727,30.596143373763454,19.3004496381185,0.422432134069993,299.0,66.0,0.22073578595317725,-10.790403366088867,-11.366782260663582,-11.09038257598877,0.29997920989990234,1.0,1.0,0.0,62.0,1.0,-11.09038257598877,0.29997920989990234,-11.236791248321532,0.44638788223266523,1.0,1.0,1.0,1.0,121.43939393939394,299.0,0.0,1.0,5.0,116.5,2.5,not_short_primary,nan,3+,6-10w
AWGnTI0e2Fs_1,A man speaks as ambient sounds fill the air,300,AWGnTI0e2Fs,"[[1, 52], [111, 113], [83, 89], [60, 62], [107, 108], [131, 135], [144, 145], [281, 285], [271, 273], [274, 276]]",51.0,75.0,10,9,43,20s+,10s+,0.17,1.0,0.0,1.0,0.0,31.0,34.5,8.0,0.6078431372549019,0.5116411935411949,153.49235806235845,3.009654079654087,1.8985293761674698,1.0243155845451497,300.0,75.0,0.25,-10.820916175842285,-11.173733456929524,-11.12601089477539,0.30509471893310547,1.0,1.0,0.0,56.0,0.0,-11.12601089477539,0.30509471893310547,-11.246766719818115,0.4258505439758302,1.0,1.0,1.0,1.0,69.64666666666666,300.0,0.0,1.0,0.6078431372549019,34.5,8.0,not_short_primary,nan,3+,6-10w
AWGnTI0e2Fs_2,A helicopter whirs overhead,300,AWGnTI0e2Fs,"[[56, 83], [90, 108], [113, 127], [153, 219], [227, 257], [289, 300]]",66.0,166.0,6,4,27,20s+,10s+,0.22,1.0,1.0,1.0,1.0,36.0,71.0,1.5,0.75,0.5116411935411949,153.49235806235845,2.3256417888236127,0.33699433451152716,9.888564744378499,300.0,166.0,0.5533333333333333,-10.555694580078125,-11.22853623240827,-11.176511764526367,0.6208171844482422,1.0,1.0,0.0,41.0,0.0,-11.176511764526367,0.6208171844482422,-11.176511764526367,0.6208171844482422,1.0,1.0,1.0,1.0,169.36144578313252,300.0,1.0,0.0,0.5454545454545454,71.0,1.5,not_short_primary,nan,3+,0-5w
AagLJkfrFMk_1,Water drains and flows,78,AagLJkfrFMk,"[[22, 30], [64, 72]]",8.0,16.0,2,4,22,5-10s,5-10s,0.10256410256410256,1.0,0.0,1.0,0.0,4.0,25.0,1.0,0.5,0.5116411935411949,39.908013096213196,4.9885016370266495,8.218698144033011,2.395893517849899,78.0,16.0,0.20512820512820512,-10.78903579711914,-10.998894810676575,-10.708174705505371,-0.08086109161376953,0.9743589743589743,3.0,2.0,19.0,2.0,-10.708174705505371,-0.08086109161376953,-10.95996958732605,0.17093379020690946,0.0,1.0,1.0,1.0,47.0,78.0,1.0,1.0,0.5,25.0,1.0,not_short_primary,nan,2,0-5w
AgaiowyYt88_1,Something bumps into something else,70,AgaiowyYt88,"[[11, 34]]",23.0,23.0,1,5,35,20s+,10s+,0.32857142857142857,0.0,0.0,0.0,0.0,4.0,12.0,10.5,0.17391304347826086,0.5116411935411949,35.81488354788364,1.5571688499079843,2.5654799111808733,2.9834941826858064,70.0,23.0,0.32857142857142857,-10.640850067138672,-11.545409824537193,-10.957446098327637,0.31659603118896484,1.0,1.0,0.0,11.0,0.0,-10.957446098327637,0.31659603118896484,-11.167774076461791,0.5269240093231193,1.0,1.0,1.0,1.0,22.5,70.0,0.0,1.0,0.17391304347826086,12.0,10.5,not_short_primary,nan,1,0-5w
Agh2EKINlSw_1,An explosion erupts,151,Agh2EKINlSw,"[[45, 54], [83, 87], [107, 110], [137, 151]]",14.0,30.0,4,3,19,10-20s,10s+,0.09271523178807947,0.0,0.0,0.0,0.0,4.0,27.0,22.5,0.42857142857142855,0.5116411935411949,77.25782022472042,5.518415730337173,6.389062729700546,2.634752993571354,151.0,30.0,0.1986754966887417,-11.34852409362793,-11.589820067087809,-10.821769714355469,-0.5267543792724609,0.9006622516556292,16.0,15.0,35.0,12.0,-11.286699295043945,-0.061824798583984375,-11.027089538574218,-0.32143455505371143,0.0,0.0,0.0,0.0,104.23333333333333,151.0,0.0,1.0,0.2857142857142857,27.0,22.5,not_short_primary,nan,3+,0-5w
Aj_VMUSNjNM_1,Music plays and someone sings,150,Aj_VMUSNjNM,"[[0, 6], [144, 146]]",6.0,8.0,2,5,29,5-10s,5-10s,0.04,0.0,0.0,0.0,0.0,28.0,14.0,11.0,0.3333333333333333,0.5116411935411949,76.74617903117922,12.791029838529871,16.753203832001258,21.12555958191829,150.0,8.0,0.05333333333333334,-12.557893753051758,-13.208949446678162,-12.699227333068848,0.14133358001708984,1.0,1.0,0.0,39.0,4.0,-12.699227333068848,0.14133358001708984,-12.995939283370971,0.4380455303192132,1.0,1.0,1.0,1.0,38.5,150.0,0.0,1.0,4.666666666666667,14.0,11.0,not_short_primary,nan,2,0-5w
Aj_VMUSNjNM_2,An engine starts,150,Aj_VMUSNjNM,"[[6, 7]]",1.0,1.0,1,3,16,1-2s,0-2s,0.006666666666666667,0.0,0.0,0.0,0.0,5.0,6.5,0.0,0.3333333333333333,0.5116411935411949,76.74617903117922,76.74617903117922,100.51922299200756,17.62555958191829,150.0,1.0,0.006666666666666667,-8.46853256225586,-8.46853256225586,-10.273160934448242,1.8046283721923828,1.0,1.0,0.0,41.0,2.0,-10.415356636047363,1.946824073791504,-12.762987556457519,4.29445499420166,1.0,1.0,1.0,1.0,6.5,150.0,1.0,1.0,5.0,6.5,0.0,shorter_or_equal_audio,213.0,1,0-5w
Aj_VMUSNjNM_3,An engine runs as machinery roars,150,Aj_VMUSNjNM,"[[7, 142]]",135.0,135.0,1,6,33,20s+,10s+,0.9,0.0,0.0,1.0,1.0,14.0,25.0,49.5,0.8148148148148148,0.5116411935411949,76.74617903117922,0.568490215045772,0.5913980204624167,2.780063785444483,150.0,135.0,0.9,-10.869600296020508,-11.510432208025897,-11.366384506225586,0.4967842102050781,1.0,1.0,0.0,5.0,0.0,-11.366384506225586,0.4967842102050781,-11.366384506225586,0.4967842102050781,1.0,1.0,1.0,1.0,74.5,150.0,0.0,1.0,0.1037037037037037,25.0,49.5,not_short_primary,nan,1,6-10w
ArHiac57pVk_1,Clock hands tick as someone sings,299,ArHiac57pVk,"[[41, 57]]",16.0,16.0,1,6,33,10-20s,10s+,0.05351170568561873,0.0,0.0,0.0,0.0,17.0,220.5,171.5,0.3103448275862069,0.5116411935411949,152.98071686881727,9.56129480430108,12.523019864420942,0.9097179000428781,299.0,16.0,0.05351170568561873,-12.924355506896973,-13.268978476524353,-12.224774360656738,-0.6995811462402344,0.8494983277591973,46.0,45.0,85.0,16.0,-12.88400650024414,-0.04034900665283203,-12.629110479354859,-0.2952450275421139,0.0,0.0,0.0,0.0,49.0,299.0,0.0,1.0,1.0625,220.5,171.5,not_short_primary,nan,1,6-10w
ArHiac57pVk_2,People sing,299,ArHiac57pVk,"[[64, 71], [41, 57]]",16.0,23.0,2,2,11,10-20s,10s+,0.05351170568561873,0.0,0.0,0.0,0.0,16.0,12.0,37.0,0.2909090909090909,0.5116411935411949,152.98071686881727,9.56129480430108,12.523019864420942,0.9097179000428781,299.0,23.0,0.07692307692307693,-13.21673583984375,-13.90302210268767,-13.183921813964844,-0.03281402587890625,0.9966555183946488,2.0,1.0,88.0,11.0,-13.780202865600586,0.5634670257568359,-13.63095419883728,0.41421835899353,0.0,1.0,1.0,1.0,54.630434782608695,299.0,0.0,1.0,1.0,12.0,37.0,not_short_primary,nan,2,0-5w
ArHiac57pVk_3,A man speaks while applause and cheers erupt from the crowd,299,ArHiac57pVk,"[[76, 90]]",14.0,14.0,1,11,59,10-20s,10s+,0.046822742474916385,0.0,0.0,1.0,0.0,9.0,60.5,22.5,0.5,0.5116411935411949,152.98071686881727,10.927194062058376,17.966411007638207,2.1609842452855617,299.0,14.0,0.046822742474916385,-12.633963584899902,-12.914554800306048,-12.602115631103516,-0.03184795379638672,0.9966555183946488,2.0,1.0,83.0,10.0,-13.345815658569336,0.7118520736694336,-13.02795986175537,0.3939962768554679,0.0,1.0,1.0,1.0,83.0,299.0,0.0,1.0,0.6428571428571429,60.5,22.5,not_short_primary,nan,1,11-15w
ArHiac57pVk_4,A man talks as applause break out around them,299,ArHiac57pVk,"[[198, 201], [207, 210], [220, 250]]",30.0,36.0,3,9,45,20s+,10s+,0.10033444816053512,0.0,0.0,0.0,0.0,9.0,55.5,144.0,0.3,0.5116411935411949,152.98071686881727,5.099357228960575,4.441243299600028,1.8967310839130391,299.0,36.0,0.12040133779264214,-13.20262336730957,-13.756480852762857,-12.782819747924805,-0.4198036193847656,0.9331103678929766,21.0,20.0,76.0,11.0,-13.592177391052246,0.3895540237426758,-12.976438694000244,-0.22618467330932646,0.0,0.0,0.0,0.0,229.83333333333334,299.0,0.0,1.0,0.3,55.5,144.0,not_short_primary,nan,3+,6-10w
AtkD-3GjXMw_1,A man's voice echoes with effects,132,AtkD-3GjXMw,"[[0, 2]]",2.0,2.0,1,6,33,2-3s,2-5s,0.015151515151515152,1.0,0.0,1.0,0.0,3.0,1.5,0.5,0.6666666666666666,0.5116411935411949,67.53663754743772,33.76831877371886,44.228458116483324,20.230492432088095,132.0,2.0,0.015151515151515152,-11.058923721313477,-11.285298347473145,-11.775262832641602,0.716339111328125,1.0,1.0,0.0,35.0,7.0,-12.079233169555664,1.0203094482421875,-12.167552690505982,1.1086289691925053,1.0,1.0,1.0,1.0,1.0,132.0,1.0,1.0,1.5,1.5,0.5,shorter_or_equal_audio,188.5,1,6-10w
Axd__X2rixk_1,Footsteps sound as a whip cracks,267,Axd__X2rixk,"[[141, 143]]",2.0,2.0,1,6,32,2-3s,2-5s,0.00749063670411985,0.0,0.0,0.0,0.0,8.0,16.0,126.0,0.2222222222222222,0.5116411935411949,136.60819867549904,68.30409933774952,71.05647215855937,14.338513538091192,267.0,2.0,0.00749063670411985,-11.251855850219727,-11.400830268859863,-10.357168197631836,-0.8946876525878906,0.651685393258427,94.0,93.0,82.0,16.0,-11.126007080078125,-0.12584877014160156,-11.217100830078126,-0.03475502014160092,0.0,0.0,0.0,0.0,142.0,267.0,0.0,1.0,4.0,16.0,126.0,longer_audio,188.5,1,6-10w
Axd__X2rixk_2,Leaves crunch as a man talks,267,Axd__X2rixk,"[[168, 170], [188, 190], [216, 221], [179, 183], [251, 253]]",5.0,15.0,5,6,28,5-10s,5-10s,0.018726591760299626,0.0,0.0,0.0,0.0,12.0,183.0,2.0,0.45454545454545453,0.5116411935411949,136.60819867549904,27.321639735099808,10.110571762458209,0.3925333462138667,267.0,15.0,0.056179775280898875,-11.26584243774414,-12.060813840230306,-11.679917335510254,0.4140748977661133,1.0,1.0,0.0,66.0,13.0,-11.737113952636719,0.4712715148925781,-11.994879064559937,0.7290366268157964,1.0,1.0,1.0,1.0,202.43333333333334,267.0,1.0,1.0,2.4,183.0,2.0,not_short_primary,nan,3+,6-10w
B3O476LeuXY_1,An engine of a motorcycle runs,75,B3O476LeuXY,"[[10, 42], [45, 75]]",32.0,62.0,2,6,30,20s+,10s+,0.4266666666666667,0.0,0.0,1.0,0.0,67.0,36.5,10.5,0.6904761904761905,0.5116411935411949,38.37308951558961,1.1991590473621754,1.975648592315628,1.3037437671633647,75.0,62.0,0.8266666666666667,-11.605274200439453,-11.928020769549954,-11.931307792663574,0.3260335922241211,1.0,1.0,0.0,2.0,0.0,-11.931307792663574,0.3260335922241211,-11.931307792663574,0.3260335922241211,1.0,1.0,1.0,1.0,42.45161290322581,75.0,0.0,1.0,2.09375,36.5,10.5,not_short_primary,nan,2,6-10w
B4SZwi9Ce3o_1,A man talks as engine sounds and a car blinker clicks,116,B4SZwi9Ce3o,"[[17, 34]]",17.0,17.0,1,11,53,10-20s,10s+,0.14655172413793102,0.0,0.0,1.0,0.0,9.0,10.5,15.0,0.5,0.5116411935411949,59.35037845077861,3.4911987323987415,5.740202926697707,5.862293737614969,116.0,17.0,0.14655172413793102,-11.417661666870117,-11.800227894502527,-11.485040664672852,0.06737899780273438,1.0,1.0,0.0,36.0,5.0,-11.531416893005371,0.1137552261352539,-11.603313388824462,0.1856517219543452,1.0,1.0,1.0,1.0,25.5,116.0,0.0,1.0,0.5294117647058824,10.5,15.0,not_short_primary,nan,1,11-15w
B4SZwi9Ce3o_2,"A man talks as engine sounds, metal scrapes, and a car blinker clicks",116,B4SZwi9Ce3o,"[[17, 22]]",5.0,5.0,1,13,69,5-10s,5-10s,0.04310344827586207,0.0,0.0,0.0,0.0,7.0,71.5,52.0,0.375,0.5116411935411949,59.35037845077861,11.870075690155721,15.54697315609717,0.8429005899831914,116.0,5.0,0.04310344827586207,-11.965572357177734,-12.19541664123535,-11.593893051147461,-0.37167930603027344,0.8879310344827587,14.0,13.0,34.0,9.0,-11.76541519165039,-0.20015716552734375,-11.99988681793213,0.034314460754394815,0.0,0.0,0.0,0.0,19.5,116.0,0.0,1.0,1.4,71.5,52.0,not_short_primary,nan,1,11-15w
B4SZwi9Ce3o_3,Tires screech as an engine roars,116,B4SZwi9Ce3o,"[[53, 60]]",7.0,7.0,1,6,32,5-10s,5-10s,0.0603448275862069,1.0,0.0,1.0,0.0,4.0,56.0,0.5,0.5714285714285714,0.5116411935411949,59.35037845077861,8.478625492968373,8.820279048039472,1.0365826607437398,116.0,7.0,0.0603448275862069,-11.055997848510742,-11.951048306056432,-11.815690994262695,0.7596931457519531,1.0,1.0,0.0,30.0,5.0,-12.056710243225098,1.0007123947143555,-12.436952362060547,1.3809545135498045,1.0,1.0,1.0,1.0,56.5,116.0,1.0,1.0,0.5714285714285714,56.0,0.5,not_short_primary,nan,1,6-10w
BA-lFjpzad4_1,An engine runs as a woman speaks,64,BA-lFjpzad4,"[[6, 10], [24, 26], [54, 56]]",4.0,8.0,3,7,32,3-5s,2-5s,0.0625,1.0,0.0,1.0,0.0,7.0,8.5,0.5,0.5714285714285714,0.5116411935411949,32.74503638663647,8.186259096659118,13.48709439020802,1.7008053186872623,64.0,8.0,0.125,-11.537275314331055,-12.013419151306152,-11.65774154663086,0.12046623229980469,1.0,1.0,0.0,16.0,3.0,-11.65774154663086,0.12046623229980469,-11.837961435317993,0.3006861209869385,1.0,1.0,1.0,1.0,24.0,64.0,1.0,1.0,1.75,8.5,0.5,shorter_or_equal_audio,188.5,3+,6-10w
BA-lFjpzad4_2,An engine runs as electronic tones play,64,BA-lFjpzad4,"[[12, 13]]",1.0,1.0,1,7,39,1-2s,0-2s,0.015625,0.0,0.0,0.0,0.0,4.0,3.0,9.5,0.2,0.5116411935411949,32.74503638663647,32.74503638663647,42.888201809923224,2.2064279117148633,64.0,1.0,0.015625,-11.623997688293457,-11.623997688293457,-11.509078025817871,-0.11491966247558594,0.984375,2.0,1.0,17.0,3.0,-11.651538848876953,0.027541160583496094,-12.376682357788086,0.752684669494629,0.0,1.0,1.0,1.0,12.5,64.0,0.0,1.0,4.0,3.0,9.5,shorter_or_equal_audio,213.0,1,6-10w
BA-lFjpzad4_3,An engine runs as a woman laughs,64,BA-lFjpzad4,"[[13, 14], [22, 24], [39, 41], [50, 53], [57, 60]]",3.0,11.0,5,7,32,3-5s,2-5s,0.046875,0.0,0.0,1.0,1.0,3.0,3.5,10.0,1.0,0.5116411935411949,32.74503638663647,10.915012128878823,17.98279252027736,0.29919468131273774,64.0,11.0,0.171875,-12.338132858276367,-12.799516937949441,-12.209855079650879,-0.12827777862548828,0.890625,8.0,7.0,13.0,5.0,-12.235696792602539,-0.10243606567382812,-12.281135377883912,-0.05699748039245556,0.0,0.0,0.0,1.0,42.68181818181818,64.0,0.0,1.0,1.0,3.5,10.0,shorter_or_equal_audio,188.5,3+,6-10w
BA-lFjpzad4_4,An engine runs as a man speaks,64,BA-lFjpzad4,"[[29, 31], [42, 44], [56, 58]]",2.0,6.0,3,7,30,2-3s,2-5s,0.03125,0.0,0.0,1.0,0.0,7.0,8.5,21.5,0.5,0.5116411935411949,32.74503638663647,16.372518193318236,6.058769595480574,0.291677400158477,64.0,6.0,0.09375,-11.905044555664062,-12.208469231923422,-11.438302040100098,-0.46674251556396484,0.671875,22.0,21.0,15.0,4.0,-11.880583763122559,-0.024460792541503906,-11.63016240119934,-0.27488215446472175,0.0,0.0,0.0,0.0,43.333333333333336,64.0,0.0,1.0,3.5,8.5,21.5,shorter_or_equal_audio,188.5,3+,6-10w
BA-lFjpzad4_5,An engine runs as a woman and a man chat and laugh,64,BA-lFjpzad4,"[[54, 60]]",6.0,6.0,1,12,50,5-10s,5-10s,0.09375,0.0,0.0,1.0,0.0,3.0,8.5,48.5,0.6666666666666666,0.5116411935411949,32.74503638663647,5.4575060644394116,5.237591132439624,8.233131585185731,64.0,6.0,0.09375,-11.973960876464844,-12.24665911992391,-11.287105560302734,-0.6868553161621094,0.75,17.0,16.0,15.0,3.0,-12.106511116027832,0.13255023956298828,-11.697980136871339,-0.2759807395935052,0.0,0.0,0.0,0.0,57.0,64.0,0.0,1.0,0.5,8.5,48.5,not_short_primary,nan,1,11-15w
BDpU2Qh77NE_1,Cloth tears,248,BDpU2Qh77NE,"[[2, 3], [220, 221]]",1.0,2.0,2,2,11,1-2s,0-2s,0.004032258064516129,0.0,0.0,0.0,0.0,13.0,25.5,23.0,0.1111111111111111,0.5116411935411949,126.88701599821633,126.88701599821633,121.77399382922125,31.528384892594715,248.0,2.0,0.008064516129032258,-10.595060348510742,-10.819796562194824,-10.83397102355957,0.23891067504882812,1.0,1.0,0.0,77.0,14.0,-11.306802749633789,0.7117424011230469,-11.69944972038269,1.1043893718719477,1.0,1.0,1.0,1.0,111.5,248.0,0.0,1.0,13.0,25.5,23.0,longer_audio,213.0,2,0-5w
BDpU2Qh77NE_2,"As a man and woman talk, a camera shutter clicks",248,BDpU2Qh77NE,"[[37, 39], [163, 165], [42, 47]]",5.0,9.0,3,10,48,5-10s,5-10s,0.020161290322580645,0.0,0.0,0.0,0.0,20.0,82.0,37.5,0.22727272727272727,0.5116411935411949,126.88701599821633,25.377403199643265,33.2383564026905,1.8875918421049036,248.0,9.0,0.036290322580645164,-11.249502182006836,-11.560426817999947,-11.16239070892334,-0.0871114730834961,0.9717741935483871,8.0,7.0,73.0,11.0,-11.16239070892334,-0.0871114730834961,-11.365181951522827,0.11567976951599057,0.0,0.0,0.0,1.0,69.61111111111111,248.0,0.0,1.0,4.0,82.0,37.5,not_short_primary,nan,3+,6-10w
BDpU2Qh77NE_3,A man speaks into a walkie-talkie,248,BDpU2Qh77NE,"[[80, 84], [135, 137]]",4.0,6.0,2,6,33,3-5s,2-5s,0.016129032258064516,0.0,0.0,0.0,0.0,17.0,30.5,51.5,0.4,0.5116411935411949,126.88701599821633,31.721753999554082,52.262490762056075,8.284379390086855,248.0,6.0,0.024193548387096774,-11.57259750366211,-12.291885534922281,-11.345117568969727,-0.2274799346923828,0.9758064516129032,7.0,6.0,74.0,13.0,-11.918848991394043,0.3462514877319336,-11.955306119918824,0.38270861625671415,0.0,0.0,0.0,1.0,100.0,248.0,0.0,1.0,4.25,30.5,51.5,longer_audio,188.5,2,6-10w
BGEMgl1xjac_1,Birds chirp while a steady tapping echoes,299,BGEMgl1xjac,"[[23, 69], [221, 266]]",46.0,91.0,2,7,41,20s+,10s+,0.15384615384615385,0.0,0.0,1.0,1.0,106.0,242.0,1.5,0.8260869565217391,0.5116411935411949,152.98071686881727,3.3256677580177665,4.355832996320328,2.090282099957122,299.0,91.0,0.30434782608695654,-11.188776016235352,-11.461436041108854,-11.210881233215332,0.02210521697998047,1.0,1.0,0.0,73.0,9.0,-11.331502914428711,0.14272689819335938,-11.225762844085693,0.0369868278503418,1.0,1.0,1.0,1.0,143.66483516483515,299.0,1.0,1.0,2.3043478260869565,242.0,1.5,not_short_primary,nan,2,6-10w
BGEMgl1xjac_2,"Birds and insects are calling, along with frog-like sounds",299,BGEMgl1xjac,"[[185, 204], [261, 294], [107, 135]]",33.0,80.0,3,9,58,20s+,10s+,0.11036789297658862,0.0,0.0,1.0,0.0,253.0,136.5,15.5,0.5,0.5116411935411949,152.98071686881727,4.635779299055069,1.7155038911445943,7.753305353865386,299.0,80.0,0.26755852842809363,-11.196544647216797,-11.325629401206971,-11.117647171020508,-0.07889747619628906,0.8729096989966555,39.0,38.0,73.0,19.0,-11.172870635986328,-0.02367401123046875,-11.127851591110229,-0.06869305610656795,0.0,0.0,0.0,0.0,203.0125,299.0,0.0,1.0,7.666666666666667,136.5,15.5,not_short_primary,nan,3+,6-10w
BL8ksJ0sTXk_1,A man speaks as engine noise rumbles in the background,299,BL8ksJ0sTXk,"[[0, 9], [15, 21], [203, 233], [244, 259], [27, 35], [40, 43], [50, 70], [75, 101], [111, 139], [168, 180], [238, 240], [263, 267], [274, 300]]",30.0,189.0,13,10,54,20s+,10s+,0.10033444816053512,0.0,0.0,1.0,0.0,21.0,271.5,6.5,0.6111111111111112,0.5116411935411949,152.98071686881727,5.099357228960575,0.7389162441389417,1.5243971381027563,299.0,188.0,0.6287625418060201,-10.987190246582031,-11.530219869410738,-11.288528442382812,0.30133819580078125,1.0,1.0,0.0,32.0,0.0,-11.288528442382812,0.30133819580078125,-11.288528442382812,0.30133819580078125,1.0,1.0,1.0,1.0,152.18085106382978,299.0,0.0,1.0,0.7,271.5,6.5,not_short_primary,nan,3+,6-10w
BL8ksJ0sTXk_2,A man speaks as engine noise rumbles and electronic sounds play,299,BL8ksJ0sTXk,"[[55, 70], [75, 80], [98, 107]]",15.0,29.0,3,11,63,10-20s,10s+,0.05016722408026756,0.0,0.0,0.0,0.0,19.0,262.5,160.0,0.29411764705882354,0.5116411935411949,152.98071686881727,10.19871445792115,16.76865027379566,3.3390157547144383,299.0,29.0,0.09698996655518395,-11.445241928100586,-11.66170488554856,-10.75483512878418,-0.6904067993164062,0.6321070234113713,111.0,110.0,82.0,16.0,-11.49886703491211,0.05362510681152344,-10.851260108947754,-0.5939818191528321,0.0,0.0,0.0,0.0,77.5,299.0,0.0,1.0,1.2666666666666666,262.5,160.0,not_short_primary,nan,3+,11-15w
BL8ksJ0sTXk_3,Engine noise fills the air as a horn blares and a man speaks,299,BL8ksJ0sTXk,"[[85, 86]]",1.0,1.0,1,13,60,1-2s,0-2s,0.0033444816053511705,0.0,0.0,0.0,0.0,12.0,13.0,72.5,0.0,0.5116411935411949,152.98071686881727,152.98071686881727,251.5297541069349,4.660984245285562,299.0,1.0,0.0033444816053511705,-11.415515899658203,-11.415515899658203,-10.743949890136719,-0.6715660095214844,0.9163879598662207,26.0,25.0,94.0,16.0,-10.899276733398438,-0.5162391662597656,-12.372056484222412,0.956540584564209,0.0,0.0,0.0,0.0,85.5,299.0,0.0,1.0,12.0,13.0,72.5,longer_audio,213.0,1,11-15w
BMayJId0X1s_1,A horn blares,193,BMayJId0X1s,"[[104, 107]]",3.0,3.0,1,3,13,3-5s,2-5s,0.015544041450777202,0.0,0.0,0.0,0.0,12.0,115.0,9.5,0.375,0.5116411935411949,98.74675035345061,32.915583451150205,4.76959314778648,7.798356681116502,193.0,3.0,0.015544041450777202,-11.119647979736328,-11.175867398579916,-11.08439826965332,-0.03524971008300781,0.9948186528497409,2.0,1.0,60.0,16.0,-11.689107894897461,0.5694599151611328,-11.570597229003907,0.4509492492675786,0.0,1.0,1.0,1.0,105.5,193.0,0.0,1.0,4.0,115.0,9.5,longer_audio,188.5,1,0-5w
BMayJId0X1s_2,"A car drives by as people chat, a baby cries, and voices fill the air",193,BMayJId0X1s,"[[116, 149], [154, 180]]",33.0,59.0,2,15,69,20s+,10s+,0.17098445595854922,0.0,0.0,1.0,0.0,20.0,183.0,16.0,0.6923076923076923,0.5116411935411949,98.74675035345061,2.992325768286382,2.6061415531249787,0.8593006715879028,193.0,59.0,0.30569948186528495,-12.594877243041992,-13.055602202981206,-11.99385929107666,-0.601017951965332,0.9378238341968912,13.0,12.0,38.0,6.0,-11.99385929107666,-0.601017951965332,-12.085324592590332,-0.5095526504516599,0.0,0.0,0.0,0.0,147.70338983050848,193.0,0.0,1.0,0.6060606060606061,183.0,16.0,not_short_primary,nan,2,11-15w
BUAPM4D3-h8_1,A child screams as the wind blows,299,BUAPM4D3-h8,"[[134, 136], [167, 170], [183, 189], [177, 179]]",6.0,13.0,4,7,33,5-10s,5-10s,0.020066889632107024,0.0,0.0,0.0,0.0,10.0,182.0,4.0,0.3333333333333333,0.5116411935411949,152.98071686881727,25.49678614480288,16.083708031765415,1.422432134069993,299.0,13.0,0.043478260869565216,-10.388016700744629,-11.199268120985765,-10.714521408081055,0.3265047073364258,1.0,1.0,0.0,92.0,13.0,-11.750808715820312,1.3627920150756836,-11.723971176147462,1.3359544754028327,1.0,1.0,1.0,1.0,172.8846153846154,299.0,0.0,1.0,1.6666666666666667,182.0,4.0,not_short_primary,nan,3+,6-10w
BUAPM4D3-h8_2,Birds chirp,299,BUAPM4D3-h8,"[[299, 300]]",1.0,1.0,1,2,11,1-2s,0-2s,0.0033444816053511705,0.0,0.0,0.0,0.0,13.0,183.5,116.0,0.0,0.5116411935411949,152.98071686881727,152.98071686881727,146.8162264311982,71.6672866245396,299.0,1.0,0.0033444816053511705,-11.95015811920166,-11.95015811920166,-10.606931686401367,-1.343226432800293,0.882943143812709,36.0,35.0,87.0,21.0,-11.972339630126953,0.02218151092529297,-12.635046396255493,0.6848882770538331,0.0,0.0,0.0,0.0,299.5,299.0,0.0,1.0,13.0,183.5,116.0,longer_audio,213.0,1,0-5w
BXxlqaDvdaA_1,People are talking while the wind is blowing and water is flowing,116,BXxlqaDvdaA,"[[0, 3], [7, 16], [30, 33], [36, 40], [44, 46]]",9.0,21.0,5,12,65,5-10s,5-10s,0.07758620689655173,1.0,0.0,1.0,1.0,15.0,8.5,3.0,0.75,0.5116411935411949,59.35037845077861,6.5944864945309565,10.84260552820678,0.1377062623850307,116.0,21.0,0.1810344827586207,-10.06721305847168,-10.602760769072033,-10.240327835083008,0.17311477661132812,1.0,1.0,0.0,30.0,2.0,-10.240327835083008,0.17311477661132812,-10.492486295700074,0.42527323722839405,1.0,1.0,1.0,1.0,21.166666666666668,116.0,0.0,1.0,1.6666666666666667,8.5,3.0,not_short_primary,nan,3+,11-15w
Ba92IrXFvJo_1,An engine starts as the wind blows,246,Ba92IrXFvJo,"[[1, 3]]",2.0,2.0,1,7,34,2-3s,2-5s,0.008130081300813009,0.0,0.0,0.0,0.0,9.0,5.5,3.5,0.2222222222222222,0.5116411935411949,125.86373361113394,62.93186680556697,82.4257628534462,37.56591771434599,246.0,2.0,0.008130081300813009,-10.35887336730957,-10.477766990661621,-10.889339447021484,0.5304660797119141,1.0,1.0,0.0,77.0,10.0,-10.889339447021484,0.5304660797119141,-11.915736150741576,1.5568627834320061,1.0,1.0,1.0,1.0,2.0,246.0,0.0,1.0,4.5,5.5,3.5,longer_audio,188.5,1,6-10w
BlbGXalLNVU_1,Camera shutters click amid the crowd,299,BlbGXalLNVU,"[[4, 10], [36, 37], [49, 50], [137, 141], [150, 151], [13, 24]]",11.0,24.0,6,6,36,10-20s,10s+,0.03678929765886288,0.0,0.0,0.0,0.0,14.0,101.0,38.0,0.29411764705882354,0.5116411935411949,152.98071686881727,13.907337897165206,18.215301620975914,1.4097179000428781,299.0,24.0,0.0802675585284281,-10.884031295776367,-11.233892679214478,-10.755041122436523,-0.12899017333984375,0.9899665551839465,4.0,3.0,79.0,13.0,-10.755041122436523,-0.12899017333984375,-10.945509204864502,0.06147790908813455,0.0,0.0,1.0,1.0,43.25,299.0,0.0,1.0,1.2727272727272727,101.0,38.0,not_short_primary,nan,3+,6-10w
BlbGXalLNVU_2,A man talks on a walkie-talkie as crowd noise and waves fill the air,299,BlbGXalLNVU,"[[98, 111], [116, 130]]",14.0,27.0,2,14,68,10-20s,10s+,0.046822742474916385,0.0,0.0,1.0,0.0,12.0,262.0,139.0,0.6470588235294118,0.5116411935411949,152.98071686881727,10.927194062058376,18.002862601215167,4.350925151757949,299.0,27.0,0.0903010033444816,-11.901368141174316,-12.446454189441821,-11.56277084350586,-0.33859729766845703,0.8695652173913043,40.0,39.0,79.0,22.0,-12.226213455200195,0.3248453140258789,-11.688821229934693,-0.21254691123962388,0.0,0.0,0.0,0.0,114.0925925925926,299.0,0.0,1.0,0.8571428571428571,262.0,139.0,not_short_primary,nan,2,11-15w
Bn4lc01q9vE_1,A woman talks as water flows,87,Bn4lc01q9vE,"[[0, 8], [13, 17], [32, 35], [56, 59], [63, 67], [73, 80]]",8.0,29.0,6,6,28,5-10s,5-10s,0.09195402298850575,1.0,0.0,1.0,1.0,4.0,2.0,2.0,1.0,0.5116411935411949,44.512783838083955,5.564097979760494,6.441952321833829,0.968718473902598,87.0,29.0,0.3333333333333333,-10.623764038085938,-12.152849131617053,-11.990833282470703,1.3670692443847656,1.0,1.0,0.0,16.0,0.0,-11.990833282470703,1.3670692443847656,-12.088371906280518,1.4646078681945802,1.0,1.0,1.0,1.0,40.01724137931034,87.0,1.0,1.0,0.5,2.0,2.0,not_short_primary,nan,3+,6-10w
Boe3MeEpn_c_1,A man is speaking as plastic rustles,300,Boe3MeEpn_c,"[[16, 34]]",18.0,18.0,1,7,36,10-20s,10s+,0.06,1.0,0.0,1.0,0.0,15.0,20.5,4.5,0.5714285714285714,0.5116411935411949,153.49235806235845,8.52735322568658,11.168802554667506,23.251119163836577,300.0,18.0,0.06,-11.300848007202148,-11.519373893737793,-11.596896171569824,0.2960481643676758,1.0,1.0,0.0,97.0,5.0,-11.596896171569824,0.2960481643676758,-11.770892419815063,0.4700444126129142,1.0,1.0,1.0,1.0,25.0,300.0,0.0,1.0,0.8333333333333334,20.5,4.5,not_short_primary,nan,1,6-10w
Boe3MeEpn_c_2,A man is speaking as things bump into each other,300,Boe3MeEpn_c,"[[165, 178], [185, 202], [214, 224]]",17.0,40.0,3,10,48,10-20s,10s+,0.056666666666666664,0.0,0.0,1.0,1.0,11.0,15.5,156.0,0.7857142857142857,0.5116411935411949,153.49235806235845,9.028962238962261,10.453472327519398,1.797522503784137,300.0,40.0,0.13333333333333333,-11.441347122192383,-12.070697546005249,-10.11593246459961,-1.3254146575927734,0.81,58.0,57.0,82.0,12.0,-11.847738265991211,0.4063911437988281,-10.343848962783813,-1.0974981594085698,0.0,0.0,0.0,0.0,192.725,300.0,0.0,1.0,0.6470588235294118,15.5,156.0,not_short_primary,nan,3+,6-10w
Boe3MeEpn_c_3,A man is speaking as a sticky substance is being handled,300,Boe3MeEpn_c,"[[178, 185], [209, 212]]",7.0,10.0,2,11,56,5-10s,5-10s,0.023333333333333334,0.0,0.0,0.0,0.0,30.0,182.0,0.5,0.23333333333333334,0.5116411935411949,153.49235806235845,21.927479723194065,19.097558383373272,3.2057502514177827,300.0,10.0,0.03333333333333333,-11.47433853149414,-11.56371259689331,-11.384407043457031,-0.08993148803710938,0.9466666666666667,17.0,16.0,95.0,21.0,-11.4813232421875,0.006984710693359375,-11.501723537445068,0.02738500595092752,0.0,0.0,0.0,0.0,190.2,300.0,1.0,1.0,4.285714285714286,182.0,0.5,not_short_primary,nan,2,11-15w
Bvw2gv1fcZw_1,A child burps,290,Bvw2gv1fcZw,"[[13, 14], [37, 38], [73, 78], [99, 100], [132, 134], [171, 173], [215, 216], [228, 231], [252, 256], [270, 274], [276, 278], [101, 104]]",5.0,29.0,12,3,13,5-10s,5-10s,0.017241379310344827,0.0,0.0,1.0,0.0,8.0,96.0,3.5,0.5555555555555556,0.5116411935411949,148.3759461269465,29.6751892253893,4.300047708367086,1.758945919565889,290.0,29.0,0.1,-10.664857864379883,-11.578292057431977,-10.842229843139648,0.17737197875976562,1.0,1.0,0.0,80.0,12.0,-10.842229843139648,0.17737197875976562,-11.13069140434265,0.4658335399627678,1.0,1.0,1.0,1.0,172.67241379310346,290.0,0.0,1.0,1.6,96.0,3.5,not_short_primary,nan,3+,0-5w
Bvw2gv1fcZw_2,Children shout,290,Bvw2gv1fcZw,"[[210, 213]]",3.0,3.0,1,2,14,3-5s,2-5s,0.010344827586206896,0.0,0.0,0.0,0.0,8.0,102.0,109.5,0.3,0.5116411935411949,148.3759461269465,49.45864870898217,57.2617984163007,1.93760508699134,290.0,3.0,0.010344827586206896,-11.739140510559082,-12.48353099822998,-11.683926582336426,-0.05521392822265625,0.996551724137931,2.0,1.0,91.0,20.0,-12.50149917602539,0.7623586654663086,-12.659581336975098,0.9204408264160158,0.0,1.0,1.0,1.0,211.5,290.0,0.0,1.0,2.6666666666666665,102.0,109.5,longer_audio,188.5,1,0-5w
BwnGxJD9xh8_1,"As insects call, a man mimics a sheep's bleat",123,BwnGxJD9xh8,"[[18, 20], [33, 34], [42, 48], [59, 61], [87, 88]]",6.0,12.0,5,9,45,5-10s,5-10s,0.04878048780487805,0.0,0.0,1.0,1.0,14.0,11.0,8.0,0.75,0.5116411935411949,62.93186680556697,10.488644467594495,17.280339687454024,0.22186022185208287,123.0,12.0,0.0975609756097561,-11.065572738647461,-11.339575211207071,-10.98766803741455,-0.07790470123291016,0.975609756097561,4.0,3.0,32.0,7.0,-10.993658065795898,-0.0719146728515625,-11.156503286361694,0.09093054771423326,0.0,0.0,1.0,1.0,45.75,123.0,0.0,1.0,2.3333333333333335,11.0,8.0,not_short_primary,nan,3+,6-10w
BwnGxJD9xh8_2,Insects and birds call out as metal is struck,123,BwnGxJD9xh8,"[[113, 121]]",8.0,8.0,1,9,45,5-10s,5-10s,0.06504065040650407,0.0,0.0,0.0,0.0,7.0,91.5,25.5,0.42857142857142855,0.5116411935411949,62.93186680556697,7.866483350695871,7.549496593243052,23.276174765278824,123.0,8.0,0.06504065040650407,-11.242950439453125,-11.776709914207458,-11.10185432434082,-0.1410961151123047,0.983739837398374,3.0,2.0,36.0,8.0,-11.377883911132812,0.1349334716796875,-11.520211000442504,0.27726056098937946,0.0,1.0,1.0,1.0,117.0,123.0,0.0,1.0,0.875,91.5,25.5,not_short_primary,nan,1,6-10w
BzHTqyX69pI_1,Something scrapes as doves coo,230,BzHTqyX69pI,"[[57, 68]]",11.0,11.0,1,5,30,10-20s,10s+,0.04782608695652174,1.0,1.0,1.0,1.0,10.0,61.0,1.5,0.75,0.5116411935411949,117.67747451447482,10.69795222858862,17.58949329419125,0.31614172714273536,230.0,11.0,0.04782608695652174,-11.355833053588867,-11.475219639864834,-11.718860626220703,0.36302757263183594,1.0,1.0,0.0,70.0,7.0,-11.891378402709961,0.5355453491210938,-12.014363021850587,0.6585299682617194,1.0,1.0,1.0,1.0,62.5,230.0,1.0,0.0,0.9090909090909091,61.0,1.5,not_short_primary,nan,1,0-5w
BzHTqyX69pI_2,A woman talks as a cat meows,230,BzHTqyX69pI,"[[211, 213]]",2.0,2.0,1,7,28,2-3s,2-5s,0.008695652173913044,0.0,0.0,0.0,0.0,12.0,91.0,121.0,0.0625,0.5116411935411949,117.67747451447482,58.83873725723741,56.467779396614695,36.74406663426123,230.0,2.0,0.008695652173913044,-12.744706153869629,-12.771915912628174,-11.966870307922363,-0.7778358459472656,0.10869565217391304,206.0,205.0,79.0,17.0,-12.229698181152344,-0.5150079727172852,-12.269415416717528,-0.47529073715210046,0.0,0.0,0.0,0.0,212.0,230.0,0.0,1.0,6.0,91.0,121.0,longer_audio,188.5,1,6-10w
C4JwGJQ2dUA_1,A man delivers a speech as electric noise crackles and the audience calls out,300,C4JwGJQ2dUA,"[[44, 46], [52, 62], [156, 158], [248, 250], [288, 292], [96, 98]]",10.0,22.0,6,14,77,10-20s,10s+,0.03333333333333333,0.0,0.0,0.0,0.0,18.0,99.0,2.0,0.16666666666666666,0.5116411935411949,153.49235806235845,15.349235806235844,20.103844598401512,3.2511191638365773,300.0,22.0,0.07333333333333333,-12.406136512756348,-12.726244709708475,-12.328910827636719,-0.0772256851196289,0.9866666666666667,5.0,4.0,81.0,14.0,-12.340156555175781,-0.0659799575805664,-12.497136907577515,0.09100039482116706,0.0,0.0,1.0,1.0,128.45454545454547,300.0,1.0,1.0,1.8,99.0,2.0,not_short_primary,nan,3+,11-15w
C5kmOK_l4jc_1,A baby screms,79,C5kmOK_l4jc,"[[31, 32]]",1.0,1.0,1,3,13,1-2s,0-2s,0.012658227848101266,0.0,0.0,0.0,0.0,4.0,25.0,6.5,0.25,0.5116411935411949,40.41965428975439,40.41965428975439,66.5925285516521,2.7400565652545907,79.0,1.0,0.012658227848101266,-11.616188049316406,-11.616188049316406,-11.018209457397461,-0.5979785919189453,0.759493670886076,20.0,19.0,30.0,7.0,-11.21337604522705,-0.40281200408935547,-11.785646162033082,0.16945811271667566,0.0,0.0,0.0,0.0,31.5,79.0,0.0,1.0,4.0,25.0,6.5,shorter_or_equal_audio,213.0,1,0-5w
C8kR19NvynA_1,The audience applauds,299,C8kR19NvynA,"[[7, 10], [24, 27], [47, 50], [65, 68], [79, 82], [113, 117], [128, 131], [176, 180], [191, 195], [216, 219], [250, 252]]",4.0,35.0,11,3,21,3-5s,2-5s,0.013377926421404682,0.0,0.0,0.0,0.0,7.0,12.5,4.0,0.375,0.5116411935411949,152.98071686881727,38.24517921720432,62.88243852673372,0.33901575471443834,299.0,35.0,0.11705685618729098,-9.126165390014648,-10.337945256914411,-10.425065040588379,1.2988996505737305,1.0,1.0,0.0,71.0,3.0,-10.425065040588379,1.2988996505737305,-10.905980253219605,1.7798148632049564,1.0,1.0,1.0,1.0,119.3,299.0,0.0,1.0,1.75,12.5,4.0,longer_audio,188.5,3+,0-5w
C9NC7wJ7C3w_1,Music plays,299,C9NC7wJ7C3w,"[[9, 29], [0, 4]]",20.0,24.0,2,2,11,20s+,10s+,0.06688963210702341,1.0,1.0,1.0,1.0,28.0,17.0,2.0,0.7142857142857143,0.5116411935411949,152.98071686881727,7.649035843440863,10.018415891536753,29.090282099957122,299.0,24.0,0.0802675585284281,-9.489442825317383,-9.899175842603048,-9.77446460723877,0.2850217819213867,1.0,1.0,0.0,85.0,2.0,-9.77446460723877,0.2850217819213867,-11.224552087783813,1.7351092624664304,1.0,1.0,1.0,1.0,16.166666666666668,299.0,1.0,0.0,1.4,17.0,2.0,not_short_primary,nan,2,0-5w
C9NC7wJ7C3w_2,A man talks,299,C9NC7wJ7C3w,"[[62, 65], [85, 246]]",161.0,164.0,2,3,11,20s+,10s+,0.5384615384615384,1.0,0.0,1.0,1.0,254.0,140.0,25.5,0.7523364485981309,0.5116411935411949,152.98071686881727,0.9501907880050762,0.1376862566718525,10.024397138102756,299.0,164.0,0.5484949832775919,-11.867635726928711,-12.065817158396651,-11.866216659545898,-0.0014190673828125,0.9899665551839465,4.0,3.0,46.0,12.0,-11.867321014404297,-0.0003147125244140625,-11.866216659545898,-0.0014190673828125,0.0,0.0,1.0,1.0,163.6341463414634,299.0,0.0,1.0,1.5776397515527951,140.0,25.5,not_short_primary,nan,2,0-5w
C9NC7wJ7C3w_3,A woman and a man talk,299,C9NC7wJ7C3w,"[[246, 285], [31, 85], [89, 92]]",54.0,96.0,3,6,22,20s+,10s+,0.1806020066889632,0.0,0.0,1.0,0.0,235.0,154.5,64.0,0.6428571428571429,0.5116411935411949,152.98071686881727,2.832976238311431,4.657958409387683,9.660984245285562,299.0,96.0,0.3210702341137124,-11.294260025024414,-11.665062040090561,-11.146322250366211,-0.14793777465820312,0.6588628762541806,103.0,102.0,65.0,18.0,-11.201324462890625,-0.09293556213378906,-11.151808834075927,-0.14245119094848668,0.0,0.0,0.0,0.0,143.3125,299.0,0.0,1.0,4.351851851851852,154.5,64.0,not_short_primary,nan,3+,6-10w
C9NC7wJ7C3w_4,Two men talk,299,C9NC7wJ7C3w,"[[286, 300]]",14.0,14.0,1,3,12,10-20s,10s+,0.046822742474916385,0.0,0.0,0.0,0.0,238.0,147.0,146.0,0.06532663316582915,0.5116411935411949,152.98071686881727,10.927194062058376,10.486873316514158,65.1672866245396,299.0,13.0,0.043478260869565216,-11.905142784118652,-12.014139028695913,-11.4270601272583,-0.47808265686035156,0.2040133779264214,239.0,238.0,92.0,18.0,-11.889909744262695,-0.015233039855957031,-11.456797246932984,-0.44834553718566816,0.0,0.0,0.0,0.0,292.5,299.0,0.0,1.0,17.0,147.0,146.0,not_short_primary,nan,1,0-5w
CBwXKOpJY_o_1,Toys make sounds,158,CBwXKOpJY_o,"[[0, 7], [76, 87], [100, 104], [124, 126], [134, 137], [140, 151], [93, 95], [155, 159]]",11.0,44.0,8,3,16,10-20s,10s+,0.06962025316455696,0.0,0.0,1.0,0.0,2.0,1.0,2.5,0.6666666666666666,0.5116411935411949,80.83930857950878,7.349028052682616,1.0649020970564258,1.2479774320393346,158.0,43.0,0.2721518987341772,-11.254456520080566,-13.399677587109943,-11.820178985595703,0.5657224655151367,1.0,1.0,0.0,32.0,6.0,-12.872293472290039,1.6178369522094727,-12.241932067871094,0.9874755477905275,1.0,1.0,1.0,1.0,98.68604651162791,158.0,0.0,1.0,0.18181818181818182,1.0,2.5,not_short_primary,nan,3+,0-5w
CM49C3RkzV8_1,A woman talks,300,CM49C3RkzV8,"[[0, 204]]",204.0,204.0,1,3,13,20s+,10s+,0.68,0.0,0.0,0.0,0.0,45.0,91.5,10.5,0.4411764705882353,0.5116411935411949,153.49235806235845,0.7524135199135218,1.2396226461588253,7.214975068653459,300.0,204.0,0.68,-11.599102020263672,-12.008677725698433,-12.04861831665039,0.44951629638671875,1.0,1.0,0.0,25.0,0.0,-12.280414581298828,0.6813125610351562,-12.04861831665039,0.44951629638671875,1.0,1.0,1.0,1.0,102.0,300.0,0.0,1.0,0.22058823529411764,91.5,10.5,not_short_primary,nan,1,0-5w
CM49C3RkzV8_2,Music and applause,300,CM49C3RkzV8,"[[205, 213]]",8.0,8.0,1,3,18,5-10s,5-10s,0.02666666666666667,1.0,0.0,1.0,0.0,8.0,207.0,2.0,0.6,0.5116411935411949,153.49235806235845,19.186544757794806,16.710363585451613,1.7057502514177827,300.0,8.0,0.02666666666666667,-11.26222038269043,-11.792047142982483,-11.769620895385742,0.5074005126953125,1.0,1.0,0.0,98.0,18.0,-11.769620895385742,0.5074005126953125,-12.79351800918579,1.5312976264953608,1.0,1.0,1.0,1.0,209.0,300.0,1.0,1.0,1.0,207.0,2.0,not_short_primary,nan,1,0-5w
CM49C3RkzV8_3,A man talks,300,CM49C3RkzV8,"[[214, 300]]",86.0,86.0,1,3,11,20s+,10s+,0.2866666666666667,0.0,0.0,0.0,0.0,47.0,94.5,162.5,0.45348837209302323,0.5116411935411949,153.49235806235845,1.7847948611902145,1.7128750069751677,28.405304305558104,300.0,86.0,0.2866666666666667,-11.915820121765137,-12.113738769708677,-11.640667915344238,-0.27515220642089844,0.6866666666666666,95.0,94.0,71.0,13.0,-12.483256340026855,0.5674362182617188,-11.647547578811645,-0.26827254295349157,0.0,0.0,0.0,0.0,257.0,300.0,0.0,1.0,0.5465116279069767,94.5,162.5,not_short_primary,nan,1,0-5w
CMUuelJFJ7Q_1,A bell rings,62,CMUuelJFJ7Q,"[[1, 32]]",31.0,31.0,1,3,12,20s+,10s+,0.5,0.0,0.0,1.0,0.0,14.0,7.0,9.5,0.6774193548387096,0.5116411935411949,31.721753999554082,1.0232823870823897,1.6824732716182935,0.26260527355282903,62.0,31.0,0.5,-10.377307891845703,-11.098185016262915,-10.867283821105957,0.4899759292602539,1.0,1.0,0.0,6.0,0.0,-10.867283821105957,0.4899759292602539,-10.867283821105957,0.4899759292602539,1.0,1.0,1.0,1.0,16.5,62.0,0.0,1.0,0.45161290322580644,7.0,9.5,not_short_primary,nan,1,0-5w
CO6-i8NLbeo_1,A man speaks and an alarm sounds,187,CO6-i8NLbeo,"[[16, 20], [114, 116]]",4.0,6.0,2,7,32,3-5s,2-5s,0.0213903743315508,0.0,0.0,0.0,0.0,12.0,7.0,11.0,0.18181818181818182,0.5116411935411949,95.67690319220344,23.91922579805086,3.4659867304510565,5.2238720239959235,187.0,6.0,0.03208556149732621,-10.675321578979492,-11.355840841929117,-10.378345489501953,-0.29697608947753906,0.93048128342246,14.0,13.0,57.0,9.0,-11.003765106201172,0.3284435272216797,-10.888844718933106,0.2135231399536135,0.0,0.0,0.0,0.0,50.333333333333336,187.0,0.0,1.0,3.0,7.0,11.0,shorter_or_equal_audio,188.5,2,6-10w
CO6-i8NLbeo_2,A goat bleats nearby,187,CO6-i8NLbeo,"[[74, 76], [80, 82], [12, 13], [14, 17], [58, 59], [66, 68]]",3.0,11.0,6,4,20,3-5s,2-5s,0.016042780748663103,1.0,0.0,1.0,0.0,4.0,75.0,0.0,0.5,0.5116411935411949,95.67690319220344,31.892301064067812,52.543471895185405,1.0773344594606584,187.0,11.0,0.058823529411764705,-9.826114654541016,-10.695001688870517,-10.225573539733887,0.3994588851928711,1.0,1.0,0.0,58.0,10.0,-10.225573539733887,0.3994588851928711,-10.996563920974731,1.1704492664337156,1.0,1.0,1.0,1.0,51.22727272727273,187.0,1.0,1.0,1.3333333333333333,75.0,0.0,shorter_or_equal_audio,188.5,3+,0-5w
CYUlLTKoa1Y_1,"As several women talk, laughter erupts",230,CYUlLTKoa1Y,"[[15, 17], [198, 200], [204, 206], [209, 218]]",9.0,15.0,4,6,38,5-10s,5-10s,0.0391304347826087,0.0,0.0,1.0,0.0,7.0,115.5,83.5,0.6,0.5116411935411949,117.67747451447482,13.075274946052758,17.125497250490174,20.992524692274714,230.0,15.0,0.06521739130434782,-11.735799789428711,-12.198806063334148,-11.422428131103516,-0.3133716583251953,0.9695652173913043,8.0,7.0,74.0,14.0,-12.20518970489502,0.4693899154663086,-11.826641788482666,0.09084199905395529,0.0,0.0,0.0,1.0,184.1,230.0,0.0,1.0,0.7777777777777778,115.5,83.5,not_short_primary,nan,3+,6-10w
CYUlLTKoa1Y_2,A sewing machine rattles,230,CYUlLTKoa1Y,"[[69, 81], [84, 95], [98, 111], [114, 119]]",13.0,41.0,4,4,24,10-20s,10s+,0.05652173913043478,1.0,1.0,1.0,1.0,12.0,91.0,1.5,0.7692307692307693,0.5116411935411949,117.67747451447482,9.05211342419037,5.710192200626775,1.7480247185153814,230.0,41.0,0.1782608695652174,-10.444160461425781,-11.516240561880716,-11.011079788208008,0.5669193267822266,1.0,1.0,0.0,64.0,5.0,-11.011079788208008,0.5669193267822266,-11.25578372001648,0.8116232585906982,1.0,1.0,1.0,1.0,93.3048780487805,230.0,1.0,0.0,0.9230769230769231,91.0,1.5,not_short_primary,nan,3+,0-5w
C_ga5m6nOhI_1,A train rumbles along as a whistle blows,96,C_ga5m6nOhI,"[[8, 53], [64, 67]]",45.0,48.0,2,8,40,20s+,10s+,0.46875,0.0,0.0,1.0,0.0,3.0,10.5,20.0,0.5,0.5116411935411949,49.11755457995471,1.0915012128878823,0.4039179730320383,0.5624838997622845,96.0,48.0,0.5,-10.636333465576172,-11.718635479609171,-10.932328224182129,0.29599475860595703,1.0,1.0,0.0,14.0,3.0,-11.172996520996094,0.5366630554199219,-10.932328224182129,0.29599475860595703,1.0,1.0,1.0,1.0,32.6875,96.0,0.0,1.0,0.06666666666666667,10.5,20.0,not_short_primary,nan,2,6-10w
Cbe2B6ohBpw_1,Birds sing,60,Cbe2B6ohBpw,"[[1, 4]]",3.0,3.0,1,2,10,3-5s,2-5s,0.05,1.0,1.0,1.0,1.0,4.0,2.0,0.5,0.75,0.5116411935411949,30.698471612471693,10.232823870823898,13.402563065601008,7.150223832767315,60.0,3.0,0.05,-11.142584800720215,-11.199707984924316,-11.57722282409668,0.43463802337646484,1.0,1.0,0.0,17.0,2.0,-11.57722282409668,0.43463802337646484,-12.247192430496217,1.1046076297760017,1.0,1.0,1.0,1.0,2.5,60.0,1.0,0.0,1.3333333333333333,2.0,0.5,shorter_or_equal_audio,188.5,1,0-5w
Cbe2B6ohBpw_2,Ducks quack and wings flap,60,Cbe2B6ohBpw,"[[29, 31]]",2.0,2.0,1,5,26,2-3s,2-5s,0.03333333333333333,0.0,0.0,1.0,0.0,3.0,3.5,26.5,0.6666666666666666,0.5116411935411949,30.698471612471693,15.349235806235846,15.967746552485252,1.3120255141777974,60.0,2.0,0.03333333333333333,-11.400678634643555,-11.425148963928223,-10.868560791015625,-0.5321178436279297,0.8,13.0,12.0,15.0,3.0,-11.362283706665039,-0.038394927978515625,-11.461155872344971,0.06047723770141644,0.0,0.0,0.0,0.0,30.0,60.0,0.0,1.0,1.5,3.5,26.5,shorter_or_equal_audio,188.5,1,0-5w
Cbe2B6ohBpw_3,Ducks quack,60,Cbe2B6ohBpw,"[[16, 18], [26, 40], [4, 11], [19, 20], [42, 51], [54, 58]]",14.0,37.0,6,2,11,10-20s,10s+,0.23333333333333334,0.0,0.0,0.0,0.0,3.0,2.5,5.0,0.2222222222222222,0.5116411935411949,30.698471612471693,2.1927479723194065,3.6052998677534864,0.7781239288198449,60.0,37.0,0.6166666666666667,-11.602599143981934,-12.051242390194455,-11.192851066589355,-0.4097480773925781,0.9333333333333333,5.0,4.0,4.0,2.0,-11.192851066589355,-0.4097480773925781,-11.192851066589355,-0.4097480773925781,0.0,0.0,1.0,1.0,32.71621621621622,60.0,0.0,1.0,0.21428571428571427,2.5,5.0,not_short_primary,nan,3+,0-5w
Cbe2B6ohBpw_4,Water splashes underfoot,60,Cbe2B6ohBpw,"[[4, 10]]",6.0,6.0,1,3,24,5-10s,5-10s,0.1,1.0,0.0,1.0,0.0,4.0,6.0,1.0,0.6666666666666666,0.5116411935411949,30.698471612471693,5.116411935411949,6.701281532800504,2.650223832767315,60.0,6.0,0.1,-10.7532320022583,-10.938400268554688,-11.13005542755127,0.37682342529296875,1.0,1.0,0.0,14.0,0.0,-11.210844039916992,0.4576120376586914,-11.503682184219361,0.7504501819610603,1.0,1.0,1.0,1.0,7.0,60.0,1.0,1.0,0.6666666666666666,6.0,1.0,not_short_primary,nan,1,0-5w
CchRf2jq6fc_1,A woman speaks as water flows,198,CchRf2jq6fc,"[[82, 87], [135, 173]]",38.0,43.0,2,6,29,20s+,10s+,0.1919191919191919,0.0,0.0,1.0,0.0,27.0,134.5,19.5,0.631578947368421,0.5116411935411949,101.30495632115658,2.665919903188331,2.558494352523961,3.1275008416683647,198.0,43.0,0.21717171717171718,-11.276932716369629,-11.776177140169365,-11.213338851928711,-0.06359386444091797,0.9949494949494949,2.0,1.0,53.0,10.0,-11.213338851928711,-0.06359386444091797,-11.338783798217774,0.06185108184814503,0.0,1.0,1.0,1.0,145.91860465116278,198.0,0.0,1.0,0.7105263157894737,134.5,19.5,not_short_primary,nan,2,6-10w
CchRf2jq6fc_2,A woman speaks and washes clothes in a tub,198,CchRf2jq6fc,"[[94, 123], [130, 135], [163, 168], [148, 150], [171, 172]]",29.0,42.0,5,9,42,20s+,10s+,0.14646464646464646,0.0,0.0,0.0,0.0,13.0,123.5,9.0,0.45454545454545453,0.5116411935411949,101.30495632115658,3.493274355901951,1.2927116162771053,1.4336269567402837,198.0,42.0,0.21212121212121213,-10.937593460083008,-11.533632028670539,-10.976727485656738,0.03913402557373047,1.0,1.0,0.0,49.0,7.0,-10.976727485656738,0.03913402557373047,-11.074028253555298,0.13643479347229004,1.0,1.0,1.0,1.0,121.57142857142857,198.0,0.0,1.0,0.4482758620689655,123.5,9.0,not_short_primary,nan,3+,6-10w
CchRf2jq6fc_3,A woman speaks and washes clothes in a tub,198,CchRf2jq6fc,"[[123, 130], [148, 173]]",25.0,32.0,2,9,42,20s+,10s+,0.12626262626262627,0.0,0.0,0.0,0.0,11.0,122.5,4.0,0.44,0.5116411935411949,101.30495632115658,4.052198252846264,1.499545474881442,7.433626956740284,198.0,32.0,0.16161616161616163,-11.02247428894043,-11.748299807310104,-10.924269676208496,-0.0982046127319336,0.9797979797979798,5.0,4.0,56.0,12.0,-10.924269676208496,-0.0982046127319336,-11.068753995895385,0.0462797069549552,0.0,0.0,1.0,1.0,153.0625,198.0,0.0,1.0,0.44,122.5,4.0,not_short_primary,nan,2,6-10w
CefFMA3klxk_1,"A car moves along, honking its horn",299,CefFMA3klxk,"[[8, 9], [154, 155]]",1.0,2.0,2,7,35,1-2s,0-2s,0.0033444816053511705,0.0,0.0,0.0,0.0,10.0,124.0,30.5,0.16666666666666666,0.5116411935411949,152.98071686881727,152.98071686881727,159.14520730643633,11.538260478986018,299.0,2.0,0.006688963210702341,-10.503952026367188,-10.706549167633057,-10.460601806640625,-0.0433502197265625,0.9966555183946488,2.0,1.0,39.0,13.0,-10.460601806640625,-0.0433502197265625,-11.676450204849242,1.172498178482055,0.0,1.0,1.0,1.0,81.5,299.0,0.0,1.0,10.0,124.0,30.5,longer_audio,213.0,2,6-10w
CefFMA3klxk_2,An alarm rings out over car engine noise,299,CefFMA3klxk,"[[102, 137], [196, 206]]",35.0,45.0,2,8,40,20s+,10s+,0.11705685618729098,0.0,0.0,0.0,0.0,15.0,117.5,2.0,0.45714285714285713,0.5116411935411949,152.98071686881727,4.3708776248233505,1.6174750973649032,1.253305353865386,299.0,45.0,0.1505016722408027,-11.221147537231445,-11.75002646976047,-11.161577224731445,-0.0595703125,0.9933110367892977,3.0,2.0,29.0,4.0,-11.916023254394531,0.6948757171630859,-11.495040149688721,0.27389261245727603,0.0,1.0,1.0,1.0,137.61111111111111,299.0,1.0,1.0,0.42857142857142855,117.5,2.0,not_short_primary,nan,2,6-10w
CefFMA3klxk_3,A man's voice rises above the engine and alarm sounds,299,CefFMA3klxk,"[[172, 174]]",2.0,2.0,1,10,53,2-3s,2-5s,0.006688963210702341,0.0,0.0,0.0,0.0,11.0,113.5,59.5,0.25,0.5116411935411949,152.98071686881727,76.49035843440863,11.083743662084126,2.5243971381027563,299.0,2.0,0.006688963210702341,-12.632534980773926,-12.84378719329834,-11.7628173828125,-0.8697175979614258,0.8093645484949833,58.0,57.0,41.0,12.0,-12.809869766235352,0.17733478546142578,-12.865894975662231,0.23335999488830517,0.0,0.0,0.0,0.0,173.0,299.0,0.0,1.0,5.5,113.5,59.5,longer_audio,188.5,1,6-10w
Ch0LMmhBUg4_1,Someone talks as large machinery runs and a propeller spins,299,Ch0LMmhBUg4,"[[165, 217]]",52.0,52.0,1,10,59,20s+,10s+,0.17391304347826086,0.0,0.0,0.0,0.0,31.0,15.5,175.5,0.4807692307692308,0.5116411935411949,152.98071686881727,2.9419368628618705,1.0886851616879156,11.253305353865386,299.0,52.0,0.17391304347826086,-11.861711502075195,-12.541338773874136,-11.472188949584961,-0.3895225524902344,0.9331103678929766,21.0,20.0,81.0,12.0,-12.1490478515625,0.2873363494873047,-11.543536901473999,-0.3181746006011963,0.0,0.0,0.0,0.0,191.0,299.0,0.0,1.0,0.5961538461538461,15.5,175.5,not_short_primary,nan,1,6-10w
Ch0LMmhBUg4_2,A child speaks as a man talks and large machinery runs,299,Ch0LMmhBUg4,"[[263, 264], [286, 291]]",5.0,6.0,2,11,54,5-10s,5-10s,0.016722408026755852,0.0,0.0,0.0,0.0,33.0,25.5,238.0,0.25,0.5116411935411949,152.98071686881727,30.596143373763454,29.36324528623964,35.6672866245396,299.0,6.0,0.020066889632107024,-11.75224494934082,-12.038972854614258,-11.435812950134277,-0.31643199920654297,0.7859531772575251,65.0,64.0,88.0,15.0,-11.97010326385498,0.21785831451416016,-11.633587636947631,-0.11865731239318933,0.0,0.0,0.0,0.0,284.3333333333333,299.0,0.0,1.0,6.6,25.5,238.0,not_short_primary,nan,2,11-15w
CvNAwby6Xos_1,A stapler clicks,299,CvNAwby6Xos,"[[52, 53], [54, 56], [71, 73], [117, 118], [133, 137], [145, 146], [177, 178], [189, 192], [241, 245]]",4.0,19.0,9,3,16,3-5s,2-5s,0.013377926421404682,0.0,0.0,0.0,0.0,9.0,62.5,7.5,0.0,0.5116411935411949,152.98071686881727,38.24517921720432,24.125562047648124,1.422432134069993,299.0,19.0,0.06354515050167224,-10.68425178527832,-12.34563159942627,-10.715922355651855,0.031670570373535156,1.0,1.0,0.0,87.0,18.0,-11.24106502532959,0.5568132400512695,-11.564029541015625,0.8797777557373045,1.0,1.0,1.0,1.0,148.97368421052633,299.0,0.0,1.0,2.25,62.5,7.5,longer_audio,188.5,3+,0-5w
CvNAwby6Xos_2,A man's voice mixes with the hum of a sewing machine,299,CvNAwby6Xos,"[[93, 102], [108, 117], [265, 266], [268, 270], [272, 279], [163, 168], [170, 176], [212, 214], [216, 217], [220, 222], [224, 230]]",9.0,50.0,11,11,52,5-10s,5-10s,0.030100334448160536,0.0,0.0,0.0,0.0,26.0,216.0,0.5,0.45,0.5116411935411949,152.98071686881727,16.997857429868585,16.312914047910912,0.8327133754604006,299.0,50.0,0.16722408026755853,-10.949967384338379,-11.531447925567626,-11.301874160766602,0.35190677642822266,1.0,1.0,0.0,76.0,6.0,-11.477495193481445,0.5275278091430664,-11.464127254486083,0.5141598701477044,1.0,1.0,1.0,1.0,178.68,299.0,1.0,1.0,2.888888888888889,216.0,0.5,not_short_primary,nan,3+,11-15w
D1Sy7kRoaR8_1,An announcement plays as applause breaks out,284,D1Sy7kRoaR8,"[[10, 17], [79, 84], [229, 236], [279, 285]]",7.0,25.0,4,7,44,5-10s,5-10s,0.02464788732394366,0.0,0.0,1.0,0.0,8.0,198.0,34.5,0.625,0.5116411935411949,145.30609896569933,20.758014137957048,34.13017208139967,4.716453263080595,284.0,24.0,0.08450704225352113,-11.3033447265625,-11.665994246800741,-11.057064056396484,-0.24628067016601562,0.9577464788732394,13.0,12.0,74.0,7.0,-11.688414573669434,0.3850698471069336,-11.285679531097411,-0.0176651954650886,0.0,0.0,0.0,0.0,147.375,284.0,0.0,1.0,1.1428571428571428,198.0,34.5,not_short_primary,nan,3+,6-10w
D1Sy7kRoaR8_2,Applause breaks out,284,D1Sy7kRoaR8,"[[143, 151], [192, 201], [78, 84], [10, 17], [229, 236], [279, 285]]",9.0,43.0,6,3,19,5-10s,5-10s,0.03169014084507042,1.0,0.0,1.0,1.0,8.0,199.0,2.5,0.8888888888888888,0.5116411935411949,145.30609896569933,16.145122107299926,14.061461505980024,0.2614435713421699,284.0,42.0,0.14788732394366197,-10.944066047668457,-11.309482052212669,-11.042924880981445,0.09885883331298828,1.0,1.0,0.0,72.0,4.0,-11.354296684265137,0.4102306365966797,-11.311516008377076,0.367449960708619,1.0,1.0,1.0,1.0,156.1904761904762,284.0,0.0,1.0,0.8888888888888888,199.0,2.5,not_short_primary,nan,3+,0-5w
D1Sy7kRoaR8_3,A child shouts,284,D1Sy7kRoaR8,"[[241, 247]]",6.0,6.0,1,3,14,5-10s,5-10s,0.02112676056338028,0.0,0.0,0.0,0.0,10.0,168.0,76.0,0.46153846153846156,0.5116411935411949,145.30609896569933,24.21768316094989,23.241810650200833,27.597021409261686,284.0,6.0,0.02112676056338028,-12.669794082641602,-13.254678090413412,-11.83301830291748,-0.8367757797241211,0.9964788732394366,2.0,1.0,87.0,22.0,-12.82348918914795,0.15369510650634766,-13.220973176956177,0.5511790943145751,0.0,1.0,1.0,1.0,244.0,284.0,0.0,1.0,1.6666666666666667,168.0,76.0,not_short_primary,nan,1,0-5w
D2Xc_jZllDY_1,A man talks as wind blows and dogs bark,299,D2Xc_jZllDY,"[[29, 36]]",7.0,7.0,1,9,39,5-10s,5-10s,0.023411371237458192,0.0,0.0,0.0,0.0,13.0,187.5,155.0,0.0,0.5116411935411949,152.98071686881727,21.854388124116753,28.624045404390724,15.590282099957122,299.0,7.0,0.023411371237458192,-11.822439193725586,-12.036480222429548,-11.426165580749512,-0.3962736129760742,0.9431438127090301,18.0,17.0,92.0,23.0,-11.81430435180664,-0.008134841918945312,-11.908730115890503,0.08629092216491685,0.0,0.0,0.0,0.0,32.5,299.0,0.0,1.0,1.8571428571428572,187.5,155.0,not_short_primary,nan,1,6-10w
D2Xc_jZllDY_2,Wind blows and a whistle blows,299,D2Xc_jZllDY,"[[110, 111], [146, 148], [163, 165], [179, 180], [215, 216], [278, 279], [112, 113], [150, 151], [156, 157], [218, 219], [228, 230]]",2.0,14.0,11,6,30,2-3s,2-5s,0.006688963210702341,0.0,0.0,0.0,0.0,8.0,152.0,1.5,0.2857142857142857,0.5116411935411949,152.98071686881727,76.49035843440863,73.4081132155991,1.1672866245395994,299.0,14.0,0.046822742474916385,-11.974135398864746,-12.691787855965751,-12.063894271850586,0.08975887298583984,1.0,1.0,0.0,87.0,17.0,-12.122947692871094,0.14881229400634766,-12.726894989013672,0.7527595901489263,1.0,1.0,1.0,1.0,178.71428571428572,299.0,1.0,1.0,4.0,152.0,1.5,longer_audio,188.5,3+,6-10w
D2Xc_jZllDY_3,A man talks as wind blows and a dog breathes,299,D2Xc_jZllDY,"[[229, 237], [251, 253]]",8.0,10.0,2,10,44,5-10s,5-10s,0.026755852842809364,0.0,0.0,0.0,0.0,12.0,191.0,42.0,0.25,0.5116411935411949,152.98071686881727,19.12258960860216,18.352028303899775,5.167286624539599,299.0,10.0,0.033444816053511704,-11.511407852172852,-12.10582275390625,-11.241947174072266,-0.26946067810058594,0.9665551839464883,11.0,10.0,90.0,22.0,-11.5559663772583,0.04455852508544922,-11.683356199264527,0.17194834709167495,0.0,0.0,0.0,0.0,236.8,299.0,0.0,1.0,1.5,191.0,42.0,not_short_primary,nan,2,6-10w
D4s5aHrsBgs_1,Loud applause erupts,300,D4s5aHrsBgs,"[[5, 9], [159, 171], [242, 252], [277, 282]]",12.0,31.0,4,3,20,10-20s,10s+,0.04,1.0,1.0,1.0,1.0,11.0,166.5,1.5,0.7692307692307693,0.5116411935411949,153.49235806235845,12.791029838529871,1.8534688398133994,11.111435255621501,300.0,31.0,0.10333333333333333,-9.735834121704102,-10.613552001214796,-10.09301471710205,0.3571805953979492,1.0,1.0,0.0,78.0,4.0,-10.81977653503418,1.0839424133300781,-10.833990278244018,1.0981561565399165,1.0,1.0,1.0,1.0,189.53225806451613,300.0,1.0,0.0,0.9166666666666666,166.5,1.5,not_short_primary,nan,3+,0-5w
D4s5aHrsBgs_2,Music plays as someone plays the flute,300,D4s5aHrsBgs,"[[23, 158]]",135.0,135.0,1,7,38,20s+,10s+,0.45,0.0,0.0,0.0,0.0,34.0,62.0,28.5,0.2518518518518518,0.5116411935411949,153.49235806235845,1.136980430091544,1.8694147462425483,9.390619644099218,300.0,135.0,0.45,-11.255979537963867,-11.658534749348958,-11.30740737915039,0.05142784118652344,1.0,1.0,0.0,44.0,2.0,-11.541861534118652,0.28588199615478516,-11.341127634048462,0.08514809608459473,1.0,1.0,1.0,1.0,90.5,300.0,0.0,1.0,0.2518518518518518,62.0,28.5,not_short_primary,nan,1,6-10w
D4s5aHrsBgs_3,Music plays while a flute sounds and fingers snap,300,D4s5aHrsBgs,"[[79, 89]]",10.0,10.0,1,9,49,10-20s,10s+,0.03333333333333333,0.0,0.0,0.0,0.0,16.0,255.0,171.0,0.1,0.5116411935411949,153.49235806235845,15.349235806235844,25.237099074274404,2.8906196440992176,300.0,10.0,0.03333333333333333,-11.858144760131836,-11.982064342498779,-11.447535514831543,-0.41060924530029297,0.6866666666666666,95.0,94.0,86.0,19.0,-11.640074729919434,-0.21807003021240234,-11.613004055023193,-0.24514070510864272,0.0,0.0,0.0,0.0,84.0,300.0,0.0,1.0,1.6,255.0,171.0,not_short_primary,nan,1,6-10w
D4s5aHrsBgs_4,Laughter erupts as a man talks,300,D4s5aHrsBgs,"[[175, 184], [191, 199], [220, 223], [259, 264], [283, 292], [242, 245]]",9.0,37.0,6,6,30,5-10s,5-10s,0.03,0.0,0.0,1.0,0.0,13.0,253.5,8.0,0.5714285714285714,0.5116411935411949,153.49235806235845,17.05470645137316,19.74544772975886,0.7024774962158631,300.0,37.0,0.12333333333333334,-11.60554313659668,-11.882149799450024,-11.490630149841309,-0.1149129867553711,0.98,7.0,6.0,83.0,21.0,-11.63337516784668,0.02783203125,-11.577351970672607,-0.028191165924072337,0.0,0.0,0.0,1.0,228.7972972972973,300.0,0.0,1.0,1.4444444444444444,253.5,8.0,not_short_primary,nan,3+,6-10w
D4s5aHrsBgs_5,A flute plays and laughter follows,300,D4s5aHrsBgs,"[[227, 243], [252, 259], [292, 300], [264, 276]]",16.0,43.0,4,6,34,10-20s,10s+,0.05333333333333334,0.0,0.0,1.0,1.0,15.0,257.5,2.0,0.7777777777777778,0.5116411935411949,153.49235806235845,9.593272378897403,9.206703162491527,6.405304305558104,300.0,43.0,0.14333333333333334,-10.658927917480469,-10.780324581057526,-10.520648956298828,-0.13827896118164062,0.9233333333333333,24.0,23.0,78.0,17.0,-10.769760131835938,0.11083221435546875,-10.56000370979309,-0.09892420768737864,0.0,0.0,0.0,0.0,259.45348837209303,300.0,1.0,1.0,0.9375,257.5,2.0,not_short_primary,nan,3+,6-10w
Dc2WEiRk0rA_1,Air blasts from a compressor,73,Dc2WEiRk0rA,"[[1, 69]]",68.0,68.0,1,5,28,20s+,10s+,0.9315068493150684,0.0,0.0,1.0,0.0,3.0,3.5,31.5,0.5735294117647058,0.5116411935411949,37.34980712850722,0.549261869536871,0.5713948521232468,0.0962977089163175,73.0,68.0,0.9315068493150684,-11.570964813232422,-12.33586402500377,-12.165374755859375,0.5944099426269531,1.0,1.0,0.0,1.0,0.0,-12.165374755859375,0.5944099426269531,-12.165374755859375,0.5944099426269531,1.0,1.0,1.0,1.0,35.0,73.0,0.0,1.0,0.04411764705882353,3.5,31.5,not_short_primary,nan,1,0-5w
Dc2WEiRk0rA_2,"As objects bump into each other, birds chirp, someone breathes, and a man speaks",73,Dc2WEiRk0rA,"[[70, 73]]",3.0,3.0,1,14,80,3-5s,2-5s,0.0410958904109589,0.0,0.0,0.0,0.0,4.0,3.0,68.5,0.3333333333333333,0.5116411935411949,37.34980712850722,12.449935709502407,11.948254770877893,15.875290714352474,73.0,3.0,0.0410958904109589,-13.052558898925781,-13.292527834574381,-10.473073959350586,-2.5794849395751953,0.863013698630137,11.0,10.0,15.0,4.0,-13.427038192749023,0.3744792938232422,-13.080182456970215,0.02762355804443395,0.0,0.0,0.0,0.0,71.5,73.0,0.0,1.0,1.3333333333333333,3.0,68.5,shorter_or_equal_audio,188.5,1,11-15w
DjKGzOe_COc_1,A girl hums,113,DjKGzOe_COc,"[[0, 3]]",3.0,3.0,1,3,11,3-5s,2-5s,0.02654867256637168,0.0,0.0,0.0,0.0,20.0,95.0,93.5,0.0,0.5116411935411949,57.81545487015502,19.271818290051673,25.241493773548566,16.674588218378446,113.0,3.0,0.02654867256637168,-12.5556058883667,-12.853219668070475,-12.183011054992676,-0.37259483337402344,0.34513274336283184,75.0,74.0,36.0,11.0,-12.509556770324707,-0.04604911804199219,-12.37908019065857,-0.17652569770812931,0.0,0.0,0.0,0.0,1.5,113.0,0.0,1.0,6.666666666666667,95.0,93.5,shorter_or_equal_audio,188.5,1,0-5w
DlWd7Wmdi1E_1,Birds chirp and a dog barks,300,DlWd7Wmdi1E,"[[3, 17], [94, 141], [146, 211], [235, 255], [264, 296]]",65.0,178.0,5,6,27,20s+,10s+,0.21666666666666667,0.0,0.0,1.0,1.0,16.0,158.0,20.5,0.8636363636363636,0.5116411935411949,153.49235806235845,2.361420893267053,0.34217886273478143,2.388564744378499,300.0,178.0,0.5933333333333334,-11.07224178314209,-11.582153406036035,-11.102949142456055,0.030707359313964844,1.0,1.0,0.0,40.0,5.0,-11.131521224975586,0.059279441833496094,-11.102949142456055,0.030707359313964844,1.0,1.0,1.0,1.0,174.85955056179776,300.0,0.0,1.0,0.24615384615384617,158.0,20.5,not_short_primary,nan,3+,6-10w
DlWd7Wmdi1E_2,A man talks as water flows and bubbling sounds can be heard,300,DlWd7Wmdi1E,"[[26, 64]]",38.0,38.0,1,12,59,20s+,10s+,0.12666666666666668,0.0,0.0,0.0,0.0,22.0,69.0,24.0,0.1111111111111111,0.5116411935411949,153.49235806235845,4.0392725805883805,5.290485420631977,3.2511191638365773,300.0,38.0,0.12666666666666668,-10.739343643188477,-11.23178333985178,-10.449423789978027,-0.2899198532104492,0.9833333333333333,6.0,5.0,84.0,14.0,-10.510172843933105,-0.2291707992553711,-10.71842092514038,-0.0209227180480962,0.0,0.0,0.0,1.0,45.0,300.0,0.0,1.0,0.5789473684210527,69.0,24.0,not_short_primary,nan,1,11-15w
Dn3buZWMzwY_1,"Someone snores as screaming, objects bumping into each other, and laughter erupts",99,Dn3buZWMzwY,"[[44, 46]]",2.0,2.0,1,12,81,2-3s,2-5s,0.020202020202020204,0.0,0.0,1.0,0.0,4.0,57.0,12.0,0.5,0.5116411935411949,50.65247816057829,25.326239080289145,15.976124700449258,0.7719758571001023,99.0,2.0,0.020202020202020204,-11.270475387573242,-11.522607803344727,-11.358461380004883,0.08798599243164062,1.0,1.0,0.0,29.0,5.0,-11.358461380004883,0.08798599243164062,-12.046726818084716,0.7762514305114738,1.0,1.0,1.0,1.0,45.0,99.0,0.0,1.0,2.0,57.0,12.0,shorter_or_equal_audio,188.5,1,11-15w
Dn3buZWMzwY_2,Someone talks as another person screams,99,Dn3buZWMzwY,"[[86, 87]]",1.0,1.0,1,6,39,1-2s,0-2s,0.010101010101010102,0.0,0.0,0.0,0.0,6.0,91.0,4.5,0.25,0.5116411935411949,50.65247816057829,50.65247816057829,48.61139269795526,11.063750420834182,99.0,1.0,0.010101010101010102,-11.803606033325195,-11.803606033325195,-11.450944900512695,-0.3526611328125,0.9494949494949495,6.0,5.0,35.0,4.0,-11.62729263305664,-0.1763134002685547,-13.046983098983764,1.243377065658569,0.0,0.0,0.0,1.0,86.5,99.0,0.0,1.0,6.0,91.0,4.5,shorter_or_equal_audio,213.0,1,6-10w
Dn3buZWMzwY_3,Someone talks as another person sobs and door closes,99,Dn3buZWMzwY,"[[87, 88]]",1.0,1.0,1,9,52,1-2s,0-2s,0.010101010101010102,0.0,0.0,0.0,0.0,9.0,90.5,3.0,0.16666666666666666,0.5116411935411949,50.65247816057829,50.65247816057829,48.61139269795526,12.063750420834182,99.0,1.0,0.010101010101010102,-12.049442291259766,-12.049442291259766,-12.007671356201172,-0.04177093505859375,0.9696969696969697,4.0,3.0,35.0,5.0,-12.007671356201172,-0.04177093505859375,-13.175153160095215,1.1257108688354496,0.0,0.0,1.0,1.0,87.5,99.0,0.0,1.0,9.0,90.5,3.0,shorter_or_equal_audio,213.0,1,6-10w
Dn3buZWMzwY_4,A man speaks as someone snores and a zipper slides,99,Dn3buZWMzwY,"[[25, 27]]",2.0,2.0,1,10,50,2-3s,2-5s,0.020202020202020204,0.0,0.0,0.0,0.0,17.0,27.5,1.5,0.13333333333333333,0.5116411935411949,50.65247816057829,25.326239080289145,41.641213472552764,0.7660955174472583,99.0,2.0,0.020202020202020204,-11.318359375,-11.450461387634277,-11.215995788574219,-0.10236358642578125,0.9797979797979798,3.0,2.0,32.0,7.0,-11.248953819274902,-0.06940555572509766,-11.815121040344238,0.4967616653442377,0.0,1.0,1.0,1.0,26.0,99.0,1.0,1.0,8.5,27.5,1.5,shorter_or_equal_audio,188.5,1,6-10w
DrCm-HpX67k_1,Birds chirp as metals scrape,233,DrCm-HpX67k,"[[14, 21], [26, 30], [43, 48], [152, 160], [226, 232]]",8.0,30.0,5,5,28,5-10s,5-10s,0.034334763948497854,1.0,0.0,1.0,0.0,13.0,159.5,3.5,0.6666666666666666,0.5116411935411949,119.21239809509841,14.901549761887301,5.514427014636616,1.6087630349519486,233.0,30.0,0.12875536480686695,-10.914810180664062,-11.764930407206217,-10.634788513183594,-0.28002166748046875,0.9957081545064378,2.0,1.0,59.0,12.0,-11.35893440246582,0.4441242218017578,-11.055204029083251,0.14039384841918867,0.0,1.0,1.0,1.0,102.8,233.0,0.0,1.0,1.625,159.5,3.5,not_short_primary,nan,3+,0-5w
DrCm-HpX67k_2,Birds chirp as tapping echoes,233,DrCm-HpX67k,"[[85, 90], [118, 122], [140, 146], [189, 193], [214, 221]]",7.0,26.0,5,5,29,5-10s,5-10s,0.030042918454935622,0.0,0.0,0.0,0.0,19.0,214.5,3.0,0.4444444444444444,0.5116411935411949,119.21239809509841,17.030342585014058,28.057973151057755,2.676369363345813,233.0,26.0,0.11158798283261803,-11.743339538574219,-11.949245159442608,-11.172626495361328,-0.5707130432128906,0.8626609442060086,33.0,32.0,64.0,14.0,-11.172626495361328,-0.5707130432128906,-11.428653745651244,-0.3146857929229743,0.0,0.0,0.0,0.0,156.23076923076923,233.0,0.0,1.0,2.7142857142857144,214.5,3.0,not_short_primary,nan,3+,0-5w
E3D_z0aoUEg_1,Animals call out as ambient sounds fill the air,158,E3D_z0aoUEg,"[[0, 140]]",140.0,140.0,1,9,47,20s+,10s+,0.8860759493670886,0.0,0.0,1.0,1.0,11.0,5.5,64.5,0.7785234899328859,0.5116411935411949,80.83930857950878,0.577423632710777,0.3642464217418446,0.5861395411937735,158.0,140.0,0.8860759493670886,-10.595641136169434,-11.476435123171125,-11.316587448120117,0.7209463119506836,1.0,1.0,0.0,5.0,0.0,-11.61132526397705,1.0156841278076172,-11.316587448120117,0.7209463119506836,1.0,1.0,1.0,1.0,70.0,158.0,0.0,1.0,0.07857142857142857,5.5,64.5,not_short_primary,nan,1,6-10w
E3D_z0aoUEg_2,Someone breathes as animals call out,158,E3D_z0aoUEg,"[[138, 148]]",10.0,10.0,1,6,36,10-20s,10s+,0.06329113924050633,0.0,0.0,1.0,0.0,8.0,18.0,125.0,0.5333333333333333,0.5116411935411949,80.83930857950878,8.083930857950879,7.758181864926193,22.606793600927276,158.0,10.0,0.06329113924050633,-11.712870597839355,-12.086256790161134,-11.165956497192383,-0.5469141006469727,0.8037974683544303,32.0,31.0,47.0,8.0,-11.660568237304688,-0.05230236053466797,-11.395324954986572,-0.3175456428527834,0.0,0.0,0.0,0.0,143.0,158.0,0.0,1.0,0.8,18.0,125.0,not_short_primary,nan,1,6-10w
E3D_z0aoUEg_3,Music plays as someone screams,158,E3D_z0aoUEg,"[[150, 155]]",5.0,5.0,1,5,30,5-10s,5-10s,0.03164556962025317,0.0,0.0,0.0,0.0,13.0,144.5,8.0,0.25,0.5116411935411949,80.83930857950878,16.167861715901758,15.516363729852387,32.106793600927276,158.0,5.0,0.03164556962025317,-10.563371658325195,-10.896967124938964,-10.663616180419922,0.10024452209472656,1.0,1.0,0.0,48.0,5.0,-10.663616180419922,0.10024452209472656,-11.56705470085144,1.0036830425262444,1.0,1.0,1.0,1.0,152.5,158.0,0.0,1.0,2.6,144.5,8.0,not_short_primary,nan,1,0-5w
E3D_z0aoUEg_4,Laughter breaks out,158,E3D_z0aoUEg,"[[155, 158]]",3.0,3.0,1,3,19,3-5s,2-5s,0.0189873417721519,0.0,0.0,1.0,0.0,6.0,153.0,3.5,0.6666666666666666,0.5116411935411949,80.83930857950878,26.946436193169593,25.860606216420646,36.106793600927276,158.0,3.0,0.0189873417721519,-11.52601146697998,-11.730955123901367,-11.579570770263672,0.053559303283691406,1.0,1.0,0.0,52.0,8.0,-11.579570770263672,0.053559303283691406,-12.774602632522583,1.248591165542603,1.0,1.0,1.0,1.0,156.5,158.0,0.0,1.0,2.0,153.0,3.5,shorter_or_equal_audio,188.5,1,0-5w
E3Q1jfTeuWs_1,A girl laughs,60,E3Q1jfTeuWs,"[[13, 14], [24, 26]]",2.0,3.0,2,3,13,2-3s,2-5s,0.03333333333333333,0.0,0.0,0.0,0.0,3.0,1.5,12.0,0.0,0.5116411935411949,30.698471612471693,15.349235806235846,9.682499818454096,1.8048631169090292,60.0,3.0,0.05,-11.276253700256348,-11.579444885253906,-10.235973358154297,-1.0402803421020508,0.75,16.0,15.0,19.0,3.0,-10.830549240112305,-0.44570446014404297,-11.183921880722046,-0.09233181953430147,0.0,0.0,0.0,0.0,21.166666666666668,60.0,0.0,1.0,1.5,1.5,12.0,shorter_or_equal_audio,188.5,2,0-5w
E3Q1jfTeuWs_2,A boy cries,60,E3Q1jfTeuWs,"[[29, 31]]",2.0,2.0,1,3,11,2-3s,2-5s,0.03333333333333333,0.0,0.0,1.0,0.0,3.0,1.5,28.5,0.6666666666666666,0.5116411935411949,30.698471612471693,15.349235806235846,15.967746552485252,1.3120255141777974,60.0,2.0,0.03333333333333333,-10.911853790283203,-10.935345649719238,-9.922447204589844,-0.9894065856933594,0.7,19.0,18.0,20.0,4.0,-11.309372901916504,0.3975191116333008,-10.964009761810303,0.05215597152709961,0.0,0.0,0.0,0.0,30.0,60.0,0.0,1.0,1.5,1.5,28.5,shorter_or_equal_audio,188.5,1,0-5w
E3Q1jfTeuWs_3,A boy screams,60,E3Q1jfTeuWs,"[[54, 56], [0, 4], [8, 13], [21, 23], [40, 41], [44, 45]]",5.0,15.0,6,3,13,5-10s,5-10s,0.08333333333333333,1.0,1.0,1.0,1.0,3.0,1.5,0.5,1.0,0.5116411935411949,30.698471612471693,6.139694322494338,2.2720385983052154,0.0859475626485704,60.0,15.0,0.25,-9.675384521484375,-10.323593775431315,-10.50484561920166,0.8294610977172852,1.0,1.0,0.0,13.0,0.0,-10.50484561920166,0.8294610977172852,-10.611332521438598,0.9359479999542231,1.0,1.0,1.0,1.0,19.966666666666665,60.0,1.0,0.0,0.6,1.5,0.5,not_short_primary,nan,3+,0-5w
E6FH_xp3I54_1,A man speaks as birds chirp and white noise fills the air,81,E6FH_xp3I54,"[[0, 3], [9, 15], [34, 39], [45, 51], [60, 67], [68, 81]]",13.0,40.0,6,12,57,10-20s,10s+,0.16049382716049382,0.0,0.0,1.0,1.0,5.0,73.5,1.0,1.0,0.5116411935411949,41.44293667683679,3.187918205910522,2.0109807315250814,0.31343479217280645,81.0,40.0,0.49382716049382713,-11.09041976928711,-11.415717673301696,-11.540477752685547,0.4500579833984375,1.0,1.0,0.0,12.0,0.0,-11.540477752685547,0.4500579833984375,-11.546634197235107,0.45621442794799805,1.0,1.0,1.0,1.0,49.0,81.0,1.0,1.0,0.38461538461538464,73.5,1.0,not_short_primary,nan,3+,11-15w
ECw5Yf7QoMo_1,A man speaks and applause sounds,299,ECw5Yf7QoMo,"[[0, 9]]",9.0,9.0,1,6,32,5-10s,5-10s,0.030100334448160536,0.0,0.0,0.0,0.0,14.0,10.0,5.5,0.35294117647058826,0.5116411935411949,152.98071686881727,16.997857429868585,22.26314642563723,43.59028209995712,299.0,9.0,0.030100334448160536,-10.805295944213867,-11.161797947353786,-11.004971504211426,0.1996755599975586,1.0,1.0,0.0,91.0,18.0,-11.669309616088867,0.864013671875,-11.593075466156005,0.787779521942138,1.0,1.0,1.0,1.0,4.5,299.0,0.0,1.0,1.5555555555555556,10.0,5.5,not_short_primary,nan,1,6-10w
ECw5Yf7QoMo_2,Applause echoes through the air,299,ECw5Yf7QoMo,"[[39, 54], [68, 73], [101, 114], [197, 200], [225, 239], [251, 257], [270, 275], [0, 13], [132, 152], [174, 185]]",20.0,105.0,10,5,31,20s+,10s+,0.06688963210702341,0.0,0.0,1.0,1.0,13.0,13.5,7.0,1.0,0.5116411935411949,152.98071686881727,7.649035843440863,7.957260365321817,0.9617395210139819,299.0,105.0,0.3511705685618729,-9.279315948486328,-10.31127500079927,-9.904850006103516,0.6255340576171875,1.0,1.0,0.0,47.0,1.0,-9.904850006103516,0.6255340576171875,-10.079787673950195,0.8004717254638667,1.0,1.0,1.0,1.0,134.06190476190477,299.0,0.0,1.0,0.65,13.5,7.0,not_short_primary,nan,3+,0-5w
ECw5Yf7QoMo_3,"As a man delivers a speech, someone coughs",299,ECw5Yf7QoMo,"[[117, 119]]",2.0,2.0,1,8,42,2-3s,2-5s,0.006688963210702341,0.0,0.0,0.0,0.0,7.0,3.5,114.5,0.0,0.5116411935411949,152.98071686881727,76.49035843440863,126.02003820850618,9.149074848242051,299.0,2.0,0.006688963210702341,-12.150416374206543,-12.19521713256836,-10.913671493530273,-1.2367448806762695,0.8060200668896321,59.0,58.0,89.0,17.0,-11.968448638916016,-0.18196773529052734,-12.329124784469604,0.17870841026306117,0.0,0.0,0.0,0.0,118.0,299.0,0.0,1.0,3.5,3.5,114.5,longer_audio,188.5,1,6-10w
ECw5Yf7QoMo_4,The audience shouts and applauds,299,ECw5Yf7QoMo,"[[132, 138], [143, 149], [174, 176]]",6.0,14.0,3,5,32,5-10s,5-10s,0.020066889632107024,0.0,0.0,1.0,0.0,8.0,104.0,31.0,0.6,0.5116411935411949,152.98071686881727,25.49678614480288,3.6945812206947086,0.5243971381027563,299.0,14.0,0.046822742474916385,-10.516399383544922,-10.628456320081439,-9.919609069824219,-0.5967903137207031,0.8996655518394648,31.0,30.0,77.0,10.0,-10.642127990722656,0.12572860717773438,-10.241409969329833,-0.2749894142150886,0.0,0.0,0.0,0.0,145.42857142857142,299.0,0.0,1.0,1.3333333333333333,104.0,31.0,not_short_primary,nan,3+,0-5w
ENTi8Sn4vdM_1,A woman and child talk while water flows,67,ENTi8Sn4vdM,"[[3, 8], [15, 22], [50, 56], [57, 67]]",10.0,28.0,4,8,40,10-20s,10s+,0.14925373134328357,0.0,0.0,1.0,1.0,4.0,3.0,2.5,0.75,0.5116411935411949,34.279959967260055,3.4279959967260054,5.636285459921283,0.38557172051549315,67.0,28.0,0.417910447761194,-10.328885078430176,-11.167324406760079,-10.573928833007812,0.24504375457763672,1.0,1.0,0.0,11.0,2.0,-10.573928833007812,0.24504375457763672,-10.578917512893677,0.25003243446350076,1.0,1.0,1.0,1.0,39.107142857142854,67.0,0.0,1.0,0.4,3.0,2.5,not_short_primary,nan,3+,6-10w
ESjMIqrvRj4_1,"Thunder rumbles as rain falls, birds call, and something creaks",299,ESjMIqrvRj4,"[[2, 59]]",57.0,57.0,1,10,63,20s+,10s+,0.19063545150501673,0.0,0.0,0.0,0.0,15.0,157.5,127.0,0.2807017543859649,0.5116411935411949,152.98071686881727,2.683872225768724,3.5152336461532467,17.590282099957122,299.0,57.0,0.19063545150501673,-11.00704574584961,-11.386951931735926,-10.316793441772461,-0.6902523040771484,0.5953177257525084,122.0,121.0,75.0,21.0,-10.843283653259277,-0.16376209259033203,-10.35378890991211,-0.6532568359374995,0.0,0.0,0.0,0.0,30.5,299.0,0.0,1.0,0.2631578947368421,157.5,127.0,not_short_primary,nan,1,6-10w
ESjMIqrvRj4_2,Several people are talking,299,ESjMIqrvRj4,"[[115, 119]]",4.0,4.0,1,4,26,3-5s,2-5s,0.013377926421404682,0.0,0.0,0.0,0.0,16.0,115.0,2.0,0.42857142857142855,0.5116411935411949,152.98071686881727,38.24517921720432,63.01001910425309,8.149074848242051,299.0,4.0,0.013377926421404682,-10.927864074707031,-10.96840214729309,-11.134056091308594,0.2061920166015625,1.0,1.0,0.0,88.0,18.0,-11.134056091308594,0.2061920166015625,-12.19653655052185,1.2686724758148191,1.0,1.0,1.0,1.0,117.0,299.0,1.0,1.0,4.0,115.0,2.0,longer_audio,188.5,1,0-5w
ESjMIqrvRj4_3,Music is playing while sound effects occur,299,ESjMIqrvRj4,"[[121, 190], [226, 251], [282, 300]]",69.0,112.0,3,7,42,20s+,10s+,0.23076923076923078,1.0,0.0,1.0,0.0,29.0,284.5,6.5,0.6578947368421053,0.5116411935411949,152.98071686881727,2.217111838678511,2.1277713975535972,10.6672866245396,299.0,111.0,0.3712374581939799,-12.267118453979492,-13.248766624175751,-13.31840705871582,1.0512886047363281,1.0,1.0,0.0,58.0,0.0,-13.31840705871582,1.0512886047363281,-13.334424591064453,1.0673061370849606,1.0,1.0,1.0,1.0,194.86936936936937,299.0,0.0,1.0,0.42028985507246375,284.5,6.5,not_short_primary,nan,3+,6-10w
ESjMIqrvRj4_4,A snoring sound fills the air,299,ESjMIqrvRj4,"[[193, 196], [201, 220], [223, 225]]",19.0,24.0,3,6,29,10-20s,10s+,0.06354515050167224,0.0,0.0,0.0,0.0,18.0,124.0,70.5,0.0,0.5116411935411949,152.98071686881727,8.051616677306171,7.727169812168326,3.8327133754604006,299.0,24.0,0.0802675585284281,-11.27398681640625,-11.940876921017965,-10.653017044067383,-0.6209697723388672,0.6354515050167224,110.0,109.0,80.0,19.0,-10.814766883850098,-0.45921993255615234,-10.747122926712036,-0.5268638896942139,0.0,0.0,0.0,0.0,209.625,299.0,0.0,1.0,0.9473684210526315,124.0,70.5,not_short_primary,nan,3+,6-10w
ESjMIqrvRj4_5,An explosion goes off,299,ESjMIqrvRj4,"[[198, 199], [221, 222]]",1.0,2.0,2,4,21,1-2s,0-2s,0.0033444816053511705,0.0,0.0,0.0,0.0,12.0,156.0,42.5,0.1,0.5116411935411949,152.98071686881727,152.98071686881727,177.11666613593698,1.4384692378951343,299.0,2.0,0.006688963210702341,-10.876354217529297,-10.916105270385742,-10.054214477539062,-0.8221397399902344,0.7725752508361204,69.0,68.0,95.0,23.0,-10.524356842041016,-0.35199737548828125,-11.235605792999268,0.3592515754699708,0.0,0.0,0.0,0.0,210.0,299.0,0.0,1.0,12.0,156.0,42.5,longer_audio,213.0,2,0-5w
EUZaxaWqhwg_1,Engines are running while a plane lands,165,EUZaxaWqhwg,"[[40, 44]]",4.0,4.0,1,7,39,3-5s,2-5s,0.024242424242424242,0.0,0.0,0.0,0.0,79.0,78.5,36.5,0.0975609756097561,0.5116411935411949,84.42079693429716,21.10519923357429,34.7010112271273,2.6101591957454318,165.0,4.0,0.024242424242424242,-11.72913932800293,-11.759745359420776,-11.672024726867676,-0.057114601135253906,0.8727272727272727,22.0,21.0,49.0,8.0,-11.675277709960938,-0.05386161804199219,-11.763359642028808,0.03422031402587855,0.0,0.0,0.0,0.0,42.0,165.0,0.0,1.0,19.75,78.5,36.5,shorter_or_equal_audio,188.5,1,6-10w
EUZaxaWqhwg_2,"Amid engine noise, a man makes an announcement",165,EUZaxaWqhwg,"[[104, 156]]",52.0,52.0,1,8,46,20s+,10s+,0.3151515151515151,1.0,1.0,1.0,1.0,71.0,127.5,2.5,0.7323943661971831,0.5116411935411949,84.42079693429716,1.6234768641210993,1.5580574582677968,4.272917368056966,165.0,52.0,0.3151515151515151,-11.126411437988281,-11.42822320644672,-11.153972625732422,0.027561187744140625,1.0,1.0,0.0,34.0,1.0,-11.153972625732422,0.027561187744140625,-11.26137939453125,0.1349679565429689,1.0,1.0,1.0,1.0,130.0,165.0,0.0,0.0,1.3653846153846154,127.5,2.5,not_short_primary,nan,1,6-10w
EY4p0_NJVQs_1,Music plays,299,EY4p0_NJVQs,"[[0, 3], [13, 25]]",12.0,15.0,2,2,11,10-20s,10s+,0.04013377926421405,1.0,0.0,1.0,0.0,23.0,16.5,2.5,0.5833333333333334,0.5116411935411949,152.98071686881727,12.74839307240144,16.697359819227923,29.090282099957122,299.0,15.0,0.05016722408026756,-9.510688781738281,-10.0501646677653,-11.288104057312012,1.7774152755737305,1.0,1.0,0.0,90.0,6.0,-11.288104057312012,1.7774152755737305,-11.792096576690675,2.2814077949523934,1.0,1.0,1.0,1.0,15.5,299.0,0.0,1.0,1.9166666666666667,16.5,2.5,not_short_primary,nan,2,0-5w
EY4p0_NJVQs_2,The audience claps,299,EY4p0_NJVQs,"[[58, 62], [69, 74]]",5.0,9.0,2,3,18,5-10s,5-10s,0.016722408026755852,0.0,0.0,1.0,0.0,12.0,12.0,48.0,0.625,0.5116411935411949,152.98071686881727,30.596143373763454,50.30595082138698,9.339015754714438,299.0,9.0,0.030100334448160536,-11.76305866241455,-12.102103975084093,-11.250335693359375,-0.5127229690551758,0.9531772575250836,15.0,14.0,90.0,10.0,-12.437400817871094,0.674342155456543,-12.028999681472778,0.26594101905822676,0.0,0.0,0.0,0.0,66.38888888888889,299.0,0.0,1.0,2.4,12.0,48.0,not_short_primary,nan,2,0-5w
EY4p0_NJVQs_3,A woman gives a speech,299,EY4p0_NJVQs,"[[74, 299]]",225.0,225.0,1,5,22,20s+,10s+,0.7525083612040134,1.0,0.0,1.0,1.0,121.0,234.5,48.0,0.8857142857142857,0.5116411935411949,152.98071686881727,0.6799142971947434,0.09852216588519223,10.975602861897244,299.0,225.0,0.7525083612040134,-12.21593952178955,-12.532046843634712,-12.187932968139648,-0.028006553649902344,0.9933110367892977,3.0,2.0,21.0,10.0,-12.271899223327637,0.05595970153808594,-12.187932968139648,-0.028006553649902344,0.0,1.0,1.0,1.0,186.5,299.0,0.0,1.0,0.5377777777777778,234.5,48.0,not_short_primary,nan,1,0-5w
EbpOXac13yo_1,A man talks as an engine rumbles in the background,299,EbpOXac13yo,"[[3, 10], [13, 35], [62, 75], [84, 90], [99, 107], [116, 140], [148, 151], [171, 174]]",24.0,86.0,8,10,50,20s+,10s+,0.0802675585284281,1.0,0.0,1.0,0.0,28.0,16.0,8.0,0.5151515151515151,0.5116411935411949,152.98071686881727,6.37419653620072,0.9236453051736772,3.0243971381027563,299.0,86.0,0.28762541806020064,-11.04946231842041,-11.46942156414653,-11.184297561645508,0.13483524322509766,1.0,1.0,0.0,66.0,3.0,-11.184297561645508,0.13483524322509766,-11.25275577545166,0.20329345703125057,1.0,1.0,1.0,1.0,79.62790697674419,299.0,0.0,1.0,1.1666666666666667,16.0,8.0,not_short_primary,nan,3+,6-10w
EcihYbSlyck_1,A man speaks as engines roar and sirens blare,157,EcihYbSlyck,"[[1, 3], [6, 7], [14, 23], [40, 43], [44, 47], [48, 49], [51, 69], [70, 72], [74, 75]]",18.0,40.0,9,9,45,10-20s,10s+,0.11464968152866242,0.0,0.0,1.0,0.0,11.0,48.5,0.0,0.6111111111111112,0.5116411935411949,80.32766738596759,4.46264818810931,4.6424744606299715,0.5668665712347689,157.0,40.0,0.25477707006369427,-10.731643676757812,-11.03367326259613,-10.769844055175781,0.03820037841796875,1.0,1.0,0.0,35.0,0.0,-10.769844055175781,0.03820037841796875,-10.956345615386963,0.2247019386291509,1.0,1.0,1.0,1.0,44.575,157.0,1.0,1.0,0.6111111111111112,48.5,0.0,not_short_primary,nan,3+,6-10w
EcihYbSlyck_2,Engines roar as horns honk,157,EcihYbSlyck,"[[4, 6], [23, 25], [27, 30], [42, 44], [73, 74], [86, 89], [32, 36], [37, 39], [49, 50], [52, 56], [62, 67], [76, 78]]",5.0,31.0,12,5,26,5-10s,5-10s,0.03184713375796178,0.0,0.0,0.0,0.0,19.0,31.5,2.5,0.38461538461538464,0.5116411935411949,80.32766738596759,16.06553347719352,26.41483036440721,0.552757613745257,157.0,31.0,0.19745222929936307,-10.256988525390625,-10.658322764981177,-10.339187622070312,0.0821990966796875,1.0,1.0,0.0,34.0,3.0,-10.391170501708984,0.13418197631835938,-10.386927013397218,0.12993848800659258,1.0,1.0,1.0,1.0,49.016129032258064,157.0,0.0,1.0,3.8,31.5,2.5,not_short_primary,nan,3+,0-5w
EcihYbSlyck_3,A woman talks as engines roar and sirens blare,157,EcihYbSlyck,"[[78, 80], [83, 85]]",2.0,4.0,2,9,46,2-3s,2-5s,0.012738853503184714,0.0,0.0,0.0,0.0,10.0,44.0,35.0,0.0,0.5116411935411949,80.32766738596759,40.16383369298379,41.78227014566974,3.933133428765231,157.0,4.0,0.025477707006369428,-11.470969200134277,-11.778543710708618,-10.889455795288086,-0.5815134048461914,0.6815286624203821,51.0,50.0,46.0,10.0,-11.269590377807617,-0.20137882232666016,-11.241681175231934,-0.22928802490234368,0.0,0.0,0.0,0.0,81.5,157.0,0.0,1.0,5.0,44.0,35.0,shorter_or_equal_audio,188.5,2,6-10w
EcihYbSlyck_4,Music plays as a man sings,157,EcihYbSlyck,"[[129, 158]]",29.0,29.0,1,6,26,20s+,10s+,0.18471337579617833,0.0,0.0,1.0,0.0,3.0,1.5,142.0,0.5957446808510638,0.5116411935411949,80.32766738596759,2.7699195650333652,2.6583032579515766,23.868775919908742,157.0,28.0,0.17834394904458598,-13.625194549560547,-14.167262622288295,-13.964406967163086,0.33921241760253906,1.0,1.0,0.0,36.0,4.0,-14.465068817138672,0.839874267578125,-14.10064401626587,0.4754494667053226,1.0,1.0,1.0,1.0,143.0,157.0,0.0,1.0,0.10344827586206896,1.5,142.0,not_short_primary,nan,1,6-10w
ErxgH5g3Kx0_1,A dog barks,210,ErxgH5g3Kx0,"[[1, 2]]",1.0,1.0,1,3,11,1-2s,0-2s,0.004761904761904762,0.0,0.0,0.0,0.0,5.0,168.5,167.0,0.0,0.5116411935411949,107.44465064365092,107.44465064365092,140.7269121888106,32.275783414685606,210.0,1.0,0.004761904761904762,-12.288368225097656,-12.288368225097656,-12.112176895141602,-0.1761913299560547,0.9904761904761905,3.0,2.0,63.0,15.0,-12.261758804321289,-0.026609420776367188,-13.087964363098145,0.7995961380004886,0.0,1.0,1.0,1.0,1.5,210.0,0.0,1.0,5.0,168.5,167.0,shorter_or_equal_audio,213.0,1,0-5w
ErxgH5g3Kx0_2,Metal strikes and a horse neighs,210,ErxgH5g3Kx0,"[[32, 34], [46, 48]]",2.0,4.0,2,6,32,2-3s,2-5s,0.009523809523809525,0.0,0.0,0.0,0.0,7.0,69.5,22.5,0.3333333333333333,0.5116411935411949,107.44465064365092,53.72232532182546,70.3634560944053,0.7757834146856055,210.0,4.0,0.01904761904761905,-12.032697677612305,-12.605876207351685,-11.443564414978027,-0.5891332626342773,0.9476190476190476,12.0,11.0,65.0,9.0,-12.591573715209961,0.5588760375976562,-12.230114688873291,0.19741701126098654,0.0,0.0,0.0,0.0,40.0,210.0,0.0,1.0,3.5,69.5,22.5,longer_audio,188.5,2,6-10w
ErxgH5g3Kx0_3,"Something scrapes, footsteps sound, metal strikes, and a horse snorts",210,ErxgH5g3Kx0,"[[73, 75], [97, 99], [103, 125], [140, 172], [190, 192], [194, 200], [203, 210]]",32.0,73.0,7,10,69,20s+,10s+,0.1523809523809524,0.0,0.0,0.0,0.0,13.0,127.5,13.5,0.46875,0.5116411935411949,107.44465064365092,3.357645332614091,3.887385021796276,1.4417342473510928,210.0,73.0,0.3476190476190476,-11.751022338867188,-12.406468469802647,-11.817691802978516,0.06666946411132812,1.0,1.0,0.0,43.0,8.0,-11.817691802978516,0.06666946411132812,-11.902581253051757,0.15155891418456946,1.0,1.0,1.0,1.0,148.67808219178082,210.0,0.0,1.0,0.40625,127.5,13.5,not_short_primary,nan,3+,6-10w
EzWEO2WD_MM_1,Electronic sounds play as objects collide,188,EzWEO2WD_MM,"[[24, 27]]",3.0,3.0,1,6,41,3-5s,2-5s,0.015957446808510637,0.0,0.0,0.0,0.0,5.0,20.5,5.0,0.0,0.5116411935411949,96.18854438574463,32.06284812858154,41.994697605549824,4.73736800933759,188.0,3.0,0.015957446808510637,-11.185210227966309,-11.450405756632486,-11.73359489440918,0.5483846664428711,1.0,1.0,0.0,58.0,8.0,-11.73359489440918,0.5483846664428711,-13.224576749801635,2.0393665218353263,1.0,1.0,1.0,1.0,25.5,188.0,0.0,1.0,1.6666666666666667,20.5,5.0,shorter_or_equal_audio,188.5,1,6-10w
EzWEO2WD_MM_2,A motor is running while objects collide,188,EzWEO2WD_MM,"[[33, 34], [61, 64], [72, 74], [135, 136], [175, 176], [183, 184]]",3.0,9.0,6,7,40,3-5s,2-5s,0.015957446808510637,0.0,0.0,0.0,0.0,85.0,141.5,6.0,0.07894736842105263,0.5116411935411949,96.18854438574463,32.06284812858154,37.12144173194666,2.8664474357047425,188.0,9.0,0.047872340425531915,-10.981733322143555,-11.419738663567436,-10.942420959472656,-0.03931236267089844,0.8882978723404256,22.0,21.0,47.0,9.0,-10.945541381835938,-0.03619194030761719,-10.981262998580933,-0.00047032356262199926,0.0,0.0,0.0,0.0,95.72222222222223,188.0,0.0,1.0,28.333333333333332,141.5,6.0,shorter_or_equal_audio,188.5,3+,6-10w
FA11v4SmdBc_1,Whistling drifts through the air,245,FA11v4SmdBc,"[[0, 12], [30, 32], [43, 45], [72, 79], [86, 88], [90, 92], [124, 134], [137, 141], [151, 157], [165, 170], [171, 197], [203, 205], [207, 209], [220, 221], [228, 232]]",26.0,87.0,15,5,32,20s+,10s+,0.10612244897959183,0.0,0.0,1.0,0.0,8.0,175.0,7.5,0.625,0.5116411935411949,125.35209241759274,4.821234323753567,1.7841328736691593,1.7740474525183174,245.0,87.0,0.3551020408163265,-10.256614685058594,-10.741546652782922,-10.881355285644531,0.6247406005859375,1.0,1.0,0.0,46.0,0.0,-10.881355285644531,0.6247406005859375,-10.956601371765137,0.6999866867065432,1.0,1.0,1.0,1.0,131.7528735632184,245.0,0.0,1.0,0.3076923076923077,175.0,7.5,not_short_primary,nan,3+,0-5w
FDwK7T1JO_0_1,Ambient noise fills the air as a man talks and something taps,202,FDwK7T1JO_0,"[[43, 51], [83, 90], [110, 120], [126, 133], [163, 164]]",10.0,33.0,5,12,61,10-20s,10s+,0.04950495049504951,0.0,0.0,1.0,1.0,11.0,159.5,4.0,0.8,0.5116411935411949,103.35152109532136,10.335152109532135,1.4976028225692264,3.5816997387851472,202.0,33.0,0.16336633663366337,-10.5570068359375,-11.579200079946807,-10.689373016357422,0.13236618041992188,1.0,1.0,0.0,51.0,13.0,-10.689373016357422,0.13236618041992188,-10.729036750793457,0.17202991485595653,1.0,1.0,1.0,1.0,97.01515151515152,202.0,0.0,1.0,1.1,159.5,4.0,not_short_primary,nan,3+,11-15w
FDwK7T1JO_0_2,Ambient noise fills the air as laughter breaks out,202,FDwK7T1JO_0,"[[54, 56], [139, 141], [195, 198]]",3.0,7.0,3,9,50,3-5s,2-5s,0.01485148514851485,0.0,0.0,0.0,0.0,6.0,57.0,2.0,0.3333333333333333,0.5116411935411949,103.35152109532136,34.45050703177379,56.64326681114921,0.3863505603601425,202.0,7.0,0.034653465346534656,-10.070257186889648,-11.676795550755092,-10.616077423095703,0.5458202362060547,1.0,1.0,0.0,61.0,16.0,-11.031584739685059,0.9613275527954102,-11.097104663848876,1.0268474769592277,1.0,1.0,1.0,1.0,139.92857142857142,202.0,1.0,1.0,2.0,57.0,2.0,longer_audio,188.5,3+,6-10w
FDwK7T1JO_0_3,An electric drill whirs,202,FDwK7T1JO_0,"[[167, 170], [174, 179], [181, 186], [187, 192], [164, 165]]",5.0,19.0,5,4,23,5-10s,5-10s,0.024752475247524754,0.0,0.0,1.0,0.0,9.0,172.5,4.0,0.5714285714285714,0.5116411935411949,103.35152109532136,20.67030421906427,19.837376414115077,10.57957156574247,202.0,19.0,0.09405940594059406,-10.508803367614746,-10.848776215001157,-10.52149486541748,0.012691497802734375,1.0,1.0,0.0,58.0,3.0,-10.52149486541748,0.012691497802734375,-10.921948595046997,0.4131452274322509,1.0,1.0,1.0,1.0,179.8684210526316,202.0,0.0,1.0,1.8,172.5,4.0,not_short_primary,nan,3+,0-5w
FR7BDRhMATo_1,"A train moves along, sounding its horn",299,FR7BDRhMATo,"[[23, 34], [258, 260]]",11.0,13.0,2,7,38,10-20s,10s+,0.03678929765886288,1.0,0.0,1.0,0.0,22.0,25.0,3.5,0.5,0.5116411935411949,152.98071686881727,13.907337897165206,18.215301620975914,19.590282099957122,299.0,13.0,0.043478260869565216,-10.611085891723633,-10.80767066662128,-10.608531951904297,-0.0025539398193359375,0.9966555183946488,2.0,1.0,87.0,7.0,-10.619476318359375,0.008390426635742188,-10.885052433013916,0.2739665412902834,0.0,1.0,1.0,1.0,63.96153846153846,299.0,0.0,1.0,2.0,25.0,3.5,not_short_primary,nan,2,6-10w
FR7BDRhMATo_2,"A train rumbles, crossing bells ring, insects buzzing",299,FR7BDRhMATo,"[[296, 300]]",4.0,4.0,1,8,53,3-5s,2-5s,0.013377926421404682,0.0,0.0,0.0,0.0,47.0,31.5,266.5,0.125,0.5116411935411949,152.98071686881727,38.24517921720432,36.70405660779955,70.1672866245396,299.0,3.0,0.010033444816053512,-11.481935501098633,-11.505398114522299,-10.46312141418457,-1.0188140869140625,0.3979933110367893,181.0,180.0,87.0,9.0,-11.631147384643555,0.14921188354492188,-10.883020811080932,-0.5989146900177005,0.0,0.0,0.0,0.0,297.5,299.0,0.0,1.0,11.75,31.5,266.5,longer_audio,188.5,1,6-10w
FR7BDRhMATo_3,A train rumbles and steam hisses,299,FR7BDRhMATo,"[[175, 213]]",38.0,38.0,1,6,32,20s+,10s+,0.12709030100334448,0.0,0.0,0.0,0.0,17.0,95.5,98.5,0.47368421052631576,0.5116411935411949,152.98071686881727,4.025808338653086,1.4897796949413582,8.253305353865386,299.0,38.0,0.12709030100334448,-11.679744720458984,-11.933566620475368,-11.470731735229492,-0.2090129852294922,0.7090301003344481,88.0,87.0,77.0,18.0,-11.677905082702637,-0.0018396377563476562,-11.530463199615479,-0.14928152084350543,0.0,0.0,0.0,0.0,194.0,299.0,0.0,1.0,0.4473684210526316,95.5,98.5,not_short_primary,nan,1,6-10w
FXdoNvmrYxo_1,A man is speaking,299,FXdoNvmrYxo,"[[0, 70], [114, 115], [119, 124], [128, 160], [166, 168], [195, 197], [199, 213], [215, 220], [225, 238], [244, 246], [250, 257], [266, 272], [275, 281]]",70.0,165.0,13,4,17,20s+,10s+,0.23411371237458195,0.0,0.0,1.0,0.0,34.0,24.0,11.0,0.65625,0.5116411935411949,152.98071686881727,2.1854388124116753,1.9033899855428693,0.6032689160869609,299.0,165.0,0.5518394648829431,-11.591017723083496,-11.813659396316066,-11.768173217773438,0.1771554946899414,1.0,1.0,0.0,34.0,0.0,-11.768173217773438,0.1771554946899414,-11.768173217773438,0.1771554946899414,1.0,1.0,1.0,1.0,127.47575757575757,299.0,0.0,1.0,0.4857142857142857,24.0,11.0,not_short_primary,nan,3+,0-5w
FXdoNvmrYxo_2,Something rolls and bumps into things,299,FXdoNvmrYxo,"[[99, 103]]",4.0,4.0,1,6,37,3-5s,2-5s,0.013377926421404682,0.0,0.0,1.0,0.0,10.0,104.0,3.0,0.5714285714285714,0.5116411935411949,152.98071686881727,38.24517921720432,63.01001910425309,7.850925151757949,299.0,4.0,0.013377926421404682,-11.603738784790039,-12.073738098144531,-11.742326736450195,0.13858795166015625,1.0,1.0,0.0,92.0,17.0,-11.742326736450195,0.13858795166015625,-12.611328601837158,1.0075898170471191,1.0,1.0,1.0,1.0,101.0,299.0,0.0,1.0,2.5,104.0,3.0,longer_audio,188.5,1,6-10w
FXdoNvmrYxo_3,An explosion occurs,299,FXdoNvmrYxo,"[[107, 114]]",7.0,7.0,1,3,19,5-10s,5-10s,0.023411371237458192,0.0,0.0,1.0,1.0,6.0,101.0,9.5,0.75,0.5116411935411949,152.98071686881727,21.854388124116753,36.005725202430334,1.6490748482420514,299.0,7.0,0.023411371237458192,-10.691123962402344,-11.098843165806361,-10.73293399810791,0.041810035705566406,1.0,1.0,0.0,85.0,14.0,-11.463336944580078,0.7722129821777344,-11.668452644348145,0.9773286819458011,1.0,1.0,1.0,1.0,110.5,299.0,0.0,1.0,0.8571428571428571,101.0,9.5,not_short_primary,nan,1,0-5w
FXdoNvmrYxo_4,A boy and a girl are talking as air is being pumped,299,FXdoNvmrYxo,"[[237, 243]]",6.0,6.0,1,12,51,5-10s,5-10s,0.020066889632107024,0.0,0.0,1.0,0.0,11.0,174.5,65.5,0.6666666666666666,0.5116411935411949,152.98071686881727,25.49678614480288,24.469371071866366,12.1672866245396,299.0,6.0,0.020066889632107024,-11.903980255126953,-12.133720556894938,-11.764256477355957,-0.1397237777709961,0.9832775919732442,6.0,5.0,88.0,20.0,-12.260671615600586,0.3566913604736328,-12.238818044662475,0.3348377895355217,0.0,0.0,0.0,1.0,240.0,299.0,0.0,1.0,1.8333333333333333,174.5,65.5,not_short_primary,nan,1,11-15w
FeHndzYAUkg_1,Welding sparks and sound effects fill the air,299,FeHndzYAUkg,"[[0, 8]]",8.0,8.0,1,8,45,5-10s,5-10s,0.026755852842809364,1.0,0.0,1.0,0.0,5.0,2.5,1.5,0.625,0.5116411935411949,152.98071686881727,19.12258960860216,25.046039728841883,44.09028209995712,299.0,8.0,0.026755852842809364,-11.160161018371582,-12.013665556907654,-11.79616641998291,0.6360054016113281,1.0,1.0,0.0,92.0,17.0,-11.79616641998291,0.6360054016113281,-12.250165634155273,1.0900046157836911,1.0,1.0,1.0,1.0,4.0,299.0,1.0,1.0,0.625,2.5,1.5,not_short_primary,nan,1,6-10w
FeHndzYAUkg_2,A man talks as music plays,299,FeHndzYAUkg,"[[15, 105], [141, 146], [153, 161], [183, 192], [203, 221], [245, 271], [290, 300]]",90.0,166.0,7,6,26,20s+,10s+,0.3010033444816054,0.0,0.0,1.0,1.0,32.0,36.0,24.0,0.8666666666666667,0.5116411935411949,152.98071686881727,1.6997857429868586,1.768280081182626,0.5382604789860181,299.0,165.0,0.5518394648829431,-10.691189765930176,-12.1499230818315,-11.259666442871094,0.568476676940918,1.0,1.0,0.0,35.0,1.0,-11.87362289428711,1.1824331283569336,-11.259666442871094,0.568476676940918,1.0,1.0,1.0,1.0,134.76060606060605,299.0,0.0,1.0,0.35555555555555557,36.0,24.0,not_short_primary,nan,3+,6-10w
FeHndzYAUkg_3,A drill whirs as music plays,299,FeHndzYAUkg,"[[110, 112], [120, 128], [150, 152], [165, 178], [194, 198], [223, 227], [234, 245], [283, 289], [132, 139], [201, 203]]",13.0,59.0,10,6,28,10-20s,10s+,0.043478260869565216,0.0,0.0,1.0,1.0,11.0,178.5,7.0,0.7777777777777778,0.5116411935411949,152.98071686881727,11.767747451447482,4.3547406467516625,0.253305353865386,299.0,59.0,0.19732441471571907,-10.819916725158691,-11.450602838548564,-11.361581802368164,0.5416650772094727,1.0,1.0,0.0,66.0,0.0,-11.361581802368164,0.5416650772094727,-11.513261690139771,0.6933449649810797,1.0,1.0,1.0,1.0,188.6864406779661,299.0,0.0,1.0,0.8461538461538461,178.5,7.0,not_short_primary,nan,3+,6-10w
FeHndzYAUkg_4,Water flows as music plays,299,FeHndzYAUkg,"[[272, 282]]",10.0,10.0,1,5,26,10-20s,10s+,0.033444816053511704,0.0,0.0,0.0,0.0,25.0,120.5,156.5,0.0,0.5116411935411949,152.98071686881727,15.298071686881727,14.68162264311982,49.1672866245396,299.0,10.0,0.033444816053511704,-13.059253692626953,-13.148244953155517,-10.208467483520508,-2.8507862091064453,0.2608695652173913,222.0,221.0,94.0,13.0,-12.922845840454102,-0.13640785217285156,-10.77960277557373,-2.279650917053223,0.0,0.0,0.0,0.0,277.0,299.0,0.0,1.0,2.5,120.5,156.5,not_short_primary,nan,1,0-5w
FfUqv0Vv3ME_1,A man talks while objects collide and the wind blows,297,FfUqv0Vv3ME,"[[97, 99], [126, 132]]",6.0,8.0,2,10,52,5-10s,5-10s,0.020202020202020204,0.0,0.0,0.0,0.0,22.0,27.0,71.0,0.46153846153846156,0.5116411935411949,151.95743448173488,25.326239080289145,15.97612470044926,3.684072428699693,297.0,8.0,0.026936026936026935,-11.297937393188477,-11.9274400472641,-10.597206115722656,-0.7007312774658203,0.8047138047138047,59.0,58.0,88.0,20.0,-11.181436538696289,-0.1165008544921875,-11.105879383087158,-0.1920580101013183,0.0,0.0,0.0,0.0,121.25,297.0,0.0,1.0,3.6666666666666665,27.0,71.0,not_short_primary,nan,2,6-10w
FfUqv0Vv3ME_2,A man and a woman are talking,297,FfUqv0Vv3ME,"[[137, 148], [157, 161], [209, 210], [241, 249], [256, 259], [292, 297], [65, 70], [56, 60], [38, 50], [23, 25], [75, 91]]",16.0,71.0,11,7,29,10-20s,10s+,0.05387205387205387,0.0,0.0,1.0,1.0,20.0,198.0,11.5,0.8,0.5116411935411949,151.95743448173488,9.49733965510843,9.880043179350249,0.49452629518009417,297.0,71.0,0.23905723905723905,-10.637648582458496,-11.347782846907494,-10.474554061889648,-0.16309452056884766,0.9797979797979798,7.0,6.0,59.0,7.0,-10.68336296081543,0.045714378356933594,-10.533385066986083,-0.10426351547241275,0.0,0.0,0.0,1.0,128.04929577464787,297.0,0.0,1.0,1.25,198.0,11.5,not_short_primary,nan,3+,6-10w
Flk-X0gwjF4_1,Two men sing as birds chirp,299,Flk-X0gwjF4,"[[0, 4]]",4.0,4.0,1,6,27,3-5s,2-5s,0.013377926421404682,0.0,0.0,0.0,0.0,25.0,14.5,12.5,0.07407407407407407,0.5116411935411949,152.98071686881727,38.24517921720432,50.09207945768377,46.09028209995712,299.0,4.0,0.013377926421404682,-11.071268081665039,-11.193644046783447,-11.108030319213867,0.036762237548828125,1.0,1.0,0.0,88.0,16.0,-11.294485092163086,0.22321701049804688,-11.409568710327148,0.3383006286621093,1.0,1.0,1.0,1.0,2.0,299.0,0.0,1.0,6.25,14.5,12.5,longer_audio,188.5,1,6-10w
Flk-X0gwjF4_2,Music plays,299,Flk-X0gwjF4,"[[5, 44]]",39.0,39.0,1,2,11,20s+,10s+,0.13043478260869565,0.0,0.0,0.0,0.0,15.0,13.5,11.0,0.38461538461538464,0.5116411935411949,152.98071686881727,3.922582483815827,5.137649175147053,23.590282099957122,299.0,39.0,0.13043478260869565,-9.630305290222168,-10.872248698503544,-11.20368766784668,1.5733823776245117,1.0,1.0,0.0,82.0,1.0,-11.20368766784668,1.5733823776245117,-11.542306661605835,1.912001371383667,1.0,1.0,1.0,1.0,24.5,299.0,0.0,1.0,0.38461538461538464,13.5,11.0,not_short_primary,nan,1,0-5w
Flk-X0gwjF4_3,Music plays as metallic sounds ring out,299,Flk-X0gwjF4,"[[196, 214], [240, 300], [30, 33]]",60.0,81.0,3,7,39,20s+,10s+,0.20066889632107024,0.0,0.0,0.0,0.0,9.0,24.5,7.0,0.23333333333333334,0.5116411935411949,152.98071686881727,2.5496786144802877,2.220621649800014,1.6032689160869609,299.0,80.0,0.26755852842809363,-10.023656845092773,-13.846705317497253,-10.584747314453125,0.5610904693603516,1.0,1.0,0.0,68.0,11.0,-10.584747314453125,0.5610904693603516,-10.716890296936036,0.6932334518432626,1.0,1.0,1.0,1.0,246.0625,299.0,0.0,1.0,0.15,24.5,7.0,not_short_primary,nan,3+,6-10w
Flk-X0gwjF4_4,"A man is talking, overlapping with other men's responses, as birds call in the background",299,Flk-X0gwjF4,"[[128, 181], [215, 239]]",53.0,77.0,2,15,89,20s+,10s+,0.17725752508361203,0.0,0.0,1.0,0.0,33.0,246.5,19.5,0.5094339622641509,0.5116411935411949,152.98071686881727,2.8864286201663636,2.7701174798339285,0.8327133754604006,299.0,77.0,0.25752508361204013,-11.730628967285156,-11.9105981851553,-11.477432250976562,-0.25319671630859375,0.9364548494983278,20.0,19.0,64.0,17.0,-11.678092956542969,-0.0525360107421875,-11.524692010879516,-0.20593695640564036,0.0,0.0,0.0,0.0,177.0974025974026,299.0,0.0,1.0,0.6226415094339622,246.5,19.5,not_short_primary,nan,2,11-15w
G3YO2unWz7k_1,A man speaks and clears his throat,299,G3YO2unWz7k,"[[191, 192]]",1.0,1.0,1,7,34,1-2s,0-2s,0.0033444816053511705,0.0,0.0,0.0,0.0,9.0,14.5,177.0,0.0,0.5116411935411949,152.98071686881727,152.98071686881727,56.61162840777161,10.753305353865386,299.0,1.0,0.0033444816053511705,-12.222386360168457,-12.222386360168457,-11.39704704284668,-0.8253393173217773,0.5986622073578596,121.0,120.0,104.0,22.0,-12.188459396362305,-0.033926963806152344,-12.243008365631104,0.020622005462646698,0.0,0.0,0.0,0.0,191.5,299.0,0.0,1.0,9.0,14.5,177.0,longer_audio,213.0,1,6-10w
G3YO2unWz7k_2,An engine rumbles,299,G3YO2unWz7k,"[[284, 300]]",16.0,16.0,1,3,17,10-20s,10s+,0.05351170568561873,1.0,0.0,1.0,0.0,10.0,292.0,0.0,0.625,0.5116411935411949,152.98071686881727,9.56129480430108,9.176014151949888,64.1672866245396,299.0,15.0,0.05016722408026756,-10.616954803466797,-11.209551747639974,-12.279501914978027,1.6625471115112305,1.0,1.0,0.0,97.0,13.0,-12.279501914978027,1.6625471115112305,-12.787566232681275,2.1706114292144782,1.0,1.0,1.0,1.0,291.5,299.0,1.0,1.0,0.625,292.0,0.0,not_short_primary,nan,1,0-5w
GGgQR7aIofY_1,Someone clears their throat,168,GGgQR7aIofY,"[[30, 32]]",2.0,2.0,1,4,27,2-3s,2-5s,0.011904761904761904,0.0,0.0,1.0,0.0,5.0,32.5,1.5,0.5,0.5116411935411949,85.95572051492074,42.97786025746037,56.29076487552423,3.9793732682515177,168.0,2.0,0.011904761904761904,-11.256388664245605,-11.709228515625,-11.492010116577148,0.23562145233154297,1.0,1.0,0.0,51.0,12.0,-12.914355278015137,1.6579666137695312,-13.229010143280028,1.972621479034423,1.0,1.0,1.0,1.0,31.0,168.0,1.0,1.0,2.5,32.5,1.5,shorter_or_equal_audio,188.5,1,0-5w
GGgQR7aIofY_2,Brass instruments,168,GGgQR7aIofY,"[[39, 42], [53, 73], [129, 136]]",20.0,30.0,3,2,17,20s+,10s+,0.11904761904761904,1.0,0.0,1.0,1.0,10.0,65.0,2.0,0.75,0.5116411935411949,85.95572051492074,4.297786025746037,7.080724554859211,1.8396139615540648,168.0,30.0,0.17857142857142858,-9.998229026794434,-10.361890443166097,-10.825366020202637,0.8271369934082031,1.0,1.0,0.0,34.0,0.0,-10.825366020202637,0.8271369934082031,-10.9910440826416,0.9928150558471671,1.0,1.0,1.0,1.0,76.96666666666667,168.0,1.0,1.0,0.5,65.0,2.0,not_short_primary,nan,3+,0-5w
GGgQR7aIofY_3,A car drives by as air brakes hiss,168,GGgQR7aIofY,"[[88, 91]]",3.0,3.0,1,8,34,3-5s,2-5s,0.017857142857142856,0.0,0.0,0.0,0.0,8.0,42.0,47.5,0.2857142857142857,0.5116411935411949,85.95572051492074,28.651906838306914,4.151770201182014,9.122403743148041,168.0,3.0,0.017857142857142856,-11.257223129272461,-11.324680010477701,-11.179038047790527,-0.0781850814819336,0.9464285714285714,10.0,9.0,51.0,12.0,-11.348581314086914,0.09135818481445312,-11.41577130317688,0.15854817390441944,0.0,0.0,0.0,1.0,89.5,168.0,0.0,1.0,2.6666666666666665,42.0,47.5,shorter_or_equal_audio,188.5,1,6-10w
GMP8m09j5vk_1,A dog barks as a bird calls nearby,299,GMP8m09j5vk,"[[47, 52]]",5.0,5.0,1,8,34,5-10s,5-10s,0.016722408026755852,0.0,0.0,0.0,0.0,11.0,120.5,71.0,0.17647058823529413,0.5116411935411949,152.98071686881727,30.596143373763454,40.07366356614701,1.4097179000428781,299.0,5.0,0.016722408026755852,-10.816413879394531,-10.960075950622558,-10.632129669189453,-0.18428421020507812,0.9565217391304348,14.0,13.0,91.0,22.0,-10.703475952148438,-0.11293792724609375,-10.901975860595703,0.08556198120117209,0.0,0.0,0.0,0.0,49.5,299.0,0.0,1.0,2.2,120.5,71.0,not_short_primary,nan,1,6-10w
GOD8Bt5LfDE_1,A child rips paper,129,GOD8Bt5LfDE,"[[2, 13]]",11.0,11.0,1,4,18,10-20s,10s+,0.08527131782945736,0.0,0.0,0.0,0.0,8.0,13.0,5.5,0.26666666666666666,0.5116411935411949,66.00171396681414,6.000155815164922,7.8587756157387725,13.247981240449729,129.0,11.0,0.08527131782945736,-10.38836669921875,-10.960292556069113,-10.719940185546875,0.331573486328125,1.0,1.0,0.0,37.0,3.0,-10.967412948608398,0.5790462493896484,-11.244559640884399,0.8561929416656486,1.0,1.0,1.0,1.0,7.5,129.0,0.0,1.0,0.7272727272727273,13.0,5.5,not_short_primary,nan,1,0-5w
GOD8Bt5LfDE_2,Machinery runs as a woman talks,129,GOD8Bt5LfDE,"[[97, 100]]",3.0,3.0,1,6,31,3-5s,2-5s,0.023255813953488372,0.0,0.0,0.0,0.0,7.0,115.5,17.0,0.0,0.5116411935411949,66.00171396681414,22.00057132227138,21.114039252647235,0.20428085138999563,129.0,3.0,0.023255813953488372,-12.623357772827148,-12.881329854329428,-12.228721618652344,-0.3946361541748047,0.7906976744186046,28.0,27.0,38.0,10.0,-12.633211135864258,0.009853363037109375,-12.585838766098023,-0.03751900672912534,0.0,0.0,0.0,0.0,98.5,129.0,0.0,1.0,2.3333333333333335,115.5,17.0,shorter_or_equal_audio,188.5,1,6-10w
GOD8Bt5LfDE_3,"As a woman screams, a child laughs",129,GOD8Bt5LfDE,"[[105, 107]]",2.0,2.0,1,7,34,2-3s,2-5s,0.015503875968992248,0.0,0.0,0.0,0.0,4.0,111.0,5.0,0.0,0.5116411935411949,66.00171396681414,33.00085698340707,31.67105887897085,7.704280851389996,129.0,2.0,0.015503875968992248,-10.335838317871094,-10.885042190551758,-9.643400192260742,-0.6924381256103516,0.937984496124031,9.0,8.0,37.0,5.0,-10.054840087890625,-0.28099822998046875,-11.00459126472473,0.6687529468536368,0.0,0.0,0.0,1.0,106.0,129.0,0.0,1.0,2.0,111.0,5.0,shorter_or_equal_audio,188.5,1,6-10w
Gkb4f6yodPE_1,Machinery roars,299,Gkb4f6yodPE,"[[50, 53], [54, 57], [66, 69], [70, 92], [97, 113], [123, 168]]",45.0,92.0,6,2,15,20s+,10s+,0.1505016722408027,1.0,0.0,1.0,1.0,23.0,136.5,9.0,0.7307692307692307,0.5116411935411949,152.98071686881727,3.399571485973717,5.589550091265219,0.16098424528556166,299.0,92.0,0.3076923076923077,-10.940096855163574,-11.192191694093788,-11.179819107055664,0.23972225189208984,1.0,1.0,0.0,64.0,0.0,-11.179819107055664,0.23972225189208984,-11.22228244781494,0.28218559265136633,1.0,1.0,1.0,1.0,114.48913043478261,299.0,0.0,1.0,0.5111111111111111,136.5,9.0,not_short_primary,nan,3+,0-5w
Gkb4f6yodPE_2,Electronic beeps chime,299,Gkb4f6yodPE,"[[191, 194]]",3.0,3.0,1,3,22,3-5s,2-5s,0.010033444816053512,0.0,0.0,0.0,0.0,12.0,273.0,80.5,0.23076923076923078,0.5116411935411949,152.98071686881727,50.99357228960576,18.87054280259054,9.753305353865386,299.0,3.0,0.010033444816053512,-12.0023832321167,-12.2553129196167,-11.68210220336914,-0.3202810287475586,0.9866220735785953,5.0,4.0,88.0,20.0,-12.182229042053223,0.17984580993652344,-12.441162271499634,0.4387790393829345,0.0,0.0,1.0,1.0,192.5,299.0,0.0,1.0,4.0,273.0,80.5,longer_audio,188.5,1,0-5w
GuizRlAQ8qQ_1,Drilling sounds,182,GuizRlAQ8qQ,"[[37, 60]]",23.0,23.0,1,2,15,20s+,10s+,0.12637362637362637,0.0,0.0,1.0,1.0,10.0,44.0,4.5,0.88,0.5116411935411949,93.11869722449747,4.04863900976076,6.656742074663684,0.7063574159131392,182.0,23.0,0.12637362637362637,-10.405993461608887,-10.597711811894955,-10.692764282226562,0.2867708206176758,1.0,1.0,0.0,51.0,0.0,-10.692764282226562,0.2867708206176758,-11.410553016662597,1.00455955505371,1.0,1.0,1.0,1.0,48.5,182.0,0.0,1.0,0.43478260869565216,44.0,4.5,not_short_primary,nan,1,0-5w
H-vTZh81qAU_1,A door opens and closes as machinery hums,81,H-vTZh81qAU,"[[14, 18], [42, 43], [67, 73], [22, 24]]",6.0,13.0,4,8,41,5-10s,5-10s,0.07407407407407407,1.0,1.0,1.0,1.0,2.0,23.0,0.0,1.0,0.5116411935411949,41.44293667683679,6.907156112806131,11.356694583423481,1.1004673039067896,81.0,13.0,0.16049382716049382,-10.598024368286133,-11.75791520338792,-11.267370223999023,0.6693458557128906,1.0,1.0,0.0,19.0,2.0,-11.475271224975586,0.8772468566894531,-11.518154277801514,0.9201299095153814,1.0,1.0,1.0,1.0,44.03846153846154,81.0,1.0,0.0,0.3333333333333333,23.0,0.0,not_short_primary,nan,3+,6-10w
H7-orYrKBeo_1,Women argue as a man speaks,93,H7-orYrKBeo,"[[21, 25], [34, 38]]",4.0,8.0,2,6,27,3-5s,2-5s,0.043010752688172046,0.0,0.0,0.0,0.0,22.0,11.0,12.0,0.16,0.5116411935411949,47.58263099933112,11.89565774983278,19.598434035771028,2.143357728717426,93.0,8.0,0.08602150537634409,-11.493061065673828,-11.628753066062927,-10.752838134765625,-0.7402229309082031,0.7956989247311828,20.0,19.0,24.0,3.0,-11.24074649810791,-0.25231456756591797,-11.05272548675537,-0.4403355789184573,0.0,0.0,0.0,0.0,29.5,93.0,0.0,1.0,5.5,11.0,12.0,shorter_or_equal_audio,188.5,2,6-10w
H7-orYrKBeo_2,People talk and a child cries as a bell rings,93,H7-orYrKBeo,"[[83, 94]]",11.0,11.0,1,10,45,10-20s,10s+,0.11827956989247312,0.0,0.0,0.0,0.0,13.0,11.5,77.0,0.2857142857142857,0.5116411935411949,47.58263099933112,4.32569372721192,4.1513861532689065,17.63564433472301,93.0,10.0,0.10752688172043011,-11.075132369995117,-11.289360046386719,-10.084030151367188,-0.9911022186279297,0.4731182795698925,50.0,49.0,22.0,6.0,-11.180866241455078,0.10573387145996094,-10.436854753494263,-0.6382776165008544,0.0,0.0,0.0,0.0,88.0,93.0,0.0,1.0,1.1818181818181819,11.5,77.0,not_short_primary,nan,1,6-10w
H7-orYrKBeo_3,A child cries as someone talks,93,H7-orYrKBeo,"[[69, 94]]",25.0,25.0,1,6,30,20s+,10s+,0.26881720430107525,0.0,0.0,0.0,0.0,10.0,6.0,75.5,0.32,0.5116411935411949,47.58263099933112,1.9033052399732449,1.8266099074383189,10.635644334723011,93.0,24.0,0.25806451612903225,-10.537869453430176,-11.110029617945353,-9.746160507202148,-0.7917089462280273,0.7956989247311828,20.0,19.0,18.0,7.0,-10.932111740112305,0.3942422866821289,-10.022769060134888,-0.5151003932952882,0.0,0.0,0.0,0.0,81.0,93.0,0.0,1.0,0.4,6.0,75.5,not_short_primary,nan,1,6-10w
H7rd9bZtbgc_1,Footsteps echo,299,H7rd9bZtbgc,"[[4, 7]]",3.0,3.0,1,2,14,3-5s,2-5s,0.010033444816053512,0.0,0.0,0.0,0.0,10.0,8.0,2.5,0.3,0.5116411935411949,152.98071686881727,50.99357228960576,66.7894392769117,42.59028209995712,299.0,3.0,0.010033444816053512,-12.755764961242676,-13.129439989725748,-13.067380905151367,0.3116159439086914,1.0,1.0,0.0,97.0,24.0,-13.173904418945312,0.4181394577026367,-13.527070417404175,0.7713054561614996,1.0,1.0,1.0,1.0,5.5,299.0,0.0,1.0,3.3333333333333335,8.0,2.5,longer_audio,188.5,1,0-5w
H7rd9bZtbgc_2,A horn blares,299,H7rd9bZtbgc,"[[13, 14], [103, 104]]",1.0,2.0,2,3,13,1-2s,0-2s,0.0033444816053511705,0.0,0.0,0.0,0.0,158.0,212.0,108.5,0.025,0.5116411935411949,152.98071686881727,152.98071686881727,252.04007641701236,5.350925151757949,299.0,2.0,0.006688963210702341,-10.720152854919434,-10.821977138519287,-10.061452865600586,-0.6586999893188477,0.43478260869565216,170.0,169.0,91.0,14.0,-10.232833862304688,-0.4873189926147461,-10.593752794265747,-0.1264000606536868,0.0,0.0,0.0,0.0,58.5,299.0,0.0,1.0,158.0,212.0,108.5,longer_audio,213.0,2,0-5w
H7rd9bZtbgc_3,A bell rings,299,H7rd9bZtbgc,"[[140, 143], [148, 300]]",152.0,155.0,2,3,12,20s+,10s+,0.5083612040133779,1.0,1.0,1.0,1.0,146.0,215.0,9.0,0.9090909090909091,0.5116411935411949,152.98071686881727,1.0064520846632714,1.0470079428055021,1.4617395210139819,299.0,154.0,0.5150501672240803,-10.99150562286377,-11.480208793243804,-11.926227569580078,0.9347219467163086,1.0,1.0,0.0,44.0,0.0,-11.926227569580078,0.9347219467163086,-11.926227569580078,0.9347219467163086,1.0,1.0,1.0,1.0,221.9025974025974,299.0,0.0,0.0,0.9605263157894737,215.0,9.0,not_short_primary,nan,2,0-5w
H7rd9bZtbgc_4,Two different bells ring,299,H7rd9bZtbgc,"[[258, 300]]",42.0,42.0,1,4,24,20s+,10s+,0.14046822742474915,0.0,0.0,0.0,0.0,161.0,208.5,70.5,0.21710526315789475,0.5116411935411949,152.98071686881727,3.6423980206861253,3.4956244388380524,51.1672866245396,299.0,41.0,0.13712374581939799,-11.879816055297852,-11.943683368403738,-11.481782913208008,-0.39803314208984375,0.6354515050167224,110.0,109.0,80.0,15.0,-11.848543167114258,-0.03127288818359375,-11.512959928512574,-0.3668561267852777,0.0,0.0,0.0,0.0,278.5,299.0,0.0,1.0,3.8333333333333335,208.5,70.5,not_short_primary,nan,1,0-5w
HVz-FJBf_iM_1,A switch clicks,67,HVz-FJBf_iM,"[[9, 10], [39, 40]]",1.0,2.0,2,3,15,1-2s,0-2s,0.014925373134328358,0.0,0.0,0.0,0.0,4.0,26.0,13.5,0.3333333333333333,0.5116411935411949,34.279959967260055,34.279959967260055,4.96729649069991,0.16844612624453248,67.0,2.0,0.029850746268656716,-11.316755294799805,-11.451842308044434,-11.250391006469727,-0.06636428833007812,0.9850746268656716,2.0,1.0,18.0,4.0,-11.250391006469727,-0.06636428833007812,-11.781035709381104,0.46428041458129954,0.0,1.0,1.0,1.0,24.5,67.0,0.0,1.0,4.0,26.0,13.5,shorter_or_equal_audio,213.0,2,0-5w
HVz-FJBf_iM_2,Water is running,67,HVz-FJBf_iM,"[[11, 29], [41, 52], [63, 65]]",18.0,31.0,3,3,16,10-20s,10s+,0.26865671641791045,0.0,0.0,1.0,1.0,6.0,18.0,2.0,0.7272727272727273,0.5116411935411949,34.279959967260055,1.9044422204033364,1.6586583114448268,0.20428422281663927,67.0,31.0,0.4626865671641791,-10.101286888122559,-10.688537043909873,-10.342069625854492,0.2407827377319336,1.0,1.0,0.0,11.0,0.0,-10.342069625854492,0.2407827377319336,-10.42697437286377,0.325687484741211,1.0,1.0,1.0,1.0,32.24193548387097,67.0,1.0,1.0,0.3333333333333333,18.0,2.0,not_short_primary,nan,3+,0-5w
HZ9O6sc7cLA_1,Music plays,268,HZ9O6sc7cLA,"[[0, 9], [258, 268]]",10.0,19.0,2,2,11,10-20s,10s+,0.03731343283582089,1.0,1.0,1.0,1.0,8.0,4.0,0.5,0.8888888888888888,0.5116411935411949,137.11983986904022,13.711983986904022,17.95943450790535,38.60433311969401,268.0,19.0,0.0708955223880597,-9.198251724243164,-9.966455208627801,-9.501304626464844,0.3030529022216797,1.0,1.0,0.0,80.0,4.0,-9.501304626464844,0.3030529022216797,-11.397661294937134,2.1994095706939696,1.0,1.0,1.0,1.0,140.55263157894737,268.0,1.0,0.0,0.8,4.0,0.5,not_short_primary,nan,2,0-5w
HZ9O6sc7cLA_2,A plastic wrapper crinkles as a woman talks,268,HZ9O6sc7cLA,"[[36, 38], [222, 229]]",7.0,9.0,2,8,43,5-10s,5-10s,0.026119402985074626,0.0,0.0,1.0,0.0,12.0,96.0,59.0,0.5384615384615384,0.5116411935411949,137.11983986904022,19.58854855272003,25.656335011293358,6.104333119694012,268.0,9.0,0.033582089552238806,-11.03186321258545,-12.022137535942925,-10.951888084411621,-0.07997512817382812,0.9888059701492538,4.0,3.0,78.0,16.0,-11.028942108154297,-0.0029211044311523438,-11.224854707717896,0.1929914951324463,0.0,0.0,1.0,1.0,183.61111111111111,268.0,0.0,1.0,1.7142857142857142,96.0,59.0,not_short_primary,nan,2,6-10w
HZ9O6sc7cLA_3,Objects bump into each other as a woman talks,268,HZ9O6sc7cLA,"[[38, 40], [45, 49], [82, 98], [112, 120], [171, 173], [210, 211]]",16.0,33.0,6,9,45,10-20s,10s+,0.05970149253731343,0.0,0.0,0.0,0.0,6.0,94.0,4.0,0.375,0.5116411935411949,137.11983986904022,8.569989991815014,5.4060623986368705,3.7283885888603407,268.0,33.0,0.12313432835820895,-10.919733047485352,-12.27366742220792,-11.454180717468262,0.5344476699829102,1.0,1.0,0.0,65.0,12.0,-11.761576652526855,0.8418436050415039,-11.862927970886231,0.9431949234008794,1.0,1.0,1.0,1.0,96.62121212121212,268.0,0.0,1.0,0.375,94.0,4.0,not_short_primary,nan,3+,6-10w
HdPSebdDxe4_1,Alarms sound,121,HdPSebdDxe4,"[[2, 4], [15, 17], [26, 27], [35, 36], [68, 70], [92, 94]]",2.0,10.0,6,2,12,2-3s,2-5s,0.01652892561983471,0.0,0.0,1.0,0.0,4.0,5.0,2.0,0.5,0.5116411935411949,61.90858441848458,30.95429220924229,29.70696220430599,0.8001394032417721,121.0,10.0,0.08264462809917356,-11.009307861328125,-12.01317777633667,-11.572310447692871,0.5630025863647461,1.0,1.0,0.0,34.0,6.0,-11.572310447692871,0.5630025863647461,-12.117820234298707,1.1085123729705817,1.0,1.0,1.0,1.0,42.4,121.0,1.0,1.0,2.0,5.0,2.0,shorter_or_equal_audio,188.5,3+,0-5w
HdPSebdDxe4_2,"As a man talks, someone screams",121,HdPSebdDxe4,"[[15, 16], [20, 25], [26, 32], [34, 35], [37, 45], [51, 53], [57, 67], [72, 75], [77, 82]]",10.0,41.0,9,6,31,10-20s,10s+,0.08264462809917356,0.0,0.0,0.0,0.0,4.0,12.0,3.5,0.4444444444444444,0.5116411935411949,61.90858441848458,6.190858441848458,10.178963293290675,1.7858832564533529,121.0,41.0,0.33884297520661155,-10.485146522521973,-12.269716495420875,-11.232187271118164,0.7470407485961914,1.0,1.0,0.0,24.0,5.0,-11.65745735168457,1.1723108291625977,-11.482993869781494,0.9978473472595208,1.0,1.0,1.0,1.0,48.9390243902439,121.0,0.0,1.0,0.4,12.0,3.5,not_short_primary,nan,3+,6-10w
HdPSebdDxe4_3,Retching sound,121,HdPSebdDxe4,"[[67, 69], [69, 71], [93, 98]]",5.0,9.0,3,2,14,5-10s,5-10s,0.04132231404958678,1.0,0.0,1.0,0.0,4.0,94.0,1.5,0.6666666666666666,0.5116411935411949,61.90858441848458,12.381716883696916,1.7941578369393703,1.0316122197673394,121.0,9.0,0.0743801652892562,-11.899005889892578,-12.307532840304905,-11.922430038452148,0.023424148559570312,1.0,1.0,0.0,33.0,8.0,-12.199257850646973,0.30025196075439453,-12.236078844070434,0.3370729541778559,1.0,1.0,1.0,1.0,83.72222222222223,121.0,1.0,1.0,0.8,94.0,1.5,not_short_primary,nan,3+,0-5w
HdPSebdDxe4_4,Music plays,121,HdPSebdDxe4,"[[111, 115]]",4.0,4.0,1,2,11,3-5s,2-5s,0.03305785123966942,0.0,0.0,1.0,1.0,3.0,2.5,110.5,0.8,0.5116411935411949,61.90858441848458,15.477146104621145,14.853481102152996,20.800139403241772,121.0,4.0,0.03305785123966942,-11.466734886169434,-11.57892894744873,-9.513629913330078,-1.9531049728393555,0.8925619834710744,14.0,13.0,38.0,8.0,-11.972518920898438,0.5057840347290039,-11.5898171043396,0.12308221817016651,0.0,0.0,0.0,0.0,113.0,121.0,0.0,1.0,0.75,2.5,110.5,shorter_or_equal_audio,188.5,1,0-5w
Hdxfbpnd2-8_1,Music plays,299,Hdxfbpnd2-8,"[[0, 10]]",10.0,10.0,1,2,11,10-20s,10s+,0.033444816053511704,1.0,1.0,1.0,1.0,7.0,3.5,1.5,0.7,0.5116411935411949,152.98071686881727,15.298071686881727,20.036831783073506,43.09028209995712,299.0,10.0,0.033444816053511704,-9.620779037475586,-9.85839614868164,-10.589052200317383,0.9682731628417969,1.0,1.0,0.0,96.0,10.0,-10.589052200317383,0.9682731628417969,-11.77865463256836,2.157875595092774,1.0,1.0,1.0,1.0,5.0,299.0,1.0,0.0,0.7,3.5,1.5,not_short_primary,nan,1,0-5w
Hdxfbpnd2-8_2,A man's voice mixes with the sound of paper rustling,299,Hdxfbpnd2-8,"[[72, 77], [83, 86]]",5.0,8.0,2,10,52,5-10s,5-10s,0.016722408026755852,0.0,0.0,0.0,0.0,20.0,247.0,162.5,0.38461538461538464,0.5116411935411949,152.98071686881727,30.596143373763454,50.30595082138698,3.6609842452855617,299.0,8.0,0.026755852842809364,-11.317254066467285,-11.753680348396301,-11.251876831054688,-0.06537723541259766,0.9899665551839465,4.0,3.0,93.0,17.0,-11.575957298278809,0.25870323181152344,-11.477735118865967,0.1604810523986817,0.0,0.0,1.0,1.0,78.25,299.0,0.0,1.0,4.0,247.0,162.5,not_short_primary,nan,2,6-10w
Hdxfbpnd2-8_3,Someone whistles,299,Hdxfbpnd2-8,"[[148, 150]]",2.0,2.0,1,2,16,2-3s,2-5s,0.006688963210702341,0.0,0.0,0.0,0.0,7.0,3.5,145.5,0.14285714285714285,0.5116411935411949,152.98071686881727,76.49035843440863,79.57260365321817,6.038260478986018,299.0,2.0,0.006688963210702341,-10.681086540222168,-11.589144229888916,-10.071528434753418,-0.60955810546875,0.9866220735785953,5.0,4.0,100.0,15.0,-12.322368621826172,1.641282081604004,-12.286892309188843,1.6058057689666754,0.0,0.0,1.0,1.0,149.0,299.0,0.0,1.0,3.5,3.5,145.5,longer_audio,188.5,1,0-5w
Hdxfbpnd2-8_4,Someone snaps their fingers,299,Hdxfbpnd2-8,"[[159, 160]]",1.0,1.0,1,4,27,1-2s,0-2s,0.0033444816053511705,0.0,0.0,0.0,0.0,12.0,218.0,58.5,0.0625,0.5116411935411949,152.98071686881727,152.98071686881727,22.167487324168253,16.024397138102756,299.0,1.0,0.0033444816053511705,-12.881860733032227,-12.881860733032227,-11.722291946411133,-1.1595687866210938,0.4882943143812709,154.0,153.0,100.0,24.0,-12.687544822692871,-0.19431591033935547,-12.902090511322022,0.020229778289795775,0.0,0.0,0.0,0.0,159.5,299.0,0.0,1.0,12.0,218.0,58.5,longer_audio,213.0,1,0-5w
Hdxfbpnd2-8_5,A man talks as paper tears,299,Hdxfbpnd2-8,"[[193, 219], [249, 255]]",26.0,32.0,2,6,26,20s+,10s+,0.08695652173913043,0.0,0.0,0.0,0.0,14.0,228.0,22.0,0.4230769230769231,0.5116411935411949,152.98071686881727,5.883873725723741,5.124511499538494,0.6032689160869609,299.0,32.0,0.10702341137123746,-11.464555740356445,-11.789522409439087,-11.261666297912598,-0.20288944244384766,0.9899665551839465,4.0,3.0,87.0,11.0,-11.629616737365723,0.16506099700927734,-11.509388055801391,0.04483231544494615,0.0,0.0,1.0,1.0,214.625,299.0,0.0,1.0,0.5384615384615384,228.0,22.0,not_short_primary,nan,2,6-10w
HqndxoujCYI_1,Several women talk as an electronic chime sounds,97,HqndxoujCYI,"[[23, 34], [38, 59]]",21.0,32.0,2,8,48,20s+,10s+,0.21649484536082475,0.0,0.0,0.0,0.0,10.0,6.0,22.5,0.17647058823529413,0.5116411935411949,49.6291957734959,2.3632950368331382,2.4585260564937608,2.1211079145874336,97.0,32.0,0.32989690721649484,-11.156675338745117,-12.02192935347557,-11.096101760864258,-0.060573577880859375,0.9690721649484536,4.0,3.0,19.0,3.0,-11.096101760864258,-0.060573577880859375,-11.122686519622803,-0.033988819122313885,0.0,0.0,1.0,1.0,41.625,97.0,0.0,1.0,0.47619047619047616,6.0,22.5,not_short_primary,nan,2,6-10w
HqndxoujCYI_2,Several women talk as a man speaks and things bump into each other,97,HqndxoujCYI,"[[61, 70], [75, 82], [85, 87], [89, 97]]",9.0,26.0,4,13,66,5-10s,5-10s,0.09278350515463918,0.0,0.0,1.0,0.0,10.0,86.0,0.0,0.6,0.5116411935411949,49.6291957734959,5.514355085943989,2.040627259588943,0.11394855961519568,97.0,26.0,0.26804123711340205,-11.018786430358887,-11.869321859799898,-10.988584518432617,-0.03020191192626953,0.9896907216494846,2.0,1.0,24.0,2.0,-10.988584518432617,-0.03020191192626953,-11.44745186805725,0.4286654376983634,0.0,1.0,1.0,1.0,79.03846153846153,97.0,1.0,1.0,1.1111111111111112,86.0,0.0,not_short_primary,nan,3+,11-15w
HxZADVzNIqs_1,Water flows and birds and wolves call out,299,HxZADVzNIqs,"[[132, 145], [150, 156]]",13.0,19.0,2,8,41,10-20s,10s+,0.043478260869565216,0.0,0.0,0.0,0.0,42.0,54.0,84.5,0.375,0.5116411935411949,152.98071686881727,11.767747451447482,12.241939023572026,4.461739521013982,299.0,19.0,0.06354515050167224,-11.371254920959473,-11.502377761037726,-10.909530639648438,-0.46172428131103516,0.20735785953177258,238.0,237.0,92.0,15.0,-11.227995872497559,-0.14325904846191406,-10.938819131851197,-0.4324357891082755,0.0,0.0,0.0,0.0,143.07894736842104,299.0,0.0,1.0,3.230769230769231,54.0,84.5,not_short_primary,nan,2,6-10w
HxZADVzNIqs_2,Frogs and birds call and water flows,299,HxZADVzNIqs,"[[214, 218], [239, 243]]",4.0,8.0,2,7,36,3-5s,2-5s,0.013377926421404682,0.0,0.0,0.0,0.0,45.0,22.5,193.5,0.1,0.5116411935411949,152.98071686881727,38.24517921720432,44.279166533984245,4.061530762104866,299.0,8.0,0.026755852842809364,-11.780189514160156,-11.889327764511108,-10.699783325195312,-1.0804061889648438,0.2809364548494983,216.0,215.0,97.0,13.0,-11.764692306518555,-0.015497207641601562,-10.97706160545349,-0.8031279087066654,0.0,0.0,0.0,0.0,228.5,299.0,0.0,1.0,11.25,22.5,193.5,longer_audio,188.5,2,6-10w
HxZADVzNIqs_3,"Water flows, birds chirp, and bees buzz",299,HxZADVzNIqs,"[[220, 223]]",3.0,3.0,1,7,39,3-5s,2-5s,0.010033444816053512,0.0,0.0,0.0,0.0,28.0,281.0,59.5,0.125,0.5116411935411949,152.98071686881727,50.99357228960576,59.03888871197899,1.4384692378951343,299.0,3.0,0.010033444816053512,-11.489397048950195,-11.509759267171225,-11.271256446838379,-0.2181406021118164,0.6688963210702341,100.0,99.0,100.0,17.0,-11.432472229003906,-0.05692481994628906,-11.416220579147339,-0.0731764698028563,0.0,0.0,0.0,0.0,221.5,299.0,0.0,1.0,9.333333333333334,281.0,59.5,longer_audio,188.5,1,6-10w
I4HpYGMMsz4_1,A man is talking as vehicles pass by,238,I4HpYGMMsz4,"[[195, 199]]",4.0,4.0,1,8,36,3-5s,2-5s,0.01680672268907563,0.0,0.0,0.0,0.0,40.0,25.0,172.0,0.05128205128205128,0.5116411935411949,121.77060406280438,30.442651015701095,29.215938035639777,15.64820808240944,238.0,4.0,0.01680672268907563,-13.001688003540039,-13.060881614685059,-12.135770797729492,-0.8659172058105469,0.3403361344537815,158.0,157.0,77.0,9.0,-13.04181957244873,0.040131568908691406,-12.499275226593017,-0.5024127769470219,0.0,0.0,0.0,0.0,197.0,238.0,0.0,1.0,10.0,25.0,172.0,longer_audio,188.5,1,6-10w
I4HpYGMMsz4_2,Music plays,238,I4HpYGMMsz4,"[[224, 238]]",14.0,14.0,1,2,11,10-20s,10s+,0.058823529411764705,1.0,1.0,1.0,1.0,12.0,232.0,1.0,0.8571428571428571,0.5116411935411949,121.77060406280438,8.697900290200312,8.347410867325651,49.64820808240944,238.0,14.0,0.058823529411764705,-10.447029113769531,-10.730520929609026,-11.174763679504395,0.7277345657348633,1.0,1.0,0.0,70.0,8.0,-11.288020133972168,0.8409910202026367,-11.340445804595948,0.8934166908264167,1.0,1.0,1.0,1.0,231.0,238.0,1.0,0.0,0.8571428571428571,232.0,1.0,not_short_primary,nan,1,0-5w
IJ6pm5Kns8A_1,A notification chime goes off,209,IJ6pm5Kns8A,"[[48, 50], [91, 93], [171, 172], [208, 209]]",2.0,6.0,4,5,29,2-3s,2-5s,0.009569377990430622,0.0,0.0,0.0,0.0,7.0,82.5,9.5,0.16666666666666666,0.5116411935411949,106.93300945010972,53.46650472505486,33.7273743676151,1.3702731905664507,209.0,6.0,0.028708133971291867,-12.036070823669434,-12.42545747756958,-11.37195110321045,-0.6641197204589844,0.8038277511961722,42.0,41.0,60.0,14.0,-11.841083526611328,-0.19498729705810547,-11.807672033309936,-0.22839879035949728,0.0,0.0,0.0,0.0,110.33333333333333,209.0,0.0,1.0,3.5,82.5,9.5,longer_audio,188.5,3+,0-5w
IJ6pm5Kns8A_2,Rhythmic tapping fills the space,209,IJ6pm5Kns8A,"[[114, 116], [173, 175], [78, 80], [92, 94]]",2.0,8.0,4,5,32,2-3s,2-5s,0.009569377990430622,0.0,0.0,0.0,0.0,5.0,112.5,2.5,0.3333333333333333,0.5116411935411949,106.93300945010972,53.46650472505486,33.7273743676151,0.3702731905664507,209.0,8.0,0.03827751196172249,-11.300209045410156,-11.763787865638733,-11.353906631469727,0.05369758605957031,1.0,1.0,0.0,64.0,12.0,-11.353906631469727,0.05369758605957031,-11.90379075050354,0.6035817050933829,1.0,1.0,1.0,1.0,115.25,209.0,0.0,1.0,2.5,112.5,2.5,longer_audio,188.5,3+,0-5w
IKnx3hJv1bs_1,"Amid background noise, a woman speaks",300,IKnx3hJv1bs,"[[0, 9]]",9.0,9.0,1,6,37,5-10s,5-10s,0.03,1.0,1.0,1.0,1.0,8.0,4.0,0.5,0.8888888888888888,0.5116411935411949,153.49235806235845,17.05470645137316,22.337605109335012,43.75111916383658,300.0,9.0,0.03,-9.797457695007324,-10.091468493143717,-11.015373229980469,1.2179155349731445,1.0,1.0,0.0,93.0,10.0,-11.441937446594238,1.644479751586914,-11.870671796798707,2.0732141017913825,1.0,1.0,1.0,1.0,4.5,300.0,1.0,0.0,0.8888888888888888,4.0,0.5,not_short_primary,nan,1,6-10w
IKnx3hJv1bs_2,"As applause and cheers erupt, machinery hums",300,IKnx3hJv1bs,"[[110, 123]]",13.0,13.0,1,7,44,10-20s,10s+,0.043333333333333335,0.0,0.0,1.0,0.0,14.0,227.0,110.5,0.6666666666666666,0.5116411935411949,153.49235806235845,11.807104466335264,19.452539985876953,7.285024931346541,300.0,13.0,0.043333333333333335,-11.545202255249023,-11.678035369286171,-11.599027633666992,0.05382537841796875,1.0,1.0,0.0,84.0,13.0,-11.889667510986328,0.3444652557373047,-11.710857172012329,0.16565491676330524,1.0,1.0,1.0,1.0,116.5,300.0,0.0,1.0,1.0769230769230769,227.0,110.5,not_short_primary,nan,1,6-10w
IKnx3hJv1bs_3,"Amid machinery noise, birds chirp",300,IKnx3hJv1bs,"[[166, 175]]",9.0,9.0,1,5,33,5-10s,5-10s,0.03,0.0,0.0,1.0,0.0,44.0,63.0,107.5,0.5,0.5116411935411949,153.49235806235845,17.05470645137316,2.471291786417866,5.611435255621501,300.0,9.0,0.03,-10.736303329467773,-10.850682046678331,-10.479854583740234,-0.25644874572753906,0.81,58.0,57.0,98.0,17.0,-10.790714263916016,0.05441093444824219,-10.59306058883667,-0.14324274063110387,0.0,0.0,0.0,0.0,170.5,300.0,0.0,1.0,4.888888888888889,63.0,107.5,not_short_primary,nan,1,0-5w
IKnx3hJv1bs_4,Creepy music plays as machines hum,300,IKnx3hJv1bs,"[[260, 300]]",40.0,40.0,1,6,34,20s+,10s+,0.13333333333333333,0.0,0.0,0.0,0.0,14.0,278.0,2.0,0.35,0.5116411935411949,153.49235806235845,3.837308951558961,3.682681264996611,51.405304305558104,300.0,40.0,0.13333333333333333,-11.486917495727539,-11.639058375358582,-11.585508346557617,0.09859085083007812,1.0,1.0,0.0,77.0,1.0,-12.434356689453125,0.9474391937255859,-11.718131284713746,0.23121378898620648,1.0,1.0,1.0,1.0,280.0,300.0,1.0,1.0,0.35,278.0,2.0,not_short_primary,nan,1,6-10w
I_vN_BFUr0Y_1,A train blows its horn and rings its bell as it moves along the tracks,299,I_vN_BFUr0Y,"[[12, 22], [57, 68], [264, 267], [290, 293]]",11.0,27.0,4,15,70,10-20s,10s+,0.03678929765886288,0.0,0.0,1.0,1.0,10.0,24.0,7.0,0.9090909090909091,0.5116411935411949,152.98071686881727,13.907337897165206,18.215301620975914,14.409717900042878,299.0,27.0,0.0903010033444816,-9.52988052368164,-9.83524841732449,-9.848631858825684,0.31875133514404297,1.0,1.0,0.0,79.0,1.0,-9.848631858825684,0.31875133514404297,-10.434049406051635,0.9041688823699943,1.0,1.0,1.0,1.0,93.64814814814815,299.0,0.0,1.0,0.9090909090909091,24.0,7.0,not_short_primary,nan,3+,11-15w
I_vN_BFUr0Y_2,A train moves along the tracks,299,I_vN_BFUr0Y,"[[69, 228], [268, 289]]",159.0,180.0,2,6,30,20s+,10s+,0.5317725752508361,0.0,0.0,1.0,1.0,89.0,103.5,45.0,0.7610062893081762,0.5116411935411949,152.98071686881727,0.9621428733887879,1.0009132534995995,5.538260478986018,299.0,180.0,0.6020066889632107,-10.784536361694336,-11.114316161473592,-10.736881256103516,-0.04765510559082031,0.9866220735785953,5.0,4.0,26.0,2.0,-10.830134391784668,0.04559803009033203,-10.736881256103516,-0.04765510559082031,0.0,0.0,1.0,1.0,163.66666666666666,299.0,0.0,1.0,0.559748427672956,103.5,45.0,not_short_primary,nan,2,6-10w
I_vN_BFUr0Y_3,"A train blows its horn and rings its bell as it moves along the tracks, while cars drive by",299,I_vN_BFUr0Y,"[[290, 300]]",10.0,10.0,1,19,91,10-20s,10s+,0.033444816053511704,0.0,0.0,0.0,0.0,10.0,63.0,232.0,0.45454545454545453,0.5116411935411949,152.98071686881727,15.298071686881727,14.68162264311982,67.1672866245396,299.0,9.0,0.030100334448160536,-10.176647186279297,-10.78859445783827,-9.684048652648926,-0.4925985336303711,0.9230769230769231,24.0,23.0,86.0,10.0,-10.664708137512207,0.48806095123291016,-10.350508728027343,0.17386154174804602,0.0,0.0,0.0,0.0,294.5,299.0,0.0,1.0,1.0,63.0,232.0,not_short_primary,nan,1,16w+
IsUG5SKWNZA_1,A woman chats with someone,134,IsUG5SKWNZA,"[[61, 66], [76, 88], [115, 117]]",12.0,19.0,3,5,26,10-20s,10s+,0.08955223880597014,0.0,0.0,1.0,1.0,11.0,6.5,57.0,0.75,0.5116411935411949,68.55991993452011,5.713326661210009,5.9435501056472875,0.5698096850029231,134.0,19.0,0.1417910447761194,-12.15496826171875,-12.455883678637052,-11.839582443237305,-0.3153858184814453,0.7761194029850746,31.0,30.0,32.0,6.0,-12.069101333618164,-0.08586692810058594,-11.893438262939453,-0.26152999877929695,0.0,0.0,0.0,0.0,80.71052631578948,134.0,0.0,1.0,0.9166666666666666,6.5,57.0,not_short_primary,nan,3+,0-5w
IsUG5SKWNZA_2,A child laughs while talking,134,IsUG5SKWNZA,"[[132, 134]]",2.0,2.0,1,5,28,2-3s,2-5s,0.014925373134328358,0.0,0.0,0.0,0.0,5.0,50.5,82.5,0.2,0.5116411935411949,68.55991993452011,34.279959967260055,32.89861930063639,30.89436925648262,134.0,2.0,0.014925373134328358,-11.48866081237793,-11.710824012756348,-11.13302230834961,-0.3556385040283203,0.8805970149253731,17.0,16.0,39.0,12.0,-11.685274124145508,0.19661331176757812,-11.762371339797973,0.2737105274200431,0.0,0.0,0.0,0.0,133.0,134.0,0.0,1.0,2.5,50.5,82.5,shorter_or_equal_audio,188.5,1,0-5w
ItS07xtdi4s_1,Engines are running while a banging sound repeats,160,ItS07xtdi4s,"[[12, 35], [40, 42], [70, 71]]",23.0,26.0,3,8,49,20s+,10s+,0.14375,0.0,0.0,0.0,0.0,6.0,67.0,3.5,0.30434782608695654,0.5116411935411949,81.86259096659117,3.559243085503964,2.245217349206747,0.9796349784240874,160.0,26.0,0.1625,-11.137849807739258,-11.670336503248949,-10.764216423034668,-0.37363338470458984,0.9875,3.0,2.0,40.0,7.0,-10.764216423034668,-0.37363338470458984,-11.214305744171142,0.0764559364318842,0.0,1.0,1.0,1.0,26.653846153846153,160.0,0.0,1.0,0.2608695652173913,67.0,3.5,not_short_primary,nan,3+,6-10w
ItS07xtdi4s_2,People are talking while engines are running,160,ItS07xtdi4s,"[[15, 17], [95, 104], [112, 114]]",9.0,13.0,3,7,44,5-10s,5-10s,0.05625,0.0,0.0,1.0,1.0,21.0,16.5,0.5,0.7272727272727273,0.5116411935411949,81.86259096659117,9.095843440732352,7.921950144214097,2.4430668007561422,160.0,13.0,0.08125,-11.106918334960938,-11.459531784057617,-11.081860542297363,-0.02505779266357422,0.99375,2.0,1.0,47.0,9.0,-11.143667221069336,0.03674888610839844,-11.206163902282714,0.09924556732177692,0.0,1.0,1.0,1.0,88.73076923076923,160.0,1.0,1.0,2.3333333333333335,16.5,0.5,not_short_primary,nan,3+,6-10w
ItS07xtdi4s_3,Engines are running while people are screaming,160,ItS07xtdi4s,"[[45, 47], [59, 61], [81, 83], [71, 73]]",2.0,8.0,4,7,46,2-3s,2-5s,0.0125,0.0,0.0,0.0,0.0,6.0,81.0,1.0,0.4,0.5116411935411949,81.86259096659117,40.931295483295585,25.81999951587759,0.5203650215759126,160.0,8.0,0.05,-10.826987266540527,-10.949158906936646,-11.052007675170898,0.2250204086303711,1.0,1.0,0.0,47.0,7.0,-11.138832092285156,0.3118448257446289,-11.363435411453247,0.5364481449127201,1.0,1.0,1.0,1.0,65.0,160.0,1.0,1.0,3.0,81.0,1.0,shorter_or_equal_audio,188.5,3+,6-10w
ItS07xtdi4s_4,An explosion goes off,160,ItS07xtdi4s,"[[103, 112], [115, 134], [140, 149]]",19.0,37.0,3,4,21,10-20s,10s+,0.11875,0.0,0.0,1.0,0.0,5.0,69.5,38.0,0.6666666666666666,0.5116411935411949,81.86259096659117,4.308557419294272,1.5944130514422563,0.7291935003961925,160.0,37.0,0.23125,-10.317075729370117,-11.05700482548894,-9.92607593536377,-0.39099979400634766,0.9875,3.0,2.0,39.0,5.0,-10.442543029785156,0.12546730041503906,-10.231993560791016,-0.08508216857910078,0.0,1.0,1.0,1.0,125.22972972972973,160.0,0.0,1.0,0.2631578947368421,69.5,38.0,not_short_primary,nan,3+,0-5w
ItS07xtdi4s_5,A horn is honking,160,ItS07xtdi4s,"[[63, 64]]",1.0,1.0,1,4,17,1-2s,0-2s,0.00625,0.0,0.0,0.0,0.0,4.0,102.0,38.5,0.2,0.5116411935411949,81.86259096659117,81.86259096659117,134.8709439020802,5.252013296718154,160.0,1.0,0.00625,-11.718772888183594,-11.718772888183594,-10.294158935546875,-1.4246139526367188,0.36875,102.0,101.0,51.0,8.0,-10.436323165893555,-1.282449722290039,-11.535275421142579,-0.18349746704101477,0.0,0.0,0.0,0.0,63.5,160.0,0.0,1.0,4.0,102.0,38.5,shorter_or_equal_audio,213.0,1,0-5w
IvfaKPDWC00_1,"Amid the sound of cars moving, sirens wail and a man speaks into a radio",299,IvfaKPDWC00,"[[18, 31], [41, 43], [149, 153], [280, 282], [190, 194]]",13.0,25.0,5,15,72,10-20s,10s+,0.043478260869565216,0.0,0.0,0.0,0.0,22.0,16.0,8.5,0.34615384615384615,0.5116411935411949,152.98071686881727,11.767747451447482,15.412947525441158,6.090282099957122,299.0,25.0,0.08361204013377926,-10.330160140991211,-10.581814842224121,-10.26124382019043,-0.06891632080078125,0.9765886287625418,8.0,7.0,80.0,8.0,-10.335169792175293,0.005009651184082031,-10.353692636489868,0.023532495498656658,0.0,0.0,0.0,1.0,93.46,299.0,0.0,1.0,1.6923076923076923,16.0,8.5,not_short_primary,nan,3+,11-15w
JC2ZrXzCX4Y_1,"Amid noise and conversation, a man snores",209,JC2ZrXzCX4Y,"[[12, 23], [34, 60], [107, 115], [126, 132], [146, 149], [152, 153], [162, 163], [166, 168], [188, 190], [204, 209], [4, 10], [137, 139]]",26.0,73.0,12,7,41,20s+,10s+,0.12440191387559808,0.0,0.0,1.0,1.0,17.0,87.5,23.5,0.8461538461538461,0.5116411935411949,106.93300945010972,4.112808055773451,4.76169066406108,1.322274010969636,209.0,73.0,0.3492822966507177,-11.367753982543945,-11.969685946425347,-11.178665161132812,-0.1890888214111328,0.9952153110047847,2.0,1.0,40.0,10.0,-11.502212524414062,0.1344585418701172,-11.317122325897216,-0.050631656646729084,0.0,1.0,1.0,1.0,80.77397260273973,209.0,0.0,1.0,0.6538461538461539,87.5,23.5,not_short_primary,nan,3+,6-10w
JC2ZrXzCX4Y_2,"Amid noise and conversation, a woman laughs",209,JC2ZrXzCX4Y,"[[77, 79]]",2.0,2.0,1,7,43,2-3s,2-5s,0.009569377990430622,0.0,0.0,0.0,0.0,13.0,139.5,61.5,0.0,0.5116411935411949,106.93300945010972,53.46650472505486,88.08758523604612,1.9135673688380876,209.0,2.0,0.009569377990430622,-11.868213653564453,-12.165675640106201,-11.25887680053711,-0.6093368530273438,0.8899521531100478,24.0,23.0,67.0,14.0,-11.821456909179688,-0.046756744384765625,-12.21386869430542,0.34565504074096687,0.0,0.0,0.0,0.0,78.0,209.0,0.0,1.0,6.5,139.5,61.5,longer_audio,188.5,1,6-10w
JHhEjsAkZoc_1,A train blows its whistle,299,JHhEjsAkZoc,"[[7, 31], [173, 180], [207, 253], [274, 294]]",46.0,97.0,4,5,25,20s+,10s+,0.15384615384615385,1.0,0.0,1.0,0.0,15.0,18.5,0.5,0.625,0.5116411935411949,152.98071686881727,3.3256677580177665,0.4819018983514837,0.9756028618972437,299.0,97.0,0.32441471571906355,-9.433664321899414,-10.340427113562516,-9.838590621948242,0.4049263000488281,1.0,1.0,0.0,60.0,3.0,-9.838590621948242,0.4049263000488281,-9.984448146820068,0.5507838249206536,1.0,1.0,1.0,1.0,185.06701030927834,299.0,1.0,1.0,0.32608695652173914,18.5,0.5,not_short_primary,nan,3+,0-5w
JHhEjsAkZoc_2,A train moves along the tracks,299,JHhEjsAkZoc,"[[7, 94]]",87.0,87.0,1,6,30,20s+,10s+,0.2909698996655518,1.0,0.0,1.0,0.0,72.0,65.0,14.5,0.6914893617021277,0.5116411935411949,152.98071686881727,1.758399044469164,2.3030841129969546,2.409717900042878,299.0,87.0,0.2909698996655518,-10.75637149810791,-10.973813824269964,-10.936370849609375,0.17999935150146484,1.0,1.0,0.0,59.0,0.0,-10.936370849609375,0.17999935150146484,-10.947240982055664,0.19086948394775405,1.0,1.0,1.0,1.0,50.5,299.0,0.0,1.0,0.8275862068965517,65.0,14.5,not_short_primary,nan,1,6-10w
JHhEjsAkZoc_3,"As wind blows and several people talk, a train releases steam",299,JHhEjsAkZoc,"[[95, 173]]",78.0,78.0,1,11,61,20s+,10s+,0.2608695652173913,0.0,0.0,0.0,0.0,4.0,2.0,132.0,0.15384615384615385,0.5116411935411949,152.98071686881727,1.9612912419079136,1.2372083101358011,0.422432134069993,299.0,78.0,0.2608695652173913,-11.05299186706543,-11.493453478201841,-10.737760543823242,-0.3152313232421875,0.822742474916388,54.0,53.0,60.0,11.0,-11.6630277633667,0.6100358963012695,-10.747896070480346,-0.3050957965850838,0.0,0.0,0.0,0.0,134.0,299.0,0.0,1.0,0.05128205128205128,2.0,132.0,not_short_primary,nan,1,11-15w
JZloTOdIY_c_1,Music plays,88,JZloTOdIY_c,"[[0, 12]]",12.0,12.0,1,2,11,10-20s,10s+,0.13636363636363635,1.0,1.0,1.0,1.0,13.0,6.5,0.5,0.9230769230769231,0.5116411935411949,45.02442503162515,3.752035419302096,4.914273124053703,8.153661621392063,88.0,12.0,0.13636363636363635,-9.901578903198242,-10.245753049850464,-10.699920654296875,0.7983417510986328,1.0,1.0,0.0,22.0,0.0,-10.699920654296875,0.7983417510986328,-11.125907859802247,1.2243289566040048,1.0,1.0,1.0,1.0,6.0,88.0,1.0,0.0,1.0833333333333333,6.5,0.5,not_short_primary,nan,1,0-5w
JZloTOdIY_c_2,A horse neighs,88,JZloTOdIY_c,"[[18, 23], [27, 29], [39, 43]]",5.0,11.0,3,3,14,5-10s,5-10s,0.056818181818181816,0.0,0.0,0.0,0.0,5.0,25.5,2.5,0.4,0.5116411935411949,45.02442503162515,9.00488500632503,9.36774464412468,1.0756959125392314,88.0,11.0,0.125,-10.60543441772461,-10.87751310521906,-10.815241813659668,0.2098073959350586,1.0,1.0,0.0,22.0,3.0,-10.815241813659668,0.2098073959350586,-10.937248735427856,0.33181431770324643,1.0,1.0,1.0,1.0,29.318181818181817,88.0,0.0,1.0,1.0,25.5,2.5,not_short_primary,nan,3+,0-5w
JZloTOdIY_c_3,Echoes ring out,88,JZloTOdIY_c,"[[13, 16]]",3.0,3.0,1,3,15,3-5s,2-5s,0.03409090909090909,0.0,0.0,0.0,0.0,10.0,8.0,6.5,0.0,0.5116411935411949,45.02442503162515,15.008141677208384,19.657092496214812,0.34633837860793726,88.0,3.0,0.03409090909090909,-10.536799430847168,-10.751599629720053,-10.365931510925293,-0.170867919921875,0.9090909090909091,9.0,8.0,28.0,6.0,-10.365931510925293,-0.170867919921875,-10.927474098205566,0.3906746673583985,0.0,0.0,0.0,1.0,14.5,88.0,0.0,1.0,3.3333333333333335,8.0,6.5,shorter_or_equal_audio,188.5,1,0-5w
JmWaRt8-u0s_1,A woman talks,300,JmWaRt8-u0s,"[[26, 30]]",4.0,4.0,1,3,13,3-5s,2-5s,0.013333333333333334,0.0,0.0,0.0,0.0,18.0,11.0,17.0,0.3,0.5116411935411949,153.49235806235845,38.37308951558961,50.25961149600378,20.251119163836577,300.0,4.0,0.013333333333333334,-9.258091926574707,-9.88642954826355,-9.298625946044922,0.040534019470214844,1.0,1.0,0.0,92.0,11.0,-9.517088890075684,0.25899696350097656,-11.558526821136475,2.300434894561768,1.0,1.0,1.0,1.0,28.0,300.0,0.0,1.0,4.5,11.0,17.0,longer_audio,188.5,1,0-5w
JmWaRt8-u0s_2,An engine rumbles,300,JmWaRt8-u0s,"[[30, 300], [17, 26]]",270.0,279.0,2,3,17,20s+,10s+,0.9,1.0,1.0,1.0,1.0,257.0,161.5,3.5,0.9518518518518518,0.5116411935411949,153.49235806235845,0.568490215045772,0.08237639288059552,11.111435255621501,300.0,279.0,0.93,-11.623336791992188,-11.988689470462047,-12.651162147521973,1.0278253555297852,1.0,1.0,0.0,5.0,0.0,-12.724926948547363,1.1015901565551758,-12.651162147521973,1.0278253555297852,1.0,1.0,1.0,1.0,160.3709677419355,300.0,0.0,0.0,0.9518518518518518,161.5,3.5,not_short_primary,nan,2,0-5w
JnSwRonB9wI_1,"As wind and waves sound, a man talks",299,JnSwRonB9wI,"[[19, 21], [69, 72], [163, 167], [214, 265]]",51.0,60.0,4,8,36,20s+,10s+,0.1705685618729097,0.0,0.0,1.0,1.0,15.0,7.5,12.5,0.7377049180327869,0.5116411935411949,152.98071686881727,2.9996218993885737,4.9319559628810765,10.339015754714438,299.0,60.0,0.20066889632107024,-11.48990535736084,-12.697513786951701,-11.413671493530273,-0.0762338638305664,0.9966555183946488,2.0,1.0,78.0,12.0,-11.558746337890625,0.06884098052978516,-11.623871660232544,0.13396630287170375,0.0,1.0,1.0,1.0,218.76666666666668,299.0,0.0,1.0,0.29411764705882354,7.5,12.5,not_short_primary,nan,3+,6-10w
JnSwRonB9wI_2,"As engines roar, a woman laughs, screams, and talks while waves and wind sound",299,JnSwRonB9wI,"[[21, 300]]",279.0,279.0,1,14,78,20s+,10s+,0.9331103678929766,0.0,0.0,0.0,0.0,11.0,250.5,90.0,0.05017921146953405,0.5116411935411949,152.98071686881727,0.5483179816086641,0.07945335958483245,15.024397138102756,299.0,278.0,0.9297658862876255,-10.803439140319824,-11.27093609116918,-11.059715270996094,0.25627613067626953,1.0,1.0,0.0,7.0,0.0,-11.223546981811523,0.4201078414916992,-11.059715270996094,0.25627613067626953,1.0,1.0,1.0,1.0,160.0,299.0,0.0,1.0,0.03942652329749104,250.5,90.0,not_short_primary,nan,1,11-15w
JnSwRonB9wI_3,"As wind, waves, and engines roar, a woman laughs, screams, and talks while a man’s voice joins in",299,JnSwRonB9wI,"[[69, 72], [163, 167], [214, 265]]",51.0,58.0,3,18,97,20s+,10s+,0.1705685618729097,0.0,0.0,0.0,0.0,21.0,253.5,14.0,0.4117647058823529,0.5116411935411949,152.98071686881727,2.9996218993885737,4.9319559628810765,10.339015754714438,299.0,58.0,0.1939799331103679,-11.107309341430664,-11.290302177955365,-10.996686935424805,-0.11062240600585938,0.9498327759197325,16.0,15.0,73.0,17.0,-11.155435562133789,0.048126220703125,-11.030634508132934,-0.07667483329773006,0.0,0.0,0.0,0.0,225.6206896551724,299.0,0.0,1.0,0.4117647058823529,253.5,14.0,not_short_primary,nan,3+,16w+
Jp64Whpr3BA_1,Machines are running,76,Jp64Whpr3BA,"[[8, 19], [33, 45], [58, 70], [24, 27], [49, 51]]",12.0,40.0,5,3,20,10-20s,10s+,0.15789473684210525,1.0,0.0,1.0,1.0,7.0,14.5,1.0,0.9166666666666666,0.5116411935411949,38.88473070913081,3.2403942257609004,4.244144970773653,1.2763831451614003,76.0,40.0,0.5263157894736842,-11.107078552246094,-11.59908049106598,-11.963977813720703,0.8568992614746094,1.0,1.0,0.0,8.0,0.0,-11.963977813720703,0.8568992614746094,-11.963977813720703,0.8568992614746094,1.0,1.0,1.0,1.0,39.025,76.0,1.0,1.0,0.5833333333333334,14.5,1.0,not_short_primary,nan,3+,0-5w
K-7Y8yhcUiw_1,Someone snores,85,K-7Y8yhcUiw,"[[9, 21], [32, 49], [55, 62], [70, 85]]",17.0,51.0,4,2,14,10-20s,10s+,0.2,0.0,0.0,0.0,0.0,3.0,13.5,1.5,0.42857142857142855,0.5116411935411949,43.489501451001566,2.5582059677059745,2.661291092080875,0.14129718824812443,85.0,51.0,0.6,-11.460168838500977,-12.494126955668131,-11.915617942810059,0.45544910430908203,1.0,1.0,0.0,9.0,1.0,-11.915617942810059,0.45544910430908203,-11.915617942810059,0.45544910430908203,1.0,1.0,1.0,1.0,47.85294117647059,85.0,1.0,1.0,0.17647058823529413,13.5,1.5,not_short_primary,nan,3+,0-5w
K-7Y8yhcUiw_2,A television plays as someone snores,85,K-7Y8yhcUiw,"[[9, 21]]",12.0,12.0,1,6,36,10-20s,10s+,0.1411764705882353,0.0,0.0,0.0,0.0,4.0,13.0,2.0,0.3333333333333333,0.5116411935411949,43.489501451001566,3.6241251209167973,4.74674108573369,1.3288495702463035,85.0,12.0,0.1411764705882353,-11.304830551147461,-11.72537612915039,-11.548750877380371,0.24392032623291016,1.0,1.0,0.0,21.0,3.0,-11.645837783813477,0.3410072326660156,-11.792228355407715,0.4873978042602545,1.0,1.0,1.0,1.0,15.0,85.0,1.0,1.0,0.3333333333333333,13.0,2.0,not_short_primary,nan,1,6-10w
K-7Y8yhcUiw_3,People laugh,85,K-7Y8yhcUiw,"[[72, 75]]",3.0,3.0,1,2,12,3-5s,2-5s,0.03529411764705882,0.0,0.0,0.0,0.0,3.0,81.5,8.0,0.0,0.5116411935411949,43.489501451001566,14.49650048366719,13.912351445542752,8.731502886574802,85.0,3.0,0.03529411764705882,-12.731608390808105,-12.964280128479004,-11.577439308166504,-1.1541690826416016,0.9411764705882353,6.0,5.0,25.0,5.0,-12.34484577178955,-0.3867626190185547,-13.193261613845825,0.46165322303771994,0.0,0.0,0.0,1.0,73.5,85.0,0.0,1.0,1.0,81.5,8.0,shorter_or_equal_audio,188.5,1,0-5w
K-7Y8yhcUiw_4,A man speaks as someone snores,85,K-7Y8yhcUiw,"[[72, 78], [81, 83]]",6.0,8.0,2,6,30,5-10s,5-10s,0.07058823529411765,0.0,0.0,1.0,0.0,3.0,36.5,38.5,0.6666666666666666,0.5116411935411949,43.489501451001566,7.248250241833595,6.956175722771376,10.231502886574802,85.0,8.0,0.09411764705882353,-11.508522987365723,-11.724635004997253,-11.088766098022461,-0.4197568893432617,0.9529411764705882,5.0,4.0,21.0,3.0,-12.388099670410156,0.8795766830444336,-11.590972347259521,0.08244935989379876,0.0,0.0,1.0,1.0,76.75,85.0,0.0,1.0,0.5,36.5,38.5,not_short_primary,nan,2,6-10w
K03ydb1uaoQ_1,Something is snoring,71,K03ydb1uaoQ,"[[1, 3], [6, 8], [19, 22], [58, 61], [12, 14], [51, 54], [46, 48], [42, 45], [37, 39], [32, 34], [25, 28]]",3.0,27.0,11,3,20,3-5s,2-5s,0.04225352112676056,0.0,0.0,1.0,0.0,10.0,8.0,1.0,0.6,0.5116411935411949,36.326524741424834,12.108841580474945,14.019267888128793,0.24458634077108599,71.0,27.0,0.38028169014084506,-10.996541023254395,-11.797074459217212,-11.613485336303711,0.6169443130493164,1.0,1.0,0.0,2.0,0.0,-11.613485336303711,0.6169443130493164,-11.672678804397583,0.6761377811431881,1.0,1.0,1.0,1.0,32.870370370370374,71.0,1.0,1.0,3.3333333333333335,8.0,1.0,shorter_or_equal_audio,188.5,3+,0-5w
K2kIOBeCfuo_1,"Cheering, applause, and general noise fill the air",300,K2kIOBeCfuo,"[[45, 72], [79, 90], [106, 112], [145, 154], [163, 165], [209, 223], [228, 233], [237, 248], [259, 262], [273, 300]]",27.0,115.0,10,8,50,20s+,10s+,0.09,0.0,0.0,1.0,1.0,14.0,236.0,5.5,0.8181818181818182,0.5116411935411949,153.49235806235845,5.68490215045772,9.366037770977792,0.21497506865345883,300.0,115.0,0.38333333333333336,-10.464634895324707,-10.944788352302883,-10.802608489990234,0.33797359466552734,1.0,1.0,0.0,37.0,0.0,-10.802608489990234,0.33797359466552734,-10.83582802772522,0.37119313240051355,1.0,1.0,1.0,1.0,175.6304347826087,300.0,0.0,1.0,0.5185185185185185,236.0,5.5,not_short_primary,nan,3+,6-10w
KJhGuhNHToA_1,Metal clangs,66,KJhGuhNHToA,"[[0, 2], [55, 56]]",2.0,3.0,2,2,12,2-3s,2-5s,0.030303030303030304,0.0,0.0,0.0,0.0,3.0,24.5,23.5,0.0,0.5116411935411949,33.76831877371886,16.88415938685943,16.203797565985088,5.2091669472227835,66.0,3.0,0.045454545454545456,-10.887954711914062,-11.040731430053711,-10.848016738891602,-0.03993797302246094,0.9848484848484849,2.0,1.0,13.0,3.0,-10.93150520324707,0.04355049133300781,-11.232702894210815,0.34474818229675286,0.0,1.0,1.0,1.0,19.166666666666668,66.0,0.0,1.0,1.5,24.5,23.5,shorter_or_equal_audio,188.5,2,0-5w
KJhGuhNHToA_2,Objects bump together and metal resonates,66,KJhGuhNHToA,"[[11, 14]]",3.0,3.0,1,6,41,3-5s,2-5s,0.045454545454545456,0.0,0.0,0.0,0.0,6.0,24.0,11.5,0.4,0.5116411935411949,33.76831877371886,11.256106257906287,14.742819372161108,1.8847537839559525,66.0,3.0,0.045454545454545456,-11.289363861083984,-11.326227188110352,-11.202352523803711,-0.08701133728027344,0.9848484848484849,2.0,1.0,13.0,3.0,-11.504254341125488,0.2148904800415039,-11.681650896072387,0.3922870349884029,0.0,1.0,1.0,1.0,12.5,66.0,0.0,1.0,2.0,24.0,11.5,shorter_or_equal_audio,188.5,1,6-10w
KJhGuhNHToA_3,Nails hammer into wood as air hisses out,66,KJhGuhNHToA,"[[22, 27], [46, 47], [49, 50]]",5.0,7.0,3,8,40,5-10s,5-10s,0.07575757575757576,0.0,0.0,1.0,1.0,3.0,49.5,0.0,1.0,0.5116411935411949,33.76831877371886,6.753663754743772,11.126852871921617,0.4727054848962382,66.0,7.0,0.10606060606060606,-11.303289413452148,-11.359596524919782,-11.327688217163086,0.0243988037109375,1.0,1.0,0.0,11.0,2.0,-11.327688217163086,0.0243988037109375,-11.401472864151001,0.09818345069885304,1.0,1.0,1.0,1.0,31.214285714285715,66.0,1.0,1.0,0.6,49.5,0.0,not_short_primary,nan,3+,6-10w
KJhGuhNHToA_4,Something is rubbed,66,KJhGuhNHToA,"[[39, 42], [58, 60]]",3.0,5.0,2,3,19,3-5s,2-5s,0.045454545454545456,0.0,0.0,1.0,0.0,4.0,49.0,8.5,0.5,0.5116411935411949,33.76831877371886,11.256106257906287,1.6310525790357913,1.75548424376327,66.0,5.0,0.07575757575757576,-11.366621017456055,-11.434942626953125,-11.368392944335938,0.0017719268798828125,1.0,1.0,0.0,9.0,2.0,-11.368392944335938,0.0017719268798828125,-11.492516784667968,0.12589576721191342,1.0,1.0,1.0,1.0,47.9,66.0,0.0,1.0,1.3333333333333333,49.0,8.5,shorter_or_equal_audio,188.5,2,0-5w
KSHpYhuTotY_1,"As birds call and wings flutter, a man talks and spraying sounds erupt",299,KSHpYhuTotY,"[[1, 16], [27, 37]]",15.0,25.0,2,13,70,10-20s,10s+,0.05016722408026756,0.0,0.0,1.0,0.0,11.0,43.5,11.5,0.6,0.5116411935411949,152.98071686881727,10.19871445792115,13.357887855382337,16.090282099957122,299.0,25.0,0.08361204013377926,-10.689014434814453,-11.502641983032227,-9.667853355407715,-1.0211610794067383,0.9632107023411371,12.0,11.0,84.0,13.0,-9.667853355407715,-1.0211610794067383,-10.639190168380738,-0.04982426643371518,0.0,0.0,0.0,0.0,17.9,299.0,0.0,1.0,0.7333333333333333,43.5,11.5,not_short_primary,nan,2,11-15w
KSHpYhuTotY_2,"As insects buzz, a woman talks",299,KSHpYhuTotY,"[[110, 112], [242, 247], [184, 186], [187, 189], [249, 252], [292, 300]]",8.0,22.0,6,6,30,5-10s,5-10s,0.026755852842809364,0.0,0.0,1.0,0.0,32.0,71.0,40.0,0.5,0.5116411935411949,152.98071686881727,19.12258960860216,31.505009552126545,2.1490748482420514,299.0,21.0,0.07023411371237458,-11.773324966430664,-12.169535954793295,-11.448379516601562,-0.32494544982910156,0.8160535117056856,56.0,55.0,82.0,16.0,-11.721920013427734,-0.05140495300292969,-11.55186424255371,-0.22146072387695348,0.0,0.0,0.0,0.0,238.5952380952381,299.0,0.0,1.0,4.0,71.0,40.0,not_short_primary,nan,3+,6-10w
KSHpYhuTotY_3,"As insects buzz, a man and a woman chat",299,KSHpYhuTotY,"[[184, 193], [249, 257], [291, 300]]",9.0,26.0,3,9,39,5-10s,5-10s,0.030100334448160536,0.0,0.0,0.0,0.0,31.0,71.5,117.0,0.47058823529411764,0.5116411935411949,152.98071686881727,16.997857429868585,2.4630541471298057,12.975602861897244,299.0,25.0,0.08361204013377926,-11.743017196655273,-12.175244789123536,-11.385107040405273,-0.35791015625,0.7892976588628763,64.0,63.0,79.0,16.0,-12.148092269897461,0.4050750732421875,-11.457980356216432,-0.2850368404388419,0.0,0.0,0.0,0.0,243.22,299.0,0.0,1.0,3.4444444444444446,71.5,117.0,not_short_primary,nan,3+,6-10w
KVAIaRPry24_1,Insects buzz,300,KVAIaRPry24,"[[2, 41], [48, 55], [70, 116], [146, 149], [167, 196], [284, 291], [59, 60], [158, 161], [242, 243], [253, 259], [218, 220], [221, 229], [198, 200], [202, 204], [207, 209], [212, 214], [151, 153], [154, 155], [119, 131], [133, 138]]",46.0,180.0,20,2,12,20s+,10s+,0.15333333333333332,0.0,0.0,0.0,0.0,18.0,17.0,4.5,0.46153846153846156,0.5116411935411949,153.49235806235845,3.3367903926599665,1.2348035860354432,0.0702621867571338,300.0,180.0,0.6,-12.177200317382812,-13.429248110453289,-12.372235298156738,0.19503498077392578,1.0,1.0,0.0,20.0,0.0,-12.372235298156738,0.19503498077392578,-12.372235298156738,0.19503498077392578,1.0,1.0,1.0,1.0,122.4,300.0,0.0,1.0,0.391304347826087,17.0,4.5,not_short_primary,nan,3+,0-5w
KVbmN9ZRg5Q_1,"A train moves along, whistling",300,KVbmN9ZRg5Q,"[[0, 7], [144, 150], [194, 214], [282, 287], [48, 51], [54, 57], [63, 65], [152, 154], [155, 165], [168, 176], [190, 193], [256, 272], [221, 230]]",20.0,94.0,13,5,30,20s+,10s+,0.06666666666666667,1.0,1.0,1.0,1.0,20.0,202.0,2.0,0.8181818181818182,0.5116411935411949,153.49235806235845,7.674617903117922,2.840048247881519,1.0702621867571338,300.0,94.0,0.31333333333333335,-9.596144676208496,-10.575575473460745,-10.011632919311523,0.41548824310302734,1.0,1.0,0.0,59.0,9.0,-10.048298835754395,0.45215415954589844,-10.031411581039428,0.43526690483093233,1.0,1.0,1.0,1.0,180.4468085106383,300.0,1.0,0.0,1.0,202.0,2.0,not_short_primary,nan,3+,0-5w
KVbmN9ZRg5Q_2,A train moves as electronic beeps and camera shutters click,300,KVbmN9ZRg5Q,"[[11, 13], [48, 55], [61, 72]]",11.0,20.0,3,10,59,10-20s,10s+,0.03666666666666667,0.0,0.0,1.0,0.0,15.0,118.5,52.0,0.6111111111111112,0.5116411935411949,153.49235806235845,13.953850732941676,18.27622236218319,3.2488808361634227,300.0,20.0,0.06666666666666667,-10.476570129394531,-10.782043170928954,-10.457481384277344,-0.0190887451171875,0.9966666666666667,2.0,1.0,87.0,11.0,-10.457481384277344,-0.0190887451171875,-10.658446865081787,0.18187673568725593,0.0,1.0,1.0,1.0,55.8,300.0,0.0,1.0,1.3636363636363635,118.5,52.0,not_short_primary,nan,3+,6-10w
KVbmN9ZRg5Q_3,"As the wind blows, a man talks over the radio",300,KVbmN9ZRg5Q,"[[109, 126]]",17.0,17.0,1,10,45,10-20s,10s+,0.056666666666666664,0.0,0.0,1.0,0.0,10.0,291.0,173.5,0.5294117647058824,0.5116411935411949,153.49235806235845,9.028962238962261,14.875471753905904,8.285024931346541,300.0,17.0,0.056666666666666664,-11.500068664550781,-11.954674608567181,-10.353897094726562,-1.1461715698242188,0.94,19.0,18.0,82.0,16.0,-11.833341598510742,0.33327293395996094,-11.213384323120117,-0.28668434143066435,0.0,0.0,0.0,0.0,117.5,300.0,0.0,1.0,0.5882352941176471,291.0,173.5,not_short_primary,nan,1,6-10w
KVbmN9ZRg5Q_4,"A crossing bell rings, wind rushes",300,KVbmN9ZRg5Q,"[[130, 142], [186, 188], [245, 269], [279, 285]]",24.0,44.0,4,6,34,20s+,10s+,0.08,0.0,0.0,0.0,0.0,16.0,8.0,128.0,0.2222222222222222,0.5116411935411949,153.49235806235845,6.395514919264936,4.034374924355873,1.9756844154548503,300.0,44.0,0.14666666666666667,-10.900795936584473,-11.51715391332453,-10.02491283416748,-0.8758831024169922,0.9033333333333333,30.0,29.0,75.0,17.0,-11.172464370727539,0.2716684341430664,-10.487831058502197,-0.4129648780822759,0.0,0.0,0.0,0.0,224.22727272727272,300.0,0.0,1.0,0.6666666666666666,8.0,128.0,not_short_primary,nan,3+,6-10w
K_Vre_-4KqU_1,An engine runs,177,K_Vre_-4KqU,"[[1, 54], [58, 75], [98, 123], [152, 176]]",53.0,119.0,4,3,14,20s+,10s+,0.2994350282485876,0.0,0.0,1.0,1.0,13.0,42.5,15.0,0.8,0.5116411935411949,90.5604912567915,1.7086885142790849,2.2379751534069605,0.9681603066635809,177.0,119.0,0.672316384180791,-10.729240417480469,-11.473414869869456,-11.501501083374023,0.7722606658935547,1.0,1.0,0.0,14.0,0.0,-11.501501083374023,0.7722606658935547,-11.501501083374023,0.7722606658935547,1.0,1.0,1.0,1.0,78.03781512605042,177.0,0.0,1.0,0.24528301886792453,42.5,15.0,not_short_primary,nan,3+,0-5w
K_Vre_-4KqU_2,A man talks as an engine runs,177,K_Vre_-4KqU,"[[32, 36]]",4.0,4.0,1,7,29,3-5s,2-5s,0.022598870056497175,1.0,1.0,1.0,1.0,5.0,33.5,0.5,0.8,0.5116411935411949,90.5604912567915,22.640122814197873,29.653170782642228,5.531839693336419,177.0,4.0,0.022598870056497175,-10.109946250915527,-10.862001419067383,-10.589468002319336,0.4795217514038086,1.0,1.0,0.0,49.0,11.0,-11.134416580200195,1.024470329284668,-11.732455835342407,1.6225095844268793,1.0,1.0,1.0,1.0,34.0,177.0,1.0,0.0,1.25,33.5,0.5,shorter_or_equal_audio,188.5,1,6-10w
Kel-hfZ_9h8_1,Laughter drifts on the wind,147,Kel-hfZ_9h8,"[[14, 15], [28, 29], [118, 119], [130, 135]]",5.0,8.0,4,5,27,5-10s,5-10s,0.034013605442176874,0.0,0.0,0.0,0.0,4.0,49.0,20.5,0.42857142857142855,0.5116411935411949,75.21125545055564,15.042251090111128,19.70176770643348,4.856951609720078,147.0,8.0,0.05442176870748299,-11.806644439697266,-11.998921751976013,-11.487159729003906,-0.3194847106933594,0.8979591836734694,16.0,15.0,42.0,11.0,-11.764209747314453,-0.0424346923828125,-11.757228813171388,-0.049415626525878054,0.0,0.0,0.0,0.0,103.0,147.0,0.0,1.0,0.8,49.0,20.5,not_short_primary,nan,3+,0-5w
Kel-hfZ_9h8_2,A man talks,147,Kel-hfZ_9h8,"[[16, 26], [34, 46], [103, 107], [135, 137], [145, 147]]",12.0,30.0,5,3,11,10-20s,10s+,0.08163265306122448,1.0,1.0,1.0,1.0,17.0,38.5,1.5,0.7142857142857143,0.5116411935411949,75.21125545055564,6.267604620879637,10.305148788662047,0.25640362560861973,147.0,30.0,0.20408163265306123,-10.454426765441895,-10.946803379058839,-10.629323959350586,0.1748971939086914,1.0,1.0,0.0,32.0,0.0,-10.629323959350586,0.1748971939086914,-11.004641437530518,0.5502146720886234,1.0,1.0,1.0,1.0,55.8,147.0,1.0,0.0,1.4166666666666667,38.5,1.5,not_short_primary,nan,3+,0-5w
Kel-hfZ_9h8_3,"As wind blows, children call out, a woman talks, and something scrapes repeatedly",147,Kel-hfZ_9h8,"[[51, 56]]",5.0,5.0,1,13,81,5-10s,5-10s,0.034013605442176874,0.0,0.0,0.0,0.0,17.0,131.5,78.0,0.0,0.5116411935411949,75.21125545055564,15.042251090111128,24.782535942007236,0.01533778364019156,147.0,5.0,0.034013605442176874,-12.050614356994629,-12.466760635375977,-10.899879455566406,-1.1507349014282227,0.5170068027210885,72.0,71.0,43.0,10.0,-11.849386215209961,-0.20122814178466797,-11.262771530151367,-0.7878428268432618,0.0,0.0,0.0,0.0,53.5,147.0,0.0,1.0,3.4,131.5,78.0,not_short_primary,nan,1,11-15w
Kel-hfZ_9h8_4,A man's shout carries on the wind,147,Kel-hfZ_9h8,"[[85, 86], [131, 132]]",1.0,2.0,2,7,33,1-2s,0-2s,0.006802721088435374,0.0,0.0,0.0,0.0,3.0,51.5,34.0,0.14285714285714285,0.5116411935411949,75.21125545055564,75.21125545055564,10.898396778102788,0.7946032752545449,147.0,2.0,0.013605442176870748,-11.168149948120117,-11.32857894897461,-10.272836685180664,-0.8953132629394531,0.8775510204081632,19.0,18.0,42.0,11.0,-10.87153148651123,-0.2966184616088867,-11.565403413772582,0.3972534656524651,0.0,0.0,0.0,0.0,108.5,147.0,0.0,1.0,3.0,51.5,34.0,shorter_or_equal_audio,213.0,2,6-10w
KnsKf9KoNds_1,Someone clears their throat,299,KnsKf9KoNds,"[[34, 35]]",1.0,1.0,1,4,27,1-2s,0-2s,0.0033444816053511705,0.0,0.0,0.0,0.0,9.0,8.5,26.0,0.0,0.5116411935411949,152.98071686881727,152.98071686881727,200.36831783073507,13.590282099957122,299.0,1.0,0.0033444816053511705,-12.621630668640137,-12.621630668640137,-11.22056770324707,-1.4010629653930664,0.7658862876254181,71.0,70.0,93.0,25.0,-11.839462280273438,-0.7821683883666992,-12.8094407081604,0.18781003952026332,0.0,0.0,0.0,0.0,34.5,299.0,0.0,1.0,9.0,8.5,26.0,longer_audio,213.0,1,0-5w
KnsKf9KoNds_2,Machine noise hums as one man talks and another laughs,299,KnsKf9KoNds,"[[141, 142], [188, 191]]",3.0,4.0,2,10,54,3-5s,2-5s,0.010033444816053512,0.0,0.0,0.0,0.0,9.0,10.5,131.0,0.21428571428571427,0.5116411935411949,152.98071686881727,50.99357228960576,53.04840243547878,1.4617395210139819,299.0,4.0,0.013377926421404682,-12.651498794555664,-12.722917556762695,-11.936355590820312,-0.7151432037353516,0.705685618729097,89.0,88.0,91.0,20.0,-12.427664756774902,-0.22383403778076172,-12.547480745315552,-0.10401804924011238,0.0,0.0,0.0,0.0,177.5,299.0,0.0,1.0,3.0,10.5,131.0,longer_audio,188.5,2,6-10w
KtTLsveexOg_1,Loud machines run while something is being cut,254,KtTLsveexOg,"[[114, 123], [131, 255]]",124.0,133.0,2,8,46,20s+,10s+,0.4881889763779528,0.0,0.0,0.0,0.0,7.0,3.5,115.0,0.2903225806451613,0.5116411935411949,129.9568631594635,1.0480392190279315,1.0058075713001495,0.5435090212941418,254.0,132.0,0.5196850393700787,-12.185867309570312,-13.051901831771389,-11.10489273071289,-1.0809745788574219,0.8110236220472441,49.0,48.0,39.0,9.0,-12.71432876586914,0.5284614562988281,-11.10489273071289,-1.0809745788574219,0.0,0.0,0.0,0.0,187.45454545454547,254.0,0.0,1.0,0.056451612903225805,3.5,115.0,not_short_primary,nan,2,6-10w
KtinboYbmHQ_1,An engine rumbles as brakes squeal,106,KtinboYbmHQ,"[[1, 37], [44, 46], [49, 54], [87, 101], [56, 59], [63, 67]]",36.0,64.0,6,6,34,20s+,10s+,0.33962264150943394,0.0,0.0,1.0,0.0,13.0,19.5,0.5,0.6666666666666666,0.5116411935411949,54.23396651536665,1.506499069871296,1.5672047542254044,0.8179117417141057,106.0,64.0,0.6037735849056604,-10.774761199951172,-11.233699426054955,-10.904892921447754,0.13013172149658203,1.0,1.0,0.0,11.0,1.0,-10.904892921447754,0.13013172149658203,-10.904892921447754,0.13013172149658203,1.0,1.0,1.0,1.0,43.4375,106.0,1.0,1.0,0.3611111111111111,19.5,0.5,not_short_primary,nan,3+,6-10w
KvrcRMfFzOE_1,"As wind blows, a button clicks",186,KvrcRMfFzOE,"[[11, 15]]",4.0,4.0,1,6,30,3-5s,2-5s,0.021505376344086023,1.0,0.0,1.0,1.0,5.0,11.5,1.5,0.8,0.5116411935411949,95.16526199866225,23.79131549966556,31.160959127522343,16.91569388157868,186.0,4.0,0.021505376344086023,-10.939969062805176,-11.308819055557251,-11.32448959350586,0.3845205307006836,1.0,1.0,0.0,54.0,9.0,-11.387075424194336,0.44710636138916016,-12.049637680053712,1.109668617248536,1.0,1.0,1.0,1.0,13.0,186.0,1.0,1.0,1.25,11.5,1.5,shorter_or_equal_audio,188.5,1,6-10w
KvrcRMfFzOE_2,"As wind blows, the engine hums",186,KvrcRMfFzOE,"[[15, 78]]",63.0,63.0,1,6,30,20s+,10s+,0.3387096774193548,0.0,0.0,0.0,0.0,5.0,11.5,35.0,0.12698412698412698,0.5116411935411949,95.16526199866225,1.51055971426448,2.483651020007957,3.78781582065848,186.0,63.0,0.3387096774193548,-10.527385711669922,-11.597266060965401,-10.39885139465332,-0.12853431701660156,0.978494623655914,5.0,4.0,37.0,3.0,-10.39885139465332,-0.12853431701660156,-10.418757829666138,-0.10862788200378404,0.0,0.0,1.0,1.0,46.5,186.0,0.0,1.0,0.07936507936507936,11.5,35.0,not_short_primary,nan,1,6-10w
KvrcRMfFzOE_3,"As the engine hums, propellers spin",186,KvrcRMfFzOE,"[[78, 187]]",109.0,109.0,1,6,35,20s+,10s+,0.5860215053763441,1.0,0.0,1.0,1.0,60.0,150.0,17.5,0.8214285714285714,0.5116411935411949,95.16526199866225,0.8730757981528646,0.7603981961820184,3.977565155879006,186.0,108.0,0.5806451612903226,-11.026135444641113,-11.226827789235998,-10.978325843811035,-0.047809600830078125,0.967741935483871,7.0,6.0,21.0,8.0,-11.05050277709961,0.024367332458496094,-10.978325843811035,-0.047809600830078125,0.0,0.0,0.0,1.0,132.0,186.0,0.0,1.0,0.5504587155963303,150.0,17.5,not_short_primary,nan,1,6-10w
LB6CZ0x-kns_1,Engines hum as steam hisses,138,LB6CZ0x-kns,"[[4, 5], [58, 59], [68, 70]]",2.0,4.0,3,5,27,2-3s,2-5s,0.014492753623188406,0.0,0.0,0.0,0.0,7.0,6.5,2.0,0.14285714285714285,0.5116411935411949,70.60648470868489,35.303242354342444,36.725817070716076,3.017658682608925,138.0,4.0,0.028985507246376812,-11.918326377868652,-11.945895195007324,-11.834915161132812,-0.08341121673583984,0.9565217391304348,7.0,6.0,37.0,7.0,-11.834915161132812,-0.08341121673583984,-11.975101976394653,0.05677559852600034,0.0,0.0,0.0,1.0,50.25,138.0,1.0,1.0,3.5,6.5,2.0,shorter_or_equal_audio,188.5,3+,0-5w
LB6CZ0x-kns_2,Engines hum as electronic tones and crashing sounds fill the background,138,LB6CZ0x-kns,"[[37, 50], [133, 138]]",13.0,18.0,2,11,71,10-20s,10s+,0.09420289855072464,0.0,0.0,0.0,0.0,5.0,41.5,2.0,0.42857142857142855,0.5116411935411949,70.60648470868489,5.431268054514222,8.930050441666326,6.189685036285638,138.0,18.0,0.13043478260869565,-10.33847713470459,-10.719378259446886,-10.529670715332031,0.1911935806274414,1.0,1.0,0.0,34.0,1.0,-10.529670715332031,0.1911935806274414,-10.755980739593506,0.4175036048889158,1.0,1.0,1.0,1.0,69.05555555555556,138.0,1.0,1.0,0.38461538461538464,41.5,2.0,not_short_primary,nan,2,11-15w
LCwSUVuTyvg_1,A window opens and closes,300,LCwSUVuTyvg,"[[70, 82], [93, 104]]",12.0,23.0,2,5,25,10-20s,10s+,0.04,1.0,0.0,1.0,0.0,11.0,72.5,3.5,0.6428571428571429,0.5116411935411949,153.49235806235845,12.791029838529871,21.03091589522867,5.109380355900782,300.0,23.0,0.07666666666666666,-10.902292251586914,-11.09393476403278,-10.959245681762695,0.05695343017578125,1.0,1.0,0.0,78.0,10.0,-11.009793281555176,0.10750102996826172,-11.046533651351929,0.14424139976501493,1.0,1.0,1.0,1.0,86.76086956521739,300.0,0.0,1.0,0.9166666666666666,72.5,3.5,not_short_primary,nan,2,0-5w
LCwSUVuTyvg_2,"As several people walk, metal clangs",300,LCwSUVuTyvg,"[[151, 155], [165, 168]]",4.0,7.0,2,6,36,3-5s,2-5s,0.013333333333333334,0.0,0.0,0.0,0.0,14.0,52.0,101.0,0.25,0.5116411935411949,153.49235806235845,38.37308951558961,39.91936638121313,9.560127570888966,300.0,7.0,0.023333333333333334,-11.25663948059082,-11.506275177001953,-10.01547908782959,-1.2411603927612305,0.6466666666666666,107.0,106.0,88.0,20.0,-11.333046913146973,0.07640743255615234,-10.703049688339233,-0.5535897922515876,0.0,0.0,0.0,0.0,158.78571428571428,300.0,0.0,1.0,3.5,52.0,101.0,longer_audio,188.5,2,6-10w
LCwSUVuTyvg_3,"As two men talk, a child’s voice joins in",300,LCwSUVuTyvg,"[[236, 250], [284, 288]]",14.0,18.0,2,9,41,10-20s,10s+,0.04666666666666667,0.0,0.0,0.0,0.0,27.0,20.5,222.5,0.35,0.5116411935411949,153.49235806235845,10.963739861597032,10.521946471418888,14.405304305558104,300.0,18.0,0.06,-11.751625061035156,-12.055199093288845,-10.901100158691406,-0.85052490234375,0.82,55.0,54.0,83.0,15.0,-11.546258926391602,-0.2053661346435547,-11.345702209472655,-0.40592285156250085,0.0,0.0,0.0,0.0,252.55555555555554,300.0,0.0,1.0,1.9285714285714286,20.5,222.5,not_short_primary,nan,2,6-10w
LKhokVsJhN0_1,Footsteps and various sounds mix as many sheep bleat,299,LKhokVsJhN0,"[[248, 254], [65, 71]]",6.0,12.0,2,9,52,5-10s,5-10s,0.020066889632107024,0.0,0.0,0.0,0.0,4.0,168.0,83.0,0.08,0.5116411935411949,152.98071686881727,25.49678614480288,41.92162568448915,12.839015754714438,299.0,12.0,0.04013377926421405,-10.802518844604492,-11.722857793172201,-10.989407539367676,0.1868886947631836,1.0,1.0,0.0,82.0,18.0,-11.239511489868164,0.4369926452636719,-11.282173767089844,0.47965492248535213,1.0,1.0,1.0,1.0,159.5,299.0,0.0,1.0,0.6666666666666666,168.0,83.0,not_short_primary,nan,2,6-10w
LKhokVsJhN0_2,Two men are talking as birds chirp and many sheep bleat,299,LKhokVsJhN0,"[[258, 278]]",20.0,20.0,1,11,55,20s+,10s+,0.06688963210702341,0.0,0.0,0.0,0.0,11.0,260.5,7.5,0.35,0.5116411935411949,152.98071686881727,7.649035843440863,7.34081132155991,40.1672866245396,299.0,20.0,0.06688963210702341,-11.81900405883789,-12.490669631958008,-11.894844055175781,0.07583999633789062,1.0,1.0,0.0,80.0,20.0,-12.411724090576172,0.5927200317382812,-12.193033275604249,0.3740292167663579,1.0,1.0,1.0,1.0,268.0,299.0,0.0,1.0,0.55,260.5,7.5,not_short_primary,nan,1,11-15w
LP_DzNUkAKY_1,"As engines rumble and vibrate, horns honk",300,LP_DzNUkAKY,"[[1, 2], [81, 82], [98, 99], [132, 133]]",1.0,4.0,4,7,41,1-2s,0-2s,0.0033333333333333335,0.0,0.0,0.0,0.0,12.0,92.0,6.5,0.16666666666666666,0.5116411935411949,153.49235806235845,153.49235806235845,252.37099074274403,0.39061964409921757,300.0,4.0,0.013333333333333334,-10.890146255493164,-11.042424201965332,-10.796882629394531,-0.09326362609863281,0.9933333333333333,3.0,2.0,93.0,15.0,-10.867204666137695,-0.02294158935546875,-11.293216180801391,0.40306992530822683,0.0,1.0,1.0,1.0,78.5,300.0,0.0,1.0,12.0,92.0,6.5,longer_audio,213.0,3+,6-10w
LP_DzNUkAKY_2,"As engines rumble and vibrate, a man talks",300,LP_DzNUkAKY,"[[62, 63], [212, 215], [220, 221], [273, 274], [71, 75]]",4.0,10.0,5,8,42,3-5s,2-5s,0.013333333333333334,0.0,0.0,0.0,0.0,14.0,116.0,43.0,0.36363636363636365,0.5116411935411949,153.49235806235845,38.37308951558961,44.42725739195744,0.2975225037841369,300.0,10.0,0.03333333333333333,-10.772964477539062,-11.492634677886963,-10.897317886352539,0.12435340881347656,1.0,1.0,0.0,87.0,18.0,-10.911270141601562,0.1383056640625,-11.228210582733155,0.45524610519409237,1.0,1.0,1.0,1.0,148.9,300.0,0.0,1.0,3.5,116.0,43.0,longer_audio,188.5,3+,6-10w
LP_DzNUkAKY_3,"As engines roar, steam hisses",300,LP_DzNUkAKY,"[[88, 90], [129, 130], [68, 80], [225, 229]]",12.0,19.0,4,5,29,10-20s,10s+,0.04,0.0,0.0,0.0,0.0,7.0,4.5,69.5,0.18181818181818182,0.5116411935411949,153.49235806235845,12.791029838529871,12.275604216655369,1.5946956944418957,300.0,19.0,0.06333333333333334,-11.468225479125977,-11.730341208608527,-11.437787055969238,-0.03043842315673828,0.9833333333333333,6.0,5.0,88.0,16.0,-11.458654403686523,-0.009571075439453125,-11.492628173828125,0.02440269470214851,0.0,0.0,0.0,1.0,110.71052631578948,300.0,0.0,1.0,0.5833333333333334,4.5,69.5,not_short_primary,nan,3+,0-5w
LVvS3s9dFKw_1,"As a man speaks, water flows in the background",226,LVvS3s9dFKw,"[[36, 42]]",6.0,6.0,1,9,46,5-10s,5-10s,0.02654867256637168,0.0,0.0,0.0,0.0,14.0,15.0,24.0,0.21052631578947367,0.5116411935411949,115.63090974031005,19.271818290051673,25.241493773548566,2.650823563243108,226.0,6.0,0.02654867256637168,-10.42227554321289,-10.683339754740397,-9.982841491699219,-0.4394340515136719,0.8849557522123894,27.0,26.0,69.0,10.0,-10.3006591796875,-0.12161636352539062,-10.536775369644165,0.11449982643127399,0.0,0.0,0.0,0.0,39.0,226.0,0.0,1.0,2.3333333333333335,15.0,24.0,not_short_primary,nan,1,6-10w
LVvS3s9dFKw_2,"Amid the noise, someone eats",226,LVvS3s9dFKw,"[[38, 39], [58, 61], [87, 89]]",3.0,6.0,3,5,28,3-5s,2-5s,0.01327433628318584,0.0,0.0,0.0,0.0,9.0,96.5,8.5,0.0,0.5116411935411949,115.63090974031005,38.543636580103346,63.37315989762239,1.6023998681119167,226.0,6.0,0.02654867256637168,-11.905317306518555,-12.288775444030762,-11.912281036376953,0.0069637298583984375,1.0,1.0,0.0,65.0,15.0,-12.124617576599121,0.2193002700805664,-12.257231979370117,0.35191467285156186,1.0,1.0,1.0,1.0,65.5,226.0,0.0,1.0,3.0,96.5,8.5,longer_audio,188.5,3+,0-5w
LVvS3s9dFKw_3,A woman laughs,226,LVvS3s9dFKw,"[[139, 141]]",2.0,2.0,1,3,14,2-3s,2-5s,0.008849557522123894,0.0,0.0,0.0,0.0,10.0,187.0,47.0,0.18181818181818182,0.5116411935411949,115.63090974031005,57.81545487015502,8.377679155956564,7.329385440765122,226.0,2.0,0.008849557522123894,-11.269957542419434,-11.483373165130615,-11.100702285766602,-0.16925525665283203,0.9823008849557522,5.0,4.0,78.0,16.0,-11.537093162536621,0.2671356201171875,-11.654522275924682,0.38456473350524867,0.0,0.0,1.0,1.0,140.0,226.0,0.0,1.0,5.0,187.0,47.0,longer_audio,188.5,1,0-5w
L_CNz9Vrtkw_1,Applause breaks out,300,L_CNz9Vrtkw,"[[0, 19], [99, 111]]",19.0,31.0,2,3,19,10-20s,10s+,0.06333333333333334,1.0,1.0,1.0,1.0,17.0,8.5,1.0,0.8947368421052632,0.5116411935411949,153.49235806235845,8.078545161176761,13.30963262191581,4.214975068653459,300.0,31.0,0.10333333333333333,-8.89767837524414,-9.637778435983966,-9.408992767333984,0.5113143920898438,1.0,1.0,0.0,83.0,1.0,-9.408992767333984,0.5113143920898438,-11.251463203430175,2.3537848281860345,1.0,1.0,1.0,1.0,46.46774193548387,300.0,1.0,0.0,0.8947368421052632,8.5,1.0,not_short_primary,nan,2,0-5w
L_CNz9Vrtkw_2,A man is speaking,300,L_CNz9Vrtkw,"[[21, 99]]",78.0,78.0,1,4,17,20s+,10s+,0.26,1.0,0.0,1.0,0.0,56.0,39.0,21.0,0.6923076923076923,0.5116411935411949,153.49235806235845,1.9678507443892108,2.57741597415404,11.748880836163423,300.0,78.0,0.26,-9.950611114501953,-10.248124403831286,-10.93791389465332,0.9873027801513672,1.0,1.0,0.0,64.0,0.0,-10.93791389465332,0.9873027801513672,-11.612976169586181,1.6623650550842282,1.0,1.0,1.0,1.0,60.0,300.0,0.0,1.0,0.717948717948718,39.0,21.0,not_short_primary,nan,1,0-5w
L_CNz9Vrtkw_3,Applause and cheers erupt,300,L_CNz9Vrtkw,"[[99, 106]]",7.0,7.0,1,4,25,5-10s,5-10s,0.023333333333333334,0.0,0.0,1.0,0.0,17.0,8.5,94.0,0.6666666666666666,0.5116411935411949,153.49235806235845,21.927479723194065,36.1261456880572,6.714975068653459,300.0,7.0,0.023333333333333334,-10.420547485351562,-10.608709471566337,-8.792486190795898,-1.628061294555664,0.9333333333333333,21.0,20.0,92.0,8.0,-10.443347930908203,0.022800445556640625,-10.277599506378174,-0.14294797897338896,0.0,0.0,0.0,0.0,102.5,300.0,0.0,1.0,2.4285714285714284,8.5,94.0,not_short_primary,nan,1,0-5w
L_CNz9Vrtkw_4,Instruments play together,300,L_CNz9Vrtkw,"[[116, 299]]",183.0,183.0,1,3,25,20s+,10s+,0.61,1.0,1.0,1.0,1.0,177.0,181.5,26.0,0.7475728155339806,0.5116411935411949,153.49235806235845,0.8387560549855653,0.7305076977246607,0.2057502514177827,300.0,183.0,0.61,-10.8878173828125,-11.40546654873207,-11.918924331665039,1.031106948852539,1.0,1.0,0.0,35.0,0.0,-11.918924331665039,1.031106948852539,-11.918924331665039,1.031106948852539,1.0,1.0,1.0,1.0,207.5,300.0,0.0,0.0,0.9672131147540983,181.5,26.0,not_short_primary,nan,1,0-5w
Ls1zyPjs3k8_1,Music with occasional screams plays,299,Ls1zyPjs3k8,"[[58, 79], [92, 102], [178, 199], [210, 219], [264, 279]]",21.0,76.0,5,5,35,20s+,10s+,0.07023411371237458,0.0,0.0,0.0,0.0,50.0,242.0,27.5,0.4,0.5116411935411949,152.98071686881727,7.284796041372251,8.434126958854142,5.561530762104866,299.0,76.0,0.25418060200668896,-10.673722267150879,-11.191454887390137,-10.576013565063477,-0.09770870208740234,0.9565217391304348,14.0,13.0,70.0,11.0,-10.610091209411621,-0.06363105773925781,-10.58773775100708,-0.08598451614379954,0.0,0.0,0.0,0.0,162.76315789473685,299.0,0.0,1.0,2.380952380952381,242.0,27.5,not_short_primary,nan,3+,0-5w
LvMA1Wcgu3w_1,Something pops,282,LvMA1Wcgu3w,"[[47, 48], [95, 96], [154, 156]]",2.0,4.0,3,2,14,2-3s,2-5s,0.0070921985815602835,0.0,0.0,0.0,0.0,10.0,155.0,0.0,0.2,0.5116411935411949,144.28281657861694,72.14140828930847,94.48806961248711,2.14394798599362,282.0,4.0,0.014184397163120567,-11.031238555908203,-11.218523502349854,-11.240585327148438,0.20934677124023438,1.0,1.0,0.0,81.0,18.0,-11.240585327148438,0.20934677124023438,-11.795037717819215,0.7637991619110114,1.0,1.0,1.0,1.0,113.25,282.0,1.0,1.0,5.0,155.0,0.0,longer_audio,188.5,3+,0-5w
LvMA1Wcgu3w_2,Insects call and a man laughs,282,LvMA1Wcgu3w,"[[57, 62], [10, 11], [13, 15], [16, 32], [65, 68], [70, 76], [79, 80], [101, 109], [112, 114], [117, 119], [131, 133], [137, 139], [174, 176], [179, 184], [186, 188], [199, 206], [208, 210], [212, 214], [215, 218], [224, 259], [261, 276]]",35.0,123.0,21,6,29,20s+,10s+,0.12411347517730496,1.0,0.0,1.0,1.0,21.0,18.5,4.5,0.918918918918919,0.5116411935411949,144.28281657861694,4.122366187960484,4.772756794107428,1.4503288464428863,282.0,123.0,0.43617021276595747,-11.102195739746094,-12.004065994324723,-11.394078254699707,0.2918825149536133,1.0,1.0,0.0,37.0,6.0,-11.394078254699707,0.2918825149536133,-11.40361894607544,0.30142320632934627,1.0,1.0,1.0,1.0,165.0528455284553,282.0,0.0,1.0,0.6,18.5,4.5,not_short_primary,nan,3+,6-10w
MBP4RcnwGZw_1,Cars pass as people chat and a woman talks,61,MBP4RcnwGZw,"[[2, 5], [40, 43], [49, 52], [13, 15], [16, 18]]",3.0,13.0,5,9,42,3-5s,2-5s,0.04918032786885246,1.0,0.0,1.0,0.0,5.0,2.5,1.0,0.6,0.5116411935411949,31.210112806012887,10.403370935337628,3.849843180461615,0.2376199779739494,61.0,13.0,0.21311475409836064,-11.147896766662598,-12.2170074903048,-11.203014373779297,0.05511760711669922,1.0,1.0,0.0,12.0,3.0,-11.203014373779297,0.05511760711669922,-11.305019578933717,0.15712281227111902,1.0,1.0,1.0,1.0,26.807692307692307,61.0,1.0,1.0,1.6666666666666667,2.5,1.0,shorter_or_equal_audio,188.5,3+,6-10w
MPLZUg89y5U_1,A man talks over background noise as a woman sings,300,MPLZUg89y5U,"[[150, 160]]",10.0,10.0,1,10,50,10-20s,10s+,0.03333333333333333,0.0,0.0,0.0,0.0,31.0,16.5,138.5,0.2777777777777778,0.5116411935411949,153.49235806235845,15.349235806235844,15.967746552485252,11.560127570888966,300.0,10.0,0.03333333333333333,-11.824880599975586,-12.022751808166504,-11.666217803955078,-0.1586627960205078,0.8666666666666667,41.0,40.0,96.0,18.0,-11.812738418579102,-0.012142181396484375,-11.790966215133666,-0.03391438484191944,0.0,0.0,0.0,0.0,155.0,300.0,0.0,1.0,3.1,16.5,138.5,not_short_primary,nan,1,6-10w
MPLZUg89y5U_2,A man talks as noise fills the air and a switch clicks,300,MPLZUg89y5U,"[[175, 176]]",1.0,1.0,1,12,54,1-2s,0-2s,0.0033333333333333335,0.0,0.0,0.0,0.0,28.0,106.0,69.5,0.0,0.5116411935411949,153.49235806235845,153.49235806235845,22.24162607776079,0.611435255621501,300.0,1.0,0.0033333333333333335,-12.280574798583984,-12.280574798583984,-12.099832534790039,-0.1807422637939453,0.8866666666666667,35.0,34.0,104.0,19.0,-12.523550033569336,0.24297523498535156,-12.598217658996582,0.31764286041259737,0.0,0.0,0.0,0.0,175.5,300.0,0.0,1.0,28.0,106.0,69.5,longer_audio,213.0,1,11-15w
MTaLknnq4wc_1,"Someone whistles a tune, the wind rustles, and birds chirp",80,MTaLknnq4wc,"[[47, 67]]",20.0,20.0,1,10,58,20s+,10s+,0.25,0.0,0.0,0.0,0.0,7.0,62.5,5.5,0.35,0.5116411935411949,40.931295483295585,2.0465647741647794,1.7824387824481718,1.7215334003780711,80.0,20.0,0.25,-10.987253189086914,-11.082334756851196,-11.261798858642578,0.27454566955566406,1.0,1.0,0.0,19.0,0.0,-11.261798858642578,0.27454566955566406,-11.34875120162964,0.3614980125427252,1.0,1.0,1.0,1.0,57.0,80.0,0.0,1.0,0.35,62.5,5.5,not_short_primary,nan,1,6-10w
MTaLknnq4wc_2,A woman sings as birds call and wind stirs,80,MTaLknnq4wc,"[[23, 46], [1, 21], [67, 79]]",23.0,55.0,3,9,42,20s+,10s+,0.2875,0.0,0.0,1.0,1.0,8.0,5.0,6.0,1.0,0.5116411935411949,40.931295483295585,1.779621542751982,1.1226086746033734,1.2398174892120437,80.0,55.0,0.6875,-10.846651077270508,-11.242271908846769,-11.322163581848145,0.4755125045776367,1.0,1.0,0.0,6.0,0.0,-11.322163581848145,0.4755125045776367,-11.322163581848145,0.4755125045776367,1.0,1.0,1.0,1.0,34.35454545454545,80.0,0.0,1.0,0.34782608695652173,5.0,6.0,not_short_primary,nan,3+,6-10w
MVGhC-xB79s_1,Whistling drifts through the air,268,MVGhC-xB79s,"[[0, 11], [20, 23], [26, 44], [50, 52], [60, 63], [66, 68], [151, 155], [209, 212], [13, 17], [80, 100], [106, 112], [137, 147], [160, 175], [191, 203]]",20.0,113.0,14,5,32,20s+,10s+,0.07462686567164178,0.0,0.0,1.0,0.0,8.0,80.0,10.0,0.6666666666666666,0.5116411935411949,137.11983986904022,6.855991993452011,7.937669987363063,0.2457867700471752,268.0,113.0,0.4216417910447761,-10.785774230957031,-11.547642336482495,-10.958621978759766,0.17284774780273438,1.0,1.0,0.0,42.0,2.0,-10.958621978759766,0.17284774780273438,-10.986529579162598,0.20075534820556662,1.0,1.0,1.0,1.0,99.37610619469027,268.0,0.0,1.0,0.4,80.0,10.0,not_short_primary,nan,3+,0-5w
MVGhC-xB79s_2,"As whistling drifts, a dog barks",268,MVGhC-xB79s,"[[201, 203]]",2.0,2.0,1,6,32,2-3s,2-5s,0.007462686567164179,0.0,0.0,0.0,0.0,9.0,90.5,111.5,0.16666666666666666,0.5116411935411949,137.11983986904022,68.55991993452011,65.79723860127278,2.2112614870347613,268.0,2.0,0.007462686567164179,-11.803783416748047,-11.827991485595703,-10.777711868286133,-1.026071548461914,0.5261194029850746,128.0,127.0,77.0,16.0,-11.453807830810547,-0.3499755859375,-11.586061172485351,-0.2177222442626956,0.0,0.0,0.0,0.0,202.0,268.0,0.0,1.0,4.5,90.5,111.5,longer_audio,188.5,1,6-10w
MdlEswBfZMQ_1,Children scream and laugh,120,MdlEswBfZMQ,"[[57, 63]]",6.0,6.0,1,4,25,5-10s,5-10s,0.05,0.0,0.0,0.0,0.0,6.0,84.0,24.0,0.2,0.5116411935411949,61.396943224943385,10.232823870823898,10.6451643683235,2.624051028355595,120.0,6.0,0.05,-10.630363464355469,-10.749561309814453,-10.220220565795898,-0.4101428985595703,0.8083333333333333,24.0,23.0,36.0,7.0,-10.438310623168945,-0.19205284118652344,-10.517312393188476,-0.11305107116699276,0.0,0.0,0.0,0.0,60.0,120.0,0.0,1.0,1.0,84.0,24.0,not_short_primary,nan,1,0-5w
MdlEswBfZMQ_2,A car horn sounds,120,MdlEswBfZMQ,"[[44, 46]]",2.0,2.0,1,4,17,2-3s,2-5s,0.016666666666666666,0.0,0.0,0.0,0.0,3.0,8.5,36.5,0.0,0.5116411935411949,61.396943224943385,30.698471612471693,50.57660396328007,1.3140099725386136,120.0,2.0,0.016666666666666666,-11.257857322692871,-11.266370296478271,-10.626045227050781,-0.6318120956420898,0.675,40.0,39.0,32.0,6.0,-10.96197509765625,-0.2958822250366211,-11.228606815338134,-0.02925050735473711,0.0,0.0,0.0,0.0,45.0,120.0,0.0,1.0,1.5,8.5,36.5,shorter_or_equal_audio,188.5,1,0-5w
Me4npKmtchA_1,A male voice announces something plays as water flows,300,Me4npKmtchA,"[[15, 17], [45, 46], [55, 56], [64, 66], [69, 86]]",17.0,23.0,5,9,53,10-20s,10s+,0.056666666666666664,0.0,0.0,0.0,0.0,11.0,11.5,4.5,0.35294117647058826,0.5116411935411949,153.49235806235845,9.028962238962261,11.825790940236184,2.7511191638365773,300.0,23.0,0.07666666666666666,-8.753040313720703,-10.421141582986582,-10.429917335510254,1.6768770217895508,1.0,1.0,0.0,96.0,8.0,-10.787446975708008,2.0344066619873047,-10.786008911132813,2.0329685974121094,1.0,1.0,1.0,1.0,68.71739130434783,300.0,0.0,1.0,0.6470588235294118,11.5,4.5,not_short_primary,nan,3+,6-10w
Mj_BO-iK1G4_1,A sewing machine hums,299,Mj_BO-iK1G4,"[[2, 8], [244, 246], [267, 269], [280, 282], [291, 293], [251, 253], [259, 262], [273, 276], [295, 297]]",6.0,24.0,9,4,21,5-10s,5-10s,0.020066889632107024,1.0,0.0,1.0,0.0,6.0,3.0,2.0,0.5,0.5116411935411949,152.98071686881727,25.49678614480288,24.469371071866366,17.1672866245396,299.0,24.0,0.0802675585284281,-9.095399856567383,-10.033815026283264,-10.565340042114258,1.469940185546875,1.0,1.0,0.0,78.0,4.0,-10.72012996673584,1.624730110168457,-11.239873666763305,2.1444738101959224,1.0,1.0,1.0,1.0,204.29166666666666,299.0,1.0,1.0,1.0,3.0,2.0,not_short_primary,nan,3+,0-5w
Mj_BO-iK1G4_2,A car passes by,299,Mj_BO-iK1G4,"[[254, 267]]",13.0,13.0,1,4,15,10-20s,10s+,0.043478260869565216,0.0,0.0,0.0,0.0,5.0,2.5,258.0,0.35714285714285715,0.5116411935411949,152.98071686881727,11.767747451447482,11.29355587932294,32.6672866245396,299.0,13.0,0.043478260869565216,-10.449531555175781,-12.520603253291203,-9.951772689819336,-0.4977588653564453,0.9832775919732442,6.0,5.0,89.0,11.0,-10.476984024047852,0.027452468872070312,-11.449915161132813,1.0003836059570315,0.0,0.0,0.0,1.0,260.5,299.0,0.0,1.0,0.38461538461538464,2.5,258.0,not_short_primary,nan,1,0-5w
MkbP_8zJwXU_1,"Water splashes, birds call, a duck quacks, objects bump into each other, and the wind blows",99,MkbP_8zJwXU,"[[61, 77], [90, 93]]",16.0,19.0,2,16,91,10-20s,10s+,0.16161616161616163,0.0,0.0,0.0,0.0,7.0,30.5,38.5,0.375,0.5116411935411949,50.65247816057829,3.165779885036143,2.757209991599516,0.5928975829678649,99.0,19.0,0.1919191919191919,-11.416934967041016,-11.646039410641318,-11.041234970092773,-0.3756999969482422,0.6666666666666666,34.0,33.0,25.0,9.0,-11.276856422424316,-0.14007854461669922,-11.207857656478883,-0.20907731056213308,0.0,0.0,0.0,0.0,72.55263157894737,99.0,0.0,1.0,0.4375,30.5,38.5,not_short_primary,nan,2,16w+
MkbP_8zJwXU_2,"Birds call, ducks quack, things bump, and wings flutter",99,MkbP_8zJwXU,"[[87, 89], [92, 94]]",2.0,4.0,2,9,55,2-3s,2-5s,0.020202020202020204,0.0,0.0,0.0,0.0,5.0,2.5,85.5,0.4,0.5116411935411949,50.65247816057829,25.326239080289145,24.30569634897763,12.563750420834182,99.0,4.0,0.04040404040404041,-12.445764541625977,-12.503224849700928,-10.647985458374023,-1.7977790832519531,0.10101010101010101,90.0,89.0,30.0,5.0,-12.329414367675781,-0.11635017395019531,-11.348030366897582,-1.0977341747283944,0.0,0.0,0.0,0.0,90.5,99.0,0.0,1.0,2.5,2.5,85.5,shorter_or_equal_audio,188.5,2,6-10w
MvHpNzDpC6Q_1,A man burps as a car drives by,82,MvHpNzDpC6Q,"[[6, 8], [23, 25], [34, 35], [41, 42], [47, 49], [54, 56], [59, 61], [16, 17], [72, 74], [76, 78], [81, 83]]",2.0,19.0,11,8,30,2-3s,2-5s,0.024390243902439025,1.0,0.0,1.0,0.0,3.0,60.5,0.5,0.6666666666666666,0.5116411935411949,41.95457787037798,20.97728893518899,3.0396888972939746,0.13712563653654541,82.0,18.0,0.21951219512195122,-10.327618598937988,-11.015712314181858,-10.532170295715332,0.20455169677734375,1.0,1.0,0.0,17.0,3.0,-10.532170295715332,0.20455169677734375,-10.813727426528931,0.4861088275909431,1.0,1.0,1.0,1.0,47.888888888888886,82.0,1.0,1.0,1.5,60.5,0.5,shorter_or_equal_audio,188.5,3+,6-10w
NJEPbGVBJIQ_1,A man talks as cars drive by,300,NJEPbGVBJIQ,"[[37, 39], [47, 54], [79, 84], [148, 149], [169, 171], [200, 207], [212, 213], [221, 223], [270, 275], [26, 30], [22, 23], [11, 14], [106, 108], [101, 102], [95, 99], [128, 135], [139, 143], [175, 185], [286, 290], [293, 295]]",10.0,74.0,20,7,28,10-20s,10s+,0.03333333333333333,1.0,0.0,1.0,0.0,12.0,49.0,1.5,0.6,0.5116411935411949,153.49235806235845,15.349235806235844,25.237099074274404,0.39061964409921757,300.0,74.0,0.24666666666666667,-10.759552001953125,-11.502846769384435,-11.115230560302734,0.3556785583496094,1.0,1.0,0.0,56.0,2.0,-11.228200912475586,0.46864891052246094,-11.33359450340271,0.5740425014495845,1.0,1.0,1.0,1.0,144.17567567567568,300.0,1.0,1.0,1.2,49.0,1.5,not_short_primary,nan,3+,6-10w
NJEPbGVBJIQ_2,Cars drive by and horns blare,300,NJEPbGVBJIQ,"[[105, 109], [115, 121]]",6.0,10.0,2,6,29,5-10s,5-10s,0.02,1.0,0.0,1.0,0.0,8.0,116.0,2.0,0.5555555555555556,0.5116411935411949,153.49235806235845,25.582059677059743,42.14716996940006,2.214975068653459,300.0,10.0,0.03333333333333333,-11.671894073486328,-13.30986967086792,-11.224358558654785,-0.44753551483154297,0.99,4.0,3.0,83.0,19.0,-12.297540664672852,0.6256465911865234,-12.449307918548584,0.7774138450622559,0.0,0.0,1.0,1.0,113.6,300.0,1.0,1.0,1.3333333333333333,116.0,2.0,not_short_primary,nan,2,6-10w
N_s9F4CI_98_1,A man clicks his tongue as pigeons coo and footsteps echo,299,N_s9F4CI_98,"[[21, 26], [43, 45], [258, 260]]",5.0,9.0,3,11,57,5-10s,5-10s,0.016722408026755852,0.0,0.0,0.0,0.0,14.0,20.0,3.5,0.35714285714285715,0.5116411935411949,152.98071686881727,30.596143373763454,40.07366356614701,4.090282099957122,299.0,9.0,0.030100334448160536,-10.649696350097656,-10.876515282524956,-10.505254745483398,-0.1444416046142578,0.9765886287625418,8.0,7.0,89.0,12.0,-10.54879379272461,-0.10090255737304688,-10.745083303451539,0.09538695335388248,0.0,0.0,0.0,1.0,80.38888888888889,299.0,0.0,1.0,2.8,20.0,3.5,not_short_primary,nan,3+,11-15w
N_s9F4CI_98_2,Wings flutter nearby,299,N_s9F4CI_98,"[[132, 134], [137, 138], [183, 184], [200, 202], [222, 223], [235, 238], [247, 249], [269, 270], [276, 277], [280, 283], [72, 73], [45, 46], [175, 177], [293, 295]]",3.0,23.0,14,3,20,3-5s,2-5s,0.010033444816053512,0.0,0.0,0.0,0.0,9.0,212.5,10.0,0.2,0.5116411935411949,152.98071686881727,50.99357228960576,7.389162441389417,0.47560286189724366,299.0,23.0,0.07692307692307693,-11.613836288452148,-11.93004732546599,-11.172704696655273,-0.441131591796875,0.9832775919732442,6.0,5.0,81.0,13.0,-11.337334632873535,-0.2765016555786133,-11.677610168457031,0.0637738800048826,0.0,0.0,0.0,1.0,211.54347826086956,299.0,0.0,1.0,3.0,212.5,10.0,longer_audio,188.5,3+,0-5w
NeWW30WZjPc_1,A woman is talking,128,NeWW30WZjPc,"[[73, 74]]",1.0,1.0,1,4,18,1-2s,0-2s,0.0078125,0.0,0.0,0.0,0.0,6.0,9.0,64.5,0.0,0.5116411935411949,65.49007277327294,65.49007277327294,9.489760459844604,1.6408790423985096,128.0,1.0,0.0078125,-11.593315124511719,-11.593315124511719,-11.171594619750977,-0.4217205047607422,0.5859375,54.0,53.0,37.0,7.0,-11.552345275878906,-0.0409698486328125,-11.694088020324706,0.10077289581298743,0.0,0.0,0.0,0.0,73.5,128.0,0.0,1.0,6.0,9.0,64.5,shorter_or_equal_audio,213.0,1,0-5w
NeWW30WZjPc_2,"As a dog barks, a woman talks",128,NeWW30WZjPc,"[[73, 74], [78, 81], [88, 110], [113, 114], [123, 124]]",22.0,28.0,5,7,29,20s+,10s+,0.171875,0.0,0.0,0.0,0.0,6.0,21.0,52.5,0.2727272727272727,0.5116411935411949,65.49007277327294,2.9768214896942244,2.856867890421613,1.4662631703714624,128.0,28.0,0.21875,-11.182332992553711,-11.4153299672263,-10.797340393066406,-0.3849925994873047,0.84375,21.0,20.0,27.0,6.0,-11.273551940917969,0.09121894836425781,-10.856425170898438,-0.32590782165527266,0.0,0.0,0.0,0.0,97.39285714285714,128.0,0.0,1.0,0.2727272727272727,21.0,52.5,not_short_primary,nan,3+,6-10w
Ni3dIj90Oa4_1,Music plays while two men talk,299,Ni3dIj90Oa4,"[[4, 9]]",5.0,5.0,1,6,30,5-10s,5-10s,0.016722408026755852,1.0,0.0,1.0,0.0,9.0,4.5,2.0,0.5555555555555556,0.5116411935411949,152.98071686881727,30.596143373763454,40.07366356614701,41.59028209995712,299.0,5.0,0.016722408026755852,-10.944711685180664,-11.18459243774414,-11.20547103881836,0.2607593536376953,1.0,1.0,0.0,87.0,18.0,-11.30473518371582,0.36002349853515625,-11.545453510284425,0.6007418251037606,1.0,1.0,1.0,1.0,6.5,299.0,1.0,1.0,1.8,4.5,2.0,not_short_primary,nan,1,6-10w
Ni3dIj90Oa4_2,Gunshots ring out,299,Ni3dIj90Oa4,"[[9, 12]]",3.0,3.0,1,3,17,3-5s,2-5s,0.010033444816053512,0.0,0.0,0.0,0.0,13.0,18.5,8.0,0.0,0.5116411935411949,152.98071686881727,50.99357228960576,66.7894392769117,37.59028209995712,299.0,3.0,0.010033444816053512,-10.677764892578125,-10.728363355000814,-10.444929122924805,-0.2328357696533203,0.979933110367893,7.0,6.0,89.0,13.0,-11.517068862915039,0.8393039703369141,-11.938158025741577,1.2603931331634524,0.0,0.0,0.0,1.0,10.5,299.0,0.0,1.0,4.333333333333333,18.5,8.0,longer_audio,188.5,1,0-5w
Ni3dIj90Oa4_3,A song plays while two men talk,299,Ni3dIj90Oa4,"[[102, 104], [165, 167], [19, 23], [24, 27], [35, 38], [52, 54], [62, 69], [210, 216]]",7.0,29.0,8,7,31,5-10s,5-10s,0.023411371237458192,0.0,0.0,0.0,0.0,9.0,4.5,16.5,0.125,0.5116411935411949,152.98071686881727,21.854388124116753,28.624045404390724,4.909717900042878,299.0,29.0,0.09698996655518395,-11.740668296813965,-12.135423627393,-11.019309043884277,-0.7213592529296875,0.782608695652174,66.0,65.0,86.0,16.0,-11.170614242553711,-0.5700540542602539,-11.23688208580017,-0.5037862110137947,0.0,0.0,0.0,0.0,91.39655172413794,299.0,0.0,1.0,1.2857142857142858,4.5,16.5,not_short_primary,nan,3+,6-10w
NlKlRKz8OKI_1,A woman speaks while wings flap nearby,299,NlKlRKz8OKI,"[[21, 23], [41, 44], [63, 64], [106, 110], [238, 240]]",4.0,12.0,5,7,38,3-5s,2-5s,0.013377926421404682,0.0,0.0,0.0,0.0,16.0,142.0,34.0,0.2857142857142857,0.5116411935411949,152.98071686881727,38.24517921720432,63.01001910425309,0.8509251517579486,299.0,12.0,0.04013377926421405,-11.63730525970459,-12.01175856590271,-11.624216079711914,-0.013089179992675781,0.9966555183946488,2.0,1.0,90.0,16.0,-11.624216079711914,-0.013089179992675781,-11.82766116142273,0.19035590171814043,0.0,1.0,1.0,1.0,95.41666666666667,299.0,0.0,1.0,4.0,142.0,34.0,longer_audio,188.5,3+,6-10w
NlKlRKz8OKI_2,Someone smacks their lips,299,NlKlRKz8OKI,"[[190, 192], [231, 232], [249, 250]]",2.0,4.0,3,4,25,2-3s,2-5s,0.006688963210702341,0.0,0.0,0.0,0.0,9.0,190.5,0.5,0.2222222222222222,0.5116411935411949,152.98071686881727,76.49035843440863,73.4081132155991,3.6672866245395994,299.0,4.0,0.013377926421404682,-11.212026596069336,-11.41688585281372,-11.399628639221191,0.18760204315185547,1.0,1.0,0.0,98.0,21.0,-11.509349822998047,0.29732322692871094,-12.061078910827638,0.8490523147583016,1.0,1.0,1.0,1.0,215.75,299.0,1.0,1.0,4.5,190.5,0.5,longer_audio,188.5,3+,0-5w
NlKlRKz8OKI_3,Music plays,299,NlKlRKz8OKI,"[[270, 291]]",21.0,21.0,1,2,11,20s+,10s+,0.07023411371237458,0.0,0.0,1.0,0.0,6.0,4.0,276.5,0.6363636363636364,0.5116411935411949,152.98071686881727,7.284796041372251,6.991248877676105,52.6672866245396,299.0,21.0,0.07023411371237458,-10.806398391723633,-11.04306021190825,-9.679161071777344,-1.127237319946289,0.9966555183946488,2.0,1.0,92.0,6.0,-11.573596954345703,0.7671985626220703,-11.850545635223389,1.044147243499756,0.0,1.0,1.0,1.0,280.5,299.0,0.0,1.0,0.2857142857142857,4.0,276.5,not_short_primary,nan,1,0-5w
NmmbNqmsPaY_1,"Engines roar, bells jingle, and cars drive by",170,NmmbNqmsPaY,"[[0, 98], [102, 165]]",98.0,161.0,2,8,45,20s+,10s+,0.5764705882352941,0.0,0.0,0.0,0.0,11.0,100.5,33.0,0.2222222222222222,0.5116411935411949,86.97900290200313,0.8875408459388074,1.4592880417097442,3.0380177983228904,170.0,161.0,0.9470588235294117,-10.260531425476074,-11.162319692765704,-9.919025421142578,-0.3415060043334961,0.9823529411764705,4.0,3.0,3.0,3.0,-9.919025421142578,-0.3415060043334961,-9.919025421142578,-0.3415060043334961,0.0,0.0,1.0,1.0,82.06521739130434,170.0,0.0,1.0,0.11224489795918367,100.5,33.0,not_short_primary,nan,2,6-10w
NmmbNqmsPaY_2,A man speaks as engines roar and bells jingle,170,NmmbNqmsPaY,"[[30, 33], [41, 46], [119, 121]]",5.0,10.0,3,9,45,5-10s,5-10s,0.029411764705882353,0.0,0.0,1.0,0.0,6.0,101.0,19.0,0.5714285714285714,0.5116411935411949,86.97900290200313,17.395800580400625,28.60204561751099,2.4619822016771096,170.0,10.0,0.058823529411764705,-12.829008102416992,-13.53383150100708,-11.266697883605957,-1.5623102188110352,0.6352941176470588,63.0,62.0,52.0,10.0,-12.516629219055176,-0.3123788833618164,-12.2449245262146,-0.5840835762023922,0.0,0.0,0.0,0.0,55.2,170.0,0.0,1.0,1.2,101.0,19.0,not_short_primary,nan,3+,6-10w
NwoBDrTlbTI_1,A guinea pig squeaks,230,NwoBDrTlbTI,"[[79, 81], [104, 108], [115, 138], [142, 182], [195, 220], [224, 228], [20, 38], [48, 52]]",40.0,120.0,8,4,20,20s+,10s+,0.17391304347826086,0.0,0.0,1.0,0.0,9.0,136.5,10.0,0.5714285714285714,0.5116411935411949,117.67747451447482,2.9419368628618705,2.562255749769247,3.0744085260869554,230.0,120.0,0.5217391304347826,-11.413816452026367,-12.375510263442994,-11.523276329040527,0.10945987701416016,1.0,1.0,0.0,31.0,2.0,-11.523276329040527,0.10945987701416016,-11.523276329040527,0.10945987701416016,1.0,1.0,1.0,1.0,139.89166666666668,230.0,0.0,1.0,0.225,136.5,10.0,not_short_primary,nan,3+,0-5w
OMGHnJV0l2U_1,Sounds of wood scraping against wood,299,OMGHnJV0l2U,"[[49, 51], [137, 139]]",2.0,4.0,2,6,36,2-3s,2-5s,0.006688963210702341,0.0,0.0,0.0,0.0,23.0,211.5,73.5,0.0,0.5116411935411949,152.98071686881727,76.49035843440863,100.18415891536753,1.9097179000428781,299.0,4.0,0.013377926421404682,-12.043190956115723,-12.28441071510315,-11.002399444580078,-1.0407915115356445,0.6555183946488294,104.0,103.0,91.0,14.0,-11.99349594116211,-0.04969501495361328,-11.58232850074768,-0.4608624553680425,0.0,0.0,0.0,0.0,94.0,299.0,0.0,1.0,11.5,211.5,73.5,longer_audio,188.5,2,6-10w
OMGHnJV0l2U_2,A saw cuts through wood,299,OMGHnJV0l2U,"[[143, 184], [197, 204], [208, 215], [217, 223]]",41.0,61.0,4,5,23,20s+,10s+,0.13712374581939799,0.0,0.0,0.0,0.0,18.0,170.0,6.5,0.43902439024390244,0.5116411935411949,152.98071686881727,3.7312369968004213,4.3199186862423655,0.061530762104865744,299.0,61.0,0.2040133779264214,-10.34395980834961,-10.828061697912998,-11.344560623168945,1.000600814819336,1.0,1.0,0.0,75.0,0.0,-11.344560623168945,1.000600814819336,-11.44287160873413,1.0989118003845206,1.0,1.0,1.0,1.0,178.81147540983608,299.0,0.0,1.0,0.43902439024390244,170.0,6.5,not_short_primary,nan,3+,0-5w
OMGHnJV0l2U_3,"A saw moves quickly, cutting through wood",299,OMGHnJV0l2U,"[[172, 180], [197, 204], [208, 215], [217, 223]]",8.0,28.0,4,7,41,5-10s,5-10s,0.026755852842809364,1.0,0.0,1.0,0.0,16.0,172.0,4.0,0.5,0.5116411935411949,152.98071686881727,19.12258960860216,22.139583266992123,0.061530762104865744,299.0,28.0,0.09364548494983277,-10.48466682434082,-10.707497869219099,-10.391044616699219,-0.09362220764160156,0.9732441471571907,9.0,8.0,85.0,9.0,-10.461931228637695,-0.022735595703125,-10.503848237991333,0.019181413650512624,0.0,0.0,0.0,1.0,200.42857142857142,299.0,0.0,1.0,2.0,172.0,4.0,not_short_primary,nan,3+,6-10w
OUUckswAaNI_1,"As birds chirp, a man speaks",260,OUUckswAaNI,"[[4, 11], [13, 55], [102, 118]]",42.0,65.0,3,6,28,20s+,10s+,0.16153846153846155,1.0,0.0,1.0,0.0,28.0,26.0,8.0,0.627906976744186,0.5116411935411949,133.02671032071066,3.167302626683587,1.9979761530143374,6.154406839939128,260.0,65.0,0.25,-11.324865341186523,-11.620274059589093,-11.290888786315918,-0.03397655487060547,0.9961538461538462,2.0,1.0,55.0,4.0,-11.405418395996094,0.08055305480957031,-11.343276042938232,0.018410701751708558,0.0,1.0,1.0,1.0,49.853846153846156,260.0,0.0,1.0,0.6666666666666666,26.0,8.0,not_short_primary,nan,3+,6-10w
OUUckswAaNI_2,"As birds chirp, something heavy drags across the ground",260,OUUckswAaNI,"[[56, 63], [69, 74]]",7.0,12.0,2,9,55,5-10s,5-10s,0.026923076923076925,0.0,0.0,0.0,0.0,9.0,9.5,50.0,0.1111111111111111,0.5116411935411949,133.02671032071066,19.003815760101524,31.24593218719688,1.2052036915526543,260.0,12.0,0.046153846153846156,-11.505489349365234,-11.729418516159058,-10.609111785888672,-0.8963775634765625,0.8846153846153846,31.0,30.0,76.0,16.0,-11.02033519744873,-0.4851541519165039,-11.209270267486572,-0.29621908187866275,0.0,0.0,0.0,0.0,64.5,260.0,0.0,1.0,1.2857142857142858,9.5,50.0,not_short_primary,nan,2,6-10w
OUUckswAaNI_3,A machine whirs,260,OUUckswAaNI,"[[130, 132], [189, 213]]",24.0,26.0,2,3,15,20s+,10s+,0.09230769230769231,1.0,0.0,1.0,0.0,16.0,207.0,6.0,0.5384615384615384,0.5116411935411949,133.02671032071066,5.542779596696278,5.319428493883993,2.8845970648170294,260.0,26.0,0.1,-10.557846069335938,-10.698033772982084,-10.585298538208008,0.027452468872070312,1.0,1.0,0.0,66.0,2.0,-10.623594284057617,0.06574821472167969,-10.999046449661256,0.44120038032531816,1.0,1.0,1.0,1.0,195.6153846153846,260.0,0.0,1.0,0.6666666666666666,207.0,6.0,not_short_primary,nan,2,0-5w
OUUckswAaNI_4,A woman screams,260,OUUckswAaNI,"[[157, 158]]",1.0,1.0,1,3,15,1-2s,0-2s,0.0038461538461538464,0.0,0.0,0.0,0.0,6.0,132.0,25.5,0.14285714285714285,0.5116411935411949,133.02671032071066,133.02671032071066,19.27607593405935,4.8700894451280305,260.0,1.0,0.0038461538461538464,-11.323238372802734,-11.323238372802734,-10.274576187133789,-1.0486621856689453,0.9692307692307692,9.0,8.0,77.0,15.0,-11.96230411529541,0.6390657424926758,-12.431093130111694,1.10785475730896,0.0,0.0,0.0,1.0,157.5,260.0,0.0,1.0,6.0,132.0,25.5,longer_audio,213.0,1,0-5w
ObWjGBJF_94_1,An electronic sound plays with a background hum,299,ObWjGBJF_94,"[[5, 7], [45, 46]]",2.0,3.0,2,8,47,2-3s,2-5s,0.006688963210702341,0.0,0.0,0.0,0.0,16.0,15.0,9.0,0.0,0.5116411935411949,152.98071686881727,76.49035843440863,100.18415891536753,2.590282099957122,299.0,3.0,0.010033444816053512,-13.096891403198242,-13.52624797821045,-13.142168998718262,0.04527759552001953,1.0,1.0,0.0,99.0,20.0,-13.47368335723877,0.37679195404052734,-13.923863668441772,0.8269722652435298,1.0,1.0,1.0,1.0,19.166666666666668,299.0,0.0,1.0,8.0,15.0,9.0,longer_audio,188.5,2,6-10w
ObWjGBJF_94_2,A hum fills the air as a woman talks and plays a game with guns and bombs,299,ObWjGBJF_94,"[[67, 68], [87, 94], [99, 102]]",7.0,11.0,3,17,73,5-10s,5-10s,0.023411371237458192,0.0,0.0,1.0,0.0,15.0,20.5,47.0,0.6,0.5116411935411949,152.98071686881727,21.854388124116753,36.005725202430334,8.350925151757949,299.0,11.0,0.03678929765886288,-11.76469898223877,-12.666147925636984,-11.734270095825195,-0.03042888641357422,0.9966555183946488,2.0,1.0,91.0,13.0,-12.01363754272461,0.24893856048583984,-12.447099695205688,0.6824007129669187,0.0,1.0,1.0,1.0,91.13636363636364,299.0,0.0,1.0,2.142857142857143,20.5,47.0,not_short_primary,nan,3+,16w+
OpiWMltpj44_1,Chickens cluck,77,OpiWMltpj44,"[[15, 18], [51, 54]]",3.0,6.0,2,2,14,3-5s,2-5s,0.03896103896103896,0.0,0.0,1.0,0.0,15.0,66.5,14.0,0.5,0.5116411935411949,39.396371902672,13.132123967557334,4.859638113041711,0.41470062793433016,77.0,6.0,0.07792207792207792,-11.890047073364258,-12.161556084950766,-11.973104476928711,0.08305740356445312,1.0,1.0,0.0,22.0,4.0,-11.992952346801758,0.1029052734375,-12.05090750694275,0.16086043357849178,1.0,1.0,1.0,1.0,34.5,77.0,0.0,1.0,5.0,66.5,14.0,shorter_or_equal_audio,188.5,2,0-5w
OpiWMltpj44_2,Dogs barks,77,OpiWMltpj44,"[[18, 25]]",7.0,7.0,1,2,10,5-10s,5-10s,0.09090909090909091,1.0,0.0,1.0,0.0,13.0,18.5,3.0,0.5384615384615384,0.5116411935411949,39.396371902672,5.628053128953143,9.253602993900614,0.681925708652134,77.0,7.0,0.09090909090909091,-11.502850532531738,-11.58772645677839,-11.378376007080078,-0.12447452545166016,0.8961038961038961,9.0,8.0,23.0,5.0,-11.401840209960938,-0.10101032257080078,-11.50982089996338,0.006970367431641478,0.0,0.0,0.0,1.0,21.5,77.0,0.0,1.0,1.8571428571428572,18.5,3.0,not_short_primary,nan,1,0-5w
OpiWMltpj44_3,Birds call and wings flap,77,OpiWMltpj44,"[[66, 67]]",1.0,1.0,1,5,25,1-2s,0-2s,0.012987012987012988,0.0,0.0,0.0,0.0,7.0,20.5,46.0,0.16666666666666666,0.5116411935411949,39.396371902672,39.396371902672,37.80886098729854,7.8273614384265855,77.0,1.0,0.012987012987012988,-12.383148193359375,-12.383148193359375,-11.817116737365723,-0.5660314559936523,0.7012987012987013,24.0,23.0,20.0,6.0,-11.817116737365723,-0.5660314559936523,-12.472789497375489,0.08964130401611392,0.0,0.0,0.0,0.0,66.5,77.0,0.0,1.0,7.0,20.5,46.0,shorter_or_equal_audio,213.0,1,0-5w
OpiWMltpj44_4,Water splashes,77,OpiWMltpj44,"[[68, 70]]",2.0,2.0,1,2,14,2-3s,2-5s,0.025974025974025976,0.0,0.0,0.0,0.0,2.0,70.0,1.0,0.3333333333333333,0.5116411935411949,39.396371902672,19.698185951336,18.90443049364927,10.327361438426585,77.0,2.0,0.025974025974025976,-11.139059066772461,-11.724764823913574,-11.481176376342773,0.3421173095703125,1.0,1.0,0.0,21.0,4.0,-12.063966751098633,0.9249076843261719,-12.02337332725525,0.8843142604827889,1.0,1.0,1.0,1.0,69.0,77.0,1.0,1.0,1.0,70.0,1.0,shorter_or_equal_audio,188.5,1,0-5w
Ot0bN_hz2ec_1,A train runs,268,Ot0bN_hz2ec,"[[16, 30], [57, 125], [151, 161], [192, 200], [221, 230], [249, 268]]",68.0,128.0,6,3,12,20s+,10s+,0.2537313432835821,0.0,0.0,1.0,1.0,34.0,113.0,22.0,0.7894736842105263,0.5116411935411949,137.11983986904022,2.0164682333682387,2.3346088198126655,1.2457867700471752,268.0,128.0,0.47761194029850745,-10.4174165725708,-11.186481297016144,-10.803970336914062,0.3865537643432617,1.0,1.0,0.0,37.0,3.0,-10.803970336914062,0.3865537643432617,-10.80950231552124,0.39208574295043874,1.0,1.0,1.0,1.0,129.5234375,268.0,0.0,1.0,0.5,113.0,22.0,not_short_primary,nan,3+,0-5w
Ot0bN_hz2ec_2,A train runs as a bell rings,268,Ot0bN_hz2ec,"[[57, 106], [249, 264]]",49.0,64.0,2,7,28,20s+,10s+,0.1828358208955224,0.0,0.0,0.0,0.0,15.0,93.5,12.0,0.375,0.5116411935411949,137.11983986904022,2.7983640789600046,4.601049355037782,9.042286882061973,268.0,64.0,0.23880597014925373,-10.228506088256836,-10.680823624134064,-10.384342193603516,0.1558361053466797,1.0,1.0,0.0,61.0,2.0,-10.605069160461426,0.37656307220458984,-10.473692255020142,0.24518616676330574,1.0,1.0,1.0,1.0,122.515625,268.0,0.0,1.0,0.30612244897959184,93.5,12.0,not_short_primary,nan,2,6-10w
Ot0bN_hz2ec_3,An announcement plays as birds chirp,268,Ot0bN_hz2ec,"[[130, 133], [139, 142], [148, 151]]",3.0,9.0,3,6,36,3-5s,2-5s,0.011194029850746268,0.0,0.0,0.0,0.0,15.0,137.5,3.0,0.3333333333333333,0.5116411935411949,137.11983986904022,45.70661328968007,47.5484008451783,3.360380629994154,268.0,9.0,0.033582089552238806,-10.857830047607422,-11.083407402038574,-11.156869888305664,0.2990398406982422,1.0,1.0,0.0,83.0,11.0,-11.156869888305664,0.2990398406982422,-12.022017288208009,1.1641872406005866,1.0,1.0,1.0,1.0,140.5,268.0,0.0,1.0,5.0,137.5,3.0,longer_audio,188.5,3+,6-10w
OxUVcZmeiyI_1,A clock ticks as machinery runs and a mechanical cuckoo calls,70,OxUVcZmeiyI,"[[34, 35], [51, 60]]",9.0,10.0,2,11,61,5-10s,5-10s,0.12857142857142856,0.0,0.0,0.0,0.0,26.0,57.0,1.5,0.34615384615384615,0.5116411935411949,35.81488354788364,3.979431505320404,4.1397861432369165,1.0306964332074315,70.0,10.0,0.14285714285714285,-11.607995986938477,-12.256245231628418,-11.662042617797852,0.054046630859375,1.0,1.0,0.0,20.0,3.0,-11.662042617797852,0.054046630859375,-11.97178461074829,0.363788623809814,1.0,1.0,1.0,1.0,53.4,70.0,1.0,1.0,2.888888888888889,57.0,1.5,not_short_primary,nan,2,11-15w
OxUVcZmeiyI_2,A clock ticks as a music box plays,70,OxUVcZmeiyI,"[[36, 47], [60, 68]]",11.0,19.0,2,8,34,10-20s,10s+,0.15714285714285714,0.0,0.0,1.0,0.0,38.0,50.0,8.5,0.5,0.5116411935411949,35.81488354788364,3.255898504353058,0.47179206831613796,0.40733177368831264,70.0,19.0,0.2714285714285714,-12.143341064453125,-12.423389234040913,-12.273338317871094,0.12999725341796875,1.0,1.0,0.0,16.0,1.0,-12.273338317871094,0.12999725341796875,-12.356186437606812,0.21284537315368723,1.0,1.0,1.0,1.0,50.973684210526315,70.0,0.0,1.0,3.4545454545454546,50.0,8.5,not_short_primary,nan,2,6-10w
PO8Nu3F8mkA_1,Gunshots fire and something slams,164,PO8Nu3F8mkA,"[[10, 11], [15, 18], [28, 30], [84, 87], [89, 91], [93, 95], [99, 100], [102, 103], [112, 115], [117, 119], [123, 125], [132, 134], [137, 138]]",3.0,25.0,13,5,33,3-5s,2-5s,0.018292682926829267,0.0,0.0,0.0,0.0,7.0,52.5,23.5,0.3333333333333333,0.5116411935411949,83.90915574075596,27.96971858025199,24.359996693458353,0.17914347077504544,164.0,25.0,0.1524390243902439,-10.561275482177734,-11.075067901611328,-10.7072172164917,0.14594173431396484,1.0,1.0,0.0,24.0,8.0,-10.7072172164917,0.14594173431396484,-10.809716625213623,0.2484411430358886,1.0,1.0,1.0,1.0,86.9,164.0,0.0,1.0,2.3333333333333335,52.5,23.5,shorter_or_equal_audio,188.5,3+,0-5w
PO8Nu3F8mkA_2,Fire crackles as explosions erupt,164,PO8Nu3F8mkA,"[[31, 68]]",37.0,37.0,1,5,33,20s+,10s+,0.22560975609756098,0.0,0.0,0.0,0.0,6.0,37.0,12.5,0.1891891891891892,0.5116411935411949,83.90915574075596,2.2678150200204312,3.728724547910813,5.160205405440905,164.0,37.0,0.22560975609756098,-11.027196884155273,-11.407257363602922,-10.919593811035156,-0.10760307312011719,0.9939024390243902,2.0,1.0,19.0,3.0,-11.147845268249512,0.12064838409423828,-11.092600555419923,0.06540367126464908,0.0,1.0,1.0,1.0,49.5,164.0,0.0,1.0,0.16216216216216217,37.0,12.5,not_short_primary,nan,1,0-5w
PRUfwpmYwJ8_1,Spray hisses while machinery rumbles in the background,154,PRUfwpmYwJ8,"[[29, 81], [88, 96]]",52.0,60.0,2,8,54,20s+,10s+,0.33766233766233766,0.0,0.0,0.0,0.0,14.0,18.0,37.0,0.18518518518518517,0.5116411935411949,78.792743805344,1.5152450731796923,2.496409298187542,1.0636872019087775,154.0,60.0,0.38961038961038963,-11.481761932373047,-11.856207752227784,-11.324339866638184,-0.15742206573486328,0.8896103896103896,18.0,17.0,28.0,5.0,-11.393342971801758,-0.08841896057128906,-11.331560316085815,-0.15020161628723194,0.0,0.0,0.0,0.0,59.93333333333333,154.0,0.0,1.0,0.2692307692307692,18.0,37.0,not_short_primary,nan,2,6-10w
PTyFYxXdut4_1,A man talks as waves crash and an engine hums,300,PTyFYxXdut4,"[[8, 30], [32, 153], [157, 198]]",121.0,184.0,3,10,45,20s+,10s+,0.4033333333333333,0.0,0.0,1.0,1.0,59.0,39.5,20.5,0.7266666666666667,0.5116411935411949,153.49235806235845,1.2685318848128797,0.18381509155174208,1.388564744378499,300.0,184.0,0.6133333333333333,-9.537026405334473,-10.341069387352984,-9.405031204223633,-0.13199520111083984,0.99,4.0,3.0,38.0,2.0,-9.405031204223633,-0.13199520111083984,-9.405031204223633,-0.13199520111083984,0.0,0.0,1.0,1.0,102.65217391304348,300.0,0.0,1.0,0.48760330578512395,39.5,20.5,not_short_primary,nan,3+,6-10w
PTyFYxXdut4_2,A woman talks as waves crash and an engine hums,300,PTyFYxXdut4,"[[30, 32], [153, 157], [5, 8]]",4.0,9.0,3,10,47,3-5s,2-5s,0.013333333333333334,0.0,0.0,0.0,0.0,35.0,29.5,1.5,0.06,0.5116411935411949,153.49235806235845,38.37308951558961,39.91936638121313,11.560127570888966,300.0,9.0,0.03,-9.435905456542969,-10.3399535285102,-9.435787200927734,-0.000118255615234375,0.9966666666666667,2.0,1.0,94.0,11.0,-9.435787200927734,-0.000118255615234375,-10.036893405914306,0.600987949371337,0.0,1.0,1.0,1.0,77.94444444444444,300.0,1.0,1.0,8.75,29.5,1.5,longer_audio,188.5,3+,6-10w
PTyFYxXdut4_3,A woman talks as waves crash,300,PTyFYxXdut4,"[[207, 300]]",93.0,93.0,1,6,28,20s+,10s+,0.31,0.0,0.0,1.0,1.0,19.0,21.5,232.0,0.7849462365591398,0.5116411935411949,153.49235806235845,1.6504554630361123,1.583948931181338,24.905304305558104,300.0,93.0,0.31,-11.360055923461914,-11.748415290668447,-9.567508697509766,-1.7925472259521484,0.6866666666666666,95.0,94.0,66.0,12.0,-12.122344970703125,0.7622890472412109,-9.63867953300476,-1.721376390457154,0.0,0.0,0.0,0.0,253.5,300.0,0.0,1.0,0.20430107526881722,21.5,232.0,not_short_primary,nan,1,6-10w
PYP-r0nvbFk_1,A man is talking while engines are running and the wind is blowing,121,PYP-r0nvbFk,"[[0, 7]]",7.0,7.0,1,13,66,5-10s,5-10s,0.05785123966942149,0.0,0.0,1.0,0.0,13.0,47.5,44.0,0.5555555555555556,0.5116411935411949,61.90858441848458,8.84408348835494,11.5836437924123,15.961284729414086,121.0,7.0,0.05785123966942149,-12.064388275146484,-12.363557951790947,-11.482946395874023,-0.5814418792724609,0.5537190082644629,55.0,54.0,37.0,10.0,-12.157182693481445,0.09279441833496094,-11.737070417404174,-0.3273178577423099,0.0,0.0,0.0,0.0,3.5,121.0,0.0,1.0,1.8571428571428572,47.5,44.0,not_short_primary,nan,1,11-15w
PYP-r0nvbFk_2,A door is closing while the wind is blowing,121,PYP-r0nvbFk,"[[14, 15]]",1.0,1.0,1,9,43,1-2s,0-2s,0.008264462809917356,0.0,0.0,0.0,0.0,4.0,49.0,34.5,0.0,0.5116411935411949,61.90858441848458,61.90858441848458,81.0855065468861,4.961284729414086,121.0,1.0,0.008264462809917356,-12.098387718200684,-12.098387718200684,-11.19725227355957,-0.9011354446411133,0.34710743801652894,80.0,79.0,41.0,11.0,-11.833274841308594,-0.26511287689208984,-11.947707796096802,-0.15067992210388148,0.0,0.0,0.0,0.0,14.5,121.0,0.0,1.0,4.0,49.0,34.5,shorter_or_equal_audio,213.0,1,6-10w
PYP-r0nvbFk_3,Someone is clapping while engines are running and the wind is blowing,121,PYP-r0nvbFk,"[[27, 28]]",1.0,1.0,1,12,69,1-2s,0-2s,0.008264462809917356,0.0,0.0,0.0,0.0,5.0,48.5,21.0,0.2,0.5116411935411949,61.90858441848458,61.90858441848458,101.78963293290676,5.214116743546647,121.0,1.0,0.008264462809917356,-11.283220291137695,-11.283220291137695,-11.156389236450195,-0.1268310546875,0.9669421487603306,5.0,4.0,42.0,9.0,-11.156389236450195,-0.1268310546875,-11.63191162109375,0.3486913299560541,0.0,0.0,1.0,1.0,27.5,121.0,0.0,1.0,5.0,48.5,21.0,shorter_or_equal_audio,213.0,1,11-15w
PYP-r0nvbFk_4,The wind is blowing and a sheep is bleating,121,PYP-r0nvbFk,"[[17, 20], [24, 25], [28, 29], [31, 33], [35, 37], [38, 39], [41, 51], [53, 57], [60, 67], [69, 74], [77, 81], [83, 84], [87, 88], [90, 91], [94, 96], [100, 101], [103, 104], [116, 121]]",10.0,52.0,18,9,43,10-20s,10s+,0.08264462809917356,0.0,0.0,1.0,1.0,3.0,38.5,0.0,0.8,0.5116411935411949,61.90858441848458,6.190858441848458,5.39187731690572,0.10868073192816041,121.0,52.0,0.4297520661157025,-11.011066436767578,-11.47498552615826,-10.830132484436035,-0.18093395233154297,0.9917355371900827,2.0,1.0,17.0,5.0,-10.830132484436035,-0.18093395233154297,-10.905933227539062,-0.10513320922851577,0.0,1.0,1.0,1.0,64.01923076923077,121.0,1.0,1.0,0.3,38.5,0.0,not_short_primary,nan,3+,6-10w
Pb6MqpdX5Jw_1,Whistling rises as rain falls and music plays,120,Pb6MqpdX5Jw,"[[1, 6]]",5.0,5.0,1,8,45,5-10s,5-10s,0.041666666666666664,0.0,0.0,0.0,0.0,4.0,30.0,26.5,0.2857142857142857,0.5116411935411949,61.396943224943385,12.279388644988677,16.083075678721208,15.80044766553463,120.0,5.0,0.041666666666666664,-10.576254844665527,-11.212447929382325,-10.3673734664917,-0.20888137817382812,0.975,4.0,3.0,33.0,9.0,-10.714736938476562,0.13848209381103516,-10.836892366409302,0.2606375217437744,0.0,0.0,1.0,1.0,3.5,120.0,0.0,1.0,0.8,30.0,26.5,not_short_primary,nan,1,6-10w
Pb6MqpdX5Jw_2,Clashing swords as music plays,120,Pb6MqpdX5Jw,"[[65, 70], [75, 84], [90, 94], [85, 88]]",9.0,21.0,4,5,30,5-10s,5-10s,0.075,1.0,0.0,1.0,0.0,6.0,78.0,1.5,0.6666666666666666,0.5116411935411949,61.396943224943385,6.821882580549265,6.54698891554953,0.5621217222232531,120.0,21.0,0.175,-11.232250213623047,-11.681533540998187,-11.010889053344727,-0.2213611602783203,0.9833333333333333,3.0,2.0,26.0,5.0,-11.07031536102295,-0.16193485260009766,-11.374066619873046,0.14181640624999936,0.0,1.0,1.0,1.0,80.02380952380952,120.0,1.0,1.0,0.6666666666666666,78.0,1.5,not_short_primary,nan,3+,0-5w
Pb6MqpdX5Jw_3,Music plays and rain falls as a man talks,120,Pb6MqpdX5Jw,"[[52, 58], [111, 113]]",6.0,8.0,2,9,41,5-10s,5-10s,0.05,1.0,0.0,1.0,0.0,7.0,53.5,1.5,0.625,0.5116411935411949,61.396943224943385,10.232823870823898,6.454999878969397,1.3902737661819415,120.0,8.0,0.06666666666666667,-10.488950729370117,-10.90144944190979,-10.62675666809082,0.13780593872070312,1.0,1.0,0.0,32.0,5.0,-11.103049278259277,0.6140985488891602,-11.063042640686035,0.574091911315918,1.0,1.0,1.0,1.0,69.25,120.0,1.0,1.0,1.1666666666666667,53.5,1.5,not_short_primary,nan,2,6-10w
Pb6MqpdX5Jw_4,"Music plays as rain falls, wind blows, and a horse neighs",120,Pb6MqpdX5Jw,"[[30, 31], [74, 76]]",2.0,3.0,2,11,57,2-3s,2-5s,0.016666666666666666,0.0,0.0,0.0,0.0,7.0,29.5,1.0,0.2857142857142857,0.5116411935411949,61.396943224943385,30.698471612471693,50.47419814854881,1.9437521423603101,120.0,3.0,0.025,-10.247040748596191,-10.679373105367025,-10.06403923034668,-0.18300151824951172,0.9666666666666667,5.0,4.0,33.0,6.0,-10.06403923034668,-0.18300151824951172,-10.49486123085022,0.24782048225402775,0.0,0.0,1.0,1.0,60.166666666666664,120.0,1.0,1.0,3.5,29.5,1.0,shorter_or_equal_audio,188.5,2,11-15w
Pb6MqpdX5Jw_5,An explosion erupts as music plays,120,Pb6MqpdX5Jw,"[[56, 58], [88, 90], [115, 117]]",2.0,6.0,3,6,34,2-3s,2-5s,0.016666666666666666,0.0,0.0,1.0,0.0,6.0,79.0,10.0,0.5,0.5116411935411949,61.396943224943385,30.698471612471693,31.935493104970504,0.3759489716444051,120.0,6.0,0.05,-10.46561050415039,-10.75530735651652,-9.891824722290039,-0.5737857818603516,0.875,16.0,15.0,33.0,9.0,-10.455560684204102,-0.010049819946289062,-10.430959548950195,-0.034650955200195455,0.0,0.0,0.0,0.0,87.33333333333333,120.0,0.0,1.0,3.0,79.0,10.0,shorter_or_equal_audio,188.5,3+,6-10w
PkmpxrsidZM_1,Music plays,299,PkmpxrsidZM,"[[0, 6]]",6.0,6.0,1,2,11,5-10s,5-10s,0.020066889632107024,1.0,1.0,1.0,1.0,5.0,2.5,0.5,0.8333333333333334,0.5116411935411949,152.98071686881727,25.49678614480288,33.39471963845585,45.09028209995712,299.0,6.0,0.020066889632107024,-9.735618591308594,-10.111728032430014,-10.450828552246094,0.7152099609375,1.0,1.0,0.0,95.0,10.0,-10.450828552246094,0.7152099609375,-11.97011152267456,2.234492931365967,1.0,1.0,1.0,1.0,3.0,299.0,1.0,0.0,0.8333333333333334,2.5,0.5,not_short_primary,nan,1,0-5w
PkmpxrsidZM_2,Cheers erupt,299,PkmpxrsidZM,"[[14, 17], [103, 106], [116, 122], [135, 139], [145, 149], [153, 170], [190, 194]]",17.0,41.0,7,2,12,10-20s,10s+,0.056856187290969896,1.0,0.0,1.0,0.0,11.0,158.5,3.0,0.6470588235294118,0.5116411935411949,152.98071686881727,8.998865698165721,5.676602834740735,3.422432134069993,299.0,41.0,0.13712374581939799,-10.575836181640625,-10.78731490344536,-10.52322769165039,-0.052608489990234375,0.9966555183946488,2.0,1.0,70.0,6.0,-10.662710189819336,0.08687400817871094,-10.69769353866577,0.12185735702514577,0.0,1.0,1.0,1.0,139.59756097560975,299.0,0.0,1.0,0.6470588235294118,158.5,3.0,not_short_primary,nan,3+,0-5w
Q0anPAIkfBE_1,A woman talks while a child cries,163,Q0anPAIkfBE,"[[56, 66]]",10.0,10.0,1,7,33,10-20s,10s+,0.06134969325153374,1.0,1.0,1.0,1.0,9.0,60.5,0.5,0.9,0.5116411935411949,83.39751454721477,8.339751454721476,13.73997741002442,1.6598635460316231,163.0,10.0,0.06134969325153374,-11.193032264709473,-11.56020679473877,-11.097594261169434,-0.09543800354003906,0.9938650306748467,2.0,1.0,45.0,7.0,-11.65243911743164,0.45940685272216797,-11.663507452011109,0.47047518730163596,0.0,1.0,1.0,1.0,61.0,163.0,1.0,0.0,0.9,60.5,0.5,not_short_primary,nan,1,6-10w
Q0anPAIkfBE_2,Music plays as a woman sings,163,Q0anPAIkfBE,"[[129, 140]]",11.0,11.0,1,6,28,10-20s,10s+,0.06748466257668712,0.0,0.0,0.0,0.0,82.0,121.0,13.5,0.22,0.5116411935411949,83.39751454721477,7.581592231564979,7.276085408417546,10.296882006019914,163.0,11.0,0.06748466257668712,-14.254772186279297,-14.626734906976873,-13.601165771484375,-0.6536064147949219,0.9386503067484663,11.0,10.0,42.0,6.0,-14.17547607421875,-0.07929611206054688,-14.237437896728515,-0.017334289550781534,0.0,0.0,0.0,0.0,134.5,163.0,0.0,1.0,7.454545454545454,121.0,13.5,not_short_primary,nan,1,6-10w
Q87LBiwJjTE_1,Music plays as a woman speaks while frying something,299,Q87LBiwJjTE,"[[114, 138], [180, 300], [147, 150], [157, 169]]",120.0,159.0,4,9,52,20s+,10s+,0.4013377926421405,0.0,0.0,0.0,0.0,19.0,14.5,111.5,0.4,0.5116411935411949,152.98071686881727,1.2748393072401438,1.3262100608869694,5.538260478986018,299.0,158.0,0.5284280936454849,-11.987594604492188,-13.359628327285186,-11.193382263183594,-0.7942123413085938,0.7625418060200669,72.0,71.0,47.0,15.0,-12.375837326049805,0.3882427215576172,-11.193382263183594,-0.7942123413085938,0.0,0.0,0.0,0.0,214.72151898734177,299.0,0.0,1.0,0.15833333333333333,14.5,111.5,not_short_primary,nan,3+,6-10w
QHfyKaOHSz4_1,Bees buzz,82,QHfyKaOHSz4,"[[1, 8], [28, 30], [31, 36], [45, 48], [10, 12], [17, 20], [53, 60], [66, 68], [71, 83]]",12.0,43.0,9,2,9,10-20s,10s+,0.14634146341463414,0.0,0.0,1.0,0.0,9.0,21.5,3.0,0.6666666666666666,0.5116411935411949,41.95457787037798,3.4962148225314986,3.044999586682294,0.16042826461247728,82.0,42.0,0.5121951219512195,-12.930898666381836,-13.198982125236874,-13.055885314941406,0.12498664855957031,1.0,1.0,0.0,12.0,0.0,-13.055885314941406,0.12498664855957031,-13.055885314941406,0.12498664855957031,1.0,1.0,1.0,1.0,43.92857142857143,82.0,0.0,1.0,0.75,21.5,3.0,not_short_primary,nan,3+,0-5w
QHfyKaOHSz4_2,Bees buzz as rhythmic tapping occurs,82,QHfyKaOHSz4,"[[17, 20]]",3.0,3.0,1,6,36,3-5s,2-5s,0.036585365853658534,0.0,0.0,0.0,0.0,4.0,32.0,13.5,0.16666666666666666,0.5116411935411949,41.95457787037798,13.984859290125994,22.993801378783346,3.6698972972795474,82.0,3.0,0.036585365853658534,-12.791519165039062,-13.006008783976236,-12.42656421661377,-0.36495494842529297,0.7439024390243902,22.0,21.0,24.0,5.0,-13.030111312866211,0.23859214782714844,-12.718773355484009,-0.0727458095550535,0.0,0.0,0.0,0.0,18.5,82.0,0.0,1.0,1.3333333333333333,32.0,13.5,shorter_or_equal_audio,188.5,1,6-10w
QHfyKaOHSz4_3,Music plays as someone cries,82,QHfyKaOHSz4,"[[36, 41]]",5.0,5.0,1,5,28,5-10s,5-10s,0.06097560975609756,0.0,0.0,0.0,0.0,2.0,1.0,37.5,0.1282051282051282,0.5116411935411949,41.95457787037798,8.390915574075596,8.72903478202527,0.7068984639570104,82.0,5.0,0.06097560975609756,-11.518978118896484,-11.74754066467285,-10.27005672454834,-1.2489213943481445,0.573170731707317,36.0,35.0,26.0,6.0,-11.432382583618164,-0.08659553527832031,-11.064747457504273,-0.45423066139221113,0.0,0.0,0.0,0.0,38.5,82.0,0.0,1.0,0.4,1.0,37.5,not_short_primary,nan,1,0-5w
QHfyKaOHSz4_4,Music plays as laughter breaks out,82,QHfyKaOHSz4,"[[20, 27]]",7.0,7.0,1,6,34,5-10s,5-10s,0.08536585365853659,0.0,0.0,0.0,0.0,4.0,66.0,42.5,0.42857142857142855,0.5116411935411949,41.95457787037798,5.993511124339712,9.854486305192863,1.3301027027204526,82.0,7.0,0.08536585365853659,-11.838987350463867,-11.962595530918666,-11.709783554077148,-0.12920379638671875,0.8658536585365854,12.0,11.0,22.0,7.0,-11.919086456298828,0.08009910583496094,-11.819993886947632,-0.01899346351623521,0.0,0.0,0.0,0.0,23.5,82.0,0.0,1.0,0.5714285714285714,66.0,42.5,not_short_primary,nan,1,6-10w
QHfyKaOHSz4_5,A bell rings as bees buzz and rhythmic tapping occurs,82,QHfyKaOHSz4,"[[73, 83]]",10.0,10.0,1,10,53,10-20s,10s+,0.12195121951219512,0.0,0.0,1.0,1.0,22.0,69.0,9.0,0.7,0.5116411935411949,41.95457787037798,4.195457787037798,4.026398183062961,15.517449843519216,82.0,9.0,0.10975609756097561,-12.762144088745117,-12.867813322279188,-12.503515243530273,-0.25862884521484375,0.7317073170731707,23.0,22.0,22.0,7.0,-12.616682052612305,-0.1454620361328125,-12.605530414581299,-0.15661367416381822,0.0,0.0,0.0,0.0,77.5,82.0,0.0,1.0,2.2,69.0,9.0,not_short_primary,nan,1,6-10w
QKHpSAAjakY_1,Someone coughs,94,QKHpSAAjakY,"[[48, 49]]",1.0,1.0,1,2,14,1-2s,0-2s,0.010638297872340425,0.0,0.0,0.0,0.0,3.0,13.5,35.0,0.3333333333333333,0.5116411935411949,48.09427219287232,48.09427219287232,50.032272531120455,3.5555066388785477,94.0,1.0,0.010638297872340425,-12.212286949157715,-12.212286949157715,-11.912575721740723,-0.2997112274169922,0.9574468085106383,5.0,4.0,33.0,8.0,-12.112861633300781,-0.0994253158569336,-12.931512365341186,0.7192254161834715,0.0,0.0,1.0,1.0,48.5,94.0,0.0,1.0,3.0,13.5,35.0,shorter_or_equal_audio,213.0,1,0-5w
QKHpSAAjakY_2,An engine hums,94,QKHpSAAjakY,"[[54, 95]]",41.0,41.0,1,3,14,20s+,10s+,0.43617021276595747,0.0,0.0,0.0,0.0,11.0,58.5,16.0,0.4878048780487805,0.5116411935411949,48.09427219287232,1.1730310290944468,1.1257627281615656,2.8736620157415445,94.0,40.0,0.425531914893617,-11.526622772216797,-11.86552073955536,-11.900148391723633,0.37352561950683594,1.0,1.0,0.0,17.0,0.0,-11.900148391723633,0.37352561950683594,-11.912249813079834,0.3856270408630369,1.0,1.0,1.0,1.0,74.0,94.0,0.0,1.0,0.2682926829268293,58.5,16.0,not_short_primary,nan,1,0-5w
QKHpSAAjakY_3,An engine hums as a horn blares,94,QKHpSAAjakY,"[[76, 78]]",2.0,2.0,1,7,31,2-3s,2-5s,0.02127659574468085,0.0,0.0,0.0,0.0,10.0,84.0,7.0,0.3333333333333333,0.5116411935411949,48.09427219287232,24.04713609643616,23.078135927312093,5.3736620157415445,94.0,2.0,0.02127659574468085,-13.24263858795166,-13.244384288787842,-12.591545104980469,-0.6510934829711914,0.7872340425531915,21.0,20.0,32.0,7.0,-12.591545104980469,-0.6510934829711914,-13.42991304397583,0.18727445602416992,0.0,0.0,0.0,0.0,77.0,94.0,0.0,1.0,5.0,84.0,7.0,shorter_or_equal_audio,188.5,1,6-10w
QOmV7O9mFwg_1,People talk as a woman laughs,260,QOmV7O9mFwg,"[[21, 25], [30, 33], [39, 41], [45, 46], [55, 57], [86, 87], [93, 95], [104, 106], [133, 134], [138, 139], [160, 162], [225, 227], [234, 236], [249, 253], [256, 257], [207, 208]]",4.0,31.0,16,6,29,3-5s,2-5s,0.015384615384615385,0.0,0.0,0.0,0.0,14.0,161.0,0.0,0.25,0.5116411935411949,133.02671032071066,33.256677580177666,54.79132096022008,0.652978392832992,260.0,31.0,0.11923076923076924,-11.730836868286133,-11.990771416694887,-11.785002708435059,0.05416584014892578,1.0,1.0,0.0,64.0,14.0,-11.823392868041992,0.09255599975585938,-11.857687072753906,0.1268502044677735,1.0,1.0,1.0,1.0,125.56451612903226,260.0,1.0,1.0,3.5,161.0,0.0,longer_audio,188.5,3+,6-10w
QOmV7O9mFwg_2,People talk as a man laughs,260,QOmV7O9mFwg,"[[44, 45], [74, 75], [205, 208]]",3.0,5.0,3,6,27,3-5s,2-5s,0.011538461538461539,0.0,0.0,0.0,0.0,13.0,161.5,45.0,0.10526315789473684,0.5116411935411949,133.02671032071066,44.34223677357022,58.07777328427104,2.6823633913416316,260.0,5.0,0.019230769230769232,-11.89663028717041,-11.995999908447265,-11.643098831176758,-0.25353145599365234,0.8884615384615384,30.0,29.0,78.0,21.0,-11.643098831176758,-0.25353145599365234,-11.912066707611084,0.015436420440673615,0.0,0.0,0.0,0.0,147.7,260.0,0.0,1.0,4.333333333333333,161.5,45.0,longer_audio,188.5,3+,6-10w
QOmV7O9mFwg_3,Someone shouts,260,QOmV7O9mFwg,"[[73, 74], [229, 231], [233, 235]]",2.0,5.0,3,2,14,2-3s,2-5s,0.007692307692307693,0.0,0.0,0.0,0.0,9.0,183.5,46.5,0.2222222222222222,0.5116411935411949,133.02671032071066,66.51335516035533,109.36076265518908,3.2052036915526543,260.0,5.0,0.019230769230769232,-10.78552532196045,-11.247835159301758,-10.768669128417969,-0.01685619354248047,0.9923076923076923,3.0,2.0,86.0,18.0,-11.230772018432617,0.44524669647216797,-11.206468353271484,0.42094303131103494,0.0,1.0,1.0,1.0,200.3,260.0,0.0,1.0,4.5,183.5,46.5,longer_audio,188.5,3+,0-5w
QRtuOWWya30_1,"As music plays, a phone rings",299,QRtuOWWya30,"[[10, 12]]",2.0,2.0,1,6,29,2-3s,2-5s,0.006688963210702341,0.0,0.0,0.0,0.0,16.0,8.0,3.0,0.2857142857142857,0.5116411935411949,152.98071686881727,76.49035843440863,100.18415891536753,37.09028209995712,299.0,2.0,0.006688963210702341,-9.791646957397461,-10.201869010925293,-9.609291076660156,-0.1823558807373047,0.979933110367893,7.0,6.0,95.0,12.0,-9.653955459594727,-0.13769149780273438,-11.748124046325684,1.9564770889282226,0.0,0.0,0.0,1.0,11.0,299.0,0.0,1.0,8.0,8.0,3.0,longer_audio,188.5,1,6-10w
QRtuOWWya30_2,"As music plays, a man speaks while metal scrapes",299,QRtuOWWya30,"[[53, 60], [67, 75]]",8.0,15.0,2,9,48,5-10s,5-10s,0.026755852842809364,0.0,0.0,1.0,0.0,17.0,279.5,208.5,0.5833333333333334,0.5116411935411949,152.98071686881727,19.12258960860216,25.046039728841883,8.409717900042878,299.0,15.0,0.05016722408026756,-12.003602027893066,-12.317239061991375,-12.033217430114746,0.029615402221679688,1.0,1.0,0.0,88.0,17.0,-12.340803146362305,0.3372011184692383,-12.174344921112061,0.1707428932189945,1.0,1.0,1.0,1.0,64.23333333333333,299.0,0.0,1.0,2.125,279.5,208.5,not_short_primary,nan,2,6-10w
QRtuOWWya30_3,"As music plays, a man speaks while something fries",299,QRtuOWWya30,"[[78, 96], [106, 159]]",53.0,71.0,2,9,50,20s+,10s+,0.17725752508361203,0.0,0.0,1.0,0.0,24.0,27.0,60.0,0.5789473684210527,0.5116411935411949,152.98071686881727,2.8864286201663636,1.8207971356715564,1.077567865930007,299.0,71.0,0.23745819397993312,-11.713489532470703,-12.043626543501732,-11.566359519958496,-0.14713001251220703,0.9531772575250836,15.0,14.0,72.0,13.0,-11.772136688232422,0.05864715576171875,-11.589498786926269,-0.12399074554443423,0.0,0.0,0.0,0.0,120.96478873239437,299.0,0.0,1.0,0.4528301886792453,27.0,60.0,not_short_primary,nan,2,6-10w
QRtuOWWya30_4,"As music plays, water flows, metal clangs, and something gets cut",299,QRtuOWWya30,"[[190, 247]]",57.0,57.0,1,11,65,20s+,10s+,0.19063545150501673,0.0,0.0,0.0,0.0,23.0,104.5,114.0,0.3157894736842105,0.5116411935411949,152.98071686881727,2.683872225768724,3.1073099322094206,1.5615307621048657,299.0,57.0,0.19063545150501673,-10.829143524169922,-11.130015038607413,-10.254556655883789,-0.5745868682861328,0.705685618729097,89.0,88.0,72.0,14.0,-10.775880813598633,-0.05326271057128906,-10.291286592483521,-0.5378569316864006,0.0,0.0,0.0,0.0,218.5,299.0,0.0,1.0,0.40350877192982454,104.5,114.0,not_short_primary,nan,1,11-15w
QTSKjweEWew_1,Music plays,299,QTSKjweEWew,"[[0, 7]]",7.0,7.0,1,2,11,5-10s,5-10s,0.023411371237458192,1.0,1.0,1.0,1.0,6.0,3.0,0.5,0.8571428571428571,0.5116411935411949,152.98071686881727,21.854388124116753,28.624045404390724,44.59028209995712,299.0,7.0,0.023411371237458192,-8.776667594909668,-8.833269664219447,-10.175113677978516,1.3984460830688477,1.0,1.0,0.0,95.0,9.0,-10.175113677978516,1.3984460830688477,-11.758667516708375,2.9819999217987068,1.0,1.0,1.0,1.0,3.5,299.0,1.0,0.0,0.8571428571428571,3.0,0.5,not_short_primary,nan,1,0-5w
QTSKjweEWew_2,"While a man speaks, wind blows",299,QTSKjweEWew,"[[7, 94], [106, 130], [176, 205], [213, 300]]",87.0,227.0,4,6,30,20s+,10s+,0.2909698996655518,0.0,0.0,1.0,1.0,23.0,19.5,31.0,0.9310344827586207,0.5116411935411949,152.98071686881727,1.758399044469164,2.3030841129969546,2.409717900042878,299.0,226.0,0.7558528428093646,-11.33996868133545,-12.131217703355096,-11.750720977783203,0.4107522964477539,1.0,1.0,0.0,21.0,0.0,-11.79727554321289,0.4573068618774414,-11.750720977783203,0.4107522964477539,1.0,1.0,1.0,1.0,153.83185840707964,299.0,0.0,1.0,0.26436781609195403,19.5,31.0,not_short_primary,nan,3+,6-10w
QvATUKXYFBs_1,Metal clangs as music plays and people are talking,119,QvATUKXYFBs,"[[0, 12]]",12.0,12.0,1,9,50,10-20s,10s+,0.10084033613445378,1.0,0.0,1.0,0.0,6.0,3.0,3.0,0.5,0.5116411935411949,60.88530203140219,5.073775169283516,6.6454375200271665,13.139610601655175,119.0,12.0,0.10084033613445378,-11.02767562866211,-11.422240654627482,-11.242186546325684,0.21451091766357422,1.0,1.0,0.0,31.0,4.0,-11.242186546325684,0.21451091766357422,-11.502467279434205,0.4747916507720955,1.0,1.0,1.0,1.0,6.0,119.0,0.0,1.0,0.5,3.0,3.0,not_short_primary,nan,1,6-10w
QvATUKXYFBs_2,A camera shutter clicks as the wind blows,119,QvATUKXYFBs,"[[30, 33]]",3.0,3.0,1,8,41,3-5s,2-5s,0.025210084033613446,0.0,0.0,0.0,0.0,3.0,27.5,4.0,0.2857142857142857,0.5116411935411949,60.88530203140219,20.295100677134062,33.369053220429485,0.6733875411739731,119.0,3.0,0.025210084033613446,-11.0672607421875,-11.279717127482096,-10.847429275512695,-0.2198314666748047,0.957983193277311,6.0,5.0,36.0,6.0,-10.847429275512695,-0.2198314666748047,-11.650429983139038,0.5831692409515377,0.0,0.0,0.0,1.0,31.5,119.0,0.0,1.0,1.0,27.5,4.0,shorter_or_equal_audio,188.5,1,6-10w
QvATUKXYFBs_3,Bells ring as the wind blows,119,QvATUKXYFBs,"[[32, 62]]",30.0,30.0,1,6,28,20s+,10s+,0.25210084033613445,0.0,0.0,1.0,0.0,7.0,3.5,43.5,0.5526315789473685,0.5116411935411949,60.88530203140219,2.029510067713406,3.3436754842390717,3.678059889434131,119.0,30.0,0.25210084033613445,-11.880779266357422,-12.05458189646403,-11.853973388671875,-0.026805877685546875,0.9915966386554622,2.0,1.0,29.0,3.0,-12.305780410766602,0.4250011444091797,-11.901574745178223,0.02079547882080135,0.0,1.0,1.0,1.0,47.0,119.0,0.0,1.0,0.23333333333333334,3.5,43.5,not_short_primary,nan,1,6-10w
QvATUKXYFBs_4,Bells ring and train whistles blow as a train rumbles by in the wind,119,QvATUKXYFBs,"[[49, 51], [56, 58], [60, 64], [68, 69]]",4.0,9.0,4,14,68,3-5s,2-5s,0.03361344537815126,0.0,0.0,0.0,0.0,25.0,46.5,3.5,0.2857142857142857,0.5116411935411949,60.88530203140219,15.221325507850548,15.834681997881207,0.1021839364526258,119.0,9.0,0.07563025210084033,-9.979473114013672,-10.234573576185438,-9.86117172241211,-0.1183013916015625,0.8823529411764706,15.0,14.0,33.0,4.0,-9.963226318359375,-0.016246795654296875,-10.06576042175293,0.08628730773925852,0.0,0.0,0.0,0.0,58.94444444444444,119.0,0.0,1.0,6.25,46.5,3.5,shorter_or_equal_audio,188.5,3+,11-15w
QvATUKXYFBs_5,A train rumbles by as bells ring,119,QvATUKXYFBs,"[[64, 113]]",49.0,49.0,1,7,32,20s+,10s+,0.4117647058823529,0.0,0.0,1.0,1.0,32.0,55.0,33.5,0.8367346938775511,0.5116411935411949,60.88530203140219,1.2425571843143304,1.4385969060252886,0.9169827401656221,119.0,49.0,0.4117647058823529,-10.988664627075195,-11.134578315579162,-10.286001205444336,-0.7026634216308594,0.6638655462184874,41.0,40.0,20.0,4.0,-10.898141860961914,-0.09052276611328125,-10.305098419189454,-0.6835662078857414,0.0,0.0,0.0,0.0,88.5,119.0,0.0,1.0,0.6530612244897959,55.0,33.5,not_short_primary,nan,1,6-10w
R4fXcbWFhJg_1,A woman screams,133,R4fXcbWFhJg,"[[12, 15], [34, 37], [20, 22], [29, 31]]",3.0,10.0,4,3,15,3-5s,2-5s,0.022556390977443608,1.0,0.0,1.0,1.0,5.0,14.5,1.0,0.75,0.5116411935411949,68.04827874097892,22.682759580326305,29.709014795415566,0.3913294959675504,133.0,10.0,0.07518796992481203,-10.531188011169434,-11.161955547332763,-11.094079971313477,0.562891960144043,1.0,1.0,0.0,31.0,3.0,-11.094079971313477,0.562891960144043,-11.731607208251953,1.2004191970825193,1.0,1.0,1.0,1.0,24.9,133.0,1.0,1.0,1.6666666666666667,14.5,1.0,shorter_or_equal_audio,188.5,3+,0-5w
R4fXcbWFhJg_2,"While a woman talks, an animal pants as footsteps and scraping sounds echo",133,R4fXcbWFhJg,"[[47, 50], [38, 40]]",3.0,5.0,2,13,74,3-5s,2-5s,0.022556390977443608,0.0,0.0,0.0,0.0,6.0,10.0,29.0,0.3333333333333333,0.5116411935411949,68.04827874097892,22.682759580326305,37.37049070620139,0.08136105289696616,133.0,5.0,0.03759398496240601,-11.953813552856445,-12.23812370300293,-10.86861515045166,-1.0851984024047852,0.8195488721804511,25.0,24.0,36.0,8.0,-11.152719497680664,-0.8010940551757812,-11.768132162094116,-0.1856813907623298,0.0,0.0,0.0,0.0,44.7,133.0,0.0,1.0,2.0,10.0,29.0,shorter_or_equal_audio,188.5,2,11-15w
R8bHTHnF8j4_1,"As wind blows, a man speaks",185,R8bHTHnF8j4,"[[0, 6], [12, 17], [18, 20], [26, 28], [29, 58], [68, 83], [94, 99]]",29.0,64.0,7,6,27,20s+,10s+,0.15675675675675677,1.0,0.0,1.0,0.0,16.0,43.0,0.5,0.6666666666666666,0.5116411935411949,94.65362080512105,3.2639179587972778,4.274955460579632,2.754856817699224,185.0,64.0,0.34594594594594597,-11.26373291015625,-12.03198553621769,-11.32192611694336,0.058193206787109375,1.0,1.0,0.0,32.0,0.0,-11.32192611694336,0.058193206787109375,-11.618218660354614,0.35448575019836426,1.0,1.0,1.0,1.0,47.796875,185.0,1.0,1.0,0.5517241379310345,43.0,0.5,not_short_primary,nan,3+,6-10w
R8bHTHnF8j4_2,"As wind blows, a man laughs",185,R8bHTHnF8j4,"[[2, 4], [33, 42]]",9.0,11.0,2,6,27,5-10s,5-10s,0.04864864864864865,0.0,0.0,1.0,1.0,7.0,6.5,3.5,0.7,0.5116411935411949,94.65362080512105,10.517068978346783,13.774856484089925,7.745143182300776,185.0,11.0,0.05945945945945946,-12.375618934631348,-12.75552732294256,-12.305760383605957,-0.06985855102539062,0.9945945945945946,2.0,1.0,58.0,8.0,-12.612902641296387,0.23728370666503906,-12.747702360153198,0.3720834255218506,0.0,1.0,1.0,1.0,31.227272727272727,185.0,0.0,1.0,0.7777777777777778,6.5,3.5,not_short_primary,nan,2,6-10w
R8bHTHnF8j4_3,"As wind blows, a man speaks and the engine roars",185,R8bHTHnF8j4,"[[51, 184]]",133.0,133.0,1,10,48,20s+,10s+,0.7189189189189189,0.0,0.0,0.0,0.0,27.0,52.5,65.0,0.12030075187969924,0.5116411935411949,94.65362080512105,0.7116813594370004,0.26336287010430126,7.640004984833098,185.0,133.0,0.7189189189189189,-11.65701675415039,-12.437338284083776,-11.61453914642334,-0.04247760772705078,0.9945945945945946,2.0,1.0,16.0,6.0,-11.830951690673828,0.1739349365234375,-11.61453914642334,-0.04247760772705078,0.0,1.0,1.0,1.0,117.5,185.0,0.0,1.0,0.20300751879699247,52.5,65.0,not_short_primary,nan,1,6-10w
RNBoH2LHQEM_1,Wind instruments play,299,RNBoH2LHQEM,"[[3, 288]]",285.0,285.0,1,3,21,20s+,10s+,0.9531772575250836,0.0,0.0,0.0,0.0,20.0,14.0,131.5,0.10526315789473684,0.5116411935411949,152.98071686881727,0.5367744451537448,0.5584042361629346,2.538260478986018,299.0,285.0,0.9531772575250836,-9.911972045898438,-10.969874060781379,-10.747718811035156,0.8357467651367188,1.0,1.0,0.0,5.0,0.0,-10.747718811035156,0.8357467651367188,-10.747718811035156,0.8357467651367188,1.0,1.0,1.0,1.0,145.5,299.0,0.0,1.0,0.07017543859649122,14.0,131.5,not_short_primary,nan,1,0-5w
RNBoH2LHQEM_2,Applause breaks out,299,RNBoH2LHQEM,"[[296, 300]]",4.0,4.0,1,3,19,3-5s,2-5s,0.013377926421404682,0.0,0.0,1.0,0.0,6.0,294.0,4.0,0.6,0.5116411935411949,152.98071686881727,38.24517921720432,36.70405660779955,70.1672866245396,299.0,3.0,0.010033444816053512,-10.280878067016602,-10.758402506510416,-11.510926246643066,1.2300481796264648,1.0,1.0,0.0,84.0,17.0,-12.20799446105957,1.9271163940429688,-12.262919244766236,1.9820411777496343,1.0,1.0,1.0,1.0,297.5,299.0,0.0,1.0,1.5,294.0,4.0,longer_audio,188.5,1,0-5w
ROootH-mtEI_1,Water rushes as a man talks,215,ROootH-mtEI,"[[4, 9], [33, 35], [61, 66], [70, 71], [96, 111], [196, 198], [201, 202], [209, 213]]",15.0,35.0,8,6,27,10-20s,10s+,0.06976744186046512,1.0,1.0,1.0,1.0,5.0,6.5,0.0,1.0,0.5116411935411949,110.00285661135689,7.33352377409046,9.605170197014054,0.5799687340828825,215.0,35.0,0.16279069767441862,-10.13387680053711,-11.444443075997489,-11.143388748168945,1.009511947631836,1.0,1.0,0.0,52.0,5.0,-11.143388748168945,1.009511947631836,-11.407590808868408,1.2737140083312983,1.0,1.0,1.0,1.0,99.44285714285714,215.0,1.0,0.0,0.3333333333333333,6.5,0.0,not_short_primary,nan,3+,6-10w
ROootH-mtEI_2,Water flows as footsteps echo,215,ROootH-mtEI,"[[184, 196]]",12.0,12.0,1,5,29,10-20s,10s+,0.05581395348837209,0.0,0.0,0.0,0.0,10.0,164.0,26.0,0.3888888888888889,0.5116411935411949,110.00285661135689,9.166904717613074,8.79751635526968,26.173801418983317,215.0,12.0,0.05581395348837209,-11.07818603515625,-11.320621808369955,-11.226739883422852,0.14855384826660156,1.0,1.0,0.0,64.0,12.0,-11.226739883422852,0.14855384826660156,-11.295777969360351,0.21759193420410128,1.0,1.0,1.0,1.0,190.0,215.0,0.0,1.0,0.8333333333333334,164.0,26.0,not_short_primary,nan,1,0-5w
R_g4RpU9mO0_1,An engine hums,162,R_g4RpU9mO0,"[[17, 64], [76, 84], [94, 102], [113, 128], [146, 162]]",47.0,94.0,5,3,14,20s+,10s+,0.29012345679012347,1.0,1.0,1.0,1.0,37.0,36.5,4.0,0.875,0.5116411935411949,82.88587335367357,1.7635292202909272,2.0417633184388952,1.2693378479565638,162.0,94.0,0.5802469135802469,-10.716482162475586,-11.370123355946642,-11.265182495117188,0.5487003326416016,1.0,1.0,0.0,14.0,0.0,-11.474813461303711,0.758331298828125,-11.265182495117188,0.5487003326416016,1.0,1.0,1.0,1.0,80.84042553191489,162.0,0.0,0.0,0.7872340425531915,36.5,4.0,not_short_primary,nan,3+,0-5w
RfGapDlAYoQ_1,A whistle blows as a man laughs,150,RfGapDlAYoQ,"[[9, 10], [43, 46]]",3.0,4.0,2,7,31,3-5s,2-5s,0.02,0.0,0.0,1.0,0.0,4.0,116.0,71.5,0.5,0.5116411935411949,76.74617903117922,25.582059677059743,42.06183179045734,3.945309822049609,150.0,4.0,0.02666666666666667,-11.563161849975586,-11.64082646369934,-10.58250617980957,-0.9806556701660156,0.5866666666666667,63.0,62.0,43.0,8.0,-11.224624633789062,-0.33853721618652344,-11.317830467224121,-0.2453313827514645,0.0,0.0,0.0,0.0,35.75,150.0,0.0,1.0,1.3333333333333333,116.0,71.5,shorter_or_equal_audio,188.5,2,6-10w
RfGapDlAYoQ_2,A whistle blows as a dog barks,150,RfGapDlAYoQ,"[[42, 43], [51, 52]]",1.0,2.0,2,7,30,1-2s,0-2s,0.006666666666666667,0.0,0.0,0.0,0.0,5.0,115.5,64.0,0.0,0.5116411935411949,76.74617903117922,76.74617903117922,126.18549537137201,1.9453098220496088,150.0,2.0,0.013333333333333334,-11.16738510131836,-11.24272346496582,-10.704925537109375,-0.4624595642089844,0.92,13.0,12.0,41.0,11.0,-11.273858070373535,0.10647296905517578,-11.238271188735961,0.07088608741760183,0.0,0.0,0.0,0.0,47.0,150.0,0.0,1.0,5.0,115.5,64.0,shorter_or_equal_audio,213.0,2,6-10w
RfGapDlAYoQ_3,A whistle blows as cheers erupt,150,RfGapDlAYoQ,"[[113, 117]]",4.0,4.0,1,6,31,3-5s,2-5s,0.02666666666666667,0.0,0.0,0.0,0.0,6.0,35.0,80.0,0.1,0.5116411935411949,76.74617903117922,19.186544757794806,18.413406324983054,0.7026521527790521,150.0,4.0,0.02666666666666667,-12.134919166564941,-12.225339651107788,-11.773409843444824,-0.3615093231201172,0.3,106.0,105.0,44.0,13.0,-11.94938850402832,-0.1855306625366211,-11.937989692687989,-0.1969294738769527,0.0,0.0,0.0,0.0,115.0,150.0,0.0,1.0,1.5,35.0,80.0,shorter_or_equal_audio,188.5,1,6-10w
Rk-ujWKzPuc_1,A man speaks catching his breath,300,Rk-ujWKzPuc,"[[84, 98], [137, 143], [181, 199], [203, 206], [237, 245], [247, 258], [290, 300]]",18.0,70.0,7,6,32,10-20s,10s+,0.06,0.0,0.0,1.0,1.0,12.0,197.0,7.0,0.7222222222222222,0.5116411935411949,153.49235806235845,8.52735322568658,3.155609164312799,1.5702621867571338,300.0,70.0,0.23333333333333334,-11.927109718322754,-12.390255669185093,-11.736735343933105,-0.19037437438964844,0.9133333333333333,27.0,26.0,69.0,14.0,-11.984922409057617,0.05781269073486328,-11.766778326034546,-0.16033139228820836,0.0,0.0,0.0,0.0,197.18571428571428,300.0,0.0,1.0,0.6666666666666666,197.0,7.0,not_short_primary,nan,3+,6-10w
Rk-ujWKzPuc_2,Wind blows as water flows,300,Rk-ujWKzPuc,"[[261, 290], [57, 83], [103, 113]]",29.0,65.0,3,5,25,20s+,10s+,0.09666666666666666,0.0,0.0,0.0,0.0,15.0,18.5,51.5,0.41379310344827586,0.5116411935411949,153.49235806235845,5.292839933184774,8.720104131600014,1.2149750686534588,300.0,65.0,0.21666666666666667,-11.864177703857422,-13.032631448599009,-11.461746215820312,-0.4024314880371094,0.95,16.0,15.0,71.0,11.0,-12.396756172180176,0.5325784683227539,-11.533874883651734,-0.3303028202056879,0.0,0.0,0.0,0.0,167.53076923076924,300.0,0.0,1.0,0.5172413793103449,18.5,51.5,not_short_primary,nan,3+,0-5w
Rp4Ct_TQvAM_1,A man talks with background noise,299,Rp4Ct_TQvAM,"[[0, 10], [15, 34], [49, 56], [65, 78], [89, 96], [104, 128], [141, 173], [184, 191], [233, 238], [265, 291], [298, 301]]",32.0,153.0,11,6,33,20s+,10s+,0.10702341137123746,0.0,0.0,1.0,0.0,22.0,108.0,8.0,0.5862068965517241,0.5116411935411949,152.98071686881727,4.78064740215054,6.261509932210471,4.409717900042878,299.0,151.0,0.5050167224080268,-12.025392532348633,-12.34498339773014,-12.083107948303223,0.057715415954589844,1.0,1.0,0.0,35.0,0.0,-12.083107948303223,0.057715415954589844,-12.083107948303223,0.057715415954589844,1.0,1.0,1.0,1.0,134.33443708609272,299.0,0.0,1.0,0.6875,108.0,8.0,not_short_primary,nan,3+,6-10w
Rp4Ct_TQvAM_2,A man talks and a door closes with background noise,299,Rp4Ct_TQvAM,"[[236, 238]]",2.0,2.0,1,10,51,2-3s,2-5s,0.006688963210702341,0.0,0.0,0.0,0.0,11.0,277.5,40.5,0.08333333333333333,0.5116411935411949,152.98071686881727,76.49035843440863,73.4081132155991,9.1672866245396,299.0,2.0,0.006688963210702341,-13.114118576049805,-13.301562786102295,-11.958892822265625,-1.1552257537841797,0.8862876254180602,35.0,34.0,89.0,19.0,-13.115052223205566,0.0009336471557617188,-13.747887382507324,0.6337688064575193,0.0,0.0,0.0,0.0,237.0,299.0,0.0,1.0,5.5,277.5,40.5,longer_audio,188.5,1,6-10w
Rp4Ct_TQvAM_3,A train passes by with background noise,299,Rp4Ct_TQvAM,"[[245, 260]]",15.0,15.0,1,7,39,10-20s,10s+,0.05016722408026756,0.0,0.0,1.0,1.0,11.0,28.5,224.0,0.7333333333333333,0.5116411935411949,152.98071686881727,10.19871445792115,9.787748428746546,24.6672866245396,299.0,15.0,0.05016722408026756,-12.771296501159668,-13.638298734029133,-12.570038795471191,-0.20125770568847656,0.9933110367892977,3.0,2.0,96.0,20.0,-14.156232833862305,1.3849363327026367,-13.282450218200683,0.5111537170410152,0.0,1.0,1.0,1.0,252.5,299.0,0.0,1.0,0.7333333333333333,28.5,224.0,not_short_primary,nan,1,6-10w
RrmBGjJqlEo_1,Someone sniffles,300,RrmBGjJqlEo,"[[77, 79], [109, 111], [121, 122], [186, 187], [245, 246], [297, 298]]",2.0,8.0,6,2,16,2-3s,2-5s,0.006666666666666667,0.0,0.0,0.0,0.0,11.0,97.5,12.5,0.2,0.5116411935411949,153.49235806235845,76.74617903117922,126.44150990820019,0.7850249313465412,300.0,8.0,0.02666666666666667,-11.150678634643555,-11.701119661331177,-11.300077438354492,0.1493988037109375,1.0,1.0,0.0,88.0,15.0,-11.550336837768555,0.399658203125,-11.8216303730011,0.6709517383575445,1.0,1.0,1.0,1.0,153.375,300.0,0.0,1.0,5.5,97.5,12.5,longer_audio,188.5,3+,0-5w
RrmBGjJqlEo_2,A man talks as keys clack,300,RrmBGjJqlEo,"[[86, 96]]",10.0,10.0,1,6,25,10-20s,10s+,0.03333333333333333,0.0,0.0,1.0,1.0,11.0,16.5,74.5,1.0,0.5116411935411949,153.49235806235845,15.349235806235844,25.237099074274404,9.890619644099218,300.0,10.0,0.03333333333333333,-10.915910720825195,-11.336682033538818,-10.24521255493164,-0.6706981658935547,0.8833333333333333,36.0,35.0,93.0,21.0,-10.924955368041992,0.009044647216796875,-10.772515850067139,-0.14339487075805657,0.0,0.0,0.0,0.0,91.0,300.0,0.0,1.0,1.1,16.5,74.5,not_short_primary,nan,1,6-10w
S0SQyFXbqF8_1,A frog croaks as loud noises fill the air,96,S0SQyFXbqF8,"[[22, 32], [35, 38], [44, 49], [54, 66], [90, 96]]",12.0,36.0,5,9,41,10-20s,10s+,0.125,0.0,0.0,1.0,1.0,15.0,10.5,16.5,0.75,0.5116411935411949,49.11755457995471,4.093129548329559,4.2580657473294,0.5992408226844717,96.0,36.0,0.375,-12.454451560974121,-13.078101105160183,-12.274748802185059,-0.1797027587890625,0.9166666666666666,9.0,8.0,17.0,4.0,-12.292891502380371,-0.16156005859375,-12.280042028427124,-0.17440953254699743,0.0,0.0,0.0,1.0,52.5,96.0,0.0,1.0,1.25,10.5,16.5,not_short_primary,nan,3+,6-10w
S0SQyFXbqF8_2,A child talks as a frog croaks,96,S0SQyFXbqF8,"[[27, 29], [43, 44], [63, 64]]",2.0,4.0,3,7,30,2-3s,2-5s,0.020833333333333332,0.0,0.0,0.0,0.0,6.0,10.0,18.0,0.25,0.5116411935411949,49.11755457995471,24.558777289977353,15.491999709526553,0.6122190129455518,96.0,4.0,0.041666666666666664,-12.165498733520508,-12.32167935371399,-11.301976203918457,-0.8635225296020508,0.6354166666666666,36.0,35.0,29.0,5.0,-11.801467895507812,-0.3640308380126953,-11.818933525085448,-0.34656520843505945,0.0,0.0,0.0,0.0,40.75,96.0,0.0,1.0,3.0,10.0,18.0,shorter_or_equal_audio,188.5,3+,6-10w
S0SQyFXbqF8_3,Laughter rings out as a frog croaks,96,S0SQyFXbqF8,"[[31, 40], [46, 53], [56, 60], [64, 68]]",9.0,24.0,4,7,35,5-10s,5-10s,0.09375,1.0,0.0,1.0,0.0,9.0,33.5,2.0,0.6666666666666666,0.5116411935411949,49.11755457995471,5.4575060644394116,4.753170086528459,0.33415991954630897,96.0,24.0,0.25,-11.097999572753906,-11.623036940892538,-11.113502502441406,0.0155029296875,1.0,1.0,0.0,22.0,4.0,-11.227872848510742,0.12987327575683594,-11.222355127334595,0.12435555458068848,1.0,1.0,1.0,1.0,48.416666666666664,96.0,1.0,1.0,1.0,33.5,2.0,not_short_primary,nan,3+,6-10w
S0YE96w0YRk_1,Music plays,220,S0YE96w0YRk,"[[0, 3], [8, 21], [218, 221]]",13.0,19.0,3,2,11,10-20s,10s+,0.05909090909090909,1.0,0.0,1.0,0.0,19.0,9.5,5.0,0.6666666666666666,0.5116411935411949,112.56106257906286,8.658543275312528,11.340630286277776,20.88415405348016,220.0,18.0,0.08181818181818182,-9.627456665039062,-10.2395691341824,-9.53377914428711,-0.09367752075195312,0.9954545454545455,2.0,1.0,58.0,2.0,-9.53377914428711,-0.09367752075195312,-11.066713953018189,1.4392572879791263,0.0,1.0,1.0,1.0,35.05555555555556,220.0,0.0,1.0,1.4615384615384615,9.5,5.0,not_short_primary,nan,3+,0-5w
S0YE96w0YRk_2,Laughter rings out,220,S0YE96w0YRk,"[[36, 38], [40, 42], [44, 47], [49, 51], [64, 67], [73, 75], [79, 82], [86, 89], [94, 100], [104, 106], [120, 123], [125, 128], [138, 141], [142, 145], [148, 151], [153, 159], [162, 165], [167, 169], [170, 172], [178, 180], [185, 188], [192, 194], [202, 205], [211, 214]]",6.0,69.0,24,3,18,5-10s,5-10s,0.02727272727272727,0.0,0.0,0.0,0.0,8.0,94.0,3.0,0.4,0.5116411935411949,112.56106257906286,18.76017709651048,19.516134675259753,0.1892397813480784,220.0,69.0,0.31363636363636366,-11.665785789489746,-12.507990339527959,-11.639363288879395,-0.026422500610351562,0.9954545454545455,2.0,1.0,49.0,7.0,-11.915349960327148,0.24956417083740234,-11.771305923461915,0.10552013397216875,0.0,1.0,1.0,1.0,126.52898550724638,220.0,0.0,1.0,1.3333333333333333,94.0,3.0,not_short_primary,nan,3+,0-5w
S8k47ME-YT4_1,A thunderstorm rages,150,S8k47ME-YT4,"[[4, 9], [14, 17], [24, 31], [50, 60], [97, 101], [121, 126], [131, 136]]",10.0,39.0,7,3,20,10-20s,10s+,0.06666666666666667,0.0,0.0,1.0,1.0,8.0,24.0,3.5,0.7,0.5116411935411949,76.74617903117922,7.674617903117922,12.64415099082002,0.3925124656732706,150.0,39.0,0.26,-10.002209663391113,-10.506220939831856,-10.302668571472168,0.3004589080810547,1.0,1.0,0.0,33.0,1.0,-10.302668571472168,0.3004589080810547,-10.401317749023438,0.39910808563232436,1.0,1.0,1.0,1.0,64.16666666666667,150.0,0.0,1.0,0.8,24.0,3.5,not_short_primary,nan,3+,0-5w
SGaIvgwwWSE_1,Rain falls as thunder rumbles,65,SGaIvgwwWSE,"[[28, 40], [63, 65]]",12.0,14.0,2,5,29,10-20s,10s+,0.18461538461538463,1.0,0.0,1.0,1.0,6.0,33.0,1.0,1.0,0.5116411935411949,33.256677580177666,2.771389798348139,2.8830653497542813,2.921360973692611,65.0,14.0,0.2153846153846154,-10.007535934448242,-10.430433068956647,-10.606178283691406,0.5986423492431641,1.0,1.0,0.0,17.0,0.0,-10.606178283691406,0.5986423492431641,-10.751240339279175,0.7437044048309325,1.0,1.0,1.0,1.0,38.285714285714285,65.0,1.0,1.0,0.5,33.0,1.0,not_short_primary,nan,2,0-5w
SQHYl2Kp5ww_1,"As music plays, a man talks while metal clangs and something sizzles",300,SQHYl2Kp5ww,"[[13, 22]]",9.0,9.0,1,12,68,5-10s,5-10s,0.03,0.0,0.0,0.0,0.0,17.0,9.5,8.0,0.23809523809523808,0.5116411935411949,153.49235806235845,17.05470645137316,22.337605109335012,30.751119163836577,300.0,9.0,0.03,-13.624786376953125,-13.937853283352322,-13.226224899291992,-0.3985614776611328,0.8833333333333333,36.0,35.0,90.0,14.0,-13.503507614135742,-0.12127876281738281,-13.51638298034668,-0.1084033966064446,0.0,0.0,0.0,0.0,17.5,300.0,0.0,1.0,1.8888888888888888,9.5,8.0,not_short_primary,nan,1,11-15w
SQHYl2Kp5ww_2,"As music plays, cars pass by and a man talks",300,SQHYl2Kp5ww,"[[201, 205], [219, 223], [236, 237], [255, 259], [296, 298]]",4.0,15.0,5,10,44,3-5s,2-5s,0.013333333333333334,0.0,0.0,0.0,0.0,114.0,241.0,4.5,0.08163265306122448,0.5116411935411949,153.49235806235845,38.37308951558961,14.200241239407596,0.0702621867571338,300.0,15.0,0.05,-11.406391143798828,-11.504343287150066,-11.351954460144043,-0.054436683654785156,0.9833333333333333,6.0,5.0,82.0,10.0,-11.351954460144043,-0.054436683654785156,-11.435431642532349,0.029040498733520437,0.0,0.0,0.0,1.0,236.96666666666667,300.0,0.0,1.0,28.5,241.0,4.5,longer_audio,188.5,3+,6-10w
Smdj6JFB9MQ_1,Two women talk and objects bump together,299,Smdj6JFB9MQ,"[[7, 20], [29, 109], [159, 281], [291, 300]]",122.0,224.0,4,7,40,20s+,10s+,0.4080267558528428,1.0,1.0,1.0,1.0,14.0,13.0,0.5,0.9285714285714286,0.5116411935411949,152.98071686881727,1.2539403022034201,1.4517759519339097,0.061530762104865744,299.0,223.0,0.745819397993311,-10.010499954223633,-11.440561170535238,-10.17076587677002,0.16026592254638672,1.0,1.0,0.0,21.0,4.0,-10.359010696411133,0.3485107421875,-10.17076587677002,0.16026592254638672,1.0,1.0,1.0,1.0,156.48206278026905,299.0,1.0,0.0,0.11475409836065574,13.0,0.5,not_short_primary,nan,3+,6-10w
Smdj6JFB9MQ_2,Music plays,299,Smdj6JFB9MQ,"[[0, 109], [159, 221], [226, 256], [258, 287], [295, 300], [112, 136]]",109.0,259.0,6,2,11,20s+,10s+,0.36454849498327757,1.0,1.0,1.0,1.0,34.0,121.0,3.0,0.7058823529411765,0.5116411935411949,152.98071686881727,1.4034928153102502,1.838241447988395,6.409717900042878,299.0,258.0,0.862876254180602,-10.383378028869629,-11.537002570869387,-10.919563293457031,0.5361852645874023,1.0,1.0,0.0,8.0,0.0,-10.919563293457031,0.5361852645874023,-10.919563293457031,0.5361852645874023,1.0,1.0,1.0,1.0,143.47674418604652,299.0,0.0,0.0,0.3119266055045872,121.0,3.0,not_short_primary,nan,3+,0-5w
T32kii824pA_1,A man speaks while a metal collides,299,T32kii824pA,"[[18, 19], [61, 63], [117, 118], [166, 170], [245, 250]]",5.0,13.0,5,7,35,5-10s,5-10s,0.016722408026755852,0.0,0.0,0.0,0.0,12.0,253.0,5.5,0.36363636363636365,0.5116411935411949,152.98071686881727,30.596143373763454,4.433497464833651,7.524397138102756,299.0,13.0,0.043478260869565216,-10.7689208984375,-11.137907688434307,-10.694168090820312,-0.0747528076171875,0.9933110367892977,3.0,2.0,96.0,21.0,-10.806232452392578,0.037311553955078125,-11.04612174987793,0.27720085144042983,0.0,1.0,1.0,1.0,166.8846153846154,299.0,0.0,1.0,2.4,253.0,5.5,not_short_primary,nan,3+,6-10w
T32kii824pA_2,"While a man was speaking, a notification sound rings out",299,T32kii824pA,"[[289, 291]]",2.0,2.0,1,10,56,2-3s,2-5s,0.006688963210702341,0.0,0.0,0.0,0.0,9.0,73.5,216.5,0.0,0.5116411935411949,152.98071686881727,76.49035843440863,73.4081132155991,62.1672866245396,299.0,2.0,0.006688963210702341,-12.17994213104248,-12.436442852020264,-10.771039962768555,-1.4089021682739258,0.9163879598662207,26.0,25.0,98.0,27.0,-12.48817253112793,0.3082304000854492,-12.545260353088379,0.36531822204589837,0.0,0.0,0.0,0.0,290.0,299.0,0.0,1.0,4.5,73.5,216.5,longer_audio,188.5,1,6-10w
T9_ep-3BZDY_1,A woman clears her throat,299,T9_ep-3BZDY,"[[61, 62], [119, 120], [282, 283]]",1.0,3.0,3,5,25,1-2s,0-2s,0.0033444816053511705,0.0,0.0,0.0,0.0,9.0,177.5,58.0,0.0,0.5116411935411949,152.98071686881727,152.98071686881727,252.04007641701236,10.649074848242051,299.0,3.0,0.010033444816053512,-12.02334213256836,-12.399359385172525,-11.319690704345703,-0.7036514282226562,0.9297658862876255,22.0,21.0,94.0,23.0,-12.107254028320312,0.08391189575195312,-12.29623734474182,0.27289521217346113,0.0,0.0,0.0,0.0,154.5,299.0,0.0,1.0,9.0,177.5,58.0,longer_audio,213.0,3+,0-5w
T9_ep-3BZDY_2,A zipper slides open and closed,299,T9_ep-3BZDY,"[[67, 68]]",1.0,1.0,1,6,31,1-2s,0-2s,0.0033444816053511705,0.0,0.0,0.0,0.0,15.0,29.5,38.0,0.0,0.5116411935411949,152.98071686881727,152.98071686881727,251.5297541069349,13.339015754714438,299.0,1.0,0.0033444816053511705,-11.481670379638672,-11.481670379638672,-10.823535919189453,-0.6581344604492188,0.882943143812709,36.0,35.0,96.0,18.0,-11.183134078979492,-0.2985363006591797,-12.3455038356781,0.8638334560394281,0.0,0.0,0.0,0.0,67.5,299.0,0.0,1.0,15.0,29.5,38.0,longer_audio,213.0,1,6-10w
TWOgvDaDqlU_1,A chainsaw is cutting something,299,TWOgvDaDqlU,"[[75, 81], [117, 124], [205, 212]]",7.0,20.0,3,5,31,5-10s,5-10s,0.023411371237458192,0.0,0.0,0.0,0.0,138.0,218.0,9.5,0.051094890510948905,0.5116411935411949,152.98071686881727,21.854388124116753,19.033899855428693,1.8967310839130391,299.0,20.0,0.06688963210702341,-11.284351348876953,-11.438121938705445,-11.334251403808594,0.049900054931640625,1.0,1.0,0.0,53.0,14.0,-11.334251403808594,0.049900054931640625,-11.416477155685424,0.13212580680847097,1.0,1.0,1.0,1.0,138.55,299.0,0.0,1.0,19.714285714285715,218.0,9.5,not_short_primary,nan,3+,0-5w
TWOgvDaDqlU_2,A high-pitched machine whines,299,TWOgvDaDqlU,"[[128, 204], [216, 300]]",84.0,160.0,2,4,29,20s+,10s+,0.2809364548494983,0.0,0.0,0.0,0.0,10.0,99.0,67.0,0.17105263157894737,0.5116411935411949,152.98071686881727,1.8211990103430626,0.2638986586210506,9.524397138102756,299.0,159.0,0.5317725752508361,-13.492368698120117,-13.926121231894824,-13.124238967895508,-0.3681297302246094,0.9899665551839465,4.0,3.0,14.0,12.0,-13.514944076538086,0.02257537841796875,-13.124238967895508,-0.3681297302246094,0.0,0.0,1.0,1.0,213.76415094339623,299.0,0.0,1.0,0.11904761904761904,99.0,67.0,not_short_primary,nan,2,0-5w
TaQKhIRwii4_1,Cheers and applause erupt,299,TaQKhIRwii4,"[[96, 112]]",16.0,16.0,1,4,25,10-20s,10s+,0.05351170568561873,0.0,0.0,0.0,0.0,13.0,114.5,10.5,0.16,0.5116411935411949,152.98071686881727,9.56129480430108,15.752504776063272,4.850925151757949,299.0,16.0,0.05351170568561873,-11.232884407043457,-11.289624989032745,-11.345523834228516,0.1126394271850586,1.0,1.0,0.0,78.0,11.0,-11.486007690429688,0.25312328338623047,-11.442536468505859,0.20965206146240156,1.0,1.0,1.0,1.0,104.0,299.0,0.0,1.0,0.8125,114.5,10.5,not_short_primary,nan,1,0-5w
TaQKhIRwii4_2,Music plays as applause erupts,299,TaQKhIRwii4,"[[119, 184], [188, 241]]",65.0,118.0,2,5,30,20s+,10s+,0.21739130434782608,0.0,0.0,0.0,0.0,14.0,111.0,40.5,0.3584905660377358,0.5116411935411949,152.98071686881727,2.3535494902894962,2.7248717867067227,5.561530762104866,299.0,118.0,0.39464882943143814,-11.279239654541016,-11.57833077543873,-10.95706558227539,-0.322174072265625,0.8260869565217391,53.0,52.0,54.0,14.0,-11.696157455444336,0.4169178009033203,-10.970753498077393,-0.30848615646362276,0.0,0.0,0.0,0.0,179.79661016949152,299.0,0.0,1.0,0.2153846153846154,111.0,40.5,not_short_primary,nan,2,0-5w
TaQKhIRwii4_3,Music plays,299,TaQKhIRwii4,"[[117, 300]]",183.0,183.0,1,2,11,20s+,10s+,0.6120401337792643,0.0,0.0,1.0,1.0,96.0,50.0,158.5,0.8907103825136612,0.5116411935411949,152.98071686881727,0.8359602014689468,0.7280726720655784,1.8967310839130391,299.0,182.0,0.6086956521739131,-11.65904426574707,-12.234205099252554,-11.462031364440918,-0.19701290130615234,0.9899665551839465,4.0,3.0,36.0,15.0,-12.161277770996094,0.5022335052490234,-11.462031364440918,-0.19701290130615234,0.0,0.0,1.0,1.0,208.0,299.0,0.0,1.0,0.5245901639344263,50.0,158.5,not_short_primary,nan,1,0-5w
TaQKhIRwii4_4,A man's voices blend amid noise,299,TaQKhIRwii4,"[[7, 51], [55, 62], [76, 94]]",44.0,69.0,3,6,31,20s+,10s+,0.14715719063545152,0.0,0.0,0.0,0.0,11.0,108.5,23.5,0.4117647058823529,0.5116411935411949,152.98071686881727,3.4768344742913015,5.716585320612157,4.160984245285562,299.0,69.0,0.23076923076923078,-11.664918899536133,-12.348115022631658,-11.362499237060547,-0.30241966247558594,0.903010033444816,30.0,29.0,64.0,12.0,-12.366506576538086,0.7015876770019531,-11.400424270629882,-0.26449462890625064,0.0,0.0,0.0,0.0,46.60144927536232,299.0,0.0,1.0,0.25,108.5,23.5,not_short_primary,nan,3+,6-10w
Td2EEDdFlRY_1,Music plays as a man talks,231,Td2EEDdFlRY,"[[8, 14], [181, 196]]",15.0,21.0,2,6,26,10-20s,10s+,0.06493506493506493,0.0,0.0,1.0,0.0,25.0,12.5,1.5,0.5172413793103449,0.5116411935411949,118.18911570801602,7.879274380534401,7.561772197459707,12.482084315279735,231.0,21.0,0.09090909090909091,-10.907255172729492,-11.839153017316546,-11.07568359375,0.1684284210205078,1.0,1.0,0.0,66.0,11.0,-11.07568359375,0.1684284210205078,-11.257525434494019,0.3502702617645266,1.0,1.0,1.0,1.0,137.78571428571428,231.0,1.0,1.0,1.6666666666666667,12.5,1.5,not_short_primary,nan,2,6-10w
Td2EEDdFlRY_2,Music plays as a man sings and people clap,231,Td2EEDdFlRY,"[[197, 229]]",32.0,32.0,1,9,42,20s+,10s+,0.13852813852813853,0.0,0.0,0.0,0.0,13.0,218.5,5.5,0.40625,0.5116411935411949,118.18911570801602,3.6934098658755006,3.5445807175592376,36.982084315279735,231.0,32.0,0.13852813852813853,-10.756135940551758,-10.971170336008072,-10.838162422180176,0.08202648162841797,1.0,1.0,0.0,57.0,4.0,-10.900854110717773,0.14471817016601562,-10.947733755111694,0.19159781455993574,1.0,1.0,1.0,1.0,213.0,231.0,0.0,1.0,0.40625,218.5,5.5,not_short_primary,nan,1,6-10w
Tdl9SmBbRnA_1,A man speaks as engine noise rumbles and air blasts nearby,299,Tdl9SmBbRnA,"[[7, 12], [31, 36], [293, 298]]",5.0,15.0,3,11,58,5-10s,5-10s,0.016722408026755852,0.0,0.0,1.0,1.0,11.0,5.5,4.0,0.8,0.5116411935411949,152.98071686881727,30.596143373763454,40.07366356614701,14.590282099957122,299.0,15.0,0.05016722408026756,-11.467714309692383,-11.89928061167399,-11.301924705505371,-0.16578960418701172,0.9966555183946488,2.0,1.0,85.0,14.0,-11.301924705505371,-0.16578960418701172,-11.620858182907105,0.1531438732147219,0.0,1.0,1.0,1.0,112.83333333333333,299.0,0.0,1.0,2.2,5.5,4.0,not_short_primary,nan,3+,11-15w
Tdl9SmBbRnA_2,"A man talks, laughs, and coughs as engine noise rumbles",299,Tdl9SmBbRnA,"[[130, 136]]",6.0,6.0,1,10,55,5-10s,5-10s,0.020066889632107024,0.0,0.0,0.0,0.0,11.0,12.5,120.5,0.46153846153846156,0.5116411935411949,152.98071686881727,25.49678614480288,16.083708031765415,0.577567865930007,299.0,6.0,0.020066889632107024,-11.510927200317383,-11.653523921966553,-10.197077751159668,-1.3138494491577148,0.5886287625418061,124.0,123.0,85.0,12.0,-11.650279998779297,0.13935279846191406,-10.9343133354187,-0.5766138648986825,0.0,0.0,0.0,0.0,133.0,299.0,0.0,1.0,1.8333333333333333,12.5,120.5,not_short_primary,nan,1,6-10w
Tgxst7Ft9js_1,Music is playing,225,Tgxst7Ft9js,"[[0, 4], [137, 141], [222, 226]]",4.0,12.0,3,3,16,3-5s,2-5s,0.017777777777777778,1.0,1.0,1.0,1.0,4.0,2.0,0.0,1.0,0.5116411935411949,115.11926854676885,28.779817136692213,4.170304889580148,6.916423558283867,225.0,11.0,0.04888888888888889,-9.130965232849121,-10.476038586009633,-10.69943618774414,1.5684709548950195,1.0,1.0,0.0,66.0,10.0,-10.69943618774414,1.5684709548950195,-11.406589994430542,2.2756247615814207,1.0,1.0,1.0,1.0,112.22727272727273,225.0,1.0,0.0,1.0,2.0,0.0,longer_audio,188.5,3+,0-5w
Tgxst7Ft9js_2,"As a man speaks, something scrapes",225,Tgxst7Ft9js,"[[4, 24]]",20.0,20.0,1,6,34,20s+,10s+,0.08888888888888889,0.0,0.0,0.0,0.0,10.0,218.0,204.0,0.4,0.5116411935411949,115.11926854676885,5.755963427338442,7.538941724400567,22.188339372877437,225.0,20.0,0.08888888888888889,-12.502267837524414,-12.852958583831787,-12.319051742553711,-0.18321609497070312,0.9155555555555556,20.0,19.0,69.0,19.0,-12.527579307556152,0.02531147003173828,-12.422334270477295,-0.07993356704711907,0.0,0.0,0.0,0.0,14.0,225.0,0.0,1.0,0.5,218.0,204.0,not_short_primary,nan,1,6-10w
Tgxst7Ft9js_3,A man is speaking while something rattles like maracas,225,Tgxst7Ft9js,"[[112, 118], [190, 213], [220, 222]]",23.0,31.0,3,9,54,20s+,10s+,0.10222222222222223,0.0,0.0,1.0,0.0,12.0,16.0,99.0,0.6521739130434783,0.5116411935411949,115.11926854676885,5.00518558898995,5.206873875810408,7.4200956781667315,225.0,31.0,0.13777777777777778,-11.390386581420898,-11.772226272090789,-10.837532043457031,-0.5528545379638672,0.8888888888888888,26.0,25.0,62.0,13.0,-11.848808288574219,0.4584217071533203,-10.985074253082276,-0.4053123283386224,0.0,0.0,0.0,0.0,186.01612903225808,225.0,0.0,1.0,0.5217391304347826,16.0,99.0,not_short_primary,nan,3+,6-10w
Tgxst7Ft9js_4,A man is speaking while pebbles tumble and make a rustling sound,225,Tgxst7Ft9js,"[[45, 66], [129, 131], [185, 187], [216, 220]]",21.0,29.0,4,12,64,20s+,10s+,0.09333333333333334,0.0,0.0,1.0,1.0,13.0,204.5,13.5,0.75,0.5116411935411949,115.11926854676885,5.481869930798517,0.7943437884914568,2.083576441716133,225.0,29.0,0.1288888888888889,-10.957454681396484,-11.5759439797237,-10.767394065856934,-0.19006061553955078,0.9733333333333334,7.0,6.0,60.0,11.0,-11.159611701965332,0.20215702056884766,-10.932220687866211,-0.025233993530273224,0.0,0.0,0.0,1.0,92.05172413793103,225.0,0.0,1.0,0.6190476190476191,204.5,13.5,not_short_primary,nan,3+,11-15w
TtRtURWVYBE_1,Music plays,67,TtRtURWVYBE,"[[6, 51]]",45.0,45.0,1,2,11,20s+,10s+,0.6716417910447762,0.0,0.0,0.0,0.0,9.0,5.5,23.0,0.3617021276595745,0.5116411935411949,34.279959967260055,0.7617768881613346,0.4805388798788329,1.4320971472150852,67.0,45.0,0.6716417910447762,-11.899445533752441,-12.789601453145345,-12.159767150878906,0.26032161712646484,1.0,1.0,0.0,8.0,1.0,-12.20631217956543,0.3068666458129883,-12.159767150878906,0.26032161712646484,1.0,1.0,1.0,1.0,28.5,67.0,0.0,1.0,0.2,5.5,23.0,not_short_primary,nan,1,0-5w
TtRtURWVYBE_2,A button clicks,67,TtRtURWVYBE,"[[12, 14], [22, 23], [36, 37], [53, 56], [61, 62], [63, 64], [4, 6]]",3.0,11.0,7,3,15,3-5s,2-5s,0.04477611940298507,0.0,0.0,1.0,1.0,3.0,37.5,1.0,0.75,0.5116411935411949,34.279959967260055,11.426653322420018,18.82573591966536,1.891344431999272,67.0,11.0,0.16417910447761194,-11.597596168518066,-12.031326467340643,-11.694032669067383,0.0964365005493164,1.0,1.0,0.0,14.0,2.0,-11.694032669067383,0.0964365005493164,-11.940888376235963,0.34329220771789615,1.0,1.0,1.0,1.0,34.86363636363637,67.0,1.0,1.0,1.0,37.5,1.0,shorter_or_equal_audio,188.5,3+,0-5w
U3CAjsm1sec_1,Singing fills the air,89,U3CAjsm1sec,"[[38, 42]]",4.0,4.0,1,4,21,3-5s,2-5s,0.0449438202247191,0.0,0.0,0.0,0.0,3.0,3.5,36.5,0.07142857142857142,0.5116411935411949,45.536066225166344,11.384016556291586,7.181187365353455,0.23945304325160777,89.0,4.0,0.0449438202247191,-10.946910858154297,-11.110865354537964,-9.807576179504395,-1.1393346786499023,0.5168539325842697,44.0,43.0,24.0,5.0,-10.66157341003418,-0.2853374481201172,-10.46537190437317,-0.48153895378112743,0.0,0.0,0.0,0.0,40.0,89.0,0.0,1.0,0.75,3.5,36.5,shorter_or_equal_audio,188.5,1,0-5w
U3CAjsm1sec_2,Several cats meow as a woman speaks,89,U3CAjsm1sec,"[[28, 30], [71, 80], [85, 90]]",9.0,16.0,3,7,35,5-10s,5-10s,0.10112359550561797,0.0,0.0,1.0,0.0,4.0,39.0,10.0,0.6,0.5116411935411949,45.536066225166344,5.059562913907372,8.335773616170234,3.400442603700526,89.0,15.0,0.16853932584269662,-10.922386169433594,-11.427067311604818,-10.81391716003418,-0.10846900939941406,0.9775280898876404,3.0,2.0,20.0,5.0,-11.171119689941406,0.2487335205078125,-10.994829921722411,0.07244375228881772,0.0,1.0,1.0,1.0,72.36666666666666,89.0,0.0,1.0,0.4444444444444444,39.0,10.0,not_short_primary,nan,3+,6-10w
U5ij0M7T-hk_1,A door opens and closes,223,U5ij0M7T-hk,"[[25, 28], [142, 144], [148, 150]]",3.0,7.0,3,5,23,3-5s,2-5s,0.013452914798206279,0.0,0.0,0.0,0.0,6.0,148.0,1.0,0.3333333333333333,0.5116411935411949,114.09598615968645,38.03199538656215,14.074016872835083,1.8444384411772035,223.0,7.0,0.03139013452914798,-11.540583610534668,-12.066528047834124,-11.611051559448242,0.07046794891357422,1.0,1.0,0.0,66.0,14.0,-11.774534225463867,0.23395061492919922,-12.123453092575073,0.5828694820404046,1.0,1.0,1.0,1.0,94.78571428571429,223.0,1.0,1.0,2.0,148.0,1.0,longer_audio,188.5,3+,0-5w
U90e2P9jy30_1,"As people play basketball, a dog barks",300,U90e2P9jy30,"[[52, 53], [110, 112], [225, 226], [238, 239], [243, 244]]",2.0,6.0,5,7,38,2-3s,2-5s,0.006666666666666667,0.0,0.0,0.0,0.0,11.0,131.5,20.5,0.16666666666666666,0.5116411935411949,153.49235806235845,76.74617903117922,126.44150990820019,1.7850249313465412,300.0,6.0,0.02,-11.032870292663574,-11.407223383585611,-10.244307518005371,-0.7885627746582031,0.9433333333333334,18.0,17.0,92.0,14.0,-10.977696418762207,-0.05517387390136719,-11.105794296264648,0.07292400360107365,0.0,0.0,0.0,0.0,163.66666666666666,300.0,0.0,1.0,5.5,131.5,20.5,longer_audio,188.5,3+,6-10w
U90e2P9jy30_2,"As people play basketball, men talk and clapping breaks out",300,U90e2P9jy30,"[[212, 214], [246, 249]]",3.0,5.0,2,10,59,3-5s,2-5s,0.01,0.0,0.0,0.0,0.0,13.0,270.5,23.0,0.07142857142857142,0.5116411935411949,153.49235806235845,51.164119354119485,44.5609695612043,5.705750251417783,300.0,5.0,0.016666666666666666,-12.249345779418945,-12.362097549438477,-11.840494155883789,-0.40885162353515625,0.9133333333333333,27.0,26.0,96.0,19.0,-12.206428527832031,-0.04291725158691406,-12.283871059417725,0.03452527999878008,0.0,0.0,0.0,0.0,233.7,300.0,0.0,1.0,4.333333333333333,270.5,23.0,longer_audio,188.5,2,6-10w
UAmDLPjNyMg_1,Wind blows as a plane taxis and someone sniffs,137,UAmDLPjNyMg,"[[35, 37], [43, 44], [61, 62], [71, 72], [87, 88]]",2.0,6.0,5,9,46,2-3s,2-5s,0.014598540145985401,0.0,0.0,0.0,0.0,6.0,62.0,0.5,0.16666666666666666,0.5116411935411949,70.0948435151437,35.04742175757185,22.108374585470187,0.2955625497243801,137.0,6.0,0.043795620437956206,-9.944701194763184,-10.244492053985596,-9.90698528289795,-0.037715911865234375,0.9927007299270073,2.0,1.0,39.0,11.0,-10.000669479370117,0.055968284606933594,-10.224161033630372,0.2794598388671883,0.0,1.0,1.0,1.0,56.0,137.0,1.0,1.0,3.0,62.0,0.5,shorter_or_equal_audio,188.5,3+,6-10w
UAmDLPjNyMg_2,Wind blows as a plane taxis and a siren blares,137,UAmDLPjNyMg,"[[99, 131]]",32.0,32.0,1,10,46,20s+,10s+,0.23357664233576642,0.0,0.0,0.0,0.0,8.0,102.0,13.0,0.28125,0.5116411935411949,70.0948435151437,2.1904638598482404,2.102197222102232,10.608422299538205,137.0,32.0,0.23357664233576642,-10.424307823181152,-10.966404259204865,-10.055238723754883,-0.36906909942626953,0.948905109489051,8.0,7.0,31.0,12.0,-10.550928115844727,0.12662029266357422,-10.212972755432128,-0.21133506774902422,0.0,0.0,0.0,1.0,115.0,137.0,0.0,1.0,0.25,102.0,13.0,not_short_primary,nan,1,6-10w
UCy1BEx8jBE_1,Music plays,299,UCy1BEx8jBE,"[[0, 24], [206, 222]]",24.0,40.0,2,2,11,20s+,10s+,0.0802675585284281,1.0,0.0,1.0,1.0,16.0,8.0,4.0,0.7916666666666666,0.5116411935411949,152.98071686881727,6.37419653620072,7.379861088997374,6.061530762104866,299.0,40.0,0.13377926421404682,-10.593986511230469,-11.839449191093445,-10.94019889831543,0.34621238708496094,1.0,1.0,0.0,85.0,7.0,-11.038016319274902,0.4440298080444336,-11.427237720489503,0.8332512092590338,1.0,1.0,1.0,1.0,92.8,299.0,0.0,1.0,0.6666666666666666,8.0,4.0,not_short_primary,nan,2,0-5w
UCy1BEx8jBE_2,"Several voices, a man's voice, and water splashing",299,UCy1BEx8jBE,"[[39, 60]]",21.0,21.0,1,8,50,20s+,10s+,0.07023411371237458,0.0,0.0,0.0,0.0,51.0,48.5,1.0,0.4117647058823529,0.5116411935411949,152.98071686881727,7.284796041372251,9.541348468130241,1.4097179000428781,299.0,21.0,0.07023411371237458,-10.240878105163574,-10.381277810959588,-10.498711585998535,0.25783348083496094,1.0,1.0,0.0,89.0,5.0,-10.498711585998535,0.25783348083496094,-10.601725597381591,0.36084749221801715,1.0,1.0,1.0,1.0,49.5,299.0,1.0,1.0,2.4285714285714284,48.5,1.0,not_short_primary,nan,1,6-10w
UCy1BEx8jBE_3,A man talks as music plays in the background,299,UCy1BEx8jBE,"[[73, 104]]",31.0,31.0,1,9,44,20s+,10s+,0.10367892976588629,0.0,0.0,1.0,0.0,35.0,112.5,24.0,0.6595744680851063,0.5116411935411949,152.98071686881727,4.934861834477976,8.113863035707578,7.660984245285562,299.0,31.0,0.10367892976588629,-11.201416015625,-11.394470430189564,-11.081888198852539,-0.11952781677246094,0.9899665551839465,4.0,3.0,77.0,9.0,-11.22191333770752,0.02049732208251953,-11.273403635025025,0.07198761940002463,0.0,0.0,1.0,1.0,88.5,299.0,0.0,1.0,1.1290322580645162,112.5,24.0,not_short_primary,nan,1,6-10w
UE3XnVFodMI_1,"As music plays, a woman speaks",249,UE3XnVFodMI,"[[25, 29]]",4.0,4.0,1,6,30,3-5s,2-5s,0.01606425702811245,0.0,0.0,0.0,0.0,5.0,2.5,24.5,0.0,0.5116411935411949,127.39865719175752,31.84966429793938,41.715477541683136,13.048428905984359,249.0,4.0,0.01606425702811245,-11.232767105102539,-11.39475154876709,-11.089349746704102,-0.1434173583984375,0.9839357429718876,5.0,4.0,72.0,11.0,-11.564506530761719,0.3317394256591797,-11.676185302734375,0.44341819763183565,0.0,0.0,1.0,1.0,27.0,249.0,0.0,1.0,1.25,2.5,24.5,longer_audio,188.5,1,6-10w
UE3XnVFodMI_2,"As music plays, birds sing in the background",249,UE3XnVFodMI,"[[67, 73]]",6.0,6.0,1,8,44,5-10s,5-10s,0.024096385542168676,0.0,0.0,0.0,0.0,25.0,12.5,57.5,0.061855670103092786,0.5116411935411949,127.39865719175752,21.233109531959588,34.91132038607959,2.679214304602354,249.0,6.0,0.024096385542168676,-10.488662719726562,-10.639098485310873,-10.11314868927002,-0.37551403045654297,0.8473895582329317,39.0,38.0,70.0,9.0,-10.416794776916504,-0.0718679428100586,-10.43949535369873,-0.04916736602783267,0.0,0.0,0.0,0.0,70.0,249.0,0.0,1.0,4.166666666666667,12.5,57.5,not_short_primary,nan,1,6-10w
UE3XnVFodMI_3,"As music plays, a woman sings",249,UE3XnVFodMI,"[[83, 95], [156, 168], [200, 224]]",24.0,48.0,3,6,29,20s+,10s+,0.0963855421686747,0.0,0.0,0.0,0.0,18.0,9.0,80.0,0.2711864406779661,0.5116411935411949,127.39865719175752,5.308277382989897,8.745537768650513,1.648429306982365,249.0,48.0,0.1927710843373494,-10.972972869873047,-11.381126364072164,-10.292427062988281,-0.6805458068847656,0.7751004016064257,57.0,56.0,58.0,13.0,-10.643781661987305,-0.3291912078857422,-10.352970895767212,-0.6200019741058345,0.0,0.0,0.0,0.0,168.75,249.0,0.0,1.0,0.75,9.0,80.0,not_short_primary,nan,3+,6-10w
UE3XnVFodMI_4,A woman speaks,249,UE3XnVFodMI,"[[95, 101], [149, 156], [25, 29], [32, 36], [38, 42], [44, 50]]",7.0,31.0,6,3,14,5-10s,5-10s,0.028112449799196786,1.0,0.0,1.0,0.0,10.0,155.0,2.5,0.6,0.5116411935411949,127.39865719175752,18.199808170251075,23.83741573810465,0.048428905984359005,249.0,31.0,0.12449799196787148,-11.487748146057129,-12.038164877122448,-11.535924911499023,0.04817676544189453,1.0,1.0,0.0,65.0,5.0,-12.192598342895508,0.7048501968383789,-11.949367876052856,0.46161972999572676,1.0,1.0,1.0,1.0,75.53225806451613,249.0,0.0,1.0,1.4285714285714286,155.0,2.5,not_short_primary,nan,3+,0-5w
UQtBt6CQpwg_1,A man talks,59,UQtBt6CQpwg,"[[27, 29], [30, 31]]",2.0,3.0,2,3,11,2-3s,2-5s,0.03389830508474576,1.0,0.0,1.0,0.0,3.0,28.5,0.5,0.6666666666666666,0.5116411935411949,30.186830418930498,15.093415209465249,15.701617443277163,0.2098415777251681,59.0,3.0,0.05084745762711865,-9.357463836669922,-10.473556518554688,-11.54513168334961,2.1876678466796875,1.0,1.0,0.0,19.0,3.0,-11.768739700317383,2.411275863647461,-11.788746824264527,2.4312829875946047,1.0,1.0,1.0,1.0,28.833333333333332,59.0,1.0,1.0,1.5,28.5,0.5,shorter_or_equal_audio,188.5,2,0-5w
UXGzbBGbqAA_1,Humming rises as something scrapes,113,UXGzbBGbqAA,"[[4, 20]]",16.0,16.0,1,5,34,10-20s,10s+,0.1415929203539823,0.0,0.0,0.0,0.0,5.0,8.5,3.5,0.3125,0.5116411935411949,57.81545487015502,3.613465929384689,4.732780082540356,6.174588218378446,113.0,16.0,0.1415929203539823,-11.020045280456543,-11.151336371898651,-11.040434837341309,0.020389556884765625,1.0,1.0,0.0,27.0,4.0,-11.040434837341309,0.020389556884765625,-11.108734455108642,0.08868917465209947,1.0,1.0,1.0,1.0,12.0,113.0,0.0,1.0,0.3125,8.5,3.5,not_short_primary,nan,1,0-5w
UXGzbBGbqAA_2,People shout,113,UXGzbBGbqAA,"[[86, 87], [98, 100], [104, 107]]",3.0,6.0,3,2,12,3-5s,2-5s,0.02654867256637168,0.0,0.0,0.0,0.0,7.0,78.5,8.0,0.2222222222222222,0.5116411935411949,57.81545487015502,19.271818290051673,18.495243686427422,0.39599795509356284,113.0,6.0,0.05309734513274336,-10.595495223999023,-10.814082304636637,-10.314569473266602,-0.2809257507324219,0.9646017699115044,5.0,4.0,32.0,6.0,-10.56568717956543,-0.02980804443359375,-10.89884983062744,0.3033546066284174,0.0,0.0,1.0,1.0,100.16666666666667,113.0,0.0,1.0,2.3333333333333335,78.5,8.0,shorter_or_equal_audio,188.5,3+,0-5w
UhCzD6EBJBU_1,Music plays,260,UhCzD6EBJBU,"[[0, 7], [253, 261]]",8.0,15.0,2,2,11,5-10s,5-10s,0.03076923076923077,1.0,1.0,1.0,1.0,5.0,2.5,1.0,0.7777777777777778,0.5116411935411949,133.02671032071066,16.628338790088833,21.77916498160164,38.31763660865837,260.0,14.0,0.05384615384615385,-9.328704833984375,-10.60009343283517,-10.851119041442871,1.522414207458496,1.0,1.0,0.0,80.0,7.0,-10.851119041442871,1.522414207458496,-12.051711015701294,2.7230061817169187,1.0,1.0,1.0,1.0,130.0,260.0,1.0,0.0,0.625,2.5,1.0,not_short_primary,nan,2,0-5w
UhCzD6EBJBU_2,A power drill whirs,260,UhCzD6EBJBU,"[[164, 170], [182, 184], [230, 234], [250, 253], [173, 181]]",8.0,23.0,5,4,19,5-10s,5-10s,0.03076923076923077,1.0,0.0,1.0,0.0,9.0,169.5,2.5,0.6666666666666666,0.5116411935411949,133.02671032071066,16.628338790088833,6.153437870409958,1.1275605618561997,260.0,23.0,0.08846153846153847,-10.01002311706543,-10.220649926558785,-10.353792190551758,0.3437690734863281,1.0,1.0,0.0,74.0,2.0,-10.353792190551758,0.3437690734863281,-10.708086910247802,0.6980637931823725,1.0,1.0,1.0,1.0,194.19565217391303,260.0,0.0,1.0,1.125,169.5,2.5,not_short_primary,nan,3+,0-5w
V4PLSw_WzVw_1,A man speaks,82,V4PLSw_WzVw,"[[79, 83]]",4.0,4.0,1,3,12,3-5s,2-5s,0.04878048780487805,0.0,0.0,0.0,0.0,2.0,79.0,2.0,0.2,0.5116411935411949,41.95457787037798,10.488644467594495,10.065995457657403,18.517449843519216,82.0,3.0,0.036585365853658534,-10.33279800415039,-10.85637346903483,-10.092857360839844,-0.23994064331054688,0.9878048780487805,2.0,1.0,23.0,7.0,-10.092857360839844,-0.23994064331054688,-11.204404888153077,0.871606884002686,0.0,1.0,1.0,1.0,80.5,82.0,1.0,1.0,0.5,79.0,2.0,shorter_or_equal_audio,188.5,1,0-5w
V4PLSw_WzVw_2,A man talks as a horn blares,82,V4PLSw_WzVw,"[[78, 80]]",2.0,2.0,1,7,28,2-3s,2-5s,0.024390243902439025,0.0,0.0,1.0,0.0,4.0,15.0,64.0,0.6666666666666666,0.5116411935411949,41.95457787037798,20.97728893518899,20.131990915314805,16.517449843519216,82.0,2.0,0.024390243902439025,-11.482853889465332,-11.543873310089111,-10.803749084472656,-0.6791048049926758,0.6097560975609756,33.0,32.0,27.0,7.0,-11.721175193786621,0.23832130432128906,-11.424104633331298,-0.0587492561340337,0.0,0.0,0.0,0.0,79.0,82.0,0.0,1.0,2.0,15.0,64.0,shorter_or_equal_audio,188.5,1,6-10w
V8A0VRGdgwM_1,"While people talk, A goat bleats",77,V8A0VRGdgwM,"[[13, 14], [20, 22], [40, 42], [48, 50], [56, 60], [66, 67], [76, 78], [4, 6]]",4.0,16.0,8,6,32,3-5s,2-5s,0.05194805194805195,1.0,1.0,1.0,1.0,5.0,57.5,0.5,1.0,0.5116411935411949,39.396371902672,9.849092975668,16.193805239326075,0.18192570865213398,77.0,15.0,0.19480519480519481,-10.328536987304688,-10.90149154663086,-10.357355117797852,0.028818130493164062,1.0,1.0,0.0,12.0,1.0,-10.357355117797852,0.028818130493164062,-10.641099309921264,0.3125623226165768,1.0,1.0,1.0,1.0,41.36666666666667,77.0,1.0,0.0,1.25,57.5,0.5,shorter_or_equal_audio,188.5,3+,6-10w
V8A0VRGdgwM_2,"While people talk, a loud crash erupts",77,V8A0VRGdgwM,"[[73, 75]]",2.0,2.0,1,7,38,2-3s,2-5s,0.025974025974025976,0.0,0.0,0.0,0.0,4.0,41.0,33.0,0.0,0.5116411935411949,39.396371902672,19.698185951336,18.90443049364927,15.327361438426585,77.0,2.0,0.025974025974025976,-11.972220420837402,-12.0206298828125,-11.443012237548828,-0.5292081832885742,0.7532467532467533,20.0,19.0,19.0,6.0,-12.019735336303711,0.047514915466308594,-11.968558053970337,-0.0036623668670650034,0.0,0.0,0.0,0.0,74.0,77.0,0.0,1.0,2.0,41.0,33.0,shorter_or_equal_audio,188.5,1,6-10w
VE6Ku0-ucUM_1,Keys clack,66,VE6Ku0-ucUM,"[[0, 2]]",2.0,2.0,1,2,10,2-3s,2-5s,0.030303030303030304,1.0,1.0,1.0,1.0,2.0,1.0,0.0,1.0,0.5116411935411949,33.76831877371886,16.88415938685943,22.114229058241662,9.615246216044048,66.0,2.0,0.030303030303030304,-9.76374340057373,-9.808214664459229,-10.99681282043457,1.2330694198608398,1.0,1.0,0.0,18.0,2.0,-10.99681282043457,1.2330694198608398,-12.400244560241699,2.6365011596679686,1.0,1.0,1.0,1.0,1.0,66.0,1.0,0.0,1.0,1.0,0.0,shorter_or_equal_audio,188.5,1,0-5w
VE6Ku0-ucUM_2,Electronic beeps play,66,VE6Ku0-ucUM,"[[2, 5]]",3.0,3.0,1,3,21,3-5s,2-5s,0.045454545454545456,0.0,0.0,1.0,0.0,3.0,63.5,60.0,0.5,0.5116411935411949,33.76831877371886,11.256106257906287,14.742819372161108,7.1152462160440475,66.0,3.0,0.045454545454545456,-11.36192512512207,-11.425179799397787,-11.316889762878418,-0.045035362243652344,0.9848484848484849,2.0,1.0,17.0,2.0,-11.75213623046875,0.3902111053466797,-12.032013597488403,0.6700884723663325,0.0,1.0,1.0,1.0,3.5,66.0,0.0,1.0,1.0,63.5,60.0,shorter_or_equal_audio,188.5,1,0-5w
VE6Ku0-ucUM_3,"A car accelerates, its engine revs and wind rushes by",66,VE6Ku0-ucUM,"[[65, 67]]",2.0,2.0,1,10,53,2-3s,2-5s,0.030303030303030304,0.0,0.0,0.0,0.0,10.0,52.0,14.0,0.0,0.5116411935411949,33.76831877371886,16.88415938685943,16.203797565985088,15.709166947222784,66.0,1.0,0.015151515151515152,-11.850593566894531,-11.850593566894531,-10.858112335205078,-0.9924812316894531,0.2878787878787879,48.0,47.0,18.0,4.0,-11.840192794799805,-0.010400772094726562,-11.566979179382324,-0.28361438751220724,0.0,0.0,0.0,0.0,65.5,66.0,0.0,1.0,5.0,52.0,14.0,shorter_or_equal_audio,188.5,1,6-10w
VE6Ku0-ucUM_4,A cow moos,66,VE6Ku0-ucUM,"[[17, 32]]",15.0,15.0,1,3,10,10-20s,10s+,0.22727272727272727,0.0,0.0,0.0,0.0,9.0,19.5,5.0,0.42105263157894735,0.5116411935411949,33.76831877371886,2.2512212515812573,3.7089509573072053,0.4727054848962382,66.0,15.0,0.22727272727272727,-11.310409545898438,-11.495550028483073,-10.739192962646484,-0.5712165832519531,0.8484848484848485,11.0,10.0,13.0,3.0,-11.228474617004395,-0.08193492889404297,-10.88933448791504,-0.4210750579833977,0.0,0.0,0.0,0.0,24.5,66.0,0.0,1.0,0.6,19.5,5.0,not_short_primary,nan,1,0-5w
VE6Ku0-ucUM_5,Something pops as a man shouts and laughs,66,VE6Ku0-ucUM,"[[32, 37]]",5.0,5.0,1,8,41,5-10s,5-10s,0.07575757575757576,0.0,0.0,1.0,0.0,2.0,63.0,28.5,0.5,0.5116411935411949,33.76831877371886,6.753663754743772,7.025808483093511,2.9432280655955765,66.0,5.0,0.07575757575757576,-12.017723083496094,-12.384003067016602,-10.817008972167969,-1.200714111328125,0.9242424242424242,6.0,5.0,15.0,4.0,-11.528278350830078,-0.4894447326660156,-12.037920894622802,0.020197811126708487,0.0,0.0,0.0,1.0,34.5,66.0,0.0,1.0,0.4,63.0,28.5,not_short_primary,nan,1,6-10w
VOXl8iR-HnI_1,A man speaks over a radio,297,VOXl8iR-HnI,"[[0, 5], [12, 15], [35, 37], [76, 84], [172, 176]]",8.0,22.0,5,6,25,5-10s,5-10s,0.026936026936026935,1.0,0.0,1.0,1.0,8.0,78.0,2.0,0.875,0.5116411935411949,151.95743448173488,18.99467931021686,31.230910104414573,0.2982865523417644,297.0,22.0,0.07407407407407407,-10.021005630493164,-10.819031541997736,-10.468109130859375,0.44710350036621094,1.0,1.0,0.0,79.0,5.0,-10.468109130859375,0.44710350036621094,-11.066678819656373,1.0456731891632085,1.0,1.0,1.0,1.0,66.4090909090909,297.0,1.0,1.0,1.0,78.0,2.0,not_short_primary,nan,3+,6-10w
VOXl8iR-HnI_2,Propeller blades spin,297,VOXl8iR-HnI,"[[5, 54], [84, 134], [148, 152], [183, 207], [212, 224], [228, 290]]",62.0,201.0,6,3,21,20s+,10s+,0.20875420875420875,0.0,0.0,1.0,1.0,23.0,37.5,8.0,0.8148148148148148,0.5116411935411949,151.95743448173488,2.450926362608627,2.837611923744378,0.589547278746295,297.0,201.0,0.6767676767676768,-10.593189239501953,-11.6793301520656,-10.801197052001953,0.2080078125,1.0,1.0,0.0,20.0,1.0,-10.801197052001953,0.2080078125,-10.801197052001953,0.2080078125,1.0,1.0,1.0,1.0,153.48009950248758,297.0,0.0,1.0,0.3709677419354839,37.5,8.0,not_short_primary,nan,3+,0-5w
VQnmlf2OsUg_1,"As birds chirp, friction sounds join in",125,VQnmlf2OsUg,"[[0, 9]]",9.0,9.0,1,7,39,5-10s,5-10s,0.072,1.0,1.0,1.0,1.0,8.0,4.0,0.5,0.8888888888888888,0.5116411935411949,63.95514919264936,7.106127688072151,9.307335462222921,15.604632984931907,125.0,9.0,0.072,-11.025691986083984,-11.300565825568306,-11.554357528686523,0.5286655426025391,1.0,1.0,0.0,30.0,2.0,-13.078933715820312,2.053241729736328,-13.191604595184327,2.1659126091003422,1.0,1.0,1.0,1.0,4.5,125.0,1.0,0.0,0.8888888888888888,4.0,0.5,not_short_primary,nan,1,6-10w
VQnmlf2OsUg_2,"As a motor hums, friction sounds join in",125,VQnmlf2OsUg,"[[53, 55], [95, 105]]",10.0,12.0,2,8,40,10-20s,10s+,0.08,0.0,0.0,0.0,0.0,12.0,29.0,25.0,0.20689655172413793,0.5116411935411949,63.95514919264936,6.395514919264936,4.034374924355873,1.8434648268938147,125.0,12.0,0.096,-11.28909969329834,-11.770891825358072,-11.031851768493652,-0.2572479248046875,0.68,41.0,40.0,26.0,5.0,-11.256978034973145,-0.03212165832519531,-11.073473081588745,-0.2156266117095953,0.0,0.0,0.0,0.0,92.33333333333333,125.0,0.0,1.0,1.2,29.0,25.0,not_short_primary,nan,2,6-10w
VZLZ08k3YeA_1,Someone is laughing,142,VZLZ08k3YeA,"[[93, 95], [98, 99], [126, 128]]",2.0,5.0,3,3,19,2-3s,2-5s,0.014084507042253521,0.0,0.0,1.0,0.0,4.0,21.0,73.0,0.5,0.5116411935411949,72.65304948284967,36.326524741424834,31.638288388455052,0.38072178567108494,142.0,5.0,0.035211267605633804,-10.96896743774414,-11.337089157104492,-10.291666030883789,-0.6773014068603516,0.8873239436619719,17.0,16.0,43.0,10.0,-10.594711303710938,-0.3742561340332031,-10.94699507713318,-0.021972360610961417,0.0,0.0,0.0,0.0,108.1,142.0,0.0,1.0,2.0,21.0,73.0,shorter_or_equal_audio,188.5,3+,0-5w
VZLZ08k3YeA_2,Music is playing while a man is speaking and someone is snoring in the background,142,VZLZ08k3YeA,"[[62, 73], [84, 91], [100, 117], [128, 133]]",17.0,40.0,4,15,81,10-20s,10s+,0.11971830985915492,0.0,0.0,1.0,0.0,3.0,1.5,66.0,0.5294117647058824,0.5116411935411949,72.65304948284967,4.273708793108804,4.101495997094265,0.29851070463084284,142.0,40.0,0.28169014084507044,-13.183799743652344,-14.207575273513793,-11.622477531433105,-1.5613222122192383,0.8098591549295775,28.0,27.0,30.0,7.0,-13.03799057006836,-0.14580917358398438,-11.704954357147217,-1.4788453865051263,0.0,0.0,0.0,0.0,96.3,142.0,0.0,1.0,0.17647058823529413,1.5,66.0,not_short_primary,nan,3+,11-15w
VZLZ08k3YeA_3,People are screaming,142,VZLZ08k3YeA,"[[122, 123]]",1.0,1.0,1,3,20,1-2s,0-2s,0.007042253521126761,0.0,0.0,0.0,0.0,3.0,1.5,121.0,0.0,0.5116411935411949,72.65304948284967,72.65304948284967,69.7254319506025,14.298510704630843,142.0,1.0,0.007042253521126761,-11.009249687194824,-11.009249687194824,-9.650179862976074,-1.35906982421875,0.9436619718309859,9.0,8.0,40.0,9.0,-11.771060943603516,0.7618112564086914,-12.087425746917724,1.0781760597228995,0.0,0.0,0.0,1.0,122.5,142.0,0.0,1.0,3.0,1.5,121.0,shorter_or_equal_audio,213.0,1,0-5w
VZLZ08k3YeA_4,Someone is walking,142,VZLZ08k3YeA,"[[136, 140]]",4.0,4.0,1,3,18,3-5s,2-5s,0.028169014084507043,0.0,0.0,1.0,0.0,6.0,18.0,120.0,0.6666666666666666,0.5116411935411949,72.65304948284967,18.163262370712417,17.431357987650625,29.798510704630843,142.0,4.0,0.028169014084507043,-11.543073654174805,-11.710798263549805,-10.260482788085938,-1.2825908660888672,0.3732394366197183,90.0,89.0,50.0,12.0,-11.41700267791748,-0.12607097625732422,-10.802980051040649,-0.7400936031341558,0.0,0.0,0.0,0.0,138.0,142.0,0.0,1.0,1.5,18.0,120.0,shorter_or_equal_audio,188.5,1,0-5w
VjSEIRnLAh8_1,A woman is talking while oil sizzles,300,VjSEIRnLAh8,"[[0, 29], [51, 79], [83, 86], [33, 41]]",29.0,68.0,4,7,36,20s+,10s+,0.09666666666666666,1.0,0.0,1.0,1.0,31.0,21.5,7.0,0.71875,0.5116411935411949,153.49235806235845,5.292839933184774,8.702447956646346,3.3906196440992176,300.0,68.0,0.22666666666666666,-10.331747055053711,-10.602474984000711,-10.440937995910645,0.1091909408569336,1.0,1.0,0.0,69.0,4.0,-10.440937995910645,0.1091909408569336,-10.486344871520997,0.15459781646728565,1.0,1.0,1.0,1.0,41.029411764705884,300.0,0.0,1.0,1.0689655172413792,21.5,7.0,not_short_primary,nan,3+,6-10w
VjSEIRnLAh8_2,Five short electronic beeps sound,300,VjSEIRnLAh8,"[[160, 162]]",2.0,2.0,1,5,33,2-3s,2-5s,0.006666666666666667,0.0,0.0,0.0,0.0,16.0,15.0,146.0,0.0,0.5116411935411949,153.49235806235845,76.74617903117922,11.120813038880396,15.111435255621501,300.0,2.0,0.006666666666666667,-13.919502258300781,-13.919617652893066,-11.280254364013672,-2.6392478942871094,0.16333333333333333,252.0,251.0,98.0,17.0,-12.75181770324707,-1.167684555053711,-12.756278085708619,-1.1632241725921624,0.0,0.0,0.0,0.0,161.0,300.0,0.0,1.0,8.0,15.0,146.0,longer_audio,188.5,1,0-5w
VjSEIRnLAh8_3,Something fries loudly,300,VjSEIRnLAh8,"[[86, 300]]",214.0,214.0,1,3,22,20s+,10s+,0.7133333333333334,0.0,0.0,0.0,0.0,15.0,10.5,182.5,0.04741379310344827,0.5116411935411949,153.49235806235845,0.717254009637189,0.2654250698954691,9.929737813242866,300.0,214.0,0.7133333333333334,-11.492843627929688,-13.432438400304205,-10.448829650878906,-1.0440139770507812,0.74,79.0,78.0,23.0,15.0,-11.113306999206543,-0.37953662872314453,-10.448829650878906,-1.0440139770507812,0.0,0.0,0.0,0.0,193.0,300.0,0.0,1.0,0.07009345794392523,10.5,182.5,not_short_primary,nan,1,0-5w
VjSEIRnLAh8_4,A woman talks while a phone vibrates,300,VjSEIRnLAh8,"[[266, 268]]",2.0,2.0,1,7,36,2-3s,2-5s,0.006666666666666667,0.0,0.0,0.0,0.0,24.0,16.0,251.0,0.0,0.5116411935411949,153.49235806235845,76.74617903117922,73.65362529993222,38.405304305558104,300.0,2.0,0.006666666666666667,-12.912164688110352,-13.179653644561768,-11.128149032592773,-1.7840156555175781,0.66,103.0,102.0,95.0,17.0,-12.782453536987305,-0.12971115112304688,-12.236419324874879,-0.6757453632354729,0.0,0.0,0.0,0.0,267.0,300.0,0.0,1.0,12.0,16.0,251.0,longer_audio,188.5,1,6-10w
Vkbp8VmL3pM_1,A baby cries,61,Vkbp8VmL3pM,"[[22, 25], [37, 61]]",24.0,27.0,2,3,12,20s+,10s+,0.39344262295081966,0.0,0.0,1.0,0.0,4.0,22.0,1.5,0.5833333333333334,0.5116411935411949,31.210112806012887,1.3004213669172036,2.14248114011117,1.2929550693737966,61.0,27.0,0.4426229508196721,-10.308334350585938,-11.038151105244955,-10.58903694152832,0.2807025909423828,1.0,1.0,0.0,11.0,1.0,-11.093137741088867,0.7848033905029297,-10.638038930892945,0.32970458030700733,1.0,1.0,1.0,1.0,46.166666666666664,61.0,1.0,1.0,0.16666666666666666,22.0,1.5,not_short_primary,nan,2,0-5w
W4GEwnXc9tQ_1,"As music plays, two women chat and frogs croak",130,W4GEwnXc9tQ,"[[0, 33]]",33.0,33.0,1,9,46,20s+,10s+,0.25384615384615383,0.0,0.0,0.0,0.0,19.0,117.5,101.0,0.23529411764705882,0.5116411935411949,66.51335516035533,2.0155562169804644,2.6398987856486835,4.408818304329184,130.0,33.0,0.25384615384615383,-11.68040943145752,-12.118896715568773,-11.562601089477539,-0.11780834197998047,0.9230769230769231,11.0,10.0,30.0,8.0,-11.721975326538086,0.041565895080566406,-11.602478275299072,-0.07793115615844748,0.0,0.0,0.0,0.0,16.5,130.0,0.0,1.0,0.5757575757575758,117.5,101.0,not_short_primary,nan,1,6-10w
WCYfCfW9NA0_1,A propeller spins as something launches and explodes,281,WCYfCfW9NA0,"[[4, 10], [21, 30]]",9.0,15.0,2,8,52,5-10s,5-10s,0.03202846975088968,0.0,0.0,1.0,0.0,20.0,21.0,4.5,0.5454545454545454,0.5116411935411949,143.77117538507576,15.974575042786196,20.922890119077127,19.695214950126932,281.0,15.0,0.05338078291814947,-10.47889518737793,-10.916503969828288,-10.467491149902344,-0.011404037475585938,0.9928825622775801,3.0,2.0,78.0,9.0,-10.666962623596191,0.18806743621826172,-10.542637434005737,0.06374224662780748,0.0,1.0,1.0,1.0,18.1,281.0,0.0,1.0,2.2222222222222223,21.0,4.5,not_short_primary,nan,2,6-10w
WCYfCfW9NA0_2,A man talks,281,WCYfCfW9NA0,"[[88, 199], [242, 282]]",111.0,151.0,2,3,11,20s+,10s+,0.39501779359430605,0.0,0.0,1.0,1.0,45.0,155.5,12.0,0.7372881355932204,0.5116411935411949,143.77117538507576,1.2952358142799618,1.347428462837344,9.144652824732674,281.0,150.0,0.5338078291814946,-10.638827323913574,-11.047695204416911,-11.207681655883789,0.5688543319702148,1.0,1.0,0.0,37.0,0.0,-11.207681655883789,0.5688543319702148,-11.207681655883789,0.5688543319702148,1.0,1.0,1.0,1.0,174.18,281.0,0.0,1.0,0.40540540540540543,155.5,12.0,not_short_primary,nan,2,0-5w
WCYfCfW9NA0_3,A propeller spins,281,WCYfCfW9NA0,"[[0, 20], [36, 88], [199, 241]]",52.0,114.0,3,3,17,20s+,10s+,0.18505338078291814,1.0,0.0,1.0,0.0,27.0,229.5,9.5,0.6153846153846154,0.5116411935411949,143.77117538507576,2.7648302958668416,2.6534190652924297,5.882968366206114,281.0,114.0,0.40569395017793597,-9.647775650024414,-10.56962257519103,-9.555370330810547,-0.09240531921386719,0.9857651245551602,5.0,4.0,47.0,3.0,-9.555370330810547,-0.09240531921386719,-9.567139492034912,-0.08063615798950252,0.0,0.0,1.0,1.0,111.08771929824562,281.0,0.0,1.0,0.5192307692307693,229.5,9.5,not_short_primary,nan,3+,0-5w
WCYfCfW9NA0_4,Several men talk as objects bump together and camera shutters click,281,WCYfCfW9NA0,"[[273, 276]]",3.0,3.0,1,11,67,3-5s,2-5s,0.010676156583629894,0.0,0.0,0.0,0.0,6.0,5.0,269.5,0.375,0.5116411935411949,143.77117538507576,47.92372512835859,45.992597131735444,60.382968366206114,281.0,3.0,0.010676156583629894,-12.179424285888672,-12.56863276163737,-11.594229698181152,-0.5851945877075195,0.9715302491103203,9.0,8.0,85.0,16.0,-12.34445571899414,0.16503143310546875,-12.785814199447632,0.6063899135589601,0.0,0.0,0.0,1.0,274.5,281.0,0.0,1.0,2.0,5.0,269.5,longer_audio,188.5,1,11-15w
WLzzpzOKtnY_1,A man talks and birds chirp with background noise,300,WLzzpzOKtnY,"[[141, 143], [159, 186], [236, 240], [245, 248], [249, 253], [256, 262]]",27.0,46.0,6,9,49,20s+,10s+,0.09,0.0,0.0,0.0,0.0,22.0,16.0,126.0,0.4375,0.5116411935411949,153.49235806235845,5.68490215045772,5.913980204624168,1.439872429111034,300.0,46.0,0.15333333333333332,-11.676485061645508,-11.88895501261172,-11.596834182739258,-0.07965087890625,0.9633333333333334,12.0,11.0,79.0,19.0,-11.671004295349121,-0.005480766296386719,-11.619001121520997,-0.05748394012451108,0.0,0.0,0.0,0.0,199.80434782608697,300.0,0.0,1.0,0.8148148148148148,16.0,126.0,not_short_primary,nan,3+,6-10w
WLzzpzOKtnY_2,A machine rumbles and the wind blows with background noise,300,WLzzpzOKtnY,"[[210, 231]]",21.0,21.0,1,10,58,20s+,10s+,0.07,0.0,0.0,0.0,0.0,59.0,246.5,26.0,0.4883720930232558,0.5116411935411949,153.49235806235845,7.309159907731354,8.462334741325227,0.2975225037841369,300.0,21.0,0.07,-12.372385025024414,-12.48062833150228,-12.272062301635742,-0.10032272338867188,0.9866666666666667,5.0,4.0,90.0,11.0,-12.344320297241211,-0.028064727783203125,-12.499818296432496,0.1274332714080817,0.0,0.0,1.0,1.0,220.5,300.0,0.0,1.0,2.8095238095238093,246.5,26.0,not_short_primary,nan,1,6-10w
WOywdRmySs0_1,Music plays as various sound effects go off,299,WOywdRmySs0,"[[15, 21]]",6.0,6.0,1,8,43,5-10s,5-10s,0.020066889632107024,0.0,0.0,1.0,0.0,6.0,13.0,5.0,0.5714285714285714,0.5116411935411949,152.98071686881727,25.49678614480288,33.39471963845585,30.090282099957122,299.0,6.0,0.020066889632107024,-8.90933895111084,-9.109317938486734,-9.216501235961914,0.3071622848510742,1.0,1.0,0.0,94.0,10.0,-9.216501235961914,0.3071622848510742,-11.66115867614746,2.7518197250366203,1.0,1.0,1.0,1.0,18.0,299.0,0.0,1.0,1.0,13.0,5.0,not_short_primary,nan,1,6-10w
WOywdRmySs0_2,A man speaks as objects are moved and scraped,299,WOywdRmySs0,"[[29, 41], [90, 91], [104, 116], [174, 180]]",12.0,31.0,4,9,45,10-20s,10s+,0.04013377926421405,0.0,0.0,1.0,1.0,12.0,260.0,83.0,1.0,0.5116411935411949,152.98071686881727,12.74839307240144,21.003339701417698,1.1490748482420514,299.0,31.0,0.10367892976588629,-11.041902542114258,-11.659900972920079,-10.574298858642578,-0.4676036834716797,0.9130434782608695,27.0,26.0,81.0,16.0,-10.925569534301758,-0.1163330078125,-10.753786602020263,-0.288115940093995,0.0,0.0,0.0,0.0,93.30645161290323,299.0,0.0,1.0,1.0,260.0,83.0,not_short_primary,nan,3+,6-10w
WOywdRmySs0_3,A man speaks as plastic rustles,299,WOywdRmySs0,"[[197, 204], [258, 268]]",10.0,17.0,2,6,31,10-20s,10s+,0.033444816053511704,1.0,1.0,1.0,1.0,12.0,263.0,0.0,0.8333333333333334,0.5116411935411949,152.98071686881727,15.298071686881727,5.661162840777161,1.753305353865386,299.0,17.0,0.056856187290969896,-10.351184844970703,-11.030643407036276,-10.564725875854492,0.21354103088378906,1.0,1.0,0.0,87.0,16.0,-10.577215194702148,0.2260303497314453,-11.08077742576599,0.7295925807952877,1.0,1.0,1.0,1.0,237.26470588235293,299.0,1.0,0.0,1.2,263.0,0.0,not_short_primary,nan,2,6-10w
WUpeplQr3A4_1,Something heavy thuds,300,WUpeplQr3A4,"[[19, 21], [81, 82], [144, 146], [176, 177]]",2.0,6.0,4,3,21,2-3s,2-5s,0.006666666666666667,0.0,0.0,0.0,0.0,9.0,13.5,6.5,0.2,0.5116411935411949,153.49235806235845,76.74617903117922,11.120813038880396,0.38856474437849897,300.0,6.0,0.02,-11.97964096069336,-12.347364584604898,-10.824041366577148,-1.155599594116211,0.9133333333333333,27.0,26.0,92.0,18.0,-10.824041366577148,-1.155599594116211,-12.024960498809815,0.045319538116455504,0.0,0.0,0.0,0.0,98.0,300.0,0.0,1.0,4.5,13.5,6.5,longer_audio,188.5,3+,0-5w
WUpeplQr3A4_2,Digging the ground with a shovel,300,WUpeplQr3A4,"[[119, 137]]",18.0,18.0,1,6,32,10-20s,10s+,0.06,0.0,0.0,0.0,0.0,12.0,12.0,116.0,0.45454545454545453,0.5116411935411949,153.49235806235845,8.52735322568658,5.379166565807831,6.02431558454515,300.0,18.0,0.06,-12.925956726074219,-13.472412480248344,-12.030950546264648,-0.8950061798095703,0.9566666666666667,14.0,13.0,84.0,13.0,-13.370676040649414,0.4447193145751953,-12.786388664245605,-0.13956806182861392,0.0,0.0,0.0,0.0,128.0,300.0,0.0,1.0,0.6666666666666666,12.0,116.0,not_short_primary,nan,1,6-10w
WUpeplQr3A4_3,A woman screams,300,WUpeplQr3A4,"[[137, 142]]",5.0,5.0,1,3,15,5-10s,5-10s,0.016666666666666666,0.0,0.0,0.0,0.0,8.0,146.0,6.5,0.0,0.5116411935411949,153.49235806235845,30.69847161247169,31.935493104970504,3.939872429111034,300.0,5.0,0.016666666666666666,-12.340555191040039,-12.510336303710938,-11.73116683959961,-0.6093883514404297,0.96,13.0,12.0,85.0,17.0,-11.992953300476074,-0.34760189056396484,-12.530755653381348,0.19020046234130916,0.0,0.0,0.0,0.0,139.5,300.0,0.0,1.0,1.6,146.0,6.5,not_short_primary,nan,1,0-5w
WUyeFOyKIg0_1,Someone blows a whistle as the wind blows,299,WUyeFOyKIg0,"[[199, 201], [202, 204]]",2.0,4.0,2,8,41,2-3s,2-5s,0.006688963210702341,0.0,0.0,0.0,0.0,8.0,229.0,26.0,0.0,0.5116411935411949,152.98071686881727,76.49035843440863,28.305814203885806,0.746694646134614,299.0,4.0,0.013377926421404682,-11.216347694396973,-11.465950965881348,-10.610170364379883,-0.6061773300170898,0.745819397993311,77.0,76.0,95.0,18.0,-10.98259449005127,-0.23375320434570312,-11.100099296569825,-0.1162483978271478,0.0,0.0,0.0,0.0,201.5,299.0,0.0,1.0,4.0,229.0,26.0,longer_audio,188.5,2,6-10w
WUyeFOyKIg0_2,A horn blares as the wind blows,299,WUyeFOyKIg0,"[[222, 225], [256, 258], [293, 295]]",3.0,7.0,3,7,31,3-5s,2-5s,0.010033444816053512,0.0,0.0,0.0,0.0,10.0,230.0,6.5,0.2857142857142857,0.5116411935411949,152.98071686881727,50.99357228960576,59.03888871197899,3.4384692378951343,299.0,7.0,0.023411371237458192,-10.420462608337402,-10.780410357883998,-10.383464813232422,-0.03699779510498047,0.9933110367892977,3.0,2.0,85.0,17.0,-10.453529357910156,0.033066749572753906,-10.684808359146118,0.26434575080871525,0.0,1.0,1.0,1.0,253.21428571428572,299.0,0.0,1.0,3.3333333333333335,230.0,6.5,longer_audio,188.5,3+,6-10w
WWkhzcmx3VE_1,"Amid background noise, a duck quacks",300,WWkhzcmx3VE,"[[41, 47], [54, 60], [89, 96], [164, 173], [204, 213], [232, 242], [294, 300]]",10.0,53.0,7,6,36,10-20s,10s+,0.03333333333333333,1.0,0.0,1.0,1.0,9.0,43.5,0.5,0.75,0.5116411935411949,153.49235806235845,15.349235806235844,13.36829086836129,1.2057502514177827,300.0,53.0,0.17666666666666667,-10.841665267944336,-11.725100715205354,-10.733733177185059,-0.10793209075927734,0.99,4.0,3.0,82.0,14.0,-10.733733177185059,-0.10793209075927734,-10.851340293884277,0.009675025939941406,0.0,0.0,1.0,1.0,166.00943396226415,300.0,1.0,1.0,0.9,43.5,0.5,not_short_primary,nan,3+,6-10w
WmDe2xbnSY4_1,Music plays as gunshots ring out,300,WmDe2xbnSY4,"[[56, 146], [162, 170], [189, 243], [263, 300]]",90.0,189.0,4,6,32,20s+,10s+,0.3,0.0,0.0,0.0,0.0,22.0,72.0,29.0,0.3783783783783784,0.5116411935411949,153.49235806235845,1.705470645137316,1.9745447729758863,4.797522503784137,300.0,189.0,0.63,-10.639749526977539,-11.144983109973726,-10.670122146606445,0.03037261962890625,1.0,1.0,0.0,31.0,2.0,-10.713722229003906,0.07397270202636719,-10.670122146606445,0.03037261962890625,1.0,1.0,1.0,1.0,171.94444444444446,300.0,0.0,1.0,0.24444444444444444,72.0,29.0,not_short_primary,nan,3+,6-10w
Wq4OD3olO2w_1,A child shouts at the top of their lungs,299,Wq4OD3olO2w,"[[91, 93], [94, 96], [88, 90]]",2.0,6.0,3,9,40,2-3s,2-5s,0.006688963210702341,0.0,0.0,0.0,0.0,7.0,89.5,0.5,0.2857142857142857,0.5116411935411949,152.98071686881727,76.49035843440863,125.76487705346744,8.160984245285562,299.0,6.0,0.020066889632107024,-11.180916786193848,-11.792567094167074,-11.201871871948242,0.02095508575439453,1.0,1.0,0.0,90.0,20.0,-12.017549514770508,0.8366327285766602,-12.099053592681885,0.9181368064880377,1.0,1.0,1.0,1.0,92.0,299.0,1.0,1.0,3.5,89.5,0.5,longer_audio,188.5,3+,6-10w
Wq4OD3olO2w_2,Voices ring out in surprise and conversation,299,Wq4OD3olO2w,"[[122, 127]]",5.0,5.0,1,7,44,5-10s,5-10s,0.016722408026755852,0.0,0.0,0.0,0.0,18.0,64.0,60.5,0.0,0.5116411935411949,152.98071686881727,30.596143373763454,19.3004496381185,9.077567865930007,299.0,5.0,0.016722408026755852,-11.930264472961426,-12.04187240600586,-11.038980484008789,-0.8912839889526367,0.862876254180602,42.0,41.0,88.0,21.0,-11.873329162597656,-0.05693531036376953,-11.87810622215271,-0.05215825080871639,0.0,0.0,0.0,0.0,124.5,299.0,0.0,1.0,3.6,64.0,60.5,not_short_primary,nan,1,6-10w
WqXFAY4k79s_1,A girl screams while background noise fill the air,300,WqXFAY4k79s,"[[5, 7], [61, 64], [184, 187], [70, 71], [188, 190], [42, 43], [96, 99], [103, 105], [172, 175], [199, 201], [210, 212]]",3.0,24.0,11,9,50,3-5s,2-5s,0.01,0.0,0.0,0.0,0.0,13.0,22.5,16.5,0.2727272727272727,0.5116411935411949,153.49235806235845,51.164119354119485,7.4138753592535975,2.611435255621501,300.0,24.0,0.08,-10.163043975830078,-11.012861728668213,-9.675870895385742,-0.48717308044433594,0.97,10.0,9.0,77.0,16.0,-10.166585922241211,0.0035419464111328125,-10.201325635910035,0.03828166007995648,0.0,0.0,0.0,1.0,128.75,300.0,0.0,1.0,4.333333333333333,22.5,16.5,longer_audio,188.5,3+,6-10w
WqXFAY4k79s_2,A girl sings while footsteps and background noise fill the space,300,WqXFAY4k79s,"[[12, 18], [31, 36], [114, 118], [108, 111], [21, 23]]",6.0,20.0,5,11,64,5-10s,5-10s,0.02,1.0,0.0,1.0,0.0,12.0,12.0,3.0,0.5,0.5116411935411949,153.49235806235845,25.582059677059743,42.14716996940006,0.28502493134654117,300.0,20.0,0.06666666666666667,-9.94323444366455,-11.072060537338256,-9.884939193725586,-0.058295249938964844,0.9966666666666667,2.0,1.0,80.0,10.0,-10.155017852783203,0.21178340911865234,-10.584516353607178,0.6412819099426272,0.0,1.0,1.0,1.0,54.7,300.0,0.0,1.0,2.0,12.0,3.0,not_short_primary,nan,3+,11-15w
XWw7ZM1c_QA_1,A music box plays as scraping sounds fill the air,102,XWw7ZM1c_QA,"[[18, 28], [45, 54], [65, 74], [90, 99]]",10.0,37.0,4,10,49,10-20s,10s+,0.09803921568627451,0.0,0.0,1.0,1.0,26.0,89.0,5.5,0.7777777777777778,0.5116411935411949,52.187401741201874,5.218740174120187,1.931232808559433,0.5038891434974317,102.0,37.0,0.3627450980392157,-11.938945770263672,-12.445726884377969,-11.923830032348633,-0.015115737915039062,0.9803921568627451,3.0,2.0,22.0,3.0,-11.923830032348633,-0.015115737915039062,-11.93027346611023,-0.008672304153442667,0.0,1.0,1.0,1.0,58.148648648648646,102.0,0.0,1.0,2.6,89.0,5.5,not_short_primary,nan,3+,6-10w
XWw7ZM1c_QA_2,Scraping sounds fill the air as a mechanical cuckoo calls and bells ring,102,XWw7ZM1c_QA,"[[37, 44], [81, 89]]",8.0,15.0,2,13,72,5-10s,5-10s,0.0784313725490196,0.0,0.0,1.0,0.0,23.0,86.5,1.5,0.625,0.5116411935411949,52.187401741201874,6.523425217650234,10.747528342197016,3.3669084766578266,102.0,15.0,0.14705882352941177,-11.638199806213379,-11.805581601460775,-11.570884704589844,-0.06731510162353516,0.9705882352941176,4.0,3.0,25.0,3.0,-11.636606216430664,-0.0015935897827148438,-11.695943756103516,0.05774394989013665,0.0,0.0,1.0,1.0,64.23333333333333,102.0,1.0,1.0,2.875,86.5,1.5,not_short_primary,nan,2,11-15w
XWw7ZM1c_QA_3,A mechanical cuckoo calls as things move,102,XWw7ZM1c_QA,"[[15, 17], [37, 44], [63, 65], [98, 99]]",7.0,12.0,4,7,40,5-10s,5-10s,0.06862745098039216,1.0,0.0,1.0,0.0,10.0,43.0,2.5,0.5454545454545454,0.5116411935411949,52.187401741201874,7.455343105885982,9.764724519223591,0.40538051570443656,102.0,12.0,0.11764705882352941,-10.774370193481445,-11.042098124821981,-10.688873291015625,-0.08549690246582031,0.9509803921568627,6.0,5.0,26.0,4.0,-10.688873291015625,-0.08549690246582031,-10.80031886100769,0.025948667526245472,0.0,0.0,0.0,1.0,45.166666666666664,102.0,0.0,1.0,1.4285714285714286,43.0,2.5,not_short_primary,nan,3+,6-10w
XZTt1xdK8uQ_1,Engine sounds mix with something dropping into water,140,XZTt1xdK8uQ,"[[66, 67]]",1.0,1.0,1,8,52,1-2s,0-2s,0.007142857142857143,0.0,0.0,0.0,0.0,8.0,115.0,48.5,0.0,0.5116411935411949,71.62976709576728,71.62976709576728,74.5161505782645,0.4386071335851369,140.0,1.0,0.007142857142857143,-11.171188354492188,-11.171188354492188,-10.595922470092773,-0.5752658843994141,0.8071428571428572,28.0,27.0,42.0,12.0,-10.789737701416016,-0.3814506530761719,-11.308738479614258,0.1375501251220701,0.0,0.0,0.0,0.0,66.5,140.0,0.0,1.0,8.0,115.0,48.5,shorter_or_equal_audio,213.0,1,6-10w
XZTt1xdK8uQ_2,Engine sounds blend with footsteps on fallen leaves,140,XZTt1xdK8uQ,"[[103, 104], [113, 127], [131, 140]]",14.0,24.0,3,8,51,10-20s,10s+,0.1,0.0,0.0,0.0,0.0,4.0,2.0,101.5,0.3684210526315789,0.5116411935411949,71.62976709576728,5.116411935411948,5.923634318927659,0.4611561649007285,140.0,24.0,0.17142857142857143,-11.312049865722656,-11.98645011583964,-10.758662223815918,-0.5533876419067383,0.9785714285714285,4.0,3.0,32.0,7.0,-11.188119888305664,-0.12392997741699219,-11.260850448608398,-0.05119941711425824,0.0,0.0,1.0,1.0,125.125,140.0,0.0,1.0,0.2857142857142857,2.0,101.5,not_short_primary,nan,3+,6-10w
XamQAY_WXRY_1,A man is speaking as water flows and birds sing,299,XamQAY_WXRY,"[[136, 160]]",24.0,24.0,1,10,47,20s+,10s+,0.0802675585284281,0.0,0.0,1.0,0.0,19.0,20.5,127.5,0.6206896551724138,0.5116411935411949,152.98071686881727,6.37419653620072,6.631050304434847,5.038260478986018,299.0,24.0,0.0802675585284281,-11.284339904785156,-11.620432813962301,-10.775762557983398,-0.5085773468017578,0.7491638795986622,76.0,75.0,81.0,14.0,-11.657770156860352,0.3734302520751953,-10.881388273239136,-0.40295163154602065,0.0,0.0,0.0,0.0,148.0,299.0,0.0,1.0,0.7916666666666666,20.5,127.5,not_short_primary,nan,1,6-10w
XrJcmftCY04_1,A woman is talking while people are cheering in the background,194,XrJcmftCY04,"[[4, 11]]",7.0,7.0,1,11,62,5-10s,5-10s,0.03608247422680412,1.0,1.0,1.0,1.0,10.0,9.0,1.5,0.7,0.5116411935411949,99.2583915469918,14.17977022099883,18.57212310518997,23.70239039261432,194.0,7.0,0.03608247422680412,-10.935256958007812,-11.094218390328544,-11.090553283691406,0.15529632568359375,1.0,1.0,0.0,59.0,6.0,-11.090553283691406,0.15529632568359375,-11.61073703765869,0.6754800796508782,1.0,1.0,1.0,1.0,7.5,194.0,1.0,0.0,1.4285714285714286,9.0,1.5,not_short_primary,nan,1,11-15w
XrJcmftCY04_2,"Amid applause, people are cheering",194,XrJcmftCY04,"[[51, 58], [67, 72], [93, 99], [105, 111], [112, 118], [120, 126], [151, 153], [74, 76], [101, 103], [131, 133], [171, 175], [15, 23], [179, 195]]",16.0,72.0,13,5,34,10-20s,10s+,0.08247422680412371,1.0,0.0,1.0,1.0,10.0,186.0,1.0,0.875,0.5116411935411949,99.2583915469918,6.203649471686988,2.295705667037561,0.7721028807696086,194.0,71.0,0.36597938144329895,-9.94032096862793,-11.299756896327919,-10.1154146194458,0.1750936508178711,1.0,1.0,0.0,40.0,0.0,-10.1154146194458,0.1750936508178711,-10.364422035217284,0.42410106658935476,1.0,1.0,1.0,1.0,111.8943661971831,194.0,1.0,1.0,0.625,186.0,1.0,not_short_primary,nan,3+,0-5w
Xz56Q2Q5j5c_1,A machine grinds something,300,Xz56Q2Q5j5c,"[[33, 113], [122, 297]]",175.0,255.0,2,4,26,20s+,10s+,0.5833333333333334,0.0,0.0,0.0,0.0,31.0,67.5,5.5,0.475,0.5116411935411949,153.49235806235845,0.8770991889277625,0.7639023353349309,2.2057502514177827,300.0,255.0,0.85,-11.390542984008789,-12.400156051037358,-11.787981033325195,0.39743804931640625,1.0,1.0,0.0,15.0,0.0,-11.787981033325195,0.39743804931640625,-11.787981033325195,0.39743804931640625,1.0,1.0,1.0,1.0,166.6764705882353,300.0,0.0,1.0,0.17714285714285713,67.5,5.5,not_short_primary,nan,2,0-5w
Y3lNEe-ZGF0_1,Music plays as a clock ticks,65,Y3lNEe-ZGF0,"[[41, 63]]",22.0,22.0,1,6,28,20s+,10s+,0.3384615384615385,1.0,1.0,1.0,1.0,23.0,53.5,1.5,0.875,0.5116411935411949,33.256677580177666,1.5116671627353484,1.4507532256047253,2.4711492662042573,65.0,22.0,0.3384615384615385,-11.20370101928711,-11.637525298378684,-11.92386245727539,0.7201614379882812,1.0,1.0,0.0,11.0,0.0,-11.92386245727539,0.7201614379882812,-12.001418600082397,0.7977175807952879,1.0,1.0,1.0,1.0,52.0,65.0,1.0,0.0,1.0454545454545454,53.5,1.5,not_short_primary,nan,1,6-10w
YH4qi8Ul6v0_1,A baby cries,60,YH4qi8Ul6v0,"[[0, 11], [29, 31], [33, 38], [40, 42]]",11.0,20.0,4,3,12,10-20s,10s+,0.18333333333333332,1.0,0.0,1.0,0.0,3.0,35.5,0.0,0.6666666666666666,0.5116411935411949,30.698471612471693,2.790770146588336,0.40439320141383256,0.27771294887569553,60.0,20.0,0.3333333333333333,-10.217714309692383,-10.585427045822144,-10.568666458129883,0.3509521484375,1.0,1.0,0.0,9.0,0.0,-10.832980155944824,0.6152658462524414,-10.672827014923095,0.4551127052307127,1.0,1.0,1.0,1.0,19.0,60.0,1.0,1.0,0.2727272727272727,35.5,0.0,not_short_primary,nan,3+,0-5w
YH4qi8Ul6v0_2,A man talks,60,YH4qi8Ul6v0,"[[30, 35], [0, 5]]",5.0,10.0,2,3,11,5-10s,5-10s,0.08333333333333333,0.0,0.0,0.0,0.0,3.0,30.5,2.0,0.3333333333333333,0.5116411935411949,30.698471612471693,6.139694322494338,0.8896650431104316,2.7222870511243045,60.0,10.0,0.16666666666666666,-11.465742111206055,-11.70306043624878,-11.141214370727539,-0.3245277404785156,0.8,13.0,12.0,13.0,3.0,-11.5343599319458,0.0686178207397461,-11.268870325088502,-0.19687178611755307,0.0,0.0,0.0,0.0,17.5,60.0,1.0,1.0,0.6,30.5,2.0,not_short_primary,nan,2,0-5w
YH4qi8Ul6v0_3,As a man hums,60,YH4qi8Ul6v0,"[[9, 23], [36, 50]]",14.0,28.0,2,4,13,10-20s,10s+,0.23333333333333334,1.0,1.0,1.0,1.0,19.0,17.5,1.5,0.7368421052631579,0.5116411935411949,30.698471612471693,2.1927479723194065,3.6052998677534864,0.22187607118015507,60.0,28.0,0.4666666666666667,-11.957427978515625,-12.227275473730904,-12.159095764160156,0.20166778564453125,1.0,1.0,0.0,8.0,0.0,-12.209060668945312,0.2516326904296875,-12.164198532104493,0.20677055358886776,1.0,1.0,1.0,1.0,29.5,60.0,1.0,0.0,1.3571428571428572,17.5,1.5,not_short_primary,nan,2,0-5w
YQGW5AwDOIo_1,"A man speaks as the wind blows, engines rumble, and birds sing",299,YQGW5AwDOIo,"[[0, 55]]",55.0,55.0,1,12,62,20s+,10s+,0.18394648829431437,0.0,0.0,0.0,0.0,21.0,16.5,11.0,0.38181818181818183,0.5116411935411949,152.98071686881727,2.7814675794330412,3.643060324195183,20.590282099957122,299.0,55.0,0.18394648829431437,-10.890857696533203,-11.059699335965243,-11.315914154052734,0.42505645751953125,1.0,1.0,0.0,69.0,0.0,-11.583667755126953,0.69281005859375,-11.469405088424683,0.5785473918914796,1.0,1.0,1.0,1.0,27.5,299.0,0.0,1.0,0.38181818181818183,16.5,11.0,not_short_primary,nan,1,11-15w
YQGW5AwDOIo_2,An announcement plays while an engine runs in the background,299,YQGW5AwDOIo,"[[101, 121], [202, 211], [218, 232], [241, 246]]",20.0,48.0,4,10,60,20s+,10s+,0.06688963210702341,0.0,0.0,1.0,0.0,11.0,247.5,4.0,0.6,0.5116411935411949,152.98071686881727,7.649035843440863,6.661864949400043,0.10326891608696087,299.0,48.0,0.1605351170568562,-10.942249298095703,-11.755641043186188,-10.936182975769043,-0.006066322326660156,0.9966555183946488,2.0,1.0,71.0,11.0,-10.936182975769043,-0.006066322326660156,-11.051312370300293,0.10906307220458977,0.0,1.0,1.0,1.0,175.95833333333334,299.0,0.0,1.0,0.55,247.5,4.0,not_short_primary,nan,3+,6-10w
YQGW5AwDOIo_3,A man and a woman chat and laugh as an engine runs in the background,299,YQGW5AwDOIo,"[[162, 167]]",5.0,5.0,1,15,68,5-10s,5-10s,0.016722408026755852,0.0,0.0,0.0,0.0,20.0,28.0,136.5,0.25,0.5116411935411949,152.98071686881727,30.596143373763454,4.433497464833651,11.024397138102756,299.0,5.0,0.016722408026755852,-11.215208053588867,-11.416951751708984,-10.464513778686523,-0.7506942749023438,0.802675585284281,60.0,59.0,80.0,15.0,-11.790180206298828,0.5749721527099609,-11.183137845993041,-0.032070207595825906,0.0,0.0,0.0,0.0,164.5,299.0,0.0,1.0,4.0,28.0,136.5,not_short_primary,nan,1,11-15w
YQGW5AwDOIo_4,Music plays as an engine runs in the background,299,YQGW5AwDOIo,"[[181, 186]]",5.0,5.0,1,9,47,5-10s,5-10s,0.016722408026755852,0.0,0.0,0.0,0.0,124.0,231.0,47.5,0.08928571428571429,0.5116411935411949,152.98071686881727,30.596143373763454,4.433497464833651,7.975602861897244,299.0,5.0,0.016722408026755852,-11.554576873779297,-11.65849552154541,-11.251063346862793,-0.3035135269165039,0.8327759197324415,51.0,50.0,81.0,14.0,-11.458562850952148,-0.09601402282714844,-11.529407777786254,-0.025169095993042845,0.0,0.0,0.0,0.0,183.5,299.0,0.0,1.0,24.8,231.0,47.5,not_short_primary,nan,1,6-10w
YQGW5AwDOIo_5,A man shouts into a speaker as an engine revs in the background,299,YQGW5AwDOIo,"[[246, 262]]",16.0,16.0,1,13,63,10-20s,10s+,0.05351170568561873,0.0,0.0,0.0,0.0,9.0,249.5,4.5,0.47058823529411764,0.5116411935411949,152.98071686881727,9.56129480430108,9.176014151949888,26.1672866245396,299.0,16.0,0.05351170568561873,-10.974024772644043,-11.662098407745361,-10.861675262451172,-0.1123495101928711,0.9899665551839465,4.0,3.0,81.0,16.0,-12.0150785446167,1.0410537719726562,-11.188235702514648,0.21421092987060497,0.0,0.0,1.0,1.0,254.0,299.0,0.0,1.0,0.5625,249.5,4.5,not_short_primary,nan,1,11-15w
YflmW68gL4E_1,A woman laughs,285,YflmW68gL4E,"[[17, 19], [25, 27], [90, 92], [95, 100], [154, 156], [201, 203], [259, 261], [279, 281], [4, 6], [32, 35], [81, 82], [161, 165], [191, 192], [282, 285]]",5.0,33.0,14,3,14,5-10s,5-10s,0.017543859649122806,0.0,0.0,1.0,1.0,17.0,22.5,3.5,1.0,0.5116411935411949,145.81774015924054,29.16354803184811,10.792183341949773,1.28325092258072,285.0,33.0,0.11578947368421053,-10.266213417053223,-10.819156762325402,-10.349508285522461,0.08329486846923828,1.0,1.0,0.0,69.0,9.0,-10.349508285522461,0.08329486846923828,-10.463765153884887,0.19755173683166483,1.0,1.0,1.0,1.0,134.46969696969697,285.0,0.0,1.0,3.4,22.5,3.5,not_short_primary,nan,3+,0-5w
YflmW68gL4E_2,Someone burps,285,YflmW68gL4E,"[[24, 25], [30, 32], [89, 90], [160, 161], [189, 191], [200, 202], [278, 280], [94, 95]]",2.0,12.0,8,2,13,2-3s,2-5s,0.007017543859649123,0.0,0.0,0.0,0.0,7.0,168.5,8.0,0.3333333333333333,0.5116411935411949,145.81774015924054,72.90887007962027,26.980458354874433,2.78325092258072,285.0,12.0,0.042105263157894736,-10.22140884399414,-10.713387568791708,-10.255294799804688,0.033885955810546875,1.0,1.0,0.0,82.0,14.0,-10.591426849365234,0.37001800537109375,-10.822002124786376,0.6005932807922356,1.0,1.0,1.0,1.0,147.58333333333334,285.0,0.0,1.0,3.5,168.5,8.0,longer_audio,188.5,3+,0-5w
Z1Cyj4N05lk_1,A dog whines as mechanical buzzers and noises sound and someone whistles,299,Z1Cyj4N05lk,"[[82, 89], [112, 120], [139, 143]]",8.0,19.0,3,12,72,5-10s,5-10s,0.026755852842809364,0.0,0.0,0.0,0.0,16.0,222.0,81.0,0.4117647058823529,0.5116411935411949,152.98071686881727,19.12258960860216,19.89315091330454,1.9617395210139819,299.0,19.0,0.06354515050167224,-11.890947341918945,-12.001620694210654,-11.903205871582031,0.012258529663085938,1.0,1.0,0.0,66.0,14.0,-11.97801399230957,0.087066650390625,-11.977490291595458,0.0865429496765131,1.0,1.0,1.0,1.0,110.02631578947368,299.0,0.0,1.0,2.0,222.0,81.0,not_short_primary,nan,3+,11-15w
Z1Cyj4N05lk_2,"A dog whines, things make noise, mechanical buzzers sound, steam hisses",299,Z1Cyj4N05lk,"[[122, 125], [126, 140]]",14.0,17.0,2,11,71,10-20s,10s+,0.046822742474916385,0.0,0.0,1.0,0.0,22.0,112.0,11.5,0.6666666666666666,0.5116411935411949,152.98071686881727,10.927194062058376,6.893017727899464,0.577567865930007,299.0,17.0,0.056856187290969896,-12.160804748535156,-12.465444059932933,-12.017217636108398,-0.1435871124267578,0.959866220735786,13.0,12.0,66.0,14.0,-12.074688911437988,-0.08611583709716797,-12.163119869232178,0.0023151206970215554,0.0,0.0,0.0,0.0,131.3235294117647,299.0,0.0,1.0,1.5714285714285714,112.0,11.5,not_short_primary,nan,2,11-15w
Z1Cyj4N05lk_3,Mechanical buzzers and toys make noise as a dog barks,299,Z1Cyj4N05lk,"[[175, 177]]",2.0,2.0,1,10,53,2-3s,2-5s,0.006688963210702341,0.0,0.0,0.0,0.0,18.0,245.0,69.0,0.043478260869565216,0.5116411935411949,152.98071686881727,76.49035843440863,11.083743662084126,0.47560286189724366,299.0,2.0,0.006688963210702341,-11.838994979858398,-11.877208709716797,-11.810077667236328,-0.028917312622070312,0.9966555183946488,2.0,1.0,71.0,16.0,-11.917308807373047,0.07831382751464844,-12.2818643283844,0.4428693485260009,0.0,1.0,1.0,1.0,176.0,299.0,0.0,1.0,9.0,245.0,69.0,longer_audio,188.5,1,6-10w
Z3wDry8nnJs_1,A girl talks while water flows,90,Z3wDry8nnJs,"[[29, 32], [47, 49], [59, 62]]",3.0,8.0,3,6,30,3-5s,2-5s,0.03333333333333333,0.0,0.0,1.0,0.0,5.0,9.5,21.0,0.5,0.5116411935411949,46.04770741870754,15.349235806235846,5.680096495763038,0.3789213439728556,90.0,8.0,0.08888888888888889,-11.70789909362793,-12.301458597183228,-11.44089126586914,-0.26700782775878906,0.8555555555555555,14.0,13.0,21.0,4.0,-11.692608833312988,-0.015290260314941406,-11.594125623703002,-0.11377346992492754,0.0,0.0,0.0,0.0,46.125,90.0,0.0,1.0,1.6666666666666667,9.5,21.0,shorter_or_equal_audio,188.5,3+,6-10w
Z3wDry8nnJs_2,Things rub together,90,Z3wDry8nnJs,"[[36, 42], [50, 55], [63, 66]]",6.0,14.0,3,3,19,5-10s,5-10s,0.06666666666666667,1.0,0.0,1.0,1.0,6.0,54.0,1.5,0.7142857142857143,0.5116411935411949,46.04770741870754,7.674617903117923,1.1120813038880395,0.33343057668645315,90.0,14.0,0.15555555555555556,-11.006321907043457,-11.102736677442278,-11.048105239868164,0.04178333282470703,1.0,1.0,0.0,18.0,2.0,-11.048105239868164,0.04178333282470703,-11.13063401222229,0.12431210517883251,1.0,1.0,1.0,1.0,49.285714285714285,90.0,1.0,1.0,1.0,54.0,1.5,not_short_primary,nan,3+,0-5w
Z3wDry8nnJs_3,A girl spits,90,Z3wDry8nnJs,"[[43, 44], [56, 58], [67, 69]]",2.0,5.0,3,3,12,2-3s,2-5s,0.022222222222222223,1.0,0.0,1.0,1.0,3.0,56.5,0.5,1.0,0.5116411935411949,46.04770741870754,23.02385370935377,23.95161982872788,0.4680382712666926,90.0,5.0,0.05555555555555555,-10.874584197998047,-11.190988349914551,-10.95414924621582,0.07956504821777344,1.0,1.0,0.0,21.0,5.0,-11.0621337890625,0.18754959106445312,-11.273730001449586,0.39914580345153894,1.0,1.0,1.0,1.0,58.7,90.0,1.0,1.0,1.5,56.5,0.5,shorter_or_equal_audio,188.5,3+,0-5w
ZBtgrP4vU_w_1,Music plays,300,ZBtgrP4vU_w,"[[0, 7]]",7.0,7.0,1,2,11,5-10s,5-10s,0.023333333333333334,1.0,1.0,1.0,1.0,6.0,3.0,0.5,0.8571428571428571,0.5116411935411949,153.49235806235845,21.927479723194065,28.719777997716445,44.75111916383658,300.0,7.0,0.023333333333333334,-9.662883758544922,-9.844727379935128,-10.65277099609375,0.9898872375488281,1.0,1.0,0.0,83.0,5.0,-10.65277099609375,0.9898872375488281,-11.750622901916504,2.087739143371582,1.0,1.0,1.0,1.0,3.5,300.0,1.0,0.0,0.8571428571428571,3.0,0.5,not_short_primary,nan,1,0-5w
ZBtgrP4vU_w_2,gunshots sound,300,ZBtgrP4vU_w,"[[7, 9]]",2.0,2.0,1,2,14,2-3s,2-5s,0.006666666666666667,0.0,0.0,0.0,0.0,6.0,3.0,5.0,0.0,0.5116411935411949,153.49235806235845,76.74617903117922,100.51922299200756,40.25111916383658,300.0,2.0,0.006666666666666667,-12.205244064331055,-12.72894287109375,-12.347843170166016,0.14259910583496094,1.0,1.0,0.0,95.0,18.0,-12.389541625976562,0.1842975616455078,-13.234665088653564,1.0294210243225095,1.0,1.0,1.0,1.0,8.0,300.0,0.0,1.0,3.0,3.0,5.0,longer_audio,188.5,1,0-5w
ZBtgrP4vU_w_3,A fan runs as something fries in a pan,300,ZBtgrP4vU_w,"[[21, 198]]",177.0,177.0,1,9,38,20s+,10s+,0.59,0.0,0.0,0.0,0.0,16.0,15.0,94.5,0.3559322033898305,0.5116411935411949,153.49235806235845,0.8671884636291438,1.428717626081358,0.28502493134654117,300.0,177.0,0.59,-11.212905883789062,-11.679820400173382,-11.558440208435059,0.3455343246459961,1.0,1.0,0.0,39.0,0.0,-11.632783889770508,0.4198780059814453,-11.558440208435059,0.3455343246459961,1.0,1.0,1.0,1.0,109.5,300.0,0.0,1.0,0.0903954802259887,15.0,94.5,not_short_primary,nan,1,6-10w
ZTYAQBnU4GM_1,A door shuts,114,ZTYAQBnU4GM,"[[41, 43]]",2.0,2.0,1,3,12,2-3s,2-5s,0.017543859649122806,0.0,0.0,1.0,0.0,6.0,18.0,24.0,0.5,0.5116411935411949,58.32709606369622,29.16354803184811,48.04777376511607,0.49830947391168934,114.0,2.0,0.017543859649122806,-10.62210464477539,-11.275939464569092,-10.77022647857666,0.14812183380126953,1.0,1.0,0.0,35.0,6.0,-11.331031799316406,0.7089271545410156,-11.639674682617187,1.0175700378417964,1.0,1.0,1.0,1.0,42.0,114.0,0.0,1.0,3.0,18.0,24.0,shorter_or_equal_audio,188.5,1,0-5w
ZUmZgPL0ges_1,A bell rings at regular intervals,168,ZUmZgPL0ges,"[[0, 129]]",129.0,129.0,1,6,33,20s+,10s+,0.7678571428571429,0.0,0.0,1.0,1.0,52.0,26.0,38.5,0.8217054263565892,0.5116411935411949,85.95572051492074,0.6663234148443469,1.0977867526913505,3.3396139615540648,168.0,129.0,0.7678571428571429,-10.292224884033203,-10.848790109619614,-12.243597984313965,1.9513731002807617,1.0,1.0,0.0,12.0,0.0,-12.36614990234375,2.073925018310547,-12.243597984313965,1.9513731002807617,1.0,1.0,1.0,1.0,64.5,168.0,0.0,1.0,0.40310077519379844,26.0,38.5,not_short_primary,nan,1,6-10w
ZUmZgPL0ges_2,Echoes ring out and something scrapes,168,ZUmZgPL0ges,"[[128, 140]]",12.0,12.0,1,6,37,10-20s,10s+,0.07142857142857142,0.0,0.0,1.0,1.0,23.0,70.5,63.5,0.75,0.5116411935411949,85.95572051492074,7.1629767095767285,6.874338361327006,5.986970411112537,168.0,12.0,0.07142857142857142,-11.384174346923828,-11.753185351689657,-10.652416229248047,-0.7317581176757812,0.27976190476190477,122.0,121.0,55.0,10.0,-11.325092315673828,-0.05908203125,-10.691902742385864,-0.6922716045379644,0.0,0.0,0.0,0.0,134.0,168.0,0.0,1.0,1.9166666666666667,70.5,63.5,not_short_primary,nan,1,6-10w
ZUmZgPL0ges_3,"Amid the noise, a dog barks",168,ZUmZgPL0ges,"[[137, 138], [142, 143], [157, 158], [159, 160], [164, 166]]",2.0,6.0,5,6,27,2-3s,2-5s,0.011904761904761904,0.0,0.0,0.0,0.0,6.0,136.0,1.5,0.25,0.5116411935411949,85.95572051492074,42.97786025746037,41.24603016796204,9.486970411112537,168.0,6.0,0.03571428571428571,-10.81341552734375,-10.982003688812256,-10.710293769836426,-0.10312175750732422,0.9880952380952381,3.0,2.0,50.0,5.0,-10.710293769836426,-0.10312175750732422,-11.336467609405517,0.523052082061767,0.0,1.0,1.0,1.0,154.5,168.0,1.0,1.0,3.0,136.0,1.5,shorter_or_equal_audio,188.5,3+,6-10w
ZY4aGEniU_E_1,Music plays as a man talks and food sizzles,234,ZY4aGEniU_E,"[[90, 102], [160, 163]]",12.0,15.0,2,9,43,10-20s,10s+,0.05128205128205128,0.0,0.0,0.0,0.0,188.0,123.0,27.0,0.2,0.5116411935411949,119.7240392886396,9.9770032740533,8.689389064434838,0.18951480389412723,234.0,15.0,0.0641025641025641,-11.382732391357422,-11.726256497701009,-11.302522659301758,-0.08020973205566406,0.9700854700854701,8.0,7.0,66.0,11.0,-11.681448936462402,0.29871654510498047,-11.452234554290772,0.06950216293335032,0.0,0.0,0.0,1.0,109.1,234.0,0.0,1.0,15.666666666666666,123.0,27.0,not_short_primary,nan,2,6-10w
Z_smJ66Tb3c_1,Wings flap and someone whistles,201,Z_smJ66Tb3c,"[[10, 14], [68, 71], [111, 112], [15, 16], [38, 42]]",4.0,13.0,5,5,31,3-5s,2-5s,0.01990049751243781,1.0,0.0,1.0,0.0,6.0,13.0,1.0,0.6666666666666666,0.5116411935411949,102.83987990178017,25.70996997544504,42.35790581924706,3.674033295997816,201.0,13.0,0.06467661691542288,-11.670602798461914,-12.258659142714281,-11.656547546386719,-0.014055252075195312,0.9950248756218906,2.0,1.0,62.0,8.0,-11.656547546386719,-0.014055252075195312,-12.244621858596801,0.5740190601348871,0.0,1.0,1.0,1.0,41.80769230769231,201.0,1.0,1.0,1.5,13.0,1.0,longer_audio,188.5,3+,0-5w
Z_smJ66Tb3c_2,Wings flap and a breath is drawn in,201,Z_smJ66Tb3c,"[[13, 15], [16, 18], [111, 118]]",7.0,11.0,3,8,35,5-10s,5-10s,0.03482587064676617,0.0,0.0,0.0,0.0,5.0,14.5,0.5,0.4,0.5116411935411949,102.83987990178017,14.691411414540024,2.128841353157104,3.4946616212664026,201.0,11.0,0.05472636815920398,-11.462444305419922,-12.001985029740768,-11.338441848754883,-0.12400245666503906,0.9800995024875622,5.0,4.0,60.0,12.0,-11.360430717468262,-0.10201358795166016,-11.70333459854126,0.24089029312133725,0.0,0.0,1.0,1.0,78.5,201.0,1.0,1.0,0.7142857142857143,14.5,0.5,not_short_primary,nan,3+,6-10w
Z_smJ66Tb3c_3,Birds chirp and something bumps into another object,201,Z_smJ66Tb3c,"[[88, 89]]",1.0,1.0,1,8,51,1-2s,0-2s,0.004975124378109453,0.0,0.0,0.0,0.0,8.0,12.0,76.5,0.0,0.5116411935411949,102.83987990178017,102.83987990178017,64.87274878364245,1.296291441645252,201.0,1.0,0.004975124378109453,-11.595541954040527,-11.595541954040527,-9.798914909362793,-1.7966270446777344,0.7960199004975125,42.0,41.0,59.0,9.0,-12.595101356506348,0.9995594024658203,-12.287722835540771,0.6921808815002439,0.0,0.0,0.0,0.0,88.5,201.0,0.0,1.0,8.0,12.0,76.5,shorter_or_equal_audio,213.0,1,6-10w
ZsTZ7jqbd9M_1,Music plays,300,ZsTZ7jqbd9M,"[[3, 10]]",7.0,7.0,1,2,11,5-10s,5-10s,0.023333333333333334,0.0,0.0,1.0,0.0,32.0,20.0,13.5,0.625,0.5116411935411949,153.49235806235845,21.927479723194065,28.719777997716445,41.75111916383658,300.0,7.0,0.023333333333333334,-9.435397148132324,-9.518478529793876,-9.44764518737793,0.012248039245605469,1.0,1.0,0.0,99.0,10.0,-9.44764518737793,0.012248039245605469,-11.001757526397705,1.5663603782653812,1.0,1.0,1.0,1.0,6.5,300.0,0.0,1.0,4.571428571428571,20.0,13.5,not_short_primary,nan,1,0-5w
ZsTZ7jqbd9M_2,A man talks where birds sing,300,ZsTZ7jqbd9M,"[[14, 300]]",286.0,286.0,1,6,28,20s+,10s+,0.9533333333333334,1.0,1.0,1.0,1.0,255.0,133.5,23.5,0.8401360544217688,0.5116411935411949,153.49235806235845,0.536686566651603,0.5583128165204634,13.560127570888966,300.0,286.0,0.9533333333333334,-11.771078109741211,-11.968362414753521,-12.25012493133545,0.4790468215942383,1.0,1.0,0.0,4.0,0.0,-12.25012493133545,0.4790468215942383,-12.25012493133545,0.4790468215942383,1.0,1.0,1.0,1.0,157.0,300.0,0.0,0.0,0.8916083916083916,133.5,23.5,not_short_primary,nan,1,6-10w
ZsTZ7jqbd9M_3,A man talks as music and birds chirp in the background,300,ZsTZ7jqbd9M,"[[19, 52]]",33.0,33.0,1,11,54,20s+,10s+,0.11,0.0,0.0,0.0,0.0,37.0,277.5,242.0,0.225,0.5116411935411949,153.49235806235845,4.651283577647225,6.09207412072773,12.751119163836577,300.0,33.0,0.11,-11.902608871459961,-12.425993514783455,-11.47978401184082,-0.4228248596191406,0.49333333333333335,153.0,152.0,82.0,23.0,-11.875725746154785,-0.02688312530517578,-11.528552236557006,-0.3740566349029546,0.0,0.0,0.0,0.0,35.5,300.0,0.0,1.0,1.121212121212121,277.5,242.0,not_short_primary,nan,1,11-15w
ZsTZ7jqbd9M_4,Cars pass by as a man talks and birds chirp,300,ZsTZ7jqbd9M,"[[73, 79], [130, 159], [227, 233], [287, 296]]",29.0,50.0,4,10,43,20s+,10s+,0.09666666666666666,0.0,0.0,1.0,0.0,13.0,26.5,49.5,0.6,0.5116411935411949,153.49235806235845,5.292839933184774,5.506119500856983,1.060127570888966,300.0,50.0,0.16666666666666666,-11.282561302185059,-12.76704267501831,-10.798816680908203,-0.48374462127685547,0.96,13.0,12.0,83.0,14.0,-11.266948699951172,-0.015612602233886719,-10.961201982498169,-0.3213593196868896,0.0,0.0,0.0,0.0,173.0,300.0,0.0,1.0,0.4482758620689655,26.5,49.5,not_short_primary,nan,3+,6-10w
Zsf2YvJfCKw_1,Something crashes,135,Zsf2YvJfCKw,"[[6, 8], [74, 75], [98, 100]]",2.0,5.0,3,2,17,2-3s,2-5s,0.014814814814814815,0.0,0.0,0.0,0.0,5.0,101.5,2.5,0.2,0.5116411935411949,69.0715611280613,34.53578056403065,39.984531652761696,0.358885126702873,135.0,5.0,0.037037037037037035,-11.661469459533691,-12.21143627166748,-11.139116287231445,-0.5223531723022461,0.9777777777777777,4.0,3.0,39.0,9.0,-11.356651306152344,-0.30481815338134766,-12.101268892288209,0.4397994327545174,0.0,0.0,1.0,1.0,57.3,135.0,0.0,1.0,2.5,101.5,2.5,shorter_or_equal_audio,188.5,3+,0-5w
Zsf2YvJfCKw_2,Water flows,135,Zsf2YvJfCKw,"[[17, 27], [34, 54], [80, 90], [100, 122]]",22.0,62.0,4,2,11,20s+,10s+,0.16296296296296298,0.0,0.0,1.0,1.0,10.0,38.0,6.0,0.8,0.5116411935411949,69.0715611280613,3.1396164149118775,4.112150031491218,0.2869963762735388,135.0,62.0,0.45925925925925926,-10.810457229614258,-11.496600566371795,-11.06728744506836,0.25683021545410156,1.0,1.0,0.0,22.0,0.0,-11.308699607849121,0.4982423782348633,-11.079365882873535,0.2689086532592775,1.0,1.0,1.0,1.0,70.83870967741936,135.0,0.0,1.0,0.45454545454545453,38.0,6.0,not_short_primary,nan,3+,0-5w
_9mgOkzm-xg_1,Music is playing,299,_9mgOkzm-xg,"[[0, 11]]",11.0,11.0,1,3,16,10-20s,10s+,0.03678929765886288,1.0,1.0,1.0,1.0,9.0,4.5,1.0,0.8181818181818182,0.5116411935411949,152.98071686881727,13.907337897165206,18.215301620975914,42.59028209995712,299.0,11.0,0.03678929765886288,-9.121162414550781,-9.26706903631037,-10.134286880493164,1.0131244659423828,1.0,1.0,0.0,92.0,9.0,-10.134286880493164,1.0131244659423828,-11.118749284744263,1.9975868701934818,1.0,1.0,1.0,1.0,5.5,299.0,1.0,0.0,0.8181818181818182,4.5,1.0,not_short_primary,nan,1,0-5w
_9mgOkzm-xg_2,A man is speaking,299,_9mgOkzm-xg,"[[11, 84]]",73.0,73.0,1,4,17,20s+,10s+,0.24414715719063546,1.0,0.0,1.0,0.0,53.0,60.5,13.0,0.6578947368421053,0.5116411935411949,152.98071686881727,2.095626258476949,2.744771477133357,0.5902820999571219,299.0,73.0,0.24414715719063546,-11.95600414276123,-12.088056342242515,-12.083351135253906,0.12734699249267578,1.0,1.0,0.0,70.0,1.0,-12.261293411254883,0.30528926849365234,-12.09145092010498,0.1354467773437502,1.0,1.0,1.0,1.0,47.5,299.0,0.0,1.0,0.726027397260274,60.5,13.0,not_short_primary,nan,1,0-5w
_9mgOkzm-xg_3,Something fries in oil,299,_9mgOkzm-xg,"[[84, 300]]",216.0,216.0,1,4,22,20s+,10s+,0.7224080267558528,0.0,0.0,1.0,0.0,46.0,203.0,11.0,0.5509259259259259,0.5116411935411949,152.98071686881727,0.7082440595778577,0.2620908722582019,10.253305353865386,299.0,215.0,0.7190635451505016,-10.38196086883545,-11.451981371502544,-10.770257949829102,0.38829708099365234,1.0,1.0,0.0,28.0,0.0,-10.770257949829102,0.38829708099365234,-10.770257949829102,0.38829708099365234,1.0,1.0,1.0,1.0,191.5,299.0,0.0,1.0,0.21296296296296297,203.0,11.0,not_short_primary,nan,1,0-5w
_9mgOkzm-xg_4,"A man speaks while frying something, with occasional banging sounds",299,_9mgOkzm-xg,"[[195, 201]]",6.0,6.0,1,10,67,5-10s,5-10s,0.020066889632107024,0.0,0.0,0.0,0.0,51.0,218.5,20.5,0.35294117647058826,0.5116411935411949,152.98071686881727,25.49678614480288,9.43527140129527,4.253305353865386,299.0,6.0,0.020066889632107024,-10.609346389770508,-10.821021238962809,-10.254289627075195,-0.3550567626953125,0.9331103678929766,21.0,20.0,92.0,15.0,-10.580913543701172,-0.028432846069335938,-10.759171981811523,0.1498255920410152,0.0,0.0,0.0,0.0,198.0,299.0,0.0,1.0,8.5,218.5,20.5,not_short_primary,nan,1,6-10w
_AcJVyToQUQ_1,Men and women pretend to sneeze,115,_AcJVyToQUQ,"[[1, 2], [7, 9], [17, 18], [26, 27], [39, 41], [58, 59], [65, 66], [77, 79], [90, 91], [102, 104]]",2.0,14.0,10,6,31,2-3s,2-5s,0.017391304347826087,0.0,0.0,0.0,0.0,6.0,6.0,2.0,0.3333333333333333,0.5116411935411949,58.83873725723741,29.419368628618706,10.886851616879156,0.21026717159023178,115.0,14.0,0.12173913043478261,-10.641313552856445,-11.243835653577532,-10.596778869628906,-0.04453468322753906,0.9826086956521739,3.0,2.0,26.0,4.0,-10.596778869628906,-0.04453468322753906,-10.861852159500122,0.22053860664367697,0.0,1.0,1.0,1.0,51.285714285714285,115.0,1.0,1.0,3.0,6.0,2.0,shorter_or_equal_audio,188.5,3+,6-10w
_BSmz3SEW1w_1,Wings flap,133,_BSmz3SEW1w,"[[58, 59], [82, 84], [103, 104]]",2.0,4.0,3,2,10,2-3s,2-5s,0.015037593984962405,0.0,0.0,0.0,0.0,5.0,114.5,11.0,0.16666666666666666,0.5116411935411949,68.04827874097892,34.02413937048946,21.462874597573247,0.9174465758150134,133.0,4.0,0.03007518796992481,-11.793203353881836,-12.040696620941162,-11.452531814575195,-0.3406715393066406,0.9398496240601504,9.0,8.0,43.0,12.0,-11.452531814575195,-0.3406715393066406,-11.864288291931153,0.07108493804931726,0.0,0.0,0.0,1.0,82.0,133.0,0.0,1.0,2.5,114.5,11.0,shorter_or_equal_audio,188.5,3+,0-5w
_BSmz3SEW1w_2,Doves coo as wings flap,133,_BSmz3SEW1w,"[[82, 84], [103, 104], [130, 133]]",3.0,6.0,3,5,23,3-5s,2-5s,0.022556390977443608,0.0,0.0,1.0,1.0,12.0,36.0,47.0,1.0,0.5116411935411949,68.04827874097892,22.682759580326305,21.76873814420219,2.1563515754641003,133.0,6.0,0.045112781954887216,-11.168863296508789,-11.361659049987793,-10.516075134277344,-0.6527881622314453,0.41353383458646614,79.0,78.0,42.0,10.0,-11.04360580444336,-0.1252574920654297,-10.761326780319214,-0.407536516189575,0.0,0.0,0.0,0.0,110.66666666666667,133.0,0.0,1.0,4.0,36.0,47.0,shorter_or_equal_audio,188.5,3+,0-5w
_C2HinL8VlM_1,An alarm blares and sirens wail,73,_C2HinL8VlM,"[[16, 20], [36, 40], [47, 49], [70, 72]]",4.0,12.0,4,6,31,3-5s,2-5s,0.0547945205479452,1.0,1.0,1.0,1.0,3.0,38.5,0.5,0.75,0.5116411935411949,37.34980712850722,9.337451782126806,3.455392034922515,1.3795695345557633,73.0,12.0,0.1643835616438356,-10.246357917785645,-10.672632535298666,-10.911808013916016,0.6654500961303711,1.0,1.0,0.0,12.0,0.0,-10.911808013916016,0.6654500961303711,-11.170106401443482,0.9237484836578371,1.0,1.0,1.0,1.0,38.5,73.0,1.0,0.0,0.75,38.5,0.5,shorter_or_equal_audio,188.5,3+,6-10w
_GI7meqlYZk_1,A girl is talking,299,_GI7meqlYZk,"[[0, 20], [105, 112], [144, 175], [262, 263], [27, 41], [116, 122], [125, 127]]",31.0,81.0,7,4,17,20s+,10s+,0.10367892976588629,1.0,0.0,1.0,0.0,13.0,7.5,2.5,0.65,0.5116411935411949,152.98071686881727,4.934861834477976,8.130325045710077,0.3509251517579486,299.0,81.0,0.2709030100334448,-9.50256633758545,-10.883595549030069,-10.945886611938477,1.4433202743530273,1.0,1.0,0.0,64.0,0.0,-10.945886611938477,1.4433202743530273,-11.08329379081726,1.5807274532318107,1.0,1.0,1.0,1.0,93.9320987654321,299.0,0.0,1.0,0.41935483870967744,7.5,2.5,not_short_primary,nan,3+,0-5w
_GI7meqlYZk_2,A cat meows,299,_GI7meqlYZk,"[[13, 43], [48, 58], [82, 84], [88, 92], [141, 142]]",30.0,47.0,5,3,11,20s+,10s+,0.10033444816053512,0.0,0.0,1.0,0.0,15.0,14.5,13.5,0.5666666666666667,0.5116411935411949,152.98071686881727,5.099357228960575,5.304840243547877,1.4617395210139819,299.0,47.0,0.15719063545150502,-10.988037109375,-11.518587071844872,-10.819292068481445,-0.1687450408935547,0.9933110367892977,3.0,2.0,80.0,4.0,-10.854521751403809,-0.1335153579711914,-11.008267850875855,0.02023074150085513,0.0,1.0,1.0,1.0,43.351063829787236,299.0,0.0,1.0,0.5,14.5,13.5,not_short_primary,nan,3+,0-5w
_GI7meqlYZk_3,Music plays,299,_GI7meqlYZk,"[[44, 92], [119, 142], [175, 260], [264, 300]]",85.0,192.0,4,2,11,20s+,10s+,0.2842809364548495,0.0,0.0,1.0,0.0,9.0,5.5,62.5,0.5581395348837209,0.5116411935411949,152.98071686881727,1.7997731396331442,2.0837254839522,2.5615307621048657,299.0,191.0,0.6387959866220736,-12.325910568237305,-13.032458440171487,-12.092056274414062,-0.2338542938232422,0.9966555183946488,2.0,1.0,36.0,11.0,-12.630119323730469,0.30420875549316406,-12.092056274414062,-0.2338542938232422,0.0,1.0,1.0,1.0,181.1806282722513,299.0,0.0,1.0,0.10588235294117647,5.5,62.5,not_short_primary,nan,3+,0-5w
_YS5uKWoB6g_1,A boy cries while talking to adults,237,_YS5uKWoB6g,"[[63, 103], [161, 166]]",40.0,45.0,2,7,35,20s+,10s+,0.16877637130801687,1.0,1.0,1.0,1.0,38.0,79.0,4.0,0.813953488372093,0.5116411935411949,121.25896286926319,3.0314740717315796,2.640237446501355,0.2624573013799534,237.0,45.0,0.189873417721519,-10.916929244995117,-11.038463147481282,-10.810638427734375,-0.10629081726074219,0.9409282700421941,15.0,14.0,61.0,13.0,-10.867655754089355,-0.04927349090576172,-10.846921501159668,-0.07000774383544872,0.0,0.0,0.0,0.0,91.94444444444444,237.0,0.0,0.0,0.95,79.0,4.0,not_short_primary,nan,2,6-10w
_YS5uKWoB6g_2,Electronic sound,237,_YS5uKWoB6g,"[[13, 14]]",1.0,1.0,1,2,16,1-2s,0-2s,0.004219409282700422,0.0,0.0,0.0,0.0,17.0,10.5,3.0,0.058823529411764705,0.5116411935411949,121.25896286926319,121.25896286926319,158.82037232737193,24.618384139430894,237.0,1.0,0.004219409282700422,-10.985971450805664,-10.985971450805664,-10.496040344238281,-0.4899311065673828,0.8396624472573839,39.0,38.0,71.0,10.0,-10.522383689880371,-0.46358776092529297,-11.429599561691283,0.44362811088561926,0.0,0.0,0.0,0.0,13.5,237.0,0.0,1.0,17.0,10.5,3.0,longer_audio,213.0,1,0-5w
_YS5uKWoB6g_3,A boy are talking,237,_YS5uKWoB6g,"[[206, 229]]",23.0,23.0,1,4,17,20s+,10s+,0.0970464135021097,1.0,1.0,1.0,1.0,31.0,215.5,2.0,0.7419354838709677,0.5116411935411949,121.25896286926319,5.272128820402747,5.059683824951865,36.910190401390906,237.0,23.0,0.0970464135021097,-11.178143501281738,-11.38430524908978,-10.934890747070312,-0.24325275421142578,0.9493670886075949,13.0,12.0,69.0,13.0,-11.153470993041992,-0.024672508239746094,-11.106329565048219,-0.07181393623351973,0.0,0.0,0.0,0.0,217.5,237.0,1.0,0.0,1.3478260869565217,215.5,2.0,not_short_primary,nan,1,0-5w
_YS5uKWoB6g_4,A door closes as a child cries,237,_YS5uKWoB6g,"[[38, 39], [130, 134], [231, 238]]",7.0,12.0,3,7,30,5-10s,5-10s,0.029535864978902954,0.0,0.0,1.0,0.0,8.0,6.0,32.5,0.5555555555555556,0.5116411935411949,121.25896286926319,17.322708981323313,22.68862461819599,0.3816158605691058,237.0,11.0,0.046413502109704644,-10.649720191955566,-11.544506419788707,-10.277917861938477,-0.37180233001708984,0.9535864978902954,12.0,11.0,72.0,11.0,-10.869379997253418,0.21965980529785156,-10.825745334625244,0.17602514266967795,0.0,0.0,0.0,0.0,179.13636363636363,237.0,0.0,1.0,1.1428571428571428,6.0,32.5,not_short_primary,nan,3+,6-10w
_YS5uKWoB6g_5,Coughing sounds,237,_YS5uKWoB6g,"[[59, 60]]",1.0,1.0,1,2,15,1-2s,0-2s,0.004219409282700422,0.0,0.0,0.0,0.0,12.0,8.0,51.5,0.0,0.5116411935411949,121.25896286926319,121.25896286926319,199.3730826867678,4.576410481161616,237.0,1.0,0.004219409282700422,-11.71938419342041,-11.71938419342041,-10.648204803466797,-1.0711793899536133,0.620253164556962,91.0,90.0,78.0,14.0,-10.814126968383789,-0.9052572250366211,-11.729171104431153,0.009786911010742472,0.0,0.0,0.0,0.0,59.5,237.0,0.0,1.0,12.0,8.0,51.5,longer_audio,213.0,1,0-5w
_ezm-TpKj1w_1,"As music plays, an announcement rings out",130,_ezm-TpKj1w,"[[128, 130]]",2.0,2.0,1,7,41,2-3s,2-5s,0.015384615384615385,0.0,0.0,1.0,0.0,8.0,4.0,125.0,0.5,0.5116411935411949,66.51335516035533,33.256677580177666,31.916570963303958,29.942298532408515,130.0,2.0,0.015384615384615385,-14.254119873046875,-14.292779922485352,-13.116277694702148,-1.1378421783447266,0.7846153846153846,29.0,28.0,41.0,6.0,-14.1021728515625,-0.151947021484375,-14.449051218032837,0.19493134498596199,0.0,0.0,0.0,0.0,129.0,130.0,0.0,1.0,4.0,4.0,125.0,shorter_or_equal_audio,188.5,1,6-10w
_oKXrY5Ff0g_1,Paper tears,82,_oKXrY5Ff0g,"[[0, 14], [29, 38], [49, 50]]",14.0,24.0,3,2,11,10-20s,10s+,0.17073170731707318,0.0,0.0,0.0,0.0,3.0,32.5,1.0,0.3333333333333333,0.5116411935411949,41.95457787037798,2.996755562169856,0.4342412710419964,1.3628743634634546,82.0,24.0,0.2926829268292683,-11.388861656188965,-11.989829421043396,-11.599204063415527,0.2103424072265625,1.0,1.0,0.0,17.0,3.0,-11.870672225952148,0.4818105697631836,-11.673547134399413,0.28468547821044865,1.0,1.0,1.0,1.0,18.708333333333332,82.0,1.0,1.0,0.21428571428571427,32.5,1.0,not_short_primary,nan,3+,0-5w
_oKXrY5Ff0g_2,A woman laughs,82,_oKXrY5Ff0g,"[[63, 83], [58, 62]]",20.0,24.0,2,3,14,20s+,10s+,0.24390243902439024,0.0,0.0,0.0,0.0,9.0,72.5,0.5,0.45,0.5116411935411949,41.95457787037798,2.097728893518899,2.4286900707603403,0.3513228177010035,82.0,23.0,0.2804878048780488,-11.065736770629883,-11.357505093450131,-10.712594985961914,-0.35314178466796875,0.975609756097561,3.0,2.0,20.0,4.0,-11.177034378051758,0.111297607421875,-10.936802902221679,-0.12893386840820398,0.0,1.0,1.0,1.0,70.32608695652173,82.0,1.0,1.0,0.45,72.5,0.5,not_short_primary,nan,2,0-5w
_oKXrY5Ff0g_3,People talk and laugh as a dog barks,82,_oKXrY5Ff0g,"[[69, 71]]",2.0,2.0,1,8,36,2-3s,2-5s,0.024390243902439025,0.0,0.0,0.0,0.0,4.0,5.0,65.0,0.2222222222222222,0.5116411935411949,41.95457787037798,20.97728893518899,20.131990915314805,7.517449843519216,82.0,2.0,0.024390243902439025,-12.032319068908691,-12.040045261383057,-11.120567321777344,-0.9117517471313477,0.524390243902439,40.0,39.0,27.0,6.0,-11.885343551635742,-0.14697551727294922,-11.885360670089721,-0.14695839881897044,0.0,0.0,0.0,0.0,70.0,82.0,0.0,1.0,2.0,5.0,65.0,shorter_or_equal_audio,188.5,1,6-10w
_xylo5_IiaM_1,A woman talks while a child occasionally speaks and something light taps against a surface,300,_xylo5_IiaM,"[[42, 130]]",88.0,88.0,1,15,90,20s+,10s+,0.29333333333333333,0.0,0.0,0.0,0.0,12.0,23.0,63.0,0.14772727272727273,0.5116411935411949,153.49235806235845,1.7442313416177095,2.8678521675311823,4.890619644099218,300.0,88.0,0.29333333333333333,-11.491071701049805,-11.684991988268765,-11.504572868347168,0.013501167297363281,1.0,1.0,0.0,67.0,8.0,-11.56220531463623,0.07113361358642578,-11.52243133544922,0.031359634399414915,1.0,1.0,1.0,1.0,86.0,300.0,0.0,1.0,0.13636363636363635,23.0,63.0,not_short_primary,nan,1,11-15w
_xylo5_IiaM_2,"A woman talks, paper rustles, and something drags across the floor",300,_xylo5_IiaM,"[[131, 151], [257, 282], [172, 191], [204, 225], [233, 238], [287, 300]]",25.0,103.0,6,11,66,20s+,10s+,0.08333333333333333,0.0,0.0,1.0,1.0,21.0,128.5,12.5,0.7692307692307693,0.5116411935411949,153.49235806235845,6.139694322494338,6.3870986209941005,2.439872429111034,300.0,103.0,0.3433333333333333,-11.158746719360352,-11.76361909884851,-11.089073181152344,-0.06967353820800781,0.9866666666666667,5.0,4.0,62.0,15.0,-11.20341682434082,0.04467010498046875,-11.1064577293396,-0.05228899002075238,0.0,0.0,1.0,1.0,218.48058252427185,300.0,0.0,1.0,0.84,128.5,12.5,not_short_primary,nan,3+,11-15w
_z6pymOet7g_1,Music plays,80,_z6pymOet7g,"[[25, 48]]",23.0,23.0,1,2,11,20s+,10s+,0.2875,1.0,0.0,1.0,1.0,15.0,32.5,4.0,0.8214285714285714,0.5116411935411949,40.931295483295585,1.779621542751982,1.1226086746033734,0.7601825107879563,80.0,23.0,0.2875,-11.165143966674805,-11.673265705937924,-11.912435531616211,0.7472915649414062,1.0,1.0,0.0,16.0,0.0,-12.034530639648438,0.8693866729736328,-11.95065354347229,0.7855095767974856,1.0,1.0,1.0,1.0,36.5,80.0,0.0,1.0,0.6521739130434783,32.5,4.0,not_short_primary,nan,1,0-5w
_z6pymOet7g_2,A man is speaking as water flows,80,_z6pymOet7g,"[[58, 63]]",5.0,5.0,1,7,32,5-10s,5-10s,0.0625,1.0,0.0,1.0,0.0,3.0,59.5,1.0,0.6,0.5116411935411949,40.931295483295585,8.186259096659118,7.856386698659437,0.458585518517836,80.0,5.0,0.0625,-11.203237533569336,-11.871159744262695,-12.319084167480469,1.1158466339111328,1.0,1.0,0.0,20.0,3.0,-12.447580337524414,1.2443428039550781,-12.566400594711304,1.363163061141968,1.0,1.0,1.0,1.0,60.5,80.0,1.0,1.0,0.6,59.5,1.0,not_short_primary,nan,1,6-10w
a3GzZKxUTy8_1,A dog barks while various birds are chirping,118,a3GzZKxUTy8,"[[4, 19], [45, 47], [52, 55]]",15.0,20.0,3,8,44,10-20s,10s+,0.1271186440677966,0.0,0.0,1.0,0.0,6.0,46.0,0.0,0.6,0.5116411935411949,60.373660837860996,4.024910722524067,2.5389666190612963,0.7837692034122412,118.0,20.0,0.1694915254237288,-11.074958801269531,-11.354955625534057,-11.430394172668457,0.3554353713989258,1.0,1.0,0.0,28.0,0.0,-11.430394172668457,0.3554353713989258,-11.511664218902588,0.4367054176330569,1.0,1.0,1.0,1.0,21.25,118.0,1.0,1.0,0.4,46.0,0.0,not_short_primary,nan,3+,6-10w
aMhu5eMQAsI_1,"Amid the commotion, a man announces and an engine hums",170,aMhu5eMQAsI,"[[29, 37], [133, 136]]",8.0,11.0,2,10,54,5-10s,5-10s,0.047058823529411764,1.0,0.0,1.0,0.0,8.0,35.0,2.0,0.6,0.5116411935411949,86.97900290200313,10.872375362750391,10.434263584157064,4.963005773149604,170.0,11.0,0.06470588235294118,-10.166162490844727,-10.671292131597346,-10.419504165649414,0.2533416748046875,1.0,1.0,0.0,43.0,4.0,-10.742931365966797,0.5767688751220703,-11.015447235107422,0.849284744262695,1.0,1.0,1.0,1.0,60.68181818181818,170.0,1.0,1.0,1.0,35.0,2.0,not_short_primary,nan,2,6-10w
aMhu5eMQAsI_2,"Amid the commotion, music plays",170,aMhu5eMQAsI,"[[111, 118], [119, 126], [127, 136]]",9.0,23.0,3,5,31,5-10s,5-10s,0.052941176470588235,1.0,0.0,1.0,0.0,13.0,119.5,3.0,0.5384615384615384,0.5116411935411949,86.97900290200313,9.664333655778126,3.5763570528878383,0.4935180941709518,170.0,23.0,0.13529411764705881,-11.490776062011719,-11.818208404209303,-11.521862983703613,0.03108692169189453,1.0,1.0,0.0,46.0,3.0,-12.01087760925293,0.5201015472412109,-11.784637155532836,0.29386109352111767,1.0,1.0,1.0,1.0,123.58695652173913,170.0,0.0,1.0,1.4444444444444444,119.5,3.0,not_short_primary,nan,3+,0-5w
aMhu5eMQAsI_3,"Amid the commotion, a man announces, an engine hums, and music plays",170,aMhu5eMQAsI,"[[133, 136]]",3.0,3.0,1,12,68,3-5s,2-5s,0.01764705882352941,0.0,0.0,0.0,0.0,9.0,21.5,113.0,0.125,0.5116411935411949,86.97900290200313,28.99300096733438,27.824702891085504,4.963005773149604,170.0,3.0,0.01764705882352941,-11.497174263000488,-11.620909055074057,-10.495319366455078,-1.0018548965454102,0.8176470588235294,32.0,31.0,46.0,8.0,-11.661157608032227,0.16398334503173828,-11.58628267288208,0.0891084098815913,0.0,0.0,0.0,0.0,134.5,170.0,0.0,1.0,3.0,21.5,113.0,shorter_or_equal_audio,188.5,1,11-15w
aZAXO2WZn84_1,A bell rings and steam hisses,300,aZAXO2WZn84,"[[1, 19]]",18.0,18.0,1,6,29,10-20s,10s+,0.06,0.0,0.0,1.0,0.0,9.0,285.5,275.5,0.5714285714285714,0.5116411935411949,153.49235806235845,8.52735322568658,11.168802554667506,38.25111916383658,300.0,18.0,0.06,-10.71729850769043,-11.36637740665012,-10.73536205291748,0.01806354522705078,1.0,1.0,0.0,90.0,14.0,-11.424360275268555,0.707061767578125,-11.239524574279786,0.5222260665893561,1.0,1.0,1.0,1.0,10.0,300.0,0.0,1.0,0.5,285.5,275.5,not_short_primary,nan,1,6-10w
aZAXO2WZn84_2,People are talking as a steam whistle blows,300,aZAXO2WZn84,"[[38, 41], [50, 54], [58, 60], [64, 67], [131, 133], [153, 154], [191, 192], [235, 237], [270, 271], [284, 285], [289, 291]]",4.0,22.0,11,8,43,3-5s,2-5s,0.013333333333333334,0.0,0.0,0.0,0.0,12.0,8.0,31.5,0.25,0.5116411935411949,153.49235806235845,38.37308951558961,24.20624954613524,2.0243155845451497,300.0,22.0,0.07333333333333333,-10.208782196044922,-11.048916123130105,-9.87283992767334,-0.33594226837158203,0.96,13.0,12.0,78.0,8.0,-10.5886812210083,0.3798990249633789,-10.255210304260254,0.046428108215332387,0.0,0.0,0.0,0.0,129.86363636363637,300.0,0.0,1.0,3.0,8.0,31.5,longer_audio,188.5,3+,6-10w
aZAXO2WZn84_3,Music is playing,300,aZAXO2WZn84,"[[68, 123], [126, 292]]",166.0,221.0,2,3,16,20s+,10s+,0.5533333333333333,1.0,1.0,1.0,1.0,61.0,99.5,4.0,0.9171270718232044,0.5116411935411949,153.49235806235845,0.9246527594117979,0.8053187270097163,1.7057502514177827,300.0,221.0,0.7366666666666667,-11.86936092376709,-12.5720214023849,-12.088973999023438,0.21961307525634766,1.0,1.0,0.0,20.0,1.0,-12.418621063232422,0.549260139465332,-12.088973999023438,0.21961307525634766,1.0,1.0,1.0,1.0,180.75339366515837,300.0,0.0,0.0,0.3674698795180723,99.5,4.0,not_short_primary,nan,2,0-5w
aZAXO2WZn84_4,People are talking as a bell rings,300,aZAXO2WZn84,"[[113, 115], [255, 258]]",3.0,5.0,2,7,34,3-5s,2-5s,0.01,0.0,0.0,0.0,0.0,15.0,7.5,106.5,0.08,0.5116411935411949,153.49235806235845,51.164119354119485,84.29433993880012,4.785024931346541,300.0,5.0,0.016666666666666666,-12.031058311462402,-12.550824928283692,-11.580364227294922,-0.45069408416748047,0.91,28.0,27.0,91.0,14.0,-12.03030014038086,-0.0007581710815429688,-12.06777681350708,0.0367185020446783,0.0,0.0,0.0,0.0,199.5,300.0,0.0,1.0,5.0,7.5,106.5,longer_audio,188.5,2,6-10w
aZAXO2WZn84_5,People are talking as a horn honks,300,aZAXO2WZn84,"[[176, 177], [230, 231]]",1.0,2.0,2,7,34,1-2s,0-2s,0.0033333333333333335,0.0,0.0,0.0,0.0,14.0,8.0,168.5,0.08333333333333333,0.5116411935411949,153.49235806235845,153.49235806235845,22.24162607776079,0.38856474437849897,300.0,2.0,0.006666666666666667,-11.418481826782227,-11.54909610748291,-10.475635528564453,-0.9428462982177734,0.8,61.0,60.0,90.0,13.0,-11.438648223876953,0.020166397094726562,-11.513285293579102,0.09480346679687557,0.0,0.0,0.0,0.0,203.5,300.0,0.0,1.0,14.0,8.0,168.5,longer_audio,213.0,2,6-10w
ajheseWZmmU_1,A cat meows,122,ajheseWZmmU,"[[67, 73], [75, 79], [109, 111], [113, 115]]",6.0,14.0,4,3,11,5-10s,5-10s,0.04918032786885246,0.0,0.0,1.0,1.0,5.0,95.5,14.5,0.8,0.5116411935411949,62.420225612025774,10.403370935337628,1.5074879897148978,1.618650337286084,122.0,14.0,0.11475409836065574,-11.320411682128906,-11.802585261208671,-11.435510635375977,0.11509895324707031,1.0,1.0,0.0,32.0,5.0,-12.001901626586914,0.6814899444580078,-11.739196376800537,0.41878469467163093,1.0,1.0,1.0,1.0,84.0,122.0,0.0,1.0,0.8333333333333334,95.5,14.5,not_short_primary,nan,3+,0-5w
ajheseWZmmU_2,Electronic tones ring out,122,ajheseWZmmU,"[[88, 90]]",2.0,2.0,1,4,25,2-3s,2-5s,0.01639344262295082,1.0,0.0,1.0,0.0,4.0,89.0,0.0,0.5,0.5116411935411949,62.420225612025774,31.210112806012887,36.134169345458716,0.7909924848722198,122.0,2.0,0.01639344262295082,-11.630029678344727,-11.805604457855225,-11.619955062866211,-0.010074615478515625,0.9918032786885246,2.0,1.0,37.0,9.0,-12.376092910766602,0.746063232421875,-12.35632140159607,0.7262917232513431,0.0,1.0,1.0,1.0,89.0,122.0,1.0,1.0,2.0,89.0,0.0,shorter_or_equal_audio,188.5,1,0-5w
b1PXsfgQw5w_1,Someone slaps their hand as people laugh,297,b1PXsfgQw5w,"[[13, 14], [269, 270]]",1.0,2.0,2,7,40,1-2s,0-2s,0.003367003367003367,0.0,0.0,0.0,0.0,10.0,220.0,49.5,0.07142857142857142,0.5116411935411949,151.95743448173488,151.95743448173488,199.02806152417497,34.26860797219821,297.0,2.0,0.006734006734006734,-11.723257064819336,-11.929734706878662,-11.762764930725098,0.03950786590576172,1.0,1.0,0.0,89.0,21.0,-12.367860794067383,0.6446037292480469,-12.53381706237793,0.8105599975585935,1.0,1.0,1.0,1.0,141.5,297.0,0.0,1.0,10.0,220.0,49.5,longer_audio,213.0,2,6-10w
b1PXsfgQw5w_2,A man clears his throat as a woman talks,297,b1PXsfgQw5w,"[[182, 183]]",1.0,1.0,1,9,40,1-2s,0-2s,0.003367003367003367,0.0,0.0,0.0,0.0,14.0,220.0,37.5,0.0,0.5116411935411949,151.95743448173488,151.95743448173488,22.01920981698318,8.149679096934705,297.0,1.0,0.003367003367003367,-11.858702659606934,-11.858702659606934,-11.56834888458252,-0.29035377502441406,0.696969696969697,91.0,90.0,87.0,24.0,-11.735274314880371,-0.1234283447265625,-12.025461616516113,0.1667589569091792,0.0,0.0,0.0,0.0,182.5,297.0,0.0,1.0,14.0,220.0,37.5,longer_audio,213.0,1,6-10w
bIV3bJZpkgA_1,Rotor blades and machines whir,300,bIV3bJZpkgA,"[[0, 14], [30, 300]]",270.0,284.0,2,5,30,20s+,10s+,0.9,1.0,1.0,1.0,1.0,237.0,163.5,1.5,0.9926470588235294,0.5116411935411949,153.49235806235845,0.568490215045772,0.08237639288059552,11.111435255621501,300.0,284.0,0.9466666666666667,-11.40266227722168,-11.557472648754926,-12.213007926940918,0.8103456497192383,1.0,1.0,0.0,4.0,0.0,-12.213007926940918,0.8103456497192383,-12.213007926940918,0.8103456497192383,1.0,1.0,1.0,1.0,157.2112676056338,300.0,1.0,0.0,0.8777777777777778,163.5,1.5,not_short_primary,nan,2,0-5w
bIV3bJZpkgA_2,Rotor blades whir as birds chirp,300,bIV3bJZpkgA,"[[107, 165]]",58.0,58.0,1,6,32,20s+,10s+,0.19333333333333333,0.0,0.0,0.0,0.0,250.0,161.0,25.0,0.2555066079295154,0.5116411935411949,153.49235806235845,2.646419966592387,1.66939652042312,1.9756844154548503,300.0,58.0,0.19333333333333333,-10.599955558776855,-10.688661723301328,-10.536927223205566,-0.06302833557128906,0.9133333333333333,27.0,26.0,69.0,10.0,-10.536927223205566,-0.06302833557128906,-10.544286012649536,-0.055669546127319336,0.0,0.0,0.0,0.0,136.0,300.0,0.0,1.0,4.310344827586207,161.0,25.0,not_short_primary,nan,1,6-10w
bJMMp6PLKqM_1,A baby cries,105,bJMMp6PLKqM,"[[10, 13], [90, 92], [16, 20], [21, 25], [26, 35], [38, 51]]",13.0,35.0,6,3,12,10-20s,10s+,0.12380952380952381,0.0,0.0,1.0,0.0,6.0,14.0,2.5,0.6666666666666666,0.5116411935411949,53.72232532182546,4.132486563217343,5.412573545723484,1.1121082926571972,105.0,35.0,0.3333333333333333,-9.77962875366211,-10.355234500340053,-10.067562103271484,0.287933349609375,1.0,1.0,0.0,23.0,0.0,-10.067562103271484,0.287933349609375,-10.147380828857422,0.3677520751953125,1.0,1.0,1.0,1.0,35.24285714285714,105.0,0.0,1.0,0.46153846153846156,14.0,2.5,not_short_primary,nan,3+,0-5w
bJMMp6PLKqM_2,A man talks as a baby cries,105,bJMMp6PLKqM,"[[22, 24], [26, 33], [46, 50]]",7.0,13.0,3,7,27,5-10s,5-10s,0.06666666666666667,0.0,0.0,1.0,1.0,6.0,77.0,29.0,0.8571428571428571,0.5116411935411949,53.72232532182546,7.674617903117922,4.841249909227048,1.0914895454091962,105.0,13.0,0.12380952380952381,-11.631261825561523,-11.778988911555363,-11.302059173583984,-0.32920265197753906,0.7619047619047619,26.0,25.0,33.0,10.0,-11.507303237915039,-0.12395858764648438,-11.448928031921387,-0.18233379364013658,0.0,0.0,0.0,0.0,34.19230769230769,105.0,0.0,1.0,0.8571428571428571,77.0,29.0,not_short_primary,nan,3+,6-10w
bLZFtoWXYTA_1,Water pours,299,bLZFtoWXYTA,"[[1, 7]]",6.0,6.0,1,2,11,5-10s,5-10s,0.020066889632107024,1.0,1.0,1.0,1.0,8.0,4.0,0.0,0.75,0.5116411935411949,152.98071686881727,25.49678614480288,33.39471963845585,44.09028209995712,299.0,6.0,0.020066889632107024,-10.60533332824707,-10.814740339914957,-10.731234550476074,0.1259012222290039,1.0,1.0,0.0,81.0,14.0,-11.229750633239746,0.6244173049926758,-11.46880584716797,0.8634725189208989,1.0,1.0,1.0,1.0,4.0,299.0,1.0,0.0,1.3333333333333333,4.0,0.0,not_short_primary,nan,1,0-5w
bLZFtoWXYTA_2,Music is playing,299,bLZFtoWXYTA,"[[67, 201], [232, 234]]",134.0,136.0,2,3,16,20s+,10s+,0.44816053511705684,0.0,0.0,1.0,0.0,30.0,179.0,45.0,0.5895522388059702,0.5116411935411949,152.98071686881727,1.1416471408120692,0.7201660312730783,0.422432134069993,299.0,136.0,0.45484949832775917,-10.334512710571289,-11.056206086102653,-10.890340805053711,0.5558280944824219,1.0,1.0,0.0,54.0,0.0,-11.272989273071289,0.9384765625,-10.896913204193115,0.5624004936218263,1.0,1.0,1.0,1.0,135.4558823529412,299.0,0.0,1.0,0.22388059701492538,179.0,45.0,not_short_primary,nan,2,0-5w
bUTOsLXYyxg_1,A short electronic beep sounds,300,bUTOsLXYyxg,"[[28, 29], [38, 40]]",2.0,3.0,2,5,30,2-3s,2-5s,0.006666666666666667,0.0,0.0,0.0,0.0,11.0,76.5,37.5,0.0,0.5116411935411949,153.49235806235845,76.74617903117922,100.51922299200756,9.251119163836577,300.0,3.0,0.01,-11.498510360717773,-11.637840270996094,-11.041007995605469,-0.4575023651123047,0.99,4.0,3.0,90.0,20.0,-11.511323928833008,0.012813568115234375,-11.935306158065796,0.4367957973480223,0.0,0.0,1.0,1.0,35.5,300.0,0.0,1.0,5.5,76.5,37.5,longer_audio,188.5,2,0-5w
bUTOsLXYyxg_2,"A man talks as a machine whirs, winding something",300,bUTOsLXYyxg,"[[151, 155], [191, 198]]",7.0,11.0,2,9,49,5-10s,5-10s,0.023333333333333334,0.0,0.0,1.0,0.0,9.0,250.5,56.0,0.5384615384615384,0.5116411935411949,153.49235806235845,21.927479723194065,8.11442356537577,8.429737813242866,300.0,11.0,0.03666666666666667,-11.673538208007812,-12.300327734513717,-11.181471824645996,-0.4920663833618164,0.99,4.0,3.0,93.0,19.0,-11.946274757385254,0.2727365493774414,-11.963924617767335,0.2903864097595221,0.0,0.0,1.0,1.0,179.4090909090909,300.0,0.0,1.0,1.2857142857142858,250.5,56.0,not_short_primary,nan,2,6-10w
bX2vDaHL26U_1,"As an engine hums, people talk and hands clap",74,bX2vDaHL26U,"[[56, 59]]",3.0,3.0,1,9,45,3-5s,2-5s,0.04054054054054054,0.0,0.0,0.0,0.0,3.0,38.5,19.0,0.2,0.5116411935411949,37.86144832204842,12.62048277401614,12.111929493766631,1.113308395371,74.0,3.0,0.04054054054054054,-12.470094680786133,-12.61874771118164,-12.081501007080078,-0.3885936737060547,0.8783783783783784,10.0,9.0,23.0,7.0,-12.749274253845215,0.27917957305908203,-12.726819505691529,0.2567248249053957,0.0,0.0,0.0,1.0,57.5,74.0,0.0,1.0,1.0,38.5,19.0,shorter_or_equal_audio,188.5,1,6-10w
bX2vDaHL26U_2,"As an engine hums, tires screech",74,bX2vDaHL26U,"[[45, 46], [63, 64]]",1.0,2.0,2,6,32,1-2s,0-2s,0.013513513513513514,0.0,0.0,0.0,0.0,4.0,50.0,4.5,0.3333333333333333,0.5116411935411949,37.86144832204842,37.86144832204842,5.4862677658476615,2.0591793036133623,74.0,2.0,0.02702702702702703,-10.690547943115234,-10.716046333312988,-10.510072708129883,-0.18047523498535156,0.9324324324324325,6.0,5.0,20.0,5.0,-10.510072708129883,-0.18047523498535156,-11.027924041748047,0.3373760986328129,0.0,0.0,0.0,1.0,54.5,74.0,0.0,1.0,4.0,50.0,4.5,shorter_or_equal_audio,213.0,2,6-10w
bgbnu5YKTDg_1,Music plays,198,bgbnu5YKTDg,"[[1, 10]]",9.0,9.0,1,2,11,5-10s,5-10s,0.045454545454545456,1.0,1.0,1.0,1.0,12.0,6.0,0.5,0.75,0.5116411935411949,101.30495632115658,11.256106257906287,14.742819372161108,26.34573864813214,198.0,9.0,0.045454545454545456,-11.82795524597168,-12.599402321709526,-12.145171165466309,0.3172159194946289,1.0,1.0,0.0,43.0,5.0,-12.145171165466309,0.3172159194946289,-13.126743564605713,1.298788318634033,1.0,1.0,1.0,1.0,5.5,198.0,1.0,0.0,1.3333333333333333,6.0,0.5,not_short_primary,nan,1,0-5w
bgbnu5YKTDg_2,A man speaks over the radio,198,bgbnu5YKTDg,"[[14, 17], [20, 22], [36, 39], [46, 50], [65, 70], [72, 74], [81, 84], [101, 105], [110, 113], [119, 122], [125, 127], [147, 149]]",5.0,36.0,12,6,27,5-10s,5-10s,0.025252525252525252,0.0,0.0,1.0,0.0,7.0,72.5,0.5,0.6666666666666666,0.5116411935411949,101.30495632115658,20.260991264231315,33.38055861576485,0.9181164546887146,198.0,36.0,0.18181818181818182,-11.154766082763672,-11.430171463224623,-11.112539291381836,-0.04222679138183594,0.98989898989899,3.0,2.0,30.0,2.0,-11.112539291381836,-0.04222679138183594,-11.235170917510986,0.08040483474731452,0.0,1.0,1.0,1.0,77.22222222222223,198.0,1.0,1.0,1.4,72.5,0.5,not_short_primary,nan,3+,6-10w
bgbnu5YKTDg_3,An explosion goes off and echoes ring out,198,bgbnu5YKTDg,"[[17, 22], [32, 36], [42, 44], [48, 52], [60, 66], [68, 71], [72, 76], [81, 84], [86, 97], [105, 107], [109, 113], [123, 128], [134, 140], [144, 145], [118, 120]]",11.0,62.0,15,8,41,10-20s,10s+,0.05555555555555555,0.0,0.0,1.0,0.0,16.0,19.0,0.5,0.5,0.5116411935411949,101.30495632115658,9.209541483741507,8.020974521016774,0.18579516593572976,198.0,62.0,0.31313131313131315,-10.223873138427734,-10.841971858855217,-10.146928787231445,-0.07694435119628906,0.9949494949494949,2.0,1.0,28.0,10.0,-10.343568801879883,0.11969566345214844,-10.232831735610961,0.008958597183227113,0.0,1.0,1.0,1.0,82.96774193548387,198.0,1.0,1.0,1.4545454545454546,19.0,0.5,not_short_primary,nan,3+,6-10w
bgbnu5YKTDg_4,Someone speaks over the radio as an explosion goes off,198,bgbnu5YKTDg,"[[20, 22], [48, 50], [68, 70], [72, 74], [81, 84], [110, 113], [125, 127], [119, 120]]",3.0,17.0,8,10,54,3-5s,2-5s,0.015151515151515152,0.0,0.0,0.0,0.0,19.0,69.5,0.5,0.18181818181818182,0.5116411935411949,101.30495632115658,33.76831877371886,55.634264359608075,0.9181164546887146,198.0,17.0,0.08585858585858586,-10.536746978759766,-10.771480616401224,-10.471319198608398,-0.06542778015136719,0.9797979797979798,5.0,4.0,38.0,7.0,-10.471319198608398,-0.06542778015136719,-10.633133249282837,0.09638627052307136,0.0,0.0,1.0,1.0,81.02941176470588,198.0,1.0,1.0,6.333333333333333,69.5,0.5,longer_audio,188.5,3+,6-10w
bhlhcGONisM_1,A man speaks as rhythmic sound effects repeat,300,bhlhcGONisM,"[[268, 291]]",23.0,23.0,1,8,45,20s+,10s+,0.07666666666666666,0.0,0.0,0.0,0.0,10.0,118.0,161.5,0.43478260869565216,0.5116411935411949,153.49235806235845,6.673580785319933,6.404663069559323,50.905304305558104,300.0,23.0,0.07666666666666666,-11.557981491088867,-12.025345553522525,-11.107694625854492,-0.450286865234375,0.94,19.0,18.0,89.0,21.0,-11.441779136657715,-0.11620235443115234,-11.455937004089355,-0.10204448699951207,0.0,0.0,0.0,0.0,279.5,300.0,0.0,1.0,0.43478260869565216,118.0,161.5,not_short_primary,nan,1,6-10w
bpv_LneHmfU_1,A man speaks as engines hum in the background,138,bpv_LneHmfU,"[[0, 3]]",3.0,3.0,1,9,45,3-5s,2-5s,0.021739130434782608,0.0,0.0,0.0,0.0,5.0,68.5,67.0,0.2,0.5116411935411949,70.60648470868489,23.535494902894964,30.82589505088232,20.695514815364827,138.0,3.0,0.021739130434782608,-12.078773498535156,-12.169931093851725,-10.44461441040039,-1.6341590881347656,0.10869565217391304,124.0,123.0,44.0,6.0,-12.172564506530762,0.09379100799560547,-11.397082538604737,-0.6816909599304193,0.0,0.0,0.0,0.0,1.5,138.0,0.0,1.0,1.6666666666666667,68.5,67.0,shorter_or_equal_audio,188.5,1,6-10w
bpv_LneHmfU_2,A man and woman speak as engines hum and birds chirp,138,bpv_LneHmfU,"[[61, 72]]",11.0,11.0,1,11,52,10-20s,10s+,0.07971014492753623,1.0,0.0,1.0,0.0,7.0,68.5,2.0,0.6363636363636364,0.5116411935411949,70.60648470868489,6.418771337153172,6.6774212855847415,0.5176586826089249,138.0,11.0,0.07971014492753623,-10.203413009643555,-10.475637956099076,-10.69442367553711,0.4910106658935547,1.0,1.0,0.0,39.0,2.0,-10.69442367553711,0.4910106658935547,-11.204943933486938,1.001530923843383,1.0,1.0,1.0,1.0,66.5,138.0,1.0,1.0,0.6363636363636364,68.5,2.0,not_short_primary,nan,1,11-15w
bygBWUkpaC8_1,A man and a woman are talking,299,bygBWUkpaC8,"[[17, 35], [142, 162]]",20.0,38.0,2,7,29,20s+,10s+,0.06688963210702341,0.0,0.0,1.0,0.0,24.0,99.0,53.0,0.6521739130434783,0.5116411935411949,152.98071686881727,7.649035843440863,7.957260365321817,9.038260478986018,299.0,38.0,0.12709030100334448,-10.764455795288086,-11.733637282722874,-10.298226356506348,-0.4662294387817383,0.9364548494983278,20.0,19.0,73.0,9.0,-11.278249740600586,0.5137939453125,-10.463258543014526,-0.3011972522735604,0.0,0.0,0.0,0.0,92.3157894736842,299.0,0.0,1.0,1.2,99.0,53.0,not_short_primary,nan,2,6-10w
bygBWUkpaC8_2,A man is talking,299,bygBWUkpaC8,"[[90, 104], [121, 129], [221, 226], [266, 274], [287, 289], [17, 35], [146, 149], [151, 156], [159, 162]]",18.0,66.0,9,4,16,10-20s,10s+,0.06020066889632107,0.0,0.0,1.0,1.0,29.0,106.5,9.5,0.7368421052631579,0.5116411935411949,152.98071686881727,8.498928714934292,9.839814785329832,3.4384692378951343,299.0,66.0,0.22073578595317725,-10.437089920043945,-11.189256957083037,-10.572500228881836,0.13541030883789062,1.0,1.0,0.0,61.0,1.0,-10.816703796386719,0.37961387634277344,-10.74964189529419,0.31255197525024414,1.0,1.0,1.0,1.0,126.83333333333333,299.0,0.0,1.0,1.6111111111111112,106.5,9.5,not_short_primary,nan,3+,0-5w
bygBWUkpaC8_3,A woman and children are talking,299,bygBWUkpaC8,"[[104, 108], [186, 200]]",14.0,18.0,2,6,32,10-20s,10s+,0.046822742474916385,0.0,0.0,0.0,0.0,21.0,102.5,3.5,0.19047619047619047,0.5116411935411949,152.98071686881727,10.927194062058376,18.002862601215167,2.8509251517579486,299.0,18.0,0.06020066889632107,-12.015074729919434,-12.722266621059841,-10.537181854248047,-1.4778928756713867,0.8528428093645485,45.0,44.0,78.0,17.0,-10.806132316589355,-1.2089424133300781,-11.259250993728637,-0.7558237361907967,0.0,0.0,0.0,0.0,173.66666666666666,299.0,0.0,1.0,1.5,102.5,3.5,not_short_primary,nan,2,6-10w
c6YJgZ3qzOw_1,A man is speaking,300,c6YJgZ3qzOw,"[[1, 9], [81, 82]]",8.0,9.0,2,4,17,5-10s,5-10s,0.02666666666666667,0.0,0.0,1.0,0.0,11.0,106.5,25.0,0.5555555555555556,0.5116411935411949,153.49235806235845,19.186544757794806,31.546373842843003,0.39061964409921757,300.0,9.0,0.03,-11.09868049621582,-11.334773275587294,-10.984794616699219,-0.11388587951660156,0.99,4.0,3.0,78.0,13.0,-11.139301300048828,0.04062080383300781,-11.582272281646729,0.4835917854309084,0.0,0.0,1.0,1.0,13.5,300.0,0.0,1.0,1.375,106.5,25.0,not_short_primary,nan,2,0-5w
c6YJgZ3qzOw_2,The wind blows as a motor sound moves closer and farther away,300,c6YJgZ3qzOw,"[[148, 189], [192, 291]]",99.0,140.0,2,12,61,20s+,10s+,0.33,0.0,0.0,1.0,0.0,35.0,247.5,6.0,0.5853658536585366,0.5116411935411949,153.49235806235845,1.5504278592157419,0.22466288967435144,7.611435255621501,300.0,140.0,0.4666666666666667,-11.693641662597656,-12.358137103489467,-12.779132843017578,1.0854911804199219,1.0,1.0,0.0,39.0,0.0,-12.779132843017578,1.0854911804199219,-12.820787401199341,1.1271457386016852,1.0,1.0,1.0,1.0,220.12142857142857,300.0,0.0,1.0,0.35353535353535354,247.5,6.0,not_short_primary,nan,2,11-15w
c6YJgZ3qzOw_3,The wind blows as a motor runs and children talk,300,c6YJgZ3qzOw,"[[209, 211], [278, 285]]",7.0,9.0,2,10,48,5-10s,5-10s,0.023333333333333334,0.0,0.0,0.0,0.0,30.0,252.0,29.5,0.18518518518518517,0.5116411935411949,153.49235806235845,21.927479723194065,19.097558383373272,2.7057502514177827,300.0,9.0,0.03,-12.179740905761719,-12.449830479092068,-12.04296875,-0.13677215576171875,0.9866666666666667,5.0,4.0,82.0,16.0,-12.04296875,-0.13677215576171875,-12.340451917648316,0.16071101188659753,0.0,0.0,1.0,1.0,265.6111111111111,300.0,0.0,1.0,4.285714285714286,252.0,29.5,not_short_primary,nan,2,6-10w
cFoXRmGgIME_1,Music is playing,299,cFoXRmGgIME,"[[0, 10]]",10.0,10.0,1,3,16,10-20s,10s+,0.033444816053511704,1.0,1.0,1.0,1.0,7.0,3.5,1.5,0.7,0.5116411935411949,152.98071686881727,15.298071686881727,20.036831783073506,43.09028209995712,299.0,10.0,0.033444816053511704,-10.866445541381836,-11.41802911758423,-11.828369140625,0.9619235992431641,1.0,1.0,0.0,80.0,6.0,-11.828369140625,0.9619235992431641,-12.585224227905274,1.7187786865234376,1.0,1.0,1.0,1.0,5.0,299.0,1.0,0.0,0.7,3.5,1.5,not_short_primary,nan,1,0-5w
cFoXRmGgIME_2,Whistles ring as an engine runs,299,cFoXRmGgIME,"[[21, 27]]",6.0,6.0,1,6,31,5-10s,5-10s,0.020066889632107024,0.0,0.0,1.0,0.0,10.0,106.0,82.0,0.5454545454545454,0.5116411935411949,152.98071686881727,25.49678614480288,33.39471963845585,24.090282099957122,299.0,6.0,0.020066889632107024,-10.159521102905273,-10.747342109680176,-10.431868553161621,0.27234745025634766,1.0,1.0,0.0,87.0,8.0,-10.609495162963867,0.44997406005859375,-10.86169903755188,0.7021779346466062,1.0,1.0,1.0,1.0,24.0,299.0,0.0,1.0,1.6666666666666667,106.0,82.0,not_short_primary,nan,1,6-10w
cNARVD02-tw_1,A man is talking as an engine runs,299,cNARVD02-tw,"[[0, 67]]",67.0,67.0,1,8,34,20s+,10s+,0.22408026755852842,1.0,0.0,1.0,0.0,39.0,19.5,14.0,0.582089552238806,0.5116411935411949,152.98071686881727,2.2832942816241384,2.990571907921419,14.590282099957122,299.0,67.0,0.22408026755852842,-10.698551177978516,-11.014913558959961,-11.014131546020508,0.3155803680419922,1.0,1.0,0.0,68.0,0.0,-11.014131546020508,0.3155803680419922,-11.260160217285156,0.5616090393066404,1.0,1.0,1.0,1.0,33.5,299.0,0.0,1.0,0.582089552238806,19.5,14.0,not_short_primary,nan,1,6-10w
cNARVD02-tw_2,A man and a woman are talking while water pours,299,cNARVD02-tw,"[[77, 83]]",6.0,6.0,1,10,47,5-10s,5-10s,0.020066889632107024,0.0,0.0,0.0,0.0,24.0,19.0,61.0,0.25,0.5116411935411949,152.98071686881727,25.49678614480288,41.92162568448915,0.8390157547144383,299.0,6.0,0.020066889632107024,-10.886468887329102,-11.083177248636881,-10.496515274047852,-0.38995361328125,0.8060200668896321,59.0,58.0,101.0,18.0,-10.873451232910156,-0.013017654418945312,-10.776894121170043,-0.10957476615905826,0.0,0.0,0.0,0.0,80.0,299.0,0.0,1.0,4.0,19.0,61.0,not_short_primary,nan,1,6-10w
cNARVD02-tw_3,Something spins,299,cNARVD02-tw,"[[129, 143], [155, 170], [180, 187]]",15.0,36.0,3,2,15,10-20s,10s+,0.05016722408026756,0.0,0.0,0.0,0.0,22.0,35.0,101.0,0.0,0.5116411935411949,152.98071686881727,10.19871445792115,6.433483212706166,2.422432134069993,299.0,36.0,0.12040133779264214,-12.4017333984375,-13.151636679967245,-11.099474906921387,-1.3022584915161133,0.8795986622073578,37.0,36.0,89.0,20.0,-12.377071380615234,-0.024662017822265625,-11.294218969345092,-1.107514429092408,0.0,0.0,0.0,0.0,156.27777777777777,299.0,0.0,1.0,1.4666666666666666,35.0,101.0,not_short_primary,nan,3+,0-5w
cPiSd5nJLrI_1,People chat as a man screams,60,cPiSd5nJLrI,"[[29, 31]]",2.0,2.0,1,6,28,2-3s,2-5s,0.03333333333333333,0.0,0.0,0.0,0.0,14.0,7.0,23.0,0.0,0.5116411935411949,30.698471612471693,15.349235806235846,15.967746552485252,1.3120255141777974,60.0,2.0,0.03333333333333333,-11.800621032714844,-11.8709397315979,-10.969894409179688,-0.8307266235351562,0.75,16.0,15.0,17.0,3.0,-12.14370059967041,0.3430795669555664,-12.032769584655762,0.23214855194091832,0.0,0.0,0.0,0.0,30.0,60.0,0.0,1.0,7.0,7.0,23.0,shorter_or_equal_audio,188.5,1,6-10w
cPiSd5nJLrI_2,A woman screams and explosions rumble,60,cPiSd5nJLrI,"[[31, 34]]",3.0,3.0,1,6,37,3-5s,2-5s,0.05,1.0,1.0,1.0,1.0,3.0,32.5,0.0,1.0,0.5116411935411949,30.698471612471693,10.232823870823898,1.4827750718507193,2.7222870511243045,60.0,3.0,0.05,-10.397364616394043,-10.53268019358317,-10.51199722290039,0.11463260650634766,1.0,1.0,0.0,18.0,3.0,-10.625091552734375,0.22772693634033203,-10.779979724884033,0.3826151084899898,1.0,1.0,1.0,1.0,32.5,60.0,1.0,0.0,1.0,32.5,0.0,shorter_or_equal_audio,188.5,1,6-10w
cPiSd5nJLrI_3,Explosions rumble and echoes follow,60,cPiSd5nJLrI,"[[37, 50]]",13.0,13.0,1,5,35,10-20s,10s+,0.21666666666666667,0.0,0.0,0.0,0.0,2.0,27.0,16.5,0.3076923076923077,0.5116411935411949,30.698471612471693,2.361420893267053,2.733985070274304,0.6595045007568316,60.0,13.0,0.21666666666666667,-10.707817077636719,-10.974850727961613,-10.692949295043945,-0.014867782592773438,0.9833333333333333,2.0,1.0,12.0,3.0,-11.109147071838379,0.40132999420166016,-10.77522663116455,0.06740955352783118,0.0,1.0,1.0,1.0,43.5,60.0,0.0,1.0,0.15384615384615385,27.0,16.5,not_short_primary,nan,1,0-5w
cz0FSQDVBMw_1,Music plays,248,cz0FSQDVBMw,"[[0, 33], [227, 249]]",33.0,55.0,2,2,11,20s+,10s+,0.13306451612903225,1.0,1.0,1.0,1.0,28.0,14.0,2.5,0.8484848484848485,0.5116411935411949,126.88701599821633,3.84506109085504,5.036114606468257,23.387591842104904,248.0,54.0,0.21774193548387097,-10.38015365600586,-11.559221232378924,-11.424943923950195,1.044790267944336,1.0,1.0,0.0,55.0,0.0,-11.751880645751953,1.3717269897460938,-11.548670873641967,1.1685172176361078,1.0,1.0,1.0,1.0,102.44444444444444,248.0,0.0,0.0,0.8484848484848485,14.0,2.5,not_short_primary,nan,2,0-5w
cz0FSQDVBMw_2,A horn blares,248,cz0FSQDVBMw,"[[77, 78], [196, 197]]",1.0,2.0,2,3,13,1-2s,0-2s,0.004032258064516129,0.0,0.0,0.0,0.0,8.0,139.0,57.5,0.0,0.5116411935411949,126.88701599821633,126.88701599821633,121.77399382922125,7.528384892594715,248.0,2.0,0.008064516129032258,-12.560548782348633,-12.669514656066895,-10.748018264770508,-1.812530517578125,0.6330645161290323,92.0,91.0,74.0,18.0,-11.93044662475586,-0.6301021575927734,-12.429499282836915,-0.13104949951171818,0.0,0.0,0.0,0.0,137.0,248.0,0.0,1.0,8.0,139.0,57.5,longer_audio,213.0,2,0-5w
cz0FSQDVBMw_3,A train whistles,248,cz0FSQDVBMw,"[[100, 105], [112, 114], [137, 142], [177, 178], [212, 214]]",5.0,15.0,5,3,16,5-10s,5-10s,0.020161290322580645,1.0,1.0,1.0,1.0,6.0,139.0,0.5,0.8333333333333334,0.5116411935411949,126.88701599821633,25.377403199643265,16.008399699844105,2.20656578344267,248.0,15.0,0.06048387096774194,-11.162672996520996,-12.651983896891275,-11.696044921875,0.5333719253540039,1.0,1.0,0.0,67.0,14.0,-12.51015567779541,1.347482681274414,-12.390871658325196,1.2281986618041998,1.0,1.0,1.0,1.0,135.96666666666667,248.0,1.0,0.0,1.2,139.0,0.5,not_short_primary,nan,3+,0-5w
d6gu2w19YQo_1,A baby laughs as a man screams,102,d6gu2w19YQo,"[[22, 24], [46, 47], [58, 60], [87, 89]]",2.0,7.0,4,7,30,2-3s,2-5s,0.0196078431372549,0.0,0.0,1.0,0.0,4.0,40.0,6.5,0.5,0.5116411935411949,52.187401741201874,26.093700870600937,3.7810764332193343,0.8778879869113112,102.0,7.0,0.06862745098039216,-10.953972816467285,-11.214691843305316,-10.84739875793457,-0.10657405853271484,0.9901960784313726,2.0,1.0,29.0,8.0,-10.84739875793457,-0.10657405853271484,-11.065894861221313,0.1119220447540279,0.0,1.0,1.0,1.0,55.214285714285715,102.0,0.0,1.0,2.0,40.0,6.5,shorter_or_equal_audio,188.5,3+,6-10w
dJYO3RbBabE_1,A man is talking while typing on a keyboard,299,dJYO3RbBabE,"[[89, 107], [114, 192], [214, 233], [240, 265], [281, 299]]",78.0,158.0,5,9,43,20s+,10s+,0.2608695652173913,1.0,0.0,1.0,0.0,18.0,94.0,4.0,0.6538461538461539,0.5116411935411949,152.98071686881727,1.9612912419079136,2.270726488922269,3.4384692378951343,299.0,158.0,0.5284280936454849,-11.85505485534668,-12.511471832854838,-11.552688598632812,-0.3023662567138672,0.9933110367892977,3.0,2.0,47.0,17.0,-11.925810813903809,0.0707559585571289,-11.552688598632812,-0.3023662567138672,0.0,1.0,1.0,1.0,186.5632911392405,299.0,0.0,1.0,0.23076923076923078,94.0,4.0,not_short_primary,nan,3+,6-10w
dYZSKX7vuRI_1,A man is talking and laughing,300,dYZSKX7vuRI,"[[4, 20]]",16.0,16.0,1,6,29,10-20s,10s+,0.05333333333333334,1.0,1.0,1.0,1.0,15.0,11.5,0.5,0.9375,0.5116411935411949,153.49235806235845,9.593272378897403,12.564902874000945,36.25111916383658,300.0,16.0,0.05333333333333334,-9.534194946289062,-10.155020833015442,-10.938305854797363,1.4041109085083008,1.0,1.0,0.0,96.0,6.0,-10.938305854797363,1.4041109085083008,-11.337029266357423,1.80283432006836,1.0,1.0,1.0,1.0,12.0,300.0,1.0,0.0,0.9375,11.5,0.5,not_short_primary,nan,1,6-10w
dYZSKX7vuRI_2,Someone is snoring,300,dYZSKX7vuRI,"[[41, 300], [27, 33]]",259.0,265.0,2,3,18,20s+,10s+,0.8633333333333333,0.0,0.0,0.0,0.0,18.0,81.0,51.0,0.46153846153846156,0.5116411935411949,153.49235806235845,0.592634587113353,0.08587500416123858,5.611435255621501,300.0,265.0,0.8833333333333333,-10.661006927490234,-11.833774933725033,-11.187089920043945,0.5260829925537109,1.0,1.0,0.0,9.0,0.0,-11.187089920043945,0.5260829925537109,-11.187089920043945,0.5260829925537109,1.0,1.0,1.0,1.0,167.3188679245283,300.0,0.0,1.0,0.0694980694980695,81.0,51.0,not_short_primary,nan,2,0-5w
dYvL6uEMl6E_1,"As someone speaks, the engine roars",178,dYvL6uEMl6E,"[[178, 179]]",1.0,1.0,1,6,35,1-2s,0-2s,0.0056179775280898875,0.0,0.0,0.0,0.0,6.0,18.0,160.5,0.0,0.5116411935411949,91.07213245033269,91.07213245033269,87.40230202258623,42.86714722129781,178.0,1.0,0.0056179775280898875,-14.015149116516113,-14.015149116516113,-13.074045181274414,-0.9411039352416992,0.0,179.0,178.0,52.0,11.0,-13.689641952514648,-0.32550716400146484,-13.576244583129883,-0.43890453338623026,0.0,0.0,0.0,0.0,178.5,178.0,0.0,1.0,6.0,18.0,160.5,shorter_or_equal_audio,213.0,1,6-10w
dZDgJzGtLLU_1,A man speaks as water flows,299,dZDgJzGtLLU,"[[1, 97], [134, 243], [118, 125]]",109.0,212.0,3,6,27,20s+,10s+,0.36454849498327757,0.0,0.0,1.0,0.0,16.0,11.0,38.0,0.625,0.5116411935411949,152.98071686881727,1.4034928153102502,1.838241447988395,0.9097179000428781,299.0,212.0,0.7090301003344481,-10.863155364990234,-11.75843156958526,-11.228185653686523,0.36503028869628906,1.0,1.0,0.0,30.0,1.0,-11.228185653686523,0.36503028869628906,-11.228185653686523,0.36503028869628906,1.0,1.0,1.0,1.0,123.11792452830188,299.0,0.0,1.0,0.14678899082568808,11.0,38.0,not_short_primary,nan,3+,6-10w
dZDgJzGtLLU_2,A tool digs into the earth and water flows,299,dZDgJzGtLLU,"[[263, 266], [43, 87], [270, 276]]",44.0,53.0,3,9,42,20s+,10s+,0.14715719063545152,0.0,0.0,0.0,0.0,14.0,263.0,1.5,0.46153846153846156,0.5116411935411949,152.98071686881727,3.4768344742913015,5.716585320612157,15.839015754714438,299.0,53.0,0.17725752508361203,-11.553532600402832,-12.092875120774755,-11.425629615783691,-0.12790298461914062,0.9765886287625418,8.0,7.0,80.0,19.0,-11.5860013961792,0.03246879577636719,-11.515585346221924,-0.037947254180908274,0.0,0.0,0.0,1.0,99.83962264150944,299.0,1.0,1.0,0.3181818181818182,263.0,1.5,not_short_primary,nan,3+,6-10w
dkiwn2FdDVw_1,Gunshots ring out,300,dkiwn2FdDVw,"[[58, 64], [154, 161], [164, 167], [66, 70]]",7.0,20.0,4,3,17,5-10s,5-10s,0.023333333333333334,1.0,0.0,1.0,0.0,11.0,160.5,3.0,0.5,0.5116411935411949,153.49235806235845,21.927479723194065,3.1773751539658273,10.611435255621501,300.0,20.0,0.06666666666666667,-10.49678897857666,-10.856011772155762,-10.711006164550781,0.2142171859741211,1.0,1.0,0.0,84.0,9.0,-10.711006164550781,0.2142171859741211,-10.967001399993897,0.4702124214172372,1.0,1.0,1.0,1.0,111.85,300.0,0.0,1.0,1.5714285714285714,160.5,3.0,not_short_primary,nan,3+,0-5w
dkiwn2FdDVw_2,Someone uses a spray,300,dkiwn2FdDVw,"[[87, 89]]",2.0,2.0,1,4,20,2-3s,2-5s,0.006666666666666667,0.0,0.0,0.0,0.0,14.0,69.0,19.0,0.0,0.5116411935411949,153.49235806235845,76.74617903117922,126.18549537137201,6.890619644099218,300.0,2.0,0.006666666666666667,-11.018975257873535,-11.06285285949707,-10.870382308959961,-0.14859294891357422,0.9766666666666667,8.0,7.0,92.0,15.0,-11.296124458312988,0.2771492004394531,-11.516962041854859,0.49798678398132346,0.0,0.0,0.0,1.0,88.0,300.0,0.0,1.0,7.0,69.0,19.0,longer_audio,188.5,1,0-5w
dkiwn2FdDVw_3,A shutter clicks,300,dkiwn2FdDVw,"[[112, 113], [103, 104]]",1.0,2.0,2,3,16,1-2s,0-2s,0.0033333333333333335,0.0,0.0,0.0,0.0,12.0,88.0,15.5,0.07692307692307693,0.5116411935411949,153.49235806235845,153.49235806235845,252.88301981640038,3.285024931346541,300.0,2.0,0.006666666666666667,-11.002382278442383,-11.181136131286621,-10.724971771240234,-0.27741050720214844,0.8766666666666667,38.0,37.0,93.0,16.0,-10.983820915222168,-0.018561363220214844,-11.260762386322021,0.2583801078796384,0.0,0.0,0.0,0.0,108.0,300.0,0.0,1.0,12.0,88.0,15.5,longer_audio,213.0,2,0-5w
dkiwn2FdDVw_4,Water sounds as a child's voice is heard,300,dkiwn2FdDVw,"[[185, 188], [191, 194], [197, 199], [201, 203]]",3.0,10.0,4,8,40,3-5s,2-5s,0.01,0.0,0.0,0.0,0.0,12.0,67.0,119.5,0.2,0.5116411935411949,153.49235806235845,51.164119354119485,18.933654985876796,0.9297378132428662,300.0,10.0,0.03333333333333333,-10.851175308227539,-11.21116237640381,-10.430130004882812,-0.42104530334472656,0.7766666666666666,68.0,67.0,90.0,17.0,-10.755821228027344,-0.09535408020019531,-10.644957189559937,-0.20621811866760176,0.0,0.0,0.0,0.0,193.7,300.0,0.0,1.0,4.0,67.0,119.5,longer_audio,188.5,3+,6-10w
dlsiellSFf0_1,Music plays,111,dlsiellSFf0,"[[0, 19]]",19.0,19.0,1,2,11,10-20s,10s+,0.17117117117117117,1.0,1.0,1.0,1.0,19.0,9.5,0.0,1.0,0.5116411935411949,56.792172483072626,2.9890617096354015,3.9149592112676626,8.352914090619535,111.0,19.0,0.17117117117117117,-10.19781494140625,-10.69962551719264,-11.585503578186035,1.3876886367797852,1.0,1.0,0.0,21.0,0.0,-11.585503578186035,1.3876886367797852,-11.707465887069702,1.5096509456634521,1.0,1.0,1.0,1.0,9.5,111.0,1.0,0.0,1.0,9.5,0.0,not_short_primary,nan,1,0-5w
dlsiellSFf0_2,An engine roars as water flows,111,dlsiellSFf0,"[[22, 55], [59, 106]]",47.0,80.0,2,6,30,20s+,10s+,0.42342342342342343,0.0,0.0,0.0,0.0,11.0,6.5,32.0,0.15151515151515152,0.5116411935411949,56.792172483072626,1.208344095384524,1.3989859774488727,0.8049166735998625,111.0,80.0,0.7207207207207207,-12.511261940002441,-13.353580033779144,-11.139982223510742,-1.3712797164916992,0.8288288288288288,20.0,19.0,9.0,5.0,-11.60889720916748,-0.9023647308349609,-11.139982223510742,-1.3712797164916992,0.0,0.0,0.0,0.0,64.35,111.0,0.0,1.0,0.23404255319148937,6.5,32.0,not_short_primary,nan,2,6-10w
dmUOSyPXkUw_1,A woman makes an announcement,230,dmUOSyPXkUw,"[[0, 23], [36, 39]]",23.0,26.0,2,5,29,20s+,10s+,0.1,0.0,0.0,0.0,0.0,6.0,188.0,150.5,0.30434782608695654,0.5116411935411949,117.67747451447482,5.116411935411949,6.701281532800503,0.5074753077252865,230.0,26.0,0.11304347826086956,-13.092893600463867,-13.422384482163649,-10.99476146697998,-2.0981321334838867,0.4652173913043478,124.0,123.0,62.0,13.0,-13.714481353759766,0.6215877532958984,-12.405685091018677,-0.6872085094451901,0.0,0.0,0.0,0.0,14.5,230.0,0.0,1.0,0.2608695652173913,188.0,150.5,not_short_primary,nan,2,0-5w
dmUOSyPXkUw_2,Steam blows as people talk,230,dmUOSyPXkUw,"[[185, 196], [209, 217], [225, 231]]",11.0,25.0,3,5,26,10-20s,10s+,0.04782608695652174,0.0,0.0,1.0,1.0,10.0,63.0,127.5,0.7272727272727273,0.5116411935411949,117.67747451447482,10.69795222858862,10.266868981202672,15.24406663426123,230.0,24.0,0.10434782608695652,-11.664461135864258,-12.10391370455424,-10.90250301361084,-0.761958122253418,0.4956521739130435,117.0,116.0,62.0,11.0,-11.90669059753418,0.24222946166992188,-11.01959713935852,-0.6448639965057374,0.0,0.0,0.0,0.0,205.70833333333334,230.0,0.0,1.0,0.9090909090909091,63.0,127.5,not_short_primary,nan,3+,0-5w
dmUOSyPXkUw_3,A train passes by as a whistle blows,230,dmUOSyPXkUw,"[[148, 154], [160, 166], [176, 177], [105, 108], [58, 63], [82, 86]]",6.0,25.0,6,8,36,5-10s,5-10s,0.02608695652173913,0.0,0.0,1.0,1.0,9.0,8.5,52.0,0.75,0.5116411935411949,117.67747451447482,19.612912419079137,32.312830309873384,0.26851911403234396,230.0,25.0,0.10869565217391304,-9.845999717712402,-10.718110122680663,-9.326517105102539,-0.5194826126098633,0.9826086956521739,5.0,4.0,64.0,8.0,-10.83713150024414,0.9911317825317383,-9.982429132461547,0.13642941474914494,0.0,0.0,1.0,1.0,120.74,230.0,0.0,1.0,1.5,8.5,52.0,not_short_primary,nan,3+,6-10w
dxow2DcTrwk_1,Wind howls as thunder rumbles,156,dxow2DcTrwk,"[[43, 46], [58, 60], [63, 69], [79, 83], [122, 124]]",6.0,17.0,5,5,29,5-10s,5-10s,0.038461538461538464,0.0,0.0,1.0,0.0,9.0,49.5,5.0,0.625,0.5116411935411949,79.81602619242639,13.302671032071066,21.91652838408803,2.208212964300202,156.0,17.0,0.10897435897435898,-10.246471405029297,-10.58062115837546,-10.3242769241333,0.0778055191040039,1.0,1.0,0.0,39.0,4.0,-10.3242769241333,0.0778055191040039,-10.465700368881226,0.21922896385192914,1.0,1.0,1.0,1.0,71.61764705882354,156.0,0.0,1.0,1.5,49.5,5.0,not_short_primary,nan,3+,0-5w
e2rScj9UyMs_1,Wings flap,225,e2rScj9UyMs,"[[36, 38], [43, 45], [47, 49], [147, 149], [162, 164], [188, 189], [202, 204], [207, 209], [54, 56], [64, 65], [70, 72], [74, 78], [90, 94], [97, 98], [111, 113], [124, 128], [131, 135], [155, 159], [178, 183], [224, 225]]",5.0,49.0,20,2,10,5-10s,5-10s,0.022222222222222223,0.0,0.0,0.0,0.0,9.0,157.5,0.5,0.4444444444444444,0.5116411935411949,115.11926854676885,23.02385370935377,30.15576689760227,0.8116606271225635,225.0,49.0,0.21777777777777776,-11.63171100616455,-12.178478474519691,-11.54707145690918,-0.0846395492553711,0.9955555555555555,2.0,1.0,57.0,10.0,-11.54707145690918,-0.0846395492553711,-11.704280853271484,0.0725698471069336,0.0,1.0,1.0,1.0,122.27551020408163,225.0,1.0,1.0,1.8,157.5,0.5,not_short_primary,nan,3+,0-5w
e2rScj9UyMs_2,Birds coo as a bell rings,225,e2rScj9UyMs,"[[161, 162]]",1.0,1.0,1,6,25,1-2s,0-2s,0.0044444444444444444,0.0,0.0,0.0,0.0,10.0,8.0,153.5,0.0625,0.5116411935411949,115.11926854676885,115.11926854676885,133.2817721758723,4.098141877838117,225.0,1.0,0.0044444444444444444,-11.680898666381836,-11.680898666381836,-11.570630073547363,-0.11026859283447266,0.9955555555555555,2.0,1.0,74.0,19.0,-13.354330062866211,1.673431396484375,-13.608789892196656,1.92789122581482,0.0,1.0,1.0,1.0,161.5,225.0,0.0,1.0,10.0,8.0,153.5,longer_audio,213.0,1,6-10w
e4ph6bIC5zc_1,An engine roars and tires squeal,258,e4ph6bIC5zc,"[[17, 19], [28, 30], [84, 86], [180, 190]]",10.0,16.0,4,6,32,10-20s,10s+,0.03875968992248062,0.0,0.0,1.0,0.0,12.0,75.0,10.0,0.625,0.5116411935411949,132.00342793362827,13.200342793362827,15.282976542833358,4.885869353254378,258.0,16.0,0.06201550387596899,-11.078756332397461,-11.357599914073944,-10.935029983520508,-0.14372634887695312,0.9844961240310077,5.0,4.0,63.0,10.0,-10.935029983520508,-0.14372634887695312,-11.136788129806519,0.05803179740905762,0.0,0.0,1.0,1.0,132.125,258.0,0.0,1.0,1.2,75.0,10.0,not_short_primary,nan,3+,6-10w
e4ph6bIC5zc_2,A man talks and laughs while the engine hums in the background,258,e4ph6bIC5zc,"[[62, 64], [149, 155], [241, 244]]",6.0,11.0,3,12,62,5-10s,5-10s,0.023255813953488372,0.0,0.0,0.0,0.0,9.0,5.5,57.5,0.45454545454545453,0.5116411935411949,132.00342793362827,22.00057132227138,3.1879664044790466,0.5441656801654915,258.0,11.0,0.04263565891472868,-10.772419929504395,-11.285347678444602,-10.670770645141602,-0.10164928436279297,0.9883720930232558,4.0,3.0,66.0,10.0,-11.305233001708984,0.5328130722045898,-11.173632221221924,0.40121229171752937,0.0,0.0,1.0,1.0,160.5,258.0,0.0,1.0,1.5,5.5,57.5,not_short_primary,nan,3+,11-15w
e4ph6bIC5zc_3,Clapping breaks out as the engine hums in the background,258,e4ph6bIC5zc,"[[88, 93], [132, 138]]",6.0,11.0,2,10,56,5-10s,5-10s,0.023255813953488372,0.0,0.0,0.0,0.0,9.0,189.5,54.5,0.14285714285714285,0.5116411935411949,132.00342793362827,22.00057132227138,36.24656617368405,3.4248785590419715,258.0,11.0,0.04263565891472868,-11.496451377868652,-12.268889167092063,-11.744070053100586,0.2476186752319336,1.0,1.0,0.0,76.0,15.0,-11.912832260131836,0.4163808822631836,-12.197453022003174,0.7010016441345215,1.0,1.0,1.0,1.0,114.77272727272727,258.0,0.0,1.0,1.5,189.5,54.5,not_short_primary,nan,2,6-10w
eNG6fEiAE8c_1,Music plays,91,eNG6fEiAE8c,"[[83, 91]]",8.0,8.0,1,2,11,5-10s,5-10s,0.08791208791208792,0.0,0.0,0.0,0.0,7.0,3.5,83.5,0.3,0.5116411935411949,46.55934861224873,5.819918576531092,5.585399918578193,17.65960897268596,91.0,8.0,0.08791208791208792,-12.445941925048828,-12.819865465164185,-12.594697952270508,0.1487560272216797,1.0,1.0,0.0,30.0,3.0,-13.001446723937988,0.5555047988891602,-13.14627854347229,0.7003366184234618,1.0,1.0,1.0,1.0,87.0,91.0,0.0,1.0,0.875,3.5,83.5,not_short_primary,nan,1,0-5w
eRU-rABp8nk_1,"As machinery hums and water flows, a motorcycle engine roars",299,eRU-rABp8nk,"[[98, 192]]",94.0,94.0,1,10,60,20s+,10s+,0.31438127090301005,1.0,0.0,1.0,0.0,54.0,132.0,13.0,0.6573426573426573,0.5116411935411949,152.98071686881727,1.6274544347746518,1.6930341202812376,2.038260478986018,299.0,94.0,0.31438127090301005,-10.901199340820312,-11.446415535947109,-10.971091270446777,0.06989192962646484,1.0,1.0,0.0,58.0,1.0,-12.090055465698242,1.1888561248779297,-11.223664903640747,0.3224655628204349,1.0,1.0,1.0,1.0,145.0,299.0,0.0,1.0,0.574468085106383,132.0,13.0,not_short_primary,nan,1,6-10w
eRU-rABp8nk_2,"As people laugh together, a burst of steam hisses",299,eRU-rABp8nk,"[[202, 204]]",2.0,2.0,1,9,49,2-3s,2-5s,0.006688963210702341,0.0,0.0,0.0,0.0,10.0,242.0,39.0,0.25,0.5116411935411949,152.98071686881727,76.49035843440863,28.305814203885806,0.746694646134614,299.0,2.0,0.006688963210702341,-11.18783187866211,-11.245689868927002,-11.144708633422852,-0.04312324523925781,0.9899665551839465,4.0,3.0,85.0,21.0,-11.144708633422852,-0.04312324523925781,-11.624736642837524,0.4369047641754147,0.0,0.0,1.0,1.0,203.0,299.0,0.0,1.0,5.0,242.0,39.0,longer_audio,188.5,1,6-10w
eRU-rABp8nk_3,"As steam hisses, someone clears their throat",299,eRU-rABp8nk,"[[253, 254]]",1.0,1.0,1,7,44,1-2s,0-2s,0.0033444816053511705,0.0,0.0,0.0,0.0,12.0,245.0,8.5,0.0,0.5116411935411949,152.98071686881727,152.98071686881727,146.8162264311982,25.6672866245396,299.0,1.0,0.0033444816053511705,-12.390892028808594,-12.390892028808594,-11.710575103759766,-0.6803169250488281,0.5317725752508361,141.0,140.0,86.0,23.0,-12.008282661437988,-0.38260936737060547,-12.463263521194458,0.07237149238586404,0.0,0.0,0.0,0.0,253.5,299.0,0.0,1.0,12.0,245.0,8.5,longer_audio,213.0,1,6-10w
eRU-rABp8nk_4,"As water flows, people chat and laugh together",299,eRU-rABp8nk,"[[255, 300]]",45.0,45.0,1,8,46,20s+,10s+,0.1505016722408027,0.0,0.0,1.0,0.0,46.0,245.0,32.5,0.6444444444444445,0.5116411935411949,152.98071686881727,3.399571485973717,3.2625828095821823,49.6672866245396,299.0,44.0,0.14715719063545152,-11.787437438964844,-11.924723798578436,-10.969305992126465,-0.8181314468383789,0.3612040133779264,192.0,191.0,68.0,16.0,-11.702735900878906,-0.0847015380859375,-11.084348459243774,-0.7030889797210698,0.0,0.0,0.0,0.0,277.0,299.0,0.0,1.0,1.0222222222222221,245.0,32.5,not_short_primary,nan,1,6-10w
eUecAF626A8_1,"As engines hum, a child shouts, people chat, and a man's voice booms through a loudspeaker",299,eUecAF626A8,"[[22, 31], [33, 35], [41, 53]]",12.0,23.0,3,16,90,10-20s,10s+,0.04013377926421405,0.0,0.0,1.0,0.0,14.0,56.0,9.0,0.6153846153846154,0.5116411935411949,152.98071686881727,12.74839307240144,16.697359819227923,1.0902820999571219,299.0,23.0,0.07692307692307693,-10.088859558105469,-10.403497944707455,-10.168306350708008,0.07944679260253906,1.0,1.0,0.0,78.0,9.0,-10.232987403869629,0.14412784576416016,-10.364187021255493,0.275327463150024,1.0,1.0,1.0,1.0,37.84782608695652,299.0,0.0,1.0,1.1666666666666667,56.0,9.0,not_short_primary,nan,3+,16w+
eUecAF626A8_2,"As engines hum, people cheer and applause erupts",299,eUecAF626A8,"[[63, 66]]",3.0,3.0,1,8,48,3-5s,2-5s,0.010033444816053512,0.0,0.0,0.0,0.0,9.0,51.5,13.0,0.3333333333333333,0.5116411935411949,152.98071686881727,50.99357228960576,83.8432513689783,16.33901575471444,299.0,3.0,0.010033444816053512,-11.942949295043945,-11.947622299194336,-10.91855525970459,-1.0243940353393555,0.7725752508361204,69.0,68.0,83.0,13.0,-11.327033996582031,-0.6159152984619141,-11.86340048789978,-0.07954880714416568,0.0,0.0,0.0,0.0,64.5,299.0,0.0,1.0,3.0,51.5,13.0,longer_audio,188.5,1,6-10w
eUecAF626A8_3,Engine noise rumbles as a man speaks through a loudspeaker,299,eUecAF626A8,"[[70, 89], [269, 272], [122, 128], [146, 149], [169, 174], [182, 185]]",19.0,39.0,6,10,58,10-20s,10s+,0.06354515050167224,1.0,0.0,1.0,0.0,12.0,75.0,4.5,0.55,0.5116411935411949,152.98071686881727,8.051616677306171,13.23840811089131,1.3390157547144383,299.0,39.0,0.13043478260869565,-10.897259712219238,-11.28584913107065,-10.730709075927734,-0.1665506362915039,0.9632107023411371,12.0,11.0,69.0,6.0,-11.181407928466797,0.2841482162475586,-10.82850248336792,-0.06875722885131808,0.0,0.0,0.0,0.0,126.21794871794872,299.0,0.0,1.0,0.631578947368421,75.0,4.5,not_short_primary,nan,3+,6-10w
eXj9OAik5cc_1,"As wind blows and birds sing, cars and engines rumble nearby",299,eXj9OAik5cc,"[[16, 300]]",284.0,284.0,1,11,60,20s+,10s+,0.9498327759197325,0.0,0.0,0.0,0.0,24.0,49.0,109.0,0.08450704225352113,0.5116411935411949,152.98071686881727,0.5386644960169622,0.5603704482620998,15.038260478986018,299.0,283.0,0.9464882943143813,-11.016094207763672,-12.229531834066545,-11.307573318481445,0.29147911071777344,1.0,1.0,0.0,5.0,2.0,-11.415098190307617,0.3990039825439453,-11.307573318481445,0.29147911071777344,1.0,1.0,1.0,1.0,157.5,299.0,0.0,1.0,0.08450704225352113,49.0,109.0,not_short_primary,nan,1,11-15w
eYbFtxZmKL4_1,Wind blows as a horse gallops and neighs,299,eYbFtxZmKL4,"[[88, 90], [104, 106], [153, 155], [186, 189]]",3.0,9.0,4,8,40,3-5s,2-5s,0.010033444816053512,0.0,0.0,0.0,0.0,12.0,220.0,32.5,0.25,0.5116411935411949,152.98071686881727,50.99357228960576,84.01335880567079,3.8509251517579486,299.0,9.0,0.030100334448160536,-10.393802642822266,-10.583416197035048,-10.363452911376953,-0.0303497314453125,0.9966555183946488,2.0,1.0,89.0,18.0,-10.363452911376953,-0.0303497314453125,-10.60648892402649,0.21268628120422406,0.0,1.0,1.0,1.0,139.83333333333334,299.0,0.0,1.0,4.0,220.0,32.5,longer_audio,188.5,3+,6-10w
eYbFtxZmKL4_2,A horse gallops as a man makes a broadcast,299,eYbFtxZmKL4,"[[213, 223], [20, 32]]",12.0,22.0,2,9,42,10-20s,10s+,0.04013377926421405,1.0,1.0,1.0,1.0,12.0,218.0,0.0,0.8333333333333334,0.5116411935411949,152.98071686881727,12.74839307240144,14.759722177994748,2.0615307621048657,299.0,22.0,0.07357859531772576,-10.314827919006348,-10.551275383342396,-10.471220970153809,0.15639305114746094,1.0,1.0,0.0,83.0,11.0,-10.549468994140625,0.23464107513427734,-10.605252466201783,0.2904245471954354,1.0,1.0,1.0,1.0,113.27272727272727,299.0,1.0,0.0,1.0,218.0,0.0,not_short_primary,nan,2,6-10w
ek9Fsmm3xqk_1,"As wind blows, water stirs nearby",299,ek9Fsmm3xqk,"[[26, 157], [178, 182], [203, 263], [298, 300]]",131.0,197.0,4,6,33,20s+,10s+,0.43812709030100333,0.0,0.0,0.0,0.0,20.0,254.0,21.0,0.3114754098360656,0.5116411935411949,152.98071686881727,1.1677917318230326,0.169217460489834,4.475602861897244,299.0,196.0,0.6555183946488294,-10.345888137817383,-10.67085795986409,-10.3541898727417,0.008301734924316406,1.0,1.0,0.0,39.0,9.0,-10.3541898727417,0.008301734924316406,-10.3541898727417,0.008301734924316406,1.0,1.0,1.0,1.0,137.67857142857142,299.0,0.0,1.0,0.15267175572519084,254.0,21.0,not_short_primary,nan,3+,6-10w
elztUCeNQvQ_1,A train whistles and passes by,299,elztUCeNQvQ,"[[7, 11], [189, 193]]",4.0,8.0,2,6,30,3-5s,2-5s,0.013377926421404682,0.0,0.0,1.0,0.0,9.0,12.5,3.5,0.5,0.5116411935411949,152.98071686881727,38.24517921720432,14.152907101942903,11.253305353865386,299.0,8.0,0.026755852842809364,-9.546879768371582,-10.124869227409363,-10.150102615356445,0.6032228469848633,1.0,1.0,0.0,83.0,14.0,-10.820356369018555,1.2734766006469727,-11.127770404815674,1.5808906364440922,1.0,1.0,1.0,1.0,100.0,299.0,0.0,1.0,2.25,12.5,3.5,longer_audio,188.5,2,6-10w
elztUCeNQvQ_2,A woman speaks as a door slides open,299,elztUCeNQvQ,"[[32, 34], [126, 129], [220, 222]]",3.0,7.0,3,8,36,3-5s,2-5s,0.010033444816053512,0.0,0.0,0.0,0.0,7.0,63.5,30.5,0.42857142857142855,0.5116411935411949,152.98071686881727,50.99357228960576,59.03888871197899,0.9384692378951343,299.0,7.0,0.023411371237458192,-11.984221458435059,-13.600913728986468,-11.942267417907715,-0.04195404052734375,0.9966555183946488,2.0,1.0,89.0,18.0,-12.518671035766602,0.534449577331543,-13.478712587356567,1.4944911289215081,0.0,1.0,1.0,1.0,127.21428571428571,299.0,0.0,1.0,2.3333333333333335,63.5,30.5,longer_audio,188.5,3+,6-10w
elztUCeNQvQ_3,A woman speaks as electronic tones sound and a door slides open,299,elztUCeNQvQ,"[[65, 71], [156, 164], [254, 260]]",8.0,20.0,3,12,63,5-10s,5-10s,0.026755852842809364,0.0,0.0,1.0,0.0,9.0,61.5,6.5,0.6666666666666666,0.5116411935411949,152.98071686881727,19.12258960860216,31.44121926336686,12.839015754714438,299.0,20.0,0.06688963210702341,-12.180025100708008,-12.727632761001587,-11.90453052520752,-0.2754945755004883,0.9933110367892977,3.0,2.0,81.0,12.0,-11.914656639099121,-0.2653684616088867,-12.38052716255188,0.20050206184387243,0.0,1.0,1.0,1.0,161.5,299.0,0.0,1.0,1.125,61.5,6.5,not_short_primary,nan,3+,11-15w
elztUCeNQvQ_4,A train passes by,299,elztUCeNQvQ,"[[10, 29], [74, 123], [164, 181], [189, 217], [263, 288]]",49.0,138.0,5,4,17,20s+,10s+,0.16387959866220736,1.0,0.0,1.0,1.0,26.0,13.0,6.5,0.9032258064516129,0.5116411935411949,152.98071686881727,3.1220554463023933,1.1553393552606452,0.746694646134614,299.0,138.0,0.46153846153846156,-10.87481689453125,-11.768932176672894,-10.804709434509277,-0.07010746002197266,0.9933110367892977,3.0,2.0,40.0,3.0,-10.804709434509277,-0.07010746002197266,-10.810910415649413,-0.06390647888183665,0.0,1.0,1.0,1.0,150.0072463768116,299.0,0.0,1.0,0.5306122448979592,13.0,6.5,not_short_primary,nan,3+,0-5w
elztUCeNQvQ_5,A man is speaking,299,elztUCeNQvQ,"[[153, 155], [252, 254], [296, 298], [271, 272], [195, 196], [107, 109], [80, 82]]",2.0,12.0,7,4,17,2-3s,2-5s,0.006688963210702341,0.0,0.0,0.0,0.0,8.0,61.0,20.0,0.2857142857142857,0.5116411935411949,152.98071686881727,76.49035843440863,125.76487705346744,0.16098424528556166,299.0,12.0,0.04013377926421405,-9.997773170471191,-11.172156174977621,-9.063131332397461,-0.9346418380737305,0.9933110367892977,3.0,2.0,88.0,16.0,-10.613038063049316,0.615264892578125,-11.206046342849731,1.20827317237854,0.0,1.0,1.0,1.0,187.75,299.0,0.0,1.0,4.0,61.0,20.0,longer_audio,188.5,3+,0-5w
emGPabOePzA_1,Someone burps,101,emGPabOePzA,"[[87, 89], [5, 7]]",2.0,4.0,2,2,13,2-3s,2-5s,0.019801980198019802,0.0,0.0,0.0,0.0,11.0,27.5,21.5,0.3333333333333333,0.5116411935411949,51.67576054766068,25.83788027383034,33.84147174064255,10.244543451824981,101.0,4.0,0.039603960396039604,-11.663606643676758,-11.9599769115448,-11.60928726196289,-0.05431938171386719,0.9900990099009901,2.0,1.0,28.0,5.0,-12.016973495483398,0.3533668518066406,-12.050716133117676,0.3871094894409186,0.0,1.0,1.0,1.0,47.0,101.0,0.0,1.0,5.5,27.5,21.5,shorter_or_equal_audio,188.5,2,0-5w
eu5bq0A3XVQ_1,A man speaks after belching,300,eu5bq0A3XVQ,"[[8, 22], [61, 62], [89, 90], [123, 126], [143, 146], [168, 170], [176, 178], [184, 186], [219, 221], [235, 237], [248, 250], [261, 263], [270, 273], [283, 285], [290, 292], [297, 300]]",14.0,46.0,16,5,27,10-20s,10s+,0.04666666666666667,1.0,0.0,1.0,0.0,10.0,12.0,3.0,0.6,0.5116411935411949,153.49235806235845,10.963739861597032,12.69350211198784,0.7975225037841369,300.0,46.0,0.15333333333333332,-11.175973892211914,-11.79123656646065,-11.335992813110352,0.1600189208984375,1.0,1.0,0.0,70.0,10.0,-11.335992813110352,0.1600189208984375,-11.552959823608399,0.37698593139648473,1.0,1.0,1.0,1.0,152.69565217391303,300.0,0.0,1.0,0.7142857142857143,12.0,3.0,not_short_primary,nan,3+,0-5w
eu5bq0A3XVQ_2,A plastic bottle of a fizzy drink pops open,300,eu5bq0A3XVQ,"[[101, 103]]",2.0,2.0,1,9,43,2-3s,2-5s,0.006666666666666667,0.0,0.0,0.0,0.0,11.0,114.5,12.5,0.25,0.5116411935411949,153.49235806235845,76.74617903117922,126.44150990820019,7.214975068653459,300.0,2.0,0.006666666666666667,-11.300594329833984,-11.558112144470215,-11.445476531982422,0.1448822021484375,1.0,1.0,0.0,85.0,16.0,-11.50605297088623,0.2054586410522461,-12.244365606307984,0.9437712764739992,1.0,1.0,1.0,1.0,102.0,300.0,0.0,1.0,5.5,114.5,12.5,longer_audio,188.5,1,6-10w
eu5bq0A3XVQ_3,A man talks and claps,300,eu5bq0A3XVQ,"[[148, 151], [161, 164]]",3.0,6.0,2,5,21,3-5s,2-5s,0.01,0.0,0.0,0.0,0.0,10.0,14.0,135.5,0.25,0.5116411935411949,153.49235806235845,51.164119354119485,53.22582184161751,6.060127570888966,300.0,6.0,0.02,-12.095232009887695,-12.31316582361857,-11.349631309509277,-0.745600700378418,0.7866666666666666,65.0,64.0,87.0,18.0,-11.88930892944336,-0.20592308044433594,-11.867869815826417,-0.22736219406127844,0.0,0.0,0.0,0.0,156.0,300.0,0.0,1.0,3.3333333333333335,14.0,135.5,longer_audio,188.5,2,0-5w
f2fSxfvmkZQ_1,Machinery runs,299,f2fSxfvmkZQ,"[[56, 89], [98, 220], [243, 280]]",122.0,192.0,3,2,14,20s+,10s+,0.4080267558528428,0.0,0.0,1.0,1.0,27.0,113.5,41.0,0.7878787878787878,0.5116411935411949,152.98071686881727,1.2539403022034201,2.0617192959584827,8.339015754714438,299.0,192.0,0.6421404682274248,-10.405569076538086,-10.983941823244095,-10.687409400939941,0.28184032440185547,1.0,1.0,0.0,34.0,0.0,-10.687409400939941,0.28184032440185547,-10.687409400939941,0.28184032440185547,1.0,1.0,1.0,1.0,163.88541666666666,299.0,0.0,1.0,0.22131147540983606,113.5,41.0,not_short_primary,nan,3+,0-5w
f2fSxfvmkZQ_2,"As machinery runs, a woman speaks",299,f2fSxfvmkZQ,"[[58, 60], [92, 93], [230, 234], [237, 239], [280, 284], [288, 291], [293, 299]]",6.0,22.0,7,6,33,5-10s,5-10s,0.020066889632107024,0.0,0.0,0.0,0.0,96.0,150.0,57.5,0.125,0.5116411935411949,152.98071686881727,25.49678614480288,24.469371071866366,4.167286624539599,299.0,22.0,0.07357859531772576,-10.438993453979492,-11.937127720225941,-10.526687622070312,0.08769416809082031,1.0,1.0,0.0,86.0,12.0,-10.55543327331543,0.1164398193359375,-10.609088315963746,0.1700948619842535,1.0,1.0,1.0,1.0,244.86363636363637,299.0,0.0,1.0,16.0,150.0,57.5,not_short_primary,nan,3+,6-10w
fGGYeXR_LS8_1,Rain falls,127,fGGYeXR_LS8,"[[0, 4]]",4.0,4.0,1,2,10,3-5s,2-5s,0.031496062992125984,1.0,1.0,1.0,1.0,3.0,1.5,0.5,0.75,0.5116411935411949,64.97843157973175,16.244607894932937,21.2765688666416,18.426307112690818,127.0,4.0,0.031496062992125984,-12.469986915588379,-12.537609100341797,-12.803009033203125,0.3330221176147461,1.0,1.0,0.0,36.0,6.0,-13.009872436523438,0.5398855209350586,-13.301192693710327,0.831205778121948,1.0,1.0,1.0,1.0,2.0,127.0,1.0,0.0,0.75,1.5,0.5,shorter_or_equal_audio,188.5,1,0-5w
fGGYeXR_LS8_2,"Amid rain and a man's voice, whistling weaves through the soundscape",127,fGGYeXR_LS8,"[[17, 41], [87, 113]]",26.0,50.0,2,11,68,20s+,10s+,0.2047244094488189,0.0,0.0,0.0,0.0,12.0,106.0,6.0,0.46153846153846156,0.5116411935411949,64.97843157973175,2.4991704453742978,2.398464208484972,3.228245489352929,127.0,50.0,0.3937007874015748,-12.932779312133789,-13.423736381530762,-13.053651809692383,0.12087249755859375,1.0,1.0,0.0,22.0,3.0,-13.061166763305664,0.128387451171875,-13.059282999038697,0.12650368690490765,1.0,1.0,1.0,1.0,65.92,127.0,0.0,1.0,0.46153846153846156,106.0,6.0,not_short_primary,nan,2,11-15w
fGGYeXR_LS8_3,Whistling drifts through the air,127,fGGYeXR_LS8,"[[86, 122], [17, 41]]",36.0,60.0,2,5,32,20s+,10s+,0.28346456692913385,0.0,0.0,0.0,0.0,5.0,102.5,1.5,0.25,0.5116411935411949,64.97843157973175,1.8049564327703262,2.9676959096600455,5.336304350664662,127.0,60.0,0.47244094488188976,-10.864368438720703,-11.6632355372111,-11.177816390991211,0.3134479522705078,1.0,1.0,0.0,20.0,0.0,-11.177816390991211,0.3134479522705078,-11.185493545532227,0.3211251068115235,1.0,1.0,1.0,1.0,74.0,127.0,1.0,1.0,0.1388888888888889,102.5,1.5,not_short_primary,nan,2,0-5w
fGGYeXR_LS8_4,"As piano plays, whistling weaves through the melody",127,fGGYeXR_LS8,"[[88, 122]]",34.0,34.0,1,8,51,20s+,10s+,0.2677165354330709,0.0,0.0,0.0,0.0,7.0,115.5,10.5,0.20588235294117646,0.5116411935411949,64.97843157973175,1.9111303405803455,1.834119688841449,8.228245489352929,127.0,34.0,0.2677165354330709,-10.495326042175293,-10.92425671745749,-10.779191017150879,0.28386497497558594,1.0,1.0,0.0,27.0,0.0,-10.779191017150879,0.28386497497558594,-10.871453514099121,0.37612747192382834,1.0,1.0,1.0,1.0,105.0,127.0,0.0,1.0,0.20588235294117646,115.5,10.5,not_short_primary,nan,1,6-10w
fK4QBQZ6i7w_1,A man and a woman chat and laugh as a loud electronic tone fills the air,299,fK4QBQZ6i7w,"[[95, 99], [107, 111]]",4.0,8.0,2,16,72,3-5s,2-5s,0.013377926421404682,0.0,0.0,0.0,0.0,11.0,108.5,0.5,0.36363636363636365,0.5116411935411949,152.98071686881727,38.24517921720432,63.01001910425309,0.14907484824205142,299.0,8.0,0.026755852842809364,-11.086429595947266,-11.509515762329102,-11.21539306640625,0.12896347045898438,1.0,1.0,0.0,88.0,16.0,-11.257750511169434,0.17132091522216797,-11.539887990951538,0.4534583950042723,1.0,1.0,1.0,1.0,103.0,299.0,1.0,1.0,2.75,108.5,0.5,longer_audio,188.5,2,16w+
fK4QBQZ6i7w_2,Water flows,299,fK4QBQZ6i7w,"[[136, 142]]",6.0,6.0,1,2,11,5-10s,5-10s,0.020066889632107024,0.0,0.0,0.0,0.0,24.0,140.0,1.0,0.25,0.5116411935411949,152.98071686881727,25.49678614480288,26.52420121773939,3.961739521013982,299.0,6.0,0.020066889632107024,-11.473058700561523,-11.941565036773682,-11.398301124572754,-0.07475757598876953,0.9899665551839465,4.0,3.0,90.0,17.0,-11.984750747680664,0.5116920471191406,-12.011642713546753,0.5385840129852291,0.0,0.0,1.0,1.0,139.0,299.0,1.0,1.0,4.0,140.0,1.0,not_short_primary,nan,1,0-5w
fPqj3nnwQOI_1,Music plays and waves lap as a man shouts and groans,280,fPqj3nnwQOI,"[[35, 36], [92, 94], [133, 134], [148, 151], [229, 231], [45, 46], [56, 57]]",3.0,11.0,7,11,52,3-5s,2-5s,0.010714285714285714,0.0,0.0,0.0,0.0,21.0,91.5,1.5,0.1875,0.5116411935411949,143.25953419153456,47.75317806384485,49.677433718843,0.37721426717027384,280.0,11.0,0.039285714285714285,-10.816068649291992,-11.103214870799672,-10.772001266479492,-0.0440673828125,0.975,8.0,7.0,83.0,11.0,-10.865301132202148,0.04923248291015625,-10.879921989440918,0.06385334014892585,0.0,0.0,0.0,1.0,124.13636363636364,280.0,1.0,1.0,7.0,91.5,1.5,longer_audio,188.5,3+,11-15w
fPqj3nnwQOI_2,Music plays and waves lap as a man talks,280,fPqj3nnwQOI,"[[66, 68], [97, 99], [156, 158], [177, 178], [204, 205], [213, 214], [242, 243], [161, 163], [182, 184]]",2.0,14.0,9,9,40,2-3s,2-5s,0.007142857142857143,0.0,0.0,0.0,0.0,34.0,94.0,4.0,0.1,0.5116411935411949,143.25953419153456,71.62976709576728,68.74338361327007,0.14495068518758103,280.0,14.0,0.05,-10.912607192993164,-11.765684945242745,-11.194876670837402,0.2822694778442383,1.0,1.0,0.0,79.0,16.0,-11.194876670837402,0.2822694778442383,-11.404095048904418,0.4914878559112541,1.0,1.0,1.0,1.0,155.14285714285714,280.0,0.0,1.0,17.0,94.0,4.0,longer_audio,188.5,3+,6-10w
fPqj3nnwQOI_3,Music plays and waves lap as a man laughs,280,fPqj3nnwQOI,"[[78, 79], [110, 111], [202, 203], [222, 223], [234, 235]]",1.0,5.0,5,9,41,1-2s,0-2s,0.0035714285714285713,0.0,0.0,0.0,0.0,20.0,25.0,53.5,0.047619047619047616,0.5116411935411949,143.25953419153456,143.25953419153456,235.5462580265611,2.797911667825943,280.0,5.0,0.017857142857142856,-10.446450233459473,-11.068987846374512,-10.465030670166016,0.01858043670654297,1.0,1.0,0.0,76.0,17.0,-10.5585298538208,0.11207962036132812,-10.712543106079101,0.26609287261962855,1.0,1.0,1.0,1.0,169.7,280.0,0.0,1.0,20.0,25.0,53.5,longer_audio,213.0,3+,6-10w
fPqj3nnwQOI_4,Music plays and waves lap as a man whistles,280,fPqj3nnwQOI,"[[128, 129]]",1.0,1.0,1,9,43,1-2s,0-2s,0.0035714285714285713,0.0,0.0,0.0,0.0,28.0,25.0,103.5,0.06666666666666667,0.5116411935411949,143.25953419153456,143.25953419153456,90.36999830557157,3.4106387877578612,280.0,1.0,0.0035714285714285713,-11.336735725402832,-11.336735725402832,-10.411962509155273,-0.9247732162475586,0.5178571428571429,136.0,135.0,85.0,14.0,-11.055520057678223,-0.2812156677246094,-11.305313415527344,-0.031422309875488,0.0,0.0,0.0,0.0,128.5,280.0,0.0,1.0,28.0,25.0,103.5,longer_audio,213.0,1,6-10w
fWvWhLJ5Fow_1,Spray bursts,128,fWvWhLJ5Fow,"[[18, 21], [39, 43], [65, 69], [94, 97], [119, 123]]",4.0,18.0,5,2,12,3-5s,2-5s,0.03125,0.0,0.0,1.0,1.0,5.0,87.5,8.0,1.0,0.5116411935411949,65.49007277327294,16.372518193318236,21.444100904961612,1.0871441765702734,128.0,18.0,0.140625,-11.857112884521484,-12.284544785817465,-11.663625717163086,-0.19348716735839844,0.9375,9.0,8.0,24.0,5.0,-11.685385704040527,-0.17172718048095703,-11.867478427886963,0.010365543365479013,0.0,0.0,0.0,1.0,70.05555555555556,128.0,0.0,1.0,1.25,87.5,8.0,shorter_or_equal_audio,188.5,3+,0-5w
fWvWhLJ5Fow_2,Gunfire erupts,128,fWvWhLJ5Fow,"[[84, 92], [100, 101]]",8.0,9.0,2,2,14,5-10s,5-10s,0.0625,0.0,0.0,1.0,1.0,7.0,102.5,2.0,0.875,0.5116411935411949,65.49007277327294,8.186259096659118,7.129755129792688,0.44554655939508336,128.0,9.0,0.0703125,-11.806559562683105,-12.004965994093153,-11.579402923583984,-0.2271566390991211,0.96875,5.0,4.0,30.0,2.0,-11.579402923583984,-0.2271566390991211,-12.208009252548218,0.4014496898651121,0.0,0.0,1.0,1.0,89.38888888888889,128.0,1.0,1.0,0.875,102.5,2.0,not_short_primary,nan,2,0-5w
fWvWhLJ5Fow_3,"As police sirens wail, horns blare and explosions thunder",128,fWvWhLJ5Fow,"[[101, 105]]",4.0,4.0,1,9,57,3-5s,2-5s,0.03125,1.0,0.0,1.0,0.0,8.0,102.0,1.0,0.5,0.5116411935411949,65.49007277327294,16.372518193318236,15.712773397318871,5.466263170371462,128.0,4.0,0.03125,-12.713006973266602,-12.904309511184692,-13.426279067993164,0.7132720947265625,1.0,1.0,0.0,32.0,6.0,-13.426279067993164,0.7132720947265625,-14.057487277984619,1.344480304718017,1.0,1.0,1.0,1.0,103.0,128.0,1.0,1.0,2.0,102.0,1.0,shorter_or_equal_audio,188.5,1,6-10w
fYTZVxQ8LJk_1,Plastic objects scrape against each other,95,fYTZVxQ8LJk,"[[12, 20]]",8.0,8.0,1,6,41,5-10s,5-10s,0.08421052631578947,0.0,0.0,0.0,0.0,3.0,13.5,2.5,0.375,0.5116411935411949,48.60591338641351,6.075739173301689,7.957771820200598,0.7204789314517495,95.0,8.0,0.08421052631578947,-11.212005615234375,-11.908191919326782,-11.448871612548828,0.23686599731445312,1.0,1.0,0.0,25.0,5.0,-12.55316162109375,1.341156005859375,-11.99977505683899,0.787769441604615,1.0,1.0,1.0,1.0,16.0,95.0,0.0,1.0,0.375,13.5,2.5,not_short_primary,nan,1,6-10w
fYTZVxQ8LJk_2,A man speaks,95,fYTZVxQ8LJk,"[[36, 37], [50, 53], [67, 70], [88, 90]]",3.0,9.0,4,3,12,3-5s,2-5s,0.031578947368421054,0.0,0.0,1.0,0.0,4.0,26.0,10.5,0.5,0.5116411935411949,48.60591338641351,16.201971128804505,18.758175343270917,1.4192154595316424,95.0,9.0,0.09473684210526316,-10.870235443115234,-11.034936904907227,-10.553993225097656,-0.3162422180175781,0.8315789473684211,17.0,16.0,24.0,6.0,-10.787900924682617,-0.08233451843261719,-10.726605548858643,-0.14362989425659123,0.0,0.0,0.0,0.0,63.833333333333336,95.0,0.0,1.0,1.3333333333333333,26.0,10.5,shorter_or_equal_audio,188.5,3+,0-5w
fYTZVxQ8LJk_3,A child and man talk while a woman laughs,95,fYTZVxQ8LJk,"[[76, 78], [83, 85], [90, 91]]",2.0,5.0,3,9,41,2-3s,2-5s,0.021052631578947368,0.0,0.0,1.0,0.0,3.0,5.5,71.5,0.5,0.5116411935411949,48.60591338641351,24.302956693206756,23.3236480116452,4.6116796967600635,95.0,5.0,0.05263157894736842,-11.477462768554688,-11.654374122619629,-11.152409553527832,-0.32505321502685547,0.9473684210526315,6.0,5.0,26.0,7.0,-11.425911903381348,-0.051550865173339844,-11.554366846084594,0.0769040775299068,0.0,0.0,0.0,1.0,82.5,95.0,0.0,1.0,1.5,5.5,71.5,shorter_or_equal_audio,188.5,3+,6-10w
fmEft49sPfE_1,Music is playing as instruments join in,300,fmEft49sPfE,"[[1, 44], [134, 160], [230, 253], [295, 300]]",43.0,97.0,4,7,39,20s+,10s+,0.14333333333333334,1.0,0.0,1.0,0.0,43.0,238.5,3.0,0.6,0.5116411935411949,153.49235806235845,3.569589722380429,3.713429430810524,3.560127570888966,300.0,97.0,0.3233333333333333,-10.64951229095459,-11.269202655123681,-11.156537055969238,0.5070247650146484,1.0,1.0,0.0,62.0,0.0,-11.381221771240234,0.7317094802856445,-11.190088205337524,0.5405759143829343,1.0,1.0,1.0,1.0,121.97422680412372,300.0,0.0,1.0,1.0,238.5,3.0,not_short_primary,nan,3+,6-10w
fmEft49sPfE_2,A man sings along with the music,300,fmEft49sPfE,"[[19, 22], [142, 144]]",3.0,5.0,2,7,32,3-5s,2-5s,0.01,0.0,0.0,0.0,0.0,20.0,18.0,2.5,0.16666666666666666,0.5116411935411949,153.49235806235845,51.164119354119485,53.22582184161751,0.4398724291110341,300.0,5.0,0.016666666666666666,-9.815153121948242,-10.573933410644532,-9.627567291259766,-0.18758583068847656,0.97,10.0,9.0,87.0,11.0,-9.702444076538086,-0.11270904541015625,-10.483695774078369,0.6685426521301263,0.0,0.0,0.0,1.0,69.5,300.0,0.0,1.0,6.666666666666667,18.0,2.5,longer_audio,188.5,2,6-10w
fmEft49sPfE_3,A woman sings along with the music,300,fmEft49sPfE,"[[22, 44], [148, 160], [230, 253], [295, 300]]",23.0,62.0,4,7,34,20s+,10s+,0.07666666666666666,0.0,0.0,1.0,1.0,24.0,19.0,14.0,0.8571428571428571,0.5116411935411949,153.49235806235845,6.673580785319933,6.942498501080545,10.560127570888966,300.0,62.0,0.20666666666666667,-9.962461471557617,-10.727075576782227,-9.804104804992676,-0.1583566665649414,0.9833333333333333,6.0,5.0,70.0,4.0,-9.891622543334961,-0.07083892822265625,-9.943186225891113,-0.019275245666504404,0.0,0.0,0.0,1.0,155.09677419354838,300.0,0.0,1.0,1.0434782608695652,19.0,14.0,not_short_primary,nan,3+,6-10w
fmEft49sPfE_4,"As wind blows, two men talk together",300,fmEft49sPfE,"[[45, 134], [160, 229], [253, 295]]",89.0,200.0,3,7,36,20s+,10s+,0.2966666666666667,1.0,0.0,1.0,1.0,62.0,81.0,8.5,0.8051948051948052,0.5116411935411949,153.49235806235845,1.7246332366557129,2.835629109469034,8.390619644099218,300.0,200.0,0.6666666666666666,-11.049223899841309,-11.543540449142457,-11.588200569152832,0.5389766693115234,1.0,1.0,0.0,30.0,0.0,-11.591423988342285,0.5422000885009766,-11.588200569152832,0.5389766693115234,1.0,1.0,1.0,1.0,164.47,300.0,0.0,1.0,0.6966292134831461,81.0,8.5,not_short_primary,nan,3+,6-10w
frOqlk0Wm5Y_1,Something is set down as a man talks,109,frOqlk0Wm5Y,"[[12, 13], [80, 81], [90, 91]]",1.0,3.0,3,8,36,1-2s,0-2s,0.009174311926605505,0.0,0.0,0.0,0.0,4.0,80.0,0.5,0.25,0.5116411935411949,55.76889009599024,55.76889009599024,64.56761407631147,0.2769001569584191,109.0,3.0,0.027522935779816515,-11.938613891601562,-12.329163869222006,-12.009428977966309,0.0708150863647461,1.0,1.0,0.0,30.0,9.0,-12.05218505859375,0.1135711669921875,-12.44153239250183,0.5029185009002681,1.0,1.0,1.0,1.0,61.166666666666664,109.0,1.0,1.0,4.0,80.0,0.5,shorter_or_equal_audio,213.0,3+,6-10w
frOqlk0Wm5Y_2,A man speaks as metal scrapes against metal,109,frOqlk0Wm5Y,"[[34, 40], [58, 64], [74, 79]]",6.0,17.0,3,8,43,5-10s,5-10s,0.05504587155963303,0.0,0.0,0.0,0.0,7.0,80.5,4.0,0.375,0.5116411935411949,55.76889009599024,9.294815015998372,8.095242803618781,1.18308925801513,109.0,17.0,0.1559633027522936,-12.252689361572266,-12.599519224727855,-11.914962768554688,-0.3377265930175781,0.9174311926605505,10.0,9.0,29.0,7.0,-11.914962768554688,-0.3377265930175781,-12.113847818374634,-0.13884154319763198,0.0,0.0,0.0,1.0,57.088235294117645,109.0,0.0,1.0,1.1666666666666667,80.5,4.0,not_short_primary,nan,3+,6-10w
frOqlk0Wm5Y_3,A man speaks while an engine roars,109,frOqlk0Wm5Y,"[[105, 108]]",3.0,3.0,1,7,34,3-5s,2-5s,0.027522935779816515,1.0,1.0,1.0,1.0,4.0,106.0,0.5,0.75,0.5116411935411949,55.76889009599024,18.589630031996744,17.840544794872468,23.443927231019444,109.0,3.0,0.027522935779816515,-11.548649787902832,-11.755972862243652,-12.241168975830078,0.6925191879272461,1.0,1.0,0.0,36.0,8.0,-12.417364120483398,0.8687143325805664,-12.926833114624024,1.3781833267211923,1.0,1.0,1.0,1.0,106.5,109.0,1.0,0.0,1.3333333333333333,106.0,0.5,shorter_or_equal_audio,188.5,1,6-10w
fwhkCnOeyC0_1,"People applaud as a bell rings, a cat meows, and a dog barks",299,fwhkCnOeyC0,"[[31, 33], [49, 51], [101, 103], [214, 215], [269, 271]]",2.0,9.0,5,13,60,2-3s,2-5s,0.006688963210702341,0.0,0.0,0.0,0.0,8.0,214.0,0.5,0.4,0.5116411935411949,152.98071686881727,76.49035843440863,100.18415891536753,1.9097179000428781,299.0,9.0,0.030100334448160536,-10.561996459960938,-10.88467682732476,-10.762138366699219,0.20014190673828125,1.0,1.0,0.0,84.0,10.0,-10.762138366699219,0.20014190673828125,-11.381674880981445,0.819678421020507,1.0,1.0,1.0,1.0,124.72222222222223,299.0,1.0,1.0,4.0,214.0,0.5,longer_audio,188.5,3+,11-15w
fwhkCnOeyC0_2,A woman speaks,299,fwhkCnOeyC0,"[[284, 293], [297, 300]]",9.0,12.0,2,3,14,5-10s,5-10s,0.030100334448160536,0.0,0.0,0.0,0.0,73.0,243.5,45.0,0.3103448275862069,0.5116411935411949,152.98071686881727,16.997857429868585,16.312914047910912,60.6672866245396,299.0,11.0,0.03678929765886288,-11.724197387695312,-11.862640554254705,-11.412556648254395,-0.31164073944091797,0.7692307692307693,70.0,69.0,93.0,16.0,-11.724313735961914,0.0001163482666015625,-11.541679935455322,-0.18251745223999016,0.0,0.0,0.0,0.0,290.22727272727275,299.0,0.0,1.0,8.11111111111111,243.5,45.0,not_short_primary,nan,2,0-5w
fwhkCnOeyC0_3,Music plays as a man speaks and laughter breaks out,299,fwhkCnOeyC0,"[[153, 156], [159, 162], [165, 168], [170, 174], [178, 180], [186, 188], [201, 204]]",4.0,20.0,7,10,51,3-5s,2-5s,0.013377926421404682,0.0,0.0,0.0,0.0,7.0,46.5,108.0,0.4,0.5116411935411949,152.98071686881727,38.24517921720432,14.152907101942903,0.246694646134614,299.0,20.0,0.06688963210702341,-11.217061042785645,-11.709665250778198,-10.31146240234375,-0.9055986404418945,0.959866220735786,13.0,12.0,84.0,14.0,-11.389257431030273,0.1721963882446289,-11.070224590301514,-0.14683645248413058,0.0,0.0,0.0,0.0,173.6,299.0,0.0,1.0,1.75,46.5,108.0,longer_audio,188.5,3+,6-10w
gW7s3YAthpI_1,A man speaks softly while shaking a box containing liquid,299,gW7s3YAthpI,"[[48, 52]]",4.0,4.0,1,10,57,3-5s,2-5s,0.013377926421404682,0.0,0.0,0.0,0.0,15.0,21.5,28.5,0.14285714285714285,0.5116411935411949,152.98071686881727,38.24517921720432,50.09207945768377,1.9097179000428781,299.0,4.0,0.013377926421404682,-11.725643157958984,-11.776543140411377,-11.296527862548828,-0.42911529541015625,0.8260869565217391,53.0,52.0,87.0,14.0,-11.610280990600586,-0.11536216735839844,-11.68096495628357,-0.04467820167541525,0.0,0.0,0.0,0.0,50.0,299.0,0.0,1.0,3.75,21.5,28.5,longer_audio,188.5,1,6-10w
gW7s3YAthpI_2,A man pours a drink,299,gW7s3YAthpI,"[[61, 64]]",3.0,3.0,1,5,19,3-5s,2-5s,0.010033444816053512,0.0,0.0,0.0,0.0,12.0,36.0,26.5,0.25,0.5116411935411949,152.98071686881727,50.99357228960576,66.7894392769117,14.409717900042878,299.0,3.0,0.010033444816053512,-10.613659858703613,-10.99074935913086,-10.487926483154297,-0.1257333755493164,0.9866220735785953,5.0,4.0,89.0,18.0,-10.900976181030273,0.28731632232666016,-11.235065402984619,0.6214055442810054,0.0,0.0,1.0,1.0,62.5,299.0,0.0,1.0,4.0,36.0,26.5,longer_audio,188.5,1,0-5w
gW7s3YAthpI_3,A man eats something,299,gW7s3YAthpI,"[[100, 127], [145, 160], [178, 188], [232, 269], [283, 300]]",37.0,106.0,5,4,20,20s+,10s+,0.12374581939799331,0.0,0.0,1.0,1.0,28.0,28.0,85.5,0.7777777777777778,0.5116411935411949,152.98071686881727,4.134613969427494,6.81189395721655,4.649074848242051,299.0,105.0,0.3511705685618729,-10.964090347290039,-11.572403998602004,-10.567607879638672,-0.3964824676513672,0.8060200668896321,59.0,58.0,63.0,17.0,-10.93896198272705,-0.02512836456298828,-10.608554229736328,-0.3555361175537115,0.0,0.0,0.0,0.0,201.0142857142857,299.0,0.0,1.0,0.7567567567567568,28.0,85.5,not_short_primary,nan,3+,0-5w
gW7s3YAthpI_4,A man handles paper,299,gW7s3YAthpI,"[[129, 135], [161, 164]]",6.0,9.0,2,4,19,5-10s,5-10s,0.020066889632107024,0.0,0.0,0.0,0.0,30.0,52.0,80.0,0.15,0.5116411935411949,152.98071686881727,25.49678614480288,16.083708031765415,1.577567865930007,299.0,9.0,0.030100334448160536,-11.493600845336914,-11.646945741441515,-11.00144100189209,-0.4921598434448242,0.7725752508361204,69.0,68.0,89.0,14.0,-11.640478134155273,0.14687728881835938,-11.253070487976075,-0.24053035736083928,0.0,0.0,0.0,0.0,142.16666666666666,299.0,0.0,1.0,5.0,52.0,80.0,not_short_primary,nan,2,0-5w
gbi6MxPf3hA_1,Someone walks while a man speaks and cars go by,65,gbi6MxPf3hA,"[[0, 4], [9, 13]]",4.0,8.0,2,10,47,3-5s,2-5s,0.06153846153846154,0.0,0.0,1.0,0.0,5.0,59.5,48.5,0.6,0.5116411935411949,33.256677580177666,8.314169395044416,10.88958249080082,0.5455908478354079,65.0,8.0,0.12307692307692308,-11.692632675170898,-12.005920648574829,-11.042699813842773,-0.649932861328125,0.6923076923076923,21.0,20.0,16.0,2.0,-12.018956184387207,0.3263235092163086,-11.223004283905029,-0.46962839126586964,0.0,0.0,0.0,0.0,6.5,65.0,0.0,1.0,1.25,59.5,48.5,shorter_or_equal_audio,188.5,2,6-10w
gbi6MxPf3hA_2,"As cars go by, brakes squeal, paper rustles, someone walks, and a man speaks",65,gbi6MxPf3hA,"[[9, 13]]",4.0,4.0,1,14,76,3-5s,2-5s,0.06153846153846154,0.0,0.0,1.0,1.0,3.0,3.5,7.5,0.75,0.5116411935411949,33.256677580177666,8.314169395044416,10.88958249080082,0.5455908478354079,65.0,4.0,0.06153846153846154,-11.026947021484375,-11.088299989700317,-10.90174674987793,-0.1252002716064453,0.9538461538461539,4.0,3.0,17.0,2.0,-11.086511611938477,0.05956459045410156,-11.402957735061646,0.376010713577271,0.0,0.0,1.0,1.0,11.0,65.0,0.0,1.0,0.75,3.5,7.5,shorter_or_equal_audio,188.5,1,11-15w
gbi6MxPf3hA_3,Breathing mix with car sounds,65,gbi6MxPf3hA,"[[13, 16]]",3.0,3.0,1,5,29,3-5s,2-5s,0.046153846153846156,0.0,0.0,0.0,0.0,2.0,4.0,10.5,0.25,0.5116411935411949,33.256677580177666,11.085559193392555,18.226793775864845,3.0736990771118364,65.0,3.0,0.046153846153846156,-11.233591079711914,-11.554363886515299,-11.23496150970459,0.0013704299926757812,1.0,1.0,0.0,18.0,3.0,-11.317832946777344,0.08424186706542969,-11.548282670974732,0.3146915912628181,1.0,1.0,1.0,1.0,14.5,65.0,0.0,1.0,0.6666666666666666,4.0,10.5,shorter_or_equal_audio,188.5,1,0-5w
gbi6MxPf3hA_4,Music plays as a woman speaks,65,gbi6MxPf3hA,"[[53, 61]]",8.0,8.0,1,6,29,5-10s,5-10s,0.12307692307692308,1.0,1.0,1.0,1.0,9.0,57.5,0.5,0.8888888888888888,0.5116411935411949,33.256677580177666,4.157084697522208,3.9895713704129947,7.471149266204257,65.0,8.0,0.12307692307692308,-10.847831726074219,-11.095389366149902,-11.170310974121094,0.322479248046875,1.0,1.0,0.0,17.0,1.0,-11.222975730895996,0.37514400482177734,-11.572332286834717,0.7245005607604984,1.0,1.0,1.0,1.0,57.0,65.0,1.0,0.0,1.125,57.5,0.5,not_short_primary,nan,1,6-10w
gbtcDoh0q3c_1,Insects chirp as a man talks and engines run,240,gbtcDoh0q3c,"[[161, 167]]",6.0,6.0,1,9,44,5-10s,5-10s,0.025,0.0,0.0,0.0,0.0,18.0,16.0,148.0,0.25,0.5116411935411949,122.79388644988677,20.465647741647796,7.573461994350718,1.6562097494057184,240.0,6.0,0.025,-11.939607620239258,-12.048599084218344,-11.633980751037598,-0.30562686920166016,0.7583333333333333,59.0,58.0,71.0,14.0,-11.973318099975586,0.033710479736328125,-11.860937595367432,-0.07867002487182617,0.0,0.0,0.0,0.0,164.0,240.0,0.0,1.0,3.0,16.0,148.0,not_short_primary,nan,1,6-10w
gbtcDoh0q3c_2,Insects sing as something gets tapped,240,gbtcDoh0q3c,"[[134, 136], [187, 191]]",4.0,6.0,2,6,37,3-5s,2-5s,0.016666666666666666,0.0,0.0,0.0,0.0,17.0,58.5,76.5,0.0,0.5116411935411949,122.79388644988677,30.698471612471693,4.448325215552158,5.889148204497218,240.0,6.0,0.025,-11.540433883666992,-11.917843182881674,-11.191303253173828,-0.34913063049316406,0.7958333333333333,50.0,49.0,71.0,15.0,-11.496625900268555,-0.0438079833984375,-11.437820463180541,-0.10261342048645083,0.0,0.0,0.0,0.0,171.0,240.0,0.0,1.0,4.25,58.5,76.5,longer_audio,188.5,2,6-10w
gf6H_MWCqjw_1,Footsteps move along the water’s edge as men are talking,119,gf6H_MWCqjw,"[[90, 102]]",12.0,12.0,1,10,56,10-20s,10s+,0.10084033613445378,0.0,0.0,0.0,0.0,6.0,4.0,92.0,0.38095238095238093,0.5116411935411949,60.88530203140219,5.073775169283516,4.869323005939963,5.32410404120472,119.0,12.0,0.10084033613445378,-11.771631240844727,-12.191611369450888,-10.614479064941406,-1.1571521759033203,0.680672268907563,39.0,38.0,33.0,4.0,-11.723892211914062,-0.04773902893066406,-10.903388195037842,-0.868243045806885,0.0,0.0,0.0,0.0,96.0,119.0,0.0,1.0,0.5,4.0,92.0,not_short_primary,nan,1,6-10w
gf6H_MWCqjw_2,Birds are chirping,119,gf6H_MWCqjw,"[[2, 5], [32, 34], [56, 58], [7, 9], [11, 12], [13, 18], [19, 21], [23, 25], [26, 27], [35, 40], [42, 47], [61, 68]]",7.0,37.0,12,3,18,5-10s,5-10s,0.058823529411764705,1.0,0.0,1.0,1.0,6.0,5.0,1.5,0.8,0.5116411935411949,60.88530203140219,8.697900290200312,9.048389713074975,0.1021839364526258,119.0,37.0,0.31092436974789917,-11.631234169006348,-12.237108153265876,-11.421405792236328,-0.20982837677001953,0.9915966386554622,2.0,1.0,26.0,5.0,-11.421405792236328,-0.20982837677001953,-11.653671684265136,0.022437515258788565,0.0,1.0,1.0,1.0,34.36486486486486,119.0,1.0,1.0,0.8571428571428571,5.0,1.5,not_short_primary,nan,3+,0-5w
gf6H_MWCqjw_3,Gunshots ring out,119,gf6H_MWCqjw,"[[67, 79], [105, 108]]",12.0,15.0,2,3,17,10-20s,10s+,0.10084033613445378,0.0,0.0,1.0,0.0,4.0,71.0,2.0,0.6,0.5116411935411949,60.88530203140219,5.073775169283516,0.735209306459315,3.1424640152701357,119.0,15.0,0.12605042016806722,-11.356285095214844,-11.69961166381836,-11.504657745361328,0.14837265014648438,1.0,1.0,0.0,29.0,3.0,-11.504657745361328,0.14837265014648438,-11.846152620315552,0.4898675251007081,1.0,1.0,1.0,1.0,79.7,119.0,1.0,1.0,0.3333333333333333,71.0,2.0,not_short_primary,nan,2,0-5w
gf6H_MWCqjw_4,Someone coughs,119,gf6H_MWCqjw,"[[114, 117]]",3.0,3.0,1,2,14,3-5s,2-5s,0.025210084033613446,0.0,0.0,1.0,0.0,8.0,10.0,105.5,0.5,0.5116411935411949,60.88530203140219,20.295100677134062,19.47729202375985,24.82410404120472,119.0,3.0,0.025210084033613446,-11.808632850646973,-12.203014691670736,-10.684284210205078,-1.1243486404418945,0.5630252100840336,53.0,52.0,37.0,8.0,-11.510885238647461,-0.2977476119995117,-11.403309679031372,-0.40532317161560094,0.0,0.0,0.0,0.0,115.5,119.0,0.0,1.0,2.6666666666666665,10.0,105.5,shorter_or_equal_audio,188.5,1,0-5w
ggN4-K5AgoM_1,Water flows,100,ggN4-K5AgoM,"[[6, 16], [33, 65], [70, 87], [91, 96]]",32.0,64.0,4,2,11,20s+,10s+,0.32,1.0,0.0,1.0,1.0,18.0,14.0,3.0,0.8484848484848485,0.5116411935411949,51.164119354119485,1.598878729816234,1.663306932550547,1.1867091902963267,100.0,64.0,0.64,-10.444069862365723,-11.083726525306702,-10.539651870727539,0.0955820083618164,1.0,1.0,0.0,8.0,1.0,-10.539651870727539,0.0955820083618164,-10.539651870727539,0.0955820083618164,1.0,1.0,1.0,1.0,54.375,100.0,0.0,1.0,0.5625,14.0,3.0,not_short_primary,nan,3+,0-5w
gkWd1HugK2w_1,Pigeons and other birds call as someone clicks their tongue,151,gkWd1HugK2w,"[[54, 56]]",2.0,2.0,1,10,59,2-3s,2-5s,0.013245033112582781,0.0,0.0,0.0,0.0,15.0,68.5,13.5,0.18181818181818182,0.5116411935411949,77.25782022472042,38.62891011236021,63.64222665379409,0.028462548777760333,151.0,2.0,0.013245033112582781,-10.307014465332031,-10.456229209899902,-10.548991203308105,0.24197673797607422,1.0,1.0,0.0,42.0,7.0,-10.653100967407227,0.3460865020751953,-11.052429580688477,0.7454151153564457,1.0,1.0,1.0,1.0,55.0,151.0,0.0,1.0,7.5,68.5,13.5,shorter_or_equal_audio,188.5,1,6-10w
glAeihz0NAM_1,"Amid the sound of wind and waves, women and children talk and laugh",185,glAeihz0NAM,"[[68, 72], [102, 104], [155, 156], [163, 164]]",4.0,8.0,4,13,67,3-5s,2-5s,0.021621621621621623,0.0,0.0,0.0,0.0,19.0,30.5,39.5,0.25,0.5116411935411949,94.65362080512105,23.663405201280263,38.98613222169506,2.650765374330362,185.0,8.0,0.043243243243243246,-11.179039001464844,-11.52597439289093,-10.758827209472656,-0.4202117919921875,0.654054054054054,65.0,64.0,51.0,10.0,-10.87741470336914,-0.3016242980957031,-10.917379312515259,-0.26165968894958525,0.0,0.0,0.0,0.0,100.625,185.0,0.0,1.0,4.75,30.5,39.5,shorter_or_equal_audio,188.5,3+,11-15w
gr5Zss89yLQ_1,A car drives by as horns blare,106,gr5Zss89yLQ,"[[0, 1], [4, 5]]",1.0,2.0,2,7,30,1-2s,0-2s,0.009433962264150943,0.0,0.0,0.0,0.0,4.0,5.0,0.5,0.25,0.5116411935411949,54.23396651536665,54.23396651536665,71.03358424768534,12.548728771222258,106.0,2.0,0.018867924528301886,-9.641387939453125,-9.785609722137451,-9.604364395141602,-0.03702354431152344,0.9905660377358491,2.0,1.0,33.0,4.0,-10.127567291259766,0.4861793518066406,-10.55239112854004,0.9110031890869141,0.0,1.0,1.0,1.0,2.5,106.0,1.0,1.0,4.0,5.0,0.5,shorter_or_equal_audio,213.0,2,6-10w
gr5Zss89yLQ_2,A car drives with exhaust noise,106,gr5Zss89yLQ,"[[9, 10], [20, 28], [55, 57], [65, 67], [79, 83], [103, 104], [17, 18]]",8.0,19.0,7,6,31,5-10s,5-10s,0.07547169811320754,0.0,0.0,1.0,1.0,9.0,41.5,14.5,1.0,0.5116411935411949,54.23396651536665,6.779245814420832,6.506070234827345,0.2298741879638726,106.0,19.0,0.1792452830188679,-11.11079216003418,-11.326837087932386,-10.744604110717773,-0.36618804931640625,0.7547169811320755,27.0,26.0,25.0,7.0,-10.947020530700684,-0.1637716293334961,-10.858791646957398,-0.25200051307678173,0.0,0.0,0.0,0.0,46.86842105263158,106.0,0.0,1.0,1.125,41.5,14.5,not_short_primary,nan,3+,6-10w
gr5Zss89yLQ_3,A woman talks as a car drives by,106,gr5Zss89yLQ,"[[30, 32], [52, 53]]",2.0,3.0,2,8,32,2-3s,2-5s,0.018867924528301886,0.0,0.0,0.0,0.0,2.0,29.0,2.0,0.3333333333333333,0.5116411935411949,54.23396651536665,27.116983257683327,28.20968557605728,1.8179117417141057,106.0,3.0,0.02830188679245283,-10.854702949523926,-11.349568367004395,-11.997533798217773,1.1428308486938477,1.0,1.0,0.0,34.0,6.0,-11.997533798217773,1.1428308486938477,-12.326614484786987,1.471911535263061,1.0,1.0,1.0,1.0,38.166666666666664,106.0,1.0,1.0,1.0,29.0,2.0,shorter_or_equal_audio,188.5,2,6-10w
gr5Zss89yLQ_4,A car drives by as the wind blows and an alarm rings,106,gr5Zss89yLQ,"[[50, 53], [74, 78]]",4.0,7.0,2,12,52,3-5s,2-5s,0.03773584905660377,1.0,0.0,1.0,0.0,5.0,52.5,1.0,0.6,0.5116411935411949,54.23396651536665,13.558491628841663,14.10484278802864,0.8179117417141057,106.0,7.0,0.0660377358490566,-10.183719635009766,-10.664698192051478,-10.05015754699707,-0.1335620880126953,0.9905660377358491,2.0,1.0,32.0,6.0,-10.274730682373047,0.09101104736328125,-10.421533889770508,0.23781425476074247,0.0,1.0,1.0,1.0,65.5,106.0,1.0,1.0,1.25,52.5,1.0,shorter_or_equal_audio,188.5,2,11-15w
h3UhoHIMfpw_1,"As people talk, an explosion erupts",130,h3UhoHIMfpw,"[[65, 67]]",2.0,2.0,1,6,35,2-3s,2-5s,0.015384615384615385,0.0,0.0,0.0,0.0,5.0,67.5,1.5,0.4,0.5116411935411949,66.51335516035533,33.256677580177666,34.59678419705138,3.842721947385222,130.0,2.0,0.015384615384615385,-11.014850616455078,-11.339778900146484,-11.251730918884277,0.23688030242919922,1.0,1.0,0.0,33.0,9.0,-11.363163948059082,0.3483133316040039,-11.718072929382323,0.7032223129272452,1.0,1.0,1.0,1.0,66.0,130.0,1.0,1.0,2.5,67.5,1.5,shorter_or_equal_audio,188.5,1,6-10w
h5_1pnkl_SY_1,A man speaks,159,h5_1pnkl_SY,"[[2, 63], [94, 115]]",61.0,82.0,2,3,12,20s+,10s+,0.3836477987421384,0.0,0.0,0.0,0.0,10.0,28.0,4.5,0.16393442622950818,0.5116411935411949,81.35094977304998,1.3336221274270488,0.4935165807794115,3.0527610410187123,159.0,82.0,0.5157232704402516,-10.472733497619629,-11.73595621527695,-11.505437850952148,1.0327043533325195,1.0,1.0,0.0,17.0,0.0,-11.505437850952148,1.0327043533325195,-11.505437850952148,1.0327043533325195,1.0,1.0,1.0,1.0,50.9390243902439,159.0,0.0,1.0,0.16393442622950818,28.0,4.5,not_short_primary,nan,2,0-5w
h5_1pnkl_SY_2,A man speaks as water flows,159,h5_1pnkl_SY,"[[49, 63], [94, 114]]",20.0,34.0,2,6,27,20s+,10s+,0.12578616352201258,0.0,0.0,1.0,1.0,11.0,15.5,40.5,0.7142857142857143,0.5116411935411949,81.35094977304998,4.067547488652499,6.70140002513461,1.8839367863863359,159.0,34.0,0.2138364779874214,-12.82716178894043,-13.944245226242963,-12.711867332458496,-0.1152944564819336,0.9559748427672956,8.0,7.0,27.0,7.0,-13.055412292480469,0.22825050354003906,-12.761277570724488,-0.06588421821594181,0.0,0.0,0.0,1.0,84.23529411764706,159.0,0.0,1.0,0.55,15.5,40.5,not_short_primary,nan,2,6-10w
hDMHIDJdfDA_1,"As a man speaks, someone snores",76,hDMHIDJdfDA,"[[28, 35], [53, 63]]",10.0,17.0,2,6,31,10-20s,10s+,0.13157894736842105,0.0,0.0,1.0,0.0,12.0,8.0,23.5,0.5714285714285714,0.5116411935411949,38.88473070913081,3.8884730709130806,3.731783681863232,0.08934375740805933,76.0,17.0,0.2236842105263158,-11.961029052734375,-12.7710662168615,-11.175220489501953,-0.7858085632324219,0.6578947368421053,27.0,26.0,17.0,6.0,-11.363523483276367,-0.5975055694580078,-11.234463901519776,-0.726565151214599,0.0,0.0,0.0,0.0,47.088235294117645,76.0,0.0,1.0,1.2,8.0,23.5,not_short_primary,nan,2,6-10w
hDMHIDJdfDA_2,Someone snores,76,hDMHIDJdfDA,"[[28, 65]]",37.0,37.0,1,2,14,20s+,10s+,0.4868421052631579,0.0,0.0,0.0,0.0,4.0,62.0,15.5,0.10810810810810811,0.5116411935411949,38.88473070913081,1.0509386678143462,0.15228500737926307,1.8851030685758872,76.0,37.0,0.4868421052631579,-12.111360549926758,-13.026042113433013,-12.218772888183594,0.10741233825683594,1.0,1.0,0.0,9.0,2.0,-12.576589584350586,0.4652290344238281,-12.228430223464965,0.1170696735382073,1.0,1.0,1.0,1.0,46.5,76.0,0.0,1.0,0.10810810810810811,62.0,15.5,not_short_primary,nan,1,0-5w
hDMHIDJdfDA_3,A man laughs,76,hDMHIDJdfDA,"[[47, 49]]",2.0,2.0,1,3,12,2-3s,2-5s,0.02631578947368421,0.0,0.0,0.0,0.0,4.0,5.0,43.0,0.0,0.5116411935411949,38.88473070913081,19.442365354565403,2.8172726365163667,3.385103068575887,76.0,2.0,0.02631578947368421,-13.058213233947754,-13.189510345458984,-11.151668548583984,-1.9065446853637695,0.4342105263157895,44.0,43.0,19.0,5.0,-12.521051406860352,-0.5371618270874023,-12.302164869308472,-0.7560483646392822,0.0,0.0,0.0,0.0,48.0,76.0,0.0,1.0,2.0,5.0,43.0,shorter_or_equal_audio,188.5,1,0-5w
hGWarNR6xmg_1,"Amid the commotion, an engine rumbles",229,hGWarNR6xmg,"[[43, 47], [158, 162], [176, 181], [188, 192], [197, 204], [216, 220], [226, 230]]",7.0,32.0,7,6,37,5-10s,5-10s,0.03056768558951965,1.0,0.0,1.0,0.0,7.0,46.5,1.5,0.5714285714285714,0.5116411935411949,117.16583332093363,16.737976188704803,14.577802899308264,1.7653893585822402,229.0,31.0,0.13537117903930132,-12.805566787719727,-14.352332299755465,-12.473636627197266,-0.33193016052246094,0.9912663755458515,3.0,2.0,49.0,10.0,-12.473636627197266,-0.33193016052246094,-12.848547706604004,0.04298091888427713,0.0,1.0,1.0,1.0,175.17741935483872,229.0,1.0,1.0,1.0,46.5,1.5,not_short_primary,nan,3+,6-10w
hJtOGmN_KVw_1,Music plays,299,hJtOGmN_KVw,"[[0, 16]]",16.0,16.0,1,2,11,10-20s,10s+,0.05351170568561873,1.0,0.0,1.0,1.0,11.0,5.5,2.5,0.8,0.5116411935411949,152.98071686881727,9.56129480430108,12.523019864420942,40.09028209995712,299.0,16.0,0.05351170568561873,-9.229475021362305,-9.446419954299927,-10.625770568847656,1.3962955474853516,1.0,1.0,0.0,86.0,8.0,-10.625770568847656,1.3962955474853516,-11.059429292678834,1.829954271316529,1.0,1.0,1.0,1.0,8.0,299.0,0.0,1.0,0.6875,5.5,2.5,not_short_primary,nan,1,0-5w
hJtOGmN_KVw_2,A man's voice over a bag rustling,299,hJtOGmN_KVw,"[[71, 77], [34, 37], [128, 150], [82, 88], [112, 117], [155, 158]]",22.0,45.0,6,7,33,20s+,10s+,0.07357859531772576,1.0,0.0,1.0,0.0,31.0,133.5,5.5,0.65625,0.5116411935411949,152.98071686881727,6.953668948582603,7.23387305938347,3.961739521013982,299.0,45.0,0.1505016722408027,-10.828893661499023,-11.321700053744847,-10.955656051635742,0.12676239013671875,1.0,1.0,0.0,76.0,5.0,-11.109649658203125,0.28075599670410156,-11.096997966766358,0.2681043052673342,1.0,1.0,1.0,1.0,114.67777777777778,299.0,0.0,1.0,1.4090909090909092,133.5,5.5,not_short_primary,nan,3+,6-10w
hV4bDCBDCy0_1,An engine hums as a man talks,115,hV4bDCBDCy0,"[[15, 25], [34, 38], [45, 58], [101, 102], [112, 114], [65, 72], [82, 83], [106, 110]]",13.0,42.0,8,7,29,10-20s,10s+,0.11304347826086956,1.0,0.0,1.0,1.0,15.0,19.5,0.5,0.7142857142857143,0.5116411935411949,58.83873725723741,4.526056712095185,2.8550961003133875,0.12401235925769072,115.0,42.0,0.3652173913043478,-11.15345573425293,-11.569157941000801,-11.082930564880371,-0.0705251693725586,0.991304347826087,2.0,1.0,19.0,4.0,-11.242538452148438,0.08908271789550781,-11.134807109832764,-0.018648624420166016,0.0,1.0,1.0,1.0,55.595238095238095,115.0,1.0,1.0,1.1538461538461537,19.5,0.5,not_short_primary,nan,3+,6-10w
hVUmQfBIYe8_1,A door opens and closes,179,hVUmQfBIYe8,"[[32, 36], [45, 49], [104, 107], [84, 85], [119, 121], [150, 151]]",4.0,15.0,6,5,23,3-5s,2-5s,0.0223463687150838,0.0,0.0,1.0,0.0,7.0,139.5,11.0,0.6666666666666666,0.5116411935411949,91.58377364387388,22.89594341096847,3.3177092232659846,0.4201769641458384,179.0,15.0,0.08379888268156424,-11.13823127746582,-11.595577239990234,-11.042583465576172,-0.09564781188964844,0.994413407821229,2.0,1.0,51.0,11.0,-11.372032165527344,0.23380088806152344,-11.345767011642456,0.20753573417663596,0.0,1.0,1.0,1.0,74.36666666666666,179.0,0.0,1.0,1.75,139.5,11.0,shorter_or_equal_audio,188.5,3+,0-5w
hiJB_95IWiE_1,Music is playing,299,hiJB_95IWiE,"[[0, 17]]",17.0,17.0,1,3,16,10-20s,10s+,0.056856187290969896,1.0,1.0,1.0,1.0,14.0,7.0,1.5,0.8235294117647058,0.5116411935411949,152.98071686881727,8.998865698165721,11.786371637102063,39.59028209995712,299.0,17.0,0.056856187290969896,-9.215030670166016,-9.36847277248607,-10.222585678100586,1.0075550079345703,1.0,1.0,0.0,86.0,5.0,-10.222585678100586,1.0075550079345703,-10.991679515838623,1.7766488456726073,1.0,1.0,1.0,1.0,8.5,299.0,1.0,0.0,0.8235294117647058,7.0,1.5,not_short_primary,nan,1,0-5w
hiJB_95IWiE_2,A man is speaking,299,hiJB_95IWiE,"[[25, 168], [200, 219], [228, 281], [287, 289], [299, 300], [171, 179], [184, 196]]",143.0,238.0,7,4,17,20s+,10s+,0.4782608695652174,1.0,0.0,1.0,1.0,72.0,73.0,23.5,0.7681159420289855,0.5116411935411949,152.98071686881727,1.069795222858862,0.15501739387530247,0.5243971381027563,299.0,237.0,0.7926421404682275,-12.022812843322754,-12.215216334862045,-12.1781005859375,0.1552877426147461,1.0,1.0,0.0,14.0,0.0,-12.1781005859375,0.1552877426147461,-12.1781005859375,0.1552877426147461,1.0,1.0,1.0,1.0,149.89240506329114,299.0,0.0,1.0,0.5034965034965035,73.0,23.5,not_short_primary,nan,3+,0-5w
hiJB_95IWiE_3,Something scrapes against the surface,299,hiJB_95IWiE,"[[146, 148], [164, 166], [170, 172], [179, 186], [195, 200], [218, 228], [290, 298], [156, 160], [204, 214]]",10.0,50.0,9,5,37,10-20s,10s+,0.033444816053511704,1.0,0.0,1.0,0.0,15.0,291.5,2.5,0.5333333333333333,0.5116411935411949,152.98071686881727,15.298071686881727,13.323729898800085,2.396731083913039,299.0,50.0,0.16722408026755853,-11.565800666809082,-12.175059490203857,-11.516046524047852,-0.04975414276123047,0.9765886287625418,8.0,7.0,79.0,9.0,-11.553646087646484,-0.012154579162597656,-11.548726167678833,-0.017074499130249166,0.0,0.0,0.0,1.0,210.7,299.0,0.0,1.0,1.5,291.5,2.5,not_short_primary,nan,3+,0-5w
hmd6pa2e_rs_1,"A bus moves, and people talk while horns honk several times",242,hmd6pa2e_rs,"[[47, 48]]",1.0,1.0,1,11,59,1-2s,0-2s,0.004132231404958678,0.0,0.0,0.0,0.0,12.0,56.0,8.5,0.0,0.5116411935411949,123.81716883696916,123.81716883696916,162.1710130937722,8.577430541171829,242.0,1.0,0.004132231404958678,-10.950945854187012,-10.950945854187012,-10.11142349243164,-0.8395223617553711,0.8760330578512396,31.0,30.0,74.0,16.0,-10.959171295166016,0.008225440979003906,-11.416544580459595,0.46559872627258336,0.0,0.0,0.0,0.0,47.5,242.0,0.0,1.0,12.0,56.0,8.5,longer_audio,213.0,1,11-15w
hmd6pa2e_rs_2,A bus moves and people talk as a woman laughs,242,hmd6pa2e_rs,"[[180, 182]]",2.0,2.0,1,10,45,2-3s,2-5s,0.008264462809917356,0.0,0.0,0.0,0.0,14.0,56.0,125.0,0.18181818181818182,0.5116411935411949,123.81716883696916,61.90858441848458,71.67597525902467,2.889998513614131,242.0,2.0,0.008264462809917356,-12.07426929473877,-12.164665699005127,-10.121658325195312,-1.952610969543457,0.2644628099173554,179.0,178.0,77.0,14.0,-11.676556587219238,-0.39771270751953125,-11.320460567474365,-0.7538087272644045,0.0,0.0,0.0,0.0,181.0,242.0,0.0,1.0,7.0,56.0,125.0,longer_audio,188.5,1,6-10w
hmd6pa2e_rs_3,An engine revs,242,hmd6pa2e_rs,"[[240, 243]]",3.0,3.0,1,3,14,3-5s,2-5s,0.012396694214876033,0.0,0.0,0.0,0.0,8.0,4.0,237.5,0.0,0.5116411935411949,123.81716883696916,41.27238961232305,39.60928293907465,57.100278806483544,242.0,2.0,0.008264462809917356,-12.944625854492188,-13.028664112091064,-11.670881271362305,-1.2737445831298828,0.7355371900826446,65.0,64.0,75.0,9.0,-12.838064193725586,-0.10656166076660156,-12.94787363052368,0.003247776031493288,0.0,0.0,0.0,0.0,241.0,242.0,0.0,1.0,2.6666666666666665,4.0,237.5,longer_audio,188.5,1,0-5w
huMLK0oA3L8_1,A guitar plays,162,huMLK0oA3L8,"[[19, 31], [80, 104], [51, 58], [44, 48], [59, 69], [114, 161]]",47.0,104.0,6,3,14,20s+,10s+,0.29012345679012347,1.0,1.0,1.0,1.0,59.0,130.5,7.0,0.7818181818181819,0.5116411935411949,82.88587335367357,1.7635292202909272,2.3098034219440033,1.0556043484717534,162.0,104.0,0.6419753086419753,-11.266609191894531,-12.227713300631596,-12.343584060668945,1.076974868774414,1.0,1.0,0.0,17.0,0.0,-12.343584060668945,1.076974868774414,-12.343584060668945,1.076974868774414,1.0,1.0,1.0,1.0,97.84615384615384,162.0,0.0,0.0,1.2553191489361701,130.5,7.0,not_short_primary,nan,3+,0-5w
huMLK0oA3L8_2,A whistle blows as a guitar plays,162,huMLK0oA3L8,"[[51, 58], [94, 103], [114, 147]]",33.0,49.0,3,7,33,20s+,10s+,0.2037037037037037,1.0,0.0,1.0,1.0,6.0,98.0,0.5,0.8571428571428571,0.5116411935411949,82.88587335367357,2.511693131929502,0.36395388127244926,3.3998249619643843,162.0,49.0,0.30246913580246915,-10.12905502319336,-10.64404516803975,-10.580731391906738,0.4516763687133789,1.0,1.0,0.0,33.0,0.0,-10.580731391906738,0.4516763687133789,-10.66330080986023,0.5342457866668706,1.0,1.0,1.0,1.0,113.76530612244898,162.0,1.0,1.0,0.18181818181818182,98.0,0.5,not_short_primary,nan,3+,6-10w
hxbmDeNSO6Q_1,Machinery whirs,266,hxbmDeNSO6Q,"[[22, 35], [102, 152], [216, 234]]",50.0,81.0,3,2,15,20s+,10s+,0.18796992481203006,1.0,0.0,1.0,1.0,9.0,25.5,3.0,0.7777777777777778,0.5116411935411949,136.09655748195783,2.7219311496391567,2.831613721974051,0.1833535538117701,266.0,81.0,0.30451127819548873,-12.012693405151367,-12.870157865830409,-12.15367317199707,0.14097976684570312,1.0,1.0,0.0,61.0,6.0,-12.67091178894043,0.6582183837890625,-12.284505853652954,0.2718124485015867,1.0,1.0,1.0,1.0,132.96913580246914,266.0,0.0,1.0,0.18,25.5,3.0,not_short_primary,nan,3+,0-5w
hxbmDeNSO6Q_2,Steady electronic beeps play,266,hxbmDeNSO6Q,"[[174, 185]]",11.0,11.0,1,4,28,10-20s,10s+,0.041353383458646614,0.0,0.0,0.0,0.0,14.0,26.0,153.5,0.0,0.5116411935411949,136.09655748195783,12.37241431654162,4.578502023857479,0.4310341944086815,266.0,11.0,0.041353383458646614,-12.185481071472168,-12.78140570900657,-11.30541706085205,-0.8800640106201172,0.7819548872180451,59.0,58.0,79.0,17.0,-12.317943572998047,0.1324625015258789,-11.75501470565796,-0.4304663658142083,0.0,0.0,0.0,0.0,179.5,266.0,0.0,1.0,1.2727272727272727,26.0,153.5,not_short_primary,nan,1,0-5w
hzn_wGlzGpU_1,"As engines hum, a woman talks",126,hzn_wGlzGpU,"[[1, 3]]",2.0,2.0,1,6,29,2-3s,2-5s,0.015873015873015872,0.0,0.0,0.0,0.0,6.0,3.0,1.0,0.3333333333333333,0.5116411935411949,64.46679038619055,32.23339519309528,42.21807365664317,18.265470048811363,126.0,2.0,0.015873015873015872,-10.4710693359375,-10.714619636535645,-10.514863014221191,0.043793678283691406,1.0,1.0,0.0,39.0,6.0,-10.846424102783203,0.3753547668457031,-11.932717895507812,1.4616485595703121,1.0,1.0,1.0,1.0,2.0,126.0,1.0,1.0,3.0,3.0,1.0,shorter_or_equal_audio,188.5,1,6-10w
hzn_wGlzGpU_2,"As engines hum, objects collide",126,hzn_wGlzGpU,"[[6, 7], [33, 34], [12, 13]]",1.0,3.0,3,5,31,1-2s,0-2s,0.007936507936507936,0.0,0.0,1.0,0.0,5.0,10.5,2.0,0.5,0.5116411935411949,64.46679038619055,64.46679038619055,105.9958161119525,0.5659397494783249,126.0,3.0,0.023809523809523808,-9.667604446411133,-10.400828997294107,-10.472662925720215,0.805058479309082,1.0,1.0,0.0,38.0,6.0,-10.472662925720215,0.805058479309082,-11.310399332046508,1.6427948856353751,1.0,1.0,1.0,1.0,17.5,126.0,1.0,1.0,5.0,10.5,2.0,shorter_or_equal_audio,213.0,3+,0-5w
hzn_wGlzGpU_3,"As engines hum, a whistle sounds",126,hzn_wGlzGpU,"[[77, 117]]",40.0,40.0,1,6,32,20s+,10s+,0.31746031746031744,0.0,0.0,0.0,0.0,5.0,11.5,85.5,0.0,0.5116411935411949,64.46679038619055,1.6116697596547638,1.5467261312985765,0.99022780833441,126.0,40.0,0.31746031746031744,-13.226699829101562,-13.342830324172974,-10.209859848022461,-3.0168399810791016,0.35714285714285715,82.0,81.0,27.0,11.0,-12.937686920166016,-0.2890129089355469,-10.722092752456666,-2.5046070766448967,0.0,0.0,0.0,0.0,97.0,126.0,0.0,1.0,0.125,11.5,85.5,not_short_primary,nan,1,6-10w
i2yhbckq3p0_1,Sirens and horns blare as motorcycles and cars go by,180,i2yhbckq3p0,"[[2, 3], [4, 6], [8, 9], [11, 13], [19, 23], [25, 31], [40, 43], [52, 53], [75, 76], [87, 89], [96, 99], [100, 122], [143, 152], [155, 158]]",22.0,60.0,14,10,52,20s+,10s+,0.12222222222222222,1.0,0.0,1.0,0.0,15.0,113.5,2.5,0.6818181818181818,0.5116411935411949,92.09541483741508,4.186155219882504,5.482866708654957,0.9506714983019471,180.0,60.0,0.3333333333333333,-10.975017547607422,-11.269220193227133,-11.252041816711426,0.2770242691040039,1.0,1.0,0.0,29.0,0.0,-11.252041816711426,0.2770242691040039,-11.257977323532105,0.2829597759246827,1.0,1.0,1.0,1.0,87.61666666666666,180.0,0.0,1.0,0.6818181818181818,113.5,2.5,not_short_primary,nan,3+,6-10w
i6MQCm58zlY_1,"As the wind blows, a man speaks",247,i6MQCm58zlY,"[[6, 20], [147, 183], [189, 196], [205, 215], [83, 86], [102, 109], [116, 121], [133, 135], [140, 141], [220, 223]]",36.0,88.0,10,7,31,20s+,10s+,0.145748987854251,0.0,0.0,1.0,0.0,8.0,178.0,13.0,0.6,0.5116411935411949,126.37537480467513,3.5104270779076425,3.651882776355423,0.4011717000319237,247.0,88.0,0.3562753036437247,-11.517026901245117,-12.161906199021773,-11.854543685913086,0.33751678466796875,1.0,1.0,0.0,43.0,1.0,-12.049921035766602,0.5328941345214844,-11.881227960586548,0.3642010593414309,1.0,1.0,1.0,1.0,138.9431818181818,247.0,0.0,1.0,0.2222222222222222,178.0,13.0,not_short_primary,nan,3+,6-10w
i6MQCm58zlY_2,"As the wind blows, an animal cries out",247,i6MQCm58zlY,"[[70, 83], [126, 131], [143, 145], [96, 105]]",13.0,29.0,4,8,38,10-20s,10s+,0.05263157894736842,0.0,0.0,1.0,0.0,7.0,72.5,4.0,0.5454545454545454,0.5116411935411949,126.37537480467513,9.721182677282702,1.4086363182581834,0.9984150271283738,247.0,29.0,0.11740890688259109,-10.81361198425293,-11.860056778480267,-11.45113754272461,0.6375255584716797,1.0,1.0,0.0,66.0,13.0,-11.82315444946289,1.009542465209961,-11.64989408493042,0.8362821006774901,1.0,1.0,1.0,1.0,97.56896551724138,247.0,0.0,1.0,0.5384615384615384,72.5,4.0,not_short_primary,nan,3+,6-10w
i6MQCm58zlY_3,"As an animal cries out, a man speaks",247,i6MQCm58zlY,"[[102, 105]]",3.0,3.0,1,8,36,3-5s,2-5s,0.012145748987854251,0.0,0.0,0.0,0.0,8.0,71.0,32.5,0.42857142857142855,0.5116411935411949,126.37537480467513,42.12512493489171,26.573082835090688,6.846686497942173,247.0,3.0,0.012145748987854251,-11.100513458251953,-11.664272626241049,-10.946660995483398,-0.1538524627685547,0.9919028340080972,3.0,2.0,71.0,16.0,-11.795820236206055,0.6953067779541016,-12.323184957504273,1.2226714992523195,0.0,1.0,1.0,1.0,103.5,247.0,0.0,1.0,2.6666666666666665,71.0,32.5,longer_audio,188.5,1,6-10w
iOCpICiu4LA_1,A man talks as wind blows and plastic rustles,299,iOCpICiu4LA,"[[7, 13]]",6.0,6.0,1,9,45,5-10s,5-10s,0.020066889632107024,0.0,0.0,0.0,0.0,13.0,6.5,3.5,0.46153846153846156,0.5116411935411949,152.98071686881727,25.49678614480288,33.39471963845585,38.09028209995712,299.0,6.0,0.020066889632107024,-11.344615936279297,-11.500043551127115,-11.208806991577148,-0.13580894470214844,0.9732441471571907,9.0,8.0,88.0,16.0,-11.208806991577148,-0.13580894470214844,-11.817821521759033,0.4732055854797359,0.0,0.0,0.0,1.0,10.0,299.0,0.0,1.0,2.1666666666666665,6.5,3.5,not_short_primary,nan,1,6-10w
iOCpICiu4LA_2,Birds chirp as a man speaks and insects sing,299,iOCpICiu4LA,"[[70, 73]]",3.0,3.0,1,9,44,3-5s,2-5s,0.010033444816053512,0.0,0.0,0.0,0.0,13.0,57.5,14.0,0.0,0.5116411935411949,152.98071686881727,50.99357228960576,83.8432513689783,9.339015754714438,299.0,3.0,0.010033444816053512,-10.856149673461914,-11.791277567545572,-10.630084991455078,-0.22606468200683594,0.9698996655518395,10.0,9.0,88.0,23.0,-10.646416664123535,-0.2097330093383789,-11.898113613128663,1.0419639396667488,0.0,0.0,0.0,1.0,71.5,299.0,0.0,1.0,4.333333333333333,57.5,14.0,longer_audio,188.5,1,6-10w
iOCpICiu4LA_3,Plastic rustles,299,iOCpICiu4LA,"[[90, 94], [7, 13]]",6.0,10.0,2,2,15,5-10s,5-10s,0.020066889632107024,0.0,0.0,0.0,0.0,15.0,10.5,0.5,0.4,0.5116411935411949,152.98071686881727,25.49678614480288,41.92162568448915,11.160984245285562,299.0,10.0,0.033444816053511704,-10.813557624816895,-11.063037586212157,-11.002076148986816,0.18851852416992188,1.0,1.0,0.0,89.0,15.0,-11.248028755187988,0.43447113037109375,-11.367021169662475,0.5534635448455809,1.0,1.0,1.0,1.0,42.8,299.0,1.0,1.0,2.5,10.5,0.5,not_short_primary,nan,2,0-5w
ii3Geza3hAU_1,Machinery runs,255,ii3Geza3hAU,"[[212, 221], [225, 245], [120, 139]]",20.0,48.0,3,2,14,20s+,10s+,0.0784313725490196,1.0,0.0,1.0,1.0,25.0,229.5,5.5,0.7272727272727273,0.5116411935411949,130.46850435300468,6.523425217650233,6.7862922848062315,7.576108435255634,255.0,48.0,0.18823529411764706,-10.632980346679688,-11.380187928676605,-10.919496536254883,0.2865161895751953,1.0,1.0,0.0,62.0,0.0,-10.919496536254883,0.2865161895751953,-11.394813165664672,0.7618328189849848,1.0,1.0,1.0,1.0,189.77083333333334,255.0,0.0,1.0,1.25,229.5,5.5,not_short_primary,nan,3+,0-5w
ilspW7JRjAg_1,The engine rumbles to life,208,ilspW7JRjAg,"[[25, 26]]",1.0,1.0,1,5,26,1-2s,0-2s,0.004807692307692308,0.0,0.0,0.0,0.0,38.0,58.0,32.5,0.0,0.5116411935411949,106.42136825656853,106.42136825656853,139.38665588225047,7.954109286926695,208.0,1.0,0.004807692307692308,-11.672286987304688,-11.672286987304688,-11.18072509765625,-0.4915618896484375,0.40865384615384615,124.0,123.0,59.0,11.0,-11.335735321044922,-0.3365516662597656,-11.545178594589233,-0.1271083927154546,0.0,0.0,0.0,0.0,25.5,208.0,0.0,1.0,38.0,58.0,32.5,shorter_or_equal_audio,213.0,1,0-5w
ilspW7JRjAg_2,The engine roars as the gas pedal thumps,208,ilspW7JRjAg,"[[26, 32], [42, 52], [54, 56], [111, 118], [154, 162]]",10.0,33.0,5,8,40,10-20s,10s+,0.04807692307692308,0.0,0.0,1.0,1.0,7.0,41.5,5.5,0.7142857142857143,0.5116411935411949,106.42136825656853,10.642136825656852,10.213302708257267,0.49232234814638787,208.0,33.0,0.15865384615384615,-10.860265731811523,-11.256192062840316,-10.430150032043457,-0.4301156997680664,0.9807692307692307,5.0,4.0,46.0,5.0,-10.430150032043457,-0.4301156997680664,-10.791860094070435,-0.06840563774108865,0.0,0.0,1.0,1.0,85.43939393939394,208.0,0.0,1.0,0.7,41.5,5.5,not_short_primary,nan,3+,6-10w
inSvboaSRwA_1,Music is playing,299,inSvboaSRwA,"[[0, 15]]",15.0,15.0,1,3,16,10-20s,10s+,0.05016722408026756,1.0,1.0,1.0,1.0,13.0,6.5,1.0,1.0,0.5116411935411949,152.98071686881727,10.19871445792115,13.357887855382337,40.59028209995712,299.0,15.0,0.05016722408026756,-8.961283683776855,-9.220996856689453,-10.85560131072998,1.894317626953125,1.0,1.0,0.0,91.0,7.0,-11.131298065185547,2.1700143814086914,-11.49914605140686,2.537862367630005,1.0,1.0,1.0,1.0,7.5,299.0,1.0,0.0,0.8666666666666667,6.5,1.0,not_short_primary,nan,1,0-5w
inSvboaSRwA_2,Coins scatter across the surface,299,inSvboaSRwA,"[[72, 73]]",1.0,1.0,1,5,32,1-2s,0-2s,0.0033444816053511705,0.0,0.0,0.0,0.0,9.0,288.5,216.0,0.1111111111111111,0.5116411935411949,152.98071686881727,152.98071686881727,251.5297541069349,8.339015754714438,299.0,1.0,0.0033444816053511705,-11.831541061401367,-11.831541061401367,-12.208520889282227,0.3769798278808594,1.0,1.0,0.0,97.0,16.0,-12.208520889282227,0.3769798278808594,-13.627376680374146,1.795835618972779,1.0,1.0,1.0,1.0,72.5,299.0,0.0,1.0,9.0,288.5,216.0,longer_audio,213.0,1,0-5w
inSvboaSRwA_3,A man is speaking as machinery whirs,299,inSvboaSRwA,"[[95, 109], [184, 204], [208, 220]]",20.0,46.0,3,7,36,20s+,10s+,0.06688963210702341,1.0,1.0,1.0,1.0,12.0,101.0,1.0,0.8571428571428571,0.5116411935411949,152.98071686881727,7.649035843440863,8.85583330679685,6.061530762104866,299.0,46.0,0.15384615384615385,-11.203653335571289,-12.05234666492628,-11.432621955871582,0.22896862030029297,1.0,1.0,0.0,72.0,8.0,-11.698383331298828,0.49472999572753906,-11.487056503295898,0.28340316772460916,1.0,1.0,1.0,1.0,171.2173913043478,299.0,1.0,0.0,0.6,101.0,1.0,not_short_primary,nan,3+,6-10w
j1AiqT5oHZc_1,"While a man talks, music plays",183,j1AiqT5oHZc,"[[9, 20], [21, 129], [0, 7]]",108.0,126.0,3,6,30,20s+,10s+,0.5901639344262295,0.0,0.0,0.0,0.0,15.0,9.5,5.0,0.4444444444444444,0.5116411935411949,93.63033841803866,0.8669475779448024,0.5468819341904628,6.754832506572541,183.0,126.0,0.6885245901639344,-11.595940589904785,-12.47557366840423,-11.368825912475586,-0.22711467742919922,0.9836065573770492,4.0,3.0,17.0,2.0,-11.368825912475586,-0.22711467742919922,-11.368825912475586,-0.22711467742919922,0.0,0.0,1.0,1.0,65.74603174603175,183.0,0.0,1.0,0.1388888888888889,9.5,5.0,not_short_primary,nan,3+,6-10w
j1AiqT5oHZc_2,Music plays,183,j1AiqT5oHZc,"[[0, 129], [156, 183]]",129.0,156.0,2,2,11,20s+,10s+,0.7049180327868853,1.0,1.0,1.0,1.0,26.0,170.0,0.5,0.9629629629629629,0.5116411935411949,93.63033841803866,0.7258165768840207,1.1958034270387925,2.121134791878603,183.0,156.0,0.8524590163934426,-10.75442123413086,-11.626308049911108,-10.955450057983398,0.20102882385253906,1.0,1.0,0.0,9.0,0.0,-10.955450057983398,0.20102882385253906,-10.955450057983398,0.20102882385253906,1.0,1.0,1.0,1.0,82.67307692307692,183.0,1.0,0.0,0.20155038759689922,170.0,0.5,not_short_primary,nan,2,0-5w
j1AiqT5oHZc_3,"While a man speaks, electronic tones play",183,j1AiqT5oHZc,"[[130, 131], [137, 138], [145, 150], [153, 154], [139, 140]]",5.0,9.0,5,7,41,5-10s,5-10s,0.0273224043715847,0.0,0.0,0.0,0.0,9.0,162.5,9.0,0.125,0.5116411935411949,93.63033841803866,18.72606768360773,17.97148457318346,0.05723562639045099,183.0,9.0,0.04918032786885246,-12.232284545898438,-12.572376781039768,-11.978059768676758,-0.2542247772216797,0.9180327868852459,16.0,15.0,58.0,12.0,-11.978059768676758,-0.2542247772216797,-12.25663769721985,0.024353151321411914,0.0,0.0,0.0,0.0,144.27777777777777,183.0,0.0,1.0,1.8,162.5,9.0,not_short_primary,nan,3+,6-10w
jOYvIISk--4_1,A man is speaking as water flows,299,jOYvIISk--4,"[[83, 86], [120, 133], [91, 99], [110, 117], [141, 152]]",13.0,42.0,5,7,32,10-20s,10s+,0.043478260869565216,0.0,0.0,1.0,0.0,41.0,115.5,2.0,0.55,0.5116411935411949,152.98071686881727,11.767747451447482,12.241939023572026,3.538260478986018,299.0,42.0,0.14046822742474915,-10.614418029785156,-11.064549559638614,-10.935012817382812,0.32059478759765625,1.0,1.0,0.0,78.0,7.0,-10.990893363952637,0.37647533416748047,-11.007051420211791,0.39263339042663503,1.0,1.0,1.0,1.0,120.57142857142857,299.0,1.0,1.0,3.1538461538461537,115.5,2.0,not_short_primary,nan,3+,6-10w
jOYvIISk--4_2,A man is speaking as a plastic bag rustles,299,jOYvIISk--4,"[[228, 230], [253, 258], [262, 265]]",5.0,10.0,3,9,42,5-10s,5-10s,0.016722408026755852,0.0,0.0,0.0,0.0,22.0,98.0,131.0,0.29411764705882354,0.5116411935411949,152.98071686881727,30.596143373763454,29.36324528623964,1.1672866245395994,299.0,10.0,0.033444816053511704,-11.546564102172852,-12.17381420135498,-10.464061737060547,-1.0825023651123047,0.6789297658862876,97.0,96.0,83.0,14.0,-12.146757125854492,0.6001930236816406,-10.876261539459229,-0.6703025627136228,0.0,0.0,0.0,0.0,252.6,299.0,0.0,1.0,4.4,98.0,131.0,not_short_primary,nan,3+,6-10w
jf4iyQPJSvk_1,Water flows,155,jf4iyQPJSvk,"[[11, 120]]",109.0,109.0,1,2,11,20s+,10s+,0.7032258064516129,0.0,0.0,0.0,0.0,14.0,22.0,43.5,0.12844036697247707,0.5116411935411949,79.3043849988852,0.7275631651273872,0.45895641341296173,3.745896385348331,155.0,109.0,0.7032258064516129,-9.68638801574707,-11.58772975151692,-10.49779224395752,0.8114042282104492,1.0,1.0,0.0,14.0,0.0,-10.49779224395752,0.8114042282104492,-10.49779224395752,0.8114042282104492,1.0,1.0,1.0,1.0,65.5,155.0,0.0,1.0,0.12844036697247707,22.0,43.5,not_short_primary,nan,1,0-5w
jf4iyQPJSvk_2,Water rushes by,155,jf4iyQPJSvk,"[[30, 120]]",90.0,90.0,1,3,15,20s+,10s+,0.5806451612903226,0.0,0.0,0.0,0.0,9.0,15.5,59.5,0.1,0.5116411935411949,79.3043849988852,0.8811598333209466,0.916666931716746,0.8893992449593071,155.0,90.0,0.5806451612903226,-10.15190601348877,-12.215857304467095,-10.034673690795898,-0.1172323226928711,0.9032258064516129,16.0,15.0,21.0,7.0,-10.141398429870605,-0.010507583618164062,-10.034673690795898,-0.1172323226928711,0.0,0.0,0.0,0.0,75.0,155.0,0.0,1.0,0.1,15.5,59.5,not_short_primary,nan,1,0-5w
jf4iyQPJSvk_3,Wind blows,155,jf4iyQPJSvk,"[[120, 156]]",36.0,36.0,1,2,10,20s+,10s+,0.23225806451612904,1.0,1.0,1.0,1.0,29.0,139.5,1.5,0.8055555555555556,0.5116411935411949,79.3043849988852,2.202899583302367,2.1141318373128692,19.89274055787169,155.0,35.0,0.22580645161290322,-11.18657112121582,-11.285170773097446,-11.91012954711914,0.7235584259033203,1.0,1.0,0.0,39.0,0.0,-12.468303680419922,1.2817325592041016,-12.129765434265137,0.9431943130493163,1.0,1.0,1.0,1.0,137.5,155.0,1.0,0.0,0.8055555555555556,139.5,1.5,not_short_primary,nan,1,0-5w
jid4t-FzUn0_1,A man laughs while a sheep bleats,163,jid4t-FzUn0,"[[72, 74], [22, 23], [66, 68], [78, 80]]",2.0,7.0,4,7,33,2-3s,2-5s,0.012269938650306749,0.0,0.0,0.0,0.0,7.0,9.5,13.0,0.2857142857142857,0.5116411935411949,83.39751454721477,41.698757273607384,26.304124506800296,0.18012186573047018,163.0,7.0,0.04294478527607362,-11.590133666992188,-11.799631936209542,-11.240274429321289,-0.34985923767089844,0.9202453987730062,14.0,13.0,54.0,9.0,-11.436967849731445,-0.1531658172607422,-11.609899244308473,0.019765577316285032,0.0,0.0,0.0,0.0,65.78571428571429,163.0,0.0,1.0,3.5,9.5,13.0,shorter_or_equal_audio,188.5,3+,6-10w
jid4t-FzUn0_2,A man speaks as music plays,163,jid4t-FzUn0,"[[90, 107], [124, 142], [143, 150]]",18.0,42.0,3,6,27,10-20s,10s+,0.11042944785276074,1.0,0.0,1.0,1.0,22.0,138.0,5.0,0.7083333333333334,0.5116411935411949,83.39751454721477,4.633195252623043,0.6713676019768535,2.812786844445654,163.0,42.0,0.25766871165644173,-11.752962112426758,-11.939302194686164,-11.698488235473633,-0.054473876953125,0.9693251533742331,6.0,5.0,38.0,5.0,-11.711880683898926,-0.04108142852783203,-11.718498487472534,-0.03446362495422406,0.0,0.0,0.0,1.0,121.28571428571429,163.0,0.0,1.0,1.2222222222222223,138.0,5.0,not_short_primary,nan,3+,6-10w
jid4t-FzUn0_3,Deep bass drums thump,163,jid4t-FzUn0,"[[114, 117]]",3.0,3.0,1,4,21,3-5s,2-5s,0.018404907975460124,0.0,0.0,0.0,0.0,4.0,5.0,110.5,0.2857142857142857,0.5116411935411949,83.39751454721477,27.799171515738255,24.211460128254334,2.8701243032703303,163.0,3.0,0.018404907975460124,-12.348808288574219,-12.841657002766928,-12.158849716186523,-0.1899585723876953,0.9938650306748467,2.0,1.0,55.0,13.0,-13.120649337768555,0.7718410491943359,-13.138941049575806,0.7901327610015869,0.0,1.0,1.0,1.0,115.5,163.0,0.0,1.0,1.3333333333333333,5.0,110.5,shorter_or_equal_audio,188.5,1,0-5w
jinJkonlrWc_1,"A man speaks as a motor hums, wind blows, and people chat nearby",300,jinJkonlrWc,"[[35, 108], [208, 236], [115, 136], [143, 175], [0, 28]]",73.0,182.0,5,13,64,20s+,10s+,0.24333333333333335,0.0,0.0,1.0,0.0,12.0,82.0,10.5,0.5714285714285714,0.5116411935411949,153.49235806235845,2.1026350419501156,2.4343702680524624,1.202477496215863,300.0,182.0,0.6066666666666667,-10.785741806030273,-11.945201108743856,-11.880783081054688,1.095041275024414,1.0,1.0,0.0,28.0,0.0,-11.880783081054688,1.095041275024414,-11.880783081054688,1.095041275024414,1.0,1.0,1.0,1.0,107.42307692307692,300.0,0.0,1.0,0.1643835616438356,82.0,10.5,not_short_primary,nan,3+,11-15w
jj2RyNDj7no_1,Music plays,300,jj2RyNDj7no,"[[0, 15]]",15.0,15.0,1,2,11,10-20s,10s+,0.05,1.0,1.0,1.0,1.0,12.0,6.0,1.5,0.9375,0.5116411935411949,153.49235806235845,10.232823870823896,13.402563065601008,40.75111916383658,300.0,15.0,0.05,-9.14944076538086,-9.397273508707682,-9.986682891845703,0.8372421264648438,1.0,1.0,0.0,86.0,8.0,-9.986682891845703,0.8372421264648438,-11.76225001335144,2.6128092479705813,1.0,1.0,1.0,1.0,7.5,300.0,1.0,0.0,0.8,6.0,1.5,not_short_primary,nan,1,0-5w
jj2RyNDj7no_2,A man talks as insects buzz and birds chirp,300,jj2RyNDj7no,"[[16, 70], [79, 90], [97, 103], [113, 115]]",54.0,73.0,4,9,43,20s+,10s+,0.18,1.0,1.0,1.0,1.0,45.0,34.5,8.5,0.7068965517241379,0.5116411935411949,153.49235806235845,2.84245107522886,4.673536865606371,3.3906196440992176,300.0,73.0,0.24333333333333335,-10.584444999694824,-10.931759938801804,-10.991819381713867,0.40737438201904297,1.0,1.0,0.0,69.0,0.0,-11.13229751586914,0.5478525161743164,-11.059095268249513,0.4746502685546883,1.0,1.0,1.0,1.0,55.88356164383562,300.0,0.0,0.0,0.8333333333333334,34.5,8.5,not_short_primary,nan,3+,6-10w
jjfUaMQaG1A_1,"As a man speaks, something spins nearby",300,jjfUaMQaG1A,"[[90, 95]]",5.0,5.0,1,7,39,5-10s,5-10s,0.016666666666666666,0.0,0.0,0.0,0.0,12.0,101.0,8.5,0.0,0.5116411935411949,153.49235806235845,30.69847161247169,50.47419814854881,11.390619644099218,300.0,5.0,0.016666666666666666,-10.550296783447266,-10.84561710357666,-10.521051406860352,-0.029245376586914062,0.99,4.0,3.0,98.0,22.0,-10.528596878051758,-0.021699905395507812,-10.824393815994263,0.27409703254699735,0.0,0.0,1.0,1.0,92.5,300.0,0.0,1.0,2.4,101.0,8.5,not_short_primary,nan,1,6-10w
jjfUaMQaG1A_2,A man talks as someone clears their throat,300,jjfUaMQaG1A,"[[184, 185], [234, 235]]",1.0,2.0,2,8,42,1-2s,0-2s,0.0033333333333333335,0.0,0.0,0.0,0.0,9.0,8.5,176.0,0.08333333333333333,0.5116411935411949,153.49235806235845,153.49235806235845,147.30725059986443,5.905304305558104,300.0,2.0,0.006666666666666667,-11.54772663116455,-11.692325115203857,-11.179117202758789,-0.3686094284057617,0.9633333333333334,12.0,11.0,90.0,21.0,-11.639054298400879,0.09132766723632812,-11.962749156951904,0.41502252578735366,0.0,0.0,0.0,0.0,209.5,300.0,0.0,1.0,9.0,8.5,176.0,longer_audio,213.0,2,6-10w
jjfUaMQaG1A_3,A drill whirs,300,jjfUaMQaG1A,"[[264, 265], [279, 284]]",5.0,6.0,2,3,13,5-10s,5-10s,0.016666666666666666,0.0,0.0,0.0,0.0,9.0,265.5,1.0,0.1111111111111111,0.5116411935411949,153.49235806235845,30.69847161247169,29.461450119972888,35.905304305558104,300.0,6.0,0.02,-12.372445106506348,-13.267280578613281,-12.59170913696289,0.21926403045654297,1.0,1.0,0.0,97.0,17.0,-13.211958885192871,0.8395137786865234,-13.318403930664063,0.9459588241577155,1.0,1.0,1.0,1.0,278.6666666666667,300.0,1.0,1.0,1.8,265.5,1.0,not_short_primary,nan,2,0-5w
jlwe9jtu5Gw_1,A child shouts,63,jlwe9jtu5Gw,"[[2, 5]]",3.0,3.0,1,3,14,3-5s,2-5s,0.047619047619047616,1.0,1.0,1.0,1.0,3.0,3.5,0.0,1.0,0.5116411935411949,32.23339519309528,10.744465064365093,14.072691218881056,6.632735024405681,63.0,3.0,0.047619047619047616,-9.459161758422852,-9.963014602661133,-10.904182434082031,1.4450206756591797,1.0,1.0,0.0,17.0,3.0,-11.761049270629883,2.3018875122070312,-11.665104446411133,2.2059426879882817,1.0,1.0,1.0,1.0,3.5,63.0,1.0,0.0,1.0,3.5,0.0,shorter_or_equal_audio,188.5,1,0-5w
jlwe9jtu5Gw_2,Someone clicks their tongue and a child calls out,63,jlwe9jtu5Gw,"[[17, 19], [26, 27]]",2.0,3.0,2,9,49,2-3s,2-5s,0.031746031746031744,0.0,0.0,0.0,0.0,3.0,31.5,5.0,0.3333333333333333,0.5116411935411949,32.23339519309528,16.11669759654764,26.498954027988123,0.9670301252608375,63.0,3.0,0.047619047619047616,-11.9519624710083,-11.971282005310059,-11.537663459777832,-0.41429901123046875,0.7142857142857143,19.0,18.0,17.0,3.0,-11.537663459777832,-0.41429901123046875,-11.879421796798706,-0.07254067420959487,0.0,0.0,0.0,0.0,20.833333333333332,63.0,0.0,1.0,1.5,31.5,5.0,shorter_or_equal_audio,188.5,2,6-10w
jlwe9jtu5Gw_3,Faint voices and noises fill the background as whistling joins in,63,jlwe9jtu5Gw,"[[50, 53], [61, 64], [54, 57]]",3.0,9.0,3,11,65,3-5s,2-5s,0.047619047619047616,0.0,0.0,0.0,0.0,3.0,3.5,48.0,0.3333333333333333,0.5116411935411949,32.23339519309528,10.744465064365093,10.31150754199051,3.495113904167205,63.0,8.0,0.12698412698412698,-10.88316535949707,-11.086300015449524,-10.676791191101074,-0.2063741683959961,0.9365079365079365,5.0,4.0,16.0,5.0,-10.919323921203613,0.03615856170654297,-10.864164943695068,-0.019000415802002735,0.0,0.0,1.0,1.0,55.625,63.0,0.0,1.0,1.0,3.5,48.0,shorter_or_equal_audio,188.5,3+,11-15w
jlwe9jtu5Gw_4,Something is tapped,63,jlwe9jtu5Gw,"[[58, 63]]",5.0,5.0,1,3,19,5-10s,5-10s,0.07936507936507936,0.0,0.0,1.0,0.0,3.0,17.5,43.0,0.6,0.5116411935411949,32.23339519309528,6.446679038619055,6.186904525194306,12.495113904167205,63.0,5.0,0.07936507936507936,-12.155756950378418,-12.382929229736328,-11.503654479980469,-0.6521024703979492,0.4444444444444444,36.0,35.0,16.0,4.0,-12.32740592956543,0.17164897918701172,-11.765530080795289,-0.39022686958312924,0.0,0.0,0.0,0.0,60.5,63.0,0.0,1.0,0.6,17.5,43.0,not_short_primary,nan,1,0-5w
k1QxQ4jJaEQ_1,"As a man speaks, an engine hums in the background",299,k1QxQ4jJaEQ,"[[123, 133], [231, 233], [247, 300]]",53.0,65.0,3,10,49,20s+,10s+,0.17725752508361203,0.0,0.0,0.0,0.0,43.0,24.5,103.5,0.45454545454545453,0.5116411935411949,152.98071686881727,2.8864286201663636,2.7701174798339285,4.167286624539599,299.0,64.0,0.2140468227424749,-11.927322387695312,-12.210370391607285,-11.343119621276855,-0.584202766418457,0.5384615384615384,139.0,138.0,70.0,14.0,-11.749244689941406,-0.17807769775390625,-11.410412397384643,-0.5169099903106691,0.0,0.0,0.0,0.0,249.0625,299.0,0.0,1.0,0.8113207547169812,24.5,103.5,not_short_primary,nan,3+,6-10w
k4XyfaWVLEY_1,"As the place bustles, a crowd cheers and machines whir",230,k4XyfaWVLEY,"[[16, 21]]",5.0,5.0,1,10,54,5-10s,5-10s,0.021739130434782608,0.0,0.0,1.0,1.0,11.0,94.5,76.0,0.7142857142857143,0.5116411935411949,117.67747451447482,23.535494902894964,30.825895050882316,18.492524692274714,230.0,5.0,0.021739130434782608,-12.428808212280273,-12.48603172302246,-10.60004997253418,-1.8287582397460938,0.02608695652173913,225.0,224.0,68.0,14.0,-12.060188293457031,-0.3686199188232422,-11.198004941940308,-1.2308032703399654,0.0,0.0,0.0,0.0,18.5,230.0,0.0,1.0,2.2,94.5,76.0,not_short_primary,nan,1,6-10w
k4XyfaWVLEY_2,"As children scream, water sprays",230,k4XyfaWVLEY,"[[96, 100], [113, 167], [177, 191], [217, 226]]",54.0,81.0,4,5,32,20s+,10s+,0.23478260869565218,0.0,0.0,0.0,0.0,8.0,162.0,22.0,0.2777777777777778,0.5116411935411949,117.67747451447482,2.179212491008793,1.3746759001508904,4.751975281484619,230.0,81.0,0.3521739130434783,-10.560708999633789,-11.02423361790033,-10.528470993041992,-0.032238006591796875,0.991304347826087,3.0,2.0,45.0,5.0,-10.528470993041992,-0.032238006591796875,-10.563103466033935,0.002394466400145845,0.0,1.0,1.0,1.0,154.58641975308643,230.0,0.0,1.0,0.14814814814814814,162.0,22.0,not_short_primary,nan,3+,0-5w
kEP-BwMarf8_1,Plastic rustles,234,kEP-BwMarf8,"[[4, 34], [42, 64], [66, 197], [200, 213]]",131.0,196.0,4,2,15,20s+,10s+,0.5598290598290598,0.0,0.0,1.0,0.0,24.0,196.0,10.5,0.5,0.5116411935411949,119.7240392886396,0.9139239640354168,0.13243105603552224,5.866919499384778,234.0,196.0,0.8376068376068376,-10.597302436828613,-11.278703100827276,-10.927168846130371,0.3298664093017578,1.0,1.0,0.0,5.0,0.0,-10.927168846130371,0.3298664093017578,-10.927168846130371,0.3298664093017578,1.0,1.0,1.0,1.0,110.4438775510204,234.0,0.0,1.0,0.183206106870229,196.0,10.5,not_short_primary,nan,3+,0-5w
kF1KWybdRpM_1,An airplane engine rumbles,107,kF1KWybdRpM,"[[0, 9], [43, 74]]",31.0,40.0,2,4,26,20s+,10s+,0.2897196261682243,1.0,0.0,1.0,0.0,16.0,8.0,3.5,0.5625,0.5116411935411949,54.74560770890785,1.7659873454486403,0.25589827852907576,4.313078574505006,107.0,40.0,0.37383177570093457,-10.704967498779297,-11.188136053085326,-10.734081268310547,0.02911376953125,1.0,1.0,0.0,14.0,3.0,-10.734081268310547,0.02911376953125,-10.765753707885743,0.060786209106446165,1.0,1.0,1.0,1.0,46.35,107.0,0.0,1.0,0.5161290322580645,8.0,3.5,not_short_primary,nan,2,0-5w
kHIe4CfaccQ_1,Wind blows as sheep bleat and something is licked,112,kHIe4CfaccQ,"[[42, 76], [80, 82], [86, 88], [93, 97], [104, 107], [110, 112]]",34.0,47.0,6,9,49,20s+,10s+,0.30357142857142855,0.0,0.0,0.0,0.0,4.0,42.0,17.0,0.2,0.5116411935411949,57.30381367661383,1.6854062846062892,1.9513148344702875,1.4310750680794229,112.0,47.0,0.41964285714285715,-12.024096488952637,-12.7287404689383,-11.99246597290039,-0.031630516052246094,0.9910714285714286,2.0,1.0,21.0,5.0,-12.191246032714844,0.16714954376220703,-12.03234094619751,0.00824445724487255,0.0,1.0,1.0,1.0,69.37234042553192,112.0,0.0,1.0,0.11764705882352941,42.0,17.0,not_short_primary,nan,3+,6-10w
kHIe4CfaccQ_2,Wind blows as water flows,112,kHIe4CfaccQ,"[[33, 35]]",2.0,2.0,1,5,25,2-3s,2-5s,0.017857142857142856,0.0,0.0,0.0,0.0,16.0,100.0,66.0,0.2,0.5116411935411949,57.30381367661383,28.651906838306914,47.10925160531222,3.719164667130375,112.0,2.0,0.017857142857142856,-13.28600025177002,-13.35719633102417,-12.757883071899414,-0.5281171798706055,0.8839285714285714,14.0,13.0,40.0,7.0,-13.277483940124512,-0.008516311645507812,-13.506566972732545,0.22056672096252505,0.0,0.0,0.0,0.0,34.0,112.0,0.0,1.0,8.0,100.0,66.0,shorter_or_equal_audio,188.5,1,0-5w
kLYCjD6vWI4_1,"A train moves through the wind, releasing steam",300,kLYCjD6vWI4,"[[21, 116], [144, 223], [236, 259], [270, 300]]",95.0,227.0,4,8,47,20s+,10s+,0.31666666666666665,0.0,0.0,1.0,1.0,19.0,79.5,11.0,0.8846153846153846,0.5116411935411949,153.49235806235845,1.615709032235352,0.23412237976590308,7.388564744378499,300.0,227.0,0.7566666666666667,-11.316812515258789,-11.757496909423022,-11.52926254272461,0.2124500274658203,1.0,1.0,0.0,17.0,0.0,-11.52926254272461,0.2124500274658203,-11.52926254272461,0.2124500274658203,1.0,1.0,1.0,1.0,155.27092511013217,300.0,0.0,1.0,0.2,79.5,11.0,not_short_primary,nan,3+,6-10w
kLYCjD6vWI4_2,Train sounds and engine noise fill the air,300,kLYCjD6vWI4,"[[291, 300]]",9.0,9.0,1,8,42,5-10s,5-10s,0.03,0.0,0.0,1.0,1.0,32.0,40.0,255.5,0.7,0.5116411935411949,153.49235806235845,17.05470645137316,16.367472288873827,66.9053043055581,300.0,9.0,0.03,-12.141143798828125,-12.300957361857096,-11.261724472045898,-0.8794193267822266,0.7433333333333333,78.0,77.0,86.0,14.0,-12.14543342590332,0.0042896270751953125,-11.658959045410157,-0.4821847534179682,0.0,0.0,0.0,0.0,295.5,300.0,0.0,1.0,3.5555555555555554,40.0,255.5,not_short_primary,nan,1,6-10w
kLYCjD6vWI4_3,"A train whistles as it moves along, releasing steam",300,kLYCjD6vWI4,"[[205, 211]]",6.0,6.0,1,9,51,5-10s,5-10s,0.02,0.0,0.0,0.0,0.0,10.0,87.0,121.0,0.4,0.5116411935411949,153.49235806235845,25.582059677059743,22.28048478060215,0.7057502514177827,300.0,6.0,0.02,-12.29343318939209,-12.702899297078451,-12.08759880065918,-0.20583438873291016,0.9933333333333333,3.0,2.0,90.0,21.0,-12.615001678466797,0.32156848907470703,-12.641653051376343,0.34821986198425314,0.0,1.0,1.0,1.0,208.0,300.0,0.0,1.0,1.6666666666666667,87.0,121.0,not_short_primary,nan,1,6-10w
kXjzsroVTtw_1,Something collides with something while birds call,92,kXjzsroVTtw,"[[58, 59]]",1.0,1.0,1,7,50,1-2s,0-2s,0.010869565217391304,0.0,0.0,0.0,0.0,2.0,1.0,57.5,0.0,0.5116411935411949,47.07098980578993,47.07098980578993,17.41896258700665,3.731786262727809,92.0,1.0,0.010869565217391304,-11.282869338989258,-11.282869338989258,-10.217062950134277,-1.0658063888549805,0.9347826086956522,7.0,6.0,26.0,5.0,-12.35349178314209,1.070622444152832,-12.301198654174804,1.0183293151855466,0.0,0.0,0.0,1.0,58.5,92.0,0.0,1.0,2.0,1.0,57.5,shorter_or_equal_audio,213.0,1,6-10w
kdflh3akyH8_1,A man talks and a dog barks,99,kdflh3akyH8,"[[58, 60]]",2.0,2.0,1,7,27,2-3s,2-5s,0.020202020202020204,0.0,0.0,0.0,0.0,4.0,5.0,54.0,0.2,0.5116411935411949,50.65247816057829,25.326239080289145,3.6698683028305306,0.8832263656449015,99.0,2.0,0.020202020202020204,-11.341552734375,-11.44052791595459,-10.558008193969727,-0.7835445404052734,0.797979797979798,21.0,20.0,28.0,5.0,-11.407041549682617,0.06548881530761719,-11.404095535278321,0.0625428009033211,0.0,0.0,0.0,0.0,59.0,99.0,0.0,1.0,2.0,5.0,54.0,shorter_or_equal_audio,188.5,1,6-10w
kgjNIDmO8a8_1,"While sirens wail, bells ring out",300,kgjNIDmO8a8,"[[147, 153], [162, 164], [284, 287]]",6.0,11.0,3,6,33,5-10s,5-10s,0.02,0.0,0.0,0.0,0.0,258.0,135.0,15.0,0.23076923076923078,0.5116411935411949,153.49235806235845,25.582059677059743,26.612910920808755,6.560127570888966,300.0,11.0,0.03666666666666667,-10.572105407714844,-10.779361984946512,-10.463033676147461,-0.10907173156738281,0.7433333333333333,78.0,77.0,84.0,18.0,-10.556354522705078,-0.015750885009765625,-10.499466228485108,-0.07263917922973562,0.0,0.0,0.0,0.0,189.3181818181818,300.0,0.0,1.0,43.0,135.0,15.0,not_short_primary,nan,3+,6-10w
kx6Rj4MDIAw_1,A train rumbles by and a whistle blows,267,kx6Rj4MDIAw,"[[13, 22], [52, 55], [118, 123], [163, 166], [232, 234]]",9.0,22.0,5,8,38,5-10s,5-10s,0.033707865168539325,1.0,1.0,1.0,1.0,8.0,19.0,1.5,0.7,0.5116411935411949,136.60819867549904,15.178688741722116,9.574916487137939,1.2183591297548162,267.0,22.0,0.08239700374531835,-9.12622356414795,-9.824110291220926,-9.978169441223145,0.8519458770751953,1.0,1.0,0.0,68.0,6.0,-9.978169441223145,0.8519458770751953,-10.242972621917724,1.1167490577697752,1.0,1.0,1.0,1.0,85.45454545454545,267.0,1.0,0.0,0.8888888888888888,19.0,1.5,not_short_primary,nan,3+,6-10w
kx6Rj4MDIAw_2,Steam bursts out as a train rumbles by,267,kx6Rj4MDIAw,"[[155, 163]]",8.0,8.0,1,8,38,5-10s,5-10s,0.0299625468164794,0.0,0.0,0.0,0.0,8.0,75.0,84.0,0.05555555555555555,0.5116411935411949,136.60819867549904,17.07602483443738,2.4743809011508877,2.260822622496846,267.0,8.0,0.0299625468164794,-10.71435546875,-10.750956773757935,-10.438568115234375,-0.275787353515625,0.7865168539325843,58.0,57.0,69.0,8.0,-10.752104759216309,0.037749290466308594,-10.569631261825561,-0.14472420692443855,0.0,0.0,0.0,0.0,159.0,267.0,0.0,1.0,1.0,75.0,84.0,not_short_primary,nan,1,6-10w
lHh0SwUhP8U_1,The wind blows as gunshots ring out and a man talks,266,lHh0SwUhP8U,"[[188, 196], [223, 228]]",8.0,13.0,2,11,51,5-10s,5-10s,0.03007518796992481,0.0,0.0,1.0,0.0,20.0,69.0,123.0,0.6153846153846154,0.5116411935411949,136.09655748195783,17.01206968524473,19.696084110434466,3.7738032866886044,266.0,13.0,0.04887218045112782,-11.398874282836914,-11.5250364450308,-10.864919662475586,-0.5339546203613281,0.5413533834586466,123.0,122.0,60.0,13.0,-11.443302154541016,0.04442787170410156,-11.003268060684205,-0.39560622215270946,0.0,0.0,0.0,0.0,204.8846153846154,266.0,0.0,1.0,2.5,69.0,123.0,not_short_primary,nan,2,11-15w
lTfNLKEy1RU_1,A man and woman talk while snoring and throat-clearing sounds fill the background,181,lTfNLKEy1RU,"[[146, 156]]",10.0,10.0,1,13,81,10-20s,10s+,0.055248618784530384,0.0,0.0,0.0,0.0,6.0,8.0,143.0,0.21428571428571427,0.5116411935411949,92.60705603095627,9.260705603095627,8.887537452858487,13.081200264353384,181.0,10.0,0.055248618784530384,-13.686851501464844,-15.346399879455566,-13.122026443481445,-0.5648250579833984,0.9723756906077348,6.0,5.0,54.0,10.0,-15.475902557373047,1.7890510559082031,-14.030778255462646,0.3439267539978026,0.0,0.0,0.0,1.0,151.0,181.0,0.0,1.0,0.6,8.0,143.0,not_short_primary,nan,1,11-15w
lTfNLKEy1RU_2,Someone blows their nose,181,lTfNLKEy1RU,"[[171, 173]]",2.0,2.0,1,4,24,2-3s,2-5s,0.011049723756906077,0.0,0.0,1.0,0.0,5.0,6.5,165.5,0.5,0.5116411935411949,92.60705603095627,46.303528015478136,44.437687264292435,34.081200264353384,181.0,2.0,0.011049723756906077,-12.849442481994629,-13.555895328521729,-13.048259735107422,0.19881725311279297,1.0,1.0,0.0,53.0,14.0,-13.295365333557129,0.4459228515625,-14.175821485519409,1.3263790035247798,1.0,1.0,1.0,1.0,172.0,181.0,0.0,1.0,2.5,6.5,165.5,shorter_or_equal_audio,188.5,1,0-5w
lVr-PxhZo8s_1,Electronic beeps play,69,lVr-PxhZo8s,"[[1, 3]]",2.0,2.0,1,3,21,2-3s,2-5s,0.028985507246376812,0.0,0.0,0.0,0.0,2.0,1.0,1.0,0.3333333333333333,0.5116411935411949,35.303242354342444,17.651621177171222,23.11942128816174,9.097757407682414,69.0,2.0,0.028985507246376812,-12.88426399230957,-12.965325355529785,-12.527608871459961,-0.3566551208496094,0.9855072463768116,2.0,1.0,22.0,3.0,-12.527608871459961,-0.3566551208496094,-13.537957439422607,0.6536934471130369,0.0,1.0,1.0,1.0,2.0,69.0,1.0,1.0,1.0,1.0,1.0,shorter_or_equal_audio,188.5,1,0-5w
lVr-PxhZo8s_2,Engine noise rumbles,69,lVr-PxhZo8s,"[[3, 69]]",66.0,66.0,1,3,20,20s+,10s+,0.9565217391304348,0.0,0.0,1.0,1.0,9.0,5.5,30.5,0.9393939393939394,0.5116411935411949,35.303242354342444,0.5348976114294309,0.5564517737987285,3.0088293413044624,69.0,66.0,0.9565217391304348,-11.083538055419922,-11.43372409993952,-10.941021919250488,-0.1425161361694336,0.9855072463768116,2.0,1.0,2.0,1.0,-10.941021919250488,-0.1425161361694336,-10.941021919250488,-0.1425161361694336,0.0,1.0,1.0,1.0,36.0,69.0,0.0,1.0,0.13636363636363635,5.5,30.5,not_short_primary,nan,1,0-5w
lVr-PxhZo8s_3,An engine starts,69,lVr-PxhZo8s,"[[3, 4]]",1.0,1.0,1,3,16,1-2s,0-2s,0.014492753623188406,0.0,0.0,0.0,0.0,6.0,6.0,2.5,0.16666666666666666,0.5116411935411949,35.303242354342444,35.303242354342444,46.23884257632348,7.597757407682414,69.0,1.0,0.014492753623188406,-10.289510726928711,-10.289510726928711,-10.419557571411133,0.13004684448242188,1.0,1.0,0.0,22.0,3.0,-10.419557571411133,0.13004684448242188,-12.465786743164063,2.1762760162353523,1.0,1.0,1.0,1.0,3.5,69.0,0.0,1.0,6.0,6.0,2.5,shorter_or_equal_audio,213.0,1,0-5w
lX3k5p2I_g0_1,Rotor blades whir and the engine roars,300,lX3k5p2I_g0,"[[149, 300]]",151.0,151.0,1,7,38,20s+,10s+,0.5033333333333333,1.0,0.0,1.0,0.0,103.0,248.5,24.0,0.6821192052980133,0.5116411935411949,153.49235806235845,1.0165056825321752,1.176880990515429,3.702477496215863,300.0,151.0,0.5033333333333333,-11.70506477355957,-11.7601528799297,-11.902183532714844,0.19711875915527344,1.0,1.0,0.0,49.0,0.0,-12.093846321105957,0.3887815475463867,-11.902183532714844,0.19711875915527344,1.0,1.0,1.0,1.0,224.5,300.0,0.0,1.0,0.6821192052980133,248.5,24.0,not_short_primary,nan,1,6-10w
lYhwCRX2wNc_1,A woman hums while water flows and dishes are washed,299,lYhwCRX2wNc,"[[190, 202]]",12.0,12.0,1,10,52,10-20s,10s+,0.04013377926421405,0.0,0.0,0.0,0.0,21.0,27.5,168.5,0.3076923076923077,0.5116411935411949,152.98071686881727,12.74839307240144,4.717635700647635,6.253305353865386,299.0,12.0,0.04013377926421405,-11.096571922302246,-11.340063254038492,-10.266918182373047,-0.8296537399291992,0.45819397993311034,163.0,162.0,89.0,15.0,-11.097999572753906,0.0014276504516601562,-10.41540114402771,-0.6811707782745362,0.0,0.0,0.0,0.0,196.0,299.0,0.0,1.0,1.75,27.5,168.5,not_short_primary,nan,1,6-10w
lYhwCRX2wNc_2,"A woman talks as water flows and dishes clatter, with a passing train rumbling in the background",299,lYhwCRX2wNc,"[[208, 300]]",92.0,92.0,1,17,96,20s+,10s+,0.3076923076923077,0.0,0.0,0.0,0.0,19.0,56.5,197.5,0.2717391304347826,0.5116411935411949,152.98071686881727,1.6628338790088832,1.595828548165198,26.1672866245396,299.0,91.0,0.30434782608695654,-11.384481430053711,-11.813768208681882,-10.351061820983887,-1.0334196090698242,0.4280936454849498,172.0,171.0,66.0,15.0,-11.269054412841797,-0.11542701721191406,-10.365231456756591,-1.0192499732971196,0.0,0.0,0.0,0.0,253.5,299.0,0.0,1.0,0.20652173913043478,56.5,197.5,not_short_primary,nan,1,16w+
lfO471Rn61k_1,"A man is speaking while loud heavy machinery operates in the background, sounding like a noisy factory",299,lfO471Rn61k,"[[6, 115]]",109.0,109.0,1,17,102,20s+,10s+,0.36454849498327757,0.0,0.0,0.0,0.0,26.0,27.0,33.5,0.23853211009174313,0.5116411935411949,152.98071686881727,1.4034928153102502,1.838241447988395,12.409717900042878,299.0,109.0,0.36454849498327757,-11.520156860351562,-11.966805134344538,-11.8297700881958,0.3096132278442383,1.0,1.0,0.0,57.0,1.0,-11.954301834106445,0.4341449737548828,-11.851537170410156,0.33138031005859325,1.0,1.0,1.0,1.0,60.5,299.0,0.0,1.0,0.23853211009174313,27.0,33.5,not_short_primary,nan,1,16w+
lfO471Rn61k_2,Machinery roars as a high-pressure washer sprays,299,lfO471Rn61k,"[[127, 133], [204, 234], [136, 150], [154, 168], [172, 174], [192, 194], [237, 239], [253, 254], [273, 274]]",30.0,72.0,9,7,48,20s+,10s+,0.10033444816053512,0.0,0.0,0.0,0.0,14.0,154.0,7.0,0.43333333333333335,0.5116411935411949,152.98071686881727,5.099357228960575,5.304840243547877,0.03826047898601814,299.0,72.0,0.2408026755852843,-11.410524368286133,-11.73720916112264,-11.37222957611084,-0.03829479217529297,0.9933110367892977,3.0,2.0,61.0,16.0,-11.457149505615234,0.04662513732910156,-11.405926504135131,-0.004597864151001829,0.0,1.0,1.0,1.0,185.29166666666666,299.0,0.0,1.0,0.4666666666666667,154.0,7.0,not_short_primary,nan,3+,6-10w
lgwpIImXCWA_1,"While a man speaks, objects scrape against each other",194,lgwpIImXCWA,"[[40, 43], [49, 52], [191, 193], [112, 118], [84, 86]]",6.0,16.0,5,9,53,5-10s,5-10s,0.030927835051546393,0.0,0.0,0.0,0.0,6.0,54.0,3.5,0.42857142857142855,0.5116411935411949,99.2583915469918,16.543065257831966,2.3971530328253294,1.1146052013647534,194.0,16.0,0.08247422680412371,-11.485469818115234,-11.823493957519531,-11.375971794128418,-0.1094980239868164,0.9742268041237113,6.0,5.0,50.0,10.0,-11.375971794128418,-0.1094980239868164,-11.539880418777466,0.0544106006622318,0.0,0.0,0.0,1.0,95.0,194.0,0.0,1.0,1.0,54.0,3.5,not_short_primary,nan,3+,6-10w
lgwpIImXCWA_2,Objects scrape against each other,194,lgwpIImXCWA,"[[40, 54], [55, 57], [84, 88], [107, 119], [151, 153], [158, 159], [160, 162], [174, 179], [183, 188], [191, 195]]",14.0,51.0,10,5,33,10-20s,10s+,0.07216494845360824,0.0,0.0,1.0,0.0,7.0,51.5,4.5,0.6666666666666666,0.5116411935411949,99.2583915469918,7.089885110499415,4.472392773285939,0.669057411339196,194.0,50.0,0.25773195876288657,-11.54201602935791,-11.98997911453247,-11.636907577514648,0.09489154815673828,1.0,1.0,0.0,42.0,6.0,-11.636907577514648,0.09489154815673828,-11.659738464355469,0.11772243499755852,1.0,1.0,1.0,1.0,112.84,194.0,0.0,1.0,0.5,51.5,4.5,not_short_primary,nan,3+,0-5w
lgwpIImXCWA_3,A drill whirs in the background,194,lgwpIImXCWA,"[[133, 134], [136, 138]]",2.0,3.0,2,6,31,2-3s,2-5s,0.010309278350515464,0.0,0.0,0.0,0.0,5.0,52.5,81.0,0.2,0.5116411935411949,99.2583915469918,49.6291957734959,43.22414047436817,0.5502815040831592,194.0,3.0,0.015463917525773196,-12.872722625732422,-13.775946935017904,-12.580499649047852,-0.2922229766845703,0.979381443298969,5.0,4.0,59.0,9.0,-13.670141220092773,0.7974185943603516,-13.627938795089722,0.7552161693573005,0.0,0.0,1.0,1.0,135.83333333333334,194.0,0.0,1.0,2.5,52.5,81.0,longer_audio,188.5,2,6-10w
lh801oHGtD4_1,Gears are turning,97,lh801oHGtD4,"[[83, 91], [79, 81], [41, 67], [17, 37]]",26.0,56.0,4,3,17,20s+,10s+,0.26804123711340205,0.0,0.0,1.0,1.0,8.0,26.0,1.0,0.7777777777777778,0.5116411935411949,49.6291957734959,1.9088152220575347,3.138459756672586,0.7746336849254156,97.0,56.0,0.5773195876288659,-11.48836898803711,-12.706522686140877,-12.068378448486328,0.5800094604492188,1.0,1.0,0.0,13.0,0.0,-12.16347885131836,0.67510986328125,-12.068378448486328,0.5800094604492188,1.0,1.0,1.0,1.0,50.0,97.0,1.0,1.0,0.3076923076923077,26.0,1.0,not_short_primary,nan,3+,0-5w
lh801oHGtD4_2,Gears are turning and doors are opening and closing,97,lh801oHGtD4,"[[59, 61], [65, 67], [78, 81], [84, 85], [36, 37]]",3.0,9.0,5,9,51,3-5s,2-5s,0.030927835051546393,1.0,1.0,1.0,1.0,3.0,79.5,0.0,1.0,0.5116411935411949,49.6291957734959,16.543065257831966,6.12188177876683,0.3860514403848043,97.0,9.0,0.09278350515463918,-11.644752502441406,-12.332957797580296,-11.892932891845703,0.24818038940429688,1.0,1.0,0.0,31.0,6.0,-11.892932891845703,0.24818038940429688,-12.310875148773194,0.6661226463317877,1.0,1.0,1.0,1.0,67.94444444444444,97.0,1.0,0.0,1.0,79.5,0.0,shorter_or_equal_audio,188.5,3+,6-10w
lh801oHGtD4_3,A man speaks as an alarm blares,97,lh801oHGtD4,"[[90, 94]]",4.0,4.0,1,7,31,3-5s,2-5s,0.041237113402061855,0.0,0.0,1.0,0.0,6.0,6.0,86.0,0.6666666666666666,0.5116411935411949,49.6291957734959,12.407298943373975,11.907336090155708,18.08771505879713,97.0,4.0,0.041237113402061855,-12.161075592041016,-12.751658201217651,-11.481328964233398,-0.6797466278076172,0.9175257731958762,9.0,8.0,33.0,6.0,-12.973304748535156,0.8122291564941406,-12.353601970672607,0.19252637863159094,0.0,0.0,0.0,1.0,92.0,97.0,0.0,1.0,1.5,6.0,86.0,shorter_or_equal_audio,188.5,1,6-10w
lmPMhs-9IYE_1,Engines roar,155,lmPMhs-9IYE,"[[0, 92]]",92.0,92.0,1,2,12,20s+,10s+,0.5935483870967742,0.0,0.0,1.0,1.0,35.0,17.5,28.5,0.7666666666666667,0.5116411935411949,79.3043849988852,0.8620041847704912,1.4173008538088885,4.093486816117931,155.0,92.0,0.5935483870967742,-11.213751792907715,-11.506320165551227,-11.763267517089844,0.5495157241821289,1.0,1.0,0.0,18.0,0.0,-11.765605926513672,0.551854133605957,-11.763267517089844,0.5495157241821289,1.0,1.0,1.0,1.0,46.0,155.0,0.0,1.0,0.3804347826086957,17.5,28.5,not_short_primary,nan,1,0-5w
lmPMhs-9IYE_2,People cheer as an announcement rings out,155,lmPMhs-9IYE,"[[94, 98]]",4.0,4.0,1,7,41,3-5s,2-5s,0.025806451612903226,0.0,0.0,0.0,0.0,24.0,132.0,36.0,0.0,0.5116411935411949,79.3043849988852,19.8260962497213,2.872876701710769,5.0090917845955545,155.0,4.0,0.025806451612903226,-10.815428733825684,-11.323590517044067,-10.6430082321167,-0.17242050170898438,0.9870967741935484,3.0,2.0,50.0,11.0,-10.6430082321167,-0.17242050170898438,-11.447956438064574,0.6325277042388908,0.0,1.0,1.0,1.0,96.0,155.0,0.0,1.0,6.0,132.0,36.0,shorter_or_equal_audio,188.5,1,6-10w
lmPMhs-9IYE_3,People talk as an announcement rings out,155,lmPMhs-9IYE,"[[114, 123], [125, 137], [94, 98], [138, 155]]",17.0,42.0,4,7,40,10-20s,10s+,0.10967741935483871,1.0,0.0,1.0,0.0,11.0,128.5,2.5,0.6428571428571429,0.5116411935411949,79.3043849988852,4.664963823463835,4.476985067250782,0.39274055787169004,155.0,42.0,0.2709677419354839,-11.414878845214844,-11.764709767841158,-11.637874603271484,0.22299575805664062,1.0,1.0,0.0,32.0,1.0,-11.637874603271484,0.22299575805664062,-11.76949981689453,0.35462097167968665,1.0,1.0,1.0,1.0,131.26190476190476,155.0,0.0,1.0,0.6470588235294118,128.5,2.5,not_short_primary,nan,3+,6-10w
lq9RvAA4mqY_1,"As a man speaks, sizzling fills the air",300,lq9RvAA4mqY,"[[148, 274]]",126.0,126.0,1,8,39,20s+,10s+,0.42,1.0,0.0,1.0,1.0,121.0,239.5,28.5,0.8344370860927153,0.5116411935411949,153.49235806235845,1.2181933179552258,1.0609754657429595,3.7057502514177827,300.0,126.0,0.42,-11.185208320617676,-11.536249804118324,-11.494012832641602,0.3088045120239258,1.0,1.0,0.0,55.0,0.0,-11.76845932006836,0.5832509994506836,-11.497706604003906,0.31249828338622976,1.0,1.0,1.0,1.0,211.0,300.0,0.0,1.0,0.9603174603174603,239.5,28.5,not_short_primary,nan,1,6-10w
lrKGCtSsAkA_1,A propeller spins as the wind blows and a woman talks,240,lrKGCtSsAkA,"[[0, 5], [18, 22]]",5.0,9.0,2,11,53,5-10s,5-10s,0.020833333333333332,0.0,0.0,0.0,0.0,35.0,107.5,87.5,0.25,0.5116411935411949,122.79388644988677,24.558777289977353,32.166151357442416,18.60089533106926,240.0,9.0,0.0375,-11.504766464233398,-11.6213960647583,-10.807554244995117,-0.6972122192382812,0.275,175.0,174.0,61.0,11.0,-10.81434154510498,-0.690424919128418,-11.084074020385742,-0.42069244384765625,0.0,0.0,0.0,0.0,10.277777777777779,240.0,0.0,1.0,7.0,107.5,87.5,not_short_primary,nan,2,11-15w
lrKGCtSsAkA_2,A propeller spins as the wind blows and a baby makes noise,240,lrKGCtSsAkA,"[[17, 19]]",2.0,2.0,1,12,58,2-3s,2-5s,0.008333333333333333,0.0,0.0,0.0,0.0,190.0,145.0,127.0,0.0392156862745098,0.5116411935411949,122.79388644988677,61.396943224943385,80.41537839360605,20.60089533106926,240.0,2.0,0.008333333333333333,-11.390815734863281,-11.471714973449707,-10.815276145935059,-0.5755395889282227,0.0625,226.0,225.0,72.0,15.0,-11.201560974121094,-0.1892547607421875,-11.057873334884643,-0.33294239997863784,0.0,0.0,0.0,0.0,18.0,240.0,0.0,1.0,95.0,145.0,127.0,longer_audio,188.5,1,11-15w
lrKGCtSsAkA_3,A propeller spins as the wind blows and a man talks,240,lrKGCtSsAkA,"[[22, 23]]",1.0,1.0,1,11,51,1-2s,0-2s,0.004166666666666667,0.0,0.0,0.0,0.0,67.0,105.5,83.0,0.04,0.5116411935411949,122.79388644988677,122.79388644988677,160.8307567872121,16.10089533106926,240.0,1.0,0.004166666666666667,-11.501914024353027,-11.501914024353027,-11.016029357910156,-0.4858846664428711,0.7666666666666667,57.0,56.0,60.0,12.0,-11.137284278869629,-0.36462974548339844,-11.65936861038208,0.15745458602905238,0.0,0.0,0.0,0.0,22.5,240.0,0.0,1.0,67.0,105.5,83.0,longer_audio,213.0,1,11-15w
lrKGCtSsAkA_4,Plastic gets crushed as the wind blows,240,lrKGCtSsAkA,"[[239, 240]]",1.0,1.0,1,7,38,1-2s,0-2s,0.004166666666666667,0.0,0.0,1.0,0.0,8.0,235.0,4.5,0.5,0.5116411935411949,122.79388644988677,122.79388644988677,117.84580047989154,56.624243444446506,240.0,1.0,0.004166666666666667,-11.717296600341797,-11.717296600341797,-12.072454452514648,0.35515785217285156,1.0,1.0,0.0,67.0,14.0,-12.160810470581055,0.4435138702392578,-13.430669069290161,1.7133724689483643,1.0,1.0,1.0,1.0,239.5,240.0,0.0,1.0,8.0,235.0,4.5,longer_audio,213.0,1,6-10w
mSF_FqBtRPs_1,Electronic beeps play,67,mSF_FqBtRPs,"[[1, 5]]",4.0,4.0,1,3,21,3-5s,2-5s,0.05970149253731343,1.0,0.0,1.0,0.0,2.0,4.0,1.0,0.5,0.5116411935411949,34.279959967260055,8.569989991815014,11.224646567440844,7.776083279923503,67.0,4.0,0.05970149253731343,-10.377410888671875,-10.801277875900269,-10.918611526489258,0.5412006378173828,1.0,1.0,0.0,18.0,2.0,-11.119147300720215,0.7417364120483398,-11.305467500686646,0.9280566120147711,1.0,1.0,1.0,1.0,3.0,67.0,1.0,1.0,0.5,4.0,1.0,shorter_or_equal_audio,188.5,1,0-5w
mSF_FqBtRPs_2,A phone rings and a resonant tone follows,67,mSF_FqBtRPs,"[[18, 31], [43, 65]]",22.0,35.0,2,8,41,20s+,10s+,0.3283582089552239,1.0,0.0,1.0,0.0,8.0,25.0,0.5,0.6956521739130435,0.5116411935411949,34.279959967260055,1.5581799985118208,2.5671458072270945,0.10865556800072795,67.0,35.0,0.5223880597014925,-11.339227676391602,-11.729392051696777,-11.401294708251953,0.06206703186035156,1.0,1.0,0.0,6.0,1.0,-12.3623046875,1.0230770111083984,-11.401294708251953,0.06206703186035156,1.0,1.0,1.0,1.0,43.042857142857144,67.0,1.0,1.0,0.36363636363636365,25.0,0.5,not_short_primary,nan,2,6-10w
mUGmCSNETcg_1,A woman speaks as a car passes by and birds chirp,299,mUGmCSNETcg,"[[0, 45], [47, 51], [53, 79]]",45.0,75.0,3,11,49,20s+,10s+,0.1505016722408027,1.0,0.0,1.0,0.0,29.0,22.5,0.0,0.6538461538461539,0.5116411935411949,152.98071686881727,3.399571485973717,4.452629285127446,0.9097179000428781,299.0,75.0,0.2508361204013378,-11.608163833618164,-11.788744583129883,-11.759992599487305,0.15182876586914062,1.0,1.0,0.0,66.0,0.0,-11.765296936035156,0.1571331024169922,-11.824402132034301,0.21623829841613684,1.0,1.0,1.0,1.0,38.99333333333333,299.0,1.0,1.0,0.6444444444444445,22.5,0.0,not_short_primary,nan,3+,11-15w
mUGmCSNETcg_2,Food sizzles,299,mUGmCSNETcg,"[[73, 300]]",227.0,227.0,1,2,12,20s+,10s+,0.7591973244147158,0.0,0.0,1.0,1.0,38.0,278.0,91.5,0.9102040816326531,0.5116411935411949,152.98071686881727,0.6739238628582258,0.09765412918135793,10.975602861897244,299.0,226.0,0.7558528428093646,-11.649779319763184,-11.958233128606746,-11.691967010498047,0.04218769073486328,1.0,1.0,0.0,22.0,1.0,-11.723382949829102,0.07360363006591797,-11.691967010498047,0.04218769073486328,1.0,1.0,1.0,1.0,186.0,299.0,0.0,1.0,0.16740088105726872,278.0,91.5,not_short_primary,nan,1,0-5w
mUGmCSNETcg_3,A woman speaks as food sizzles,299,mUGmCSNETcg,"[[81, 85], [90, 100], [133, 162], [174, 199], [208, 240], [242, 258], [260, 268], [275, 281], [285, 287], [291, 300]]",32.0,141.0,10,6,30,20s+,10s+,0.10702341137123746,0.0,0.0,1.0,1.0,39.0,26.5,56.5,0.7272727272727273,0.5116411935411949,152.98071686881727,4.78064740215054,7.860304815841715,2.1609842452855617,299.0,140.0,0.4682274247491639,-11.4964017868042,-13.065368400301253,-11.208534240722656,-0.28786754608154297,0.7859531772575251,65.0,64.0,50.0,20.0,-11.41110610961914,-0.0852956771850586,-11.21229769706726,-0.2841040897369389,0.0,0.0,0.0,0.0,200.72857142857143,299.0,0.0,1.0,1.21875,26.5,56.5,not_short_primary,nan,3+,6-10w
mW1EpJYcy_E_1,A motorcycle passes as a man talks,224,mW1EpJYcy_E,"[[102, 111]]",9.0,9.0,1,7,34,5-10s,5-10s,0.04017857142857143,0.0,0.0,0.0,0.0,35.0,74.5,32.0,0.2571428571428571,0.5116411935411949,114.60762735322766,12.734180817025296,13.247315658358135,0.6017714137362304,224.0,9.0,0.04017857142857143,-11.520729064941406,-11.671673774719238,-11.356161117553711,-0.1645679473876953,0.8303571428571429,39.0,38.0,63.0,14.0,-11.63650131225586,0.11577224731445312,-11.475342016220093,-0.04538704872131305,0.0,0.0,0.0,0.0,106.5,224.0,0.0,1.0,3.888888888888889,74.5,32.0,not_short_primary,nan,1,6-10w
mWqH2xwjkYA_1,Something gets spat out and people are laughing,118,mWqH2xwjkYA,"[[25, 28], [40, 42], [45, 47], [53, 55], [71, 73], [79, 81], [85, 88], [91, 93], [102, 104], [112, 115], [117, 119], [8, 11], [17, 21]]",4.0,32.0,13,8,47,3-5s,2-5s,0.03389830508474576,0.0,0.0,1.0,1.0,6.0,16.0,3.0,0.75,0.5116411935411949,60.373660837860996,15.093415209465249,19.768780521761485,0.021226462224280596,118.0,31.0,0.2627118644067797,-11.404827117919922,-11.892061448866322,-11.415281295776367,0.010454177856445312,1.0,1.0,0.0,26.0,4.0,-11.415281295776367,0.010454177856445312,-11.548136777877808,0.14330965995788603,1.0,1.0,1.0,1.0,60.564516129032256,118.0,0.0,1.0,1.5,16.0,3.0,shorter_or_equal_audio,188.5,3+,6-10w
mYQrjcYNrW0_1,Birds chirp nearby,202,mYQrjcYNrW0,"[[0, 20]]",20.0,20.0,1,3,18,20s+,10s+,0.09900990099009901,1.0,1.0,1.0,1.0,23.0,11.5,1.5,0.8695652173913043,0.5116411935411949,103.35152109532136,5.167576054766068,6.768294348128509,22.489086903649962,202.0,20.0,0.09900990099009901,-12.546916961669922,-13.032946109771729,-13.12060832977295,0.5736913681030273,1.0,1.0,0.0,48.0,1.0,-13.468406677246094,0.9214897155761719,-13.449587812423706,0.9026708507537844,1.0,1.0,1.0,1.0,10.0,202.0,1.0,0.0,1.15,11.5,1.5,not_short_primary,nan,1,0-5w
mYQrjcYNrW0_2,"As the wind blows, a horn blares and the engine roars",202,mYQrjcYNrW0,"[[20, 27], [29, 194]]",165.0,172.0,2,11,53,20s+,10s+,0.8168316831683168,0.0,0.0,1.0,0.0,18.0,16.0,7.5,0.6121212121212121,0.5116411935411949,103.35152109532136,0.6263728551231598,0.09076380742843797,7.081699738785147,202.0,172.0,0.8514851485148515,-11.524678230285645,-12.04011430296787,-11.04732894897461,-0.47734928131103516,0.900990099009901,21.0,20.0,11.0,8.0,-11.04732894897461,-0.47734928131103516,-11.04732894897461,-0.47734928131103516,0.0,0.0,0.0,0.0,107.9186046511628,202.0,0.0,1.0,0.10909090909090909,16.0,7.5,not_short_primary,nan,2,11-15w
m_NCf-q4Gn0_1,An engine rumbles,243,m_NCf-q4Gn0,"[[71, 223], [41, 45], [24, 28]]",152.0,160.0,3,3,17,20s+,10s+,0.6255144032921811,1.0,1.0,1.0,1.0,172.0,138.0,9.0,0.8837209302325582,0.5116411935411949,124.32881003051035,0.817952697569147,1.0713232976779752,3.9165934772923734,243.0,160.0,0.6584362139917695,-10.151318550109863,-10.715018212795258,-10.903048515319824,0.7517299652099609,1.0,1.0,0.0,26.0,0.0,-10.991805076599121,0.8404865264892578,-10.903048515319824,0.7517299652099609,1.0,1.0,1.0,1.0,141.375,243.0,0.0,0.0,1.131578947368421,138.0,9.0,not_short_primary,nan,3+,0-5w
m_U506sf9p4_1,Music is playing,212,m_U506sf9p4,"[[0, 11]]",11.0,11.0,1,3,16,10-20s,10s+,0.05188679245283019,1.0,1.0,1.0,1.0,8.0,4.0,1.5,0.7333333333333333,0.5116411935411949,108.4679330307333,9.86072118461212,12.915197135942789,28.597457542444516,212.0,11.0,0.05188679245283019,-9.272138595581055,-9.316317298195578,-10.530735969543457,1.2585973739624023,1.0,1.0,0.0,58.0,6.0,-10.811321258544922,1.5391826629638672,-11.243296766281128,1.9711581707000736,1.0,1.0,1.0,1.0,5.5,212.0,1.0,0.0,0.7272727272727273,4.0,1.5,not_short_primary,nan,1,0-5w
m_U506sf9p4_2,A horn blares as several items drop into a bowl-like container,212,m_U506sf9p4,"[[58, 60]]",2.0,2.0,1,11,62,2-3s,2-5s,0.009433962264150943,0.0,0.0,0.0,0.0,6.0,75.0,16.0,0.0,0.5116411935411949,108.4679330307333,54.23396651536665,89.17108339576956,1.6827045484967798,212.0,2.0,0.009433962264150943,-12.231334686279297,-12.398363590240479,-11.863897323608398,-0.36743736267089844,0.9952830188679245,2.0,1.0,65.0,10.0,-13.241670608520508,1.010335922241211,-13.568870038986207,1.3375353527069098,0.0,1.0,1.0,1.0,59.0,212.0,0.0,1.0,3.0,75.0,16.0,longer_audio,188.5,1,11-15w
m_U506sf9p4_3,A horn blares as a metal object is set down and scrapes,212,m_U506sf9p4,"[[69, 71]]",2.0,2.0,1,12,55,2-3s,2-5s,0.009433962264150943,0.0,0.0,0.0,0.0,7.0,74.5,4.5,0.16666666666666666,0.5116411935411949,108.4679330307333,54.23396651536665,89.35200033512812,7.178582381848443,212.0,2.0,0.009433962264150943,-10.749929428100586,-11.442098617553711,-10.487918853759766,-0.2620105743408203,0.9905660377358491,3.0,2.0,62.0,11.0,-11.93653392791748,1.1866044998168945,-12.503422145843507,1.7534927177429207,0.0,1.0,1.0,1.0,70.0,212.0,0.0,1.0,3.5,74.5,4.5,longer_audio,188.5,1,11-15w
m_U506sf9p4_4,Steam hisses,212,m_U506sf9p4,"[[76, 79]]",3.0,3.0,1,2,12,3-5s,2-5s,0.014150943396226415,0.0,0.0,0.0,0.0,11.0,134.5,57.0,0.42857142857142855,0.5116411935411949,108.4679330307333,36.1559776769111,59.56800022341875,0.3214176181515569,212.0,3.0,0.014150943396226415,-11.39146614074707,-11.45245329538981,-11.586456298828125,0.1949901580810547,1.0,1.0,0.0,61.0,9.0,-12.106382369995117,0.7149162292480469,-12.447780284881592,1.0563141441345216,1.0,1.0,1.0,1.0,77.5,212.0,0.0,1.0,3.6666666666666665,134.5,57.0,longer_audio,188.5,1,0-5w
m_U506sf9p4_5,Oil sizzles,212,m_U506sf9p4,"[[131, 192]]",61.0,61.0,1,2,11,20s+,10s+,0.28773584905660377,0.0,0.0,0.0,0.0,24.0,155.0,6.5,0.39344262295081966,0.5116411935411949,108.4679330307333,1.7781628365693984,1.706510225528484,0.0402516240722548,212.0,61.0,0.28773584905660377,-11.199359893798828,-11.648144221696697,-10.515462875366211,-0.6838970184326172,0.9198113207547169,18.0,17.0,45.0,10.0,-11.610611915588379,0.4112520217895508,-10.584433422088622,-0.6149264717102056,0.0,0.0,0.0,0.0,161.5,212.0,0.0,1.0,0.39344262295081966,155.0,6.5,not_short_primary,nan,1,0-5w
maVYiednkSg_1,Faint voices blend with the hum of machinery,142,maVYiednkSg,"[[16, 19], [24, 27], [33, 36], [40, 43], [47, 75], [84, 130], [138, 141]]",46.0,89.0,7,8,44,20s+,10s+,0.323943661971831,0.0,0.0,1.0,0.0,20.0,114.0,7.0,0.6071428571428571,0.5116411935411949,72.65304948284967,1.579414119192384,1.5157702597957066,1.2014892953691572,142.0,89.0,0.6267605633802817,-11.454385757446289,-11.797753109021134,-11.560290336608887,0.10590457916259766,1.0,1.0,0.0,10.0,4.0,-11.560290336608887,0.10590457916259766,-11.560290336608887,0.10590457916259766,1.0,1.0,1.0,1.0,83.20786516853933,142.0,0.0,1.0,0.43478260869565216,114.0,7.0,not_short_primary,nan,3+,6-10w
maVYiednkSg_2,Gas hisses,142,maVYiednkSg,"[[77, 82], [49, 50], [56, 57], [61, 63], [67, 68]]",5.0,10.0,5,2,10,5-10s,5-10s,0.035211267605633804,0.0,0.0,0.0,0.0,13.0,68.5,1.0,0.23076923076923078,0.5116411935411949,72.65304948284967,14.530609896569933,15.11613340301937,0.39487294977921295,142.0,10.0,0.07042253521126761,-12.23465633392334,-12.380594158172608,-12.234599113464355,-5.7220458984375e-05,0.9929577464788732,2.0,1.0,36.0,7.0,-12.246625900268555,0.011969566345214844,-12.34321141242981,0.10855507850646973,0.0,1.0,1.0,1.0,69.5,142.0,1.0,1.0,2.6,68.5,1.0,not_short_primary,nan,3+,0-5w
maVYiednkSg_3,Music plays as machinery vibrates,142,maVYiednkSg,"[[84, 130]]",46.0,46.0,1,5,33,20s+,10s+,0.323943661971831,1.0,0.0,1.0,0.0,31.0,113.5,6.5,0.6739130434782609,0.5116411935411949,72.65304948284967,1.579414119192384,1.5157702597957066,1.2014892953691572,142.0,46.0,0.323943661971831,-11.577165603637695,-11.751654998115871,-11.182888984680176,-0.39427661895751953,0.7323943661971831,39.0,38.0,24.0,9.0,-12.079429626464844,0.5022640228271484,-11.215713090896607,-0.3614525127410886,0.0,0.0,0.0,0.0,107.0,142.0,0.0,1.0,0.6739130434782609,113.5,6.5,not_short_primary,nan,1,0-5w
maVYiednkSg_4,Machinery produces rhythmic scraping and vibration sounds,142,maVYiednkSg,"[[129, 141]]",12.0,12.0,1,7,57,10-20s,10s+,0.08450704225352113,0.0,0.0,0.0,0.0,10.0,119.0,16.0,0.3333333333333333,0.5116411935411949,72.65304948284967,6.054420790237472,5.810452662550208,26.798510704630843,142.0,12.0,0.08450704225352113,-11.888078689575195,-12.265153249104818,-11.848394393920898,-0.039684295654296875,0.9788732394366197,4.0,3.0,41.0,9.0,-11.878327369689941,-0.009751319885253906,-11.920458478927612,0.03237978935241692,0.0,0.0,1.0,1.0,135.0,142.0,0.0,1.0,0.8333333333333334,119.0,16.0,not_short_primary,nan,1,6-10w
mlnUJH4BQnk_1,A paper scrapes,150,mlnUJH4BQnk,"[[28, 30], [59, 61], [94, 99], [100, 112], [114, 140]]",26.0,47.0,5,3,15,20s+,10s+,0.17333333333333334,0.0,0.0,0.0,0.0,5.0,125.5,1.5,0.2222222222222222,0.5116411935411949,76.74617903117922,2.951776116583816,2.570825166992556,2.3528751257088913,150.0,47.0,0.31333333333333335,-11.375221252441406,-12.640331735002233,-12.107305526733398,0.7320842742919922,1.0,1.0,0.0,30.0,4.0,-12.171714782714844,0.7964935302734375,-12.183588237762452,0.8083669853210456,1.0,1.0,1.0,1.0,111.37234042553192,150.0,1.0,1.0,0.19230769230769232,125.5,1.5,not_short_primary,nan,3+,0-5w
n-JyOqYSLQM_1,Paper tears and crumples,299,n-JyOqYSLQM,"[[87, 93]]",6.0,6.0,1,4,24,5-10s,5-10s,0.020066889632107024,0.0,0.0,0.0,0.0,29.0,30.5,59.5,0.2857142857142857,0.5116411935411949,152.98071686881727,25.49678614480288,41.92162568448915,9.160984245285562,299.0,6.0,0.020066889632107024,-11.588974952697754,-11.851649125417074,-11.367237091064453,-0.22173786163330078,0.802675585284281,60.0,59.0,85.0,23.0,-11.494226455688477,-0.09474849700927734,-11.552889471054078,-0.036085481643675976,0.0,0.0,0.0,0.0,90.0,299.0,0.0,1.0,4.833333333333333,30.5,59.5,not_short_primary,nan,1,0-5w
n-JyOqYSLQM_2,A car horn blares,299,n-JyOqYSLQM,"[[148, 150]]",2.0,2.0,1,4,17,2-3s,2-5s,0.006688963210702341,0.0,0.0,0.0,0.0,9.0,112.5,36.5,0.0,0.5116411935411949,152.98071686881727,76.49035843440863,79.57260365321817,6.038260478986018,299.0,2.0,0.006688963210702341,-12.236196517944336,-12.631458282470703,-11.588199615478516,-0.6479969024658203,0.9933110367892977,3.0,2.0,88.0,27.0,-12.798992156982422,0.5627956390380859,-13.030256967544556,0.7940604496002202,0.0,1.0,1.0,1.0,149.0,299.0,0.0,1.0,4.5,112.5,36.5,longer_audio,188.5,1,0-5w
n74IYuCe_ms_1,A man speaks as water flows,144,n74IYuCe_ms,"[[25, 28], [31, 36], [45, 46], [98, 99], [116, 117], [120, 122], [139, 142]]",5.0,16.0,7,6,27,5-10s,5-10s,0.034722222222222224,0.0,0.0,1.0,0.0,7.0,28.5,2.0,0.5,0.5116411935411949,73.67633186993206,14.735266373986411,12.833559233626838,1.0012398793194706,144.0,16.0,0.1111111111111111,-9.970332145690918,-11.129626989364624,-10.989941596984863,1.0196094512939453,1.0,1.0,0.0,33.0,1.0,-10.989941596984863,1.0196094512939453,-11.713621473312378,1.7432893276214596,1.0,1.0,1.0,1.0,73.1875,144.0,1.0,1.0,1.4,28.5,2.0,not_short_primary,nan,3+,6-10w
nD1K1Zo0qrM_1,Gunshots ring out as metallic sounds and planes hum overhead,299,nD1K1Zo0qrM,"[[0, 16], [210, 221]]",16.0,27.0,2,10,60,10-20s,10s+,0.05351170568561873,0.0,0.0,1.0,0.0,9.0,220.5,5.0,0.5625,0.5116411935411949,152.98071686881727,9.56129480430108,11.069791633496061,4.561530762104866,299.0,27.0,0.0903010033444816,-11.548538208007812,-12.13708206459328,-11.756353378295898,0.20781517028808594,1.0,1.0,0.0,84.0,10.0,-11.856836318969727,0.30829811096191406,-12.071975412368774,0.5234372043609614,1.0,1.0,1.0,1.0,92.53703703703704,299.0,0.0,1.0,0.5625,220.5,5.0,not_short_primary,nan,2,6-10w
nD1K1Zo0qrM_2,A man's voice as music plays,299,nD1K1Zo0qrM,"[[20, 31], [80, 84], [146, 153], [249, 252], [257, 273]]",16.0,41.0,5,6,28,10-20s,10s+,0.05351170568561873,0.0,0.0,0.0,0.0,14.0,21.0,4.5,0.47058823529411764,0.5116411935411949,152.98071686881727,9.56129480430108,15.72060963168343,1.1609842452855617,299.0,41.0,0.13712374581939799,-10.518230438232422,-11.569194723920125,-10.665925025939941,0.14769458770751953,1.0,1.0,0.0,76.0,9.0,-10.665925025939941,0.14769458770751953,-10.82304718017578,0.30481674194335895,1.0,1.0,1.0,1.0,162.109756097561,299.0,0.0,1.0,0.875,21.0,4.5,not_short_primary,nan,3+,6-10w
nD1K1Zo0qrM_3,A man's voice,299,nD1K1Zo0qrM,"[[33, 84], [86, 158], [167, 207], [222, 238], [249, 252], [257, 300]]",72.0,225.0,6,3,13,20s+,10s+,0.2408026755852843,1.0,0.0,1.0,1.0,93.0,62.5,4.0,0.7441860465116279,0.5116411935411949,152.98071686881727,2.124732178733573,2.039114255988864,2.1672866245395994,299.0,224.0,0.7491638795986622,-12.398397445678711,-12.690491041966848,-12.376517295837402,-0.021880149841308594,0.9966555183946488,2.0,1.0,21.0,4.0,-12.43425178527832,0.035854339599609375,-12.376517295837402,-0.021880149841308594,0.0,1.0,1.0,1.0,157.83482142857142,299.0,0.0,1.0,1.2916666666666667,62.5,4.0,not_short_primary,nan,3+,0-5w
nD1K1Zo0qrM_4,A woman talks,299,nD1K1Zo0qrM,"[[159, 166]]",7.0,7.0,1,3,13,5-10s,5-10s,0.023411371237458192,0.0,0.0,0.0,0.0,87.0,63.5,99.0,0.12727272727272726,0.5116411935411949,152.98071686881727,21.854388124116753,3.1667839034526075,13.024397138102756,299.0,7.0,0.023411371237458192,-12.407084465026855,-12.434091023036412,-12.147111892700195,-0.25997257232666016,0.6020066889632107,120.0,119.0,91.0,15.0,-12.376968383789062,-0.03011608123779297,-12.256626567840577,-0.15045789718627844,0.0,0.0,0.0,0.0,162.5,299.0,0.0,1.0,12.428571428571429,63.5,99.0,not_short_primary,nan,1,0-5w
nD1K1Zo0qrM_5,A man's voice over multiple other voices,299,nD1K1Zo0qrM,"[[167, 183]]",16.0,16.0,1,7,40,10-20s,10s+,0.05351170568561873,0.0,0.0,0.0,0.0,72.0,57.0,118.0,0.3902439024390244,0.5116411935411949,152.98071686881727,9.56129480430108,1.3854679577605158,0.5243971381027563,299.0,16.0,0.05351170568561873,-12.1752347946167,-12.373743414878845,-11.892568588256836,-0.2826662063598633,0.6889632107023411,94.0,93.0,91.0,18.0,-12.193380355834961,0.01814556121826172,-11.978203859329223,-0.19703093528747573,0.0,0.0,0.0,0.0,175.0,299.0,0.0,1.0,4.5,57.0,118.0,not_short_primary,nan,1,6-10w
nLtNjMimLE0_1,A man talks over the sound of an engine and water,299,nLtNjMimLE0,"[[44, 48]]",4.0,4.0,1,11,49,3-5s,2-5s,0.013377926421404682,0.0,0.0,0.0,0.0,26.0,229.0,183.0,0.15384615384615385,0.5116411935411949,152.98071686881727,38.24517921720432,50.09207945768377,2.090282099957122,299.0,4.0,0.013377926421404682,-10.91189956665039,-11.033393859863281,-10.8370361328125,-0.07486343383789062,0.9698996655518395,10.0,9.0,84.0,13.0,-10.983953475952148,0.07205390930175781,-11.10386028289795,0.19196071624755895,0.0,0.0,0.0,1.0,46.0,299.0,0.0,1.0,6.5,229.0,183.0,longer_audio,188.5,1,11-15w
nLtNjMimLE0_2,The sound of water over the sound of an engine,299,nLtNjMimLE0,"[[68, 84], [44, 50]]",16.0,22.0,2,10,46,10-20s,10s+,0.05351170568561873,0.0,0.0,0.0,0.0,7.0,79.5,3.5,0.4375,0.5116411935411949,152.98071686881727,9.56129480430108,12.523019864420942,1.0902820999571219,299.0,22.0,0.07357859531772576,-9.93039608001709,-10.313504349101674,-10.44243049621582,0.5120344161987305,1.0,1.0,0.0,80.0,8.0,-10.498861312866211,0.5684652328491211,-10.66533860206604,0.73494252204895,1.0,1.0,1.0,1.0,68.0909090909091,299.0,0.0,1.0,0.4375,79.5,3.5,not_short_primary,nan,2,6-10w
nLtNjMimLE0_3,"A woman's voice, water flowing, sound of an engine",299,nLtNjMimLE0,"[[225, 240]]",15.0,15.0,1,9,50,10-20s,10s+,0.05016722408026756,0.0,0.0,1.0,0.0,11.0,85.5,147.0,0.6875,0.5116411935411949,152.98071686881727,10.19871445792115,9.787748428746546,4.667286624539599,299.0,15.0,0.05016722408026756,-11.216690063476562,-11.939265124003093,-10.836811065673828,-0.3798789978027344,0.9431438127090301,18.0,17.0,85.0,17.0,-11.425981521606445,0.2092914581298828,-11.14392107963562,-0.07276898384094288,0.0,0.0,0.0,0.0,232.5,299.0,0.0,1.0,0.7333333333333333,85.5,147.0,not_short_primary,nan,1,6-10w
nU-AI3Cmc3M_1,Pigeons coo and flap their wings,86,nU-AI3Cmc3M,"[[37, 40]]",3.0,3.0,1,6,32,3-5s,2-5s,0.03488372093023256,0.0,0.0,1.0,0.0,4.0,2.0,36.5,0.6,0.5116411935411949,44.00114264454276,14.66704754818092,9.252166493189469,0.07969619909705727,86.0,3.0,0.03488372093023256,-11.748600006103516,-11.853886604309082,-11.350170135498047,-0.39842987060546875,0.7209302325581395,25.0,24.0,26.0,6.0,-11.699275970458984,-0.04932403564453125,-11.758827638626098,0.010227632522582297,0.0,0.0,0.0,0.0,38.5,86.0,0.0,1.0,1.3333333333333333,2.0,36.5,shorter_or_equal_audio,188.5,1,6-10w
naPgJvWTIY4_1,A motorcycle speeds by,105,naPgJvWTIY4,"[[0, 10], [37, 49], [95, 105]]",12.0,32.0,3,4,22,10-20s,10s+,0.11428571428571428,0.0,0.0,0.0,0.0,49.0,24.5,18.5,0.46153846153846156,0.5116411935411949,53.72232532182546,4.476860443485455,2.8240624470491116,3.908510454590804,105.0,32.0,0.3047619047619048,-11.295106887817383,-11.592662900686264,-11.430137634277344,0.13503074645996094,1.0,1.0,0.0,25.0,2.0,-11.430137634277344,0.13503074645996094,-11.436602210998535,0.141495323181152,1.0,1.0,1.0,1.0,48.9375,105.0,0.0,1.0,4.083333333333333,24.5,18.5,not_short_primary,nan,3+,0-5w
ne2DpKCIr4Y_1,The wind blows as something is bumped,262,ne2DpKCIr4Y,"[[133, 138], [228, 242]]",14.0,19.0,2,7,37,10-20s,10s+,0.05343511450381679,0.0,0.0,1.0,0.0,9.0,95.5,40.0,0.5625,0.5116411935411949,134.04999270779305,9.574999479128076,9.96083237321699,10.229178078576382,262.0,19.0,0.07251908396946564,-11.24962043762207,-11.73845100402832,-10.913814544677734,-0.33580589294433594,0.9541984732824428,13.0,12.0,84.0,16.0,-11.115119934082031,-0.13450050354003906,-11.203555517196655,-0.04606492042541532,0.0,0.0,0.0,0.0,208.81578947368422,262.0,0.0,1.0,0.6428571428571429,95.5,40.0,not_short_primary,nan,2,6-10w
ne2DpKCIr4Y_2,"People talk, a dog barks, and something is struck as the wind blows",262,ne2DpKCIr4Y,"[[228, 234]]",6.0,6.0,1,13,67,5-10s,5-10s,0.022900763358778626,0.0,0.0,1.0,1.0,9.0,91.5,139.5,0.75,0.5116411935411949,134.04999270779305,22.34166545129884,21.441388698424714,31.360632426854096,262.0,6.0,0.022900763358778626,-11.643949508666992,-12.334443728129068,-10.961935043334961,-0.6820144653320312,0.9465648854961832,15.0,14.0,90.0,17.0,-12.709342956542969,1.0653934478759766,-11.863401098251343,0.21945158958435051,0.0,0.0,0.0,0.0,231.0,262.0,0.0,1.0,1.5,91.5,139.5,not_short_primary,nan,1,11-15w
nlC4UI4hZ60_1,"As a man speaks, birds chirp",77,nlC4UI4hZ60,"[[0, 5]]",5.0,5.0,1,6,28,5-10s,5-10s,0.06493506493506493,1.0,1.0,1.0,1.0,5.0,2.5,0.0,1.0,0.5116411935411949,39.396371902672,7.8792743805344,10.319973560512775,9.884453918718055,77.0,5.0,0.06493506493506493,-11.02511215209961,-11.082068061828613,-11.238901138305664,0.2137889862060547,1.0,1.0,0.0,17.0,2.0,-11.238901138305664,0.2137889862060547,-12.17045994758606,1.145347795486451,1.0,1.0,1.0,1.0,2.5,77.0,1.0,0.0,1.0,2.5,0.0,not_short_primary,nan,1,6-10w
nlC4UI4hZ60_2,"As a man speaks, an engine hums",77,nlC4UI4hZ60,"[[67, 68], [36, 39]]",3.0,4.0,2,7,31,3-5s,2-5s,0.03896103896103896,0.0,0.0,0.0,0.0,5.0,2.5,35.0,0.0,0.5116411935411949,39.396371902672,13.132123967557334,13.661294272681827,0.6837660765281726,77.0,4.0,0.05194805194805195,-12.320160865783691,-12.51992654800415,-9.372671127319336,-2.9474897384643555,0.5974025974025974,32.0,31.0,15.0,2.0,-12.419809341430664,0.09964847564697266,-11.07629238128662,-1.2438684844970709,0.0,0.0,0.0,0.0,45.0,77.0,0.0,1.0,1.6666666666666667,2.5,35.0,shorter_or_equal_audio,188.5,2,6-10w
nlC4UI4hZ60_3,A stun gun crackles,77,nlC4UI4hZ60,"[[7, 12]]",5.0,5.0,1,4,19,5-10s,5-10s,0.06493506493506493,0.0,0.0,1.0,0.0,8.0,13.0,3.5,0.6,0.5116411935411949,39.396371902672,7.8792743805344,10.319973560512775,2.884453918718055,77.0,5.0,0.06493506493506493,-10.975505828857422,-11.092015266418457,-11.074843406677246,0.09933757781982422,1.0,1.0,0.0,23.0,1.0,-11.074843406677246,0.09933757781982422,-11.633371772766113,0.6578659439086909,1.0,1.0,1.0,1.0,9.5,77.0,0.0,1.0,1.6,13.0,3.5,not_short_primary,nan,1,0-5w
nmLMLgWPmFM_1,Engine sounds echo,299,nmLMLgWPmFM,"[[78, 246], [68, 75], [9, 65]]",168.0,231.0,3,3,18,20s+,10s+,0.5618729096989966,1.0,1.0,1.0,1.0,48.0,33.0,4.0,0.8571428571428571,0.5116411935411949,152.98071686881727,0.9105995051715313,1.497200917303184,9.339015754714438,299.0,231.0,0.7725752508361204,-10.676460266113281,-11.89633472657307,-11.55740737915039,0.8809471130371094,1.0,1.0,0.0,14.0,0.0,-11.55740737915039,0.8809471130371094,-11.55740737915039,0.8809471130371094,1.0,1.0,1.0,1.0,128.95454545454547,299.0,0.0,0.0,0.2857142857142857,33.0,4.0,not_short_primary,nan,3+,0-5w
nmLMLgWPmFM_2,Birds chirp,299,nmLMLgWPmFM,"[[247, 256]]",9.0,9.0,1,2,11,5-10s,5-10s,0.030100334448160536,0.0,0.0,0.0,0.0,15.0,266.5,15.0,0.05,0.5116411935411949,152.98071686881727,16.997857429868585,16.312914047910912,23.6672866245396,299.0,9.0,0.030100334448160536,-11.300382614135742,-11.834707154168022,-11.01890754699707,-0.2814750671386719,0.9899665551839465,4.0,3.0,81.0,8.0,-11.368490219116211,0.06810760498046875,-11.90619553565979,0.6058129215240484,0.0,0.0,1.0,1.0,251.5,299.0,0.0,1.0,1.6666666666666667,266.5,15.0,not_short_primary,nan,1,0-5w
nmLMLgWPmFM_3,Music plays as people talk,299,nmLMLgWPmFM,"[[257, 273]]",16.0,16.0,1,5,26,10-20s,10s+,0.05351170568561873,1.0,1.0,1.0,1.0,15.0,264.5,0.5,0.9375,0.5116411935411949,152.98071686881727,9.56129480430108,9.176014151949888,37.1672866245396,299.0,16.0,0.05351170568561873,-11.405116081237793,-11.731433808803558,-10.83137321472168,-0.5737428665161133,0.9966555183946488,2.0,1.0,80.0,8.0,-12.139004707336426,0.7338886260986328,-12.295835084915161,0.8907190036773684,0.0,1.0,1.0,1.0,265.0,299.0,1.0,0.0,0.9375,264.5,0.5,not_short_primary,nan,1,0-5w
o7-X8DAToGc_1,"As engines roar, a man speaks in the background",300,o7-X8DAToGc,"[[133, 135], [143, 145], [233, 235]]",2.0,6.0,3,9,47,2-3s,2-5s,0.006666666666666667,0.0,0.0,0.0,0.0,12.0,183.0,39.0,0.0,0.5116411935411949,153.49235806235845,76.74617903117922,48.41249909227048,0.024315584545149704,300.0,6.0,0.02,-11.15871810913086,-11.328919887542725,-10.55780029296875,-0.6009178161621094,0.6166666666666667,116.0,115.0,94.0,26.0,-10.72614860534668,-0.4325695037841797,-10.858562078475952,-0.30015603065490737,0.0,0.0,0.0,0.0,170.66666666666666,300.0,0.0,1.0,6.0,183.0,39.0,longer_audio,188.5,3+,6-10w
o7-X8DAToGc_2,"As engines roar, tires squeal",300,o7-X8DAToGc,"[[46, 48], [101, 103]]",2.0,4.0,2,5,29,2-3s,2-5s,0.006666666666666667,0.0,0.0,0.0,0.0,14.0,116.0,14.0,0.0,0.5116411935411949,153.49235806235845,76.74617903117922,100.51922299200756,1.2511191638365773,300.0,4.0,0.013333333333333334,-10.381937026977539,-10.454442024230957,-10.275094032287598,-0.1068429946899414,0.9566666666666667,14.0,13.0,84.0,22.0,-10.324522018432617,-0.057415008544921875,-10.512794818878174,0.13085779190063462,0.0,0.0,0.0,0.0,74.5,300.0,0.0,1.0,7.0,116.0,14.0,longer_audio,188.5,2,0-5w
o7jW6Suyfbs_1,"While a woman speaks, the engine roars",182,o7jW6Suyfbs,"[[0, 1], [2, 4], [6, 12], [54, 55], [51, 52]]",6.0,11.0,5,7,38,5-10s,5-10s,0.03296703296703297,0.0,0.0,1.0,0.0,20.0,27.0,18.0,0.5454545454545454,0.5116411935411949,93.11869722449747,15.519782870749578,25.517511286210787,2.293642584086861,182.0,11.0,0.06043956043956044,-10.948995590209961,-11.196965997869318,-10.943899154663086,-0.005096435546875,0.9945054945054945,2.0,1.0,53.0,5.0,-10.943899154663086,-0.005096435546875,-11.203459014892578,0.2544634246826174,0.0,1.0,1.0,1.0,15.136363636363637,182.0,0.0,1.0,3.3333333333333335,27.0,18.0,not_short_primary,nan,3+,6-10w
o7jW6Suyfbs_2,"As a man speaks into a microphone, the engine roars",182,o7jW6Suyfbs,"[[13, 14], [15, 19], [20, 38], [43, 53], [62, 66], [72, 79], [97, 105], [109, 112], [115, 120], [130, 133], [149, 157], [161, 178]]",18.0,88.0,12,10,51,10-20s,10s+,0.0989010989010989,1.0,1.0,1.0,1.0,17.0,29.5,0.5,0.9444444444444444,0.5116411935411949,93.11869722449747,5.1732609569165255,6.775740216498288,0.2723456260608579,182.0,88.0,0.4835164835164835,-10.846524238586426,-11.352182106538253,-10.817792892456055,-0.028731346130371094,0.9945054945054945,2.0,1.0,27.0,2.0,-10.817792892456055,-0.028731346130371094,-10.818762006759643,-0.027762231826782724,0.0,1.0,1.0,1.0,91.98863636363636,182.0,1.0,0.0,0.9444444444444444,29.5,0.5,not_short_primary,nan,3+,6-10w
oN0IcZaHD_8_1,A man is speaking,299,oN0IcZaHD_8,"[[1, 14], [238, 246], [248, 256], [221, 231], [213, 219], [202, 208], [187, 192], [181, 184], [70, 77], [61, 68], [16, 33]]",17.0,90.0,11,4,17,10-20s,10s+,0.056856187290969896,1.0,0.0,1.0,0.0,33.0,16.5,8.0,0.6153846153846154,0.5116411935411949,152.98071686881727,8.998865698165721,7.837488175764755,1.6032689160869609,299.0,90.0,0.3010033444816054,-11.090164184570312,-11.460414441426595,-11.238199234008789,0.14803504943847656,1.0,1.0,0.0,56.0,0.0,-11.238199234008789,0.14803504943847656,-11.376976747512817,0.28681256294250446,1.0,1.0,1.0,1.0,130.14444444444445,299.0,0.0,1.0,1.9411764705882353,16.5,8.0,not_short_primary,nan,3+,0-5w
oN0IcZaHD_8_2,Something is being hammered into wood,299,oN0IcZaHD_8,"[[36, 38], [39, 41], [42, 44], [46, 47]]",2.0,7.0,4,6,37,2-3s,2-5s,0.006688963210702341,0.0,0.0,0.0,0.0,12.0,42.0,1.0,0.16666666666666666,0.5116411935411949,152.98071686881727,76.49035843440863,100.18415891536753,1.5902820999571219,299.0,7.0,0.023411371237458192,-10.76761245727539,-10.807646751403809,-10.747875213623047,-0.01973724365234375,0.9899665551839465,4.0,3.0,88.0,13.0,-10.747875213623047,-0.01973724365234375,-11.225301103591919,0.4576886463165284,0.0,0.0,1.0,1.0,40.92857142857143,299.0,1.0,1.0,6.0,42.0,1.0,longer_audio,188.5,3+,6-10w
oN0IcZaHD_8_3,"As machinery operates, various sounds fill the air",299,oN0IcZaHD_8,"[[70, 78], [82, 98], [107, 110], [123, 140], [154, 161], [220, 224], [227, 228], [231, 235], [251, 294], [298, 300]]",43.0,105.0,10,8,50,20s+,10s+,0.14381270903010032,1.0,0.0,1.0,1.0,30.0,131.0,0.5,0.7777777777777778,0.5116411935411949,152.98071686881727,3.5576910899724945,3.4143308472371676,0.3327133754604006,299.0,104.0,0.34782608695652173,-11.091785430908203,-11.609920538388765,-11.283886909484863,0.19210147857666016,1.0,1.0,0.0,56.0,1.0,-11.283886909484863,0.19210147857666016,-11.428928422927857,0.33714299201965403,1.0,1.0,1.0,1.0,189.9903846153846,299.0,1.0,1.0,0.6976744186046512,131.0,0.5,not_short_primary,nan,3+,6-10w
oN0IcZaHD_8_4,A man speaks as machinery operates,299,oN0IcZaHD_8,"[[70, 77], [221, 224], [227, 228], [251, 256]]",7.0,16.0,4,6,34,5-10s,5-10s,0.023411371237458192,0.0,0.0,0.0,0.0,19.0,75.5,2.0,0.3684210526315789,0.5116411935411949,152.98071686881727,21.854388124116753,20.973746633028316,0.3327133754604006,299.0,16.0,0.05351170568561873,-10.958980560302734,-11.49827367067337,-11.14472770690918,0.1857471466064453,1.0,1.0,0.0,77.0,14.0,-11.564043998718262,0.6050634384155273,-11.522346744537353,0.5633661842346189,1.0,1.0,1.0,1.0,167.3125,299.0,1.0,1.0,2.7142857142857144,75.5,2.0,not_short_primary,nan,3+,6-10w
oNHCc_izsDE_1,A man and a woman talk,106,oNHCc_izsDE,"[[0, 1]]",1.0,1.0,1,6,22,1-2s,0-2s,0.009433962264150943,0.0,0.0,0.0,0.0,3.0,1.5,1.0,0.3333333333333333,0.5116411935411949,54.23396651536665,54.23396651536665,71.03358424768534,16.548728771222258,106.0,1.0,0.009433962264150943,-11.123892784118652,-11.123892784118652,-11.274850845336914,0.15095806121826172,1.0,1.0,0.0,29.0,6.0,-11.274850845336914,0.15095806121826172,-11.954837646484375,0.8309448623657225,1.0,1.0,1.0,1.0,0.5,106.0,1.0,1.0,3.0,1.5,1.0,shorter_or_equal_audio,213.0,1,6-10w
oNHCc_izsDE_2,Water splashes,106,oNHCc_izsDE,"[[5, 8], [10, 12], [66, 94], [16, 23], [27, 29], [33, 36], [39, 44], [47, 51], [62, 64], [98, 101], [103, 105]]",28.0,61.0,11,2,14,20s+,10s+,0.2641509433962264,0.0,0.0,1.0,0.0,6.0,93.0,6.5,0.6666666666666666,0.5116411935411949,54.23396651536665,1.936927375548809,3.184681549848913,0.6586477257516101,106.0,61.0,0.5754716981132075,-11.352855682373047,-11.847724164118532,-11.37483024597168,0.021974563598632812,1.0,1.0,0.0,7.0,2.0,-11.37483024597168,0.021974563598632812,-11.37483024597168,0.021974563598632812,1.0,1.0,1.0,1.0,59.23770491803279,106.0,0.0,1.0,0.21428571428571427,93.0,6.5,not_short_primary,nan,3+,0-5w
oklu5ZJD_2U_1,"As birds chirp, something collides with a bang",124,oklu5ZJD_2U,"[[13, 21], [49, 56], [28, 44], [58, 59], [109, 111]]",16.0,34.0,5,8,46,10-20s,10s+,0.12903225806451613,1.0,0.0,1.0,1.0,31.0,42.5,6.5,0.8,0.5116411935411949,63.443507999108164,3.9652192499442602,4.125001192725357,0.7884806040325572,124.0,34.0,0.27419354838709675,-10.644804954528809,-10.829553183387308,-10.760109901428223,0.11530494689941406,1.0,1.0,0.0,25.0,0.0,-10.760109901428223,0.11530494689941406,-10.770326509475709,0.12552155494689998,1.0,1.0,1.0,1.0,39.94117647058823,124.0,0.0,1.0,1.9375,42.5,6.5,not_short_primary,nan,3+,6-10w
onBZOH88OYs_1,Spraying sounds,227,onBZOH88OYs,"[[18, 20], [22, 25], [26, 30], [32, 35], [36, 61], [63, 67], [69, 76]]",25.0,48.0,7,2,15,20s+,10s+,0.11013215859030837,0.0,0.0,1.0,0.0,41.0,31.5,2.0,0.5681818181818182,0.5116411935411949,116.14255093385124,4.64570203735405,6.084763631782858,3.0100135006363473,227.0,48.0,0.21145374449339208,-11.127960205078125,-11.185045599937439,-11.168975830078125,0.041015625,1.0,1.0,0.0,47.0,0.0,-11.173500061035156,0.04553985595703125,-11.174384078979493,0.04642387390136804,1.0,1.0,1.0,1.0,47.9375,227.0,1.0,1.0,1.64,31.5,2.0,not_short_primary,nan,3+,0-5w
onBZOH88OYs_2,A warning sounds amid spraying sounds,227,onBZOH88OYs,"[[70, 76]]",6.0,6.0,1,6,37,5-10s,5-10s,0.02643171806167401,0.0,0.0,1.0,0.0,33.0,28.5,44.5,0.6666666666666666,0.5116411935411949,116.14255093385124,19.35709182230854,31.89135861017938,9.639331135281111,227.0,6.0,0.02643171806167401,-11.725218772888184,-12.104658762613932,-11.506461143493652,-0.21875762939453125,0.9955947136563876,2.0,1.0,66.0,14.0,-11.887397766113281,0.16217899322509766,-12.223865661621094,0.4986468887329103,0.0,1.0,1.0,1.0,73.0,227.0,0.0,1.0,5.5,28.5,44.5,not_short_primary,nan,1,6-10w
os_2U4xqTqw_1,Animals call,223,os_2U4xqTqw,"[[21, 24], [54, 56], [78, 80], [80, 83]]",3.0,10.0,4,2,12,3-5s,2-5s,0.013452914798206279,0.0,0.0,1.0,0.0,14.0,22.0,0.5,0.6,0.5116411935411949,114.09598615968645,38.03199538656215,62.65879268784142,0.31686853230092993,223.0,10.0,0.04484304932735426,-11.17943000793457,-12.046385669708252,-11.218114852905273,0.038684844970703125,1.0,1.0,0.0,57.0,9.0,-11.218114852905273,0.038684844970703125,-11.867851037979126,0.6884210300445552,1.0,1.0,1.0,1.0,58.0,223.0,1.0,1.0,4.666666666666667,22.0,0.5,longer_audio,188.5,3+,0-5w
os_2U4xqTqw_2,Lips buzz,223,os_2U4xqTqw,"[[41, 43], [45, 46], [47, 50], [60, 62], [70, 72], [76, 77], [83, 85]]",3.0,13.0,7,2,9,3-5s,2-5s,0.013452914798206279,0.0,0.0,0.0,0.0,18.0,52.0,3.5,0.25,0.5116411935411949,114.09598615968645,38.03199538656215,62.53192326181324,0.7086939354470871,223.0,13.0,0.05829596412556054,-11.637060165405273,-12.024736184340258,-11.594062805175781,-0.04299736022949219,0.9910313901345291,3.0,2.0,64.0,14.0,-11.628721237182617,-0.00833892822265625,-11.821063156127929,0.18400299072265547,0.0,1.0,1.0,1.0,60.26923076923077,223.0,0.0,1.0,6.0,52.0,3.5,longer_audio,188.5,3+,0-5w
os_2U4xqTqw_3,Something squishes,223,os_2U4xqTqw,"[[59, 60], [62, 63]]",1.0,2.0,2,2,18,1-2s,0-2s,0.004484304932735426,0.0,0.0,0.0,0.0,9.0,64.5,2.0,0.1111111111111111,0.5116411935411949,114.09598615968645,114.09598615968645,187.59576978543973,0.7913060645529129,223.0,2.0,0.008968609865470852,-11.549552917480469,-11.577777862548828,-11.561492919921875,0.01194000244140625,1.0,1.0,0.0,68.0,15.0,-11.561492919921875,0.01194000244140625,-12.387093839645386,0.8375409221649175,1.0,1.0,1.0,1.0,61.0,223.0,1.0,1.0,9.0,64.5,2.0,longer_audio,213.0,2,0-5w
os_2U4xqTqw_4,Footsteps echo,223,os_2U4xqTqw,"[[101, 105]]",4.0,4.0,1,2,14,3-5s,2-5s,0.017937219730941704,0.0,0.0,0.0,0.0,9.0,58.5,44.5,0.3333333333333333,0.5116411935411949,114.09598615968645,28.52399653992161,17.993312162627195,3.3752587488214374,223.0,4.0,0.017937219730941704,-10.840105056762695,-11.421559572219849,-10.73223876953125,-0.10786628723144531,0.9955156950672646,2.0,1.0,64.0,15.0,-11.253908157348633,0.4138031005859375,-12.167693662643433,1.327588605880738,0.0,1.0,1.0,1.0,103.0,223.0,0.0,1.0,2.25,58.5,44.5,longer_audio,188.5,1,0-5w
os_2U4xqTqw_5,Music plays,223,os_2U4xqTqw,"[[113, 198]]",85.0,85.0,1,2,11,20s+,10s+,0.3811659192825112,0.0,0.0,0.0,0.0,44.0,195.0,39.5,0.4716981132075472,0.5116411935411949,114.09598615968645,1.3423057195257229,1.1690701426057128,1.411274353553864,223.0,85.0,0.3811659192825112,-11.585328102111816,-12.024285731596105,-11.527228355407715,-0.05809974670410156,0.9910313901345291,3.0,2.0,38.0,5.0,-11.703743934631348,0.11841583251953125,-11.565170955657958,-0.020157146453858132,0.0,1.0,1.0,1.0,155.5,223.0,0.0,1.0,0.5176470588235295,195.0,39.5,not_short_primary,nan,1,0-5w
p9qRTh4BmSE_1,"As gunshots and collisions erupt, someone coughs",128,p9qRTh4BmSE,"[[18, 20]]",2.0,2.0,1,7,48,2-3s,2-5s,0.015625,0.0,0.0,0.0,0.0,7.0,21.5,2.5,0.2857142857142857,0.5116411935411949,65.49007277327294,32.74503638663647,42.888201809923224,1.5871441765702734,128.0,2.0,0.015625,-10.882696151733398,-10.893990516662598,-10.701536178588867,-0.18115997314453125,0.8203125,24.0,23.0,35.0,5.0,-10.701536178588867,-0.18115997314453125,-11.06546895980835,0.1827728080749509,0.0,0.0,0.0,0.0,19.0,128.0,0.0,1.0,3.5,21.5,2.5,shorter_or_equal_audio,188.5,1,6-10w
p9qRTh4BmSE_2,"As people talk, tape tears",128,p9qRTh4BmSE,"[[29, 30], [39, 41], [34, 35]]",2.0,4.0,3,5,26,2-3s,2-5s,0.015625,0.0,0.0,0.0,0.0,20.0,13.0,16.5,0.13333333333333333,0.5116411935411949,65.49007277327294,32.74503638663647,53.83914469178539,0.1066689518509989,128.0,4.0,0.03125,-11.117887496948242,-11.181718587875366,-10.793416023254395,-0.32447147369384766,0.734375,35.0,34.0,36.0,6.0,-10.990074157714844,-0.12781333923339844,-11.03162649154663,-0.08626100540161197,0.0,0.0,0.0,0.0,36.0,128.0,0.0,1.0,10.0,13.0,16.5,shorter_or_equal_audio,188.5,3+,0-5w
pCQEWAFGEjc_1,Steam hisses while a whistle blows,299,pCQEWAFGEjc,"[[27, 29], [47, 49], [117, 120], [273, 274], [53, 54]]",3.0,9.0,5,6,34,3-5s,2-5s,0.010033444816053512,0.0,0.0,0.0,0.0,10.0,118.0,0.5,0.3,0.5116411935411949,152.98071686881727,50.99357228960576,66.7894392769117,0.09028209995712189,299.0,9.0,0.030100334448160536,-10.260074615478516,-10.551554573906792,-10.390523910522461,0.1304492950439453,1.0,1.0,0.0,81.0,12.0,-10.660503387451172,0.40042877197265625,-10.956333599090577,0.6962589836120614,1.0,1.0,1.0,1.0,92.72222222222223,299.0,1.0,1.0,3.3333333333333335,118.0,0.5,longer_audio,188.5,3+,6-10w
pCQEWAFGEjc_2,Brakes screech,299,pCQEWAFGEjc,"[[186, 190]]",4.0,4.0,1,2,14,3-5s,2-5s,0.013377926421404682,0.0,0.0,0.0,0.0,11.0,120.5,67.5,0.4,0.5116411935411949,152.98071686881727,38.24517921720432,5.541871831042063,12.475602861897244,299.0,4.0,0.013377926421404682,-10.737619400024414,-11.384493827819824,-9.209725379943848,-1.5278940200805664,0.9531772575250836,15.0,14.0,85.0,14.0,-12.58248519897461,1.8448657989501953,-11.355280513763427,0.6176611137390129,0.0,0.0,0.0,0.0,188.0,299.0,0.0,1.0,2.75,120.5,67.5,longer_audio,188.5,1,0-5w
pCQEWAFGEjc_3,Several voices over the sound of an engine,299,pCQEWAFGEjc,"[[34, 47], [88, 112], [23, 24], [4, 16]]",24.0,50.0,4,8,42,20s+,10s+,0.0802675585284281,0.0,0.0,0.0,0.0,10.0,29.0,5.5,0.4166666666666667,0.5116411935411949,152.98071686881727,6.37419653620072,8.348679909613962,7.590282099957122,299.0,50.0,0.16722408026755853,-9.726865768432617,-11.130985565185547,-10.39475154876709,0.6678857803344727,1.0,1.0,0.0,71.0,4.0,-10.39475154876709,0.6678857803344727,-10.742370700836181,1.015504932403564,1.0,1.0,1.0,1.0,61.4,299.0,0.0,1.0,0.4166666666666667,29.0,5.5,not_short_primary,nan,3+,6-10w
pHNMcX-9FDs_1,A dog barks,300,pHNMcX-9FDs,"[[29, 35], [38, 48], [57, 71]]",14.0,30.0,3,3,11,10-20s,10s+,0.04666666666666667,0.0,0.0,1.0,0.0,16.0,30.0,2.0,0.6875,0.5116411935411949,153.49235806235845,10.963739861597032,14.359888998858223,5.251119163836577,300.0,30.0,0.1,-10.628960609436035,-11.121701939900715,-11.204757690429688,0.5757970809936523,1.0,1.0,0.0,81.0,4.0,-11.204757690429688,0.5757970809936523,-11.391646928787232,0.7626863193511966,1.0,1.0,1.0,1.0,50.6,300.0,1.0,1.0,1.1428571428571428,30.0,2.0,not_short_primary,nan,3+,0-5w
pHNMcX-9FDs_2,Music is playing,300,pHNMcX-9FDs,"[[74, 270], [275, 300]]",196.0,221.0,2,3,16,20s+,10s+,0.6533333333333333,0.0,0.0,1.0,1.0,95.0,123.5,48.5,0.9074074074074074,0.5116411935411949,153.49235806235845,0.7831242758283594,0.11347768407020813,4.111435255621501,300.0,221.0,0.7366666666666667,-10.579606056213379,-11.211582792290734,-11.312432289123535,0.7328262329101562,1.0,1.0,0.0,23.0,0.0,-11.592759132385254,1.013153076171875,-11.312432289123535,0.7328262329101562,1.0,1.0,1.0,1.0,185.0656108597285,300.0,0.0,1.0,0.4846938775510204,123.5,48.5,not_short_primary,nan,2,0-5w
pHYkWkZ4guE_1,Steam hisses as metal clashes with something,300,pHYkWkZ4guE,"[[0, 39]]",39.0,39.0,1,7,44,20s+,10s+,0.13,1.0,0.0,1.0,0.0,22.0,25.0,5.5,0.5641025641025641,0.5116411935411949,153.49235806235845,3.9357014887784216,5.15483194830808,28.751119163836577,300.0,39.0,0.13,-10.727254867553711,-11.029248433235365,-10.888385772705078,0.1611309051513672,1.0,1.0,0.0,86.0,4.0,-11.061281204223633,0.3340263366699219,-11.072772912979126,0.34551804542541475,1.0,1.0,1.0,1.0,19.5,300.0,0.0,1.0,0.5641025641025641,25.0,5.5,not_short_primary,nan,1,6-10w
pHYkWkZ4guE_2,Steam hisses,300,pHYkWkZ4guE,"[[0, 123]]",123.0,123.0,1,2,12,20s+,10s+,0.41,0.0,0.0,0.0,0.0,38.0,94.0,32.5,0.3089430894308943,0.5116411935411949,153.49235806235845,1.247905350100475,1.6344589104391472,13.248880836163423,300.0,123.0,0.41,-11.278850555419922,-11.430825706419906,-11.823179244995117,0.5443286895751953,1.0,1.0,0.0,51.0,0.0,-12.0093412399292,0.7304906845092773,-11.83487102508545,0.556020469665528,1.0,1.0,1.0,1.0,61.5,300.0,0.0,1.0,0.3089430894308943,94.0,32.5,not_short_primary,nan,1,0-5w
pHYkWkZ4guE_3,Train whistle blows,300,pHYkWkZ4guE,"[[66, 68], [201, 202], [223, 225]]",2.0,5.0,3,3,19,2-3s,2-5s,0.006666666666666667,0.0,0.0,0.0,0.0,9.0,161.5,40.0,0.16666666666666666,0.5116411935411949,153.49235806235845,76.74617903117922,28.400482478815192,1.4297378132428662,300.0,5.0,0.016666666666666666,-9.58277416229248,-10.436787223815918,-9.917196273803711,0.33442211151123047,1.0,1.0,0.0,89.0,17.0,-11.031959533691406,1.4491853713989258,-10.867405014038086,1.2846308517456055,1.0,1.0,1.0,1.0,156.7,300.0,0.0,1.0,4.5,161.5,40.0,longer_audio,188.5,3+,0-5w
pHYkWkZ4guE_4,A man is speaking as a bell rings and things make noise,300,pHYkWkZ4guE,"[[124, 140], [146, 149], [154, 156], [160, 166]]",16.0,27.0,4,12,55,10-20s,10s+,0.05333333333333334,0.0,0.0,1.0,1.0,18.0,170.0,7.0,0.8125,0.5116411935411949,153.49235806235845,9.593272378897403,6.05156238653381,2.0243155845451497,300.0,27.0,0.09,-12.28465461730957,-12.816181995250561,-12.365055084228516,0.08040046691894531,1.0,1.0,0.0,83.0,11.0,-12.535289764404297,0.25063514709472656,-12.60626166343689,0.32160704612731905,1.0,1.0,1.0,1.0,142.3148148148148,300.0,0.0,1.0,1.125,170.0,7.0,not_short_primary,nan,3+,11-15w
pHYkWkZ4guE_5,Birds are chirping as a train passes by,300,pHYkWkZ4guE,"[[182, 205]]",23.0,23.0,1,8,39,20s+,10s+,0.07666666666666666,0.0,0.0,1.0,0.0,35.0,167.5,26.0,0.6764705882352942,0.5116411935411949,153.49235806235845,6.673580785319933,2.4696071720708863,9.429737813242866,300.0,23.0,0.07666666666666666,-11.121484756469727,-11.354463867519213,-10.930156707763672,-0.1913280487060547,0.9666666666666667,11.0,10.0,85.0,15.0,-11.155644416809082,0.03415966033935547,-11.09239501953125,-0.029089736938477273,0.0,0.0,0.0,0.0,193.5,300.0,0.0,1.0,1.5217391304347827,167.5,26.0,not_short_primary,nan,1,6-10w
pI_kPedctoo_1,Brakes squeal,76,pI_kPedctoo,"[[73, 74]]",1.0,1.0,1,2,13,1-2s,0-2s,0.013157894736842105,1.0,0.0,1.0,1.0,2.0,74.0,0.5,1.0,0.5116411935411949,38.88473070913081,38.88473070913081,37.31783681863232,15.58934375740806,76.0,1.0,0.013157894736842105,-10.93276596069336,-10.93276596069336,-11.151824951171875,0.21905899047851562,1.0,1.0,0.0,16.0,4.0,-11.151824951171875,0.21905899047851562,-12.937547492980958,2.0047815322875984,1.0,1.0,1.0,1.0,73.5,76.0,1.0,1.0,2.0,74.0,0.5,shorter_or_equal_audio,213.0,1,0-5w
pO8kbg9IJnc_1,A man turns something,131,pO8kbg9IJnc,"[[25, 29], [83, 88], [97, 100]]",5.0,12.0,3,4,21,5-10s,5-10s,0.03816793893129771,0.0,0.0,1.0,0.0,4.0,60.0,25.5,0.6,0.5116411935411949,67.02499635389653,13.404999270779305,12.864833219054827,1.319683786572952,131.0,12.0,0.0916030534351145,-10.793802261352539,-11.5286545753479,-10.569513320922852,-0.2242889404296875,0.9923664122137404,2.0,1.0,39.0,10.0,-10.9658203125,0.17201805114746094,-11.051065769195556,0.25726350784301744,0.0,1.0,1.0,1.0,69.25,131.0,0.0,1.0,0.8,60.0,25.5,not_short_primary,nan,3+,0-5w
pO8kbg9IJnc_2,Something clicks into place,131,pO8kbg9IJnc,"[[61, 62], [101, 105]]",4.0,5.0,2,4,27,3-5s,2-5s,0.030534351145038167,0.0,0.0,0.0,0.0,8.0,97.0,6.0,0.16666666666666666,0.5116411935411949,67.02499635389653,16.75624908847413,17.431456653129732,1.135410960711809,131.0,5.0,0.03816793893129771,-11.271745681762695,-11.63078327178955,-11.405810356140137,0.1340646743774414,1.0,1.0,0.0,42.0,9.0,-11.422992706298828,0.1512470245361328,-11.585412645339966,0.31366696357727086,1.0,1.0,1.0,1.0,94.7,131.0,0.0,1.0,2.0,97.0,6.0,shorter_or_equal_audio,188.5,2,0-5w
pO8kbg9IJnc_3,Water is flowing,131,pO8kbg9IJnc,"[[90, 92], [128, 130]]",2.0,4.0,2,3,16,2-3s,2-5s,0.015267175572519083,1.0,0.0,1.0,0.0,4.0,92.0,1.0,0.5,0.5116411935411949,67.02499635389653,33.51249817694826,29.187435062588815,0.4815109431190905,131.0,4.0,0.030534351145038167,-10.628682136535645,-11.139400482177734,-11.433423042297363,0.8047409057617188,1.0,1.0,0.0,40.0,10.0,-11.461541175842285,0.8328590393066406,-11.7787216091156,1.1500394725799552,1.0,1.0,1.0,1.0,110.0,131.0,1.0,1.0,2.0,92.0,1.0,shorter_or_equal_audio,188.5,2,0-5w
paetCbEqp2w_1,A girl talks,84,paetCbEqp2w,"[[0, 5], [72, 76]]",5.0,9.0,2,3,12,5-10s,5-10s,0.05952380952380952,1.0,1.0,1.0,1.0,4.0,2.0,0.5,0.8,0.5116411935411949,42.97786025746037,8.595572051492073,8.249206033592408,9.993485205556269,84.0,9.0,0.10714285714285714,-11.097282409667969,-11.422454410129124,-11.612154006958008,0.5148715972900391,1.0,1.0,0.0,19.0,1.0,-11.83503532409668,0.7377529144287109,-11.920584411621094,0.8233020019531256,1.0,1.0,1.0,1.0,34.27777777777778,84.0,1.0,0.0,0.8,2.0,0.5,not_short_primary,nan,2,0-5w
paetCbEqp2w_2,A machine speaks as keys click,84,paetCbEqp2w,"[[10, 13], [32, 39], [78, 84]]",7.0,16.0,3,6,30,5-10s,5-10s,0.08333333333333333,0.0,0.0,1.0,1.0,7.0,11.5,0.0,0.8571428571428571,0.5116411935411949,42.97786025746037,6.139694322494338,8.041537839360604,2.010313365874241,84.0,16.0,0.19047619047619047,-11.005290031433105,-11.798193633556366,-11.145358085632324,0.14006805419921875,1.0,1.0,0.0,22.0,5.0,-11.145358085632324,0.14006805419921875,-11.224152336120605,0.2188623046874998,1.0,1.0,1.0,1.0,48.0625,84.0,1.0,1.0,1.0,11.5,0.0,not_short_primary,nan,3+,6-10w
paetCbEqp2w_3,Keys click as a crying sound plays,84,paetCbEqp2w,"[[43, 45], [56, 66]]",10.0,12.0,2,7,34,10-20s,10s+,0.11904761904761904,0.0,0.0,1.0,0.0,5.0,8.5,35.5,0.6,0.5116411935411949,42.97786025746037,4.297786025746037,4.975852827899233,0.82330630105956,84.0,12.0,0.14285714285714285,-12.573664665222168,-12.95018712679545,-11.656824111938477,-0.9168405532836914,0.5238095238095238,41.0,40.0,19.0,6.0,-12.511384963989258,-0.062279701232910156,-11.915812072753907,-0.6578525924682612,0.0,0.0,0.0,0.0,58.166666666666664,84.0,0.0,1.0,0.5,8.5,35.5,not_short_primary,nan,2,6-10w
paf0nyjg1Js_1,"As a woman speaks, background noise fills the air",299,paf0nyjg1Js,"[[58, 62]]",4.0,4.0,1,9,49,3-5s,2-5s,0.013377926421404682,0.0,0.0,0.0,0.0,21.0,63.5,3.5,0.19047619047619047,0.5116411935411949,152.98071686881727,38.24517921720432,50.09207945768377,11.909717900042878,299.0,4.0,0.013377926421404682,-11.114593505859375,-11.316673278808594,-11.133493423461914,0.018899917602539062,1.0,1.0,0.0,80.0,20.0,-11.156259536743164,0.04166603088378906,-11.412170886993408,0.2975773811340332,1.0,1.0,1.0,1.0,60.0,299.0,0.0,1.0,5.25,63.5,3.5,longer_audio,188.5,1,6-10w
paf0nyjg1Js_2,"As a woman speaks, something is being struck",299,paf0nyjg1Js,"[[233, 236], [260, 262]]",3.0,5.0,2,8,44,3-5s,2-5s,0.010033444816053512,0.0,0.0,0.0,0.0,15.0,264.5,3.5,0.21428571428571427,0.5116411935411949,152.98071686881727,50.99357228960576,48.93874214373273,6.667286624539599,299.0,5.0,0.016722408026755852,-11.654088973999023,-11.74681053161621,-11.311285972595215,-0.3428030014038086,0.8662207357859532,41.0,40.0,88.0,25.0,-11.474798202514648,-0.179290771484375,-11.629575233459473,-0.024513740539550355,0.0,0.0,0.0,0.0,245.1,299.0,0.0,1.0,5.0,264.5,3.5,longer_audio,188.5,2,6-10w
paf0nyjg1Js_3,"As a woman speaks, she stirs something with a spoon",299,paf0nyjg1Js,"[[248, 260]]",12.0,12.0,1,10,51,10-20s,10s+,0.04013377926421405,1.0,0.0,1.0,0.0,21.0,252.5,1.5,0.5714285714285714,0.5116411935411949,152.98071686881727,12.74839307240144,12.234685535933183,26.1672866245396,299.0,12.0,0.04013377926421405,-11.602218627929688,-11.711800575256348,-11.302321434020996,-0.2998971939086914,0.7658862876254181,71.0,70.0,85.0,17.0,-11.547393798828125,-0.0548248291015625,-11.42653247833252,-0.17568614959716733,0.0,0.0,0.0,0.0,254.0,299.0,1.0,1.0,1.75,252.5,1.5,not_short_primary,nan,1,6-10w
pgq2KPX5_SA_1,Plastic rustles,208,pgq2KPX5_SA,"[[47, 55], [72, 79], [85, 89], [95, 100], [101, 109], [116, 123]]",8.0,39.0,6,2,15,5-10s,5-10s,0.038461538461538464,1.0,0.0,1.0,1.0,13.0,51.5,0.5,0.7777777777777778,0.5116411935411949,106.42136825656853,13.302671032071066,21.916528384088032,0.2223827142664021,208.0,39.0,0.1875,-10.396724700927734,-10.738032854520357,-10.580302238464355,0.1835775375366211,1.0,1.0,0.0,53.0,3.0,-10.663040161132812,0.2663154602050781,-10.665497312545776,0.2687726116180418,1.0,1.0,1.0,1.0,88.42307692307692,208.0,1.0,1.0,1.625,51.5,0.5,not_short_primary,nan,3+,0-5w
pgq2KPX5_SA_2,A zipper opens,208,pgq2KPX5_SA,"[[66, 70]]",4.0,4.0,1,3,14,3-5s,2-5s,0.019230769230769232,0.0,0.0,0.0,0.0,11.0,50.5,17.5,0.3,0.5116411935411949,106.42136825656853,26.605342064142132,43.833056768176064,7.722382714266402,208.0,4.0,0.019230769230769232,-11.185409545898438,-11.30533742904663,-10.780038833618164,-0.40537071228027344,0.7644230769230769,50.0,49.0,61.0,12.0,-11.047664642333984,-0.13774490356445312,-11.130642337799072,-0.054767208099365305,0.0,0.0,0.0,0.0,68.0,208.0,0.0,1.0,2.75,50.5,17.5,longer_audio,188.5,1,0-5w
pgq2KPX5_SA_3,Something twists and scrapes as things bump,208,pgq2KPX5_SA,"[[174, 182]]",8.0,8.0,1,7,43,5-10s,5-10s,0.038461538461538464,0.0,0.0,1.0,1.0,11.0,106.5,71.5,0.8,0.5116411935411949,106.42136825656853,13.302671032071066,12.766628385321583,19.507677651853612,208.0,8.0,0.038461538461538464,-11.101388931274414,-11.280102849006653,-11.050376892089844,-0.05101203918457031,0.9567307692307693,10.0,9.0,64.0,12.0,-11.140342712402344,0.03895378112792969,-11.17534273147583,0.07395380020141573,0.0,0.0,0.0,1.0,178.0,208.0,0.0,1.0,1.375,106.5,71.5,not_short_primary,nan,1,6-10w
pgq2KPX5_SA_4,Electronic sounds play,208,pgq2KPX5_SA,"[[195, 197]]",2.0,2.0,1,3,22,2-3s,2-5s,0.009615384615384616,0.0,0.0,0.0,0.0,6.0,195.0,1.0,0.3333333333333333,0.5116411935411949,106.42136825656853,53.210684128284264,51.066513541286334,37.50767765185361,208.0,2.0,0.009615384615384616,-11.292536735534668,-11.671034336090088,-12.064940452575684,0.7724037170410156,1.0,1.0,0.0,63.0,11.0,-12.220212936401367,0.9276762008666992,-12.69013433456421,1.3975975990295417,1.0,1.0,1.0,1.0,196.0,208.0,1.0,1.0,3.0,195.0,1.0,longer_audio,188.5,1,0-5w
ptIksg9KEac_1,A dog barks,133,ptIksg9KEac,"[[12, 23], [34, 35], [81, 84], [108, 109], [116, 120], [128, 129]]",11.0,21.0,6,3,11,10-20s,10s+,0.08270676691729323,1.0,0.0,1.0,0.0,6.0,18.0,0.5,0.5454545454545454,0.5116411935411949,68.04827874097892,6.18620715827081,10.171315687510592,1.4584919577826767,133.0,21.0,0.15789473684210525,-10.123167037963867,-10.427285784766788,-10.351081848144531,0.22791481018066406,1.0,1.0,0.0,31.0,2.0,-10.351081848144531,0.22791481018066406,-10.437331085205079,0.3141640472412117,1.0,1.0,1.0,1.0,56.357142857142854,133.0,1.0,1.0,0.5454545454545454,18.0,0.5,not_short_primary,nan,3+,0-5w
ptIksg9KEac_2,Toys squeak,133,ptIksg9KEac,"[[23, 27], [116, 118]]",4.0,6.0,2,2,11,3-5s,2-5s,0.03007518796992481,0.0,0.0,0.0,0.0,4.0,16.0,9.0,0.4,0.5116411935411949,68.04827874097892,17.01206968524473,22.281761096561674,3.6086705040324496,133.0,6.0,0.045112781954887216,-11.029032707214355,-11.555229822794596,-10.001312255859375,-1.0277204513549805,0.9624060150375939,6.0,5.0,38.0,7.0,-10.001312255859375,-1.0277204513549805,-11.59317624092102,0.5641435337066643,0.0,0.0,0.0,1.0,55.666666666666664,133.0,0.0,1.0,1.0,16.0,9.0,shorter_or_equal_audio,188.5,2,0-5w
ptIksg9KEac_3,A woman speaks,133,ptIksg9KEac,"[[124, 125]]",1.0,1.0,1,3,14,1-2s,0-2s,0.007518796992481203,0.0,0.0,0.0,0.0,9.0,14.5,110.0,0.2,0.5116411935411949,68.04827874097892,68.04827874097892,65.30621443260657,23.1563515754641,133.0,1.0,0.007518796992481203,-10.303600311279297,-10.303600311279297,-10.111385345458984,-0.1922149658203125,0.9699248120300752,5.0,4.0,37.0,8.0,-10.76022720336914,0.45662689208984375,-11.86490403175354,1.5613037204742426,0.0,0.0,1.0,1.0,124.5,133.0,0.0,1.0,9.0,14.5,110.0,shorter_or_equal_audio,213.0,1,0-5w
q1ivQ_2fddk_1,Uptempo music plays and alarms ring out,167,q1ivQ_2fddk,"[[0, 6]]",6.0,6.0,1,7,39,5-10s,5-10s,0.03592814371257485,0.0,0.0,0.0,0.0,10.0,10.0,7.0,0.06666666666666667,0.5116411935411949,85.44407932137955,14.240679886896592,18.651900266294735,23.859789667869027,167.0,6.0,0.03592814371257485,-9.98804759979248,-10.108623504638672,-10.299844741821289,0.3117971420288086,1.0,1.0,0.0,43.0,4.0,-10.320425033569336,0.33237743377685547,-10.966962528228759,0.9789149284362786,1.0,1.0,1.0,1.0,3.0,167.0,0.0,1.0,1.6666666666666667,10.0,7.0,not_short_primary,nan,1,6-10w
q1ivQ_2fddk_2,"While a man speaks, an airplane roars overhead",167,q1ivQ_2fddk,"[[9, 18], [59, 85]]",26.0,35.0,2,8,46,20s+,10s+,0.15568862275449102,0.0,0.0,1.0,1.0,27.0,59.5,12.5,0.8571428571428571,0.5116411935411949,85.44407932137955,3.2863107431299827,2.073048038053633,2.606869008730129,167.0,35.0,0.20958083832335328,-11.061927795410156,-11.245020811898367,-11.052371978759766,-0.009555816650390625,0.9880239520958084,3.0,2.0,43.0,7.0,-11.053378105163574,-0.008549690246582031,-11.090263156890869,0.02833536148071225,0.0,1.0,1.0,1.0,56.957142857142856,167.0,0.0,1.0,1.0384615384615385,59.5,12.5,not_short_primary,nan,2,6-10w
q1ivQ_2fddk_3,"While a man speaks, screams ring out",167,q1ivQ_2fddk,"[[22, 24]]",2.0,2.0,1,7,36,2-3s,2-5s,0.011976047904191617,0.0,0.0,0.0,0.0,7.0,142.5,119.5,0.4,0.5116411935411949,85.44407932137955,42.722039660689774,55.95570079888421,3.859789667869027,167.0,2.0,0.011976047904191617,-10.838829040527344,-10.954845905303955,-10.55320930480957,-0.28561973571777344,0.9281437125748503,13.0,12.0,48.0,14.0,-11.063600540161133,0.22477149963378906,-11.009645929336548,0.17081688880920431,0.0,0.0,0.0,0.0,23.0,167.0,0.0,1.0,3.5,142.5,119.5,shorter_or_equal_audio,188.5,1,6-10w
q1ivQ_2fddk_4,"Amid the noise, laughter breaks out",167,q1ivQ_2fddk,"[[107, 112], [103, 104]]",5.0,6.0,2,6,35,5-10s,5-10s,0.029940119760479042,0.0,0.0,1.0,1.0,6.0,70.0,33.5,0.7142857142857143,0.5116411935411949,85.44407932137955,17.088815864275908,6.323840765282849,3.4642207160385254,167.0,6.0,0.03592814371257485,-11.729008674621582,-11.924815018971762,-11.37157917022705,-0.35742950439453125,0.8862275449101796,20.0,19.0,49.0,8.0,-11.91053581237793,0.18152713775634766,-11.748480234146118,0.019471559524536275,0.0,0.0,0.0,0.0,108.5,167.0,0.0,1.0,1.2,70.0,33.5,not_short_primary,nan,2,6-10w
q3SEOW2m4WY_1,An engine starts as something is bumped,62,q3SEOW2m4WY,"[[36, 38], [1, 3]]",2.0,4.0,2,7,39,2-3s,2-5s,0.03225806451612903,0.0,0.0,1.0,0.0,2.0,1.0,1.0,0.5,0.5116411935411949,31.721753999554082,15.860876999777041,2.298301361368615,0.6036367138382204,62.0,4.0,0.06451612903225806,-10.916284561157227,-11.945155143737793,-10.154720306396484,-0.7615642547607422,0.967741935483871,3.0,2.0,15.0,2.0,-10.154720306396484,-0.7615642547607422,-11.745159797668457,0.8288752365112302,0.0,1.0,1.0,1.0,19.5,62.0,1.0,1.0,1.0,1.0,1.0,shorter_or_equal_audio,188.5,2,6-10w
q3SEOW2m4WY_2,Electronic tones play,62,q3SEOW2m4WY,"[[10, 27]]",17.0,17.0,1,3,21,10-20s,10s+,0.27419354838709675,0.0,0.0,0.0,0.0,3.0,27.5,9.0,0.17647058823529413,0.5116411935411949,31.721753999554082,1.8659855293855343,3.068039495303947,1.737394726447171,62.0,17.0,0.27419354838709675,-11.367189407348633,-11.770722781910615,-11.098440170288086,-0.2687492370605469,0.967741935483871,3.0,2.0,17.0,3.0,-11.098440170288086,-0.2687492370605469,-11.290217752456664,-0.07697165489196856,0.0,1.0,1.0,1.0,18.5,62.0,0.0,1.0,0.17647058823529413,27.5,9.0,not_short_primary,nan,1,0-5w
q3SEOW2m4WY_3,A whistle blows,62,q3SEOW2m4WY,"[[27, 28]]",1.0,1.0,1,3,15,1-2s,0-2s,0.016129032258064516,1.0,0.0,1.0,0.0,2.0,28.0,0.5,0.5,0.5116411935411949,31.721753999554082,31.721753999554082,20.01049962480513,0.19835855413933245,62.0,1.0,0.016129032258064516,-9.752459526062012,-9.752459526062012,-10.528575897216797,0.7761163711547852,1.0,1.0,0.0,16.0,3.0,-11.57320499420166,1.8207454681396484,-11.91942403793335,2.1669645118713383,1.0,1.0,1.0,1.0,27.5,62.0,1.0,1.0,2.0,28.0,0.5,shorter_or_equal_audio,213.0,1,0-5w
q3SEOW2m4WY_4,A train rumbles by,62,q3SEOW2m4WY,"[[28, 32]]",4.0,4.0,1,4,18,3-5s,2-5s,0.06451612903225806,0.0,0.0,0.0,0.0,4.0,4.0,26.0,0.4,0.5116411935411949,31.721753999554082,7.9304384998885205,8.250002385450713,0.3557596979837214,62.0,4.0,0.06451612903225806,-11.793984413146973,-11.857717514038086,-11.041546821594238,-0.7524375915527344,0.7580645161290323,16.0,15.0,19.0,3.0,-11.761922836303711,-0.03206157684326172,-11.529280662536621,-0.26470375061035156,0.0,0.0,0.0,0.0,30.0,62.0,0.0,1.0,1.0,4.0,26.0,shorter_or_equal_audio,188.5,1,0-5w
q4YFJA5pFXc_1,Music plays,222,q4YFJA5pFXc,"[[0, 10]]",10.0,10.0,1,2,11,10-20s,10s+,0.04504504504504504,1.0,1.0,1.0,1.0,7.0,3.5,1.5,0.9090909090909091,0.5116411935411949,113.58434496614525,11.358434496614525,14.876845002817117,30.70582818123907,222.0,10.0,0.04504504504504504,-10.054917335510254,-10.31042938232422,-11.3612699508667,1.3063526153564453,1.0,1.0,0.0,63.0,5.0,-11.69485092163086,1.6399335861206055,-12.418238248825073,2.363320913314819,1.0,1.0,1.0,1.0,5.0,222.0,1.0,0.0,0.7,3.5,1.5,not_short_primary,nan,1,0-5w
q4YFJA5pFXc_2,A motor draws near and fades away as the wind blows,222,q4YFJA5pFXc,"[[11, 112], [117, 221]]",104.0,205.0,2,11,51,20s+,10s+,0.46846846846846846,0.0,0.0,0.0,0.0,9.0,209.5,40.5,0.08653846153846154,0.5116411935411949,113.58434496614525,1.092157163136012,1.0481477446528815,0.1600748138870074,222.0,205.0,0.9234234234234234,-10.889545440673828,-12.355132242528404,-12.134992599487305,1.2454471588134766,1.0,1.0,0.0,6.0,0.0,-12.134992599487305,1.2454471588134766,-12.134992599487305,1.2454471588134766,1.0,1.0,1.0,1.0,116.03658536585365,222.0,0.0,1.0,0.08653846153846154,209.5,40.5,not_short_primary,nan,2,11-15w
qeSl7YZAfs4_1,A man speaks as water flows,299,qeSl7YZAfs4,"[[22, 69], [73, 82], [102, 114], [116, 139], [88, 99]]",47.0,102.0,5,6,27,20s+,10s+,0.15719063545150502,1.0,0.0,1.0,0.0,30.0,36.0,9.5,0.6956521739130435,0.5116411935411949,152.98071686881727,3.2549088695493036,5.362554817383241,0.8509251517579486,299.0,102.0,0.3411371237458194,-10.429729461669922,-11.050021854101443,-10.638580322265625,0.20885086059570312,1.0,1.0,0.0,62.0,1.0,-10.638580322265625,0.20885086059570312,-10.73399977684021,0.3042703151702888,1.0,1.0,1.0,1.0,79.34313725490196,299.0,0.0,1.0,0.6382978723404256,36.0,9.5,not_short_primary,nan,3+,6-10w
qeSl7YZAfs4_2,A man speaks as water flows and something rubs against another object,299,qeSl7YZAfs4,"[[112, 116]]",4.0,4.0,1,12,69,3-5s,2-5s,0.013377926421404682,0.0,0.0,0.0,0.0,33.0,38.5,75.5,0.15384615384615385,0.5116411935411949,152.98071686881727,38.24517921720432,63.01001910425309,5.149074848242051,299.0,4.0,0.013377926421404682,-10.720873832702637,-10.937411308288574,-9.941362380981445,-0.7795114517211914,0.745819397993311,77.0,76.0,95.0,16.0,-10.83369255065918,0.11281871795654297,-10.80798547744751,0.08711164474487276,0.0,0.0,0.0,0.0,114.0,299.0,0.0,1.0,8.25,38.5,75.5,longer_audio,188.5,1,11-15w
r2KhpX_QgXA_1,A man talks over the clang of metal,299,r2KhpX_QgXA,"[[139, 143], [171, 174]]",4.0,7.0,2,8,35,3-5s,2-5s,0.013377926421404682,0.0,0.0,0.0,0.0,9.0,140.5,0.5,0.4444444444444444,0.5116411935411949,152.98071686881727,38.24517921720432,39.78630182660908,1.9617395210139819,299.0,7.0,0.023411371237458192,-11.631210327148438,-12.53727286202567,-12.261087417602539,0.6298770904541016,1.0,1.0,0.0,90.0,20.0,-12.518601417541504,0.8873910903930664,-12.63657350540161,1.0053631782531731,1.0,1.0,1.0,1.0,154.5,299.0,1.0,1.0,2.25,140.5,0.5,longer_audio,188.5,2,6-10w
r2KhpX_QgXA_2,"The sound of an engine, wind, and a man's voice",299,r2KhpX_QgXA,"[[184, 192], [223, 229]]",8.0,14.0,2,10,47,5-10s,5-10s,0.026755852842809364,0.0,0.0,0.0,0.0,19.0,189.5,1.5,0.42105263157894735,0.5116411935411949,152.98071686881727,19.12258960860216,18.352028303899775,1.8327133754604006,299.0,14.0,0.046822742474916385,-11.104631423950195,-11.287849153791155,-11.076172828674316,-0.028458595275878906,0.9966555183946488,2.0,1.0,77.0,6.0,-11.174264907836914,0.06963348388671875,-11.719261875152588,0.6146304512023928,0.0,1.0,1.0,1.0,204.28571428571428,299.0,1.0,1.0,2.375,189.5,1.5,not_short_primary,nan,2,6-10w
rE6BJ0Bo4w4_1,Music plays,242,rE6BJ0Bo4w4,"[[9, 14]]",5.0,5.0,1,2,11,5-10s,5-10s,0.02066115702479339,1.0,0.0,1.0,0.0,7.0,9.5,2.0,0.5,0.5116411935411949,123.81716883696916,24.76343376739383,32.43420261875444,27.42256945882817,242.0,5.0,0.02066115702479339,-9.737257957458496,-10.067076873779296,-11.38861083984375,1.651352882385254,1.0,1.0,0.0,73.0,13.0,-11.966682434082031,2.229424476623535,-12.301069536209106,2.5638115787506095,1.0,1.0,1.0,1.0,11.5,242.0,1.0,1.0,1.4,9.5,2.0,not_short_primary,nan,1,0-5w
rE6BJ0Bo4w4_2,A woman talks while metal objects lightly clink together,242,rE6BJ0Bo4w4,"[[39, 40], [160, 165], [230, 232]]",5.0,8.0,3,9,56,5-10s,5-10s,0.02066115702479339,0.0,0.0,0.0,0.0,9.0,219.5,11.5,0.14285714285714285,0.5116411935411949,123.81716883696916,24.76343376739383,32.43420261875444,0.5774305411718288,242.0,8.0,0.03305785123966942,-12.200047492980957,-12.3752943277359,-11.911604881286621,-0.28844261169433594,0.8677685950413223,33.0,32.0,75.0,22.0,-12.05444622039795,-0.1456012725830078,-12.161655797958375,-0.03839169502258244,0.0,0.0,0.0,0.0,164.25,242.0,0.0,1.0,1.8,219.5,11.5,not_short_primary,nan,3+,6-10w
rE6BJ0Bo4w4_3,Water flows,242,rE6BJ0Bo4w4,"[[147, 149], [200, 204]]",4.0,6.0,2,2,11,3-5s,2-5s,0.01652892561983471,0.0,0.0,0.0,0.0,3.0,200.5,1.5,0.4,0.5116411935411949,123.81716883696916,30.95429220924229,4.485394592348426,5.936775560465321,242.0,6.0,0.024793388429752067,-9.466772079467773,-10.899046103159586,-10.971720695495605,1.504948616027832,1.0,1.0,0.0,74.0,14.0,-11.325003623962402,1.858231544494629,-11.425010604858398,1.958238525390625,1.0,1.0,1.0,1.0,184.0,242.0,1.0,1.0,0.75,200.5,1.5,longer_audio,188.5,2,0-5w
rE6BJ0Bo4w4_4,Light tapping sound,242,rE6BJ0Bo4w4,"[[207, 210]]",3.0,3.0,1,3,19,3-5s,2-5s,0.012396694214876033,0.0,0.0,0.0,0.0,10.0,209.0,0.5,0.3,0.5116411935411949,123.81716883696916,41.27238961232305,39.60928293907465,24.100278806483544,242.0,3.0,0.012396694214876033,-11.916522026062012,-12.402867317199707,-12.374444961547852,0.45792293548583984,1.0,1.0,0.0,76.0,18.0,-12.922475814819336,1.0059537887573242,-13.047380599975586,1.1308585739135744,1.0,1.0,1.0,1.0,208.5,242.0,1.0,1.0,3.3333333333333335,209.0,0.5,longer_audio,188.5,1,0-5w
rN2rpLV3brs_1,A child's voice overlaps with a man's voice,299,rN2rpLV3brs,"[[9, 14]]",5.0,5.0,1,8,43,5-10s,5-10s,0.016722408026755852,0.0,0.0,0.0,0.0,9.0,210.5,199.0,0.0,0.5116411935411949,152.98071686881727,30.596143373763454,40.07366356614701,36.59028209995712,299.0,5.0,0.016722408026755852,-11.741960525512695,-11.900635528564454,-11.402456283569336,-0.3395042419433594,0.919732441471572,25.0,24.0,91.0,20.0,-12.004825592041016,0.2628650665283203,-11.814755249023438,0.0727947235107429,0.0,0.0,0.0,0.0,11.5,299.0,0.0,1.0,1.8,210.5,199.0,not_short_primary,nan,1,6-10w
rN2rpLV3brs_2,A man talks while a bag full of something is shaken,299,rN2rpLV3brs,"[[71, 76]]",5.0,5.0,1,11,51,5-10s,5-10s,0.016722408026755852,0.0,0.0,0.0,0.0,13.0,123.5,50.0,0.0,0.5116411935411949,152.98071686881727,30.596143373763454,50.30595082138698,7.339015754714438,299.0,5.0,0.016722408026755852,-11.340765953063965,-11.5681791305542,-10.672587394714355,-0.6681785583496094,0.9096989966555183,28.0,27.0,89.0,15.0,-11.453361511230469,0.1125955581665039,-11.362096557617187,0.021330604553222443,0.0,0.0,0.0,0.0,73.5,299.0,0.0,1.0,2.6,123.5,50.0,not_short_primary,nan,1,11-15w
rN2rpLV3brs_3,"As a man speaks, glassware scrapes and clinks together",299,rN2rpLV3brs,"[[118, 130], [158, 163], [179, 182]]",12.0,20.0,3,9,54,10-20s,10s+,0.04013377926421405,0.0,0.0,0.0,0.0,12.0,61.0,63.0,0.125,0.5116411935411949,152.98071686881727,12.74839307240144,1.8472906103473543,4.975602861897244,299.0,20.0,0.06688963210702341,-10.960174560546875,-11.484010219573975,-10.991868019104004,0.031693458557128906,1.0,1.0,0.0,91.0,17.0,-11.505014419555664,0.5448398590087891,-11.305978527069092,0.345803966522217,1.0,1.0,1.0,1.0,141.6,299.0,0.0,1.0,1.0,61.0,63.0,not_short_primary,nan,3+,6-10w
rN2rpLV3brs_4,"As a man speaks, something sizzles in oil",299,rN2rpLV3brs,"[[272, 300]]",28.0,28.0,1,8,41,20s+,10s+,0.09364548494983277,0.0,0.0,1.0,0.0,56.0,127.0,159.0,0.5,0.5116411935411949,152.98071686881727,5.463597031029188,5.243436658257079,58.1672866245396,299.0,27.0,0.0903010033444816,-11.464313507080078,-12.032743983798557,-10.721460342407227,-0.7428531646728516,0.6354515050167224,110.0,109.0,84.0,15.0,-12.214437484741211,0.7501239776611328,-10.867102823257447,-0.597210683822631,0.0,0.0,0.0,0.0,285.5,299.0,0.0,1.0,2.0,127.0,159.0,not_short_primary,nan,1,6-10w
rPkCYq4Zjwk_1,Electronic tones and a machine voice sound out,203,rPkCYq4Zjwk,"[[4, 6], [200, 203]]",3.0,5.0,2,8,46,3-5s,2-5s,0.014778325123152709,0.0,0.0,0.0,0.0,10.0,13.0,8.0,0.3333333333333333,0.5116411935411949,103.86316228886255,34.621054096287516,45.34533837195008,27.649923967529418,203.0,5.0,0.024630541871921183,-12.11666488647461,-12.615712738037109,-11.704381942749023,-0.41228294372558594,0.9014778325123153,21.0,20.0,68.0,17.0,-11.704381942749023,-0.41228294372558594,-12.146366147994994,0.029701261520385103,0.0,0.0,0.0,0.0,122.9,203.0,0.0,1.0,3.3333333333333335,13.0,8.0,longer_audio,188.5,2,6-10w
rPkCYq4Zjwk_2,Music plays while a woman talks,203,rPkCYq4Zjwk,"[[24, 27], [34, 37], [41, 44]]",3.0,9.0,3,6,31,3-5s,2-5s,0.014778325123152709,0.0,0.0,0.0,0.0,33.0,22.5,3.0,0.09090909090909091,0.5116411935411949,103.86316228886255,34.621054096287516,45.34533837195008,2.8500760324705823,203.0,9.0,0.04433497536945813,-10.532794952392578,-10.614128006829155,-10.464863777160645,-0.0679311752319336,0.9852216748768473,4.0,3.0,66.0,12.0,-10.531560897827148,-0.0012340545654296875,-10.631192502975464,0.09839755058288624,0.0,0.0,1.0,1.0,34.5,203.0,0.0,1.0,11.0,22.5,3.0,longer_audio,188.5,3+,6-10w
rbO727iF03I_1,"While a man talks, burping and loud clamor interrupt",142,rbO727iF03I,"[[2, 8], [12, 14], [17, 20], [24, 31], [40, 44], [46, 49], [56, 59], [68, 69], [76, 78], [85, 89], [99, 106], [118, 121], [123, 132], [134, 142]]",9.0,62.0,14,9,52,5-10s,5-10s,0.06338028169014084,1.0,1.0,1.0,1.0,5.0,5.5,0.5,1.0,0.5116411935411949,72.65304948284967,8.072561053649963,8.397851890566317,0.605127050220787,142.0,62.0,0.43661971830985913,-10.736137390136719,-11.267703610081826,-10.862985610961914,0.1268482208251953,1.0,1.0,0.0,21.0,2.0,-10.862985610961914,0.1268482208251953,-10.887354373931885,0.15121698379516602,1.0,1.0,1.0,1.0,75.56451612903226,142.0,1.0,0.0,0.5555555555555556,5.5,0.5,not_short_primary,nan,3+,6-10w
riM7b5bJ9KQ_1,Someone farts,74,riM7b5bJ9KQ,"[[13, 16]]",3.0,3.0,1,2,13,3-5s,2-5s,0.04054054054054054,0.0,0.0,0.0,0.0,4.0,16.0,1.5,0.4,0.5116411935411949,37.86144832204842,12.62048277401614,16.529827780907908,2.598057272920311,74.0,3.0,0.04054054054054054,-11.229874610900879,-11.905715624491373,-11.495092391967773,0.26521778106689453,1.0,1.0,0.0,22.0,6.0,-11.503243446350098,0.27336883544921875,-11.965080251693726,0.7352056407928469,1.0,1.0,1.0,1.0,14.5,74.0,1.0,1.0,1.3333333333333333,16.0,1.5,shorter_or_equal_audio,188.5,1,0-5w
riM7b5bJ9KQ_2,Men laugh,74,riM7b5bJ9KQ,"[[59, 75]]",16.0,16.0,1,2,9,10-20s,10s+,0.21621621621621623,1.0,1.0,1.0,1.0,13.0,64.5,2.5,0.7058823529411765,0.5116411935411949,37.86144832204842,2.366340520128026,2.2709867800812433,10.613308395371,74.0,15.0,0.20270270270270271,-11.12656021118164,-11.3083314259847,-11.088119506835938,-0.038440704345703125,0.9864864864864865,2.0,1.0,19.0,2.0,-11.190701484680176,0.06414127349853516,-11.264509716033935,0.13794950485229407,0.0,1.0,1.0,1.0,66.5,74.0,0.0,0.0,0.8125,64.5,2.5,not_short_primary,nan,1,0-5w
riM7b5bJ9KQ_3,"As metal clangs, someone screams",74,riM7b5bJ9KQ,"[[57, 59]]",2.0,2.0,1,5,32,2-3s,2-5s,0.02702702702702703,0.0,0.0,1.0,1.0,5.0,58.5,0.5,1.0,0.5116411935411949,37.86144832204842,18.93072416102421,18.167894240649947,1.613308395371,74.0,2.0,0.02702702702702703,-10.442414283752441,-10.558990001678467,-11.31774616241455,0.8753318786621094,1.0,1.0,0.0,21.0,6.0,-11.701290130615234,1.258875846862793,-12.051055307388305,1.6086410236358635,1.0,1.0,1.0,1.0,58.0,74.0,1.0,1.0,2.5,58.5,0.5,shorter_or_equal_audio,188.5,1,0-5w
rvDcg9DoNKA_1,Music plays while a man screams,300,rvDcg9DoNKA,"[[0, 13]]",13.0,13.0,1,6,31,10-20s,10s+,0.043333333333333335,0.0,0.0,1.0,0.0,8.0,181.0,174.5,0.6923076923076923,0.5116411935411949,153.49235806235845,11.807104466335264,15.46449584492424,41.75111916383658,300.0,13.0,0.043333333333333335,-11.469863891601562,-11.800276242769682,-10.195958137512207,-1.2739057540893555,0.9766666666666667,8.0,7.0,87.0,19.0,-11.673093795776367,0.2032299041748047,-11.582685432434083,0.11282154083252038,0.0,0.0,0.0,1.0,6.5,300.0,0.0,1.0,0.6153846153846154,181.0,174.5,not_short_primary,nan,1,6-10w
rvDcg9DoNKA_2,Explosions erupt,300,rvDcg9DoNKA,"[[291, 294], [297, 300], [111, 116], [128, 135], [142, 145], [149, 153], [173, 182], [206, 210]]",9.0,38.0,8,2,16,5-10s,5-10s,0.03,0.0,0.0,0.0,0.0,7.0,49.5,64.0,0.3333333333333333,0.5116411935411949,153.49235806235845,17.05470645137316,17.7419406138725,0.06012757088896592,300.0,38.0,0.12666666666666668,-10.768617630004883,-11.33312762411017,-10.658279418945312,-0.11033821105957031,0.9933333333333333,3.0,2.0,70.0,14.0,-10.858560562133789,0.08994293212890625,-10.8753076171875,0.10668998718261768,0.0,1.0,1.0,1.0,176.97368421052633,300.0,0.0,1.0,0.7777777777777778,49.5,64.0,not_short_primary,nan,3+,0-5w
rvtA7c1I4xo_1,Wind whooshes as an effect,130,rvtA7c1I4xo,"[[0, 3]]",3.0,3.0,1,5,26,3-5s,2-5s,0.023076923076923078,0.0,0.0,0.0,0.0,6.0,4.0,2.5,0.2857142857142857,0.5116411935411949,66.51335516035533,22.17111838678511,29.03888664213552,19.408818304329184,130.0,3.0,0.023076923076923078,-10.566038131713867,-10.691245079040527,-10.531497955322266,-0.03454017639160156,0.9846153846153847,3.0,2.0,44.0,4.0,-10.832488059997559,0.2664499282836914,-10.906578435897828,0.34054030418396053,0.0,1.0,1.0,1.0,1.5,130.0,0.0,1.0,2.0,4.0,2.5,shorter_or_equal_audio,188.5,1,0-5w
rvtA7c1I4xo_2,A man talks as people chat and shoes squeak in the background,130,rvtA7c1I4xo,"[[5, 9]]",4.0,4.0,1,12,61,3-5s,2-5s,0.03076923076923077,0.0,0.0,0.0,0.0,4.0,2.0,5.0,0.3333333333333333,0.5116411935411949,66.51335516035533,16.628338790088833,21.77916498160164,13.908818304329184,130.0,4.0,0.03076923076923077,-13.716068267822266,-14.052060604095459,-13.08826732635498,-0.6278009414672852,0.6538461538461539,46.0,45.0,42.0,9.0,-13.113563537597656,-0.6025047302246094,-13.405710716247558,-0.31035755157470746,0.0,0.0,0.0,0.0,7.0,130.0,0.0,1.0,1.0,2.0,5.0,shorter_or_equal_audio,188.5,1,11-15w
rvtA7c1I4xo_3,"As music plays, a whistle sounds",130,rvtA7c1I4xo,"[[10, 11], [16, 18], [37, 38], [43, 45], [94, 95]]",2.0,7.0,5,6,32,2-3s,2-5s,0.015384615384615385,0.0,0.0,0.0,0.0,9.0,23.5,6.5,0.3333333333333333,0.5116411935411949,66.51335516035533,33.256677580177666,38.50362307302978,1.1789264183064603,130.0,7.0,0.05384615384615385,-11.174861907958984,-11.385767119271415,-10.870311737060547,-0.3045501708984375,0.8076923076923077,26.0,25.0,39.0,6.0,-10.870311737060547,-0.3045501708984375,-11.068758773803712,-0.10610313415527273,0.0,0.0,0.0,0.0,37.785714285714285,130.0,0.0,1.0,4.5,23.5,6.5,shorter_or_equal_audio,188.5,3+,6-10w
rvtA7c1I4xo_4,"As music plays and people talk, applause breaks out",130,rvtA7c1I4xo,"[[124, 127]]",3.0,3.0,1,9,51,3-5s,2-5s,0.023076923076923078,0.0,0.0,1.0,0.0,5.0,43.5,82.0,0.6,0.5116411935411949,66.51335516035533,22.17111838678511,21.27771397553597,26.442298532408515,130.0,3.0,0.023076923076923078,-11.412128448486328,-11.485297203063965,-11.01291275024414,-0.3992156982421875,0.4,79.0,78.0,43.0,9.0,-11.500238418579102,0.08810997009277344,-11.19024320602417,-0.22188524246215735,0.0,0.0,0.0,0.0,125.5,130.0,0.0,1.0,1.6666666666666667,43.5,82.0,shorter_or_equal_audio,188.5,1,6-10w
sI7_ycEYzAY_1,A clock pendulum is swinging while a bell rings,63,sI7_ycEYzAY,"[[5, 25]]",20.0,20.0,1,9,47,20s+,10s+,0.31746031746031744,0.0,0.0,1.0,1.0,17.0,8.5,6.5,0.7142857142857143,0.5116411935411949,32.23339519309528,1.6116697596547638,2.6498954027988124,2.0329698747391625,63.0,20.0,0.31746031746031744,-11.22946548461914,-11.442419910430909,-11.196687698364258,-0.03277778625488281,0.9682539682539683,3.0,2.0,15.0,2.0,-11.196687698364258,-0.03277778625488281,-11.231103515625,0.0016380310058590197,0.0,1.0,1.0,1.0,15.0,63.0,0.0,1.0,0.85,8.5,6.5,not_short_primary,nan,1,6-10w
sJrFyjfrL-g_1,Machines run,188,sJrFyjfrL-g,"[[12, 24], [36, 40], [47, 57], [66, 74], [88, 94], [111, 134], [145, 161], [164, 167], [169, 182], [97, 104]]",23.0,102.0,10,2,12,20s+,10s+,0.12234042553191489,1.0,1.0,1.0,1.0,13.0,18.5,0.5,0.9230769230769231,0.5116411935411949,96.18854438574463,4.182110625467158,4.350632394010474,1.1110132777570954,188.0,102.0,0.5425531914893617,-10.927173614501953,-12.167622014588,-11.006051063537598,0.07887744903564453,1.0,1.0,0.0,26.0,0.0,-11.006051063537598,0.07887744903564453,-11.006051063537598,0.07887744903564453,1.0,1.0,1.0,1.0,105.30392156862744,188.0,1.0,0.0,0.5652173913043478,18.5,0.5,not_short_primary,nan,3+,0-5w
sTMKled6Q1M_1,"Birds chirp and wings flutter, with whistling from time to time",300,sTMKled6Q1M,"[[12, 13], [140, 144], [282, 283], [17, 18], [31, 33], [42, 43], [55, 57], [59, 60], [68, 71], [73, 74], [90, 94], [287, 290], [293, 294]]",4.0,25.0,13,11,63,3-5s,2-5s,0.013333333333333334,0.0,0.0,0.0,0.0,17.0,53.5,2.5,0.3333333333333333,0.5116411935411949,153.49235806235845,38.37308951558961,39.91936638121313,1.439872429111034,300.0,25.0,0.08333333333333333,-10.392189979553223,-10.91232536315918,-10.180546760559082,-0.21164321899414062,0.9966666666666667,2.0,1.0,85.0,13.0,-10.180546760559082,-0.21164321899414062,-10.634218997955323,0.2420290184020999,0.0,1.0,1.0,1.0,118.7,300.0,0.0,1.0,4.25,53.5,2.5,longer_audio,188.5,3+,11-15w
sTMKled6Q1M_2,Birds chirp as a man speaks,300,sTMKled6Q1M,"[[105, 108], [185, 187], [198, 201], [249, 250], [268, 270]]",3.0,11.0,5,6,27,3-5s,2-5s,0.01,0.0,0.0,0.0,0.0,11.0,291.5,22.5,0.21428571428571427,0.5116411935411949,153.49235806235845,51.164119354119485,84.29433993880012,2.714975068653459,300.0,11.0,0.03666666666666667,-11.651345252990723,-12.008140043778853,-11.080060958862305,-0.571284294128418,0.9366666666666666,20.0,19.0,89.0,20.0,-11.629142761230469,-0.022202491760253906,-11.639193868637085,-0.01215138435363805,0.0,0.0,0.0,0.0,188.86363636363637,300.0,0.0,1.0,3.6666666666666665,291.5,22.5,longer_audio,188.5,3+,6-10w
sTMKled6Q1M_3,"A dog barks while birds chirp, wings flutter, and a man speaks",300,sTMKled6Q1M,"[[290, 293]]",3.0,3.0,1,12,62,3-5s,2-5s,0.01,0.0,0.0,0.0,0.0,14.0,91.0,200.5,0.3333333333333333,0.5116411935411949,153.49235806235845,51.164119354119485,49.102416866621475,62.905304305558104,300.0,3.0,0.01,-11.148307800292969,-11.422367413838705,-11.05465316772461,-0.09365463256835938,0.98,7.0,6.0,87.0,19.0,-11.228355407714844,0.080047607421875,-11.4060924243927,0.257784624099731,0.0,0.0,0.0,1.0,291.5,300.0,0.0,1.0,4.666666666666667,91.0,200.5,longer_audio,188.5,1,11-15w
sVYTOURVsQ0_1,"As water flows, a man speaks",71,sVYTOURVsQ0,"[[0, 32], [70, 72], [50, 52], [60, 62]]",32.0,38.0,4,6,28,20s+,10s+,0.4507042253521127,0.0,0.0,1.0,0.0,4.0,3.0,13.0,0.5,0.5116411935411949,36.326524741424834,1.135203898169526,1.3143063645120743,1.255413659228914,71.0,37.0,0.5211267605633803,-11.636615753173828,-11.851594718726906,-11.50509262084961,-0.13152313232421875,0.9859154929577465,2.0,1.0,12.0,1.0,-11.50509262084961,-0.13152313232421875,-11.50509262084961,-0.13152313232421875,0.0,1.0,1.0,1.0,21.7972972972973,71.0,0.0,1.0,0.125,3.0,13.0,not_short_primary,nan,3+,6-10w
sVYTOURVsQ0_2,An engine runs,71,sVYTOURVsQ0,"[[32, 33]]",1.0,1.0,1,3,14,1-2s,0-2s,0.014084507042253521,0.0,0.0,0.0,0.0,37.0,49.5,17.0,0.125,0.5116411935411949,36.326524741424834,36.326524741424834,22.91524957034136,0.7809119783243155,71.0,1.0,0.014084507042253521,-11.392141342163086,-11.392141342163086,-10.950224876403809,-0.44191646575927734,0.7605633802816901,18.0,17.0,21.0,2.0,-10.950224876403809,-0.44191646575927734,-11.701088428497314,0.3089470863342285,0.0,0.0,0.0,0.0,32.5,71.0,0.0,1.0,37.0,49.5,17.0,shorter_or_equal_audio,213.0,1,0-5w
sVYTOURVsQ0_3,An engine hums,71,sVYTOURVsQ0,"[[32, 71]]",39.0,39.0,1,3,14,20s+,10s+,0.5492957746478874,1.0,1.0,1.0,1.0,38.0,49.0,2.5,0.9743589743589743,0.5116411935411949,36.326524741424834,0.9314493523442265,1.0784052221637532,0.755413659228914,71.0,39.0,0.5492957746478874,-11.00410270690918,-11.330850772368603,-11.764158248901367,0.7600555419921875,1.0,1.0,0.0,12.0,0.0,-11.909716606140137,0.905613899230957,-11.764158248901367,0.7600555419921875,1.0,1.0,1.0,1.0,51.5,71.0,0.0,0.0,0.9743589743589743,49.0,2.5,not_short_primary,nan,1,0-5w
s_EWjoiVfzo_1,A man is talking as background noise fills the air,300,s_EWjoiVfzo,"[[14, 25], [30, 42], [79, 80], [119, 142], [174, 176], [211, 218], [279, 299], [45, 47], [188, 201], [109, 112], [84, 92]]",23.0,102.0,11,10,50,20s+,10s+,0.07666666666666666,1.0,1.0,1.0,1.0,21.0,286.5,2.5,0.782608695652174,0.5116411935411949,153.49235806235845,6.673580785319933,0.9670272207722084,1.111435255621501,300.0,102.0,0.34,-11.530875205993652,-11.981523869084377,-11.616118431091309,0.08524322509765625,1.0,1.0,0.0,61.0,6.0,-11.671792984008789,0.14091777801513672,-11.648392133712768,0.11751692771911593,1.0,1.0,1.0,1.0,147.2058823529412,300.0,0.0,0.0,0.9130434782608695,286.5,2.5,not_short_primary,nan,3+,6-10w
s_EWjoiVfzo_2,A woman is talking as background noise fills the air,300,s_EWjoiVfzo,"[[26, 32], [38, 42], [46, 48], [78, 79], [82, 83], [92, 117], [163, 174], [180, 190], [194, 195], [216, 218]]",25.0,63.0,10,10,52,20s+,10s+,0.08333333333333333,0.0,0.0,1.0,0.0,17.0,287.5,70.5,0.64,0.5116411935411949,153.49235806235845,6.139694322494338,8.041537839360604,1.2511191638365773,300.0,63.0,0.21,-11.693325996398926,-12.12628974611797,-11.64902114868164,-0.044304847717285156,0.9933333333333333,3.0,2.0,73.0,9.0,-11.740140914916992,0.046814918518066406,-11.7150892162323,0.021763219833374592,0.0,1.0,1.0,1.0,119.57936507936508,300.0,0.0,1.0,0.68,287.5,70.5,not_short_primary,nan,3+,6-10w
s_EWjoiVfzo_3,"A machine runs, things bump each other, and background noise fills the air",300,s_EWjoiVfzo,"[[245, 269]]",24.0,24.0,1,13,74,20s+,10s+,0.08,1.0,0.0,1.0,0.0,12.0,259.0,2.0,0.5,0.5116411935411949,153.49235806235845,6.395514919264936,6.137802108327684,28.405304305558104,300.0,24.0,0.08,-11.100652694702148,-11.477105816205343,-11.517104148864746,0.41645145416259766,1.0,1.0,0.0,90.0,6.0,-11.578425407409668,0.47777271270751953,-11.887158708572388,0.7865060138702393,1.0,1.0,1.0,1.0,257.0,300.0,1.0,1.0,0.5,259.0,2.0,not_short_primary,nan,1,11-15w
sl_Pxpc7beo_1,Objects bump into each other and an alarm sounds,74,sl_Pxpc7beo,"[[1, 3]]",2.0,2.0,1,9,48,2-3s,2-5s,0.02702702702702703,1.0,0.0,1.0,0.0,3.0,2.5,0.5,0.6666666666666666,0.5116411935411949,37.86144832204842,18.93072416102421,24.794741671361862,9.901942727079689,74.0,2.0,0.02702702702702703,-10.91443157196045,-11.162270545959473,-11.04693603515625,0.13250446319580078,1.0,1.0,0.0,26.0,2.0,-11.262307167053223,0.34787559509277344,-12.323444967269898,1.409013395309449,1.0,1.0,1.0,1.0,2.0,74.0,1.0,1.0,1.5,2.5,0.5,shorter_or_equal_audio,188.5,1,6-10w
sl_Pxpc7beo_2,A horn honks,74,sl_Pxpc7beo,"[[25, 29], [39, 50], [58, 64], [32, 35]]",11.0,24.0,4,3,12,10-20s,10s+,0.14864864864864866,0.0,0.0,1.0,0.0,3.0,41.5,3.0,0.6666666666666666,0.5116411935411949,37.86144832204842,3.441949847458947,5.670710141337462,0.06030614973214554,74.0,24.0,0.32432432432432434,-10.45608139038086,-10.849880894025167,-10.522789001464844,0.06670761108398438,1.0,1.0,0.0,14.0,1.0,-10.936389923095703,0.48030853271484375,-10.684848327636718,0.22876693725585895,1.0,1.0,1.0,1.0,44.333333333333336,74.0,0.0,1.0,0.2727272727272727,41.5,3.0,not_short_primary,nan,3+,0-5w
sl_Pxpc7beo_3,An engine runs,74,sl_Pxpc7beo,"[[52, 73]]",21.0,21.0,1,3,14,20s+,10s+,0.28378378378378377,1.0,1.0,1.0,1.0,20.0,61.0,1.5,0.8636363636363636,0.5116411935411949,37.86144832204842,1.8029261105737342,1.7302756419666616,6.113308395371,74.0,21.0,0.28378378378378377,-11.943461418151855,-12.115664027986073,-11.758585929870605,-0.18487548828125,0.9864864864864865,2.0,1.0,14.0,1.0,-11.758585929870605,-0.18487548828125,-12.016204223632812,0.07274280548095646,0.0,1.0,1.0,1.0,62.5,74.0,1.0,0.0,0.9523809523809523,61.0,1.5,not_short_primary,nan,1,0-5w
sqWyxUObwkw_1,A man speaks,274,sqWyxUObwkw,"[[5, 34], [117, 122], [63, 65], [126, 128]]",29.0,38.0,4,3,12,20s+,10s+,0.10583941605839416,1.0,0.0,1.0,0.0,20.0,15.0,4.5,0.6896551724137931,0.5116411935411949,140.1896870302874,4.834127138975427,3.049430977306233,2.9088749005512398,274.0,38.0,0.1386861313868613,-9.707588195800781,-10.725530373422723,-10.2916841506958,0.5840959548950195,1.0,1.0,0.0,62.0,2.0,-11.069587707519531,1.36199951171875,-11.01871584892273,1.3111276531219485,1.0,1.0,1.0,1.0,40.6578947368421,274.0,0.0,1.0,0.6896551724137931,15.0,4.5,not_short_primary,nan,3+,0-5w
sqWyxUObwkw_2,An engine runs,274,sqWyxUObwkw,"[[35, 192], [194, 275]]",157.0,238.0,2,3,14,20s+,10s+,0.572992700729927,0.0,0.0,1.0,1.0,57.0,88.5,25.0,0.9113924050632911,0.5116411935411949,140.1896870302874,0.8929279428680725,0.5632706900756735,8.90887490055124,274.0,237.0,0.864963503649635,-10.571467399597168,-11.565169680470655,-11.6396484375,1.068181037902832,1.0,1.0,0.0,8.0,0.0,-11.6396484375,1.068181037902832,-11.6396484375,1.068181037902832,1.0,1.0,1.0,1.0,154.17510548523208,274.0,0.0,1.0,0.3630573248407643,88.5,25.0,not_short_primary,nan,2,0-5w
sqWyxUObwkw_3,A man speaks over engine noise,274,sqWyxUObwkw,"[[63, 65], [117, 122], [197, 203], [213, 216], [236, 239], [268, 274], [126, 128]]",6.0,27.0,7,6,30,5-10s,5-10s,0.021897810218978103,1.0,1.0,1.0,1.0,6.0,271.0,0.0,1.0,0.5116411935411949,140.1896870302874,23.36494783838123,27.05126338976964,1.661737220122859,274.0,27.0,0.09854014598540146,-10.051875114440918,-11.25639099544949,-10.51865005493164,0.46677494049072266,1.0,1.0,0.0,71.0,9.0,-11.327398300170898,1.2755231857299805,-10.72780436515808,0.6759292507171626,1.0,1.0,1.0,1.0,191.16666666666666,274.0,1.0,0.0,1.0,271.0,0.0,not_short_primary,nan,3+,6-10w
sqsI2UyrcBQ_1,An engine rumbles as something is bumped,67,sqsI2UyrcBQ,"[[4, 6]]",2.0,2.0,1,7,40,2-3s,2-5s,0.029850746268656716,0.0,0.0,0.0,0.0,3.0,3.5,1.5,0.25,0.5116411935411949,34.279959967260055,17.139979983630028,22.44929313488169,5.776083279923503,67.0,2.0,0.029850746268656716,-11.208782196044922,-11.440649032592773,-11.03756332397461,-0.1712188720703125,0.9850746268656716,2.0,1.0,20.0,3.0,-11.521289825439453,0.31250762939453125,-11.933364419937133,0.7245822238922113,0.0,1.0,1.0,1.0,5.0,67.0,1.0,1.0,1.5,3.5,1.5,shorter_or_equal_audio,188.5,1,6-10w
sqsI2UyrcBQ_2,An engine rumbles,67,sqsI2UyrcBQ,"[[17, 67], [0, 14]]",50.0,64.0,2,3,17,20s+,10s+,0.746268656716418,1.0,1.0,1.0,1.0,13.0,6.5,0.5,0.9285714285714286,0.5116411935411949,34.279959967260055,0.6855991993452011,0.0993459298139982,2.6684461262445325,67.0,64.0,0.9552238805970149,-11.869138717651367,-11.962228149175644,-12.072916984558105,0.20377826690673828,1.0,1.0,0.0,0.0,0.0,-12.072916984558105,0.20377826690673828,-12.072916984558105,0.20377826690673828,1.0,1.0,1.0,1.0,34.34375,67.0,1.0,0.0,0.26,6.5,0.5,not_short_primary,nan,2,0-5w
szkiW0GXEOI_1,"Amid ambient noise, whistling blends with birdsong",148,szkiW0GXEOI,"[[94, 96], [100, 102], [104, 106], [112, 113], [119, 122]]",3.0,10.0,5,7,50,3-5s,2-5s,0.02027027027027027,0.0,0.0,0.0,0.0,7.0,106.5,1.5,0.375,0.5116411935411949,75.72289664409683,25.24096554803228,24.223858987533262,0.2733832092580002,148.0,10.0,0.06756756756756757,-10.070520401000977,-10.112178707122803,-10.063250541687012,-0.007269859313964844,0.9864864864864865,3.0,2.0,41.0,4.0,-10.063250541687012,-0.007269859313964844,-10.19240246772766,0.121882066726684,0.0,1.0,1.0,1.0,107.6,148.0,1.0,1.0,2.3333333333333335,106.5,1.5,shorter_or_equal_audio,188.5,3+,6-10w
t1hj7se76wQ_1,Mechanical rolling sound,119,t1hj7se76wQ,"[[6, 15]]",9.0,9.0,1,3,24,5-10s,5-10s,0.07563025210084033,0.0,0.0,0.0,0.0,13.0,96.5,86.0,0.0,0.5116411935411949,60.88530203140219,6.765033559044688,8.860583360036223,8.639610601655175,119.0,9.0,0.07563025210084033,-11.76206111907959,-12.037206225925022,-10.979877471923828,-0.7821836471557617,0.31092436974789917,83.0,82.0,34.0,7.0,-10.993661880493164,-0.7683992385864258,-11.06775354385376,-0.6943075752258299,0.0,0.0,0.0,0.0,10.5,119.0,0.0,1.0,1.4444444444444444,96.5,86.0,not_short_primary,nan,1,0-5w
t1hj7se76wQ_2,The typewriter lever is moving,119,t1hj7se76wQ,"[[10, 12], [28, 30], [53, 54], [63, 64], [73, 75], [87, 88], [98, 100]]",2.0,11.0,7,5,30,2-3s,2-5s,0.01680672268907563,0.0,0.0,0.0,0.0,24.0,28.0,1.0,0.13333333333333333,0.5116411935411949,60.88530203140219,30.442651015701095,35.24562419761957,0.08301725983437791,119.0,11.0,0.09243697478991597,-10.815570831298828,-11.193446506153453,-10.818770408630371,0.0031995773315429688,1.0,1.0,0.0,35.0,6.0,-10.818770408630371,0.0031995773315429688,-10.912046127319336,0.09647529602050753,1.0,1.0,1.0,1.0,57.31818181818182,119.0,1.0,1.0,12.0,28.0,1.0,shorter_or_equal_audio,188.5,3+,0-5w
t1hj7se76wQ_3,Machines are running while a bell is ringing,119,t1hj7se76wQ,"[[24, 25], [39, 40], [52, 53], [61, 62], [70, 72], [96, 97]]",2.0,7.0,6,8,44,2-3s,2-5s,0.01680672268907563,0.0,0.0,0.0,0.0,10.0,32.0,7.5,0.2,0.5116411935411949,60.88530203140219,30.442651015701095,19.203624639933956,0.6629785152029086,119.0,7.0,0.058823529411764705,-11.683263778686523,-12.072915213448661,-11.653032302856445,-0.030231475830078125,0.9747899159663865,4.0,3.0,30.0,4.0,-11.658266067504883,-0.024997711181640625,-11.812498064041138,0.1292342853546149,0.0,0.0,1.0,1.0,59.5,119.0,0.0,1.0,5.0,32.0,7.5,shorter_or_equal_audio,188.5,3+,6-10w
t4prXmPwthg_1,Machines hum in the background,249,t4prXmPwthg,"[[128, 132], [150, 155], [73, 80], [100, 108]]",8.0,24.0,4,5,30,5-10s,5-10s,0.0321285140562249,0.0,0.0,1.0,1.0,11.0,95.5,8.5,0.7272727272727273,0.5116411935411949,127.39865719175752,15.92483214896969,2.307568705567682,6.327508737834137,249.0,24.0,0.0963855421686747,-10.379409790039062,-10.803446888923645,-11.731882095336914,1.3524723052978516,1.0,1.0,0.0,68.0,1.0,-11.87176513671875,1.4923553466796875,-12.037267007827758,1.6578572177886954,1.0,1.0,1.0,1.0,110.41666666666667,249.0,0.0,1.0,1.375,95.5,8.5,not_short_primary,nan,3+,0-5w
t4prXmPwthg_2,"As a woman speaks, thread gets cut and plastic is set down",249,t4prXmPwthg,"[[162, 166]]",4.0,4.0,1,12,58,3-5s,2-5s,0.01606425702811245,0.0,0.0,0.0,0.0,8.0,232.0,68.0,0.23076923076923078,0.5116411935411949,127.39865719175752,31.84966429793938,11.786200228708305,4.431682384991575,249.0,4.0,0.01606425702811245,-11.675682067871094,-12.002626180648804,-11.27066421508789,-0.4050178527832031,0.8714859437751004,33.0,32.0,79.0,19.0,-11.5977783203125,-0.07790374755859375,-11.678512620925904,0.002830553054810281,0.0,0.0,0.0,0.0,164.0,249.0,0.0,1.0,2.0,232.0,68.0,longer_audio,188.5,1,11-15w
t4prXmPwthg_3,"As a woman speaks, fabric gets sliced and plastic is set down",249,t4prXmPwthg,"[[177, 183], [199, 206], [211, 216], [221, 227], [234, 240]]",7.0,30.0,5,12,61,5-10s,5-10s,0.028112449799196786,0.0,0.0,1.0,0.0,10.0,186.0,6.0,0.6,0.5116411935411949,127.39865719175752,18.199808170251075,21.071213505899813,3.2619436781408524,249.0,30.0,0.12048192771084337,-11.440052032470703,-12.07875363032023,-11.247392654418945,-0.1926593780517578,0.9678714859437751,9.0,8.0,72.0,21.0,-11.457517623901367,0.017465591430664062,-11.373820610046387,-0.06623142242431612,0.0,0.0,0.0,1.0,211.03333333333333,249.0,0.0,1.0,1.4285714285714286,186.0,6.0,not_short_primary,nan,3+,11-15w
tB8TiiXwKmA_1,A power drill whirs,70,tB8TiiXwKmA,"[[0, 11], [20, 32], [54, 67]]",13.0,36.0,3,4,19,10-20s,10s+,0.18571428571428572,0.0,0.0,1.0,1.0,5.0,61.5,1.0,0.7272727272727273,0.5116411935411949,35.81488354788364,2.754991042144895,4.538925996704622,0.5165058173141936,70.0,36.0,0.5142857142857142,-10.759456634521484,-11.055757178200615,-11.385150909423828,0.6256942749023438,1.0,1.0,0.0,8.0,0.0,-11.385150909423828,0.6256942749023438,-11.385150909423828,0.6256942749023438,1.0,1.0,1.0,1.0,32.19444444444444,70.0,1.0,1.0,0.38461538461538464,61.5,1.0,not_short_primary,nan,3+,0-5w
tIM-H2rdq8U_1,A man speaks as metal clashes and a heartbeat sound,105,tIM-H2rdq8U,"[[10, 14], [16, 18], [20, 25], [27, 35], [82, 97], [101, 105]]",15.0,38.0,6,10,51,10-20s,10s+,0.14285714285714285,0.0,0.0,1.0,0.0,5.0,9.5,2.5,0.5,0.5116411935411949,53.72232532182546,3.581488354788364,4.690897072960353,0.11210829265719724,105.0,38.0,0.3619047619047619,-11.780109405517578,-12.31935917703729,-11.63558292388916,-0.14452648162841797,0.9714285714285714,4.0,3.0,22.0,7.0,-11.63558292388916,-0.14452648162841797,-11.665005989074707,-0.11510341644287081,0.0,0.0,1.0,1.0,57.81578947368421,105.0,0.0,1.0,0.3333333333333333,9.5,2.5,not_short_primary,nan,3+,6-10w
tIM-H2rdq8U_2,Gunshots ring out as echoes fill the cave,105,tIM-H2rdq8U,"[[37, 41], [44, 47], [51, 54], [55, 58], [66, 68], [70, 72], [74, 77], [60, 63]]",4.0,23.0,8,8,41,3-5s,2-5s,0.0380952380952381,1.0,0.0,1.0,0.0,8.0,40.0,1.0,0.5,0.5116411935411949,53.72232532182546,13.430581330456365,4.970084433792659,0.025408234634994642,105.0,23.0,0.21904761904761905,-10.841585159301758,-11.111312368641729,-10.758539199829102,-0.08304595947265625,0.9428571428571428,7.0,6.0,24.0,6.0,-10.84984302520752,0.008257865905761719,-10.808815460205079,-0.03276969909667926,0.0,0.0,0.0,1.0,56.80434782608695,105.0,1.0,1.0,2.0,40.0,1.0,shorter_or_equal_audio,188.5,3+,6-10w
tIM-H2rdq8U_3,A man speaks as a gun reloads,105,tIM-H2rdq8U,"[[68, 69]]",1.0,1.0,1,7,29,1-2s,0-2s,0.009523809523809525,0.0,0.0,0.0,0.0,6.0,26.0,42.5,0.2,0.5116411935411949,53.72232532182546,53.72232532182546,19.880337735170635,2.5254082346349946,105.0,1.0,0.009523809523809525,-12.389654159545898,-12.389654159545898,-11.922651290893555,-0.46700286865234375,0.5047619047619047,53.0,52.0,33.0,8.0,-12.327966690063477,-0.061687469482421875,-12.360374221801758,-0.029279937744140838,0.0,0.0,0.0,0.0,68.5,105.0,0.0,1.0,6.0,26.0,42.5,shorter_or_equal_audio,213.0,1,6-10w
tIM-H2rdq8U_4,Gunshots ring out as a woman screams and echoes fill the cave,105,tIM-H2rdq8U,"[[36, 38]]",2.0,2.0,1,12,61,2-3s,2-5s,0.01904761904761905,0.0,0.0,0.0,0.0,6.0,89.0,52.0,0.0,0.5116411935411949,53.72232532182546,26.86116266091273,44.25452846787007,1.2252412740287113,105.0,2.0,0.01904761904761905,-11.294130325317383,-11.343470573425293,-11.215927124023438,-0.07820320129394531,0.9142857142857143,10.0,9.0,36.0,10.0,-11.224933624267578,-0.06919670104980469,-11.363710851669312,0.06958052635192935,0.0,0.0,0.0,1.0,37.0,105.0,0.0,1.0,3.0,89.0,52.0,shorter_or_equal_audio,188.5,1,11-15w
tJhVH3VIrnE_1,"Music plays while a door gets banged, broken, and forced open",89,tJhVH3VIrnE,"[[0, 6]]",6.0,6.0,1,11,61,5-10s,5-10s,0.06741573033707865,1.0,1.0,1.0,1.0,6.0,3.0,0.0,1.0,0.5116411935411949,45.536066225166344,7.589344370861057,9.940234273654081,11.314498685271518,89.0,6.0,0.06741573033707865,-11.576824188232422,-11.805416584014893,-11.804091453552246,0.22726726531982422,1.0,1.0,0.0,25.0,2.0,-12.054230690002441,0.47740650177001953,-12.24326922416687,0.6664450359344478,1.0,1.0,1.0,1.0,3.0,89.0,1.0,0.0,1.0,3.0,0.0,not_short_primary,nan,1,11-15w
tNxfdAd14qE_1,A motor is spinning,64,tNxfdAd14qE,"[[22, 23], [34, 39], [49, 50]]",5.0,7.0,3,4,19,5-10s,5-10s,0.078125,0.0,0.0,1.0,0.0,3.0,4.5,18.0,0.6666666666666666,0.5116411935411949,32.74503638663647,6.549007277327294,6.285109358927548,0.7331315851857312,64.0,7.0,0.109375,-13.47388744354248,-13.952544484819684,-12.921401977539062,-0.552485466003418,0.703125,20.0,19.0,17.0,4.0,-13.370416641235352,-0.1034708023071289,-13.05882124900818,-0.41506619453430105,0.0,0.0,0.0,0.0,36.357142857142854,64.0,0.0,1.0,0.6,4.5,18.0,not_short_primary,nan,3+,0-5w
taYKM1OSTwE_1,A woman talks as wind blows,220,taYKM1OSTwE,"[[0, 4], [148, 150]]",4.0,6.0,2,6,27,3-5s,2-5s,0.01818181818181818,1.0,1.0,1.0,1.0,5.0,2.5,0.5,0.8,0.5116411935411949,112.56106257906286,28.140265644765716,10.413510242232237,0.18485893695523714,220.0,6.0,0.02727272727272727,-9.736589431762695,-11.121203104654947,-10.037944793701172,0.30135536193847656,1.0,1.0,0.0,62.0,11.0,-10.037944793701172,0.30135536193847656,-11.498183498382568,1.7615940666198728,1.0,1.0,1.0,1.0,51.0,220.0,1.0,0.0,1.25,2.5,0.5,longer_audio,188.5,2,6-10w
taYKM1OSTwE_2,A woman clears her throat,220,taYKM1OSTwE,"[[151, 152]]",1.0,1.0,1,5,25,1-2s,0-2s,0.004545454545454545,0.0,0.0,0.0,0.0,5.0,2.5,149.0,0.0,0.5116411935411949,112.56106257906286,112.56106257906286,98.03413303464946,0.5157831489603097,220.0,1.0,0.004545454545454545,-11.339376449584961,-11.339376449584961,-9.135409355163574,-2.2039670944213867,0.7454545454545455,57.0,56.0,67.0,11.0,-11.400917053222656,0.06154060363769531,-11.57240345954895,0.23302700996398862,0.0,0.0,0.0,0.0,151.5,220.0,0.0,1.0,5.0,2.5,149.0,longer_audio,213.0,1,0-5w
tdpiXW68adA_1,Music plays,299,tdpiXW68adA,"[[0, 20]]",20.0,20.0,1,2,11,20s+,10s+,0.06688963210702341,1.0,0.0,1.0,0.0,13.0,6.5,3.5,0.65,0.5116411935411949,152.98071686881727,7.649035843440863,10.018415891536753,38.09028209995712,299.0,20.0,0.06688963210702341,-9.548615455627441,-10.101613092422486,-10.809663772583008,1.2610483169555664,1.0,1.0,0.0,95.0,7.0,-11.311152458190918,1.7625370025634766,-11.310878982543946,1.7622635269165041,1.0,1.0,1.0,1.0,10.0,299.0,0.0,1.0,0.65,6.5,3.5,not_short_primary,nan,1,0-5w
tdpiXW68adA_2,A man talks,299,tdpiXW68adA,"[[20, 34], [60, 300]]",240.0,254.0,2,3,11,20s+,10s+,0.802675585284281,1.0,0.0,1.0,1.0,123.0,230.5,50.5,0.8643410852713178,0.5116411935411949,152.98071686881727,0.6374196536200719,0.09236453051736772,4.475602861897244,299.0,253.0,0.8461538461538461,-11.639002799987793,-12.056198666689424,-11.724173545837402,0.08517074584960938,1.0,1.0,0.0,15.0,3.0,-11.724173545837402,0.08517074584960938,-11.724173545837402,0.08517074584960938,1.0,1.0,1.0,1.0,171.06126482213438,299.0,0.0,1.0,0.5125,230.5,50.5,not_short_primary,nan,2,0-5w
tdpiXW68adA_3,A woman speaks through tears,299,tdpiXW68adA,"[[35, 59]]",24.0,24.0,1,5,28,20s+,10s+,0.0802675585284281,0.0,0.0,0.0,0.0,11.0,50.5,3.5,0.4583333333333333,0.5116411935411949,152.98071686881727,6.37419653620072,8.348679909613962,1.0902820999571219,299.0,24.0,0.0802675585284281,-10.722482681274414,-11.132171114285788,-10.812655448913574,0.09017276763916016,1.0,1.0,0.0,91.0,6.0,-10.812655448913574,0.09017276763916016,-11.33965518951416,0.6171725082397455,1.0,1.0,1.0,1.0,47.0,299.0,0.0,1.0,0.4583333333333333,50.5,3.5,not_short_primary,nan,1,0-5w
tfOIhQpYYe8_1,Fast-paced music is playing,109,tfOIhQpYYe8,"[[0, 3], [107, 109]]",3.0,5.0,2,4,27,3-5s,2-5s,0.027522935779816515,1.0,0.0,1.0,1.0,2.0,1.0,0.5,1.0,0.5116411935411949,55.76889009599024,18.589630031996744,24.347989569175166,16.031239962860624,109.0,5.0,0.045871559633027525,-9.383101463317871,-10.87585620880127,-10.263532638549805,0.8804311752319336,1.0,1.0,0.0,32.0,4.0,-10.263532638549805,0.8804311752319336,-11.997914247512817,2.614812784194946,1.0,1.0,1.0,1.0,44.1,109.0,1.0,1.0,0.6666666666666666,1.0,0.5,shorter_or_equal_audio,188.5,2,0-5w
tfOIhQpYYe8_2,A man speaks as wind blows and footsteps echo,109,tfOIhQpYYe8,"[[22, 25]]",3.0,3.0,1,9,45,3-5s,2-5s,0.027522935779816515,0.0,0.0,0.0,0.0,7.0,8.5,15.0,0.17647058823529413,0.5116411935411949,55.76889009599024,18.589630031996744,24.347989569175166,5.968760037139376,109.0,3.0,0.027522935779816515,-11.793761253356934,-11.848359107971191,-11.149988174438477,-0.643773078918457,0.8256880733944955,20.0,19.0,30.0,3.0,-11.551804542541504,-0.2419567108154297,-11.843463582992554,0.049702329635620046,0.0,0.0,0.0,0.0,23.5,109.0,0.0,1.0,2.3333333333333335,8.5,15.0,shorter_or_equal_audio,188.5,1,6-10w
tfOIhQpYYe8_3,Engine noise,109,tfOIhQpYYe8,"[[59, 86]]",27.0,27.0,1,2,12,20s+,10s+,0.24770642201834864,0.0,0.0,1.0,0.0,2.0,1.0,71.5,0.5555555555555556,0.5116411935411949,55.76889009599024,2.0655144479996386,0.7643586642446557,1.2311380721449012,109.0,27.0,0.24770642201834864,-11.232236862182617,-11.390105141533745,-11.279550552368164,0.047313690185546875,1.0,1.0,0.0,23.0,1.0,-11.646993637084961,0.41475677490234375,-11.585348863601684,0.35311200141906696,1.0,1.0,1.0,1.0,72.5,109.0,0.0,1.0,0.07407407407407407,1.0,71.5,not_short_primary,nan,1,0-5w
tfOIhQpYYe8_4,A man speaks as the wind blows,109,tfOIhQpYYe8,"[[87, 107]]",20.0,20.0,1,7,30,20s+,10s+,0.1834862385321101,0.0,0.0,1.0,1.0,34.0,22.0,75.0,0.75,0.5116411935411949,55.76889009599024,2.7884445047995117,2.6760817192308703,13.943927231019444,109.0,20.0,0.1834862385321101,-11.868698120117188,-11.964489698410034,-11.453068733215332,-0.41562938690185547,0.5779816513761468,47.0,46.0,31.0,7.0,-12.094780921936035,0.22608280181884766,-11.496226186752319,-0.37247193336486895,0.0,0.0,0.0,0.0,97.0,109.0,0.0,1.0,1.7,22.0,75.0,not_short_primary,nan,1,6-10w
tjCNwdOUiGc_1,Music is playing,299,tjCNwdOUiGc,"[[3, 6]]",3.0,3.0,1,3,16,3-5s,2-5s,0.010033444816053512,0.0,0.0,1.0,0.0,5.0,2.5,2.0,0.5,0.5116411935411949,152.98071686881727,50.99357228960576,66.7894392769117,43.59028209995712,299.0,3.0,0.010033444816053512,-10.320085525512695,-10.749064127604166,-10.206441879272461,-0.11364364624023438,0.9933110367892977,3.0,2.0,88.0,11.0,-10.206441879272461,-0.11364364624023438,-12.941555061340331,2.621469535827636,0.0,1.0,1.0,1.0,4.5,299.0,1.0,1.0,1.6666666666666667,2.5,2.0,longer_audio,188.5,1,0-5w
tjCNwdOUiGc_2,"Amid the engine noise, a warning sound rings out",299,tjCNwdOUiGc,"[[189, 218], [146, 168], [134, 137]]",29.0,54.0,3,9,48,20s+,10s+,0.09698996655518395,0.0,0.0,0.0,0.0,17.0,41.5,94.0,0.45454545454545453,0.5116411935411949,152.98071686881727,5.275197133407492,1.952125117509366,1.246694646134614,299.0,54.0,0.1806020066889632,-11.519152641296387,-12.872209601932102,-10.934300422668457,-0.5848522186279297,0.959866220735786,13.0,12.0,70.0,14.0,-12.352604866027832,0.8334522247314453,-11.180755996704102,-0.3383966445922848,0.0,0.0,0.0,0.0,180.77777777777777,299.0,0.0,1.0,0.5862068965517241,41.5,94.0,not_short_primary,nan,3+,6-10w
tjCNwdOUiGc_3,"Amid a crowd chatting, things collide, a man speaks, and footsteps echo",299,tjCNwdOUiGc,"[[30, 47]]",17.0,17.0,1,12,71,10-20s,10s+,0.056856187290969896,1.0,0.0,1.0,0.0,21.0,42.5,4.0,0.6521739130434783,0.5116411935411949,152.98071686881727,8.998865698165721,11.786371637102063,9.590282099957122,299.0,17.0,0.056856187290969896,-11.11784553527832,-11.539458274841309,-11.1732177734375,0.05537223815917969,1.0,1.0,0.0,86.0,13.0,-11.279269218444824,0.1614236831665039,-11.396329212188721,0.2784836769104011,1.0,1.0,1.0,1.0,38.5,299.0,0.0,1.0,1.2352941176470589,42.5,4.0,not_short_primary,nan,1,11-15w
tjCNwdOUiGc_4,"As cars pass by, a horn blares",299,tjCNwdOUiGc,"[[124, 127]]",3.0,3.0,1,7,30,3-5s,2-5s,0.010033444816053512,0.0,0.0,0.0,0.0,33.0,105.5,20.0,0.034482758620689655,0.5116411935411949,152.98071686881727,50.99357228960576,32.16741606353083,8.077567865930007,299.0,3.0,0.010033444816053512,-11.472511291503906,-11.708710034688314,-10.41685676574707,-1.055654525756836,0.7224080267558528,84.0,83.0,85.0,13.0,-11.145240783691406,-0.3272705078125,-11.296441383361817,-0.17606990814208956,0.0,0.0,0.0,0.0,125.5,299.0,0.0,1.0,11.0,105.5,20.0,longer_audio,188.5,1,6-10w
tjCNwdOUiGc_5,"As several men chat and laugh, footsteps echo nearby",299,tjCNwdOUiGc,"[[268, 282]]",14.0,14.0,1,9,52,10-20s,10s+,0.046822742474916385,0.0,0.0,1.0,0.0,16.0,12.0,263.0,0.5416666666666666,0.5116411935411949,152.98071686881727,10.927194062058376,10.486873316514158,47.1672866245396,299.0,14.0,0.046822742474916385,-11.691144943237305,-12.439425468444824,-10.588539123535156,-1.1026058197021484,0.8762541806020067,38.0,37.0,81.0,13.0,-12.248693466186523,0.5575485229492188,-11.247356004714966,-0.4437889385223386,0.0,0.0,0.0,0.0,275.0,299.0,0.0,1.0,1.1428571428571428,12.0,263.0,not_short_primary,nan,1,6-10w
tmLAXm1WlnE_1,Insects buzz nearby,188,tmLAXm1WlnE,"[[51, 54], [62, 161], [179, 186]]",99.0,109.0,3,3,19,20s+,10s+,0.526595744680851,0.0,0.0,1.0,0.0,47.0,39.5,13.0,0.5,0.5116411935411949,96.18854438574463,0.971601458441865,0.14078874419592688,1.136833906477193,188.0,109.0,0.5797872340425532,-11.787607192993164,-12.168410887411975,-11.562583923339844,-0.2250232696533203,0.7819148936170213,42.0,41.0,25.0,10.0,-11.75765609741211,-0.029951095581054688,-11.562583923339844,-0.2250232696533203,0.0,0.0,0.0,0.0,114.43577981651376,188.0,0.0,1.0,0.47474747474747475,39.5,13.0,not_short_primary,nan,3+,0-5w
tmLAXm1WlnE_2,Plastic rustles,188,tmLAXm1WlnE,"[[162, 172], [178, 180], [25, 41]]",16.0,28.0,3,2,15,10-20s,10s+,0.0851063829787234,1.0,1.0,1.0,1.0,10.0,167.0,0.0,1.0,0.5116411935411949,96.18854438574463,6.01178402410904,7.874005801040592,2.7626319906624097,188.0,28.0,0.14893617021276595,-10.493616104125977,-10.887247937066215,-10.451316833496094,-0.04229927062988281,0.9946808510638298,2.0,1.0,50.0,2.0,-10.594377517700195,0.10076141357421875,-10.969196424484252,0.4755803203582758,0.0,1.0,1.0,1.0,91.28571428571429,188.0,1.0,0.0,0.625,167.0,0.0,not_short_primary,nan,3+,0-5w
tpm5IOD5d4o_1,Someone whistles,85,tpm5IOD5d4o,"[[7, 10], [21, 25], [36, 41], [45, 50], [54, 58], [68, 69]]",5.0,22.0,6,2,16,5-10s,5-10s,0.058823529411764705,1.0,0.0,1.0,1.0,4.0,22.0,1.0,0.75,0.5116411935411949,43.489501451001566,8.697900290200312,14.301022808755494,0.019008899161445214,85.0,22.0,0.25882352941176473,-10.25351333618164,-10.597736965526234,-10.461134910583496,0.20762157440185547,1.0,1.0,0.0,19.0,1.0,-10.461134910583496,0.20762157440185547,-10.529184827804565,0.2756714916229246,1.0,1.0,1.0,1.0,38.18181818181818,85.0,1.0,1.0,0.8,22.0,1.0,not_short_primary,nan,3+,0-5w
tpm5IOD5d4o_2,A bird chirps,85,tpm5IOD5d4o,"[[0, 5], [11, 20], [26, 29], [33, 36], [59, 63], [71, 72], [84, 85]]",9.0,26.0,7,3,13,5-10s,5-10s,0.10588235294117647,1.0,1.0,1.0,1.0,5.0,2.5,0.0,1.0,0.5116411935411949,43.489501451001566,4.832166827889063,5.594543523431678,1.5592980427388454,85.0,26.0,0.3058823529411765,-10.656131744384766,-10.896108847398024,-10.573064804077148,-0.08306694030761719,0.9764705882352941,3.0,2.0,21.0,5.0,-10.573064804077148,-0.08306694030761719,-10.637693977355957,-0.01843776702880895,0.0,1.0,1.0,1.0,28.384615384615383,85.0,1.0,0.0,0.5555555555555556,2.5,0.0,not_short_primary,nan,3+,0-5w
tpm5IOD5d4o_3,A woman speaks,85,tpm5IOD5d4o,"[[30, 31], [43, 44], [52, 53], [63, 68], [75, 76], [78, 84]]",6.0,15.0,6,3,14,5-10s,5-10s,0.07058823529411765,1.0,0.0,1.0,0.0,5.0,79.5,1.5,0.5714285714285714,0.5116411935411949,43.489501451001566,7.248250241833595,11.941698157996683,0.4442429361184814,85.0,15.0,0.17647058823529413,-10.828041076660156,-11.36478697458903,-11.312597274780273,0.4845561981201172,1.0,1.0,0.0,19.0,0.0,-11.312597274780273,0.4845561981201172,-11.67339804649353,0.8453569698333734,1.0,1.0,1.0,1.0,67.7,85.0,1.0,1.0,0.8333333333333334,79.5,1.5,not_short_primary,nan,3+,0-5w
twFypUcdgRc_1,"As the wind blows, a man laughs and speaks",269,twFypUcdgRc,"[[90, 94], [110, 122], [151, 156]]",12.0,21.0,3,9,42,10-20s,10s+,0.04460966542750929,0.0,0.0,1.0,1.0,9.0,142.5,11.0,0.75,0.5116411935411949,137.63148106258143,11.469290088548453,7.234979031011533,4.1751363074754835,269.0,21.0,0.07806691449814127,-10.686393737792969,-10.998940013703846,-10.64724349975586,-0.039150238037109375,0.9962825278810409,2.0,1.0,74.0,16.0,-10.813699722290039,0.1273059844970703,-10.831453104019165,0.14505936622619586,0.0,1.0,1.0,1.0,120.35714285714286,269.0,0.0,1.0,0.75,142.5,11.0,not_short_primary,nan,3+,6-10w
twFypUcdgRc_2,"As the wind blows, machines hum in the background",269,twFypUcdgRc,"[[107, 110], [232, 247]]",15.0,18.0,2,9,49,10-20s,10s+,0.055762081784386616,0.0,0.0,1.0,1.0,8.0,79.0,29.5,0.8,0.5116411935411949,137.63148106258143,9.175432070838761,15.116784962358157,10.570572355107402,269.0,18.0,0.06691449814126393,-11.967912673950195,-12.225197950998941,-11.39224624633789,-0.5756664276123047,0.8661710037174721,37.0,36.0,73.0,12.0,-12.046748161315918,0.07883548736572266,-11.610074472427367,-0.35783820152282786,0.0,0.0,0.0,0.0,217.66666666666666,269.0,0.0,1.0,0.5333333333333333,79.0,29.5,not_short_primary,nan,2,6-10w
twFypUcdgRc_3,A horn blares,269,twFypUcdgRc,"[[211, 212], [257, 258]]",1.0,2.0,2,3,13,1-2s,0-2s,0.0037174721189591076,0.0,0.0,0.0,0.0,8.0,185.0,26.5,0.0,0.5116411935411949,137.63148106258143,137.63148106258143,132.08550137121176,6.526756193983772,269.0,2.0,0.007434944237918215,-13.02377700805664,-13.140317440032959,-12.27513313293457,-0.7486438751220703,0.8698884758364313,36.0,35.0,81.0,21.0,-12.984235763549805,-0.03954124450683594,-13.186256408691406,0.16247940063476562,0.0,0.0,0.0,0.0,234.5,269.0,0.0,1.0,8.0,185.0,26.5,longer_audio,213.0,2,0-5w
txeXrpoMST4_1,"Eerie music plays as a phone rings, a man groans, and electronic sounds chime",300,txeXrpoMST4,"[[2, 6]]",4.0,4.0,1,14,77,3-5s,2-5s,0.013333333333333334,0.0,0.0,1.0,0.0,6.0,272.0,268.0,0.5,0.5116411935411949,153.49235806235845,38.37308951558961,50.25961149600378,44.25111916383658,300.0,4.0,0.013333333333333334,-11.02950382232666,-11.965019702911377,-10.785346984863281,-0.2441568374633789,0.99,4.0,3.0,88.0,13.0,-12.4014253616333,1.3719215393066406,-12.049456911087036,1.019953088760376,0.0,0.0,1.0,1.0,4.0,300.0,0.0,1.0,1.5,272.0,268.0,longer_audio,188.5,1,11-15w
txeXrpoMST4_2,A man talks,300,txeXrpoMST4,"[[23, 26], [27, 34], [81, 92], [126, 127], [135, 136], [139, 140], [142, 145], [149, 153], [157, 162], [171, 175], [178, 184], [215, 219], [258, 259], [273, 277], [0, 1], [6, 7], [8, 10], [38, 39], [41, 43], [46, 51], [52, 63], [93, 94], [164, 168]]",11.0,83.0,23,3,11,10-20s,10s+,0.03666666666666667,0.0,0.0,1.0,0.0,27.0,156.5,3.0,0.6111111111111112,0.5116411935411949,153.49235806235845,13.953850732941676,14.516133229532047,0.06012757088896592,300.0,83.0,0.27666666666666667,-11.066732406616211,-11.394617528800504,-11.182550430297852,0.11581802368164062,1.0,1.0,0.0,65.0,3.0,-11.182550430297852,0.11581802368164062,-11.18893322944641,0.12220082283019984,1.0,1.0,1.0,1.0,111.52409638554217,300.0,0.0,1.0,2.4545454545454546,156.5,3.0,not_short_primary,nan,3+,0-5w
txeXrpoMST4_3,Eerie music plays and noises fill the air,300,txeXrpoMST4,"[[12, 24], [70, 83], [104, 124], [195, 215], [0, 6], [223, 248], [261, 268]]",25.0,103.0,7,8,41,20s+,10s+,0.08333333333333333,1.0,1.0,1.0,1.0,6.0,4.0,1.0,0.7142857142857143,0.5116411935411949,153.49235806235845,6.139694322494338,2.2720385983052154,2.070262186757134,300.0,103.0,0.3433333333333333,-9.80911636352539,-11.399998877812358,-10.846149444580078,1.0370330810546875,1.0,1.0,0.0,62.0,2.0,-10.846149444580078,1.0370330810546875,-10.928536920547485,1.119420557022094,1.0,1.0,1.0,1.0,149.00485436893203,300.0,1.0,0.0,0.24,4.0,1.0,not_short_primary,nan,3+,6-10w
txeXrpoMST4_4,"A man screams as eerie, rhythmic music and sound effects play",300,txeXrpoMST4,"[[236, 237], [244, 248]]",4.0,5.0,2,11,61,3-5s,2-5s,0.013333333333333334,0.0,0.0,0.0,0.0,6.0,271.0,25.0,0.0,0.5116411935411949,153.49235806235845,38.37308951558961,36.82681264996611,7.905304305558104,300.0,5.0,0.016666666666666666,-11.07583236694336,-11.440550994873046,-11.04484748840332,-0.030984878540039062,0.9966666666666667,2.0,1.0,86.0,13.0,-11.345113754272461,0.26928138732910156,-12.100716524124145,1.0248841571807858,0.0,1.0,1.0,1.0,244.1,300.0,0.0,1.0,1.5,271.0,25.0,longer_audio,188.5,2,11-15w
txeXrpoMST4_5,Rhythmic music and sound effects play,300,txeXrpoMST4,"[[236, 248]]",12.0,12.0,1,6,37,10-20s,10s+,0.04,0.0,0.0,0.0,0.0,5.0,2.5,239.5,0.0,0.5116411935411949,153.49235806235845,12.791029838529871,12.275604216655369,13.405304305558104,300.0,12.0,0.04,-10.452411651611328,-10.769173463185629,-10.007553100585938,-0.4448585510253906,0.9766666666666667,8.0,7.0,90.0,10.0,-10.80795669555664,0.3555450439453125,-10.817763566970825,0.36535191535949707,0.0,0.0,0.0,1.0,242.0,300.0,0.0,1.0,0.4166666666666667,2.5,239.5,not_short_primary,nan,1,6-10w
u8bQf0SnCVI_1,A woman talks,239,u8bQf0SnCVI,"[[0, 1], [42, 44], [61, 63], [110, 112], [167, 173]]",6.0,13.0,5,3,13,5-10s,5-10s,0.02510460251046025,0.0,0.0,0.0,0.0,13.0,174.5,4.5,0.4,0.5116411935411949,122.28224525634558,20.38037420939093,33.509259326397675,2.6171396835342904,239.0,13.0,0.05439330543933055,-10.82546329498291,-11.194680213928223,-11.291996955871582,0.4665336608886719,1.0,1.0,0.0,62.0,7.0,-11.291996955871582,0.4665336608886719,-11.56269723892212,0.7372339439392093,1.0,1.0,1.0,1.0,111.73076923076923,239.0,0.0,1.0,2.1666666666666665,174.5,4.5,not_short_primary,nan,3+,0-5w
u8bQf0SnCVI_2,Water flows,239,u8bQf0SnCVI,"[[2, 6], [35, 38], [45, 49], [63, 66], [150, 170]]",20.0,34.0,5,2,11,20s+,10s+,0.08368200836820083,1.0,1.0,1.0,1.0,16.0,161.0,1.0,0.8,0.5116411935411949,122.28224525634558,6.114112262817279,10.052777797919303,0.11713968353429038,239.0,34.0,0.14225941422594143,-10.537721633911133,-10.965982128592099,-10.656271934509277,0.11855030059814453,1.0,1.0,0.0,57.0,0.0,-10.656271934509277,0.11855030059814453,-11.080036735534668,0.5423151016235348,1.0,1.0,1.0,1.0,109.02941176470588,239.0,1.0,0.0,0.8,161.0,1.0,not_short_primary,nan,3+,0-5w
u8bQf0SnCVI_3,A man and a woman talk as water flows,239,u8bQf0SnCVI,"[[160, 173]]",13.0,13.0,1,9,37,10-20s,10s+,0.05439330543933055,1.0,1.0,1.0,1.0,18.0,166.0,0.5,0.7222222222222222,0.5116411935411949,122.28224525634558,9.406326558180428,8.192362865482945,1.3555810336295053,239.0,13.0,0.05439330543933055,-12.216367721557617,-12.816124549278847,-12.060930252075195,-0.15543746948242188,0.9874476987447699,4.0,3.0,67.0,9.0,-13.396333694458008,1.1799659729003906,-12.612744159698487,0.3963764381408694,0.0,0.0,1.0,1.0,166.5,239.0,1.0,0.0,1.3846153846153846,166.0,0.5,not_short_primary,nan,1,6-10w
u8bQf0SnCVI_4,Something gets scraped,239,u8bQf0SnCVI,"[[173, 204], [204, 212], [54, 57], [70, 125], [133, 138], [220, 234]]",55.0,116.0,6,3,22,20s+,10s+,0.2301255230125523,0.0,0.0,1.0,0.0,12.0,94.0,3.5,0.6,0.5116411935411949,122.28224525634558,2.2233135501153742,0.32216658379301993,4.802110086978473,239.0,116.0,0.48535564853556484,-11.881946563720703,-12.289960450139539,-11.877616882324219,-0.004329681396484375,0.99581589958159,2.0,1.0,36.0,5.0,-11.994077682495117,0.11213111877441406,-11.880607557296752,-0.0013390064239509059,0.0,1.0,1.0,1.0,145.6206896551724,239.0,0.0,1.0,0.21818181818181817,94.0,3.5,not_short_primary,nan,3+,0-5w
uJzAf4PaExI_1,An announcement plays as the wind blows,299,uJzAf4PaExI,"[[22, 40], [204, 214]]",18.0,28.0,2,7,39,10-20s,10s+,0.06020066889632107,1.0,0.0,1.0,0.0,11.0,206.5,2.5,0.6153846153846154,0.5116411935411949,152.98071686881727,8.498928714934292,7.402072166000047,2.396731083913039,299.0,28.0,0.09364548494983277,-10.724422454833984,-11.069075856889997,-11.121994018554688,0.3975715637207031,1.0,1.0,0.0,84.0,6.0,-11.360576629638672,0.6361541748046875,-11.34288366317749,0.6184612083435059,1.0,1.0,1.0,1.0,94.57142857142857,299.0,0.0,1.0,0.6111111111111112,206.5,2.5,not_short_primary,nan,2,6-10w
uJzAf4PaExI_2,Coughing and voices blend with the wind,299,uJzAf4PaExI,"[[169, 170], [236, 237], [289, 290]]",1.0,3.0,3,7,39,1-2s,0-2s,0.0033444816053511705,0.0,0.0,0.0,0.0,9.0,208.5,28.0,0.09090909090909091,0.5116411935411949,152.98071686881727,152.98071686881727,22.167487324168253,6.024397138102756,299.0,3.0,0.010033444816053512,-11.749452590942383,-11.850308736165365,-11.255765914916992,-0.4936866760253906,0.9531772575250836,15.0,14.0,97.0,13.0,-12.112308502197266,0.3628559112548828,-12.202661867141723,0.45320927619934004,0.0,0.0,0.0,0.0,231.83333333333334,299.0,0.0,1.0,9.0,208.5,28.0,longer_audio,213.0,3+,6-10w
uJzAf4PaExI_3,A notification-like sound rings out over the wind,299,uJzAf4PaExI,"[[196, 200]]",4.0,4.0,1,8,49,3-5s,2-5s,0.013377926421404682,0.0,0.0,0.0,0.0,13.0,207.5,9.5,0.15384615384615385,0.5116411935411949,152.98071686881727,38.24517921720432,14.152907101942903,4.253305353865386,299.0,4.0,0.013377926421404682,-12.707984924316406,-12.919922351837158,-12.058856964111328,-0.6491279602050781,0.9698996655518395,10.0,9.0,95.0,17.0,-12.058856964111328,-0.6491279602050781,-13.044409132003784,0.3364242076873776,0.0,0.0,0.0,1.0,198.0,299.0,0.0,1.0,3.25,207.5,9.5,longer_audio,188.5,1,6-10w
uY4fe5DT1gI_1,Something is dropped and something is rubbed,299,uY4fe5DT1gI,"[[214, 216]]",2.0,2.0,1,7,44,2-3s,2-5s,0.006688963210702341,0.0,0.0,0.0,0.0,13.0,217.5,2.5,0.15384615384615385,0.5116411935411949,152.98071686881727,76.49035843440863,88.55833306796849,5.061530762104866,299.0,2.0,0.006688963210702341,-11.061132431030273,-11.252986431121826,-11.279499053955078,0.2183666229248047,1.0,1.0,0.0,96.0,21.0,-11.366531372070312,0.30539894104003906,-11.624846286773682,0.5637138557434085,1.0,1.0,1.0,1.0,215.0,299.0,0.0,1.0,6.5,217.5,2.5,longer_audio,188.5,1,6-10w
uY4fe5DT1gI_2,A woman talks,299,uY4fe5DT1gI,"[[216, 218]]",2.0,2.0,1,3,13,2-3s,2-5s,0.006688963210702341,0.0,0.0,0.0,0.0,27.0,17.5,199.5,0.0,0.5116411935411949,152.98071686881727,76.49035843440863,88.55833306796849,3.0615307621048657,299.0,2.0,0.006688963210702341,-13.50792121887207,-13.725883960723877,-11.918760299682617,-1.5891609191894531,0.5752508361204013,128.0,127.0,98.0,15.0,-13.826005935668945,0.318084716796875,-13.083948945999145,-0.42397227287292516,0.0,0.0,0.0,0.0,217.0,299.0,0.0,1.0,13.5,17.5,199.5,longer_audio,188.5,1,0-5w
uhSDBwVrEdo_1,A man speaks as birds chirp,86,uhSDBwVrEdo,"[[0, 12], [84, 86]]",12.0,14.0,2,6,27,10-20s,10s+,0.13953488372093023,1.0,1.0,1.0,1.0,10.0,5.0,1.0,0.8333333333333334,0.5116411935411949,44.00114264454276,3.66676188704523,4.802585098507028,7.831987493633152,86.0,14.0,0.16279069767441862,-10.021217346191406,-10.673760618482317,-10.572771072387695,0.5515537261962891,1.0,1.0,0.0,20.0,0.0,-10.572771072387695,0.5515537261962891,-11.273814220428466,1.2525968742370601,1.0,1.0,1.0,1.0,17.285714285714285,86.0,1.0,0.0,0.8333333333333334,5.0,1.0,not_short_primary,nan,2,6-10w
uhSDBwVrEdo_2,A deep breath is taken,86,uhSDBwVrEdo,"[[29, 31]]",2.0,2.0,1,5,22,2-3s,2-5s,0.023255813953488372,0.0,0.0,1.0,0.0,3.0,13.5,16.5,0.6666666666666666,0.5116411935411949,44.00114264454276,22.00057132227138,36.24656617368405,1.3082928530139917,86.0,2.0,0.023255813953488372,-12.450926780700684,-12.592768669128418,-11.945175170898438,-0.5057516098022461,0.8372093023255814,15.0,14.0,27.0,5.0,-11.993730545043945,-0.4571962356567383,-12.54914704322815,0.09822026252746596,0.0,0.0,0.0,0.0,30.0,86.0,0.0,1.0,1.5,13.5,16.5,shorter_or_equal_audio,188.5,1,0-5w
uhSDBwVrEdo_3,Birds chirp as someone whistles,86,uhSDBwVrEdo,"[[13, 30], [31, 83]]",52.0,69.0,2,5,31,20s+,10s+,0.6046511627906976,0.0,0.0,1.0,1.0,17.0,30.5,9.0,0.8235294117647058,0.5116411935411949,44.00114264454276,0.8461758200873608,0.31313352476642387,1.1731915064629561,86.0,69.0,0.8023255813953488,-11.094633102416992,-11.474328690680904,-11.31808090209961,0.2234477996826172,1.0,1.0,0.0,6.0,0.0,-11.31808090209961,0.2234477996826172,-11.31808090209961,0.2234477996826172,1.0,1.0,1.0,1.0,48.2536231884058,86.0,0.0,1.0,0.3269230769230769,30.5,9.0,not_short_primary,nan,2,0-5w
up2PpjTzyyc_1,"A cat meows, music plays, a man talks, and something makes a rubbing sound",299,up2PpjTzyyc,"[[40, 43], [66, 69], [111, 114], [177, 178], [214, 215], [253, 257], [298, 300]]",4.0,17.0,7,14,74,3-5s,2-5s,0.013377926421404682,0.0,0.0,0.0,0.0,13.0,244.5,10.5,0.1875,0.5116411935411949,152.98071686881727,38.24517921720432,5.541871831042063,1.9756028618972437,299.0,16.0,0.05351170568561873,-11.783611297607422,-12.462414383888245,-11.343982696533203,-0.43962860107421875,0.959866220735786,13.0,12.0,97.0,22.0,-11.343982696533203,-0.43962860107421875,-11.750630559921264,-0.032980737686157724,0.0,0.0,0.0,0.0,148.4375,299.0,0.0,1.0,3.25,244.5,10.5,longer_audio,188.5,3+,11-15w
v7BaYF0kagM_1,Engine noise hums as a man speaks over the radio,299,v7BaYF0kagM,"[[1, 26], [31, 56], [133, 141], [151, 160], [174, 231], [257, 270]]",57.0,137.0,6,10,48,20s+,10s+,0.19063545150501673,1.0,1.0,1.0,1.0,21.0,12.5,1.0,0.84,0.5116411935411949,152.98071686881727,2.683872225768724,0.9931864632942388,0.246694646134614,299.0,137.0,0.45819397993311034,-11.097320556640625,-12.206738694740908,-11.350421905517578,0.2531013488769531,1.0,1.0,0.0,39.0,0.0,-11.350421905517578,0.2531013488769531,-11.403685750961303,0.3063651943206782,1.0,1.0,1.0,1.0,137.87226277372264,299.0,1.0,0.0,0.3684210526315789,12.5,1.0,not_short_primary,nan,3+,6-10w
v7BaYF0kagM_2,Engine noise hums as a man and a woman talk over the radio,299,v7BaYF0kagM,"[[232, 239], [274, 286], [288, 298]]",12.0,29.0,3,13,58,10-20s,10s+,0.04013377926421405,0.0,0.0,1.0,1.0,29.0,14.5,221.0,0.75,0.5116411935411949,152.98071686881727,12.74839307240144,12.234685535933183,7.667286624539599,299.0,29.0,0.09698996655518395,-12.243843078613281,-12.773745832772091,-10.48379135131836,-1.7600517272949219,0.7591973244147158,73.0,72.0,76.0,14.0,-12.936506271362305,0.6926631927490234,-10.638051652908326,-1.6057914257049557,0.0,0.0,0.0,0.0,273.7413793103448,299.0,0.0,1.0,2.4166666666666665,14.5,221.0,not_short_primary,nan,3+,11-15w
vEWmHtiznF8_1,"A man talks as an engine hums, machinery operates, and something falls",300,vEWmHtiznF8,"[[177, 200]]",23.0,23.0,1,12,70,20s+,10s+,0.07666666666666666,0.0,0.0,1.0,1.0,25.0,286.5,98.0,0.71875,0.5116411935411949,153.49235806235845,6.673580785319933,0.9670272207722084,12.388564744378499,300.0,23.0,0.07666666666666666,-11.603569030761719,-11.796199798583984,-11.212455749511719,-0.39111328125,0.8833333333333333,36.0,35.0,93.0,19.0,-11.620010375976562,0.01644134521484375,-11.394944887161255,-0.20862414360046344,0.0,0.0,0.0,0.0,188.5,300.0,0.0,1.0,1.0869565217391304,286.5,98.0,not_short_primary,nan,1,11-15w
vEWmHtiznF8_2,A man speaks as engine noise hums and electronic beeps sound in a steady rhythm,300,vEWmHtiznF8,"[[272, 285]]",13.0,13.0,1,15,79,10-20s,10s+,0.043333333333333335,0.0,0.0,0.0,0.0,16.0,11.0,267.5,0.4230769230769231,0.5116411935411949,153.49235806235845,11.807104466335264,11.33132696922034,49.905304305558104,300.0,13.0,0.043333333333333335,-11.712347984313965,-11.862193180964542,-11.122076034545898,-0.5902719497680664,0.8433333333333334,48.0,47.0,94.0,14.0,-11.689470291137695,-0.02287769317626953,-11.476190156936646,-0.23615782737731905,0.0,0.0,0.0,0.0,278.5,300.0,0.0,1.0,1.2307692307692308,11.0,267.5,not_short_primary,nan,1,11-15w
vfNKduToki4_1,Steam hisses while an engine runs in the background,217,vfNKduToki4,"[[12, 13]]",1.0,1.0,1,9,51,1-2s,0-2s,0.004608294930875576,0.0,0.0,0.0,0.0,10.0,41.0,28.5,0.1,0.5116411935411949,111.02613899843928,111.02613899843928,145.41780926177094,22.401642861841793,217.0,1.0,0.004608294930875576,-11.871208190917969,-11.871208190917969,-11.55887508392334,-0.3123331069946289,0.7050691244239631,65.0,64.0,69.0,17.0,-12.010228157043457,0.13901996612548828,-12.024629440307617,0.1534212493896483,0.0,0.0,0.0,0.0,12.5,217.0,0.0,1.0,10.0,41.0,28.5,longer_audio,213.0,1,6-10w
vfNKduToki4_2,"Engine noise fills the air as horns blare, and warning tones sound",217,vfNKduToki4,"[[65, 68], [74, 113], [59, 60]]",39.0,43.0,3,12,66,20s+,10s+,0.17972350230414746,0.0,0.0,0.0,0.0,12.0,78.0,11.5,0.38461538461538464,0.5116411935411949,111.02613899843928,2.8468240768830584,4.680726922322688,0.8308815425651019,217.0,43.0,0.19815668202764977,-9.596968650817871,-10.079188369041265,-9.428510665893555,-0.1684579849243164,0.9953917050691244,2.0,1.0,49.0,4.0,-9.798674583435059,0.2017059326171875,-9.759510288238525,0.16254163742065408,0.0,1.0,1.0,1.0,90.82558139534883,217.0,0.0,1.0,0.3076923076923077,78.0,11.5,not_short_primary,nan,3+,11-15w
vigslb0kClE_1,"Amid sheep and birds calling, something gets hammered as people talk",137,vigslb0kClE,"[[23, 51]]",28.0,28.0,1,11,68,20s+,10s+,0.20437956204379562,0.0,0.0,0.0,0.0,5.0,42.5,5.5,0.21428571428571427,0.5116411935411949,70.0948435151437,2.503387268397989,4.116050682351896,0.03995036252802464,137.0,28.0,0.20437956204379562,-10.704029083251953,-11.243695225034442,-11.021743774414062,0.3177146911621094,1.0,1.0,0.0,33.0,1.0,-11.563675880432129,0.8596467971801758,-11.286685981750487,0.5826568984985343,1.0,1.0,1.0,1.0,37.0,137.0,0.0,1.0,0.17857142857142858,42.5,5.5,not_short_primary,nan,1,11-15w
vigslb0kClE_2,"Amid sheep and birds calling, something gets hammered, a dog whines, and people chat",137,vigslb0kClE,"[[28, 31], [39, 42]]",3.0,6.0,2,14,84,3-5s,2-5s,0.021897810218978103,0.0,0.0,0.0,0.0,6.0,45.0,4.5,0.14285714285714285,0.5116411935411949,70.0948435151437,23.36494783838123,38.41647303528437,3.4600496374719754,137.0,6.0,0.043795620437956206,-10.946098327636719,-11.238716125488281,-10.710042953491211,-0.2360553741455078,0.9635036496350365,6.0,5.0,38.0,6.0,-10.710042953491211,-0.2360553741455078,-11.329343538284302,0.38324521064758343,0.0,0.0,0.0,1.0,35.0,137.0,0.0,1.0,2.0,45.0,4.5,shorter_or_equal_audio,188.5,2,11-15w
vigslb0kClE_3,"Amid sheep and birds calling, blades scrape",137,vigslb0kClE,"[[96, 106]]",10.0,10.0,1,7,43,10-20s,10s+,0.072992700729927,0.0,0.0,0.0,0.0,5.0,40.5,60.5,0.4166666666666667,0.5116411935411949,70.0948435151437,7.009484351514369,8.115379016930891,0.16913138993857046,137.0,10.0,0.072992700729927,-12.085348129272461,-12.491885375976562,-11.05156135559082,-1.0337867736816406,0.6788321167883211,45.0,44.0,40.0,9.0,-12.261025428771973,0.17567729949951172,-11.535152940750121,-0.5501951885223395,0.0,0.0,0.0,0.0,101.0,137.0,0.0,1.0,0.5,40.5,60.5,not_short_primary,nan,1,6-10w
vruDH_YLaPI_1,A man is talking,125,vruDH_YLaPI,"[[10, 11], [28, 29]]",1.0,2.0,2,4,16,1-2s,0-2s,0.008,0.0,0.0,1.0,0.0,3.0,10.5,0.0,0.5,0.5116411935411949,63.95514919264936,63.95514919264936,105.15457947614334,5.295575148291988,125.0,2.0,0.016,-8.729734420776367,-8.845541954040527,-10.0147705078125,1.2850360870361328,1.0,1.0,0.0,39.0,8.0,-10.342248916625977,1.6125144958496094,-11.583334007263183,2.8535995864868156,1.0,1.0,1.0,1.0,19.5,125.0,1.0,1.0,3.0,10.5,0.0,shorter_or_equal_audio,213.0,2,0-5w
vruDH_YLaPI_2,Small objects drop,125,vruDH_YLaPI,"[[12, 14], [23, 25], [29, 31], [37, 40], [47, 49]]",3.0,11.0,5,3,18,3-5s,2-5s,0.024,0.0,0.0,0.0,0.0,6.0,12.0,1.0,0.3333333333333333,0.5116411935411949,63.95514919264936,21.31838306421645,35.122641641166716,2.4937603880610624,125.0,11.0,0.088,-10.915754318237305,-11.756407390941273,-11.786967277526855,0.8712129592895508,1.0,1.0,0.0,31.0,4.0,-11.786967277526855,0.8712129592895508,-11.998461179733276,1.0827068614959714,1.0,1.0,1.0,1.0,31.40909090909091,125.0,1.0,1.0,2.0,12.0,1.0,shorter_or_equal_audio,188.5,3+,0-5w
vruDH_YLaPI_3,A gun slide is operated,125,vruDH_YLaPI,"[[76, 77]]",1.0,1.0,1,5,23,1-2s,0-2s,0.008,0.0,0.0,0.0,0.0,5.0,74.5,2.0,0.2,0.5116411935411949,63.95514919264936,63.95514919264936,9.267344199066995,3.1202353101577103,125.0,1.0,0.008,-11.619146347045898,-11.619146347045898,-11.1470365524292,-0.4721097946166992,0.912,12.0,11.0,33.0,8.0,-11.522407531738281,-0.09673881530761719,-12.118632802963257,0.4994864559173582,0.0,0.0,0.0,0.0,76.5,125.0,1.0,1.0,5.0,74.5,2.0,shorter_or_equal_audio,213.0,1,0-5w
vruDH_YLaPI_4,Gunfire erupts,125,vruDH_YLaPI,"[[83, 114]]",31.0,31.0,1,2,14,20s+,10s+,0.248,0.0,0.0,0.0,0.0,7.0,88.5,10.0,0.2903225806451613,0.5116411935411949,63.95514919264936,2.0630693287951405,1.9799361639766724,3.2522101273158768,125.0,31.0,0.248,-10.983112335205078,-11.249178578776698,-10.982789993286133,-0.0003223419189453125,0.992,2.0,1.0,25.0,3.0,-11.150373458862305,0.16726112365722656,-11.046560478210449,0.06344814300537038,0.0,1.0,1.0,1.0,98.5,125.0,0.0,1.0,0.22580645161290322,88.5,10.0,not_short_primary,nan,1,0-5w
wAZrOPvul4Y_1,A button clicks,283,wAZrOPvul4Y,"[[33, 35]]",2.0,2.0,1,3,15,2-3s,2-5s,0.007067137809187279,0.0,0.0,0.0,0.0,10.0,84.0,50.0,0.2,0.5116411935411949,144.79445777215815,72.39722888607908,94.82313368912713,11.516889077885835,283.0,2.0,0.007067137809187279,-11.753632545471191,-11.943443775177002,-11.14389705657959,-0.6097354888916016,0.8268551236749117,50.0,49.0,93.0,20.0,-11.227975845336914,-0.5256567001342773,-12.015572443008423,0.261939897537232,0.0,0.0,0.0,0.0,34.0,283.0,0.0,1.0,5.0,84.0,50.0,longer_audio,188.5,1,0-5w
wAZrOPvul4Y_2,Music plays as a man speaks and plastic rustles,283,wAZrOPvul4Y,"[[76, 87], [130, 145], [147, 180], [113, 117], [120, 122], [125, 127]]",33.0,67.0,6,9,47,20s+,10s+,0.1166077738515901,0.0,0.0,0.0,0.0,11.0,74.5,7.0,0.4,0.5116411935411949,144.79445777215815,4.38771084158055,2.7678257056793023,0.4296043680875954,283.0,67.0,0.23674911660777384,-11.125188827514648,-12.378782215403087,-10.937236785888672,-0.18795204162597656,0.9681978798586572,10.0,9.0,65.0,14.0,-11.30885124206543,0.18366241455078125,-11.005010223388672,-0.12017860412597692,0.0,0.0,0.0,1.0,138.93283582089552,283.0,0.0,1.0,0.3333333333333333,74.5,7.0,not_short_primary,nan,3+,6-10w
wBs02amFGXs_1,Wings flap as pigeons coo,299,wBs02amFGXs,"[[10, 16], [265, 269], [19, 21], [187, 189], [197, 205], [216, 221], [243, 245], [248, 250], [282, 284], [289, 292]]",8.0,36.0,10,5,25,5-10s,5-10s,0.026755852842809364,0.0,0.0,0.0,0.0,10.0,55.0,35.0,0.38461538461538464,0.5116411935411949,152.98071686881727,19.12258960860216,7.0764535509714515,1.253305353865386,299.0,36.0,0.12040133779264214,-11.426460266113281,-11.97917111714681,-10.891654968261719,-0.5348052978515625,0.9297658862876255,22.0,21.0,74.0,13.0,-11.073928833007812,-0.35253143310546875,-11.102278938293457,-0.324181327819824,0.0,0.0,0.0,0.0,185.72222222222223,299.0,0.0,1.0,1.25,55.0,35.0,not_short_primary,nan,3+,0-5w
wBs02amFGXs_2,A rooster crows and pigeons coo,299,wBs02amFGXs,"[[30, 34], [3, 7], [55, 59]]",4.0,12.0,3,6,31,3-5s,2-5s,0.013377926421404682,0.0,0.0,0.0,0.0,15.0,8.5,3.5,0.26666666666666666,0.5116411935411949,152.98071686881727,38.24517921720432,50.09207945768377,8.909717900042878,299.0,12.0,0.04013377926421405,-10.116442680358887,-10.593722979227701,-10.285331726074219,0.16888904571533203,1.0,1.0,0.0,87.0,8.0,-10.285331726074219,0.16888904571533203,-10.822369441986083,0.7059267616271967,1.0,1.0,1.0,1.0,31.333333333333332,299.0,0.0,1.0,3.75,8.5,3.5,longer_audio,188.5,3+,6-10w
wFiCblfZ-vg_1,Singing rises as drums beat,162,wFiCblfZ-vg,"[[0, 12], [138, 163]]",25.0,37.0,2,5,27,20s+,10s+,0.15432098765432098,1.0,0.0,1.0,0.0,6.0,5.0,1.0,0.5,0.5116411935411949,82.88587335367357,3.315434934146943,4.3424304332547266,20.055604348471753,162.0,36.0,0.2222222222222222,-11.529376029968262,-12.77092499203152,-11.83835506439209,0.3089790344238281,1.0,1.0,0.0,38.0,6.0,-12.317267417907715,0.7878913879394531,-11.98531141281128,0.45593538284301793,1.0,1.0,1.0,1.0,102.0,162.0,1.0,1.0,0.24,5.0,1.0,not_short_primary,nan,2,0-5w
wFiCblfZ-vg_2,"A man's voice and singing voices are playing, along with the sound of drums and waves",162,wFiCblfZ-vg,"[[4, 12], [138, 149]]",11.0,19.0,2,16,85,10-20s,10s+,0.06790123456790123,1.0,0.0,1.0,0.0,12.0,7.0,1.0,0.6666666666666666,0.5116411935411949,82.88587335367357,7.5350793957885065,9.869160075578923,18.055604348471753,162.0,19.0,0.11728395061728394,-10.374059677124023,-10.827057185925936,-10.519877433776855,0.14581775665283203,1.0,1.0,0.0,44.0,4.0,-10.519877433776855,0.14581775665283203,-10.713840341567993,0.33978066444396937,1.0,1.0,1.0,1.0,86.44736842105263,162.0,1.0,1.0,1.0909090909090908,7.0,1.0,not_short_primary,nan,2,16w+
wFiCblfZ-vg_3,A man talks as waves roll,162,wFiCblfZ-vg,"[[12, 149]]",137.0,137.0,1,6,25,20s+,10s+,0.845679012345679,0.0,0.0,1.0,1.0,8.0,8.0,72.5,0.8321167883211679,0.5116411935411949,82.88587335367357,0.6050063748443326,0.629385630535915,3.0424688882800552,162.0,137.0,0.845679012345679,-11.559714317321777,-12.024200425530871,-11.510156631469727,-0.04955768585205078,0.9814814814814815,4.0,3.0,8.0,2.0,-11.510156631469727,-0.04955768585205078,-11.510156631469727,-0.04955768585205078,0.0,0.0,1.0,1.0,80.5,162.0,0.0,1.0,0.058394160583941604,8.0,72.5,not_short_primary,nan,1,6-10w
wNiYSYJXssA_1,A man speaks through a microphone as cheers and applause rise from the crowd,299,wNiYSYJXssA,"[[5, 94], [108, 119]]",89.0,100.0,2,14,76,20s+,10s+,0.2976588628762542,0.0,0.0,0.0,0.0,12.0,236.0,122.5,0.14606741573033707,0.5116411935411949,152.98071686881727,1.718884459200194,2.251329413828484,1.4097179000428781,299.0,100.0,0.33444816053511706,-10.965808868408203,-11.848850183486938,-10.886874198913574,-0.0789346694946289,0.9498327759197325,16.0,15.0,60.0,15.0,-11.333481788635254,0.3676729202270508,-10.901194019317627,-0.06461484909057624,0.0,0.0,0.0,0.0,56.54,299.0,0.0,1.0,0.1348314606741573,236.0,122.5,not_short_primary,nan,2,11-15w
wNiYSYJXssA_2,Shouts from the crowd,299,wNiYSYJXssA,"[[277, 281], [184, 191], [8, 16], [230, 232], [209, 217], [237, 244], [28, 40], [56, 62], [66, 72]]",12.0,60.0,9,4,21,10-20s,10s+,0.04013377926421405,0.0,0.0,1.0,0.0,13.0,62.5,3.5,0.5384615384615384,0.5116411935411949,152.98071686881727,12.74839307240144,12.234685535933183,3.1672866245395994,299.0,60.0,0.20066889632107024,-9.927535057067871,-10.544154580434164,-10.035564422607422,0.10802936553955078,1.0,1.0,0.0,71.0,12.0,-10.035564422607422,0.10802936553955078,-10.090866756439208,0.16333169937133718,1.0,1.0,1.0,1.0,125.83333333333333,299.0,0.0,1.0,1.0833333333333333,62.5,3.5,not_short_primary,nan,3+,0-5w
wbPmnxCLoRQ_1,Bells chime in a steady rhythm,299,wbPmnxCLoRQ,"[[19, 50]]",31.0,31.0,1,6,30,20s+,10s+,0.10367892976588629,1.0,0.0,1.0,0.0,48.0,41.0,6.5,0.6458333333333334,0.5116411935411949,152.98071686881727,4.934861834477976,6.463494123572099,13.590282099957122,299.0,31.0,0.10367892976588629,-9.959177017211914,-10.299175754670173,-10.16425895690918,0.20508193969726562,1.0,1.0,0.0,87.0,3.0,-10.285682678222656,0.3265056610107422,-10.724603281021118,0.7654262638092035,1.0,1.0,1.0,1.0,34.5,299.0,0.0,1.0,1.5483870967741935,41.0,6.5,not_short_primary,nan,1,6-10w
wbPmnxCLoRQ_2,A woman speaks while a car passes,299,wbPmnxCLoRQ,"[[66, 71]]",5.0,5.0,1,7,33,5-10s,5-10s,0.016722408026755852,0.0,0.0,0.0,0.0,42.0,94.0,25.5,0.2,0.5116411935411949,152.98071686881727,30.596143373763454,50.30595082138698,12.339015754714438,299.0,5.0,0.016722408026755852,-11.146080017089844,-11.35172233581543,-10.978610038757324,-0.16746997833251953,0.9832775919732442,6.0,5.0,93.0,18.0,-11.238388061523438,0.09230804443359375,-11.341434993743896,0.19535497665405188,0.0,0.0,0.0,1.0,68.5,299.0,0.0,1.0,8.4,94.0,25.5,not_short_primary,nan,1,6-10w
wbPmnxCLoRQ_3,A man speaks while music plays,299,wbPmnxCLoRQ,"[[164, 201]]",37.0,37.0,1,6,30,20s+,10s+,0.12374581939799331,1.0,1.0,1.0,1.0,44.0,176.0,6.5,0.723404255319149,0.5116411935411949,152.98071686881727,4.134613969427494,0.5991212790315744,6.975602861897244,299.0,37.0,0.12374581939799331,-11.661170959472656,-11.7833850448196,-11.5438814163208,-0.11728954315185547,0.7558528428093646,74.0,73.0,82.0,16.0,-11.684709548950195,0.023538589477539062,-11.567193489074707,-0.09397747039794879,0.0,0.0,0.0,0.0,182.5,299.0,0.0,0.0,1.1891891891891893,176.0,6.5,not_short_primary,nan,1,6-10w
wnqUgK_-fo4_1,Firecrackers are going off while people are shouting and sheep are bleating,103,wnqUgK_-fo4,"[[35, 37], [44, 45]]",2.0,3.0,2,12,75,2-3s,2-5s,0.019417475728155338,0.0,0.0,0.0,0.0,10.0,25.0,11.0,0.2857142857142857,0.5116411935411949,52.69904293474307,26.349521467371535,43.41158506848206,1.4971414402376908,103.0,3.0,0.02912621359223301,-10.717784881591797,-10.785639444986979,-10.460426330566406,-0.2573585510253906,0.6893203883495146,33.0,32.0,31.0,7.0,-10.460426330566406,-0.2573585510253906,-10.678811979293823,-0.03897290229797434,0.0,0.0,0.0,0.0,38.833333333333336,103.0,0.0,1.0,5.0,25.0,11.0,shorter_or_equal_audio,188.5,2,11-15w
wnqUgK_-fo4_2,Firecrackers are going off while people are shouting and bells are jingling,103,wnqUgK_-fo4,"[[40, 50]]",10.0,10.0,1,12,75,10-20s,10s+,0.0970873786407767,0.0,0.0,0.0,0.0,15.0,14.5,30.5,0.45454545454545453,0.5116411935411949,52.69904293474307,5.2699042934743066,3.32432493766924,1.0150150173605041,103.0,10.0,0.0970873786407767,-10.558856964111328,-10.819546794891357,-10.401554107666016,-0.1573028564453125,0.8252427184466019,19.0,18.0,31.0,8.0,-10.64135456085205,0.08249759674072266,-10.476630430221558,-0.08222653388977008,0.0,0.0,0.0,0.0,45.0,103.0,0.0,1.0,1.5,14.5,30.5,not_short_primary,nan,1,11-15w
woadpeAGHUQ_1,Engines are running while steam hisses and a door closes,97,woadpeAGHUQ,"[[2, 3]]",1.0,1.0,1,10,56,1-2s,0-2s,0.010309278350515464,0.0,0.0,1.0,0.0,2.0,1.0,1.5,0.5,0.5116411935411949,49.6291957734959,49.6291957734959,65.0024308681649,13.10119519630716,97.0,1.0,0.010309278350515464,-11.836227416992188,-11.836227416992188,-11.703763961791992,-0.1324634552001953,0.9896907216494846,2.0,1.0,30.0,5.0,-11.703763961791992,-0.1324634552001953,-13.197799396514892,1.3615719795227044,0.0,1.0,1.0,1.0,2.5,97.0,1.0,1.0,2.0,1.0,1.5,shorter_or_equal_audio,213.0,1,6-10w
woadpeAGHUQ_2,Engines are running while an alarm is sounding,97,woadpeAGHUQ,"[[4, 97]]",93.0,93.0,1,8,46,20s+,10s+,0.9587628865979382,0.0,0.0,1.0,1.0,10.0,5.0,45.5,0.8387096774193549,0.5116411935411949,49.6291957734959,0.5336472663816764,0.5551510450147202,4.121107914587434,97.0,93.0,0.9587628865979382,-11.722904205322266,-12.270265886860509,-11.48620319366455,-0.23670101165771484,0.9896907216494846,2.0,1.0,2.0,2.0,-11.48620319366455,-0.23670101165771484,-11.48620319366455,-0.23670101165771484,0.0,1.0,1.0,1.0,50.5,97.0,0.0,1.0,0.10752688172043011,5.0,45.5,not_short_primary,nan,1,6-10w
x5AH2gW_8S4_1,Wings flap,110,x5AH2gW_8S4,"[[9, 11], [61, 62], [13, 14], [73, 75], [85, 86], [89, 94]]",5.0,12.0,6,2,10,5-10s,5-10s,0.045454545454545456,0.0,0.0,1.0,0.0,5.0,59.5,2.0,0.5,0.5116411935411949,56.28053128953143,11.256106257906286,4.165404096892894,0.40757053152238143,110.0,12.0,0.10909090909090909,-10.84057331085205,-11.137640396753946,-10.717475891113281,-0.12309741973876953,0.9727272727272728,4.0,3.0,33.0,8.0,-10.747913360595703,-0.09265995025634766,-10.868940000534058,0.028366689682007618,0.0,0.0,1.0,1.0,65.5,110.0,1.0,1.0,1.0,59.5,2.0,not_short_primary,nan,3+,0-5w
x5AH2gW_8S4_2,A whistle sounds as wings flap,110,x5AH2gW_8S4,"[[74, 75]]",1.0,1.0,1,6,30,1-2s,0-2s,0.00909090909090909,0.0,0.0,0.0,0.0,4.0,86.0,11.5,0.0,0.5116411935411949,56.28053128953143,56.28053128953143,20.827020484464473,0.09242946847761857,110.0,1.0,0.00909090909090909,-11.214059829711914,-11.214059829711914,-10.733779907226562,-0.48027992248535156,0.8272727272727273,20.0,19.0,36.0,8.0,-11.238052368164062,0.023992538452148438,-11.445066709518432,0.23100687980651813,0.0,0.0,0.0,0.0,74.5,110.0,0.0,1.0,4.0,86.0,11.5,shorter_or_equal_audio,213.0,1,6-10w
x5AH2gW_8S4_3,Pigeons coo as a whistle sounds,110,x5AH2gW_8S4,"[[27, 46], [64, 71], [76, 82], [94, 101], [108, 109]]",19.0,40.0,5,6,31,10-20s,10s+,0.17272727272727273,0.0,0.0,1.0,1.0,4.0,19.0,17.5,0.8333333333333334,0.5116411935411949,56.28053128953143,2.9621332257648123,3.4294725004318027,1.959091584720852,110.0,40.0,0.36363636363636365,-10.689311027526855,-11.21981782913208,-10.253266334533691,-0.43604469299316406,0.990909090909091,2.0,1.0,23.0,6.0,-10.694705963134766,0.005394935607910156,-10.427198514938354,-0.26211251258850154,0.0,1.0,1.0,1.0,60.775,110.0,0.0,1.0,0.21052631578947367,19.0,17.5,not_short_primary,nan,3+,6-10w
xBZnvfniA1c_1,Upbeat music plays,199,xBZnvfniA1c,"[[0, 10]]",10.0,10.0,1,3,18,10-20s,10s+,0.05025125628140704,1.0,1.0,1.0,1.0,10.0,5.0,0.0,1.0,0.5116411935411949,101.81659751469778,10.181659751469777,13.335550250273002,27.006575712011596,199.0,10.0,0.05025125628140704,-9.977363586425781,-10.266584873199463,-10.234457015991211,0.2570934295654297,1.0,1.0,0.0,60.0,8.0,-10.234457015991211,0.2570934295654297,-11.0301446723938,1.052781085968018,1.0,1.0,1.0,1.0,5.0,199.0,1.0,0.0,1.0,5.0,0.0,not_short_primary,nan,1,0-5w
xBZnvfniA1c_2,A girl talks as people chat and various sounds fill the air,199,xBZnvfniA1c,"[[39, 40], [108, 109], [193, 199]]",6.0,8.0,3,12,59,5-10s,5-10s,0.03015075376884422,0.0,0.0,0.0,0.0,17.0,173.5,22.5,0.3333333333333333,0.5116411935411949,101.81659751469778,16.969432919116297,22.225917083788335,7.493424287988404,199.0,8.0,0.04020100502512563,-11.759313583374023,-11.992102146148682,-11.500602722167969,-0.2587108612060547,0.8944723618090452,22.0,21.0,65.0,16.0,-11.736473083496094,-0.022840499877929688,-11.726571655273437,-0.03274192810058629,0.0,0.0,0.0,0.0,165.5,199.0,0.0,1.0,2.8333333333333335,173.5,22.5,not_short_primary,nan,3+,11-15w
xBZnvfniA1c_3,A man and a woman talk as people chat and various sounds fill the air,199,xBZnvfniA1c,"[[68, 83], [142, 156], [182, 184], [190, 191]]",15.0,32.0,4,15,69,10-20s,10s+,0.07537688442211055,0.0,0.0,1.0,0.0,27.0,173.5,9.5,0.5714285714285714,0.5116411935411949,101.81659751469778,6.7877731676465185,7.858688196444026,2.5376434058231894,199.0,32.0,0.16080402010050251,-12.09164047241211,-12.229830980300903,-11.901565551757812,-0.19007492065429688,0.9547738693467337,10.0,9.0,52.0,14.0,-12.094039916992188,0.002399444580078125,-12.016197509765625,-0.07544296264648409,0.0,0.0,0.0,1.0,117.96875,199.0,0.0,1.0,1.8,173.5,9.5,not_short_primary,nan,3+,11-15w
xQDq3A4Zfbo_1,"As the wind blows, a woman speaks",252,xQDq3A4Zfbo,"[[3, 25], [52, 53], [74, 76], [99, 102]]",22.0,28.0,4,7,33,20s+,10s+,0.0873015873015873,1.0,1.0,1.0,1.0,18.0,16.0,2.0,0.8181818181818182,0.5116411935411949,128.9335807723811,5.860617307835505,9.635983282904773,6.86812050104335,252.0,28.0,0.1111111111111111,-9.759202003479004,-10.385716812951225,-9.878246307373047,0.11904430389404297,1.0,1.0,0.0,64.0,2.0,-9.878246307373047,0.11904430389404297,-10.562232370376586,0.8030303668975822,1.0,1.0,1.0,1.0,29.0,252.0,1.0,0.0,0.8181818181818182,16.0,2.0,not_short_primary,nan,3+,6-10w
xUWSHYoslPQ_1,Ice clinks as a man talks,115,xUWSHYoslPQ,"[[5, 10], [36, 38]]",5.0,7.0,2,6,25,5-10s,5-10s,0.043478260869565216,1.0,0.0,1.0,0.0,10.0,9.0,1.5,0.5,0.5116411935411949,58.83873725723741,11.767747451447482,19.38769818592403,4.865740442983828,115.0,7.0,0.06086956521739131,-11.0289306640625,-11.544689450945173,-10.782790184020996,-0.2461404800415039,0.991304347826087,2.0,1.0,34.0,6.0,-10.782790184020996,-0.2461404800415039,-11.4198921585083,0.39096149444580064,0.0,1.0,1.0,1.0,15.928571428571429,115.0,1.0,1.0,2.0,9.0,1.5,not_short_primary,nan,2,6-10w
xUWSHYoslPQ_2,Water flows as a man talks,115,xUWSHYoslPQ,"[[32, 36]]",4.0,4.0,1,6,26,3-5s,2-5s,0.034782608695652174,0.0,0.0,1.0,0.0,12.0,8.0,26.0,0.5714285714285714,0.5116411935411949,58.83873725723741,14.709684314309353,24.18555327951297,2.9080708635713677,115.0,4.0,0.034782608695652174,-11.730470657348633,-11.83491826057434,-11.40829849243164,-0.3221721649169922,0.7304347826086957,32.0,31.0,38.0,6.0,-11.609067916870117,-0.12140274047851562,-11.838337812423706,0.10786715507507338,0.0,0.0,0.0,0.0,34.0,115.0,0.0,1.0,3.0,8.0,26.0,shorter_or_equal_audio,188.5,1,6-10w
xUWSHYoslPQ_3,A man talks as metal scrapes and a mixer hums,115,xUWSHYoslPQ,"[[43, 48], [52, 82]]",30.0,35.0,2,10,45,20s+,10s+,0.2608695652173913,0.0,0.0,0.0,0.0,10.0,8.0,37.5,0.3333333333333333,0.5116411935411949,58.83873725723741,1.9612912419079138,0.28419855543805456,0.5093835146549139,115.0,35.0,0.30434782608695654,-11.847627639770508,-13.885595839364187,-10.957107543945312,-0.8905200958251953,0.8260869565217391,21.0,20.0,23.0,5.0,-11.993854522705078,0.1462268829345703,-11.0381125831604,-0.8095150566101079,0.0,0.0,0.0,0.0,63.92857142857143,115.0,0.0,1.0,0.3333333333333333,8.0,37.5,not_short_primary,nan,2,6-10w
xbLW9Wt1Jsg_1,Music is playing,300,xbLW9Wt1Jsg,"[[0, 5]]",5.0,5.0,1,3,16,5-10s,5-10s,0.016666666666666666,1.0,1.0,1.0,1.0,7.0,3.5,1.0,0.7142857142857143,0.5116411935411949,153.49235806235845,30.69847161247169,40.207689196803024,45.75111916383658,300.0,5.0,0.016666666666666666,-10.46626091003418,-10.607285308837891,-10.687240600585938,0.2209796905517578,1.0,1.0,0.0,96.0,7.0,-10.687240600585938,0.2209796905517578,-12.226653356552124,1.760392446517944,1.0,1.0,1.0,1.0,2.5,300.0,1.0,0.0,1.4,3.5,1.0,not_short_primary,nan,1,0-5w
xbLW9Wt1Jsg_2,A sewing machine and machinery operate with gas hissing,300,xbLW9Wt1Jsg,"[[42, 47], [140, 147], [258, 260], [286, 295], [55, 56], [59, 62], [57, 58], [80, 86], [95, 97], [100, 107], [117, 125], [135, 137], [154, 167], [177, 180], [172, 175], [187, 192], [197, 200], [202, 205], [206, 220], [225, 230], [233, 238], [263, 271]]",14.0,115.0,22,9,55,10-20s,10s+,0.04666666666666667,1.0,0.0,1.0,0.0,18.0,287.0,3.5,0.5,0.5116411935411949,153.49235806235845,10.963739861597032,11.40553325177518,0.06012757088896592,300.0,115.0,0.38333333333333336,-12.117213249206543,-12.294403573741084,-12.19651985168457,0.07930660247802734,1.0,1.0,0.0,60.0,13.0,-12.19651985168457,0.07930660247802734,-12.19888476371765,0.08167151451110755,1.0,1.0,1.0,1.0,174.2391304347826,300.0,0.0,1.0,1.2857142857142858,287.0,3.5,not_short_primary,nan,3+,6-10w
xbLW9Wt1Jsg_3,"Machinery operates, electronic beeps sound, and gas hisses",300,xbLW9Wt1Jsg,"[[72, 73], [77, 79], [85, 87], [89, 90], [92, 93], [103, 107], [125, 128], [131, 133]]",4.0,16.0,8,8,58,3-5s,2-5s,0.013333333333333334,0.0,0.0,0.0,0.0,11.0,98.5,6.0,0.23076923076923078,0.5116411935411949,153.49235806235845,38.37308951558961,24.20624954613524,2.0243155845451497,300.0,16.0,0.05333333333333334,-10.790851593017578,-10.960577666759491,-10.768627166748047,-0.02222442626953125,0.9933333333333333,3.0,2.0,94.0,14.0,-10.799165725708008,0.008314132690429688,-10.896941804885865,0.10609021186828649,0.0,1.0,1.0,1.0,102.875,300.0,0.0,1.0,2.75,98.5,6.0,longer_audio,188.5,3+,6-10w
xpZna_FwDhI_1,A machine runs,291,xpZna_FwDhI,"[[77, 86], [140, 149], [218, 233]]",15.0,33.0,3,3,14,10-20s,10s+,0.05154639175257732,1.0,0.0,1.0,1.0,9.0,228.5,3.0,1.0,0.5116411935411949,148.8875873204877,9.925839154699181,16.31999073469745,2.8239010547762433,291.0,33.0,0.1134020618556701,-9.870655059814453,-10.299277565696023,-10.991434097290039,1.120779037475586,1.0,1.0,0.0,79.0,0.0,-11.220327377319336,1.3496723175048828,-11.537040386199951,1.6663853263854982,1.0,1.0,1.0,1.0,164.13636363636363,291.0,0.0,1.0,0.6,228.5,3.0,not_short_primary,nan,3+,0-5w
y93cZqNCtks_1,Gunshots ring out and things bump together as someone talks,300,y93cZqNCtks,"[[8, 11], [33, 34], [35, 40], [44, 49], [51, 76], [79, 82], [85, 87], [90, 97], [101, 104], [136, 141], [144, 147], [151, 154], [179, 181], [184, 205], [208, 210], [250, 274], [283, 285], [288, 300]]",25.0,128.0,18,10,59,20s+,10s+,0.08333333333333333,1.0,1.0,1.0,1.0,18.0,62.0,1.5,0.72,0.5116411935411949,153.49235806235845,6.139694322494338,10.09483962970976,0.6093803559007824,300.0,128.0,0.4266666666666667,-10.506906509399414,-10.982402682304382,-10.451923370361328,-0.05498313903808594,0.9966666666666667,2.0,1.0,41.0,5.0,-10.451923370361328,-0.05498313903808594,-10.472206764221191,-0.03469974517822294,0.0,1.0,1.0,1.0,158.421875,300.0,1.0,0.0,0.72,62.0,1.5,not_short_primary,nan,3+,6-10w
y93cZqNCtks_2,A piano plays as someone screams and a man talks,300,y93cZqNCtks,"[[113, 118], [282, 283]]",5.0,6.0,2,10,48,5-10s,5-10s,0.016666666666666666,0.0,0.0,0.0,0.0,10.0,275.0,7.5,0.3333333333333333,0.5116411935411949,153.49235806235845,30.69847161247169,50.57660396328008,6.285024931346541,300.0,6.0,0.02,-12.242429733276367,-12.561850388844809,-11.946113586425781,-0.29631614685058594,0.97,10.0,9.0,76.0,21.0,-12.096769332885742,-0.145660400390625,-12.427856969833375,0.18542723655700755,0.0,0.0,0.0,1.0,143.33333333333334,300.0,0.0,1.0,2.0,275.0,7.5,not_short_primary,nan,2,6-10w
yL3gKa6YLoM_1,A man is speaking while someone is snoring in the background,168,yL3gKa6YLoM,"[[17, 34], [46, 50], [75, 81], [83, 88], [98, 109], [117, 125], [130, 169], [38, 41], [54, 61], [64, 67]]",39.0,103.0,10,11,60,20s+,10s+,0.23214285714285715,0.0,0.0,1.0,1.0,10.0,81.0,3.0,0.7692307692307693,0.5116411935411949,85.95572051492074,2.2039928337159163,2.8867058910525247,1.5206267317484823,168.0,102.0,0.6071428571428571,-11.007137298583984,-11.323153131148395,-11.016088485717773,0.008951187133789062,1.0,1.0,0.0,20.0,4.0,-11.016088485717773,0.008951187133789062,-11.016088485717773,0.008951187133789062,1.0,1.0,1.0,1.0,98.1078431372549,168.0,0.0,1.0,0.2564102564102564,81.0,3.0,not_short_primary,nan,3+,11-15w
yLu4b01t53k_1,"A door opens, closes, and bumps into something",300,yLu4b01t53k,"[[88, 89], [91, 92], [119, 120], [123, 124], [129, 131], [145, 150], [218, 219], [228, 229], [252, 253], [266, 267]]",5.0,15.0,10,8,46,5-10s,5-10s,0.016666666666666666,0.0,0.0,0.0,0.0,12.0,213.0,5.5,0.1,0.5116411935411949,153.49235806235845,30.69847161247169,29.461450119972888,0.09469569444189574,300.0,15.0,0.05,-10.880842208862305,-11.674418195088704,-10.860591888427734,-0.020250320434570312,0.9966666666666667,2.0,1.0,83.0,12.0,-11.168596267700195,0.2877540588378906,-11.364095315933227,0.4832531070709223,0.0,1.0,1.0,1.0,159.1,300.0,0.0,1.0,2.4,213.0,5.5,not_short_primary,nan,3+,6-10w
yLu4b01t53k_2,A warning tone sounds,300,yLu4b01t53k,"[[160, 220], [261, 266]]",60.0,65.0,2,4,21,20s+,10s+,0.2,0.0,0.0,0.0,0.0,15.0,202.5,12.5,0.25,0.5116411935411949,153.49235806235845,2.558205967705974,0.9466827492938398,12.929737813242866,300.0,65.0,0.21666666666666667,-10.519170761108398,-11.261282979525053,-10.883455276489258,0.3642845153808594,1.0,1.0,0.0,76.0,1.0,-10.883455276489258,0.3642845153808594,-11.311185178756714,0.7920144176483159,1.0,1.0,1.0,1.0,195.65384615384616,300.0,0.0,1.0,0.25,202.5,12.5,not_short_primary,nan,2,0-5w
yLu4b01t53k_3,A warning tone sounds as music plays,300,yLu4b01t53k,"[[190, 220]]",30.0,30.0,1,7,36,20s+,10s+,0.1,1.0,0.0,1.0,0.0,18.0,201.0,4.0,0.6,0.5116411935411949,153.49235806235845,5.116411935411948,1.8933654985876796,2.070262186757134,300.0,30.0,0.1,-10.72955322265625,-11.169346777598063,-10.479227066040039,-0.25032615661621094,0.98,7.0,6.0,82.0,8.0,-11.05764102935791,0.32808780670166016,-10.898294563293456,0.16874134063720625,0.0,0.0,0.0,1.0,205.0,300.0,0.0,1.0,0.6,201.0,4.0,not_short_primary,nan,1,6-10w
yLu4b01t53k_4,A car passes by as the wind blows,300,yLu4b01t53k,"[[269, 300]]",31.0,31.0,1,8,33,20s+,10s+,0.10333333333333333,0.0,0.0,1.0,0.0,21.0,212.5,72.0,0.6774193548387096,0.5116411935411949,153.49235806235845,4.951366389108337,4.751846793544014,55.905304305558104,300.0,31.0,0.10333333333333333,-11.164777755737305,-11.287572922245149,-10.7998685836792,-0.36490917205810547,0.7133333333333334,87.0,86.0,83.0,14.0,-10.943809509277344,-0.22096824645996094,-10.85866928100586,-0.3061084747314453,0.0,0.0,0.0,0.0,284.5,300.0,0.0,1.0,0.6774193548387096,212.5,72.0,not_short_primary,nan,1,6-10w
yRoKi7rhSRo_1,Water flows,60,yRoKi7rhSRo,"[[22, 27], [50, 54]]",5.0,9.0,2,2,11,5-10s,5-10s,0.08333333333333333,1.0,1.0,1.0,1.0,4.0,25.0,0.5,0.8,0.5116411935411949,30.698471612471693,6.139694322494338,3.8729999273816382,2.3048631169090292,60.0,9.0,0.15,-10.263325691223145,-10.496361202663845,-10.316407203674316,0.053081512451171875,1.0,1.0,0.0,14.0,2.0,-10.45211410522461,0.18878841400146484,-10.720827560424805,0.4575018692016606,1.0,1.0,1.0,1.0,36.72222222222222,60.0,1.0,0.0,0.8,25.0,0.5,not_short_primary,nan,2,0-5w
yVVLq4ao1Ck_1,Upbeat music plays,157,yVVLq4ao1Ck,"[[0, 22], [81, 157]]",76.0,98.0,2,3,18,20s+,10s+,0.4840764331210191,1.0,1.0,1.0,1.0,18.0,9.0,2.0,0.9342105263157895,0.5116411935411949,80.32766738596759,1.0569429919206261,1.014352558955207,0.6312240800912576,157.0,98.0,0.6242038216560509,-10.030311584472656,-11.07992105094754,-10.882622718811035,0.8523111343383789,1.0,1.0,0.0,17.0,0.0,-11.149455070495605,1.1191434860229492,-10.882622718811035,0.8523111343383789,1.0,1.0,1.0,1.0,94.75510204081633,157.0,1.0,0.0,0.23684210526315788,9.0,2.0,not_short_primary,nan,2,0-5w
yVVLq4ao1Ck_2,Birds chirp,157,yVVLq4ao1Ck,"[[19, 33], [33, 34], [45, 60]]",15.0,30.0,3,2,11,10-20s,10s+,0.09554140127388536,1.0,0.0,1.0,0.0,27.0,24.5,1.5,0.6,0.5116411935411949,80.32766738596759,5.355177825731173,7.014008004331194,0.7485809709255236,157.0,30.0,0.1910828025477707,-11.053959846496582,-11.692739041646321,-10.702393531799316,-0.3515663146972656,0.9808917197452229,4.0,3.0,35.0,2.0,-11.851591110229492,0.7976312637329102,-11.069212884902955,0.01525303840637271,0.0,0.0,1.0,1.0,39.5,157.0,1.0,1.0,1.8,24.5,1.5,not_short_primary,nan,3+,0-5w
yVVLq4ao1Ck_3,Insects buzz,157,yVVLq4ao1Ck,"[[30, 48], [59, 80], [52, 54], [26, 28]]",21.0,43.0,4,2,12,20s+,10s+,0.1337579617834395,1.0,0.0,1.0,0.0,35.0,41.5,2.5,0.5714285714285714,0.5116411935411949,80.32766738596759,3.825127018379409,2.412940430948084,0.6393918225786308,157.0,43.0,0.27388535031847133,-11.620050430297852,-11.955803361049918,-11.663652420043945,0.04360198974609375,1.0,1.0,0.0,37.0,6.0,-11.663652420043945,0.04360198974609375,-11.689807052612304,0.06975662231445234,1.0,1.0,1.0,1.0,53.98837209302326,157.0,0.0,1.0,1.6666666666666667,41.5,2.5,not_short_primary,nan,3+,0-5w
yfYNPWs7mWY_1,Creaking of the door and tapping sounds occur,300,yfYNPWs7mWY,"[[41, 51]]",10.0,10.0,1,8,45,10-20s,10s+,0.03333333333333333,0.0,0.0,0.0,0.0,9.0,56.5,10.5,0.0,0.5116411935411949,153.49235806235845,15.349235806235844,20.103844598401512,2.2511191638365773,300.0,10.0,0.03333333333333333,-11.980764389038086,-12.406239318847657,-11.89262580871582,-0.08813858032226562,0.9933333333333333,3.0,2.0,92.0,14.0,-11.89262580871582,-0.08813858032226562,-13.0558247756958,1.0750603866577144,0.0,1.0,1.0,1.0,46.0,300.0,0.0,1.0,0.9,56.5,10.5,not_short_primary,nan,1,6-10w
yfYNPWs7mWY_2,A man is laughing,300,yfYNPWs7mWY,"[[52, 53], [67, 69]]",2.0,3.0,2,4,17,2-3s,2-5s,0.006666666666666667,0.0,0.0,0.0,0.0,10.0,60.0,7.5,0.0,0.5116411935411949,153.49235806235845,76.74617903117922,100.51922299200756,4.248880836163423,300.0,3.0,0.01,-11.581212997436523,-12.01582940419515,-11.607311248779297,0.026098251342773438,1.0,1.0,0.0,92.0,21.0,-11.626974105834961,0.0457611083984375,-12.30055097579956,0.7193379783630363,1.0,1.0,1.0,1.0,62.833333333333336,300.0,0.0,1.0,5.0,60.0,7.5,longer_audio,188.5,2,0-5w
yhDw7PZje3g_1,A man talks as an insect buzzes by,299,yhDw7PZje3g,"[[0, 12], [18, 34], [38, 44], [47, 48]]",16.0,35.0,4,8,34,10-20s,10s+,0.05351170568561873,0.0,0.0,0.0,0.0,33.0,25.5,0.5,0.48484848484848486,0.5116411935411949,152.98071686881727,9.56129480430108,12.523019864420942,0.5902820999571219,299.0,35.0,0.11705685618729098,-10.833686828613281,-11.22626484462193,-11.040886878967285,0.2072000503540039,1.0,1.0,0.0,76.0,2.0,-11.24718952178955,0.41350269317626953,-11.349914569854736,0.5162277412414547,1.0,1.0,1.0,1.0,22.32857142857143,299.0,1.0,1.0,2.0625,25.5,0.5,not_short_primary,nan,3+,6-10w
yhDw7PZje3g_2,Music plays,299,yhDw7PZje3g,"[[48, 81], [135, 206]]",71.0,104.0,2,2,11,20s+,10s+,0.23745819397993312,1.0,1.0,1.0,1.0,43.0,62.5,2.0,0.7857142857142857,0.5116411935411949,152.98071686881727,2.154657984067849,0.31221813132631343,5.024397138102756,299.0,104.0,0.34782608695652173,-10.732152938842773,-11.801277609971853,-11.257460594177246,0.5253076553344727,1.0,1.0,0.0,58.0,1.0,-11.436689376831055,0.7045364379882812,-11.341265964508057,0.6091130256652839,1.0,1.0,1.0,1.0,136.8653846153846,299.0,1.0,0.0,0.6056338028169014,62.5,2.0,not_short_primary,nan,2,0-5w
yhDw7PZje3g_3,Something drops into water as something else moves around in it,299,yhDw7PZje3g,"[[98, 116], [249, 255], [259, 300], [131, 134]]",41.0,68.0,4,11,63,20s+,10s+,0.13712374581939799,1.0,0.0,1.0,0.0,11.0,111.5,4.5,0.5263157894736842,0.5116411935411949,152.98071686881727,3.7312369968004213,2.353713370502256,1.077567865930007,299.0,67.0,0.22408026755852842,-10.942806243896484,-12.295700870343108,-10.860845565795898,-0.08196067810058594,0.9933110367892977,3.0,2.0,65.0,9.0,-10.860845565795898,-0.08196067810058594,-11.087548713684082,0.14474246978759808,0.0,1.0,1.0,1.0,223.8134328358209,299.0,0.0,1.0,0.2682926829268293,111.5,4.5,not_short_primary,nan,3+,11-15w
yhDw7PZje3g_4,Music plays as thunder crashes and rain pours down,299,yhDw7PZje3g,"[[154, 204]]",50.0,50.0,1,9,50,20s+,10s+,0.16722408026755853,0.0,0.0,0.0,0.0,18.0,171.0,8.0,0.4117647058823529,0.5116411935411949,152.98071686881727,3.0596143373763454,0.44334974648336506,3.4756028618972437,299.0,50.0,0.16722408026755853,-10.605712890625,-10.756192836761475,-10.71139144897461,0.10567855834960938,1.0,1.0,0.0,68.0,2.0,-11.044916152954102,0.43920326232910156,-10.787461080551147,0.1817481899261466,1.0,1.0,1.0,1.0,179.0,299.0,0.0,1.0,0.36,171.0,8.0,not_short_primary,nan,1,6-10w
yrxa6_P2I80_1,Wings flap as someone whistles,240,yrxa6_P2I80,"[[42, 44], [64, 69]]",5.0,7.0,2,5,30,5-10s,5-10s,0.020833333333333332,0.0,0.0,0.0,0.0,9.0,176.5,110.0,0.45454545454545453,0.5116411935411949,122.79388644988677,24.558777289977353,40.37935851883905,1.6124957152793797,240.0,7.0,0.029166666666666667,-11.937381744384766,-12.211421149117607,-11.669116020202637,-0.2682657241821289,0.8041666666666667,48.0,47.0,77.0,13.0,-12.34981918334961,0.41243743896484375,-11.877692041397095,-0.0596897029876704,0.0,0.0,0.0,0.0,59.785714285714285,240.0,0.0,1.0,1.8,176.5,110.0,not_short_primary,nan,2,0-5w
yrxa6_P2I80_2,Wings flap as air hisses,240,yrxa6_P2I80,"[[69, 70]]",1.0,1.0,1,5,24,1-2s,0-2s,0.004166666666666667,0.0,0.0,0.0,0.0,9.0,156.5,87.0,0.1111111111111111,0.5116411935411949,122.79388644988677,122.79388644988677,201.89679259419523,4.61249571527938,240.0,1.0,0.004166666666666667,-11.47360610961914,-11.47360610961914,-11.301910400390625,-0.17169570922851562,0.8083333333333333,47.0,46.0,81.0,13.0,-11.302909851074219,-0.17069625854492188,-11.696093969345092,0.22248785972595186,0.0,0.0,0.0,0.0,69.5,240.0,0.0,1.0,9.0,156.5,87.0,longer_audio,213.0,1,0-5w
yrxa6_P2I80_3,Birds sing and wings flap as a dog barks,240,yrxa6_P2I80,"[[71, 73], [114, 121]]",7.0,9.0,2,9,40,5-10s,5-10s,0.029166666666666667,0.0,0.0,0.0,0.0,10.0,10.0,62.0,0.2,0.5116411935411949,122.79388644988677,17.541983778555252,18.248853202840287,2.74810205671119,240.0,9.0,0.0375,-11.119952201843262,-11.23964171939426,-10.718876838684082,-0.4010753631591797,0.8958333333333334,26.0,25.0,75.0,15.0,-11.174480438232422,0.054528236389160156,-11.052432794570922,-0.0675194072723393,0.0,0.0,0.0,0.0,107.38888888888889,240.0,0.0,1.0,1.4285714285714286,10.0,62.0,not_short_primary,nan,2,6-10w
z1ax0QPpd14_1,"A duck calls, water flows, and birds screech loudly",183,z1ax0QPpd14,"[[10, 12], [167, 170]]",3.0,5.0,2,9,51,3-5s,2-5s,0.01639344262295082,0.0,0.0,0.0,0.0,9.0,7.5,3.5,0.375,0.5116411935411949,93.63033841803866,31.210112806012887,40.87781735008307,18.433182689940313,183.0,5.0,0.0273224043715847,-11.959177017211914,-12.124339485168457,-11.896770477294922,-0.06240653991699219,0.9836065573770492,4.0,3.0,55.0,11.0,-11.946808815002441,-0.012368202209472656,-12.08155933380127,0.12238231658935561,0.0,0.0,1.0,1.0,105.5,183.0,0.0,1.0,3.0,7.5,3.5,shorter_or_equal_audio,188.5,2,6-10w
z1ax0QPpd14_2,"A duck calls, water flows, and a vehicle rumbles by",183,z1ax0QPpd14,"[[98, 108], [118, 131], [152, 156]]",13.0,27.0,3,10,51,10-20s,10s+,0.07103825136612021,1.0,1.0,1.0,1.0,9.0,101.5,1.5,0.7272727272727273,0.5116411935411949,93.63033841803866,7.202333724464513,2.6652760480118873,0.7128599339218482,183.0,27.0,0.14754098360655737,-11.177923202514648,-11.606492042541504,-11.33830451965332,0.16038131713867188,1.0,1.0,0.0,50.0,11.0,-11.478813171386719,0.3008899688720703,-11.412013034820557,0.23408983230590863,1.0,1.0,1.0,1.0,120.9074074074074,183.0,1.0,0.0,0.6923076923076923,101.5,1.5,not_short_primary,nan,3+,6-10w
z1ax0QPpd14_3,Water flows as wings flap,183,z1ax0QPpd14,"[[142, 143]]",1.0,1.0,1,5,25,1-2s,0-2s,0.00546448087431694,0.0,0.0,0.0,0.0,11.0,49.5,93.0,0.1,0.5116411935411949,93.63033841803866,93.63033841803866,89.8574228659173,3.057235626390451,183.0,1.0,0.00546448087431694,-11.623912811279297,-11.623912811279297,-10.873218536376953,-0.7506942749023438,0.4972677595628415,93.0,92.0,56.0,11.0,-11.925586700439453,0.30167388916015625,-11.55698489189148,-0.06692791938781717,0.0,0.0,0.0,0.0,142.5,183.0,0.0,1.0,11.0,49.5,93.0,shorter_or_equal_audio,213.0,1,0-5w
zBXoaQ1GVlc_1,A woman sings as a child joins in and applause erupts from the crowd,300,zBXoaQ1GVlc,"[[2, 20]]",18.0,18.0,1,14,68,10-20s,10s+,0.06,0.0,0.0,0.0,0.0,24.0,282.0,271.0,0.3076923076923077,0.5116411935411949,153.49235806235845,8.52735322568658,11.168802554667506,37.25111916383658,300.0,18.0,0.06,-10.8969087600708,-11.016623602973091,-10.821847915649414,-0.07506084442138672,0.9033333333333333,30.0,29.0,94.0,16.0,-10.999550819396973,0.10264205932617188,-10.87029170036316,-0.02661705970764139,0.0,0.0,0.0,0.0,11.0,300.0,0.0,1.0,1.3333333333333333,282.0,271.0,not_short_primary,nan,1,11-15w
zBXoaQ1GVlc_2,A woman leads a group of children as they sing,300,zBXoaQ1GVlc,"[[2, 20], [29, 90], [98, 127], [135, 161]]",61.0,134.0,4,10,46,20s+,10s+,0.20333333333333334,1.0,0.0,1.0,0.0,18.0,119.0,6.5,0.6923076923076923,0.5116411935411949,153.49235806235845,2.516268164956696,4.145623275678695,3.285024931346541,300.0,134.0,0.44666666666666666,-11.375982284545898,-11.692677761191753,-11.134590148925781,-0.2413921356201172,0.99,4.0,3.0,53.0,11.0,-11.134590148925781,-0.2413921356201172,-11.166727619171143,-0.2092546653747558,0.0,0.0,1.0,1.0,81.6268656716418,300.0,0.0,1.0,0.29508196721311475,119.0,6.5,not_short_primary,nan,3+,6-10w
zBXoaQ1GVlc_3,A woman talks with a crowd when suddenly a child cries out,300,zBXoaQ1GVlc,"[[96, 98]]",2.0,2.0,1,12,58,2-3s,2-5s,0.006666666666666667,0.0,0.0,0.0,0.0,13.0,9.5,87.5,0.0,0.5116411935411949,153.49235806235845,76.74617903117922,126.44150990820019,12.214975068653459,300.0,2.0,0.006666666666666667,-11.8018159866333,-11.833889484405518,-11.319477081298828,-0.48233890533447266,0.6566666666666666,104.0,103.0,93.0,10.0,-11.746707916259766,-0.055108070373535156,-11.723239488601685,-0.07857649803161593,0.0,0.0,0.0,0.0,97.0,300.0,0.0,1.0,6.5,9.5,87.5,longer_audio,188.5,1,11-15w
zEaGx6an4es_1,A machine runs and loud noises fill the air,299,zEaGx6an4es,"[[55, 72], [107, 118], [128, 145], [265, 300]]",35.0,80.0,4,9,43,20s+,10s+,0.11705685618729098,1.0,1.0,1.0,1.0,32.0,282.0,0.5,0.9411764705882353,0.5116411935411949,152.98071686881727,4.3708776248233505,2.7572070911597857,2.922432134069993,299.0,79.0,0.26421404682274247,-10.776250839233398,-11.60825752306588,-11.615253448486328,0.8390026092529297,1.0,1.0,0.0,73.0,0.0,-11.894947052001953,1.1186962127685547,-11.659643621444703,0.8833927822113044,1.0,1.0,1.0,1.0,180.06962025316454,299.0,1.0,0.0,0.9142857142857143,282.0,0.5,not_short_primary,nan,3+,6-10w
zF3xXn6NTyU_1,A woman and a man talk as water flows and objects bump together,297,zF3xXn6NTyU,"[[76, 83], [118, 155], [190, 204], [251, 261], [265, 268], [85, 94], [107, 114], [161, 181], [222, 248]]",37.0,133.0,9,13,63,20s+,10s+,0.12457912457912458,0.0,0.0,1.0,0.0,9.0,8.5,71.0,0.6585365853658537,0.5116411935411949,151.95743448173488,4.1069576886955375,6.752629211765313,0.7982865523417644,297.0,133.0,0.4478114478114478,-10.768613815307617,-11.712255399029955,-9.610891342163086,-1.1577224731445312,0.9528619528619529,15.0,14.0,44.0,11.0,-10.84749698638916,0.07888317108154297,-9.624772233963013,-1.1438415813446046,0.0,0.0,0.0,0.0,171.68045112781954,297.0,0.0,1.0,0.24324324324324326,8.5,71.0,not_short_primary,nan,3+,11-15w
zF3xXn6NTyU_2,Water flows and something is stirred up,297,zF3xXn6NTyU,"[[214, 222]]",8.0,8.0,1,7,39,5-10s,5-10s,0.026936026936026935,0.0,0.0,0.0,0.0,26.0,90.0,128.0,0.3684210526315789,0.5116411935411949,151.95743448173488,18.99467931021686,21.99149240901893,0.589547278746295,297.0,8.0,0.026936026936026935,-11.597722053527832,-11.680615305900574,-10.891471862792969,-0.7062501907348633,0.39057239057239057,182.0,181.0,83.0,14.0,-11.458520889282227,-0.13920116424560547,-11.039821071624756,-0.5579009819030762,0.0,0.0,0.0,0.0,218.0,297.0,0.0,1.0,3.25,90.0,128.0,not_short_primary,nan,1,6-10w
zIgGMlZENTs_1,Quacking sounds fill the air,273,zIgGMlZENTs,"[[22, 31], [168, 174], [182, 186], [197, 204], [94, 95], [97, 99], [100, 101], [107, 110], [119, 120], [121, 122], [123, 124], [229, 231]]",9.0,38.0,12,5,28,5-10s,5-10s,0.03296703296703297,0.0,0.0,1.0,1.0,13.0,15.5,11.0,0.8181818181818182,0.5116411935411949,139.6780458367462,15.519782870749578,17.968357434080566,0.4257454784435879,273.0,38.0,0.1391941391941392,-10.119102478027344,-11.033121736426102,-10.169753074645996,0.050650596618652344,1.0,1.0,0.0,70.0,7.0,-10.814193725585938,0.6950912475585938,-10.641547145843505,0.5224446678161616,1.0,1.0,1.0,1.0,130.1315789473684,273.0,0.0,1.0,1.4444444444444444,15.5,11.0,not_short_primary,nan,3+,0-5w
zoctgurhvHE_1,A drill whirs,299,zoctgurhvHE,"[[81, 82], [90, 91], [109, 112], [94, 97], [98, 101], [140, 144]]",4.0,15.0,6,3,13,3-5s,2-5s,0.013377926421404682,0.0,0.0,0.0,0.0,7.0,104.5,5.0,0.375,0.5116411935411949,152.98071686881727,38.24517921720432,62.88243852673372,0.6609842452855617,299.0,15.0,0.05016722408026756,-10.908742904663086,-11.437749608357747,-11.637828826904297,0.7290859222412109,1.0,1.0,0.0,86.0,8.0,-11.637828826904297,0.7290859222412109,-11.958433933258057,1.049691028594971,1.0,1.0,1.0,1.0,110.43333333333334,299.0,0.0,1.0,1.75,104.5,5.0,longer_audio,188.5,3+,0-5w
zq00Oe1ecpE_1,An engine hums as a warning sounds,228,zq00Oe1ecpE,"[[21, 25], [185, 195]]",10.0,14.0,2,7,34,10-20s,10s+,0.043859649122807015,1.0,1.0,1.0,1.0,7.0,188.5,1.5,0.7,0.5116411935411949,116.65419212739243,11.665419212739243,15.278921894785148,13.670850564515803,228.0,14.0,0.06140350877192982,-11.156028747558594,-11.79205812726702,-11.287765502929688,0.13173675537109375,1.0,1.0,0.0,67.0,13.0,-11.423530578613281,0.2675018310546875,-11.540101375579834,0.3840726280212401,1.0,1.0,1.0,1.0,142.28571428571428,228.0,1.0,0.0,0.7,188.5,1.5,not_short_primary,nan,2,6-10w
zq00Oe1ecpE_2,Music plays,228,zq00Oe1ecpE,"[[219, 227]]",8.0,8.0,1,2,11,5-10s,5-10s,0.03508771929824561,0.0,0.0,0.0,0.0,40.0,20.0,203.0,0.11764705882352941,0.5116411935411949,116.65419212739243,14.581774015924054,13.99418880698712,49.268031272224164,228.0,8.0,0.03508771929824561,-12.847970962524414,-13.095458507537842,-12.83333969116211,-0.014631271362304688,0.9912280701754386,3.0,2.0,71.0,11.0,-12.99197769165039,0.14400672912597656,-13.149405088424682,0.3014341259002684,0.0,1.0,1.0,1.0,223.0,228.0,0.0,1.0,5.0,20.0,203.0,not_short_primary,nan,1,0-5w
ztSjcZNUY7A_1,People talk as a baby cries,83,ztSjcZNUY7A,"[[28, 69], [72, 77]]",41.0,46.0,2,6,27,20s+,10s+,0.4939759036144578,0.0,0.0,1.0,1.0,15.0,66.5,8.0,0.926829268292683,0.5116411935411949,42.466219063919176,1.0357614405833946,0.1500857694678167,0.224163754055283,83.0,46.0,0.5542168674698795,-11.212066650390625,-11.29495556458183,-11.142990112304688,-0.0690765380859375,0.9518072289156626,5.0,4.0,11.0,6.0,-11.218795776367188,0.0067291259765625,-11.142990112304688,-0.0690765380859375,0.0,0.0,1.0,1.0,51.32608695652174,83.0,0.0,1.0,0.36585365853658536,66.5,8.0,not_short_primary,nan,2,6-10w
ztSjcZNUY7A_2,People talk as a woman speaks and a baby cries,83,ztSjcZNUY7A,"[[29, 31], [43, 45], [48, 50], [67, 69], [63, 66], [73, 74]]",3.0,12.0,6,10,46,3-5s,2-5s,0.03614457831325301,0.0,0.0,0.0,0.0,11.0,7.5,22.5,0.3333333333333333,0.5116411935411949,42.466219063919176,14.155406354639725,23.3214340497347,0.21614310232745737,83.0,12.0,0.14457831325301204,-11.638771057128906,-11.720226526260376,-11.517026901245117,-0.12174415588378906,0.9156626506024096,8.0,7.0,24.0,7.0,-11.600469589233398,-0.03830146789550781,-11.59717031478882,-0.04160074234008704,0.0,0.0,0.0,1.0,54.083333333333336,83.0,0.0,1.0,3.6666666666666665,7.5,22.5,shorter_or_equal_audio,188.5,3+,6-10w
zwoqJY03yHE_1,A woman is talking as a camera shutter clicks,300,zwoqJY03yHE,"[[47, 48], [102, 103]]",1.0,2.0,2,9,45,1-2s,0-2s,0.0033333333333333335,0.0,0.0,0.0,0.0,14.0,91.0,11.5,0.06666666666666667,0.5116411935411949,153.49235806235845,153.49235806235845,201.0384459840151,0.7511191638365773,300.0,2.0,0.006666666666666667,-11.433906555175781,-11.660696983337402,-11.38988971710205,-0.04401683807373047,0.9933333333333333,3.0,2.0,90.0,16.0,-11.520268440246582,0.08636188507080078,-11.893764657974243,0.45985810279846184,0.0,1.0,1.0,1.0,75.0,300.0,0.0,1.0,14.0,91.0,11.5,longer_audio,213.0,2,6-10w
zwoqJY03yHE_2,A sheep bleats,300,zwoqJY03yHE,"[[4, 5], [42, 44], [67, 68], [84, 86], [133, 135], [177, 179], [225, 227], [234, 235], [247, 248], [70, 72], [73, 75], [77, 80], [87, 88], [91, 93], [111, 115], [122, 124], [139, 140], [141, 142], [228, 230]]",4.0,34.0,19,3,14,3-5s,2-5s,0.013333333333333334,0.0,0.0,0.0,0.0,3.0,208.5,17.5,0.3333333333333333,0.5116411935411949,153.49235806235845,38.37308951558961,24.20624954613524,0.024315584545149704,300.0,34.0,0.11333333333333333,-10.13902473449707,-11.55061949000639,-9.86618423461914,-0.2728404998779297,0.9866666666666667,5.0,4.0,80.0,16.0,-10.587324142456055,0.4482994079589844,-10.454998455047608,0.31597372055053796,0.0,0.0,1.0,1.0,121.17647058823529,300.0,0.0,1.0,0.75,208.5,17.5,longer_audio,188.5,3+,0-5w
zwoqJY03yHE_3,Someone laughs,300,zwoqJY03yHE,"[[0, 1], [83, 84], [90, 92], [97, 111], [162, 166], [170, 172], [183, 184], [296, 300]]",14.0,29.0,8,2,14,10-20s,10s+,0.04666666666666667,0.0,0.0,1.0,1.0,7.0,208.5,25.0,0.8,0.5116411935411949,153.49235806235845,10.963739861597032,18.02649933876743,2.3906196440992176,300.0,29.0,0.09666666666666666,-10.863893508911133,-11.600752468766837,-10.160682678222656,-0.7032108306884766,0.9666666666666667,11.0,10.0,80.0,10.0,-11.113405227661133,0.24951171875,-10.685201301574708,-0.1786922073364252,0.0,0.0,0.0,0.0,141.22413793103448,300.0,0.0,1.0,0.5,208.5,25.0,not_short_primary,nan,3+,0-5w
zwoqJY03yHE_4,Something winds up,300,zwoqJY03yHE,"[[200, 202], [240, 242], [261, 263]]",2.0,6.0,3,3,18,2-3s,2-5s,0.006666666666666667,0.0,0.0,0.0,0.0,10.0,239.0,2.0,0.2222222222222222,0.5116411935411949,153.49235806235845,76.74617903117922,28.400482478815192,1.9297378132428662,300.0,6.0,0.02,-12.005159378051758,-12.528933842976889,-11.633952140808105,-0.37120723724365234,0.9966666666666667,2.0,1.0,91.0,22.0,-12.210472106933594,0.20531272888183594,-12.468772811889648,0.46361343383789055,0.0,1.0,1.0,1.0,234.66666666666666,300.0,1.0,1.0,5.0,239.0,2.0,longer_audio,188.5,3+,0-5w
