qid,vid,query,duration_bin,audio_duration_sec,gt_duration_sec,gt_width_norm,query_slot,initial_width_norm,initial_width_sec,pred_center_norm,pred_width_norm,pred_center_sec,pred_width_sec,center_error_sec,iou,width_gt_ratio,abs_log_width_gt_ratio,foreground_probability,center_le_1s,center_le_2s,initial_center_norm,initial_center_sec,initial_center_error_sec,initial_width_gt_ratio,initial_abs_log_width_gt_ratio,initial_logit_width,initial_raw_width_delta,layer1_center_norm,layer1_center_sec,layer1_center_error_sec,layer1_width_norm,layer1_width_sec,layer1_width_gt_ratio,layer1_abs_log_width_gt_ratio,layer1_logit_width,layer1_raw_width_delta,layer2_center_norm,layer2_center_sec,layer2_center_error_sec,layer2_width_norm,layer2_width_sec,layer2_width_gt_ratio,layer2_abs_log_width_gt_ratio,layer2_logit_width,layer2_raw_width_delta,log_width_initial_to_layer1,log_width_layer1_to_layer2
--0w1YA1Hm4_2,--0w1YA1Hm4,A phone beeps as a call is made,2-5s,299.0,4.0,0.013377926421404682,7,0.8412365913391113,251.5297408103943,0.24734185636043549,0.03500170260667801,73.95521505177021,10.465509079396725,0.044784948229789734,0.3822078763349156,2.616377269849181,0.9617906394999848,0.7791861891746521,1,1,0.27036458253860474,80.83901017904282,6.839010179042816,62.88243520259857,4.141266875147745,1.6674578436475704,0.0,0.24213926494121552,72.39964021742344,1.600359782576561,0.0390988253057003,11.69054876640439,2.9226371916010976,1.0724863564961957,-3.2017791271209717,-4.869236946105957,0.24734185636043549,73.95521505177021,0.044784948229789734,0.03500170260667801,10.465509079396725,2.616377269849181,0.9617906394999848,-3.3167295455932617,-1.7551442384719849,-3.068780518651549,-0.1106957169962111
-AheI8Epim4_2,-AheI8Epim4,Something metallic gets struck,20s+,83.0,23.0,0.27710843373493976,4,0.07413875311613083,6.153516508638859,0.16007961332798004,0.012934120371937752,13.286607906222343,1.0735319908708334,0.7866079062223434,0.21470639817416667,0.0466753039509058,3.0645400775047285,0.012079632841050625,1,1,0.5870380997657776,48.72416228055954,5.77583771944046,0.26754419602777646,1.3184705074977718,-2.5247858938815373,0.0,0.6131576895713806,50.89208823442459,3.607911765575409,0.02120072767138481,1.7596603967249393,0.07650697377064954,2.570373381903856,-3.8322911262512207,-1.3075050115585327,0.16007961332798004,13.286607906222343,0.7866079062223434,0.012934120371937752,1.0735319908708334,0.0466753039509058,3.0645400775047285,-4.33486795425415,-1.0108634233474731,-1.2519028744060843,-0.4941666956008721
-AheI8Epim4_2,-AheI8Epim4,Something metallic gets struck,20s+,83.0,23.0,0.27710843373493976,7,0.8412365913391113,69.82263708114624,0.2894260585308075,0.08192913234233856,24.022362858057022,6.800117984414101,0.022362858057022095,0.5882250880305337,0.2956573036701783,1.218554253248477,0.866191565990448,1,1,0.27036458253860474,22.440260350704193,1.5597396492958069,3.0357668296150537,1.1104640547443974,1.6674578436475704,0.0,0.2262663096189499,18.78010369837284,5.219896301627159,0.09888529777526855,8.20747971534729,0.35684694414553436,1.0304483170162306,-2.209671974182129,-3.8771297931671143,0.2894260585308075,24.022362858057022,0.022362858057022095,0.08192913234233856,6.800117984414101,0.2956573036701783,1.218554253248477,-2.4164199829101562,-1.9596514701843262,-2.140912371760628,-0.18810593623224633
-EaZ7EJJUl0_1,-EaZ7EJJUl0,A metal object bumps into things,20s+,299.0,35.0,0.11705685618729098,0,0.18933655321598053,56.61162941157818,0.5531782507896423,0.05555201694369316,165.40029698610306,16.610053066164255,0.5997030138969421,0.4816360289839479,0.47457294474755013,0.7453399430370286,0.057215526700019836,1,1,0.6764324307441711,202.25329679250717,12.753296792507172,1.6174751260450908,0.48086636925000215,-1.4543268461844807,0.0,0.7043362259864807,210.59653156995773,17.403468430042267,0.06971775740385056,20.845609463751316,0.5955888418214662,0.5182047126972256,-2.5910329818725586,-1.1367061138153076,0.5531782507896423,165.40029698610306,0.5997030138969421,0.05555201694369316,16.610053066164255,0.47457294474755013,0.7453399430370286,-2.8332808017730713,-0.8583741784095764,-0.9990710819472277,-0.22713523033980298
-FW109cbv0g_1,-FW109cbv0g,Someone sneezes,2-5s,96.0,3.0,0.03125,1,0.3227500021457672,30.984000205993652,0.3791496455669403,0.0438002310693264,36.39836597442627,4.2048221826553345,0.6016340255737305,0.475644370468243,1.4016073942184448,0.3376197167414715,0.9144749045372009,1,1,0.44674772024154663,42.88778114318848,1.1122188568115234,10.32800006866455,2.3348586601927295,-0.7411624414217115,0.0,0.3902660608291626,37.46554183959961,0.4655418395996094,0.05176734924316406,4.96966552734375,1.65655517578125,0.5047402508546169,-2.9078402519226074,-2.166677713394165,0.3791496455669403,36.39836597442627,0.6016340255737305,0.0438002310693264,4.2048221826553345,1.4016073942184448,0.3376197167414715,-3.0833277702331543,-1.6103352308273315,-1.8301184093381124,-0.16712053411314545
-FW109cbv0g_1,-FW109cbv0g,Someone sneezes,2-5s,96.0,3.0,0.03125,8,0.5322582125663757,51.09678840637207,0.5365047454833984,0.04772224277257919,51.50445556640625,4.5813353061676025,0.50445556640625,0.43655394472164233,1.5271117687225342,0.42337821853006413,0.8977137207984924,1,1,0.47813287377357483,45.900755882263184,1.9007558822631836,17.032262802124023,2.8351093573760857,0.12921232615624365,0.0,0.4968631863594055,47.69886589050293,3.3011341094970703,0.04942742735147476,4.745033025741577,1.5816776752471924,0.4584861034836964,-2.9565589427948,-3.085771322250366,0.5365047454833984,51.50445556640625,0.50445556640625,0.04772224277257919,4.5813353061676025,1.5271117687225342,0.42337821853006413,-2.9934592247009277,-1.6992181539535522,-2.3766232538923893,-0.03510788495363227
-FW109cbv0g_1,-FW109cbv0g,Someone sneezes,2-5s,96.0,3.0,0.03125,9,0.6701281666755676,64.33230400085449,0.06398570537567139,0.04033578559756279,6.142627716064453,3.872235417366028,0.6426277160644531,0.2582487613008354,1.2907451391220093,0.2552196788375528,0.9317745566368103,1,1,0.1608370691537857,15.440358638763428,0.059641361236572266,21.444101333618164,3.065449611453947,0.7087647924817356,0.0,0.07971342653036118,7.652488946914673,2.152488946914673,0.06559678167104721,6.297291040420532,2.0990970134735107,0.741507258671584,-2.656381368637085,-3.3651461601257324,0.06398570537567139,6.142627716064453,0.6426277160644531,0.04033578559756279,3.872235417366028,1.2907451391220093,0.2552196788375528,-3.169344425201416,-1.7645212411880493,-2.3239423527823635,-0.4862875798340312
-FW109cbv0g_2,-FW109cbv0g,A man speaks,5-10s,96.0,5.0,0.052083333333333336,1,0.3227500021457672,30.984000205993652,0.41787365078926086,0.04101977497339249,40.11587047576904,3.9378983974456787,0.884129524230957,0.5078851199658432,0.7875796794891358,0.23879073309706614,0.9680579900741577,1,1,0.44674772024154663,42.88778114318848,1.8877811431884766,6.19680004119873,1.8240330364267385,-0.7411624414217115,0.0,0.3971104919910431,38.12260723114014,2.8773927688598633,0.039521608501672745,3.7940744161605835,0.7588148832321167,0.2759974269437378,-3.1905839443206787,-2.4494214057922363,0.41787365078926086,40.11587047576904,0.884129524230957,0.04101977497339249,3.9378983974456787,0.7875796794891358,0.23879073309706614,-3.1518161296844482,-1.3033753633499146,-2.1000304633704765,0.03720669384667162
-FW109cbv0g_2,-FW109cbv0g,A man speaks,5-10s,96.0,5.0,0.052083333333333336,3,0.4910241663455963,47.138319969177246,0.8531305193901062,0.04231259226799011,81.9005298614502,4.062008857727051,0.09947013854980469,0.4923672178103338,0.8124017715454102,0.2077602686463178,0.9554729461669922,1,1,0.7619823217391968,73.15030288696289,0.15030288696289062,9.427663993835449,2.2436483452613913,-0.0359071921279591,0.0,0.852746844291687,81.86369705200195,0.13630294799804688,0.04056744650006294,3.8944748640060425,0.7788949728012085,0.24987906530583617,-3.1633760929107666,-3.1274688243865967,0.8531305193901062,81.9005298614502,0.09947013854980469,0.04231259226799011,4.062008857727051,0.8124017715454102,0.2077602686463178,-3.119436740875244,-1.3270108699798584,-2.4935274105672276,0.04211879665951834
-FW109cbv0g_2,-FW109cbv0g,A man speaks,5-10s,96.0,5.0,0.052083333333333336,5,0.4456096887588501,42.77853012084961,0.7548711895942688,0.038890641182661057,72.4676342010498,3.7335015535354614,0.5323657989501953,0.5356901480611648,0.7467003107070923,0.2920913648335738,0.943925142288208,1,1,0.6909807920455933,66.33415603637695,1.1658439636230469,8.555706024169922,2.1465984316034508,-0.2184255400548803,0.0,0.7410346865653992,71.13932991027832,1.8606700897216797,0.03706115111708641,3.5578705072402954,0.7115741014480591,0.34027571866999445,-3.257420539855957,-3.0389950275421143,0.7548711895942688,72.4676342010498,0.5323657989501953,0.038890641182661057,3.7335015535354614,0.7467003107070923,0.2920913648335738,-3.207334518432617,-1.366313099861145,-2.4868741502734455,0.04818435383642066
-FW109cbv0g_2,-FW109cbv0g,A man speaks,5-10s,96.0,5.0,0.052083333333333336,7,0.8412365913391113,80.75871276855469,0.2362186163663864,0.0418207049369812,22.676987171173096,4.014787673950195,0.3230128288269043,0.4981583491891558,0.8029575347900391,0.2194534496341906,0.9713767170906067,1,1,0.27036458253860474,25.954999923706055,2.0450000762939453,16.15174255371094,2.7820279419106853,1.6674578436475704,0.0,0.2019730806350708,19.389415740966797,3.610584259033203,0.03909672796726227,3.7532858848571777,0.7506571769714355,0.28680622016048973,-3.2018349170684814,-4.869292736053467,0.2362186163663864,22.676987171173096,0.3230128288269043,0.0418207049369812,4.014787673950195,0.8029575347900391,0.2194534496341906,-3.131643295288086,-1.3755635023117065,-3.068834162071175,0.0673527705262991
-FW109cbv0g_2,-FW109cbv0g,A man speaks,5-10s,96.0,5.0,0.052083333333333336,8,0.5322582125663757,51.09678840637207,0.5110700726509094,0.04036816954612732,49.062726974487305,3.8753442764282227,0.4372730255126953,0.25804159028721624,0.7750688552856445,0.25480340804545654,0.9611266851425171,1,1,0.47813287377357483,45.900755882263184,3.5992441177368164,10.219357681274413,2.3242837336100948,0.12921232615624365,0.0,0.47533148527145386,45.63182258605957,3.8681774139404297,0.03935272991657257,3.777862071990967,0.7555724143981933,0.28027965222901413,-3.1950418949127197,-3.324254274368286,0.5110700726509094,49.062726974487305,0.4372730255126953,0.04036816954612732,3.8753442764282227,0.7750688552856445,0.25480340804545654,-3.1685080528259277,-1.4415587186813354,-2.604563385839109,0.025476244183557553
-FW109cbv0g_3,-FW109cbv0g,Someone spits,2-5s,96.0,3.0,0.03125,3,0.4910241663455963,47.138319969177246,0.8986697196960449,0.031463831663131714,86.27229309082031,3.0205278396606445,0.2277069091796875,0.3310679633107933,1.0068426132202148,0.0068193087907731905,0.8445364236831665,1,1,0.7619823217391968,73.15030288696289,13.34969711303711,15.712773323059082,2.7544739690273823,-0.0359071921279591,0.0,0.9221770763397217,88.52899932861328,2.0289993286132812,0.029245911166071892,2.8076074719429016,0.9358691573143005,0.06627960147008839,-3.502333402633667,-3.466426134109497,0.8986697196960449,86.27229309082031,0.2277069091796875,0.031463831663131714,3.0205278396606445,1.0068426132202148,0.0068193087907731905,-3.4269471168518066,-1.186947226524353,-2.820753570497471,0.07309891026086156
-FW109cbv0g_3,-FW109cbv0g,Someone spits,2-5s,96.0,3.0,0.03125,7,0.8412365913391113,80.75871276855469,0.21655012667179108,0.03092079982161522,20.788812160491943,2.968396782875061,0.7111878395080566,0.6150941768670953,0.989465594291687,0.01059028534576614,0.941400945186615,1,1,0.27036458253860474,25.954999923706055,4.454999923706055,26.919570922851562,3.2928535656766758,1.6674578436475704,0.0,0.2074064314365387,19.911017417907715,1.5889825820922852,0.03108251839876175,2.983921766281128,0.994640588760376,0.0053738244044925325,-3.4395339488983154,-5.106991767883301,0.21655012667179108,20.788812160491943,0.7111878395080566,0.03092079982161522,2.968396782875061,0.989465594291687,0.01059028534576614,-3.4449172019958496,-1.538706660270691,-3.298227390081168,-0.005216460941273589
-FW109cbv0g_4,-FW109cbv0g,A man laughs,2-5s,96.0,2.0,0.020833333333333332,4,0.07413875311613083,7.11732029914856,0.5510269403457642,0.04250037670135498,52.89858627319336,4.080036163330078,0.3985862731933594,0.24509586679344814,2.040018081665039,0.7129586713781375,0.8694918751716614,1,1,0.5870380997657776,56.35565757751465,0.35565757751464844,3.55866014957428,1.269384111542671,-2.5247858938815373,0.0,0.5992040038108826,57.52358436584473,1.5235843658447266,0.05356936529278755,5.142659068107605,2.5713295340538025,0.9444230935645153,-2.871720314025879,-0.34693437814712524,0.5510269403457642,52.89858627319336,0.3985862731933594,0.04250037670135498,4.080036163330078,2.040018081665039,0.7129586713781375,-3.1148123741149902,-1.4210556745529175,-0.3249610179781557,-0.23146442218637767
-FW109cbv0g_4,-FW109cbv0g,A man laughs,2-5s,96.0,2.0,0.020833333333333332,6,0.8429434299468994,80.92256927490234,0.31446728110313416,0.040259916335344315,30.18885898590088,3.864951968193054,0.3111410140991211,0.2587354275627702,1.932475984096527,0.6588020740265543,0.8964536190032959,1,1,0.36404988169670105,34.9487886428833,4.448788642883301,40.46128463745117,3.700345582037609,1.6802937908532223,0.0,0.2907751500606537,27.914414405822754,2.585585594177246,0.046415939927101135,4.455930233001709,2.2279651165008545,0.8010886650757056,-3.0225846767425537,-4.702878475189209,0.31446728110313416,30.18885898590088,0.3111410140991211,0.040259916335344315,3.864951968193054,1.932475984096527,0.6588020740265543,-3.1713061332702637,-1.863223671913147,-2.899256916961903,-0.1422865910491513
-FW109cbv0g_5,-FW109cbv0g,Someone coughs,2-5s,96.0,3.0,0.03125,3,0.4910241663455963,47.138319969177246,0.9369515776634216,0.04796276241540909,89.94735145568848,4.6044251918792725,0.5526485443115234,0.2171823752862092,1.5348083972930908,0.42840555063780583,0.5647499561309814,1,1,0.7619823217391968,73.15030288696289,10.34969711303711,15.712773323059082,2.7544739690273823,-0.0359071921279591,0.0,0.9373917579650879,89.98960876464844,0.5103912353515625,0.04133288189768791,3.9679566621780396,1.3226522207260132,0.27963897886474187,-3.143885612487793,-3.107978343963623,0.9369515776634216,89.94735145568848,0.5526485443115234,0.04796276241540909,4.6044251918792725,1.5348083972930908,0.42840555063780583,-2.9881792068481445,-1.1180387735366821,-2.4748349901626403,0.14876657177306396
-NrFeH-kBSM_1,-NrFeH-kBSM,A gun loads and fires,5-10s,300.0,5.0,0.016666666666666666,9,0.6701281666755676,201.0384500026703,0.012011905200779438,0.02499682456254959,3.6035715602338314,7.499047368764877,0.1035715602338314,0.6667513557556738,1.4998094737529755,0.4053380825427425,0.9344082474708557,1,1,0.1608370691537857,48.25112074613571,44.75112074613571,40.20769000053406,3.6940582708763214,0.7087647924817356,0.0,0.038177747279405594,11.453324183821678,7.953324183821678,0.03801252320408821,11.403756961226463,2.2807513922452927,0.8245049466763603,-3.231085777282715,-3.9398505687713623,0.012011905200779438,3.6035715602338314,0.1035715602338314,0.02499682456254959,7.499047368764877,1.4998094737529755,0.4053380825427425,-3.663691997528076,-1.442618727684021,-2.869553324199961,-0.4191668641336177
-aYumc8KoXg_1,-aYumc8KoXg,The wind is blowing while a horn is honking,5-10s,74.0,5.0,0.06756756756756757,1,0.3227500021457672,23.883500158786774,0.38135674595832825,0.038005534559488297,28.22039920091629,2.812409557402134,0.7203992009162903,0.3555669896541368,0.5624819114804268,0.5753963027887512,0.8951565623283386,1,1,0.44674772024154663,33.05933129787445,0.5593312978744507,4.776700031757355,1.5637499381630722,-0.7411624414217115,0.0,0.3400629162788391,25.164655804634094,2.3353441953659058,0.03282083198428154,2.428741566836834,0.4857483133673668,0.722064662954256,-3.3833203315734863,-2.642157793045044,0.38135674595832825,28.22039920091629,0.7203992009162903,0.038005534559488297,2.812409557402134,0.5624819114804268,0.5753963027887512,-3.2312769889831543,-1.1483620405197144,-2.285814601117328,0.14666836016550458
-aYumc8KoXg_1,-aYumc8KoXg,The wind is blowing while a horn is honking,5-10s,74.0,5.0,0.06756756756756757,7,0.8412365913391113,62.25150775909424,0.2075270563364029,0.0495508536696434,15.357002168893814,3.6667631715536118,0.6429978311061859,0.5454401897334966,0.7333526343107224,0.31012860913557044,0.8950532078742981,1,1,0.27036458253860474,20.00697910785675,4.0069791078567505,12.450301551818848,2.5217448436470185,1.6674578436475704,0.0,0.19299501180648804,14.281630873680115,1.7183691263198853,0.04283645376563072,3.1698975786566734,0.6339795157313347,0.45573863463890385,-3.1065847873687744,-4.77404260635376,0.2075270563364029,15.357002168893814,0.6429978311061859,0.0495508536696434,3.6667631715536118,0.7333526343107224,0.31012860913557044,-2.953935146331787,-1.5962203741073608,-2.9774834782859223,0.14561002550333346
-aYumc8KoXg_1,-aYumc8KoXg,The wind is blowing while a horn is honking,5-10s,74.0,5.0,0.06756756756756757,8,0.5322582125663757,39.387107729911804,0.44099774956703186,0.03545312583446503,32.63383346796036,2.623531311750412,0.13383346796035767,0.3811656432386176,0.5247062623500824,0.644916673254762,0.9046273827552795,1,1,0.47813287377357483,35.38183265924454,2.8818326592445374,7.877421545982361,2.0640006353464284,0.12921232615624365,0.0,0.4402084946632385,32.57542860507965,0.07542860507965088,0.031616922467947006,2.3396522626280785,0.4679304525256157,0.7594355998219099,-3.4219353199005127,-3.551147699356079,0.44099774956703186,32.63383346796036,0.13383346796035767,0.03545312583446503,2.623531311750412,0.5247062623500824,0.644916673254762,-3.3034470081329346,-1.316563367843628,-2.823436235168338,0.11451892656714784
-aYumc8KoXg_1,-aYumc8KoXg,The wind is blowing while a horn is honking,5-10s,74.0,5.0,0.06756756756756757,9,0.6701281666755676,49.589484333992004,0.07395176589488983,0.05983489379286766,5.4724306762218475,4.427782140672207,0.027569323778152466,0.677540110305552,0.8855564281344414,0.12153909918828604,0.8689936995506287,1,1,0.1608370691537857,11.901943117380142,4.098056882619858,9.9178968667984,2.2943408894242903,0.7087647924817356,0.0,0.08528442680835724,6.311047583818436,0.8110475838184357,0.05405326932668686,3.9999419301748276,0.7999883860349655,0.22315806887588222,-2.8622162342071533,-3.570981025695801,0.07395176589488983,5.4724306762218475,0.027569323778152466,0.05983489379286766,4.427782140672207,0.8855564281344414,0.12153909918828604,-2.7544665336608887,-1.3098152875900269,-2.5174989583001723,0.1016189696875962
-mhFGevxLUg_1,-mhFGevxLUg,Music plays,10-20s,300.0,12.0,0.04,9,0.6701281666755676,201.0384500026703,0.018500514328479767,0.04097257927060127,5.55015429854393,12.291773781180382,0.44984570145606995,0.9285717288504313,1.0243144817650318,0.02402359056701953,0.9911121726036072,1,1,0.1608370691537857,48.25112074613571,42.25112074613571,16.75320416688919,2.8185895335224216,0.7087647924817356,0.0,0.024185700342059135,7.255710102617741,1.2557101026177406,0.048819515854120255,14.645854756236076,1.2204878963530064,0.1992506938439054,-2.969573736190796,-3.6783385276794434,0.018500514328479767,5.55015429854393,0.44984570145606995,0.04097257927060127,12.291773781180382,1.0243144817650318,0.02402359056701953,-3.1530165672302246,-1.0245413780212402,-2.619338839678516,-0.17522710327688587
-nQHwrRLfc0_1,-nQHwrRLfc0,Footsteps echo,5-10s,165.0,8.0,0.048484848484848485,4,0.07413875311613083,12.232894264161587,0.03840840235352516,0.010118101723492146,6.337386388331652,1.669486784376204,0.3373863883316517,0.2086858480470255,0.2086858480470255,1.5669252772268132,0.005478729028254747,1,1,0.5870380997657776,96.8612864613533,90.8612864613533,1.5291117830201983,0.42468703285552467,-2.5247858938815373,0.0,0.5196190476417542,85.73714286088943,79.73714286088943,0.032484814524650574,5.359994396567345,0.6699992995709181,0.4004786120142119,-3.393958330154419,-0.8691723346710205,0.03840840235352516,6.337386388331652,0.3373863883316517,0.010118101723492146,1.669486784376204,0.2086858480470255,1.5669252772268132,-4.583259582519531,-1.898660659790039,-0.8251656448697365,-1.1664466652126013
-nQHwrRLfc0_1,-nQHwrRLfc0,Footsteps echo,5-10s,165.0,8.0,0.048484848484848485,7,0.8412365913391113,138.80403757095337,0.04038868099451065,0.04772038757801056,6.664132364094257,7.873863950371742,0.6641323640942574,0.8455697253510274,0.9842329937964678,0.01589262764490775,0.9735090732574463,1,1,0.27036458253860474,44.61015611886978,38.61015611886978,17.35050469636917,2.8536215950976938,1.6674578436475704,0.0,0.052262380719184875,8.623292818665504,2.6232928186655045,0.05512136220932007,9.095024764537811,1.1368780955672264,0.12828599316040865,-2.8415191173553467,-4.508976936340332,0.04038868099451065,6.664132364094257,0.6641323640942574,0.04772038757801056,7.873863950371742,0.9842329937964678,0.01589262764490775,-2.993499994277954,-1.3856992721557617,-2.725335601937285,-0.14417862080531643
-nQHwrRLfc0_3,-nQHwrRLfc0,A machine starts up as metal clangs,5-10s,165.0,8.0,0.048484848484848485,9,0.6701281666755676,110.57114750146866,0.11293624341487885,0.06664721667766571,18.63448016345501,10.996790751814842,0.36551983654499054,0.7274849708929607,1.3745988439768553,0.31816193871625764,0.9634811282157898,1,1,0.1608370691537857,26.53811641037464,7.538116410374641,13.821393437683582,2.6262176408749656,0.7087647924817356,0.0,0.08211471140384674,13.548927381634712,5.451072618365288,0.06239369884133339,10.29496030882001,1.2868700386025012,0.2522129434083187,-2.7098658084869385,-3.418630599975586,0.11293624341487885,18.63448016345501,0.36551983654499054,0.06664721667766571,10.996790751814842,1.3745988439768553,0.31816193871625764,-2.6393699645996094,-1.2406495809555054,-2.374004697466647,0.06594899530793903
096oTVzc5Gs_1,096oTVzc5Gs,A woman talks while a dog howls,5-10s,129.0,6.0,0.046511627906976744,9,0.6701281666755676,86.44653350114822,0.02432997338473797,0.04658784717321396,3.138566566631198,6.009832285344601,0.13856656663119793,0.9548898977378557,1.0016387142241001,0.0016373729970046713,0.9738741517066956,1,1,0.1608370691537857,20.747981920838356,17.747981920838356,14.407755583524704,2.667766643787838,0.7087647924817356,0.0,0.05623956397175789,7.254903752356768,4.254903752356768,0.05288098379969597,6.82164691016078,1.1369411516934633,0.12834145590339407,-2.885380983352661,-3.5941457748413086,0.02432997338473797,3.138566566631198,0.13856656663119793,0.04658784717321396,6.009832285344601,1.0016387142241001,0.0016373729970046713,-3.018707513809204,-1.2625041007995605,-2.5394251878844436,-0.12670408290638943
096oTVzc5Gs_2,096oTVzc5Gs,Acat cries out,5-10s,129.0,6.0,0.046511627906976744,5,0.4456096887588501,57.48364984989166,0.8376102447509766,0.05533026531338692,108.05172157287598,7.137604225426912,0.9482784271240234,0.7477003413496683,1.1896007042378187,0.17361770815910943,0.9297242164611816,1,1,0.6909807920455933,89.13652217388153,19.86347782611847,9.580608308315277,2.259741087703332,-0.2184255400548803,0.0,0.7668473124504089,98.92330330610275,10.076696693897247,0.055911820381879807,7.212624829262495,1.2021041382104158,0.18407346980647846,-2.826443672180176,-2.608018159866333,0.8376102447509766,108.05172157287598,0.9482784271240234,0.05533026531338692,7.137604225426912,1.1896007042378187,0.17361770815910943,-2.837515354156494,-1.500611424446106,-2.075667617896854,-0.010455761647369038
0AsXkZkqelg_4,0AsXkZkqelg,A car picks up speed,5-10s,172.0,5.0,0.029069767441860465,1,0.3227500021457672,55.51300036907196,0.5023155212402344,0.8846771717071533,86.39826965332031,152.16447353363037,0.3982696533203125,0.03285918114713507,30.432894706726074,3.4155240861255343,0.8520593643188477,1,1,0.44674772024154663,76.84060788154602,9.15939211845398,11.102600073814392,2.4071793217723556,-0.7411624414217115,0.0,0.500169575214386,86.02916693687439,0.02916693687438965,0.7356985807418823,126.54015588760376,25.308031177520753,3.2311217832074113,1.0237302780151367,1.7648926973342896,0.5023155212402344,86.39826965332031,0.3982696533203125,0.8846771717071533,152.16447353363037,30.432894706726074,3.4155240861255343,2.037487268447876,0.6313703656196594,0.8239424614350557,0.18440230291812298
0AsXkZkqelg_4,0AsXkZkqelg,A car picks up speed,5-10s,172.0,5.0,0.029069767441860465,3,0.4910241663455963,84.45615661144257,0.7059032320976257,0.027687909081578255,121.41535592079163,4.76232036203146,0.415355920791626,0.8268093291148892,0.9524640724062919,0.0487028919511563,0.018676312640309334,1,1,0.7619823217391968,131.06095933914185,0.0609593391418457,16.89123132228851,2.8267946306070084,-0.0359071921279591,0.0,0.9247982501983643,159.06529903411865,28.065299034118652,0.0943758636713028,16.23264855146408,3.2465297102928163,1.177586644408533,-2.261338949203491,-2.2254316806793213,0.7059032320976257,121.41535592079163,0.415355920791626,0.027687909081578255,4.76232036203146,0.9524640724062919,0.0487028919511563,-3.558681011199951,-0.9942454695701599,-1.6492079861984754,-1.2262895363596893
0AsXkZkqelg_4,0AsXkZkqelg,A car picks up speed,5-10s,172.0,5.0,0.029069767441860465,5,0.4456096887588501,76.64486646652222,0.5985822081565857,0.3808940052986145,102.95613980293274,65.5137689113617,0.45613980293273926,0.07631983448799688,13.10275378227234,2.572822420502779,0.024260615929961205,1,1,0.6909807920455933,118.84869623184204,2.151303768157959,15.328973293304443,2.729744716949068,-0.2184255400548803,0.0,0.6962437629699707,119.75392723083496,1.246072769165039,0.4647693932056427,79.94033563137054,15.988067126274109,2.7718426393813007,-0.14115631580352783,0.07726925611495972,0.5985822081565857,102.95613980293274,0.45613980293273926,0.3808940052986145,65.5137689113617,13.10275378227234,2.572822420502779,-0.4857552647590637,0.09008769690990448,0.042097922432232975,-0.19902021887852148
0AsXkZkqelg_4,0AsXkZkqelg,A car picks up speed,5-10s,172.0,5.0,0.029069767441860465,8,0.5322582125663757,91.54841256141663,0.5042261481285095,0.9069939851760864,86.72689747810364,156.00296545028687,0.7268974781036377,0.0320506727905332,31.200593090057374,3.440437103931473,0.7720244526863098,1,1,0.47813287377357483,82.23885428905487,3.7611457109451294,18.309682512283324,2.9074300189557114,0.12921232615624365,0.0,0.5131464600563049,88.26119112968445,2.2611911296844482,0.8928381204605103,153.56815671920776,30.713631343841552,3.4247065737611644,2.1200647354125977,1.9908524751663208,0.5042261481285095,86.72689747810364,0.7268974781036377,0.9069939851760864,156.00296545028687,31.200593090057374,3.440437103931473,2.2774715423583984,0.656750500202179,0.5172765548054529,0.015730530170308586
0Dt-pH0pW-Y_1,0Dt-pH0pW-Y,"Amid engine noise, an announcement plays",10-20s,77.0,17.0,0.22077922077922077,1,0.3227500021457672,24.851750165224075,0.2768426239490509,0.0372791551053524,21.31688204407692,2.870494943112135,0.18311795592308044,0.8825551654020799,0.16885264371247852,1.778728875107136,0.612294614315033,1,1,0.44674772024154663,34.39957445859909,12.89957445859909,1.4618676567778868,0.3797148351904705,-0.7411624414217115,0.0,0.3497673273086548,26.93208420276642,5.4320842027664185,0.04413041099905968,3.398041646927595,0.19988480276044676,1.6100140645756404,-3.075472354888916,-2.3343098163604736,0.2768426239490509,21.31688204407692,0.18311795592308044,0.0372791551053524,2.870494943112135,0.16885264371247852,1.778728875107136,-3.251329183578491,-1.4888806343078613,-1.989728899766111,-0.1687148105314954
0Dt-pH0pW-Y_1,0Dt-pH0pW-Y,"Amid engine noise, an announcement plays",10-20s,77.0,17.0,0.22077922077922077,6,0.8429434299468994,64.90664410591125,0.27963143587112427,0.035052698105573654,21.53162056207657,2.6990577541291714,0.031620562076568604,0.8996859180430571,0.1587681031840689,1.8403106119057657,0.8506373763084412,1,1,0.36404988169670105,28.03184089064598,6.531840890645981,3.818037888583015,1.3397366489271858,1.6802937908532223,0.0,0.28618305921554565,22.036095559597015,0.5360955595970154,0.05152614414691925,3.9675130993127823,0.23338312348898718,1.455073868989104,-2.91276478767395,-4.5930585861206055,0.27963143587112427,21.53162056207657,0.031620562076568604,0.035052698105573654,2.6990577541291714,0.1587681031840689,1.8403106119057657,-3.315220832824707,-2.1036646366119385,-2.79481051791629,-0.38523674291666177
0On6-JiVwRs_1,0On6-JiVwRs,"Amid the commotion, cats are meowing",10-20s,143.0,10.0,0.06993006993006994,5,0.4456096887588501,63.722185492515564,0.7767881155014038,0.058952197432518005,111.08070051670074,8.430164232850075,0.9192994832992554,0.7117299063545666,0.8430164232850075,0.1707688392186793,0.8626809120178223,1,1,0.6909807920455933,98.81025326251984,2.6897467374801636,6.372218549251556,1.8519476898355767,-0.2184255400548803,0.0,0.7746891379356384,110.7805467247963,1.2194532752037048,0.04413990676403046,6.312006667256355,0.6312006667256356,0.4601314531683378,-3.075247287750244,-2.8568217754364014,0.7767881155014038,111.08070051670074,0.9192994832992554,0.058952197432518005,8.430164232850075,0.8430164232850075,0.1707688392186793,-2.7702670097351074,-1.0917065143585205,-2.3120791430039147,0.2893626139496585
0_K6OKtoBBU_1,0_K6OKtoBBU,Door opens and closes,2-5s,61.0,2.0,0.03278688524590164,7,0.8412365913391113,51.31543207168579,0.12912233173847198,0.043017540127038956,7.876462236046791,2.6240699477493763,0.8764622360467911,0.45023490482002015,1.3120349738746881,0.27157934708329107,0.9074032306671143,1,1,0.27036458253860474,16.49223953485489,9.492239534854889,25.657716035842896,3.244844346490315,1.6674578436475704,0.0,0.15440522134304047,9.418718501925468,2.4187185019254684,0.052216991782188416,3.1852364987134933,1.5926182493567467,0.4653793596206807,-2.8987176418304443,-4.56617546081543,0.12912233173847198,7.876462236046791,0.8764622360467911,0.043017540127038956,2.6240699477493763,1.3120349738746881,0.27157934708329107,-3.102177143096924,-2.1526572704315186,-2.7794649868696344,-0.19380001253738965
0_K6OKtoBBU_1,0_K6OKtoBBU,Door opens and closes,2-5s,61.0,2.0,0.03278688524590164,8,0.5322582125663757,32.46775096654892,0.4296640455722809,0.03454155847430229,26.209506779909134,2.10703506693244,0.7904932200908661,0.44409969680868927,1.05351753346622,0.05213459718599489,0.8646116852760315,1,1,0.47813287377357483,29.166105300188065,2.1661053001880646,16.23387548327446,2.7871001381897247,0.12921232615624365,0.0,0.4432993233203888,27.041258722543716,0.04125872254371643,0.031859226524829865,1.9434128180146217,0.9717064090073109,0.028701568493875444,-3.414050579071045,-3.5432629585266113,0.4296640455722809,26.209506779909134,0.7904932200908661,0.03454155847430229,2.10703506693244,1.05351753346622,0.05213459718599489,-3.330439805984497,-1.5367066860198975,-2.8158017066836005,0.08083616567987043
0_K6OKtoBBU_1,0_K6OKtoBBU,Door opens and closes,2-5s,61.0,2.0,0.03278688524590164,9,0.6701281666755676,40.877818167209625,0.1045893058180809,0.04268551245331764,6.379947654902935,2.603816259652376,0.620052345097065,0.5755915588739433,1.301908129826188,0.2638309804874671,0.9620083570480347,1,1,0.1608370691537857,9.811061218380928,2.811061218380928,20.438909083604813,3.0174403922675865,0.7087647924817356,0.0,0.07505783438682556,4.578527897596359,2.4214721024036407,0.05711273476481438,3.483876820653677,1.7419384103268385,0.5549985220801612,-2.803919553756714,-3.5126843452453613,0.1045893058180809,6.379947654902935,0.620052345097065,0.04268551245331764,2.603816259652376,1.301908129826188,0.2638309804874671,-3.1102724075317383,-1.6513148546218872,-2.4624418701874253,-0.2911675415926942
0_K6OKtoBBU_2,0_K6OKtoBBU,Chickens cluck,10-20s,61.0,15.0,0.2459016393442623,8,0.5322582125663757,32.46775096654892,0.3987730145454407,0.04454069957137108,24.32515388727188,2.716982673853636,0.8251538872718811,0.18113217825690905,0.18113217825690905,1.7085282476184736,0.9351703524589539,1,1,0.47813287377357483,29.166105300188065,5.666105300188065,2.1645167311032614,0.7721971176474601,0.12921232615624365,0.0,0.4013410806655884,24.48180592060089,0.9818059206008911,0.040347855538129807,2.461219187825918,0.16408127918839455,1.8073933691221549,-3.169032573699951,-3.2982449531555176,0.3987730145454407,24.32515388727188,0.8251538872718811,0.04454069957137108,2.716982673853636,0.18113217825690905,1.7085282476184736,-3.065788745880127,-1.5265623331069946,-2.579590486769615,0.09886512150368136
0_K6OKtoBBU_3,0_K6OKtoBBU,A cat meows,2-5s,61.0,2.0,0.03278688524590164,1,0.3227500021457672,19.6877501308918,0.37362873554229736,0.04265165701508522,22.79135286808014,2.6017510779201984,0.20864713191986084,0.7687130475213526,1.3008755389600992,0.2630375292816326,0.9607877135276794,1,1,0.44674772024154663,27.251610934734344,4.2516109347343445,9.8438750654459,2.286849441006369,-0.7411624414217115,0.0,0.37532517313957214,22.8948355615139,0.10516443848609924,0.041313838213682175,2.5201441310346127,1.2600720655173063,0.23116891418282828,-3.1443662643432617,-2.4032037258148193,0.37362873554229736,22.79135286808014,0.20864713191986084,0.04265165701508522,2.6017510779201984,1.3008755389600992,0.2630375292816326,-3.1111011505126953,-1.4053833484649658,-2.0556805268235405,0.03186861509880442
0a9wVat2PWk_1,0a9wVat2PWk,Machines operate as people talk,5-10s,300.0,8.0,0.02666666666666667,3,0.4910241663455963,147.3072499036789,0.9220958948135376,0.03513079881668091,276.6287684440613,10.539239645004272,0.6287684440612793,0.759068041857469,1.317404955625534,0.27566385888850087,0.914716899394989,1,1,0.7619823217391968,228.59469652175903,34.40530347824097,18.41340623795986,2.913078999204021,-0.0359071921279591,0.0,0.9702655076980591,291.0796523094177,15.079652309417725,0.035880785435438156,10.764235630631447,1.3455294538289309,0.2967875815650199,-3.29101300239563,-3.25510573387146,0.9220958948135376,276.6287684440613,0.6287684440612793,0.03513079881668091,10.539239645004272,1.317404955625534,0.27566385888850087,-3.3129143714904785,-0.5877090692520142,-2.616291417639001,-0.021123722676518932
0a9wVat2PWk_1,0a9wVat2PWk,Machines operate as people talk,5-10s,300.0,8.0,0.02666666666666667,6,0.8429434299468994,252.88302898406982,0.044287972152233124,0.020607605576515198,13.286391645669937,6.182281672954559,0.28639164566993713,0.3235051564779618,0.7727852091193199,0.25775413560534244,0.7501834034919739,1,1,0.36404988169670105,109.21496450901031,70.21496450901031,31.610378623008728,3.4534855041060832,1.6802937908532223,0.0,0.19567571580410004,58.70271474123001,19.70271474123001,0.026550227776169777,7.965068332850933,0.9956335416063666,0.0043760192145201006,-3.6018078327178955,-5.282101631164551,0.044287972152233124,13.286391645669937,0.28639164566993713,0.020607605576515198,6.182281672954559,0.7727852091193199,0.25775413560534244,-3.861272096633911,-1.4803922176361084,-3.457861523320603,-0.2533781163908223
0a9wVat2PWk_2,0a9wVat2PWk,Machines operate in the background as a bell rings out,2-5s,300.0,4.0,0.013333333333333334,9,0.6701281666755676,201.0384500026703,0.06660130620002747,0.04136902093887329,19.98039186000824,12.410706281661987,0.9803918600082397,0.16115118306805734,3.102676570415497,1.1322651487787116,0.9210819005966187,1,1,0.1608370691537857,48.25112074613571,29.25112074613571,50.25961250066757,3.917201822190531,0.7087647924817356,0.0,0.08372665196657181,25.117995589971542,6.117995589971542,0.05202307552099228,15.606922656297684,3.901730664074421,1.3614202147223249,-2.9026427268981934,-3.611407518386841,0.06660130620002747,19.98039186000824,0.9803918600082397,0.04136902093887329,12.410706281661987,3.102676570415497,1.1322651487787116,-3.1429738998413086,-1.6583291292190552,-2.555781607468206,-0.22915506594361335
0a9wVat2PWk_3,0a9wVat2PWk,Machines operate in the background as a horn blares,2-5s,300.0,3.0,0.01,0,0.18933655321598053,56.80096596479416,0.7649549245834351,0.01960410177707672,229.48647737503052,5.881230533123016,0.013522624969482422,0.5100973313499679,1.9604101777076721,0.6731537256882547,0.9342835545539856,1,1,0.6764324307441711,202.92972922325134,26.570270776748657,18.933655321598053,2.940941043336821,-1.4543268461844807,0.0,0.7304564118385315,219.13692355155945,10.363076448440552,0.02799033559858799,8.397100679576397,2.799033559858799,1.029274200407418,-3.547506332397461,-2.09317946434021,0.7649549245834351,229.48647737503052,0.013522624969482422,0.01960410177707672,5.881230533123016,1.9604101777076721,0.6731537256882547,-3.912217617034912,-1.5001928806304932,-1.9116668429294028,-0.35612047471916325
0a9wVat2PWk_3,0a9wVat2PWk,Machines operate in the background as a horn blares,2-5s,300.0,3.0,0.01,8,0.5322582125663757,159.67746376991272,0.3964539170265198,0.03373554348945618,118.93617510795593,10.120663046836853,0.5638248920440674,0.2964232665504688,3.3735543489456177,1.2159668915071087,0.8485212326049805,1,1,0.47813287377357483,143.43986213207245,23.93986213207245,53.22582125663757,3.9745436405644505,0.12921232615624365,0.0,0.4402344226837158,132.07032680511475,12.570326805114746,0.0339665450155735,10.18996350467205,3.39665450155735,1.2227909770755225,-3.347822427749634,-3.4770348072052,0.3964539170265198,118.93617510795593,0.5638248920440674,0.03373554348945618,10.120663046836853,3.3735543489456177,1.2159668915071087,-3.3548855781555176,-1.7605351209640503,-2.751752663488928,-0.0068240855684137125
0jGH7A_hpBM_1,0jGH7A_hpBM,"As music plays, a man speaks",20s+,221.0,25.0,0.11312217194570136,2,0.5923634171485901,130.9123151898384,0.9637728929519653,0.036179911345243454,212.99380934238434,7.995760407298803,0.9938093423843384,0.4442089115166002,0.31983041629195214,1.1399643727486632,0.6629404425621033,1,1,0.7359917759895325,162.65418249368668,49.345817506313324,5.2364926075935365,1.6556519245225403,0.3737442776905129,0.0,0.9712230563163757,214.64029544591904,2.640295445919037,0.04630143940448761,10.232618108391762,0.40930472433567044,0.8932953530737984,-3.025174617767334,-3.398918867111206,0.9637728929519653,212.99380934238434,0.9938093423843384,0.036179911345243454,7.995760407298803,0.31983041629195214,1.1399643727486632,-3.282400608062744,-0.9110863208770752,-2.5489472775963384,-0.24666901967486493
0jGH7A_hpBM_1,0jGH7A_hpBM,"As music plays, a man speaks",20s+,221.0,25.0,0.11312217194570136,9,0.6701281666755676,148.09832483530045,0.06140583008527756,0.08214037865400314,13.57068844884634,18.153023682534695,0.9293115511536598,0.7261209473013878,0.7261209473013878,0.32003868395354707,0.94552081823349,1,1,0.1608370691537857,35.54499228298664,21.04499228298664,5.923932993412018,1.779000585303773,0.7087647924817356,0.0,0.06528393924236298,14.427750572562218,0.07224942743778229,0.08686614036560059,19.19741702079773,0.7678966808319092,0.2641000850512443,-2.3525142669677734,-3.061279058456421,0.06140583008527756,13.57068844884634,0.9293115511536598,0.08214037865400314,18.153023682534695,0.7261209473013878,0.32003868395354707,-2.4136147499084473,-1.022152304649353,-2.043100670355017,-0.05593859890230264
0jGH7A_hpBM_2,0jGH7A_hpBM,"As a man speaks, applause breaks out",5-10s,221.0,8.0,0.03619909502262444,7,0.8412365913391113,185.9132866859436,0.32228347659111023,0.03042123094201088,71.22464832663536,6.723092038184404,0.7753516733646393,0.8094232709639659,0.8403865047730505,0.17389336823987864,0.9497727155685425,1,1,0.27036458253860474,59.75057274103165,12.249427258968353,23.23916083574295,3.145838822714866,1.6674578436475704,0.0,0.26827630400657654,59.289063185453415,12.710936814546585,0.035942479968070984,7.943288072943687,0.9929110091179609,0.007114237162421743,-3.289231061935425,-4.95668888092041,0.32228347659111023,71.22464832663536,0.7753516733646393,0.03042123094201088,6.723092038184404,0.8403865047730505,0.17389336823987864,-3.4617209434509277,-1.8973388671875,-3.1529530598772877,-0.1667791310774569
0qbHT34qTZE_2,0qbHT34qTZE,"As waves crash, several men shout while cannon fire and crashing sounds erupt",20s+,300.0,65.0,0.21666666666666667,3,0.4910241663455963,147.3072499036789,0.9267250895500183,0.053037405014038086,278.0175268650055,15.911221504211426,0.5175268650054932,0.3700284070746843,0.24478802314171424,1.4073626546155333,0.7663309574127197,1,1,0.7619823217391968,228.59469652175903,9.405303478240967,2.2662653831335215,0.8181332709882198,-0.0359071921279591,0.0,0.9156624674797058,274.69874024391174,2.801259756088257,0.04248814657330513,12.746443971991539,0.19609913803063905,1.6291349413497263,-3.1151130199432373,-3.0792057514190674,0.9267250895500183,278.0175268650055,0.5175268650054932,0.053037405014038086,15.911221504211426,0.24478802314171424,1.4073626546155333,-2.8822622299194336,-1.1418181657791138,-2.4472682123379457,0.22177228673419294
0qbHT34qTZE_2,0qbHT34qTZE,"As waves crash, several men shout while cannon fire and crashing sounds erupt",20s+,300.0,65.0,0.21666666666666667,8,0.5322582125663757,159.67746376991272,0.594980001449585,0.05239792540669441,178.4940004348755,15.719377622008324,0.9940004348754883,0.24183657880012804,0.24183657880012804,1.4194930751536372,0.8965041041374207,1,1,0.47813287377357483,143.43986213207245,13.439862132072449,2.4565763656909647,0.8987686593369228,0.12921232615624365,0.0,0.5687549114227295,170.62647342681885,6.873526573181152,0.04651228338479996,13.953685015439987,0.21467207716061518,1.5386436376991564,-3.0204100608825684,-3.1496224403381348,0.594980001449585,178.4940004348755,0.9940004348754883,0.05239792540669441,15.719377622008324,0.24183657880012804,1.4194930751536372,-2.8950676918029785,-1.4839963912963867,-2.437412297036079,0.11915056254551905
0rSETXszQM0_2,0rSETXszQM0,An engine hums,5-10s,112.0,5.0,0.044642857142857144,3,0.4910241663455963,54.99470663070679,0.9222375154495239,0.04464375972747803,103.29060173034668,5.000101089477539,0.2093982696533203,0.9196082821373279,1.0000202178955078,2.0217691128873447e-05,0.9782990217208862,1,1,0.7619823217391968,85.34202003479004,18.15797996520996,10.998941326141358,2.39779902508865,-0.0359071921279591,0.0,0.9061943888664246,101.49377155303955,2.006228446960449,0.04016781225800514,4.498794972896576,0.8997589945793152,0.10562833531907123,-3.173692464828491,-3.1377851963043213,0.9222375154495239,103.29060173034668,0.2093982696533203,0.04464375972747803,5.000101089477539,1.0000202178955078,2.0217691128873447e-05,-3.0633697509765625,-1.071406364440918,-2.5034273604077213,0.10564855301020014
0yxEvdnimGg_1,0yxEvdnimGg,People are talking while a dog barks,20s+,299.0,38.0,0.12709030100334448,9,0.6701281666755676,200.36832183599472,0.06467993557453156,0.08417799323797226,19.339300736784935,25.169219978153706,0.660699263215065,0.7151592308233461,0.6623478941619396,0.4119643412002593,0.9285328388214111,1,1,0.1608370691537857,48.090283676981926,8.909716323018074,5.27285057463144,1.6625711223185213,0.7087647924817356,0.0,0.07384157925844193,22.078632198274136,2.0786321982741356,0.07548113912343979,22.568860597908497,0.5939173841554868,0.5210150532058785,-2.5053906440734863,-3.214155435562134,0.06467993557453156,19.339300736784935,0.660699263215065,0.08417799323797226,25.169219978153706,0.6623478941619396,0.4119643412002593,-2.3868885040283203,-1.1314111948013306,-2.1835861755244,0.10905071200561924
1DKLyH3FixM_1,1DKLyH3FixM,Music plays,20s+,300.0,100.0,0.3333333333333333,8,0.5322582125663757,159.67746376991272,0.1692890077829361,0.027761884033679962,50.78670233488083,8.328565210103989,0.7867023348808289,0.08328565210103989,0.08328565210103989,2.4854789883299824,0.04369425028562546,1,1,0.47813287377357483,143.43986213207245,93.43986213207245,1.5967746376991272,0.4679857432444686,0.12921232615624365,0.0,0.4504156708717346,135.12470126152039,85.12470126152039,0.039755385369062424,11.926615610718727,0.11926615610718727,2.1263976774077036,-3.1844427585601807,-3.313655138015747,0.1692890077829361,50.78670233488083,0.7867023348808289,0.027761884033679962,8.328565210103989,0.08328565210103989,2.4854789883299824,-3.555936813354492,-1.151737093925476,-2.594383420652172,-0.3590813109222791
1GgEpRZDWN0_2,1GgEpRZDWN0,A man is talking while a horn is honking,10-20s,300.0,10.0,0.03333333333333333,5,0.4456096887588501,133.68290662765503,0.8330468535423279,0.04070144146680832,249.91405606269836,12.210432440042496,0.9140560626983643,0.8189718135785531,1.2210432440042496,0.1997056113763022,0.3970310688018799,1,1,0.6909807920455933,207.29423761367798,41.70576238632202,13.368290662765503,2.5928855342318706,-0.2184255400548803,0.0,0.8706584572792053,261.1975371837616,12.197537183761597,0.03253847360610962,9.761542081832886,0.9761542081832886,0.024134704861963948,-3.3922524452209473,-3.1738269329071045,0.8330468535423279,249.91405606269836,0.9140560626983643,0.04070144146680832,12.210432440042496,1.2210432440042496,0.1997056113763022,-3.1599388122558594,-1.0369683504104614,-2.6170202390938346,0.22384031623826606
1IoHRTUp86c_1,1IoHRTUp86c,An engine roars as a man talks,5-10s,226.0,5.0,0.022123893805309734,1,0.3227500021457672,72.94150048494339,0.4164990782737732,0.07379567623138428,94.12879168987274,16.677822828292847,0.8712083101272583,0.23983945873404164,3.3355645656585695,1.2046419500955323,0.9429395198822021,1,1,0.44674772024154663,100.96498477458954,5.964984774589539,14.588300096988679,2.680219844231188,-0.7411624414217115,0.0,0.3847995102405548,86.96468931436539,8.035310685634613,0.07477002590894699,16.89802585542202,3.379605171084404,1.217758889383086,-2.515625238418579,-1.7744628190994263,0.4164990782737732,94.12879168987274,0.8712083101272583,0.07379567623138428,16.677822828292847,3.3355645656585695,1.2046419500955323,-2.529794692993164,-1.325177550315857,-1.4624609548481022,-0.01311693928755374
1L_OyngNZMA_1,1L_OyngNZMA,"While a man speaks, cheers erupt",20s+,166.0,20.0,0.12048192771084337,6,0.8429434299468994,139.9286093711853,0.27381497621536255,0.040498945862054825,45.45328605175018,6.722825013101101,0.4532860517501831,0.33614125065505507,0.33614125065505507,1.0902238185032398,0.9606828689575195,1,1,0.36404988169670105,60.432280361652374,13.567719638347626,6.996430468559265,1.9454000859322704,1.6802937908532223,0.0,0.25206851959228516,41.843374252319336,3.156625747680664,0.03588329255580902,5.9566265642642975,0.2978313282132149,1.2112279654297278,-3.290940523147583,-4.971234321594238,0.27381497621536255,45.45328605175018,0.4532860517501831,0.040498945862054825,6.722825013101101,0.33614125065505507,1.0902238185032398,-3.165137529373169,-1.713936686515808,-3.156628051361998,0.121004146926488
1QNLMF-Kl_s_1,1QNLMF-Kl_s,A baby cries as a woman talks,5-10s,299.0,5.0,0.016722408026755852,3,0.4910241663455963,146.8162257373333,0.9522338509559631,0.025486279278993607,284.717921435833,7.620397504419088,0.2179214358329773,0.656133751172493,1.5240795008838177,0.4213906218381231,0.9229215979576111,1,1,0.7619823217391968,227.83271420001984,30.667285799980164,29.36324514746666,3.3797437271842417,-0.0359071921279591,0.0,0.9477016925811768,283.36280608177185,1.1371939182281494,0.023285171017050743,6.962266134098172,1.3924532268196343,0.33106710289763325,-3.7363779544830322,-3.7004706859588623,0.9522338509559631,284.717921435833,0.2179214358329773,0.025486279278993607,7.620397504419088,1.5240795008838177,0.4213906218381231,-3.643798351287842,-1.0631169080734253,-3.0486766242866086,0.09032351894048979
1QNLMF-Kl_s_1,1QNLMF-Kl_s,A baby cries as a woman talks,5-10s,299.0,5.0,0.016722408026755852,5,0.4456096887588501,133.23729693889618,0.862952470779419,0.029461227357387543,258.02278876304626,8.808906979858875,0.47721123695373535,0.3405643863488796,1.761781395971775,0.5663254539668856,0.9385860562324524,1,1,0.6909807920455933,206.60325682163239,51.896743178367615,26.647459387779236,3.282693813526301,-0.2184255400548803,0.0,0.8677511215209961,259.45758533477783,0.957585334777832,0.020252520218491554,6.055503545328975,1.211100709065795,0.1915296230172379,-3.8790156841278076,-3.660590171813965,0.862952470779419,258.02278876304626,0.47721123695373535,0.029461227357387543,8.808906979858875,1.761781395971775,0.5663254539668856,-3.4947762489318848,-1.0255733728408813,-3.091164190509063,0.37479583094964775
1Uh74_rZ72k_1,1Uh74_rZ72k,"As wind blows, a child and a man talk",5-10s,71.0,7.0,0.09859154929577464,0,0.18933655321598053,13.442895278334618,0.767011821269989,0.041777752339839935,54.45783931016922,2.9662204161286354,0.54216068983078,0.7306215141374521,0.4237457737326622,0.8586215938294552,0.2937837839126587,1,1,0.6764324307441711,48.02670258283615,6.973297417163849,1.9204136111906596,0.6525405853347315,-1.4543268461844807,0.0,0.8192257881164551,58.16503095626831,3.1650309562683105,0.035834524780511856,2.544251259416342,0.36346446563090595,1.0120737429605828,-3.292351245880127,-1.8380242586135864,0.767011821269989,54.45783931016922,0.54216068983078,0.041777752339839935,2.9662204161286354,0.4237457737326622,0.8586215938294552,-3.1327157020568848,-0.7443060874938965,-1.6646143282953145,0.1534521491311275
1Uh74_rZ72k_1,1Uh74_rZ72k,"As wind blows, a child and a man talk",5-10s,71.0,7.0,0.09859154929577464,2,0.5923634171485901,42.057802617549896,0.9759272336959839,0.0431794710457325,69.29083359241486,3.0657424442470074,0.20916640758514404,0.6131484888494014,0.43796320632100105,0.8256203759675415,0.8978761434555054,1,1,0.7359917759895325,52.255416095256805,2.7445839047431946,6.008257516792843,1.7931347758589904,0.3737442776905129,0.0,0.9769436717033386,69.36300069093704,0.13699930906295776,0.038405779749155045,2.726810362190008,0.38954433745571543,0.9427775884276821,-3.2203845977783203,-3.5941288471221924,0.9759272336959839,69.29083359241486,0.20916640758514404,0.0431794710457325,3.0657424442470074,0.43796320632100105,0.8256203759675415,-3.0982506275177,-0.8718696236610413,-2.7359123642866723,0.11715721246014064
1WTSW96XP6E_1,1WTSW96XP6E,The click of a switch being turned on,5-10s,300.0,7.0,0.023333333333333334,8,0.5322582125663757,159.67746376991272,0.5056876540184021,0.03931595757603645,151.70629620552063,11.794787272810936,0.2937037944793701,0.16956643250449735,1.6849696104015623,0.5217475282716931,0.919215202331543,1,1,0.47813287377357483,143.43986213207245,4.939862132072449,22.811066252844675,3.1272457801772466,0.12921232615624365,0.0,0.4998278021812439,149.94834065437317,2.051659345626831,0.0341801680624485,10.25405041873455,1.4648643455335073,0.38176264127621673,-3.341331720352173,-3.4705440998077393,0.5056876540184021,151.70629620552063,0.2937037944793701,0.03931595757603645,11.794787272810936,1.6849696104015623,0.5217475282716931,-3.1960151195526123,-1.5480690002441406,-2.74548313890103,0.1399848869954765
1nUOGZgSzZo_1,1nUOGZgSzZo,A man laughs and chats as the wind blows,10-20s,300.0,14.0,0.04666666666666667,4,0.07413875311613083,22.24162593483925,0.5724232792854309,0.03406204655766487,171.72698378562927,10.218613967299461,0.7269837856292725,0.39144251977815986,0.7299009976642472,0.31484637367489243,0.9363201260566711,1,1,0.5870380997657776,176.11142992973328,2.8885700702667236,1.588687566774232,0.46290824567572236,-2.5247858938815373,0.0,0.5772742629051208,173.18227887153625,2.182278871536255,0.027961235493421555,8.388370648026466,0.5991693320018905,0.5122110296612276,-3.548576593399048,-1.0237905979156494,0.5724232792854309,171.72698378562927,0.7269837856292725,0.03406204655766487,10.218613967299461,0.7299009976642472,0.31484637367489243,-3.3449158668518066,-1.1088088750839233,-0.9751192753369501,0.1973646559863353
1nUOGZgSzZo_1,1nUOGZgSzZo,A man laughs and chats as the wind blows,10-20s,300.0,14.0,0.04666666666666667,6,0.8429434299468994,252.88302898406982,0.2229873687028885,0.045318569988012314,66.89621061086655,13.595570996403694,0.6037893891334534,0.22066009590870153,0.9711122140288353,0.029313251941786626,0.1816587597131729,1,1,0.36404988169670105,109.21496450901031,26.785035490989685,18.06307349886213,2.8938697161706606,1.6802937908532223,0.0,0.3064212501049042,91.92637503147125,11.426375031471252,0.04530259221792221,13.590777665376663,0.9707698332411903,0.0296658797357087,-3.048030138015747,-4.728323936462402,0.2229873687028885,66.89621061086655,0.6037893891334534,0.045318569988012314,13.595570996403694,0.9711122140288353,0.029313251941786626,-3.0476608276367188,-1.5332127809524536,-2.9235355959063694,0.0003526277939221264
1slvoNgzBLE_2,1slvoNgzBLE,A train warning tone rings out,2-5s,299.0,3.0,0.010033444816053512,8,0.5322582125663757,159.14520555734634,0.5553963780403137,0.04282553866505623,166.0635170340538,12.804836060851812,0.9364829659461975,0.1561909883496747,4.268278686950604,1.4512106281565431,0.9072622060775757,1,1,0.47813287377357483,142.96172925829887,1.038270741701126,53.048401852448784,3.9712047392989356,0.12921232615624365,0.0,0.5057007074356079,151.20451152324677,7.204511523246765,0.03611249104142189,10.797634821385145,3.5992116071283817,1.2807148234586023,-3.2843358516693115,-3.413548231124878,0.5553963780403137,166.0635170340538,0.9364829659461975,0.04282553866505623,12.804836060851812,4.268278686950604,1.4512106281565431,-3.106851100921631,-1.3584834337234497,-2.6904899158403333,0.1704958046979408
1slvoNgzBLE_2,1slvoNgzBLE,A train warning tone rings out,2-5s,299.0,3.0,0.010033444816053512,9,0.6701281666755676,200.36832183599472,0.1317993402481079,0.07516642659902573,39.408002734184265,22.474761553108692,0.9080027341842651,0.13348306245255992,7.491587184369564,2.013780682205427,0.9446511268615723,1,1,0.1608370691537857,48.090283676981926,9.590283676981926,66.78944061199824,4.201544993376798,0.7087647924817356,0.0,0.11946512758731842,35.72007314860821,2.7799268513917923,0.0682133361697197,20.39578751474619,6.79859583824873,1.9167160964839753,-2.6144638061523438,-3.323228597640991,0.1317993402481079,39.408002734184265,0.9080027341842651,0.07516642659902573,22.474761553108692,7.491587184369564,2.013780682205427,-2.509909152984619,-1.3894137144088745,-2.2848288968928223,0.0970645857214517
1slvoNgzBLE_3,1slvoNgzBLE,A man makes an announcement,10-20s,299.0,10.0,0.033444816053511704,5,0.4456096887588501,133.23729693889618,0.7533160448074341,0.04190891236066818,225.2414973974228,12.530764795839787,0.2585026025772095,0.23941076613264659,1.2530764795839786,0.22560171122919428,0.26150140166282654,1,1,0.6909807920455933,206.60325682163239,6.103256821632385,13.323729693889618,2.5895466329663557,-0.2184255400548803,0.0,0.8093730807304382,242.00255113840103,16.50255113840103,0.028486134484410286,8.517354210838675,0.8517354210838676,0.16047933901388567,-3.529438018798828,-3.3110125064849854,0.7533160448074341,225.2414973974228,0.2585026025772095,0.04190891236066818,12.530764795839787,1.2530764795839786,0.22560171122919428,-3.1294443607330322,-0.7197642922401428,-2.7500259719802416,0.38608105024308004
1wW0YJQ-Xa0_1,1wW0YJQ-Xa0,Spray hisses,20s+,299.0,66.0,0.22073578595317725,2,0.5923634171485901,177.11666172742844,0.9976049661636353,0.011818102560937405,298.28388488292694,3.533612665720284,0.2838848829269409,0.8598338565919151,0.05353958584424673,2.9273339763653716,0.19884145259857178,1,1,0.7359917759895325,220.0615410208702,22.56154102087021,2.683585783748916,0.9871538792372491,0.3737442776905129,0.0,0.985602855682373,294.69525384902954,3.304746150970459,0.023527098819613457,7.034602547064424,0.10658488707673369,2.238813549564316,-3.7257940769195557,-4.099538326263428,0.9976049661636353,298.28388488292694,0.2838848829269409,0.011818102560937405,3.533612665720284,0.05353958584424673,2.9273339763653716,-4.426234245300293,-1.0768132209777832,-3.225967428801565,-0.6885204268010554
27HIamF8pKo_1,27HIamF8pKo,A train rumbles by as its whistle blows,2-5s,140.0,3.0,0.02142857142857143,0,0.18933655321598053,26.507117450237274,0.8335108160972595,0.007848638109862804,116.69151425361633,1.0988093353807926,0.808485746383667,0.3662697784602642,0.3662697784602642,1.0043851174870673,0.894344687461853,1,1,0.6764324307441711,94.70054030418396,22.79945969581604,8.835705816745758,2.178800991289924,-1.4543268461844807,0.0,0.7972399592399597,111.61359429359436,5.88640570640564,0.011166868731379509,1.5633616223931313,0.5211205407977104,0.6517738996943315,-4.483574390411377,-3.029247522354126,0.8335108160972595,116.69151425361633,0.808485746383667,0.007848638109862804,1.0988093353807926,0.3662697784602642,1.0043851174870673,-4.839535713195801,-1.4703165292739868,-2.8305748909842556,-0.3526112177927358
27HIamF8pKo_1,27HIamF8pKo,A train rumbles by as its whistle blows,2-5s,140.0,3.0,0.02142857142857143,3,0.4910241663455963,68.74338328838348,0.8416754603385925,0.029783837497234344,117.83456444740295,4.169737249612808,0.3345644474029541,0.7194697939968694,1.3899124165376027,0.3292407354722289,0.973082423210144,1,1,0.7619823217391968,106.67752504348755,10.822474956512451,22.914461096127827,3.1317682001688505,-0.0359071921279591,0.0,0.8027961254119873,112.39145755767822,5.108542442321777,0.028605017811059952,4.004702493548393,1.3349008311827977,0.2888570053348339,-3.525151014328003,-3.489243745803833,0.8416754603385925,117.83456444740295,0.3345644474029541,0.029783837497234344,4.169737249612808,1.3899124165376027,0.3292407354722289,-3.483552932739258,-1.5590720176696777,-2.8429111948340164,0.04038373013739491
27HIamF8pKo_1,27HIamF8pKo,A train rumbles by as its whistle blows,2-5s,140.0,3.0,0.02142857142857143,6,0.8429434299468994,118.01208019256592,0.3869485557079315,0.024394413456320763,54.17279779911041,3.4152178838849068,0.8272022008895874,0.5319680925149259,1.1384059612949688,0.12962900433545968,0.9229690432548523,1,1,0.36404988169670105,50.96698343753815,4.033016562461853,39.33736006418864,3.672174705070913,1.6802937908532223,0.0,0.3722046911716461,52.10865676403046,2.8913432359695435,0.038488131016492844,5.388338342308998,1.796112780769666,0.5856247634372184,-3.2181570529937744,-4.89845085144043,0.3869485557079315,54.17279779911041,0.8272022008895874,0.024394413456320763,3.4152178838849068,1.1384059612949688,0.12962900433545968,-3.688704252243042,-1.7266052961349487,-3.0865499416336943,-0.45599575910175877
27HIamF8pKo_3,27HIamF8pKo,A train rumbles by as something sprays out,0-2s,140.0,1.0,0.007142857142857143,3,0.4910241663455963,68.74338328838348,0.9035586714744568,0.08689019083976746,126.49821400642395,12.164626717567444,0.0017859935760498047,0.08220556398626341,12.164626717567444,2.498532290813394,0.856624960899353,1,1,0.7619823217391968,106.67752504348755,19.82247495651245,68.74338328838348,4.23038048883696,-0.0359071921279591,0.0,0.8776156306266785,122.86618828773499,3.6338117122650146,0.05685080960392952,7.959113344550133,7.959113344550133,2.074317604776479,-2.8087940216064453,-2.7728867530822754,0.9035586714744568,126.49821400642395,0.0017859935760498047,0.08689019083976746,12.164626717567444,12.164626717567444,2.498532290813394,-2.3522109985351562,-0.7651166915893555,-2.156062884060481,0.42421468603691526
2ABngPM3raQ_2,2ABngPM3raQ,A frog croaks,10-20s,152.0,12.0,0.07894736842105263,7,0.8412365913391113,127.86796188354492,0.22760465741157532,0.043533600866794586,34.59590792655945,6.617107331752777,0.9040920734405518,0.7306301841179691,0.5514256109793981,0.5952483342831959,0.8862220048904419,1,1,0.27036458253860474,41.09541654586792,5.59541654586792,10.65566349029541,2.3660915339352253,1.6674578436475704,0.0,0.2329215407371521,35.40407419204712,0.09592580795288086,0.05168430879712105,7.856014937162399,0.6546679114302,0.4236271773676839,-2.9095332622528076,-4.576991081237793,0.22760465741157532,34.59590792655945,0.9040920734405518,0.043533600866794586,6.617107331752777,0.5514256109793981,0.5952483342831959,-3.089712619781494,-1.8317371606826782,-2.789718711302909,-0.17162115691551205
2JV3emH50XU_1,2JV3emH50XU,"Amid noise, engines roar and brakes screech",10-20s,80.0,10.0,0.125,0,0.18933655321598053,15.146924257278442,0.7232792973518372,0.0894581601023674,57.86234378814697,7.156652808189392,0.13765621185302734,0.7156652808189392,0.7156652808189392,0.3345427062163692,0.8079183101654053,1,1,0.6764324307441711,54.11459445953369,3.8854055404663086,1.5146924257278442,0.4152123990285653,-1.4543268461844807,0.0,0.7197619080543518,57.580952644348145,0.41904735565185547,0.07476384192705154,5.9811073541641235,0.5981107354164124,0.5139793658928906,-2.515714645385742,-1.0613876581192017,0.7232792973518372,57.86234378814697,0.13765621185302734,0.0894581601023674,7.156652808189392,0.7156652808189392,0.3345427062163692,-2.3202688694000244,-0.7808528542518616,-0.929191764921456,0.17943665967652137
2JV3emH50XU_1,2JV3emH50XU,"Amid noise, engines roar and brakes screech",10-20s,80.0,10.0,0.125,3,0.4910241663455963,39.281933307647705,0.8938136100769043,0.10422000288963318,71.50508880615234,8.337600231170654,0.9949111938476562,0.7703267899140627,0.8337600231170654,0.18180966009495028,0.6483930349349976,1,1,0.7619823217391968,60.95858573913574,2.958585739135742,3.9281933307647705,1.3681796079074917,-0.0359071921279591,0.0,0.8924862146377563,71.39889717102051,1.1011028289794922,0.09008710831403732,7.206968665122986,0.7206968665122986,0.3275366649003797,-2.3125717639923096,-2.2766644954681396,0.8938136100769043,71.50508880615234,0.9949111938476562,0.10422000288963318,8.337600231170654,0.8337600231170654,0.18180966009495028,-2.151190757751465,-0.8385009765625,-1.6957162728078714,0.14572700480542944
2JV3emH50XU_1,2JV3emH50XU,"Amid noise, engines roar and brakes screech",10-20s,80.0,10.0,0.125,4,0.07413875311613083,5.931100249290466,0.5782821774482727,0.057119276374578476,46.262574195861816,4.569542109966278,0.2625741958618164,0.5711927637457848,0.4569542109966278,0.7831720878635,0.762908399105072,1,1,0.5870380997657776,46.96304798126221,0.963047981262207,0.5931100249290466,0.5223753576853841,-2.5247858938815373,0.0,0.6175694465637207,49.405555725097656,3.4055557250976562,0.05478803813457489,4.383043050765991,0.4383043050765991,0.8248418493911482,-2.8479373455047607,-0.3231513798236847,0.5782821774482727,46.262574195861816,0.2625741958618164,0.057119276374578476,4.569542109966278,0.4569542109966278,0.7831720878635,-2.803798198699951,-0.7251659035682678,-0.3024664917057642,0.041669761527648265
2JutOgAnqWA_1,2JutOgAnqWA,Metal clangs and scrapes,5-10s,214.0,8.0,0.037383177570093455,9,0.6701281666755676,143.40742766857147,0.0871167778968811,0.05951831117272377,18.642990469932556,12.736918590962887,0.35700953006744385,0.15702385044833703,1.5921148238703609,0.46506321036797815,0.9099133014678955,1,1,0.1608370691537857,34.41913279891014,2.080867201089859,17.925928458571434,2.8862481819962365,0.7087647924817356,0.0,0.0808960348367691,17.31175145506859,1.6882485449314117,0.07473187148571014,15.99262049794197,1.9990775622427464,0.6926858552871762,-2.51617693901062,-3.2249417304992676,0.0871167778968811,18.642990469932556,0.35700953006744385,0.05951831117272377,12.736918590962887,1.5921148238703609,0.46506321036797815,-2.760108232498169,-1.4511972665786743,-2.1935623267090603,-0.22762264491919812
2JutOgAnqWA_4,2JutOgAnqWA,Machinery runs as an electric drill whirs,5-10s,214.0,9.0,0.04205607476635514,5,0.4456096887588501,95.36047339439392,0.7582737803459167,0.0585765615105629,162.27058899402618,12.53538416326046,0.7705889940261841,0.7179676253064345,1.3928204625844955,0.33133080105296087,0.965961217880249,1,1,0.6909807920455933,147.86988949775696,13.630110502243042,10.595608154932657,2.360439590255347,-0.2184255400548803,0.0,0.7406956553459167,158.50887024402618,2.991129755973816,0.039599668234586716,8.474329002201557,0.9415921113557286,0.060183100985641835,-3.1885294914245605,-2.9701039791107178,0.7582737803459167,162.27058899402618,0.7705889940261841,0.0585765615105629,12.53538416326046,1.3928204625844955,0.33133080105296087,-2.7770583629608154,-1.1351261138916016,-2.420622691240989,0.3915139020386027
2KR0C5ysO8o_1,2KR0C5ysO8o,An engine runs as a man talks,2-5s,137.0,4.0,0.029197080291970802,5,0.4456096887588501,61.04852735996246,0.8917951583862305,0.02602444961667061,122.17593669891357,3.5653495974838734,0.6759366989135742,0.28047740415293826,0.8913373993709683,0.11503224825122933,0.9207637310028076,1,1,0.6909807920455933,94.66436851024628,26.835631489753723,15.262131839990616,2.7253747172779494,-0.2184255400548803,0.0,0.8459798097610474,115.89923393726349,5.600766062736511,0.0339483879506588,4.650929149240255,1.1627322873100638,0.1507726555595235,-3.3483757972717285,-3.1299502849578857,0.8917951583862305,122.17593669891357,0.6759366989135742,0.02602444961667061,3.5653495974838734,0.8913373993709683,0.11503224825122933,-3.622349739074707,-1.3596992492675781,-2.574602061718426,-0.2658049038107529
2KR0C5ysO8o_2,2KR0C5ysO8o,Water flows as a man talks,2-5s,137.0,2.0,0.014598540145985401,4,0.07413875311613083,10.157009176909924,0.5504285097122192,0.028298912569880486,75.40870583057404,3.8769510220736265,0.5912941694259644,0.5158692974486636,1.9384755110368133,0.6619018451044094,0.9690983295440674,1,1,0.5870380997657776,80.42421966791153,4.4242196679115295,5.078504588454962,1.6250168459029597,-2.5247858938815373,0.0,0.571898341178894,78.35007274150848,2.350072741508484,0.034164562821388245,4.6805451065301895,2.3402725532650948,0.8502673983411501,-3.3418045043945312,-0.8170185685157776,0.5504285097122192,75.40870583057404,0.5912941694259644,0.028298912569880486,3.8769510220736265,1.9384755110368133,0.6619018451044094,-3.536224842071533,-1.452396273612976,-0.7747494475618095,-0.18836555323674065
2RjqBRzmxaM_2,2RjqBRzmxaM,"As music plays, people talk and announcements ring out",5-10s,122.0,7.0,0.05737704918032787,6,0.8429434299468994,102.83909845352173,0.22509586811065674,0.05737290903925896,27.461695909500122,6.999494902789593,0.03830409049987793,0.989115143510425,0.9999278432556561,7.2159347767024e-05,0.26586559414863586,1,1,0.36404988169670105,44.41408556699753,16.914085566997528,14.691299779074532,2.6872554668076614,1.6802937908532223,0.0,0.28204405307769775,34.409374475479126,6.909374475479126,0.08341158181428909,10.17621298134327,1.4537447116204671,0.37414278709379695,-2.396871328353882,-4.077165126800537,0.22509586811065674,27.461695909500122,0.03830409049987793,0.05737290903925896,6.999494902789593,0.9999278432556561,7.2159347767024e-05,-2.799098491668701,-1.7772619724273682,-2.3131126797138646,-0.37421494644156383
2RjqBRzmxaM_4,2RjqBRzmxaM,"As music plays, metal clangs",2-5s,122.0,4.0,0.03278688524590164,3,0.4910241663455963,59.90494829416275,0.9416014552116394,0.032967183738946915,114.87537753582001,4.021996416151524,0.12462246417999268,0.9397321591817955,1.005499104037881,0.005484039168890639,0.9455548524856567,1,1,0.7619823217391968,92.961843252182,22.038156747817993,14.976237073540688,2.7064647498410217,-0.0359071921279591,0.0,0.9200754165649414,112.24920082092285,2.7507991790771484,0.030306946486234665,3.697447471320629,0.9243618678301573,0.07865165215737024,-3.4656026363372803,-3.4296953678131104,0.9416014552116394,114.87537753582001,0.12462246417999268,0.032967183738946915,4.021996416151524,1.005499104037881,0.005484039168890639,-3.3787198066711426,-1.0823694467544556,-2.785116401998392,0.08413569132626088
2RjqBRzmxaM_5,2RjqBRzmxaM,"As rain falls and music plays, a man talks",2-5s,122.0,2.0,0.01639344262295082,8,0.5322582125663757,64.93550193309784,0.5903140902519226,0.6363316178321838,72.01831901073456,77.63245737552643,0.9816809892654419,0.025762420353712755,38.816228687763214,3.6588384243292804,0.3729410469532013,1,1,0.47813287377357483,58.33221060037613,1.8322106003761292,32.46775096654892,3.48024731874967,0.12921232615624365,0.0,0.5575191378593445,68.01733481884003,4.982665181159973,0.2804620563983917,34.21637088060379,17.108185440301895,2.8395570296969552,-0.9421707987785339,-1.0713831186294556,0.5903140902519226,72.01831901073456,0.9816809892654419,0.6363316178321838,77.63245737552643,38.816228687763214,3.6588384243292804,0.5594775080680847,0.5430129766464233,-0.6406902890527149,0.8192813946323251
2a6GNu6uCDE_1,2a6GNu6uCDE,The audience cheers,5-10s,299.0,5.0,0.016722408026755852,0,0.18933655321598053,56.61162941157818,0.6877063512802124,0.02063136361539364,205.6241990327835,6.168777721002698,0.3758009672164917,0.6484266707132744,1.2337555442005397,0.21006280553502338,0.9601041078567505,1,1,0.6764324307441711,202.25329679250717,3.7467032074928284,11.322325882315635,2.4267765183053154,-1.4543268461844807,0.0,0.6991198658943176,209.03683990240097,3.0368399024009705,0.023926779627799988,7.154107108712196,1.4308214217424393,0.3582487001542487,-3.7085392475128174,-2.2542123794555664,0.6877063512802124,205.6241990327835,0.3758009672164917,0.02063136361539364,6.168777721002698,1.2337555442005397,0.21006280553502338,-3.860095739364624,-1.5200269222259521,-2.068527818151067,-0.14818589461922532
2a6GNu6uCDE_1,2a6GNu6uCDE,The audience cheers,5-10s,299.0,5.0,0.016722408026755852,5,0.4456096887588501,133.23729693889618,0.8499811887741089,0.02686067298054695,254.14437544345856,8.031341221183538,0.6443754434585571,0.6225610221630173,1.6062682442367078,0.47391362787655056,0.9532182812690735,1,1,0.6909807920455933,206.60325682163239,0.6032568216323853,26.647459387779236,3.282693813526301,-0.2184255400548803,0.0,0.8190677165985107,244.9012472629547,8.598752737045288,0.02099562995135784,6.277693355455995,1.2555386710911989,0.22756470048818306,-3.842221736907959,-3.623796224594116,0.8499811887741089,254.14437544345856,0.6443754434585571,0.02686067298054695,8.031341221183538,1.6062682442367078,0.47391362787655056,-3.5898640155792236,-0.9641715884208679,-3.055129113038118,0.2463489273883674
2a6GNu6uCDE_1,2a6GNu6uCDE,The audience cheers,5-10s,299.0,5.0,0.016722408026755852,8,0.5322582125663757,159.14520555734634,0.5389463901519775,0.02369658648967743,161.14497065544128,7.085279360413551,0.8550293445587158,0.5645507814905028,1.4170558720827102,0.3485813897708056,0.9747348427772522,1,1,0.47813287377357483,142.96172925829887,19.038270741701126,31.82904111146927,3.460379115532945,0.12921232615624365,0.0,0.5003620386123657,149.60824954509735,12.391750454902649,0.02331390045583248,6.970856236293912,1.3941712472587824,0.3323001507466014,-3.7351155281066895,-3.864327907562256,0.5389463901519775,161.14497065544128,0.8550293445587158,0.02369658648967743,7.085279360413551,1.4170558720827102,0.3485813897708056,-3.718442440032959,-1.623509407043457,-3.1280789647863436,0.016281239024204103
2a6GNu6uCDE_2,2a6GNu6uCDE,The audience claps,5-10s,299.0,7.0,0.023411371237458192,5,0.4456096887588501,133.23729693889618,0.8480622172355652,0.026835326105356216,253.570602953434,8.023762505501509,0.9293970465660095,0.7797970843725802,1.1462517865002155,0.1364973031480345,0.9562758803367615,1,1,0.6909807920455933,206.60325682163239,0.10325682163238525,19.033899562699453,2.946221576905088,-0.2184255400548803,0.0,0.8239936232566833,246.37409335374832,8.125906646251678,0.020354215055704117,6.085910301655531,0.8694157573793616,0.13993383616178331,-3.8739030361175537,-3.655477523803711,0.8480622172355652,253.570602953434,0.9293970465660095,0.026835326105356216,8.023762505501509,1.1462517865002155,0.1364973031480345,-3.590834140777588,-0.8895987868309021,-3.0861554130668716,0.27643113930981783
2a6GNu6uCDE_3,2a6GNu6uCDE,A woman laughs as the audience cheers and claps,2-5s,299.0,3.0,0.010033444816053512,4,0.07413875311613083,22.167487181723118,0.595477283000946,0.031899239867925644,178.04770761728287,9.537872720509768,0.45229238271713257,0.31453554559906727,3.1792909068365893,1.1566581866556607,0.9536464810371399,1,1,0.5870380997657776,175.5243918299675,2.975608170032501,7.389162393907706,2.000014385357357,-2.5247858938815373,0.0,0.6049054861068726,180.8667403459549,2.366740345954895,0.03082217276096344,9.215829655528069,3.071943218509356,1.1223103315564504,-3.448213815689087,-0.9234278798103333,0.595477283000946,178.04770761728287,0.45229238271713257,0.031899239867925644,9.537872720509768,3.1792909068365893,1.1566581866556607,-3.4127540588378906,-1.2360544204711914,-0.8777040538009063,0.0343478550992102
2a6GNu6uCDE_4,2a6GNu6uCDE,A woman gives a speech with tears in her eyes,20s+,299.0,34.0,0.11371237458193979,3,0.4910241663455963,146.8162257373333,0.9466707110404968,0.041976865381002426,283.05454260110855,12.551082748919725,0.054542601108551025,0.36914949261528607,0.36914949261528607,0.9965535879455054,0.9470750093460083,1,1,0.7619823217391968,227.83271420001984,55.167285799980164,4.318124286392155,1.4628211150021806,-0.0359071921279591,0.0,0.946904182434082,283.1243505477905,0.12435054779052734,0.038072943687438965,11.38381016254425,0.33481794595718384,1.094168339780702,-3.2294347286224365,-3.1935274600982666,0.9466707110404968,283.05454260110855,0.054542601108551025,0.041976865381002426,12.551082748919725,0.36914949261528607,0.9965535879455054,-3.127753257751465,-0.8877865076065063,-2.556989454782883,0.09761475183519644
32565FEuksc_1,32565FEuksc,A woman talks as camera shutters click,10-20s,278.0,10.0,0.03597122302158273,1,0.3227500021457672,89.72450059652328,0.34384387731552124,0.046721477061510086,95.5885978937149,12.988570623099804,0.08859789371490479,0.07699076588316257,1.2988570623099804,0.26148469492110815,0.9377712607383728,1,1,0.44674772024154663,124.19586622714996,8.195866227149963,8.972450059652328,2.194158778089594,-0.7411624414217115,0.0,0.3146420121192932,87.47047936916351,2.029520630836487,0.03587384894490242,9.972930006682873,0.9972930006682873,0.0027106698800146312,-3.2912135124206543,-2.550050973892212,0.34384387731552124,95.5885978937149,0.08859789371490479,0.046721477061510086,12.988570623099804,1.2988570623099804,0.26148469492110815,-3.0157032012939453,-0.9992054104804993,-2.196869447969609,0.26419536480112277
32565FEuksc_1,32565FEuksc,A woman talks as camera shutters click,10-20s,278.0,10.0,0.03597122302158273,6,0.8429434299468994,234.33827352523804,0.28520646691322327,0.03833357244729996,79.28739780187607,10.656733140349388,0.21260219812393188,0.09383738776508523,1.0656733140349388,0.06360681914579104,0.9415583610534668,1,1,0.36404988169670105,101.20586711168289,5.705867111682892,23.433827352523803,3.1541805918263095,1.6802937908532223,0.0,0.25746941566467285,71.57649755477905,7.923502445220947,0.03904055431485176,10.85327409952879,1.085327409952879,0.08188170179716724,-3.203331232070923,-4.883625030517578,0.28520646691322327,79.28739780187607,0.21260219812393188,0.03833357244729996,10.656733140349388,1.0656733140349388,0.06360681914579104,-3.222341537475586,-1.834431767463684,-3.0722988900291424,-0.018274882651376227
32565FEuksc_2,32565FEuksc,Applause breaks out,10-20s,278.0,11.0,0.039568345323741004,2,0.5923634171485901,164.67702996730804,0.9971330165863037,0.01255586463958025,277.20297861099243,3.4905303698033094,0.29702138900756836,0.2864894139443771,0.31732094270939176,1.1478415797050492,0.5065566897392273,1,1,0.7359917759895325,204.60571372509003,8.394286274909973,14.970639087937094,2.7060908887652544,0.3737442776905129,0.0,0.9887745380401611,274.8793215751648,2.620678424835205,0.018881868571043015,5.249159462749958,0.4771963147954507,0.7398273113459262,-3.950490713119507,-4.324234962463379,0.9971330165863037,277.20297861099243,0.29702138900756836,0.01255586463958025,3.4905303698033094,0.31732094270939176,1.1478415797050492,-4.364932060241699,-1.068332552909851,-3.4459182001111808,-0.4080142683591229
32565FEuksc_2,32565FEuksc,Applause breaks out,10-20s,278.0,11.0,0.039568345323741004,5,0.4456096887588501,123.87949347496033,0.7673578858375549,0.02566562592983246,213.32549226284027,7.1350440084934235,0.325492262840271,0.8918805010616779,0.648640364408493,0.4328768539147422,0.9091300964355469,1,1,0.6909807920455933,192.09266018867493,1.5926601886749268,11.261772134087302,2.4214139934619814,-0.2184255400548803,0.0,0.7904791235923767,219.75319635868073,6.753196358680725,0.029983915388584137,8.33552847802639,0.7577753161842172,0.27736835392337483,-3.476651668548584,-3.258226156234741,0.7673578858375549,213.32549226284027,0.325492262840271,0.02566562592983246,7.1350440084934235,0.648640364408493,0.4328768539147422,-3.6366019248962402,-1.6270610094070435,-2.6987823473853565,-0.1555084999913674
32565FEuksc_2,32565FEuksc,Applause breaks out,10-20s,278.0,11.0,0.039568345323741004,9,0.6701281666755676,186.2956303358078,0.12601293623447418,0.03276529535651207,35.03159627318382,9.108752109110355,0.5315962731838226,0.8890887110855644,0.8280683735554869,0.1886595512483157,0.9793948531150818,1,1,0.1608370691537857,44.712705224752426,10.212705224752426,16.935966394164346,2.8294395495464872,0.7087647924817356,0.0,0.1119207963347435,31.113981381058693,3.386018618941307,0.026252368465065956,7.298158433288336,0.6634689484807578,0.4102732258818626,-3.613395929336548,-4.322160720825195,0.12601293623447418,35.03159627318382,0.5315962731838226,0.03276529535651207,9.108752109110355,0.8280683735554869,0.1886595512483157,-3.385071277618408,-1.4047712087631226,-3.23971277542835,0.22161367463354686
3RultJjvTWI_1,3RultJjvTWI,A roller coaster runs as the wind blows and several people chat,20s+,299.0,30.0,0.10033444816053512,9,0.6701281666755676,200.36832183599472,0.008778449147939682,0.018621809780597687,2.624756295233965,5.567921124398708,0.12475629523396492,0.8980012267217525,0.18559737081329028,1.6841756246070425,0.9288933277130127,1,1,0.1608370691537857,48.090283676981926,45.590283676981926,6.678944061199824,1.8989599003827518,0.7087647924817356,0.0,0.03894449397921562,11.644403699785471,9.144403699785471,0.04478110745549202,13.389551129192114,0.4463183709730705,0.8067227453595048,-3.0601541996002197,-3.768918991088867,0.008778449147939682,2.624756295233965,0.12475629523396492,0.018621809780597687,5.567921124398708,0.18559737081329028,1.6841756246070425,-3.9646244049072266,-1.7922999858856201,-2.7056826457422565,-0.8774528792475377
3Sml1wHcuxo_1,3Sml1wHcuxo,A train passes by as its whistle blows,10-20s,300.0,17.0,0.056666666666666664,3,0.4910241663455963,147.3072499036789,0.8744423985481262,0.033599551767110825,262.33271956443787,10.079865530133247,0.8327195644378662,0.49603836331474394,0.5929332664784264,0.5226734217665343,0.9461033940315247,1,1,0.7619823217391968,228.59469652175903,1.4053034782409668,8.665132347275229,2.1593071968276405,-0.0359071921279591,0.0,0.8942285776138306,268.26857328414917,1.73142671585083,0.027335477992892265,8.20064339786768,0.4823907881098635,0.7290007297094858,-3.5718538761138916,-3.5359466075897217,0.8744423985481262,262.33271956443787,0.8327195644378662,0.033599551767110825,10.079865530133247,0.5929332664784264,0.5226734217665343,-3.359065532684326,-0.8133672475814819,-2.8883079265371268,0.2063273079429514
3Sml1wHcuxo_1,3Sml1wHcuxo,A train passes by as its whistle blows,10-20s,300.0,17.0,0.056666666666666664,4,0.07413875311613083,22.24162593483925,0.7488433718681335,0.0067759291268885136,224.65301156044006,2.032778738066554,0.8469884395599365,0.49634653746246665,0.11957521988626789,2.1238096505191364,0.43578413128852844,1,1,0.5870380997657776,176.11142992973328,42.888570070266724,1.3083309373434853,0.268752231234765,-2.5247858938815373,0.0,0.7007496953010559,210.22490859031677,8.775091409683228,0.0128747234120965,3.86241702362895,0.22720100138993823,1.4819201846187173,-4.339530944824219,-1.8147451877593994,0.7488433718681335,224.65301156044006,0.8469884395599365,0.0067759291268885136,2.032778738066554,0.11957521988626789,2.1238096505191364,-4.987579822540283,-1.2540165185928345,-1.750672415853482,-0.6418894659004193
3ndid3jni7M_1,3ndid3jni7M,A bell rings,20s+,299.0,71.0,0.23745819397993312,9,0.6701281666755676,200.36832183599472,0.08566433191299438,0.052920714020729065,25.61363524198532,15.82329349219799,0.613635241985321,0.5055837461363255,0.2228632886225069,1.5011967510218358,0.9440010786056519,1,1,0.1608370691537857,48.090283676981926,1.090283676981926,2.8220890399435876,1.0374774050035918,0.7087647924817356,0.0,0.0794646292924881,23.75992415845394,1.2400758415460587,0.06978043913841248,20.86435130238533,0.29386410285049763,1.2246378537094675,-2.590066909790039,-3.2988317012786865,0.08566433191299438,25.61363524198532,0.613635241985321,0.052920714020729065,15.82329349219799,0.2228632886225069,1.5011967510218358,-2.8845880031585693,-1.5758613348007202,-2.2621152587130595,-0.276558897312368
3ndid3jni7M_2,3ndid3jni7M,A whistle blows,20s+,299.0,33.0,0.11036789297658862,5,0.4456096887588501,133.23729693889618,0.7563199996948242,0.02656419947743416,226.13967990875244,7.942695643752813,0.6396799087524414,0.8422690859909445,0.2406877467803883,1.4242548420930161,0.9637153148651123,1,1,0.6909807920455933,206.60325682163239,2.3967431783676147,4.037493846633217,1.3956241644939213,-0.2184255400548803,0.0,0.7390953302383423,220.98950374126434,2.9895037412643433,0.025688281282782555,7.680796103551984,0.23275139707733283,1.4577843603624907,-3.6356964111328125,-3.4172708988189697,0.7563199996948242,226.13967990875244,0.6396799087524414,0.02656419947743416,7.942695643752813,0.2406877467803883,1.4242548420930161,-3.6012673377990723,-1.5157705545425415,-2.853408524856412,0.03352951826947457
3ndid3jni7M_4,3ndid3jni7M,An announcement is being made,10-20s,299.0,15.0,0.05016722408026756,0,0.18933655321598053,56.61162941157818,0.6776840090751648,0.048835765570402145,202.62751871347427,14.601893905550241,0.3724812865257263,0.6848426693607846,0.9734595937033494,0.02689896124253794,0.9734088778495789,1,1,0.6764324307441711,202.25329679250717,0.7467032074928284,3.774108627438545,1.3281642296372058,-1.4543268461844807,0.0,0.6712955236434937,200.7173615694046,2.282638430595398,0.045587725937366486,13.63073005527258,0.908715337018172,0.09572339444574769,-3.041457176208496,-1.5871303081512451,0.6776840090751648,202.62751871347427,0.3724812865257263,0.048835765570402145,14.601893905550241,0.9734595937033494,0.02689896124253794,-2.969223737716675,-1.3774429559707642,-1.4238876240829537,0.06882443320320968
3qTL7QRk-tg_3,3qTL7QRk-tg,Music plays and people sing,10-20s,189.0,15.0,0.07936507936507936,6,0.8429434299468994,159.316308259964,0.34491831064224243,0.09293241798877716,65.18956071138382,17.564226999878883,0.3104392886161804,0.8540085481759849,1.1709484666585923,0.1578140756699099,0.0735807940363884,1,1,0.36404988169670105,68.8054276406765,3.3054276406764984,10.621087217330933,2.3628413850871506,1.6802937908532223,0.0,0.26871928572654724,50.78794500231743,14.712054997682571,0.13038863241672516,24.643451526761055,1.642896768450737,0.49646100594954584,-1.8975269794464111,-3.5778207778930664,0.34491831064224243,65.18956071138382,0.3104392886161804,0.09293241798877716,17.564226999878883,1.1709484666585923,0.1578140756699099,-2.2783443927764893,-1.4978076219558716,-1.8663803791376046,-0.3386469302796361
3qTL7QRk-tg_4,3qTL7QRk-tg,"While a man speaks, a camera shutter clicks",2-5s,189.0,3.0,0.015873015873015872,0,0.18933655321598053,35.78460855782032,0.7378225922584534,0.050089724361896515,139.4484699368477,9.466957904398441,0.9484699368476868,0.10563055314055957,3.1556526347994804,1.149195331906853,0.9495809078216553,1,1,0.6764324307441711,127.84572941064835,1.154270589351654,11.928202852606773,2.478905583740262,-1.4543268461844807,0.0,0.7084536552429199,133.89774084091187,4.602259159088135,0.04025356099009514,7.607923027127981,2.5359743423759937,0.9305779191641748,-3.1714706420898438,-1.7171436548233032,0.7378225922584534,139.4484699368477,0.9484699368476868,0.050089724361896515,9.466957904398441,3.1556526347994804,1.149195331906853,-2.942551612854004,-1.041720986366272,-1.5483276645760873,0.2186174127426784
3qTL7QRk-tg_4,3qTL7QRk-tg,"While a man speaks, a camera shutter clicks",2-5s,189.0,3.0,0.015873015873015872,4,0.07413875311613083,14.012224338948727,0.6253854036331177,0.048742324113845825,118.19784128665924,9.212299257516861,0.3021587133407593,0.10855053359062784,3.070766419172287,1.1219271783811002,0.9498564600944519,1,1,0.5870380997657776,110.95020085573196,7.549799144268036,4.670741446316242,1.5413178270263126,-2.5247858938815373,0.0,0.6334183216094971,119.71606278419495,1.2160627841949463,0.04674835130572319,8.835438396781683,2.945146132260561,1.0801584363344858,-3.0151000022888184,-0.4903140068054199,0.6253854036331177,118.19784128665924,0.3021587133407593,0.048742324113845825,9.212299257516861,3.070766419172287,1.1219271783811002,-2.9712371826171875,-1.0033165216445923,-0.4611593906918269,0.04176874204661444
3rna9zo5ZOs_1,3rna9zo5ZOs,A crowd cheers,5-10s,68.0,7.0,0.10294117647058823,0,0.18933655321598053,12.874885618686676,0.7531291842460632,0.06344392895698547,51.2127845287323,4.314187169075012,0.2872154712677002,0.6163124527250018,0.6163124527250018,0.4840012155958056,0.9700667858123779,1,1,0.6764324307441711,45.99740529060364,5.502594709396362,1.8392693740980965,0.6093684134695228,-1.4543268461844807,0.0,0.7188660502433777,48.88289141654968,2.6171085834503174,0.04666338115930557,3.173109918832779,0.45330141697611126,0.7911979951277742,-3.0170083045959473,-1.5626813173294067,0.7531291842460632,51.2127845287323,0.2872154712677002,0.06344392895698547,4.314187169075012,0.6163124527250018,0.4840012155958056,-2.6920528411865234,-1.0422414541244507,-1.400566408597297,0.3071967795319685
3rna9zo5ZOs_1,3rna9zo5ZOs,A crowd cheers,5-10s,68.0,7.0,0.10294117647058823,6,0.8429434299468994,57.32015323638916,0.2548595368862152,0.03578529134392738,17.330448508262634,2.433399811387062,0.8304485082626343,0.4866799622774124,0.347628544483866,1.0566207701941475,0.9443577527999878,1,1,0.36404988169670105,24.75539195537567,8.255391955375671,8.188593319484166,2.1027421272505116,1.6802937908532223,0.0,0.26857054233551025,18.262796878814697,1.7627968788146973,0.043369583785533905,2.9491316974163055,0.4213045282023294,0.8643993618889425,-3.093658685684204,-4.773952484130859,0.2548595368862152,17.330448508262634,0.8304485082626343,0.03578529134392738,2.433399811387062,0.347628544483866,1.0566207701941475,-3.2937769889831543,-2.0810115337371826,-2.967141489139454,-0.19222140830520473
3rna9zo5ZOs_1,3rna9zo5ZOs,A crowd cheers,5-10s,68.0,7.0,0.10294117647058823,7,0.8412365913391113,57.20408821105957,0.23154069483280182,0.05538813769817352,15.744767248630524,3.7663933634757996,0.7552327513694763,0.7060452960574133,0.5380561947822571,0.6197922730068707,0.9352053999900818,1,1,0.27036458253860474,18.384791612625122,1.884791612625122,8.172012601579938,2.1007152189977427,1.6674578436475704,0.0,0.1597524881362915,10.863169193267822,5.636830806732178,0.06099829077720642,4.147883772850037,0.5925548246928624,0.5233118791263976,-2.733971357345581,-4.401429176330566,0.23154069483280182,15.744767248630524,0.7552327513694763,0.05538813769817352,3.7663933634757996,0.5380561947822571,0.6197922730068707,-2.8364086151123047,-1.9136455059051514,-2.6240270981241403,-0.09648039388047301
3rna9zo5ZOs_1,3rna9zo5ZOs,A crowd cheers,5-10s,68.0,7.0,0.10294117647058823,9,0.6701281666755676,45.5687153339386,0.04117283970117569,0.043537769466638565,2.799753099679947,2.9605683237314224,0.2997530996799469,0.5921136647462845,0.4229383319616318,0.8605288978886116,0.977523922920227,1,1,0.1608370691537857,10.936920702457428,5.563079297542572,6.509816476276943,1.873311264775014,0.7087647924817356,0.0,0.04792080074548721,3.2586144506931305,0.7586144506931305,0.07269981503486633,4.943587422370911,0.7062267746244159,0.3478188825497786,-2.545938491821289,-3.2547032833099365,0.04117283970117569,2.799753099679947,0.2997530996799469,0.043537769466638565,2.9605683237314224,0.4229383319616318,0.8605288978886116,-3.0896124839782715,-1.3298343420028687,-2.221130147324793,-0.512710015338833
3rna9zo5ZOs_2,3rna9zo5ZOs,A crowd cheers as applause and whistling ring out,2-5s,68.0,3.0,0.04411764705882353,0,0.18933655321598053,12.874885618686676,0.779158353805542,0.033615101128816605,52.982768058776855,2.285826876759529,0.5172319412231445,0.43747845043174755,0.7619422922531763,0.27188445811451195,0.9715242981910706,1,1,0.6764324307441711,45.99740529060364,7.502594709396362,4.291628539562225,1.4566662738567264,-1.4543268461844807,0.0,0.7464171648025513,50.756367206573486,2.7436327934265137,0.022755226120352745,1.5473553761839867,0.5157851253946623,0.6620650238827374,-3.7599422931671143,-2.3056154251098633,0.779158353805542,52.982768058776855,0.5172319412231445,0.033615101128816605,2.285826876759529,0.7619422922531763,0.27188445811451195,-3.3585867881774902,-1.0478053092956543,-2.1187312977394637,0.3901805657682255
3rna9zo5ZOs_2,3rna9zo5ZOs,A crowd cheers as applause and whistling ring out,2-5s,68.0,3.0,0.04411764705882353,5,0.4456096887588501,30.301458835601807,0.7947553992271423,0.04185551404953003,54.04336714744568,2.846174955368042,0.5433671474456787,0.3513487454852152,0.9487249851226807,0.05263631676199227,0.9756193161010742,1,1,0.6909807920455933,46.98669385910034,6.513306140899658,10.100486278533936,2.312583569077712,-0.2184255400548803,0.0,0.7563819885253906,51.43397521972656,2.0660247802734375,0.029534736648201942,2.008362092077732,0.6694540306925774,0.40129277835527216,-3.492208480834961,-3.273782968521118,0.7947553992271423,54.04336714744568,0.5433671474456787,0.04185551404953003,2.846174955368042,0.9487249851226807,0.05263631676199227,-3.130774974822998,-1.2883094549179077,-2.713876347432984,0.34865646159327984
3rna9zo5ZOs_2,3rna9zo5ZOs,A crowd cheers as applause and whistling ring out,2-5s,68.0,3.0,0.04411764705882353,7,0.8412365913391113,57.20408821105957,0.25787681341171265,0.03371811658143997,17.53562331199646,2.292831927537918,0.03562331199645996,0.764277309179306,0.764277309179306,0.2688245855433567,0.9233682751655579,1,1,0.27036458253860474,18.384791612625122,0.8847916126251221,19.068029403686523,2.948013079384946,1.6674578436475704,0.0,0.22847217321395874,15.536107778549194,1.9638922214508057,0.030000217258930206,2.040014773607254,0.6800049245357513,0.3856552388738674,-3.476091146469116,-5.143548965454102,0.25787681341171265,17.53562331199646,0.03562331199645996,0.03371811658143997,2.292831927537918,0.764277309179306,0.2688245855433567,-3.3554203510284424,-1.6219258308410645,-3.3336683182588134,0.11683065333051075
3rna9zo5ZOs_2,3rna9zo5ZOs,A crowd cheers as applause and whistling ring out,2-5s,68.0,3.0,0.04411764705882353,9,0.6701281666755676,45.5687153339386,0.05714772269129753,0.030609408393502235,3.886045143008232,2.081439770758152,0.11395485699176788,0.8942254673052134,0.693813256919384,0.3655524369331827,0.9284831881523132,1,1,0.1608370691537857,10.936920702457428,6.563079297542572,15.189571777979532,2.7206091251622175,0.7087647924817356,0.0,0.0838993638753891,5.705156743526459,1.7051567435264587,0.052271898835897446,3.5544891208410263,1.1848297069470088,0.16959905704250886,-2.897608757019043,-3.6063735485076904,0.05714772269129753,3.886045143008232,0.11395485699176788,0.030609408393502235,2.081439770758152,0.693813256919384,0.3655524369331827,-3.455360174179077,-1.8430932760238647,-2.5510100681197088,-0.5351514939756915
3xDZ-kdGE3o_1,3xDZ-kdGE3o,Water runs,10-20s,65.0,10.0,0.15384615384615385,6,0.8429434299468994,54.79132294654846,0.33038511872291565,0.04986339434981346,21.475032716989517,3.241120632737875,0.024967283010482788,0.4630172332482679,0.3241120632737875,1.126665948688722,0.9419617056846619,1,1,0.36404988169670105,23.66324231028557,2.1632423102855682,5.479132294654846,1.7009467480313094,1.6802937908532223,0.0,0.2665702998638153,17.327069491147995,4.172930508852005,0.043369147926568985,2.818994615226984,0.2818994615226984,1.2662047910352376,-3.0936691761016846,-4.77396297454834,0.33038511872291565,21.475032716989517,0.024967283010482788,0.04986339434981346,3.241120632737875,0.3241120632737875,1.126665948688722,-2.9473185539245605,-1.221774697303772,-2.9671515390665473,0.1395388423465155
3xDZ-kdGE3o_1,3xDZ-kdGE3o,Water runs,10-20s,65.0,10.0,0.15384615384615385,9,0.6701281666755676,43.558330833911896,0.11274778842926025,0.040432170033454895,7.3286062479019165,2.628091052174568,0.3286062479019165,0.657022763043642,0.2628091052174568,1.3363273460256904,0.911368727684021,1,1,0.1608370691537857,10.45440949499607,3.454409494996071,4.35583308339119,1.4715158855558121,0.7087647924817356,0.0,0.07252039015293121,4.713825359940529,2.286174640059471,0.06168409064412117,4.009465891867876,0.4009465891867876,0.913927054594594,-2.7220606803894043,-3.4308254718780518,0.11274778842926025,7.3286062479019165,0.3286062479019165,0.040432170033454895,2.628091052174568,0.2628091052174568,1.3363273460256904,-3.1668572425842285,-1.4249908924102783,-2.3854429401504063,-0.42240029143109653
3xDZ-kdGE3o_2,3xDZ-kdGE3o,A door unlocks,2-5s,65.0,3.0,0.046153846153846156,1,0.3227500021457672,20.97875013947487,0.4121023416519165,0.03931679204106331,26.786652207374573,2.555591482669115,0.7133477926254272,0.5913386054246353,0.8518638275563717,0.1603285917382576,0.904772162437439,1,1,0.44674772024154663,29.03860181570053,1.538601815700531,6.99291671315829,1.9448977386205302,-0.7411624414217115,0.0,0.3726155161857605,24.220008552074432,3.2799914479255676,0.04276127368211746,2.779482789337635,0.926494263112545,0.07634742527530484,-3.108419895172119,-2.3672573566436768,0.4121023416519165,26.786652207374573,0.7133477926254272,0.03931679204106331,2.555591482669115,0.8518638275563717,0.1603285917382576,-3.195992946624756,-1.4282687902450562,-2.021245163895835,-0.08398116646295271
3xDZ-kdGE3o_2,3xDZ-kdGE3o,A door unlocks,2-5s,65.0,3.0,0.046153846153846156,4,0.07413875311613083,4.819018952548504,0.573006272315979,0.047106560319662094,37.245407700538635,3.061926420778036,0.25459229946136475,0.3265917800029629,1.0206421402593453,0.020431978487034524,0.9226263165473938,1,1,0.5870380997657776,38.15747648477554,0.6574764847755432,1.6063396508495014,0.4739580818623074,-2.5247858938815373,0.0,0.587196409702301,38.16776663064957,0.6677666306495667,0.05133965611457825,3.337077647447586,1.112359215815862,0.1064831794691898,-2.9165873527526855,-0.39180126786231995,0.573006272315979,37.245407700538635,0.25459229946136475,0.047106560319662094,3.061926420778036,1.0206421402593453,0.020431978487034524,-3.0070908069610596,-1.2080225944519043,-0.3674749023931175,-0.08605120098215524
3xDZ-kdGE3o_2,3xDZ-kdGE3o,A door unlocks,2-5s,65.0,3.0,0.046153846153846156,5,0.4456096887588501,28.964629769325256,0.8048573732376099,0.048642173409461975,52.31572926044464,3.1617412716150284,0.3157292604446411,0.6325628279439807,1.0539137572050095,0.052510622487709026,0.7886843681335449,1,1,0.6909807920455933,44.91375148296356,7.086248517036438,9.654876589775085,2.2674631337972424,-0.2184255400548803,0.0,0.7678549289703369,49.9105703830719,2.0894296169281006,0.05124369636178017,3.330840263515711,1.1102800878385704,0.10461231488013237,-2.9185593128204346,-2.700133800506592,0.8048573732376099,52.31572926044464,0.3157292604446411,0.048642173409461975,3.1617412716150284,1.0539137572050095,0.052510622487709026,-2.9733994007110596,-1.4699722528457642,-2.1628508189171103,-0.052101692392423224
3xDZ-kdGE3o_2,3xDZ-kdGE3o,A door unlocks,2-5s,65.0,3.0,0.046153846153846156,7,0.8412365913391113,54.680378437042236,0.2158105969429016,0.03592390939593315,14.027688801288605,2.335054110735655,0.47231119871139526,0.6991493443346791,0.7783513702452183,0.25057722405316346,0.8849534392356873,1,1,0.27036458253860474,17.573697865009308,3.073697865009308,18.226792812347412,2.9028926441044764,1.6674578436475704,0.0,0.16254769265651703,10.565600022673607,3.934399977326393,0.030226359143853188,1.9647133443504572,0.654904448116819,0.4232659347261958,-3.468348264694214,-5.135806083679199,0.2158105969429016,14.027688801288605,0.47231119871139526,0.03592390939593315,2.335054110735655,0.7783513702452183,0.25057722405316346,-3.289767026901245,-1.467979073524475,-3.3261585788306722,0.17268871067303218
4CAMv5nlr-0_1,4CAMv5nlr-0,Cheers erupt as applause fills the air,2-5s,113.0,3.0,0.02654867256637168,3,0.4910241663455963,55.48573079705238,0.9520148038864136,0.03288998454809189,107.57767283916473,3.7165682539343834,0.4223271608352661,0.5381308409667405,1.2388560846447945,0.21418844145729046,0.9316109418869019,1,1,0.7619823217391968,86.10400235652924,1.1040023565292358,18.49524359901746,2.9175135962718866,-0.0359071921279591,0.0,0.9288333654403687,104.95817029476166,0.5418297052383423,0.03627264127135277,4.098808463662863,1.366269487887621,0.3120840241855641,-3.2797446250915527,-3.243837356567383,0.9520148038864136,107.57767283916473,0.4223271608352661,0.03288998454809189,3.7165682539343834,1.2388560846447945,0.21418844145729046,-3.3811440467834473,-1.3515211343765259,-2.6054295720863228,-0.09789558272827363
4CAMv5nlr-0_1,4CAMv5nlr-0,Cheers erupt as applause fills the air,2-5s,113.0,3.0,0.02654867256637168,7,0.8412365913391113,95.05973482131958,0.3496513366699219,0.025958392769098282,39.51060104370117,2.933298382908106,0.5106010437011719,0.6569982343626882,0.9777661276360353,0.02248477084073294,0.6764510869979858,1,1,0.27036458253860474,30.551197826862335,8.448802173137665,31.686578273773193,3.45589319292118,1.6674578436475704,0.0,0.2719566226005554,30.731098353862762,8.268901646137238,0.03731904923915863,4.217052564024925,1.4056841880083084,0.34052415080993137,-3.250218152999878,-4.917675971984863,0.3496513366699219,39.51060104370117,0.5106010437011719,0.025958392769098282,2.933298382908106,0.9777661276360353,0.02248477084073294,-3.6249589920043945,-1.4545490741729736,-3.1153690421112485,-0.3630089216506644
4CAMv5nlr-0_2,4CAMv5nlr-0,A whistle sounds as applause breaks out,2-5s,113.0,3.0,0.02654867256637168,0,0.18933655321598053,21.3950305134058,0.7711567878723145,0.033289529383182526,87.14071702957153,3.7617168202996254,0.3592829704284668,0.7975081972706937,1.2539056067665417,0.22626316566662924,0.9515650272369385,1,1,0.6764324307441711,76.43686467409134,11.063135325908661,7.131676837801933,1.9645463873929603,-1.4543268461844807,0.0,0.7680450677871704,86.78909265995026,0.7109073400497437,0.027727171778678894,3.133170410990715,1.044390136996905,0.04343311409554944,-3.5572235584259033,-2.1028966903686523,0.7711567878723145,87.14071702957153,0.3592829704284668,0.033289529383182526,3.7617168202996254,1.2539056067665417,0.22626316566662924,-3.3686561584472656,-1.061214804649353,-1.921113273297411,0.18283005157107995
4CAMv5nlr-0_2,4CAMv5nlr-0,A whistle sounds as applause breaks out,2-5s,113.0,3.0,0.02654867256637168,7,0.8412365913391113,95.05973482131958,0.3509689271450043,0.025156192481517792,39.65948876738548,2.8426497504115105,0.8405112326145172,0.3517844573905867,0.9475499168038368,0.053875660770665475,0.9259277582168579,1,1,0.27036458253860474,30.551197826862335,9.948802173137665,31.686578273773193,3.45589319292118,1.6674578436475704,0.0,0.29964545369148254,33.85993626713753,6.6400637328624725,0.03690014407038689,4.169716279953718,1.3899054266512394,0.32923570644748146,-3.26194167137146,-4.929399490356445,0.3509689271450043,39.65948876738548,0.8405112326145172,0.025156192481517792,2.8426497504115105,0.9475499168038368,0.053875660770665475,-3.6571731567382812,-1.730664610862732,-3.1266574864736985,-0.383111367218147
4IeDBwyQ9ZQ_4,4IeDBwyQ9ZQ,Something bursts out,2-5s,300.0,3.0,0.01,3,0.4910241663455963,147.3072499036789,0.8943167328834534,0.026042673736810684,268.295019865036,7.812802121043205,0.20498013496398926,0.3839851507207282,2.6042673736810684,0.9571513971402176,0.9530640840530396,1,1,0.7619823217391968,228.59469652175903,27.405303478240967,49.10241663455963,3.893908252215747,-0.0359071921279591,0.0,0.9011516571044922,270.34549713134766,1.8454971313476562,0.030420593917369843,9.126178175210953,3.0420593917369843,1.1125347175574207,-3.461742639541626,-3.425835371017456,0.8943167328834534,268.295019865036,0.20498013496398926,0.026042673736810684,7.812802121043205,2.6042673736810684,0.9571513971402176,-3.621630907058716,-1.516012191772461,-2.7813735346583264,-0.15538332041720315
4UPOUGVMlEs_1,4UPOUGVMlEs,A woman talks as a pig grunts and dogs pant,5-10s,84.0,5.0,0.05952380952380952,6,0.8429434299468994,70.80724811553955,0.31778332591056824,0.04082981124520302,26.693799376487732,3.4297041445970535,0.19379937648773193,0.6859408289194107,0.6859408289194107,0.3769639101959652,0.9436469674110413,1,1,0.36404988169670105,30.580190062522888,4.080190062522888,14.16144962310791,2.6505234575389314,1.6802937908532223,0.0,0.32463330030441284,27.26919722557068,0.7691972255706787,0.05431101843714714,4.56212554872036,0.912425109744072,0.09164926840688718,-2.8571865558624268,-4.537480354309082,0.31778332591056824,26.693799376487732,0.19379937648773193,0.04082981124520302,3.4297041445970535,0.6859408289194107,0.3769639101959652,-3.15665602684021,-1.9291470050811768,-2.7421727259458186,-0.28531464178907795
4UPOUGVMlEs_1,4UPOUGVMlEs,A woman talks as a pig grunts and dogs pant,5-10s,84.0,5.0,0.05952380952380952,7,0.8412365913391113,70.66387367248535,0.3039063513278961,0.030743202194571495,25.528133511543274,2.5824289843440056,0.9718664884567261,0.5164857968688011,0.5164857968688011,0.6607074896024767,0.8804743885993958,1,1,0.27036458253860474,22.710624933242798,3.789375066757202,14.13277473449707,2.6484965492861625,1.6674578436475704,0.0,0.24963997304439545,20.969757735729218,5.5302422642707825,0.05437308922410011,4.5673394948244095,0.9134678989648819,0.09050704448772955,-2.8559787273406982,-4.523436546325684,0.3039063513278961,25.528133511543274,0.9718664884567261,0.030743202194571495,2.5824289843440056,0.5164857968688011,0.6607074896024767,-3.4508607387542725,-1.625314712524414,-2.739003593773892,-0.5702004451147471
4UPOUGVMlEs_2,4UPOUGVMlEs,A woman talks as dogs pant,5-10s,84.0,5.0,0.05952380952380952,4,0.07413875311613083,6.22765526175499,0.5244871377944946,0.026565589010715485,44.05691957473755,2.2315094769001007,0.5569195747375488,0.64892735921702,0.44630189538002013,0.8067596604815859,0.9479823112487793,1,1,0.5870380997657776,49.31120038032532,5.811200380325317,1.245531052350998,0.2195619870439932,-2.5247858938815373,0.0,0.5837503671646118,49.03503084182739,5.535030841827393,0.03934115916490555,3.304657369852066,0.6609314739704132,0.4141051147460141,-3.195348024368286,-0.6705619692802429,0.5244871377944946,44.05691957473755,0.5569195747375488,0.026565589010715485,2.2315094769001007,0.44630189538002013,0.8067596604815859,-3.6012136936187744,-1.5875880718231201,-0.6336671017900073,-0.3926545457355718
4UPOUGVMlEs_2,4UPOUGVMlEs,A woman talks as dogs pant,5-10s,84.0,5.0,0.05952380952380952,6,0.8429434299468994,70.80724811553955,0.32033365964889526,0.03306036815047264,26.908027410507202,2.777070924639702,0.40802741050720215,0.5554141849279404,0.5554141849279404,0.5880411644140799,0.9604585766792297,1,1,0.36404988169670105,30.580190062522888,4.080190062522888,14.16144962310791,2.6505234575389314,1.6802937908532223,0.0,0.3152160346508026,26.47814691066742,0.021853089332580566,0.04080384597182274,3.42752306163311,0.685504612326622,0.3776000515901178,-3.1573193073272705,-4.837613105773926,0.32033365964889526,26.908027410507202,0.40802741050720215,0.03306036815047264,2.777070924639702,0.5554141849279404,0.5880411644140799,-3.375800848007202,-1.839386224746704,-3.028123509129049,-0.21044111282396225
4UPOUGVMlEs_2,4UPOUGVMlEs,A woman talks as dogs pant,5-10s,84.0,5.0,0.05952380952380952,8,0.5322582125663757,44.70968985557556,0.510732889175415,0.043412648141384125,42.90156269073486,3.6466624438762665,0.5984373092651367,0.6948125293455168,0.7293324887752533,0.315625562095444,0.9743415117263794,1,1,0.47813287377357483,40.163161396980286,3.3368386030197144,8.941937971115113,2.1907523409855725,0.12921232615624365,0.0,0.469349205493927,39.42533326148987,4.074666738510132,0.032746706157922745,2.7507233172655106,0.5501446634531021,0.5975740108803038,-3.385658025741577,-3.5148704051971436,0.510732889175415,42.90156269073486,0.5984373092651367,0.043412648141384125,3.6466624438762665,0.7293324887752533,0.315625562095444,-3.092621326446533,-1.3476372957229614,-2.788326351865876,0.28194844878485975
4UPOUGVMlEs_4,4UPOUGVMlEs,A man speaks as dogs pant,5-10s,84.0,7.0,0.08333333333333333,0,0.18933655321598053,15.904270470142365,0.7173649668693542,0.033367324620485306,60.25865721702576,2.8028552681207657,0.7413427829742432,0.5282233923572819,0.40040789544582367,0.9152715128398229,0.6816865801811218,1,1,0.6764324307441711,56.820324182510376,4.179675817489624,2.2720386385917664,0.8206775071367297,-1.4543268461844807,0.0,0.7409206628799438,62.23733568191528,1.2373356819152832,0.024332195520401,2.043904423713684,0.291986346244812,1.2310482372426872,-3.691321849822998,-2.236994981765747,0.7173649668693542,60.25865721702576,0.7413427829742432,0.033367324620485306,2.8028552681207657,0.40040789544582367,0.9152715128398229,-3.366241455078125,-0.7530742883682251,-2.0517257443794166,0.31577672440286425
4UPOUGVMlEs_4,4UPOUGVMlEs,A man speaks as dogs pant,5-10s,84.0,7.0,0.08333333333333333,3,0.4910241663455963,41.24602997303009,0.8655135035514832,0.035192158073186874,72.70313429832458,2.9561412781476974,0.20313429832458496,0.4223058968782425,0.4223058968782425,0.8620253534214205,0.9512457251548767,1,1,0.7619823217391968,64.00651502609253,3.0065150260925293,5.892289996147156,1.773644716015656,-0.0359071921279591,0.0,0.8606374263763428,72.2935438156128,0.20645618438720703,0.033712562173604965,2.831855222582817,0.4045507460832596,0.9049780964999566,-3.3555908203125,-3.31968355178833,0.8655135035514832,72.70313429832458,0.20313429832458496,0.035192158073186874,2.9561412781476974,0.4223058968782425,0.8620253534214205,-3.311105728149414,-1.3016548156738281,-2.6786228125156124,0.042952743078536026
4s2rRnu2PZo_1,4s2rRnu2PZo,Music plays as gunshots ring out,20s+,150.0,21.0,0.14,1,0.3227500021457672,48.41250032186508,0.4596587121486664,0.06120019406080246,68.94880682229996,9.180029109120369,0.4488068222999573,0.43714424329144613,0.43714424329144613,0.8274920621679065,0.9103875756263733,1,1,0.44674772024154663,67.012158036232,1.4878419637680054,2.3053571581840515,0.8352356137658355,-0.7411624414217115,0.0,0.44328367710113525,66.49255156517029,2.007448434829712,0.06382880359888077,9.574320539832115,0.4559200257062912,0.7854378670720571,-2.685593843460083,-1.9444313049316406,0.4596587121486664,68.94880682229996,0.4488068222999573,0.06120019406080246,9.180029109120369,0.43714424329144613,0.8274920621679065,-2.730451822280884,-1.438400387763977,-1.6206734808378926,-0.04205419509584937
4s2rRnu2PZo_1,4s2rRnu2PZo,Music plays as gunshots ring out,20s+,150.0,21.0,0.14,7,0.8412365913391113,126.1854887008667,0.2511346936225891,0.05367908254265785,37.67020404338837,8.051862381398678,0.8297959566116333,0.3725846093607569,0.3834220181618418,0.958619021324091,0.8379295468330383,1,1,0.27036458253860474,40.55468738079071,2.0546873807907104,6.008832795279367,1.793230519249782,1.6674578436475704,0.0,0.2054707109928131,30.820606648921967,7.6793933510780334,0.04202960059046745,6.304440088570118,0.3002114327890532,1.2032682766003768,-3.1264426708221436,-4.793900489807129,0.2511346936225891,37.67020404338837,0.8297959566116333,0.05367908254265785,8.051862381398678,0.3834220181618418,0.958619021324091,-2.869558334350586,-1.4254719018936157,-2.9964987958501585,0.24464925527628562
4s2rRnu2PZo_2,4s2rRnu2PZo,"As music plays, a person speaks",5-10s,150.0,7.0,0.04666666666666667,0,0.18933655321598053,28.40048298239708,0.7100975513458252,0.05228671059012413,106.51463270187378,7.8430065885186195,0.5146327018737793,0.25500424836156593,1.120429512645517,0.11371210522568813,0.872724711894989,1,1,0.6764324307441711,101.46486461162567,4.535135388374329,4.057211854628155,1.400496002389672,-1.4543268461844807,0.0,0.7340635657310486,110.10953485965729,4.109534859657288,0.04692138731479645,7.038208097219467,1.005458299602781,0.005443457070998726,-3.011223793029785,-1.5568970441818237,0.7100975513458252,106.51463270187378,0.5146327018737793,0.05228671059012413,7.8430065885186195,1.120429512645517,0.11371210522568813,-2.8973097801208496,-1.1791211366653442,-1.395052545318673,0.1082686481546894
4xrL4TSgHwU_1,4xrL4TSgHwU,An engine starts up,5-10s,126.0,8.0,0.06349206349206349,6,0.8429434299468994,106.21087217330933,0.24332498013973236,0.05418289080262184,30.658947497606277,6.827044241130352,0.6589474976062775,0.8367420309336414,0.853380530141294,0.1585497229467827,0.8254601359367371,1,1,0.36404988169670105,45.87028509378433,15.870285093784332,13.276359021663666,2.5859849364013603,1.6802937908532223,0.0,0.23894037306308746,30.10648700594902,0.10648700594902039,0.05491019785404205,6.918684929609299,0.8648356162011623,0.14521582918377135,-2.845580816268921,-4.525874614715576,0.24332498013973236,30.658947497606277,0.6589474976062775,0.05418289080262184,6.827044241130352,0.853380530141294,0.1585497229467827,-2.8596839904785156,-1.630843997001648,-2.7312007655851316,-0.013333893763011362
4xrL4TSgHwU_1,4xrL4TSgHwU,An engine starts up,5-10s,126.0,8.0,0.06349206349206349,8,0.5322582125663757,67.06453478336334,0.2423880696296692,0.11528368294239044,30.540896773338318,14.525744050741196,0.5408967733383179,0.5507463144094012,1.8157180063426495,0.5964809852705074,0.04657876119017601,1,1,0.47813287377357483,60.24474209547043,30.24474209547043,8.383066847920418,2.126213819848001,0.12921232615624365,0.0,0.4438447952270508,55.9244441986084,25.9244441986084,0.23836597800254822,30.034113228321075,3.7542641535401344,1.3228923015758438,-1.1616590023040771,-1.290871262550354,0.2423880696296692,30.540896773338318,0.5408967733383179,0.11528368294239044,14.525744050741196,1.8157180063426495,0.5964809852705074,-2.0378711223602295,-1.5925970077514648,-0.8033215182721571,-0.7264113163053363
4xrL4TSgHwU_2,4xrL4TSgHwU,Engines roar,20s+,126.0,88.0,0.6984126984126984,8,0.5322582125663757,67.06453478336334,0.6190552115440369,0.757988452911377,78.00095665454865,95.5065450668335,0.999043345451355,0.9214028204917205,1.0853016484867444,0.08185796539132159,0.913474977016449,1,1,0.47813287377357483,60.24474209547043,18.75525790452957,0.7620969861745834,0.27168145295036955,0.12921232615624365,0.0,0.5333120226860046,67.19731485843658,11.802685141563416,0.8867121338844299,111.72572886943817,1.2696105553345247,0.2387102041010822,2.057588577270508,1.928376317024231,0.6190552115440369,78.00095665454865,0.999043345451355,0.757988452911377,95.5065450668335,1.0853016484867444,0.08185796539132159,1.1416823863983154,-0.4776313602924347,0.5103916570514516,-0.15685223870976064
52IxrdTxGs4_1,52IxrdTxGs4,Music is playing,20s+,213.0,36.0,0.16901408450704225,5,0.4456096887588501,94.91486370563507,0.0802384689450264,0.03808917850255966,17.090793885290623,8.112995021045208,0.9092061147093773,0.22536097280681133,0.22536097280681133,1.4900518387441952,0.00840562954545021,1,1,0.6909807920455933,147.17890870571136,129.17890870571136,2.6365239918231964,0.9694613798230303,-0.2184255400548803,0.0,0.6483033299446106,138.08860927820206,120.08860927820206,0.11201352626085281,23.85888109356165,0.6627466970433792,0.41136241753967334,-2.0703368186950684,-1.851911187171936,0.0802384689450264,17.090793885290623,0.9092061147093773,0.03808917850255966,8.112995021045208,0.22536097280681133,1.4900518387441952,-3.2289915084838867,-1.8029040098190308,-1.3808237973627038,-1.078689421204522
52IxrdTxGs4_1,52IxrdTxGs4,Music is playing,20s+,213.0,36.0,0.16901408450704225,7,0.8412365913391113,179.1833939552307,0.0889480859041214,0.1559777408838272,18.945942297577858,33.223258808255196,0.945942297577858,0.922868300229311,0.922868300229311,0.08026874130212554,0.019184067845344543,1,1,0.27036458253860474,57.58765608072281,39.58765608072281,4.977316498756409,1.6048908901302643,1.6674578436475704,0.0,0.18740953505039215,39.91823096573353,21.918230965733528,0.16779500246047974,35.740335524082184,0.9927870978911718,0.007239040853891834,-1.6013357639312744,-3.2687935829162598,0.0889480859041214,18.945942297577858,0.945942297577858,0.1559777408838272,33.223258808255196,0.922868300229311,0.08026874130212554,-1.6884655952453613,-1.5710316896438599,-1.6121299309841561,-0.07302970044823363
59VP93Tzjmg_1,59VP93Tzjmg,Rain falls as boards are struck,5-10s,172.0,5.0,0.029069767441860465,7,0.8412365913391113,144.69269371032715,0.15008112788200378,0.041359350085258484,25.81395399570465,7.113808214664459,0.6860460042953491,0.7028584197269981,1.4227616429328918,0.35259980186799317,0.7797898650169373,1,1,0.27036458253860474,46.502708196640015,20.002708196640015,28.93853874206543,3.365174227256302,1.6674578436475704,0.0,0.15000413358211517,25.80071097612381,0.6992890238761902,0.04785032570362091,8.230256021022797,1.6460512042045594,0.49837921003625046,-2.9906442165374756,-4.658102035522461,0.15008112788200378,25.81395399570465,0.6860460042953491,0.041359350085258484,7.113808214664459,1.4227616429328918,0.35259980186799317,-3.1432178020477295,-1.6555708646774292,-2.8667950172200514,-0.1457794081682572
5G6b_QWL3nY_1,5G6b_QWL3nY,Music plays,10-20s,246.0,17.0,0.06910569105691057,9,0.6701281666755676,164.85152900218964,0.017147280275821686,0.04110053926706314,4.218230947852135,10.110732659697533,0.7817690521478653,0.8557240406082604,0.5947489799822078,0.5196158448367613,0.9911591410636902,1,1,0.1608370691537857,39.565919011831284,3.9340809881687164,9.697148764834685,2.2718319005303673,0.7087647924817356,0.0,0.03555950149893761,8.747637368738651,3.7476373687386513,0.07144168764352798,17.574655160307884,1.033803244723993,0.03324447241290413,-2.564751625061035,-3.2735164165496826,0.017147280275821686,4.218230947852135,0.7817690521478653,0.04110053926706314,10.110732659697533,0.5947489799822078,0.5196158448367613,-3.1497650146484375,-1.351410984992981,-2.238587428117463,-0.5528603172496654
5G6b_QWL3nY_3,5G6b_QWL3nY,"As a woman speaks, food sizzles in hot oil",2-5s,246.0,4.0,0.016260162601626018,7,0.8412365913391113,206.9442014694214,0.26397815346717834,0.039183925837278366,64.93862575292587,9.639245755970478,0.9386257529258728,0.414970227055621,2.4098114389926195,0.8795485033596699,0.8922507762908936,1,1,0.27036458253860474,66.50968730449677,2.509687304496765,51.73605036735535,3.9461548376894213,1.6674578436475704,0.0,0.19979462027549744,49.14947658777237,14.85052341222763,0.035556960850954056,8.747012369334698,2.1867530923336744,0.7824178374399208,-3.300414800643921,-4.967872619628906,0.26397815346717834,64.93862575292587,0.9386257529258728,0.039183925837278366,9.639245755970478,2.4098114389926195,0.8795485033596699,-3.1995162963867188,-1.3637546300888062,-3.1637370002495007,0.09713066591974925
5I8lmN8rwDM_2,5I8lmN8rwDM,"Amid background noise, metal scrapes against metal",10-20s,299.0,16.0,0.05351170568561873,7,0.8412365913391113,251.5297408103943,0.20607464015483856,0.07758178561925888,61.61631740629673,23.196953900158405,0.38368259370326996,0.6897457342401642,1.4498096187599003,0.3714322504052587,0.7662588357925415,1,1,0.27036458253860474,80.83901017904282,18.839010179042816,15.720608800649643,2.7549725140278545,1.6674578436475704,0.0,0.1979103684425354,59.175200164318085,2.8247998356819153,0.08180570602416992,24.459906101226807,1.5287441313266754,0.4244465691413454,-2.4180619716644287,-4.085519790649414,0.20607464015483856,61.61631740629673,0.38368259370326996,0.07758178561925888,23.196953900158405,1.4498096187599003,0.3714322504052587,-2.475666046142578,-1.6725977659225464,-2.3305259448865088,-0.05301431873608673
5K1mISHwggI_1,5K1mISHwggI,People talk and cars drive by as a man speaks and sirens wail,10-20s,220.0,13.0,0.05909090909090909,0,0.18933655321598053,41.65404170751572,0.7278090119361877,0.14885401725769043,160.1179826259613,32.747883796691895,0.11798262596130371,0.305363243074967,2.519067984360915,0.9238889856370588,0.7729750275611877,1,1,0.6764324307441711,148.81513476371765,11.184865236282349,3.204157054424286,1.1644490462395543,-1.4543268461844807,0.0,0.7425451874732971,163.35994124412537,3.359941244125366,0.12943418323993683,28.475520312786102,2.1904246394450846,0.7840954243223648,-1.9059709310531616,-0.45164406299591064,0.7278090119361877,160.1179826259613,0.11798262596130371,0.14885401725769043,32.747883796691895,2.519067984360915,0.9238889856370588,-1.7436175346374512,-0.6563150882720947,-0.3803536219171894,0.13979356131469392
5K1mISHwggI_1,5K1mISHwggI,People talk and cars drive by as a man speaks and sirens wail,10-20s,220.0,13.0,0.05909090909090909,2,0.5923634171485901,130.31995177268982,0.9670068025588989,0.02448640577495098,212.74149656295776,5.387009270489216,0.25850343704223633,0.673376158811152,0.4143853284991704,0.8809589928644508,0.013840902596712112,1,1,0.7359917759895325,161.91819071769714,1.9181907176971436,10.024611674822294,2.305043236763813,0.3737442776905129,0.0,0.9721769690513611,213.87893319129944,0.8789331912994385,0.038598667830228806,8.491706922650337,0.6532082248192567,0.425859326386324,-3.2151741981506348,-3.588918447494507,0.9670068025588989,212.74149656295776,0.25850343704223633,0.02448640577495098,5.387009270489216,0.4143853284991704,0.8809589928644508,-3.6848459243774414,-0.5964593291282654,-2.7309025631501367,-0.45509966647812683
5OM3tJh51pE_1,5OM3tJh51pE,A woman talks as applause and cheers erupt,5-10s,97.0,6.0,0.061855670103092786,2,0.5923634171485901,57.45925146341324,0.9876518249511719,0.017792711034417152,95.80222702026367,1.7258929703384638,0.8022270202636719,0.3979926495379397,0.287648828389744,1.2460148887221725,0.9519199728965759,1,1,0.7359917759895325,71.39120227098465,20.39120227098465,9.576541910568872,2.259316557148316,0.3737442776905129,0.0,0.9899463057518005,96.02479165792465,1.024791657924652,0.01730894297361374,1.6789674684405327,0.27982791140675545,1.2735804668769215,-4.039071559906006,-4.412816047668457,0.9876518249511719,95.80222702026367,0.8022270202636719,0.017792711034417152,1.7258929703384638,0.287648828389744,1.2460148887221725,-4.011013507843018,-0.9294379353523254,-3.5328970240252375,0.027565578154749158
5QZ0NtdoKJ8_1,5QZ0NtdoKJ8,Electronic sounds play,20s+,286.0,63.0,0.2202797202797203,6,0.8429434299468994,241.08182096481323,0.23242701590061188,0.022749558091163635,66.474126547575,6.5063736140728,0.525873452425003,0.6147817874073969,0.1032757716519492,2.2703524739097527,0.9504306316375732,1,1,0.36404988169670105,104.1182661652565,27.3817338347435,3.826695570870051,1.3420016555580379,1.6802937908532223,0.0,0.2458784282207489,70.32123047113419,3.321230471134186,0.030342236161231995,8.67787954211235,0.13774411971606906,1.9823575199468884,-3.464402437210083,-5.144696235656738,0.23242701590061188,66.474126547575,0.525873452425003,0.022749558091163635,6.5063736140728,0.1032757716519492,2.2703524739097527,-3.760197162628174,-1.8901550769805908,-3.3243591755049264,-0.28799495396286434
5t6tSW0yT40_2,5t6tSW0yT40,Water stirs,10-20s,299.0,10.0,0.033444816053511704,8,0.5322582125663757,159.14520555734634,0.5650502443313599,0.03006616421043873,168.9500230550766,8.98978309892118,0.04997694492340088,0.898978309892118,0.898978309892118,0.10649637172914193,0.931235134601593,1,1,0.47813287377357483,142.96172925829887,26.038270741701126,15.914520555734635,2.7672319349729997,0.12921232615624365,0.0,0.5214347839355469,155.90900039672852,13.090999603271484,0.037046436220407486,11.076884429901838,1.1076884429901839,0.10227536014713663,-3.2578330039978027,-3.387045383453369,0.5650502443313599,168.9500230550766,0.04997694492340088,0.03006616421043873,8.98978309892118,0.898978309892118,0.10649637172914193,-3.473827362060547,-1.6214638948440552,-2.664956574825863,-0.2087717318762786
5ye0X5saadg_1,5ye0X5saadg,"A helicopter flies, there are gunshots and explosions, and a man speaks over a radio",10-20s,300.0,17.0,0.056666666666666664,2,0.5923634171485901,177.70902514457703,0.9866598844528198,0.02177009917795658,295.99796533584595,6.531029753386974,0.5020346641540527,0.8618421074855155,0.3841782207874691,0.9566487174291884,0.061311155557632446,1,1,0.7359917759895325,220.79753279685974,6.297532796859741,10.453472067328061,2.3469341784729734,0.3737442776905129,0.0,0.9812026023864746,294.3607807159424,2.139219284057617,0.022584576159715652,6.775372847914696,0.3985513439949821,0.919918945902168,-3.7676446437835693,-4.141388893127441,0.9866598844528198,295.99796533584595,0.5020346641540527,0.02177009917795658,6.531029753386974,0.3841782207874691,0.9566487174291884,-3.8052072525024414,-0.9211111664772034,-3.266853124375141,-0.036729771527020526
63KW_EQ72yU_1,63KW_EQ72yU,An explosion erupts,20s+,104.0,84.0,0.8076923076923077,4,0.07413875311613083,7.710430324077606,0.5748872756958008,0.04898032918572426,59.78827667236328,5.093954235315323,0.7882766723632812,0.06064231232518241,0.06064231232518241,2.802762406363444,0.3878573775291443,1,1,0.5870380997657776,61.05196237564087,2.051962375640869,0.09179083719140008,2.388242799067161,-2.5247858938815373,0.0,0.6337817907333374,65.91330623626709,6.91330623626709,0.045007191598415375,4.680747926235199,0.055723189598038084,2.8873588883844237,-3.0548815727233887,-0.5300955176353455,0.5748872756958008,59.78827667236328,0.7882766723632812,0.04898032918572426,5.093954235315323,0.06064231232518241,2.802762406363444,-2.966115951538086,-0.7356849908828735,-0.49911608931726265,0.08459648202097936
6Nvu6EcpdE8_1,6Nvu6EcpdE8,A man's voice is heard while an engine rumbles in the background,20s+,211.0,21.0,0.0995260663507109,8,0.5322582125663757,112.30648285150528,0.5137546062469482,0.09200464934110641,108.40222191810608,19.412981010973454,0.4022219181060791,0.309071543242556,0.9244276671892121,0.07858047114099576,0.9529837369918823,1,1,0.47813287377357483,100.88603636622429,6.886036366224289,5.347927754833584,1.6767091503290024,0.12921232615624365,0.0,0.50811767578125,107.21282958984375,0.78717041015625,0.07218313217163086,15.230640888214111,0.7252686137244815,0.32121319105732465,-2.5536279678344727,-2.682840347290039,0.5137546062469482,108.40222191810608,0.4022219181060791,0.09200464934110641,19.412981010973454,0.9244276671892121,0.07858047114099576,-2.289400100708008,-1.2567652463912964,-1.997922341386327,0.24263271991632882
6ZwYgzcN6Is_2,6ZwYgzcN6Is,A woman laughs while waves crash,2-5s,97.0,3.0,0.030927835051546393,0,0.18933655321598053,18.36564566195011,0.7192574739456177,0.03562574461102486,69.76797497272491,3.455697227269411,0.7679749727249146,0.5606328787748434,1.1518990757564704,0.14141195058562156,0.8811115026473999,1,1,0.6764324307441711,65.6139457821846,1.1139457821846008,6.121881887316704,1.8118695471840025,-1.4543268461844807,0.0,0.7290960550308228,70.72231733798981,1.7223173379898071,0.03704158961772919,3.593034192919731,1.197678064306577,0.18038473595562735,-3.2579689025878906,-1.80364191532135,0.7192574739456177,69.76797497272491,0.7679749727249146,0.03562574461102486,3.455697227269411,1.1518990757564704,0.14141195058562156,-3.2984108924865723,-1.3701647520065308,-1.6314848112283753,-0.03897278537000593
6ZwYgzcN6Is_2,6ZwYgzcN6Is,A woman laughs while waves crash,2-5s,97.0,3.0,0.030927835051546393,3,0.4910241663455963,47.62934413552284,0.9031563997268677,0.04320613667368889,87.60617077350616,4.190995257347822,0.6061707735061646,0.47721361566647424,1.3969984191159408,0.3343259486463683,0.7710903882980347,1,1,0.7619823217391968,73.91228520870209,4.912285208702087,15.87644804517428,2.764836756062929,-0.0359071921279591,0.0,0.9169785976409912,88.94692397117615,1.5530760288238525,0.04423822835087776,4.291108150035143,1.4303693833450477,0.35793272094702566,-3.0729193687438965,-3.0370121002197266,0.9031563997268677,87.60617077350616,0.6061707735061646,0.04320613667368889,4.190995257347822,1.3969984191159408,0.3343259486463683,-3.0976054668426514,-1.4771174192428589,-2.406904035115903,-0.023606772300657393
6ZwYgzcN6Is_2,6ZwYgzcN6Is,A woman laughs while waves crash,2-5s,97.0,3.0,0.030927835051546393,4,0.07413875311613083,7.19145905226469,0.635500967502594,0.04276237636804581,61.64359384775162,4.147950507700443,0.6435938477516174,0.48216583015807674,1.3826501692334812,0.3240020700225029,0.7930552959442139,1,1,0.5870380997657776,56.942695677280426,4.057304322719574,2.3971530174215636,0.8742817904700532,-2.5247858938815373,0.0,0.6346585154533386,61.561875998973846,0.5618759989738464,0.05247308686375618,5.089889425784349,1.696629808594783,0.5286438178438865,-2.893554925918579,-0.3687688410282135,0.635500967502594,61.64359384775162,0.6435938477516174,0.04276237636804581,4.147950507700443,1.3826501692334812,0.3240020700225029,-3.1083929538726807,-1.2001985311508179,-0.3456379726261666,-0.20464174782138375
6ZwYgzcN6Is_2,6ZwYgzcN6Is,A woman laughs while waves crash,2-5s,97.0,3.0,0.030927835051546393,8,0.5322582125663757,51.629046618938446,0.5400248765945435,0.034798599779605865,52.382413029670715,3.375464178621769,0.38241302967071533,0.5925111019298736,1.1251547262072563,0.11792056060584413,0.8045868277549744,1,1,0.47813287377357483,46.37888875603676,5.621111243963242,17.209682206312817,2.845472144411632,0.12921232615624365,0.0,0.5489525198936462,53.248394429683685,1.2483944296836853,0.031967643648386,3.100861433893442,1.0336204779644806,0.033067666122076726,-3.410541296005249,-3.5397536754608154,0.5400248765945435,52.382413029670715,0.38241302967071533,0.034798599779605865,3.375464178621769,1.1251547262072563,0.11792056060584413,-3.3227596282958984,-1.3900326490402222,-2.8124044782895554,0.08485289448376725
6i5eQOpFk_U_1,6i5eQOpFk_U,Machines,20s+,238.0,57.0,0.23949579831932774,6,0.8429434299468994,200.62053632736206,0.28845497965812683,0.20225009322166443,68.65228515863419,48.135522186756134,0.8477148413658142,0.8444828453816866,0.8444828453816866,0.16903085628377854,0.869667649269104,1,1,0.36404988169670105,86.64387184381485,17.14387184381485,3.5196585320589837,1.2583639769666426,1.6802937908532223,0.0,0.3064934015274048,72.94542956352234,3.445429563522339,0.1965840756893158,46.78701001405716,0.8208247370887221,0.1974456672411082,-1.4077823162078857,-3.088076114654541,0.28845497965812683,68.65228515863419,0.8477148413658142,0.20225009322166443,48.135522186756134,0.8444828453816866,0.16903085628377854,-1.3722901344299316,-1.8648508787155151,-1.4558096442077508,0.02841481095732951
6i5eQOpFk_U_2,6i5eQOpFk_U,Something gets stirred,10-20s,238.0,12.0,0.05042016806722689,7,0.8412365913391113,200.2143087387085,0.1033114641904831,0.04599858820438385,24.588128477334976,10.947663992643356,0.5881284773349762,0.9024821083406052,0.9123053327202797,0.0917805502895992,0.10021400451660156,1,1,0.27036458253860474,64.34677064418793,40.34677064418793,16.684525728225708,2.8144816867604234,1.6674578436475704,0.0,0.17370526492595673,41.3418530523777,17.3418530523777,0.034402672201395035,8.187835983932018,0.6823196653276682,0.3822570134631547,-3.3346126079559326,-5.002070426940918,0.1033114641904831,24.588128477334976,0.5881284773349762,0.04599858820438385,10.947663992643356,0.9123053327202797,0.0917805502895992,-3.0320544242858887,-1.32500159740448,-3.196738700223578,0.2904764631735556
79XDcI6xZm0_1,79XDcI6xZm0,"Cheers erupt, applause rings out, and a crowd murmurs",10-20s,176.0,19.0,0.10795454545454546,7,0.8412365913391113,148.0576400756836,0.26133275032043457,0.03189355507493019,45.994564056396484,5.613265693187714,0.5054359436035156,0.8018950990268162,0.2954350364835639,1.219306309000147,0.9084849953651428,1,1,0.27036458253860474,47.584166526794434,1.0841665267944336,7.792507372404399,2.0531626787486603,1.6674578436475704,0.0,0.22288177907466888,39.227193117141724,7.272806882858276,0.03529050946235657,6.211129665374756,0.32690156133551346,1.1180961890764296,-3.308212995529175,-4.97567081451416,0.26133275032043457,45.994564056396484,0.5054359436035156,0.03189355507493019,5.613265693187714,0.2954350364835639,1.219306309000147,-3.412938117980957,-1.8791241645812988,-3.17125886782509,-0.10121011992371753
79XDcI6xZm0_2,79XDcI6xZm0,"Cheers erupt, a crowd murmurs, and a trumpet sounds",5-10s,176.0,9.0,0.05113636363636364,6,0.8429434299468994,148.3580436706543,0.35389307141304016,0.04283485189080238,62.28518056869507,7.5389339327812195,0.28518056869506836,0.26528949820126246,0.8376593258645799,0.17714379353791454,0.4966154992580414,1,1,0.36404988169670105,64.07277917861938,2.0727791786193848,16.484227074517143,2.8024039888316503,1.6802937908532223,0.0,0.35414019227027893,62.32867383956909,0.3286738395690918,0.03435646370053291,6.046737611293793,0.6718597345881991,0.3977056885371394,-3.3360044956207275,-5.016298294067383,0.35389307141304016,62.28518056869507,0.28518056869506836,0.04283485189080238,7.5389339327812195,0.8376593258645799,0.17714379353791454,-3.106623888015747,-1.4157671928405762,-3.20010967736879,0.22056189499922485
7JWHbs3gu1w_3,7JWHbs3gu1w,A motorcycle engine rumbles,5-10s,296.0,5.0,0.016891891891891893,5,0.4456096887588501,131.90046787261963,0.8431424498558044,0.15326857566833496,249.57016515731812,45.36749839782715,0.9298348426818848,0.11021105806088423,9.07349967956543,2.205358041917509,0.7179144024848938,1,1,0.6909807920455933,204.5303144454956,45.969685554504395,26.380093574523926,3.272609694459675,-0.2184255400548803,0.0,0.8124241828918457,240.47755813598633,10.022441864013672,0.1759798675775528,52.09004080295563,10.418008160591125,2.3435358626391767,-1.543825387954712,-1.3253997564315796,0.8431424498558044,249.57016515731812,0.9298348426818848,0.15326857566833496,45.36749839782715,9.07349967956543,2.205358041917509,-1.7091917991638184,-0.9404677748680115,-0.9290738318204986,-0.13817782072166737
7MLERaOgK_Y_1,7MLERaOgK_Y,Machinery runs,20s+,299.0,38.0,0.12709030100334448,1,0.3227500021457672,96.5022506415844,0.42893773317337036,0.07000657171010971,128.25238221883774,20.931964941322803,0.747617781162262,0.7643811770587111,0.5508411826663896,0.5963087461020805,0.965193510055542,1,1,0.44674772024154663,133.57756835222244,4.577568352222443,2.539532911620642,0.9319801710573035,-0.7411624414217115,0.0,0.3910704553127289,116.93006613850594,12.069933861494064,0.06244479492306709,18.67099368199706,0.4913419389999227,0.7106149801291336,-2.7089927196502686,-1.9678303003311157,0.42893773317337036,128.25238221883774,0.747617781162262,0.07000657171010971,20.931964941322803,0.5508411826663896,0.5963087461020805,-2.5865883827209473,-1.274208903312683,-1.6425951511864372,0.11430623402705294
7MLERaOgK_Y_1,7MLERaOgK_Y,Machinery runs,20s+,299.0,38.0,0.12709030100334448,6,0.8429434299468994,252.04008555412292,0.2537842094898224,0.04117570072412491,75.8814786374569,12.311534516513348,0.6185213625431061,0.7242079127360793,0.3239877504345618,1.1270495712052568,0.8325072526931763,1,1,0.36404988169670105,108.85091462731361,20.149085372686386,6.632633830371656,1.8920019847940188,1.6802937908532223,0.0,0.29111725091934204,87.04405802488327,10.54405802488327,0.039657093584537506,11.857470981776714,0.31203871004675565,1.1646280282061043,-3.1870205402374268,-4.867314338684082,0.2537842094898224,75.8814786374569,0.6185213625431061,0.04117570072412491,12.311534516513348,0.3239877504345618,1.1270495712052568,-3.147859573364258,-1.4950636625289917,-3.056630013000123,0.03757845700084751
7MLERaOgK_Y_1,7MLERaOgK_Y,Machinery runs,20s+,299.0,38.0,0.12709030100334448,7,0.8412365913391113,251.5297408103943,0.25448548793792725,0.059303659945726395,76.09116089344025,17.731794323772192,0.4088391065597534,0.953997730218306,0.46662616641505766,0.7622268420664894,0.9662530422210693,1,1,0.27036458253860474,80.83901017904282,4.339010179042816,6.619203705536692,1.8899750765412497,1.6674578436475704,0.0,0.21517564356327057,64.3375174254179,12.1624825745821,0.05225415155291557,15.623991314321756,0.411157666166362,0.8887785220711489,-2.8979671001434326,-4.565424919128418,0.25448548793792725,76.09116089344025,0.4088391065597534,0.059303659945726395,17.731794323772192,0.46662616641505766,0.7622268420664894,-2.763949394226074,-1.4154728651046753,-2.778753598612399,0.1265516800046595
7MLERaOgK_Y_3,7MLERaOgK_Y,A child sings while running a machine,10-20s,299.0,11.0,0.03678929765886288,1,0.3227500021457672,96.5022506415844,0.26599594950675964,0.042038366198539734,79.53278890252113,12.56947149336338,0.03278890252113342,0.8751362382903646,1.1426792266693981,0.13337570384137634,0.39328691363334656,1,1,0.44674772024154663,133.57756835222244,54.07756835222244,8.772931876507672,2.1716710579853187,-0.7411624414217115,0.0,0.34679150581359863,103.69066023826599,24.19066023826599,0.04457002133131027,13.326436378061771,1.2114942161874338,0.19185448717095804,-3.0650999546051025,-2.32393741607666,0.26599594950675964,79.53278890252113,0.03278890252113342,0.042038366198539734,12.56947149336338,1.1426792266693981,0.13337570384137634,-3.126224994659424,-1.3335822820663452,-1.9798165708143607,-0.058478783329581584
7MLERaOgK_Y_3,7MLERaOgK_Y,A child sings while running a machine,10-20s,299.0,11.0,0.03678929765886288,6,0.8429434299468994,252.04008555412292,0.26551002264022827,0.0461658351123333,79.38749676942825,13.803584698587656,0.11250323057174683,0.796894447362321,1.2548713362352415,0.22703304640002323,0.0770123079419136,1,1,0.36404988169670105,108.85091462731361,29.350914627313614,22.91273505037481,3.131692871722034,1.6802937908532223,0.0,0.2949095070362091,88.17794260382652,8.677942603826523,0.05390254780650139,16.116861794143915,1.4651692540130832,0.38197076754529685,-2.8651678562164307,-4.545461654663086,0.26551002264022827,79.38749676942825,0.11250323057174683,0.0461658351123333,13.803584698587656,1.2548713362352415,0.22703304640002323,-3.028249740600586,-1.5515916347503662,-2.7497221041767372,-0.1549377211452737
7P0N61TVOxE_1,7P0N61TVOxE,A woman is talking as the wind blows,10-20s,299.0,15.0,0.05016722408026756,4,0.07413875311613083,22.167487181723118,0.0698133334517479,0.01754082180559635,20.87418670207262,5.244705719873309,0.3741867020726204,0.34964704799155394,0.34964704799155394,1.0508310676205,0.013890127651393414,1,1,0.5870380997657776,175.5243918299675,155.0243918299675,1.4778324787815411,0.3905764729232563,-2.5247858938815373,0.0,0.677058756351471,202.4405681490898,181.9405681490898,0.03814985603094101,11.406806953251362,0.7604537968834241,0.2738399227333296,-3.2273366451263428,-0.7025507092475891,0.0698133334517479,20.87418670207262,0.3741867020726204,0.01754082180559635,5.244705719873309,0.34964704799155394,1.0508310676205,-4.0255279541015625,-1.6180305480957031,-0.664416395656586,-0.7769911448871704
7XXSOzDQ2z0_1,7XXSOzDQ2z0,Engines rumble in the background as a man speaks,10-20s,297.0,12.0,0.04040404040404041,0,0.18933655321598053,56.23295630514622,0.7407994270324707,0.09359412640333176,220.0174298286438,27.79745554178953,0.5174298286437988,0.17987257835463427,2.316454628482461,0.8400378394459567,0.791130781173706,1,1,0.6764324307441711,200.90043193101883,0.9004319310188293,4.686079692095518,1.5445963463634287,-1.4543268461844807,0.0,0.7504458427429199,222.88241529464722,3.382415294647217,0.07805737107992172,23.18303921073675,1.9319199342280626,0.6585142930206459,-2.469038963317871,-1.0147119760513306,0.7407994270324707,220.0174298286438,0.5174298286437988,0.09359412640333176,27.79745554178953,2.316454628482461,0.8400378394459567,-2.270519495010376,-0.8592540621757507,-0.8860820533427828,0.1815235464253109
7bO0AJI-ihs_1,7bO0AJI-ihs,Hooves clatter as someone talks,2-5s,65.0,3.0,0.046153846153846156,0,0.18933655321598053,12.306875959038734,0.6950615048408508,0.02344047650694847,45.178997814655304,1.5236309729516506,0.821002185344696,0.3642585039570327,0.5078769909838835,0.677516004457695,0.5851737856864929,1,1,0.6764324307441711,43.968107998371124,2.0318920016288757,4.102291986346245,1.411545838576257,-1.4543268461844807,0.0,0.7463972568511963,48.51582169532776,2.515821695327759,0.028468016535043716,1.8504210747778416,0.6168070249259472,0.4831990674886221,-3.53009295463562,-2.075766086578369,0.6950615048408508,45.178997814655304,0.821002185344696,0.02344047650694847,1.5236309729516506,0.5078769909838835,0.677516004457695,-3.7295713424682617,-1.4481168985366821,-1.8947449060648789,-0.1943169369690728
7bO0AJI-ihs_2,7bO0AJI-ihs,Hooves clatter as an engine runs,2-5s,65.0,4.0,0.06153846153846154,8,0.5322582125663757,34.59678381681442,0.5049209594726562,0.07177697867155075,32.819862365722656,4.665503613650799,0.18013763427734375,0.8573565323787122,1.1663759034126997,0.15390142311912847,0.9408106207847595,1,1,0.47813287377357483,31.078636795282364,1.921363204717636,8.649195954203606,2.1574663633521056,0.12921232615624365,0.0,0.49656572937965393,32.276772409677505,0.7232275903224945,0.05487094074487686,3.566611148416996,0.891652787104249,0.11467847430568279,-2.8463375568389893,-2.9755499362945557,0.5049209594726562,32.819862365722656,0.18013763427734375,0.07177697867155075,4.665503613650799,1.1663759034126997,0.15390142311912847,-2.5597081184387207,-1.3579045534133911,-2.2721448376577884,0.26857989742481125
7upINC4seBw_1,7upINC4seBw,"While a man speaks, something crashes",2-5s,182.0,3.0,0.016483516483516484,1,0.3227500021457672,58.74050039052963,0.4274221658706665,0.0391799621284008,77.7908341884613,7.130753107368946,0.2091658115386963,0.2804752835900591,2.3769177024563155,0.8658045653370857,0.9277024269104004,1,1,0.44674772024154663,81.30808508396149,3.191914916038513,19.580166796843212,2.9745171558016885,-0.7411624414217115,0.0,0.40890875458717346,74.42139333486557,3.57860666513443,0.03839239850640297,6.98741652816534,2.3291388427217803,0.8454986038620187,-3.2207469940185547,-2.4795844554901123,0.4274221658706665,77.7908341884613,0.2091658115386963,0.0391799621284008,7.130753107368946,2.3769177024563155,0.8658045653370857,-3.1996216773986816,-1.36184823513031,-2.12901855193967,0.020305961475067105
83j4GgHXTLE_2,83j4GgHXTLE,A child screams loudly,5-10s,220.0,6.0,0.02727272727272727,4,0.07413875311613083,16.310525685548782,0.6007919907569885,0.03798450902104378,132.17423796653748,8.356591984629631,0.8257620334625244,0.23933201521369254,1.3927653307716052,0.33129121741275924,0.9434226751327515,1,1,0.5870380997657776,129.14838194847107,0.14838194847106934,2.7184209475914636,1.0000511777590864,-2.5247858938815373,0.0,0.591851532459259,130.207337141037,1.2073371410369873,0.04348573461174965,9.566861614584923,1.5944769357641537,0.4665457424929621,-3.09086275100708,-0.5660768151283264,0.6007919907569885,132.17423796653748,0.8257620334625244,0.03798450902104378,8.356591984629631,1.3927653307716052,0.33129121741275924,-3.2318520545959473,-1.3688291311264038,-0.5335054352661244,-0.13525452508020297
83j4GgHXTLE_2,83j4GgHXTLE,A child screams loudly,5-10s,220.0,6.0,0.02727272727272727,5,0.4456096887588501,98.03413152694702,0.7826359868049622,0.04056810587644577,172.17991709709167,8.92498329281807,0.8200829029083252,0.4481801106808568,1.4874972154696782,0.3970949864827381,0.9280223250389099,1,1,0.6909807920455933,152.01577425003052,0.4842257499694824,16.339021921157837,2.7935562296940217,-0.2184255400548803,0.0,0.7604305744171143,167.29472637176514,0.20527362823486328,0.03526078537106514,7.757372781634331,1.2928954636057217,0.25688424857527153,-3.309086322784424,-3.090660810470581,0.7826359868049622,172.17991709709167,0.8200829029083252,0.04056810587644577,8.92498329281807,1.4874972154696782,0.3970949864827381,-3.1633591651916504,-1.4061039686203003,-2.53667198111875,0.1402107379074667
8DQfjqPCTI8_1,8DQfjqPCTI8,Birds chirp as a man talks while working with a wooden box,20s+,299.0,21.0,0.07023411371237458,4,0.07413875311613083,22.167487181723118,0.6761191487312317,0.04639982804656029,202.15962547063828,13.873548585921526,0.34037452936172485,0.21623883618674986,0.6606451707581679,0.4145383899826282,0.9244458079338074,1,1,0.5870380997657776,175.5243918299675,5.475608170032501,1.0555946277011008,0.05410423630204336,-2.5247858938815373,0.0,0.6693252921104431,200.1282623410225,2.3717376589775085,0.053454041481018066,15.982758402824402,0.7610837334678286,0.27301189633525447,-2.873997211456299,-0.349211186170578,0.6761191487312317,202.15962547063828,0.34037452936172485,0.04639982804656029,13.873548585921526,0.6606451707581679,0.4145383899826282,-3.022948741912842,-0.7902669310569763,-0.3271161326372979,-0.14152649364737369
8DQfjqPCTI8_1,8DQfjqPCTI8,Birds chirp as a man talks while working with a wooden box,20s+,299.0,21.0,0.07023411371237458,8,0.5322582125663757,159.14520555734634,0.6066600680351257,0.03792056441307068,181.3913603425026,11.338248759508133,0.391360342502594,0.5291822509158185,0.5399166075956254,0.6163405817278871,0.7791588306427002,1,1,0.47813287377357483,142.96172925829887,11.461729258298874,7.578343121778397,2.0252945902436226,0.12921232615624365,0.0,0.6040515899658203,180.61142539978027,0.38857460021972656,0.03215118497610092,9.613204307854176,0.4577716337073417,0.7813848355779422,-3.4046266078948975,-3.533838987350464,0.6066600680351257,181.3913603425026,0.391360342502594,0.03792056441307068,11.338248759508133,0.5399166075956254,0.6163405817278871,-3.2336034774780273,-1.5193747282028198,-2.8066794258215646,0.165044253850055
8GHLfJ6y6zA_2,8GHLfJ6y6zA,A man sings as music plays,5-10s,300.0,5.0,0.016666666666666666,6,0.8429434299468994,252.88302898406982,0.15302704274654388,0.03142019361257553,45.908112823963165,9.42605808377266,0.4081128239631653,0.5304444292156126,1.8852116167545319,0.6340400781291512,0.8171762228012085,1,1,0.36404988169670105,109.21496450901031,63.714964509010315,50.576605796813965,3.923489133351819,1.6802937908532223,0.0,0.1261313110589981,37.83939331769943,7.660606682300568,0.05520039424300194,16.56011827290058,3.3120236545801163,1.1975593785808771,-2.8400027751922607,-4.520296573638916,0.15302704274654388,45.908112823963165,0.4081128239631653,0.03142019361257553,9.42605808377266,1.8852116167545319,0.6340400781291512,-3.428380012512207,-1.5845175981521606,-2.7259297547709416,-0.5635193004517258
8OTd45_6cvY_2,8OTd45_6cvY,Footsteps echo and something is sprayed as rain falls,2-5s,299.0,2.0,0.006688963210702341,7,0.8412365913391113,251.5297408103943,0.11849422007799149,0.030552899464964867,35.429771803319454,9.135316940024495,0.4297718033194542,0.2189305541483093,4.567658470012248,1.5190007037994702,0.8137066960334778,1,1,0.27036458253860474,80.83901017904282,36.839010179042816,125.76487040519714,4.834414055707691,1.6674578436475704,0.0,0.10996872931718826,32.88065006583929,2.1193499341607094,0.03632960096001625,10.862550687044859,5.4312753435224295,1.692173976261862,-3.278116464614868,-4.9455742835998535,0.11849422007799149,35.429771803319454,0.4297718033194542,0.030552899464964867,9.135316940024495,4.567658470012248,1.5190007037994702,-3.457266330718994,-1.5708073377609253,-3.1422400794458283,-0.17317327246239184
8OTd45_6cvY_3,8OTd45_6cvY,Someone moans,5-10s,299.0,6.0,0.020066889632107024,0,0.18933655321598053,56.61162941157818,0.6887293457984924,0.05099666118621826,205.93007439374924,15.24800169467926,0.9300743937492371,0.3934941850179411,2.5413336157798767,0.9326889888248698,0.2179330736398697,1,1,0.6764324307441711,202.25329679250717,2.7467032074928284,9.435271568596363,2.244454961511361,-1.4543268461844807,0.0,0.7209453582763672,215.5626621246338,10.562662124633789,0.03332981839776039,9.965615700930357,1.6609359501550596,0.5073812688732495,-3.3674049377441406,-1.9130781888961792,0.6887293457984924,205.93007439374924,0.9300743937492371,0.05099666118621826,15.24800169467926,2.5413336157798767,0.9326889888248698,-2.923652172088623,-0.6631826758384705,-1.7370736926381114,0.4253077199516205
8OTd45_6cvY_3,8OTd45_6cvY,Someone moans,5-10s,299.0,6.0,0.020066889632107024,7,0.8412365913391113,251.5297408103943,0.17368315160274506,0.05569339543581009,51.93126232922077,16.652325235307217,0.4312623292207718,0.1801550208519365,2.7753875392178693,1.0207903912199228,0.8945234417915344,1,1,0.27036458253860474,80.83901017904282,5.160989820957184,41.92162346839905,3.7358017670395807,1.6674578436475704,0.0,0.1435515135526657,42.92190255224705,8.578097447752953,0.05134847015142441,15.353192575275898,2.55886542921265,0.9395639685391881,-2.9164063930511475,-4.583864212036133,0.17368315160274506,51.93126232922077,0.4312623292207718,0.05569339543581009,16.652325235307217,2.7753875392178693,1.0207903912199228,-2.8305892944335938,-1.5707707405090332,-2.7962377985003926,0.08122642268073475
8OTd45_6cvY_4,8OTd45_6cvY,A door opens and closes,2-5s,299.0,4.0,0.013377926421404682,1,0.3227500021457672,96.5022506415844,0.4828680753707886,0.03789138421416283,144.37755453586578,11.329523880034685,0.8775545358657837,0.08826496246344807,2.8323809700086713,1.041117690092171,0.767244815826416,1,1,0.44674772024154663,133.57756835222244,9.922431647777557,24.1255626603961,3.1832719696637986,-0.7411624414217115,0.0,0.44976672530174255,134.48025086522102,9.019749134778976,0.03266363963484764,9.766428250819445,2.441607062704861,0.8926564547581671,-3.3882837295532227,-2.6471211910247803,0.4828680753707886,144.37755453586578,0.8775545358657837,0.03789138421416283,11.329523880034685,2.8323809700086713,1.041117690092171,-3.234403610229492,-0.9562300443649292,-2.2906155149056313,0.148461235334004
8b9z7N25DmU_1,8b9z7N25DmU,Engine noise fills the air as steam hisses,2-5s,268.0,2.0,0.007462686567164179,6,0.8429434299468994,225.90883922576904,0.25878244638442993,0.04541565105319023,69.35369563102722,12.171394482254982,0.3536956310272217,0.16431970904532395,6.085697241127491,1.8059413034623906,0.8975453972816467,1,1,0.36404988169670105,97.56536829471588,28.56536829471588,112.95441961288452,4.726984371080629,1.6802937908532223,0.0,0.25308677554130554,67.82725584506989,1.1727441549301147,0.03900330886244774,10.452886775135994,5.226443387567997,1.6537310061263537,-3.20432448387146,-4.884618282318115,0.25878244638442993,69.35369563102722,0.3536956310272217,0.04541565105319023,12.171394482254982,6.085697241127491,1.8059413034623906,-3.045419216156006,-1.4925845861434937,-3.0732533649542755,0.1522102973360369
8o-Y4QP8LWs_1,8o-Y4QP8LWs,A man talks as music plays,20s+,300.0,30.0,0.1,1,0.3227500021457672,96.82500064373016,0.06267843395471573,0.030466709285974503,18.80353018641472,9.14001278579235,0.19646981358528137,0.304667092859745,0.304667092859745,1.1885355973138858,0.3508315980434418,1,1,0.44674772024154663,134.024316072464,115.02431607246399,3.227500021457672,1.1717078503870484,-0.7411624414217115,0.0,0.29115554690361023,87.34666407108307,68.34666407108307,0.03502679243683815,10.508037731051445,0.3502679243683815,1.0490569191476071,-3.3159871101379395,-2.574824571609497,0.06267843395471573,18.80353018641472,0.19646981358528137,0.030466709285974503,9.14001278579235,0.304667092859745,1.1885355973138858,-3.4601802825927734,-1.274017333984375,-2.2207647695346555,-0.1394786781662786
8o-Y4QP8LWs_3,8o-Y4QP8LWs,Machinery runs,20s+,300.0,134.0,0.44666666666666666,2,0.5923634171485901,177.70902514457703,0.9891912341117859,0.016592111438512802,296.75737023353577,4.977633431553841,0.2573702335357666,0.7110904902219772,0.037146518145924186,3.2928852364119896,0.012291202321648598,1,1,0.7359917759895325,220.79753279685974,12.797532796859741,1.3261867548102764,0.28230772257827785,0.3737442776905129,0.0,0.9756263494491577,292.6879048347473,3.8120951652526855,0.035950757563114166,10.78522726893425,0.08048677066368844,2.5196624476443583,-3.288992166519165,-3.662736415863037,0.9891912341117859,296.75737023353577,0.2573702335357666,0.016592111438512802,4.977633431553841,0.037146518145924186,3.2928852364119896,-4.082096576690674,-0.9848030209541321,-2.801970170222636,-0.7732227887676314
8ycflE3dIHw_2,8ycflE3dIHw,A train blows its whistle,2-5s,299.0,2.0,0.006688963210702341,4,0.07413875311613083,22.167487181723118,0.5563843250274658,0.01658053882420063,166.35891318321228,4.957581108435988,0.3589131832122803,0.4034225474590284,2.478790554217994,0.9077707614716364,0.9692106246948242,1,1,0.5870380997657776,175.5243918299675,9.524391829967499,11.083743590861559,2.405479493465521,-2.5247858938815373,0.0,0.5455946326255798,163.13279515504837,2.8672048449516296,0.015496378764510155,4.633417250588536,2.316708625294268,0.8401474823823909,-4.151531219482422,-1.6267452239990234,0.5563843250274658,166.35891318321228,0.3589131832122803,0.01658053882420063,4.957581108435988,2.478790554217994,0.9077707614716364,-4.08280611038208,-1.3839446306228638,-1.5653320110831301,0.06762327908924538
9F3sutgYTvo_1,9F3sutgYTvo,People chat as a child screams,2-5s,69.0,4.0,0.057971014492753624,0,0.18933655321598053,13.064222171902657,0.7652267813682556,0.05235665291547775,52.80064791440964,3.612609051167965,0.30064791440963745,0.8304247588124968,0.9031522627919912,0.10186412096244049,0.8815011978149414,1,1,0.6764324307441711,46.67383772134781,1.6738377213478088,3.266055542975664,1.1835830008260981,-1.4543268461844807,0.0,0.7205577492713928,49.718484699726105,2.7815153002738953,0.045775845646858215,3.158533349633217,0.7896333374083042,0.23618657112557945,-3.037142038345337,-1.582815170288086,0.7652267813682556,52.80064791440964,0.30064791440963745,0.05235665291547775,3.612609051167965,0.9031522627919912,0.10186412096244049,-2.8958992958068848,-1.1061683893203735,-1.4197695719516776,0.13432245016313904
9F3sutgYTvo_1,9F3sutgYTvo,People chat as a child screams,2-5s,69.0,4.0,0.057971014492753624,5,0.4456096887588501,30.747068524360657,0.7612317800521851,0.06084046885371208,52.52499282360077,4.197992350906134,0.024992823600769043,0.714627314495333,1.0494980877265334,0.04831203819640794,0.8970479965209961,1,1,0.6909807920455933,47.677674651145935,2.677674651145935,7.686767131090164,2.039500296047084,-0.2184255400548803,0.0,0.7726444602012634,53.31246775388718,0.8124677538871765,0.05884455144405365,4.060274049639702,1.0150685124099255,0.014956110126990767,-2.7722091674804688,-2.553783655166626,0.7612317800521851,52.52499282360077,0.024992823600769043,0.06084046885371208,4.197992350906134,1.0494980877265334,0.04831203819640794,-2.7367300987243652,-1.4290900230407715,-2.024544185920093,0.03335592806941711
9F3sutgYTvo_1,9F3sutgYTvo,People chat as a child screams,2-5s,69.0,4.0,0.057971014492753624,8,0.5322582125663757,36.725816667079926,0.5074777603149414,0.061289697885513306,35.01596546173096,4.228989154100418,0.515965461730957,0.709389381406005,1.0572472885251045,0.0556686327184179,0.925796627998352,1,1,0.47813287377357483,32.99116829037666,1.5088317096233368,9.181454166769981,2.2171855980537276,0.12921232615624365,0.0,0.4970328211784363,34.2952646613121,0.20473533868789673,0.05966043099761009,4.116569738835096,1.029142434708774,0.028725867786548998,-2.7575719356536865,-2.886784315109253,0.5074777603149414,35.01596546173096,0.515965461730957,0.061289697885513306,4.228989154100418,1.0572472885251045,0.0556686327184179,-2.7288951873779297,-1.3631489276885986,-2.1884597302671787,0.026942764931868885
9PN4gyxpH2M_1,9PN4gyxpH2M,Music is playing,10-20s,212.0,17.0,0.08018867924528301,3,0.4910241663455963,104.09712326526642,0.9608468413352966,0.06205133721232414,203.69953036308289,13.154883489012718,0.19953036308288574,0.7738166758242775,0.7738166758242775,0.25642028638670744,0.962769091129303,1,1,0.7619823217391968,161.54025220870972,41.95974779129028,6.123360192074495,1.8121109968434521,-0.0359071921279591,0.0,0.9474649429321289,200.86256790161133,2.637432098388672,0.0621069073677063,13.166664361953735,0.7745096683502197,0.25552513585875336,-2.7147786617279053,-2.6788713932037354,0.9608468413352966,203.69953036308289,0.19953036308288574,0.06205133721232414,13.154883489012718,0.7738166758242775,0.25642028638670744,-2.715733051300049,-0.860254168510437,-2.0676361327022055,-0.0008951505279540433
9PN4gyxpH2M_1,9PN4gyxpH2M,Music is playing,10-20s,212.0,17.0,0.08018867924528301,7,0.8412365913391113,178.3421573638916,0.01925952360033989,0.022535571828484535,4.083019003272057,4.7775412276387215,0.4169809967279434,0.6825058896626744,0.2810318369199248,1.269287317418779,0.016372594982385635,1,1,0.27036458253860474,57.317291498184204,52.817291498184204,10.490715139052448,2.3504905934927454,1.6674578436475704,0.0,0.1310623288154602,27.785213708877563,23.285213708877563,0.0817335993051529,17.327523052692413,1.019266061923083,0.019082821163659842,-2.41902232170105,-4.086480140686035,0.01925952360033989,4.083019003272057,0.4169809967279434,0.022535571828484535,4.7775412276387215,0.2810318369199248,1.269287317418779,-3.769866943359375,-1.9797993898391724,-2.3314077723290856,-1.2883701385824389
9U8COLzEegs_3,9U8COLzEegs,A man talks while pressing buttons as water flows,5-10s,300.0,6.0,0.02,5,0.4456096887588501,133.68290662765503,0.834696888923645,0.044422537088394165,250.4090666770935,13.32676112651825,0.5909333229064941,0.45022192136849387,2.2211268544197083,0.7980146591838545,0.7979946136474609,1,1,0.6909807920455933,207.29423761367798,24.70576238632202,22.280484437942505,3.103711157997861,-0.2184255400548803,0.0,0.8405466079711914,252.16398239135742,1.1639823913574219,0.04131588712334633,12.394766137003899,2.0657943561673164,0.7255148285541906,-3.1443145275115967,-2.925889015197754,0.834696888923645,250.4090666770935,0.5909333229064941,0.044422537088394165,13.32676112651825,2.2211268544197083,0.7980146591838545,-3.0685689449310303,-1.3587276935577393,-2.3781963294436705,0.07249983062966384
9ZZHvwaH-CU_3,9ZZHvwaH-CU,Music plays and an alarm goes off,5-10s,299.0,9.0,0.030100334448160536,0,0.18933655321598053,56.61162941157818,0.7452020049095154,0.058981265872716904,222.8153994679451,17.635398495942354,0.18460053205490112,0.34022480418463535,1.9594887217713728,0.6726835829744237,0.41667187213897705,1,1,0.6764324307441711,202.25329679250717,20.74670320749283,6.290181045730908,1.8389898534031963,-1.4543268461844807,0.0,0.716236412525177,214.15468734502792,8.845312654972076,0.034752294421195984,10.3909360319376,1.1545484479930666,0.14370931341271403,-3.32413911819458,-1.8698121309280396,0.7452020049095154,222.8153994679451,0.18460053205490112,0.058981265872716904,17.635398495942354,1.9594887217713728,0.6726835829744237,-2.7697432041168213,-0.7258637547492981,-1.6952805399904824,0.5289742695617096
9dLLsZVRSZI_1,9dLLsZVRSZI,An engine hums as a horn honks,0-2s,225.0,1.0,0.0044444444444444444,4,0.07413875311613083,16.681219451129436,0.5300706028938293,0.021873850375413895,119.2658856511116,4.921616334468126,0.7658856511116028,0.20318528142809184,4.921616334468126,1.5936369998181439,0.7592127919197083,1,1,0.5870380997657776,132.08357244729996,13.583572447299957,16.681219451129436,2.8142835028392,-2.5247858938815373,0.0,0.5509703755378723,123.96833449602127,5.468334496021271,0.018782496452331543,4.226061701774597,4.226061701774597,1.4412705196018543,-3.955868721008301,-1.4310826063156128,0.5300706028938293,119.2658856511116,0.7658856511116028,0.021873850375413895,4.921616334468126,4.921616334468126,1.5936369998181439,-3.800346851348877,-1.2060903310775757,-1.3730129832373459,0.15236648021628965
9dLLsZVRSZI_1,9dLLsZVRSZI,An engine hums as a horn honks,0-2s,225.0,1.0,0.0044444444444444444,8,0.5322582125663757,119.75809782743454,0.5291208028793335,0.018935799598693848,119.05218064785004,4.260554909706116,0.5521806478500366,0.2347112104392472,4.260554909706116,1.449399412292511,0.9118624925613403,1,1,0.47813287377357483,107.57989659905434,10.920103400945663,119.75809782743454,4.785473856780779,0.12921232615624365,0.0,0.4734733998775482,106.53151497244835,11.968485027551651,0.030976897105574608,6.969801848754287,6.969801848754287,1.9415867952082426,-3.443046808242798,-3.5722591876983643,0.5291208028793335,119.05218064785004,0.5521806478500366,0.018935799598693848,4.260554909706116,4.260554909706116,1.449399412292511,-3.9475836753845215,-1.8652085065841675,-2.8438870615725365,-0.49218738291573183
9hxFqltp3xw_1,9hxFqltp3xw,"While a woman talks, something is sprayed",5-10s,72.0,7.0,0.09722222222222222,8,0.5322582125663757,38.32259130477905,0.5411915183067322,0.39158108830451965,38.96578931808472,28.193838357925415,0.4657893180847168,0.24828119928666145,4.027691193989345,1.3931933070686935,0.9051415324211121,1,1,0.47813287377357483,34.42556691169739,4.074433088302612,5.474655900682722,1.7001294245371008,0.12921232615624365,0.0,0.5541974306106567,39.902215003967285,1.4022150039672852,0.2880334258079529,20.738406658172607,2.9626295225960866,1.0860772262130671,-0.9049543738365173,-1.034166693687439,0.5411915183067322,38.96578931808472,0.4657893180847168,0.39158108830451965,28.193838357925415,4.027691193989345,1.3931933070686935,-0.440670907497406,-0.6251059174537659,-0.6140521983240339,0.3071160808556263
9ucb5HYO8ps_1,9ucb5HYO8ps,"As women talk, someone burps",10-20s,238.0,11.0,0.046218487394957986,1,0.3227500021457672,76.8145005106926,0.3748001158237457,0.0959094911813736,89.20242756605148,22.826458901166916,0.20242756605148315,0.17523523982931558,2.0751326273788107,0.7300250684491348,0.8582409024238586,1,1,0.44674772024154663,106.3259574174881,1.8259574174880981,6.983136410062963,1.9434981582661068,-0.7411624414217115,0.0,0.3900471329689026,92.83121764659882,3.831217646598816,0.08533581346273422,20.309923604130745,1.8463566912846132,0.6132143412964862,-2.371962785720825,-1.6308003664016724,0.3748001158237457,89.20242756605148,0.20242756605148315,0.0959094911813736,22.826458901166916,2.0751326273788107,0.7300250684491348,-2.2435245513916016,-1.1667969226837158,-1.3302838169696205,0.11681072715264842
9ucb5HYO8ps_1,9ucb5HYO8ps,"As women talk, someone burps",10-20s,238.0,11.0,0.046218487394957986,5,0.4456096887588501,106.05510592460632,0.8623000979423523,0.13121014833450317,205.22742331027985,31.228015303611755,0.2274233102798462,0.12809011271162563,2.8389104821465234,1.0434203455201327,0.7414441704750061,1,1,0.6909807920455933,164.4534285068512,0.5465714931488037,9.641373265873302,2.266063553442819,-0.2184255400548803,0.0,0.8533982634544373,203.10878670215607,1.891213297843933,0.14191296696662903,33.77528613805771,3.0704805580052463,1.1218340829012052,-1.7994916439056396,-1.5810660123825073,0.8623000979423523,205.22742331027985,0.2274233102798462,0.13121014833450317,31.228015303611755,2.8389104821465234,1.0434203455201327,-1.890300989151001,-0.8040990233421326,-1.144229470541614,-0.07841373738107246
9ucb5HYO8ps_1,9ucb5HYO8ps,"As women talk, someone burps",10-20s,238.0,11.0,0.046218487394957986,9,0.6701281666755676,159.4905036687851,0.057922665029764175,0.0742192491889,13.785594277083874,17.6641813069582,0.7144057229161263,0.16983521329789866,1.6058346642689272,0.4736436614509632,0.8852426409721375,1,1,0.1608370691537857,38.279222458601,9.220777541399002,14.499136697162282,2.674089109527325,0.7087647924817356,0.0,0.06129104271531105,14.58726816624403,0.08726816624403,0.07124081254005432,16.95531338453293,1.5413921258666299,0.4326859859191177,-2.5677835941314697,-3.276548385620117,0.057922665029764175,13.785594277083874,0.7144057229161263,0.0742192491889,17.6641813069582,1.6058346642689272,0.4736436614509632,-2.523613929748535,-0.934805691242218,-2.2414031236082073,0.040957675531845504
9vZDsGjyh5M_1,9vZDsGjyh5M,Something is thrown away as an engine hums,2-5s,117.0,2.0,0.017094017094017096,0,0.18933655321598053,22.152376726269722,0.6868058443069458,0.021892031654715538,80.35628378391266,2.561367703601718,0.3562837839126587,0.7297776589387268,1.280683851800859,0.24739419448530148,0.9465658664703369,1,1,0.6764324307441711,79.14259439706802,0.8574056029319763,11.076188363134861,2.4047976115865404,-1.4543268461844807,0.0,0.6452556848526001,75.49491512775421,4.505084872245789,0.028044812381267548,3.281243048608303,1.6406215243041515,0.49507514827623317,-3.545506000518799,-2.091179132461548,0.6868058443069458,80.35628378391266,0.3562837839126587,0.021892031654715538,2.561367703601718,1.280683851800859,0.24739419448530148,-3.799497365951538,-1.7039849758148193,-1.9097224633103072,-0.2476809537909317
9vZDsGjyh5M_1,9vZDsGjyh5M,Something is thrown away as an engine hums,2-5s,117.0,2.0,0.017094017094017096,4,0.07413875311613083,8.674234114587307,0.6882644295692444,0.007348375394940376,80.5269382596016,0.859759921208024,0.526938259601593,0.429879960604012,0.429879960604012,0.8442492706533405,0.8828318119049072,1,1,0.5870380997657776,68.68345767259598,11.316542327404022,4.3371170572936535,1.4672098548725907,-2.5247858938815373,0.0,0.6665615439414978,77.98770064115524,2.012299358844757,0.014271088875830173,1.6697173984721303,0.8348586992360651,0.18049279092279782,-4.235145568847656,-1.7103594541549683,0.6882644295692444,80.5269382596016,0.526938259601593,0.007348375394940376,0.859759921208024,0.429879960604012,0.8442492706533405,-4.905900478363037,-1.627350926399231,-1.6477026457953885,-0.6637564797305427
9z8XIRyUq9Q_1,9z8XIRyUq9Q,Applause fills the air,5-10s,299.0,6.0,0.020066889632107024,5,0.4456096887588501,133.23729693889618,0.8668954968452454,0.03344471752643585,259.20175355672836,9.99997054040432,0.29824644327163696,0.5000014729841233,1.6666617567340534,0.5108226778020833,0.9676098227500916,1,1,0.6909807920455933,206.60325682163239,29.396743178367615,22.206216156482697,3.1003722567323466,-0.2184255400548803,0.0,0.8446805477142334,252.5594837665558,6.940516233444214,0.023004651069641113,6.878390669822693,1.1463984449704487,0.13662524108502994,-3.7487854957580566,-3.530359983444214,0.8668954968452454,259.20175355672836,0.29824644327163696,0.03344471752643585,9.99997054040432,1.6666617567340534,0.5108226778020833,-3.363844633102417,-0.6931234002113342,-2.9637470156473165,0.37419743671705336
A61Mry8zBwE_2,A61Mry8zBwE,Applause fills the air,10-20s,132.0,11.0,0.08333333333333333,1,0.3227500021457672,42.60300028324127,0.4506678581237793,0.03853744640946388,59.48815727233887,5.0869429260492325,0.5118427276611328,0.6358678657561541,0.4624493569135666,0.7712182265903241,0.9628517627716064,1,1,0.44674772024154663,58.970699071884155,1.0293009281158447,3.8730000257492065,1.354029407181003,-0.7411624414217115,0.0,0.41320154070854187,54.54260337352753,5.457396626472473,0.044309861958026886,5.848901778459549,0.5317183434963226,0.6316413593559758,-3.0712263584136963,-2.330063819885254,0.4506678581237793,59.48815727233887,0.5118427276611328,0.03853744640946388,5.0869429260492325,0.4624493569135666,0.7712182265903241,-3.216825246810913,-1.6983298063278198,-1.9856707665369788,-0.13957686723434828
A61Mry8zBwE_2,A61Mry8zBwE,Applause fills the air,10-20s,132.0,11.0,0.08333333333333333,6,0.8429434299468994,111.26853275299072,0.27451077103614807,0.029033705592155457,36.235421776771545,3.8324491381645203,0.7354217767715454,0.5474927340235028,0.3484044671058655,1.0543912123125505,0.94492506980896,1,1,0.36404988169670105,48.05458438396454,11.945415616035461,10.115321159362793,2.3140512209177184,1.6802937908532223,0.0,0.29059991240501404,38.35918843746185,2.859188437461853,0.04121539369225502,5.440431967377663,0.49458472430706024,0.7040368093150376,-3.1468546390533447,-4.8271484375,0.27451077103614807,36.235421776771545,0.7354217767715454,0.029033705592155457,3.8324491381645203,0.3484044671058655,1.0543912123125505,-3.5098342895507812,-2.1566267013549805,-3.018088030232756,-0.3503544029975127
A61Mry8zBwE_2,A61Mry8zBwE,Applause fills the air,10-20s,132.0,11.0,0.08333333333333333,7,0.8412365913391113,111.0432300567627,0.2618769109249115,0.036002155393362045,34.56775224208832,4.75228451192379,0.9322477579116821,0.6788977874176843,0.43202586472034454,0.839269820492451,0.9671014547348022,1,1,0.27036458253860474,35.688124895095825,0.1881248950958252,10.094839096069336,2.3120243126649496,1.6674578436475704,0.0,0.2123979777097702,28.036533057689667,7.463466942310333,0.03646804392337799,4.813781797885895,0.4376165270805359,0.8264122610360428,-3.2741692066192627,-4.941627025604248,0.2618769109249115,34.56775224208832,0.9322477579116821,0.036002155393362045,4.75228451192379,0.43202586472034454,0.839269820492451,-3.2875101566314697,-1.746019721031189,-3.138436573700992,-0.012857559456408332
A61Mry8zBwE_2,A61Mry8zBwE,Applause fills the air,10-20s,132.0,11.0,0.08333333333333333,8,0.5322582125663757,70.2580840587616,0.4542076289653778,0.04035428166389465,59.95540702342987,5.326765179634094,0.044592976570129395,0.6658456474542618,0.48425137996673584,0.7251511270001023,0.9227476716041565,1,1,0.47813287377357483,63.11353933811188,3.1135393381118774,6.387098550796509,1.8542801043643593,0.12921232615624365,0.0,0.4961633086204529,65.49355673789978,5.49355673789978,0.04964593052864075,6.553262829780579,0.595751166343689,0.5179322052314899,-2.951918125152588,-3.0811305046081543,0.4542076289653778,59.95540702342987,0.044592976570129395,0.04035428166389465,5.326765179634094,0.48425137996673584,0.7251511270001023,-3.1688666343688965,-2.043721914291382,-2.372212309595849,-0.20721892176861245
A61Mry8zBwE_3,A61Mry8zBwE,"While a man speaks, a large group laughs",10-20s,132.0,10.0,0.07575757575757576,4,0.07413875311613083,9.78631541132927,0.6524040102958679,0.052675724029541016,86.11732935905457,6.953195571899414,0.8826706409454346,0.7888162944724859,0.6953195571899414,0.36338374457255224,0.9066808223724365,1,1,0.5870380997657776,77.48902916908264,9.510970830917358,0.9786315411329269,0.02160006977289485,-2.5247858938815373,0.0,0.6653735637664795,87.8293104171753,0.829310417175293,0.043857112526893616,5.789138853549957,0.5789138853549958,0.546601542427368,-3.081970453262329,-0.5571845173835754,0.6524040102958679,86.11732935905457,0.8826706409454346,0.052675724029541016,6.953195571899414,0.6953195571899414,0.36338374457255224,-2.889486789703369,-0.8579563498497009,-0.5250014726544733,0.1832177978548159
AKHZMg9ba30_1,AKHZMg9ba30,A man talks as people chat and laugh and a horse gallops,10-20s,115.0,13.0,0.11304347826086956,7,0.8412365913391113,96.7422080039978,0.24378293752670288,0.11612126976251602,28.03503781557083,13.353946022689342,0.4649621844291687,0.9318333978637855,1.0272266171299493,0.02686256593282327,0.8993722796440125,1,1,0.27036458253860474,31.091926991939545,2.5919269919395447,7.441708307999831,2.0071004337786627,1.6674578436475704,0.0,0.21876278519630432,25.157720297574997,3.342279702425003,0.07919246703386307,9.107133708894253,0.7005487468380195,0.35589132699239123,-2.4533698558807373,-4.120827674865723,0.24378293752670288,28.03503781557083,0.4649621844291687,0.11612126976251602,13.353946022689342,1.0272266171299493,0.02686256593282327,-2.0296847820281982,-1.492422103881836,-2.3629917607710538,0.3827538929252147
AWGnTI0e2Fs_2,AWGnTI0e2Fs,A helicopter whirs overhead,20s+,300.0,66.0,0.22,1,0.3227500021457672,96.82500064373016,0.39705634117126465,0.20988188683986664,119.1169023513794,62.96456605195999,0.8830976486206055,0.2858750743258666,0.9540085765448484,0.047082617485321526,0.4222600758075714,1,1,0.44674772024154663,134.024316072464,14.02431607246399,1.467045464298942,0.3832504900227783,-0.7411624414217115,0.0,0.44483038783073425,133.44911634922028,13.449116349220276,0.1343899816274643,40.31699448823929,0.6108635528521105,0.4928816625039844,-1.8626885414123535,-1.1215261220932007,0.39705634117126465,119.1169023513794,0.8830976486206055,0.20988188683986664,62.96456605195999,0.9540085765448484,0.047082617485321526,-1.3256374597549438,-0.9681475758552551,-0.8761321525267627,0.44579904501866285
AagLJkfrFMk_1,AagLJkfrFMk,Water drains and flows,5-10s,78.0,8.0,0.10256410256410256,6,0.8429434299468994,65.74958753585815,0.3221532106399536,0.048024654388427734,25.127950429916382,3.7459230422973633,0.8720495700836182,0.4682403802871704,0.4682403802871704,0.7587734818365712,0.9731624722480774,1,1,0.36404988169670105,28.395890772342682,2.395890772342682,8.21869844198227,2.106411856139474,1.6802937908532223,0.0,0.2771158516407013,21.6150364279747,4.384963572025299,0.03840920701622963,2.995918147265911,0.3744897684082389,0.9821907970703385,-3.22029185295105,-4.900585651397705,0.3221532106399536,25.127950429916382,0.8720495700836182,0.048024654388427734,3.7459230422973633,0.4682403802871704,0.7587734818365712,-2.9868245124816895,-1.329955816268921,-3.0886026532098123,0.22341731523376732
AgaiowyYt88_1,AgaiowyYt88,Something bumps into something else,20s+,70.0,23.0,0.32857142857142857,8,0.5322582125663757,37.2580748796463,0.3340732157230377,0.029942378401756287,23.38512510061264,2.09596648812294,0.8851251006126404,0.09112897774447566,0.09112897774447566,2.3954794380891347,0.8467673063278198,1,1,0.47813287377357483,33.46930116415024,10.969301164150238,1.6199162991150566,0.4823744806965683,0.12921232615624365,0.0,0.3418049216270447,23.926344513893127,1.4263445138931274,0.023816190659999847,1.6671333461999893,0.07248405853043431,2.6243886236380107,-3.713285207748413,-3.8424975872039795,0.3340732157230377,23.38512510061264,0.8851251006126404,0.029942378401756287,2.09596648812294,0.09112897774447566,2.3954794380891347,-3.4780807495117188,-1.3011735677719116,-3.1067631043345787,0.22890918554887577
Aj_VMUSNjNM_2,Aj_VMUSNjNM,An engine starts,0-2s,150.0,1.0,0.006666666666666667,0,0.18933655321598053,28.40048298239708,0.04365760460495949,0.01814519613981247,6.548640690743923,2.7217794209718704,0.04864069074392319,0.36740670176826024,2.7217794209718704,1.0012858652998127,0.009875116869807243,1,1,0.6764324307441711,101.46486461162567,94.96486461162567,28.40048298239708,3.346406151444985,-1.4543268461844807,0.0,0.6333821415901184,95.00732123851776,88.50732123851776,0.06737755984067917,10.106633976101875,10.106633976101875,2.3131920375462665,-2.627688407897949,-1.1733615398406982,0.04365760460495949,6.548640690743923,0.04864069074392319,0.01814519613981247,2.7217794209718704,2.7217794209718704,1.0012858652998127,-3.991037607192993,-2.1203510761260986,-1.033214113898719,-1.3119061722464533
Aj_VMUSNjNM_2,Aj_VMUSNjNM,An engine starts,0-2s,150.0,1.0,0.006666666666666667,9,0.6701281666755676,100.51922500133514,0.043497100472450256,0.029139511287212372,6.5245650708675385,4.370926693081856,0.024565070867538452,0.2287844363948642,4.370926693081856,1.4749750445398657,0.9759773015975952,1,1,0.1608370691537857,24.125560373067856,17.625560373067856,100.51922500133514,4.6103490027504765,0.7087647924817356,0.0,0.016871444880962372,2.5307167321443558,3.9692832678556442,0.028462490066885948,4.269373510032892,4.269373510032892,1.4514670975144015,-3.5302927494049072,-4.239057540893555,0.043497100472450256,6.5245650708675385,0.024565070867538452,0.029139511287212372,4.370926693081856,4.370926693081856,1.4749750445398657,-3.5060877799987793,-0.8791497349739075,-3.158881905236075,0.0235079470254642
AtkD-3GjXMw_1,AtkD-3GjXMw,A man's voice echoes with effects,2-5s,132.0,2.0,0.015151515151515152,9,0.6701281666755676,88.45691800117493,0.009303057566285133,0.022417748346924782,1.2280035987496376,2.959142781794071,0.2280035987496376,0.6758714085392793,1.4795713908970356,0.39175244508838375,0.9728707075119019,1,1,0.1608370691537857,21.230493128299713,20.230493128299713,44.22845900058746,3.789368450680646,0.7087647924817356,0.0,0.02307218126952648,3.0455279275774956,2.0455279275774956,0.04224808141589165,5.5767467468976974,2.7883733734488487,1.0254584055416398,-3.121029853820801,-3.8297946453094482,0.009303057566285133,1.2280035987496376,0.2280035987496376,0.022417748346924782,2.959142781794071,1.4795713908970356,0.39175244508838375,-3.7752294540405273,-1.5527671575546265,-2.7639100451390064,-0.633705960453256
Axd__X2rixk_2,Axd__X2rixk,Leaves crunch as a man talks,5-10s,267.0,5.0,0.018726591760299626,0,0.18933655321598053,50.5528597086668,0.6812801957130432,0.04001712426543236,181.90181225538254,10.68457217887044,0.9018122553825378,0.3743715642550767,2.136914435774088,0.7593629361222569,0.9386420249938965,1,1,0.6764324307441711,180.6074590086937,0.39254099130630493,10.11057194173336,2.3135816033148786,-1.4543268461844807,0.0,0.6920891404151917,184.78780049085617,3.7878004908561707,0.03915351256728172,10.45398785546422,2.090797571092844,0.7375456061440954,-3.200324535369873,-1.745997667312622,0.6812801957130432,181.90181225538254,0.9018122553825378,0.04001712426543236,10.68457217887044,2.136914435774088,0.7593629361222569,-3.177608013153076,-1.4746018648147583,-1.5760359971707831,0.021817329978161597
Axd__X2rixk_2,Axd__X2rixk,Leaves crunch as a man talks,5-10s,267.0,5.0,0.018726591760299626,5,0.4456096887588501,118.97778689861298,0.8218094110488892,0.038393568247556686,219.4231127500534,10.251082722097635,0.9231127500534058,0.4877533559671511,2.050216544419527,0.7179454189958703,0.7424997091293335,1,1,0.6909807920455933,184.4918714761734,3.491871476173401,23.795557379722595,3.1694988985358643,-0.2184255400548803,0.0,0.8300421237945557,221.62124705314636,3.1212470531463623,0.03177381306886673,8.483608089387417,1.6967216178774833,0.5286979291168932,-3.416823387145996,-3.1983978748321533,0.8218094110488892,219.4231127500534,0.9231127500534058,0.038393568247556686,10.251082722097635,2.050216544419527,0.7179454189958703,-3.220715284347534,-1.202512264251709,-2.640800969418971,0.18924748987897724
B4SZwi9Ce3o_3,B4SZwi9Ce3o,Tires screech as an engine roars,5-10s,116.0,7.0,0.0603448275862069,8,0.5322582125663757,61.741952657699585,0.4857132136821747,0.030647678300738335,56.34273278713226,3.555130682885647,0.15726721286773682,0.5078758118408067,0.5078758118408067,0.6775183261703668,0.9649065136909485,1,1,0.47813287377357483,55.46341335773468,1.0365866422653198,8.82027895109994,2.17705349662741,0.12921232615624365,0.0,0.4781356155872345,55.4637314081192,1.0362685918807983,0.02889714203774929,3.3520684763789177,0.47886692519698826,0.736332538130139,-3.5146896839141846,-3.643902063369751,0.4857132136821747,56.34273278713226,0.15726721286773682,0.030647678300738335,3.555130682885647,0.5078758118408067,0.6775183261703668,-3.454071283340454,-1.7331041097640991,-2.9133860347575493,0.058814211959772295
BA-lFjpzad4_1,BA-lFjpzad4,An engine runs as a woman speaks,2-5s,64.0,4.0,0.0625,5,0.4456096887588501,28.519020080566406,0.8683574199676514,0.08369001746177673,55.57487487792969,5.356161117553711,0.5748748779296875,0.37340176221462296,1.3390402793884277,0.29195314795071114,0.9490902423858643,1,1,0.6909807920455933,44.22277069091797,10.777229309082031,7.129755020141602,1.9642768748094963,-0.2184255400548803,0.0,0.8674964904785156,55.519775390625,0.519775390625,0.05698972940444946,3.6473426818847656,0.9118356704711914,0.0922954910300844,-2.806206226348877,-2.587780714035034,0.8683574199676514,55.57487487792969,0.5748748779296875,0.08369001746177673,5.356161117553711,1.3390402793884277,0.29195314795071114,-2.393234968185425,-0.6353628039360046,-2.056572365839581,0.3842486389807955
BA-lFjpzad4_1,BA-lFjpzad4,An engine runs as a woman speaks,2-5s,64.0,4.0,0.0625,7,0.8412365913391113,53.839141845703125,0.13320766389369965,0.09965052455663681,8.525290489196777,6.377633571624756,0.5252904891967773,0.627191881608991,1.594408392906189,0.46650275389292745,0.9639481902122498,1,1,0.27036458253860474,17.303333282470703,7.696666717529297,13.459785461425781,2.5997063851167304,1.6674578436475704,0.0,0.14355958998203278,9.187813758850098,1.1878137588500977,0.06894590705633163,4.412538051605225,1.1031345129013062,0.0981556846955936,-2.6029951572418213,-4.270452976226807,0.13320766389369965,8.525290489196777,0.5252904891967773,0.09965052455663681,6.377633571624756,1.594408392906189,0.46650275389292745,-2.201113700866699,-1.213060736656189,-2.501550700421137,0.36834706919733384
BA-lFjpzad4_3,BA-lFjpzad4,An engine runs as a woman laughs,2-5s,64.0,3.0,0.046875,1,0.3227500021457672,20.6560001373291,0.35965225100517273,0.03884885087609291,23.017744064331055,2.4863264560699463,0.017744064331054688,0.8043995972923579,0.8287754853566488,0.1878059863933172,0.9337319731712341,1,1,0.44674772024154663,28.591854095458984,5.591854095458984,6.8853333791097,1.9293935520845649,-0.7411624414217115,0.0,0.35147982835769653,22.494709014892578,0.5052909851074219,0.034483764320611954,2.206960916519165,0.7356536388397217,0.30699587042246423,-3.332174301147461,-2.5910117626190186,0.35965225100517273,23.017744064331055,0.017744064331054688,0.03884885087609291,2.4863264560699463,0.8287754853566488,0.1878059863933172,-3.2084531784057617,-1.1835812330245972,-2.2363894225070293,0.11918988402914704
BA-lFjpzad4_3,BA-lFjpzad4,An engine runs as a woman laughs,2-5s,64.0,3.0,0.046875,4,0.07413875311613083,4.744880199432373,0.6154090166091919,0.03413543477654457,39.38617706298828,2.1846678256988525,0.6138229370117188,0.5463508059089668,0.7282226085662842,0.31714849652928906,0.3015941083431244,1,1,0.5870380997657776,37.570438385009766,2.4295616149902344,1.5816267331441243,0.4584538953263421,-2.5247858938815373,0.0,0.672398567199707,43.03350830078125,3.03350830078125,0.026678942143917084,1.7074522972106934,0.5691507657368978,0.5636099138074453,-3.596839427947998,-1.07205331325531,0.6154090166091919,39.38617706298828,0.6138229370117188,0.03413543477654457,2.1846678256988525,0.7282226085662842,0.31714849652928906,-3.3426876068115234,-0.4830451011657715,-1.0220638091337875,0.2464614172781563
BA-lFjpzad4_3,BA-lFjpzad4,An engine runs as a woman laughs,2-5s,64.0,3.0,0.046875,6,0.8429434299468994,53.94837951660156,0.3470786511898041,0.034844111651182175,22.21303367614746,2.230023145675659,0.7869663238525391,0.4576345155832827,0.7433410485585531,0.29660032402319303,0.7921592593193054,1,1,0.36404988169670105,23.299192428588867,0.2991924285888672,17.98279317220052,2.88941536582128,1.6802937908532223,0.0,0.25363755226135254,16.232803344726562,2.7328033447265625,0.027892006561160088,1.7850884199142456,0.5950294733047485,0.5191443396973593,-3.551126718521118,-5.231420516967773,0.3470786511898041,22.21303367614746,0.7869663238525391,0.034844111651182175,2.230023145675659,0.7433410485585531,0.29660032402319303,-3.3214054107666016,-1.304524540901184,-3.4085597055186394,0.22254401567416623
BA-lFjpzad4_4,BA-lFjpzad4,An engine runs as a man speaks,2-5s,64.0,2.0,0.03125,3,0.4910241663455963,31.425546646118164,0.9049392938613892,0.057201091200113297,57.916114807128906,3.660869836807251,0.9161148071289062,0.5109554794451898,1.8304349184036255,0.6045535989464371,0.9517832398414612,1,1,0.7619823217391968,48.766868591308594,5.766868591308594,15.712773323059082,2.7544739690273823,-0.0359071921279591,0.0,0.935680091381073,59.88352584838867,2.883525848388672,0.05565166473388672,3.56170654296875,1.780853271484375,0.5770926154472744,-2.831382989883423,-2.795475721359253,0.9049392938613892,57.916114807128906,0.9161148071289062,0.057201091200113297,3.660869836807251,1.8304349184036255,0.6045535989464371,-2.8022799491882324,-0.7994176745414734,-2.177381353580108,0.027460983499162688
BA-lFjpzad4_4,BA-lFjpzad4,An engine runs as a man speaks,2-5s,64.0,2.0,0.03125,4,0.07413875311613083,4.744880199432373,0.6604790091514587,0.05745379626750946,42.27065658569336,3.6770429611206055,0.7293434143066406,0.5439153203122994,1.8385214805603027,0.6089617054332811,0.8507710099220276,1,1,0.5870380997657776,37.570438385009766,5.429561614990234,2.3724400997161865,0.8639190034345066,-2.5247858938815373,0.0,0.7005000114440918,44.832000732421875,1.832000732421875,0.029588039964437485,1.893634557723999,0.9468172788619995,0.054649151760206384,-3.4903504848480225,-0.9655644297599792,0.6604790091514587,42.27065658569336,0.7293434143066406,0.05745379626750946,3.6770429611206055,1.8385214805603027,0.6089617054332811,-2.7976038455963135,-0.4066307246685028,-0.9185681551947129,0.6636108571934873
BA-lFjpzad4_4,BA-lFjpzad4,An engine runs as a man speaks,2-5s,64.0,2.0,0.03125,5,0.4456096887588501,28.519020080566406,0.8758284449577332,0.07534824311733246,56.05302047729492,4.822287559509277,0.9469795227050781,0.4147409243681691,2.4111437797546387,0.8801012323253978,0.9571952223777771,1,1,0.6909807920455933,44.22277069091797,1.2227706909179688,14.259510040283203,2.6574240553694417,-0.2184255400548803,0.0,0.8662958741188049,55.442935943603516,1.5570640563964844,0.04848203435540199,3.1028501987457275,1.5514250993728638,0.4391739274746796,-2.976865291595459,-2.758439779281616,0.8758284449577332,56.05302047729492,0.9469795227050781,0.07534824311733246,4.822287559509277,2.4111437797546387,0.8801012323253978,-2.507296562194824,-0.5802892446517944,-2.218250127894762,0.44092730485071824
BA-lFjpzad4_5,BA-lFjpzad4,An engine runs as a woman and a man chat and laugh,5-10s,64.0,6.0,0.09375,5,0.4456096887588501,28.519020080566406,0.8959072232246399,0.055927496403455734,57.33806228637695,3.579359769821167,0.3380622863769531,0.5965599616368612,0.5965599616368612,0.5165755200538593,0.8443228006362915,1,1,0.6909807920455933,44.22277069091797,12.777229309082031,4.753170013427734,1.558811766701332,-0.2184255400548803,0.0,0.9064070582389832,58.01005172729492,1.0100517272949219,0.041557177901268005,2.6596593856811523,0.4432765642801921,0.8135614051294193,-3.138239622116089,-2.919814109802246,0.8959072232246399,57.33806228637695,0.3380622863769531,0.055927496403455734,3.579359769821167,0.5965599616368612,0.5165755200538593,-2.8261468410491943,-0.7397319674491882,-2.3723731718307515,0.2969858850755599
BDpU2Qh77NE_2,BDpU2Qh77NE,"As a man and woman talk, a camera shutter clicks",5-10s,248.0,5.0,0.020161290322580645,0,0.18933655321598053,46.95546519756317,0.6614533066749573,0.07387480139732361,164.0404200553894,18.320950746536255,0.0404200553894043,0.10916464039826745,3.664190149307251,1.2986073421102917,0.8985047936439514,1,1,0.6764324307441711,167.75524282455444,3.7552428245544434,9.391093039512635,2.2397616910796114,-1.4543268461844807,0.0,0.6846269369125366,169.78748035430908,5.787480354309082,0.09562861919403076,23.71589756011963,4.743179512023926,1.5567076939599493,-2.246767997741699,-0.7924410700798035,0.6614533066749573,164.0404200553894,0.0404200553894043,0.07387480139732361,18.320950746536255,3.664190149307251,1.2986073421102917,-2.528637647628784,-1.4368172883987427,-0.6830539971196617,-0.2581003518496577
BGEMgl1xjac_1,BGEMgl1xjac,Birds chirp while a steady tapping echoes,20s+,299.0,46.0,0.15384615384615385,5,0.4456096887588501,133.23729693889618,0.8117967844009399,0.3399886190891266,242.72723853588104,101.65659710764885,0.7727614641189575,0.4426667946827635,2.209926024079323,0.7929590417021444,0.9045153260231018,1,1,0.6909807920455933,206.60325682163239,36.896743178367615,2.8964629769325256,1.0634903294713065,-0.2184255400548803,0.0,0.8210063576698303,245.48090094327927,1.9809009432792664,0.2192709594964981,65.56201688945293,1.4252612367272377,0.3543551209379335,-1.2699198722839355,-1.0514942407608032,0.8117967844009399,242.72723853588104,0.7727614641189575,0.3399886190891266,101.65659710764885,2.209926024079323,0.7929590417021444,-0.6633449196815491,-0.14673857390880585,-0.7091352085333731,0.43860392076421095
BUAPM4D3-h8_1,BUAPM4D3-h8,A child screams as the wind blows,5-10s,299.0,6.0,0.020066889632107024,1,0.3227500021457672,96.5022506415844,0.4517126679420471,0.023089200258255005,135.0620877146721,6.9036708772182465,0.06208771467208862,0.2897009483172055,1.1506118128697078,0.140293812098428,0.8697515726089478,1,1,0.44674772024154663,133.57756835222244,1.4224316477775574,16.083708440264065,2.777806861555634,-0.7411624414217115,0.0,0.4274565875530243,127.80951967835426,7.190480321645737,0.03553425520658493,10.624742306768894,1.7707903844614823,0.5714259918077303,-3.301077127456665,-2.5599145889282227,0.4517126679420471,135.0620877146721,0.06208771467208862,0.023089200258255005,6.9036708772182465,1.1506118128697078,0.140293812098428,-3.745030403137207,-1.4933513402938843,-2.2063808697479037,-0.4311321797093025
BUAPM4D3-h8_1,BUAPM4D3-h8,A child screams as the wind blows,5-10s,299.0,6.0,0.020066889632107024,8,0.5322582125663757,159.14520555734634,0.5610105395317078,0.02839861623942852,167.74215131998062,8.491186255589128,0.7578486800193787,0.35330752496747075,1.4151977092648547,0.3472692451968194,0.6429682970046997,1,1,0.47813287377357483,142.96172925829887,7.961729258298874,26.524200926224392,3.2780575587389906,0.12921232615624365,0.0,0.5235508680343628,156.54170954227448,11.958290457725525,0.026849782094359398,8.02808484621346,1.3380141410355766,0.29118653043611914,-3.590280771255493,-3.7194931507110596,0.5610105395317078,167.74215131998062,0.7578486800193787,0.02839861623942852,8.491186255589128,1.4151977092648547,0.3472692451968194,-3.5326051712036133,-1.3407059907913208,-2.986871028302871,0.05608271476070023
BXxlqaDvdaA_1,BXxlqaDvdaA,People are talking while the wind is blowing and water is flowing,5-10s,116.0,9.0,0.07758620689655173,4,0.07413875311613083,8.600095361471176,0.3194703757762909,0.02261020801961422,37.058563590049744,2.6227841302752495,0.9414364099502563,0.5572657512688413,0.29142045891947216,1.2329881786276728,0.0689697414636612,1,1,0.5870380997657776,68.0964195728302,23.0964195728302,0.9555661512745751,0.04545128559507477,-2.5247858938815373,0.0,0.467936247587204,54.28060472011566,9.280604720115662,0.02262989617884159,2.6250679567456245,0.2916742174161805,1.2321177933436807,-3.7655935287475586,-1.2408076524734497,0.3194703757762909,37.058563590049744,0.9414364099502563,0.02261020801961422,2.6227841302752495,0.29142045891947216,1.2329881786276728,-3.766484022140503,-0.6098639965057373,-1.1866665077486058,-0.0008703852839920942
BXxlqaDvdaA_1,BXxlqaDvdaA,People are talking while the wind is blowing and water is flowing,5-10s,116.0,9.0,0.07758620689655173,6,0.8429434299468994,97.78143787384033,0.2635062336921692,0.15957409143447876,30.566723108291626,18.510594606399536,0.933276891708374,0.20451107567814003,2.056732734044393,0.7211186722556328,0.654424786567688,1,1,0.36404988169670105,42.22978627681732,2.7702137231826782,10.864604208204481,2.3855101848998634,1.6802937908532223,0.0,0.23748041689395905,27.54772835969925,3.9522716403007507,0.16996638476848602,19.71610063314438,2.1906778481271534,0.7842110156298354,-1.5858654975891113,-3.2661592960357666,0.2635062336921692,30.566723108291626,0.933276891708374,0.15957409143447876,18.510594606399536,2.056732734044393,0.7211186722556328,-1.6614004373550415,-1.7215982675552368,-1.601299169270028,-0.06309234337420257
BlbGXalLNVU_1,BlbGXalLNVU,Camera shutters click amid the crowd,10-20s,299.0,11.0,0.03678929765886288,7,0.8412365913391113,251.5297408103943,0.16888535022735596,0.038731418550014496,50.49671971797943,11.580694146454334,0.9967197179794312,0.08635060967447883,1.0527903769503941,0.05144414111248564,0.9159559011459351,1,1,0.27036458253860474,80.83901017904282,31.339010179042816,22.86634007367221,3.129665963469265,1.6674578436475704,0.0,0.14794966578483582,44.23695006966591,5.263049930334091,0.03468979895114899,10.372249886393547,0.9429318078539588,0.058761313010169576,-3.3260037899017334,-4.993461608886719,0.16888535022735596,50.49671971797943,0.9967197179794312,0.038731418550014496,11.580694146454334,1.0527903769503941,0.05144414111248564,-3.2116026878356934,-1.5960413217544556,-3.1884272764794344,0.11020545412265506
Bn4lc01q9vE_1,Bn4lc01q9vE,A woman talks as water flows,5-10s,87.0,8.0,0.09195402298850575,4,0.07413875311613083,6.450071521103382,0.04596342891454697,0.01107081864029169,3.998818315565586,0.9631612217053771,0.00118168443441391,0.12039515271317214,0.12039515271317214,2.1169760067752406,0.028090856969356537,1,1,0.5870380997657776,51.07231467962265,6.42768532037735,0.8062589401379228,0.21535032239047222,-2.5247858938815373,0.0,0.6196017265319824,53.90535020828247,3.5946497917175293,0.03364674001932144,2.9272663816809654,0.3659082977101207,1.005372529678932,-3.3576133251190186,-0.8328273892402649,0.04596342891454697,3.998818315565586,0.00118168443441391,0.01107081864029169,0.9631612217053771,0.12039515271317214,2.1169760067752406,-4.492310047149658,-1.9136121273040771,-0.7900222072884597,-1.1116034770963086
Bvw2gv1fcZw_1,Bvw2gv1fcZw,A child burps,5-10s,290.0,5.0,0.017241379310344827,3,0.4910241663455963,142.39700824022293,0.9361836314201355,0.04200133681297302,271.4932531118393,12.180387675762177,0.5067468881607056,0.32839677245738436,2.4360775351524353,0.8903891782214326,0.9015557169914246,1,1,0.7619823217391968,220.97487330436707,5.474873304367065,28.479401648044586,3.3491810767740753,-0.0359071921279591,0.0,0.9317024350166321,270.1937061548233,1.8062938451766968,0.04177621752023697,12.115103080868721,2.423020616173744,0.8850149503304836,-3.13275408744812,-3.09684681892395,0.9361836314201355,271.4932531118393,0.5067468881607056,0.04200133681297302,12.180387675762177,2.4360775351524353,0.8903891782214326,-3.1271448135375977,-1.1063297986984253,-2.4641661264435912,0.005374227890949046
BwnGxJD9xh8_1,BwnGxJD9xh8,"As insects call, a man mimics a sheep's bleat",5-10s,123.0,6.0,0.04878048780487805,0,0.18933655321598053,23.288396045565605,0.705324113368988,0.0649082288146019,86.75486594438553,7.9837121441960335,0.7451340556144714,0.1252550169568646,1.330618690699339,0.2856440150474806,0.9132120609283447,1,1,0.6764324307441711,83.20118898153305,4.2988110184669495,3.881399340927601,1.356195743493092,-1.4543268461844807,0.0,0.7046049237251282,86.66640561819077,0.8335943818092346,0.05769748613238335,7.096790794283152,1.1827984657138586,0.16788321183086846,-2.7931127548217773,-1.338786005973816,0.705324113368988,86.75486594438553,0.7451340556144714,0.0649082288146019,7.9837121441960335,1.330618690699339,0.2856440150474806,-2.667670249938965,-1.0981436967849731,-1.1883125316622234,0.11776080321661216
BwnGxJD9xh8_1,BwnGxJD9xh8,"As insects call, a man mimics a sheep's bleat",5-10s,123.0,6.0,0.04878048780487805,6,0.8429434299468994,103.68204188346863,0.36149361729621887,0.1178426593542099,44.46371492743492,14.494647100567818,0.5362850725650787,0.4139459179909909,2.415774516761303,0.8820199465620421,0.9214741587638855,1,1,0.36404988169670105,44.77813544869423,0.22186455130577087,17.280340313911438,2.8495694572740806,1.6802937908532223,0.0,0.298288494348526,36.6894848048687,3.189484804868698,0.09264213591814041,11.39498271793127,1.8991637863218784,0.64141367683231,-2.2817928791046143,-3.9620866775512695,0.36149361729621887,44.46371492743492,0.5362850725650787,0.1178426593542099,14.494647100567818,2.415774516761303,0.8820199465620421,-2.0130200386047363,-1.594077706336975,-2.2081557804417704,0.24060626972973204
C8kR19NvynA_1,C8kR19NvynA,The audience applauds,2-5s,299.0,4.0,0.013377926421404682,0,0.18933655321598053,56.61162941157818,0.7248098850250244,0.02705582045018673,216.7181556224823,8.089690314605832,0.7818443775177002,0.3708423787970645,2.022422578651458,0.7042960891938099,0.9694674611091614,1,1,0.6764324307441711,202.25329679250717,9.253296792507172,14.152907352894545,2.649920069619525,-1.4543268461844807,0.0,0.705444872379303,210.9280168414116,6.571983158588409,0.031809963285923004,9.511179022490978,2.3777947556227446,0.8661734848812681,-3.415648937225342,-1.9613219499588013,0.7248098850250244,216.7181556224823,0.7818443775177002,0.02705582045018673,8.089690314605832,2.022422578651458,0.7042960891938099,-3.5824246406555176,-1.5905630588531494,-1.7837465847382572,-0.1618773956874583
C9NC7wJ7C3w_3,C9NC7wJ7C3w,A woman and a man talk,20s+,299.0,54.0,0.1806020066889632,9,0.6701281666755676,200.36832183599472,0.19567374885082245,0.27862754464149475,58.50645090639591,83.30963584780693,0.5064509063959122,0.6481843240636552,1.542771034218647,0.43358017236277957,0.22307254374027252,1,1,0.1608370691537857,48.090283676981926,9.909716323018074,3.7105244784443467,1.3111732354806327,0.7087647924817356,0.0,0.1512245237827301,45.2161326110363,12.7838673889637,0.3022327423095703,90.36758995056152,1.6734738879733615,0.5149016383048243,-0.836688220500946,-1.5454529523849487,0.19567374885082245,58.50645090639591,0.5064509063959122,0.27862754464149475,83.30963584780693,1.542771034218647,0.43358017236277957,-0.9512795209884644,-0.6027418971061707,-0.7962715971758084,-0.08132146594204477
CBwXKOpJY_o_1,CBwXKOpJY_o,Toys make sounds,10-20s,158.0,11.0,0.06962025316455696,0,0.18933655321598053,29.915175408124924,0.6395232081413269,0.03639121726155281,101.04466688632965,5.749812327325344,0.9553331136703491,0.672283394136319,0.5227102115750313,0.6487280572477934,0.19101756811141968,1,1,0.6764324307441711,106.87632405757904,4.8763240575790405,2.7195614007386295,1.0004706175773257,-1.4543268461844807,0.0,0.7004209756851196,110.6665141582489,8.666514158248901,0.025275910273194313,3.9935938231647015,0.3630539839240638,1.013203739730168,-3.6523027420043945,-2.1979758739471436,0.6395232081413269,101.04466688632965,0.9553331136703491,0.03639121726155281,5.749812327325344,0.5227102115750313,0.6487280572477934,-3.276357889175415,-0.7776653170585632,-2.013674357307494,0.3644756824823748
CBwXKOpJY_o_1,CBwXKOpJY_o,Toys make sounds,10-20s,158.0,11.0,0.06962025316455696,2,0.5923634171485901,93.59341990947723,0.9972264170646667,0.008184719830751419,157.56177389621735,1.2931857332587242,0.5617738962173462,0.32329643331468105,0.11756233938715675,2.1407865381129385,0.024536460638046265,1,1,0.7359917759895325,116.28670060634613,8.71329939365387,8.508492719043385,2.1410648081015844,0.3737442776905129,0.0,0.9879485368728638,156.09586882591248,0.9041311740875244,0.020938357338309288,3.3082604594528675,0.3007509508593516,1.2014727625052424,-3.8450119495391846,-4.218756198883057,0.9972264170646667,157.56177389621735,0.5617738962173462,0.008184719830751419,1.2931857332587242,0.11756233938715675,2.1407865381129385,-4.797267913818359,-1.283383846282959,-3.3425375706068268,-0.9393137756076961
CBwXKOpJY_o_1,CBwXKOpJY_o,Toys make sounds,10-20s,158.0,11.0,0.06962025316455696,4,0.07413875311613083,11.713922992348671,0.589457631111145,0.033689022064208984,93.13430571556091,5.3228654861450195,0.8656942844390869,0.3757374679495162,0.48389686237681995,0.7258834892360825,0.6936555504798889,1,1,0.5870380997657776,92.75201976299286,1.2479802370071411,1.0649020902135156,0.06288286086337626,-2.5247858938815373,0.0,0.6066475510597229,95.85031306743622,1.8503130674362183,0.03175642341375351,5.0175148993730545,0.4561377181248231,0.7849605016329975,-3.417388677597046,-0.8926027417182922,0.589457631111145,93.13430571556091,0.8656942844390869,0.033689022064208984,5.3228654861450195,0.48389686237681995,0.7258834892360825,-3.356313705444336,-1.0910075902938843,-0.8478433624963737,0.05907701239691487
CO6-i8NLbeo_2,CO6-i8NLbeo,A goat bleats nearby,2-5s,187.0,3.0,0.016042780748663103,1,0.3227500021457672,60.35425040125847,0.39999839663505554,0.02435275912284851,74.79970017075539,4.5539659559726715,0.20029982924461365,0.43917763534813786,1.5179886519908905,0.41738620331367104,0.9678101539611816,1,1,0.44674772024154663,83.54182368516922,2.54182368516922,20.118083467086155,3.0016190855794798,-0.7411624414217115,0.0,0.36187031865119934,67.66974958777428,0.6697495877742767,0.033668022602796555,6.295920226722956,2.0986400755743184,0.7412895518970509,-3.3569588661193848,-2.6157963275909424,0.39999839663505554,74.79970017075539,0.20029982924461365,0.02435275912284851,4.5539659559726715,1.5179886519908905,0.41738620331367104,-3.690455913543701,-1.7358380556106567,-2.2603295336824285,-0.32390334858338
CO6-i8NLbeo_2,CO6-i8NLbeo,A goat bleats nearby,2-5s,187.0,3.0,0.016042780748663103,8,0.5322582125663757,99.53228574991226,0.43143704533576965,0.02925322763621807,80.67872747778893,5.470353567972779,0.32127252221107483,0.3656070809955281,1.8234511893242598,0.6007309633318441,0.9363027811050415,1,1,0.47813287377357483,89.4108473956585,8.410847395658493,33.177428583304085,3.501869782762836,0.12921232615624365,0.0,0.4455661475658417,83.3208695948124,2.320869594812393,0.03165397793054581,5.919293873012066,1.9730979576706886,0.6796048749061722,-3.4207255840301514,-3.5499379634857178,0.43143704533576965,80.67872747778893,0.32127252221107483,0.02925322763621807,5.470353567972779,1.8234511893242598,0.6007309633318441,-3.502075672149658,-1.806873083114624,-2.8222649078566637,-0.07887391157432817
C_ga5m6nOhI_1,C_ga5m6nOhI,A train rumbles along as a whistle blows,20s+,96.0,45.0,0.46875,0,0.18933655321598053,18.17630910873413,0.6805046200752258,0.029464799910783768,65.32844352722168,2.8286207914352417,0.1715564727783203,0.8888114879292007,0.06285823980967203,2.76687324975991,0.6745838522911072,1,1,0.6764324307441711,64.93751335144043,0.5624866485595703,0.4039179801940918,0.906543440953754,-1.4543268461844807,0.0,0.7018716335296631,67.37967681884766,1.8796768188476562,0.022228945046663284,2.1339787244796753,0.047421749432881674,3.0486743067250512,-3.7838802337646484,-2.3295533657073975,0.6805046200752258,65.32844352722168,0.1715564727783203,0.029464799910783768,2.8286207914352417,0.06285823980967203,2.76687324975991,-3.4946513175964355,-0.9018912315368652,-2.142130865771297,0.2818010569651415
Cbe2B6ohBpw_1,Cbe2B6ohBpw,Birds sing,2-5s,60.0,3.0,0.05,9,0.6701281666755676,40.20769000053406,0.03982549160718918,0.06308194994926453,2.3895294964313507,3.7849169969558716,0.11047050356864929,0.792619759538409,1.2616389989852905,0.23241166851080092,0.9701143503189087,1,1,0.1608370691537857,9.650224149227142,7.150224149227142,13.402563333511353,2.595445982208212,0.7087647924817356,0.0,0.03246121481060982,1.947672888636589,0.552327111363411,0.06333083659410477,3.799850195646286,1.2666167318820953,0.23634935508880933,-2.693957805633545,-3.4027225971221924,0.03982549160718918,2.3895294964313507,0.11047050356864929,0.06308194994926453,3.7849169969558716,1.2616389989852905,0.23241166851080092,-2.6981611251831055,-0.8649778962135315,-2.3590966271194023,-0.003937686578008386
Cbe2B6ohBpw_2,Cbe2B6ohBpw,Ducks quack and wings flap,2-5s,60.0,2.0,0.03333333333333333,8,0.5322582125663757,31.935492753982544,0.48903265595436096,0.04622407257556915,29.341959357261658,2.773444354534149,0.6580406427383423,0.5677557290080338,1.3867221772670746,0.3269428164868023,0.9262305498123169,1,1,0.47813287377357483,28.68797242641449,1.3120275735855103,15.967746376991272,2.770570836238514,0.12921232615624365,0.0,0.48226964473724365,28.93617868423462,1.0638213157653809,0.040956705808639526,2.4574023485183716,1.2287011742591858,0.20595765558327805,-3.1534206867218018,-3.282633066177368,0.48903265595436096,29.341959357261658,0.6580406427383423,0.04622407257556915,2.773444354534149,1.3867221772670746,0.3269428164868023,-3.026927947998047,-1.2013264894485474,-2.564613180655236,0.12098516090352422
Cbe2B6ohBpw_3,Cbe2B6ohBpw,Ducks quack,10-20s,60.0,14.0,0.23333333333333334,5,0.4456096887588501,26.736581325531006,0.7643641233444214,0.04309164732694626,45.86184740066528,2.5854988396167755,0.6381525993347168,0.2872776488463084,0.18467848854405539,1.689138865565407,0.7830902338027954,1,1,0.6909807920455933,41.458847522735596,5.041152477264404,1.9097558089665003,0.6469753851765572,-0.2184255400548803,0.0,0.7860321998596191,47.16193199157715,0.6619319915771484,0.03800051286816597,2.280030772089958,0.16285934086356843,1.8148683902093032,-3.231414318084717,-3.012988805770874,0.7643641233444214,45.86184740066528,0.6381525993347168,0.04309164732694626,2.5854988396167755,0.18467848854405539,1.689138865565407,-3.1003785133361816,-1.2709846496582031,-2.4618437753858604,0.12572952464389625
Cbe2B6ohBpw_4,Cbe2B6ohBpw,Water splashes underfoot,5-10s,60.0,6.0,0.1,9,0.6701281666755676,40.20769000053406,0.10313107073307037,0.07129188627004623,6.187864243984222,4.277513176202774,0.8121357560157776,0.7129188627004623,0.7129188627004623,0.3383876620972671,0.9758517742156982,1,1,0.1608370691537857,9.650224149227142,2.6502241492271423,6.701281666755676,1.9022988016482665,0.7087647924817356,0.0,0.0894382894039154,5.366297364234924,1.6337026357650757,0.05526785925030708,3.316071555018425,0.5526785925030708,0.5929786534729788,-2.838709831237793,-3.5474746227264404,0.10313107073307037,6.187864243984222,0.8121357560157776,0.07129188627004623,4.277513176202774,0.7129188627004623,0.3383876620972671,-2.567012071609497,-1.2124747037887573,-2.4952774551212453,0.25459099137571173
CvNAwby6Xos_2,CvNAwby6Xos,A man's voice mixes with the hum of a sewing machine,5-10s,299.0,9.0,0.030100334448160536,0,0.18933655321598053,56.61162941157818,0.7222227454185486,0.07923547178506851,215.94460088014603,23.691406063735485,0.5553991198539734,0.14633755312075852,2.632378451526165,0.9678877917002555,0.7775766253471375,1,1,0.6764324307441711,202.25329679250717,10.746703207492828,6.290181045730908,1.8389898534031963,-1.4543268461844807,0.0,0.7622060179710388,227.8995993733406,0.8995993733406067,0.08033255487680435,24.0194339081645,2.668825989796056,0.9816386715176875,-2.4378371238708496,-0.9835101962089539,0.7222227454185486,215.94460088014603,0.5553991198539734,0.07923547178506851,23.691406063735485,2.632378451526165,0.9678877917002555,-2.452780246734619,-1.016094446182251,-0.857351181885509,-0.013750879817431914
D1Sy7kRoaR8_2,D1Sy7kRoaR8,Applause breaks out,5-10s,284.0,9.0,0.03169014084507042,2,0.5923634171485901,168.23121047019958,0.9934116005897522,0.013319813646376133,282.1288945674896,3.7828270755708218,0.12889456748962402,0.6304711792618036,0.42031411950786907,0.8667529436550778,0.7092549800872803,1,1,0.7359917759895325,209.02166438102722,12.521664381027222,18.692356718911064,2.928114708697975,0.3737442776905129,0.0,0.989342212677002,280.97318840026855,1.0268115997314453,0.016445184126496315,4.6704322919249535,0.5189369213249948,0.6559729420755381,-4.0911407470703125,-4.464885234832764,0.9934116005897522,282.1288945674896,0.12889456748962402,0.013319813646376133,3.7828270755708218,0.42031411950786907,0.8667529436550778,-4.305093288421631,-1.1107679605484009,-3.5840876507735127,-0.2107800015795397
D1Sy7kRoaR8_2,D1Sy7kRoaR8,Applause breaks out,5-10s,284.0,9.0,0.03169014084507042,4,0.07413875311613083,21.055405884981155,0.6887062788009644,0.02783024124801159,195.59258317947388,7.903788514435291,0.907416820526123,0.8060932449004842,0.8781987238261435,0.12988237402553313,0.9251790046691895,1,1,0.5870380997657776,166.71882033348083,19.718820333480835,2.339489542775684,0.8499327614597666,-2.5247858938815373,0.0,0.6547660827636719,185.9535675048828,10.546432495117188,0.02945449762046337,8.365077324211597,0.9294530360235108,0.07315899916112419,-3.495011568069458,-0.9702255129814148,0.6887062788009644,195.59258317947388,0.907416820526123,0.02783024124801159,7.903788514435291,0.8781987238261435,0.12988237402553313,-3.5534071922302246,-1.2702490091323853,-0.9230917606208907,-0.056723374864408926
D1Sy7kRoaR8_2,D1Sy7kRoaR8,Applause breaks out,5-10s,284.0,9.0,0.03169014084507042,7,0.8412365913391113,238.91119194030762,0.2855432629585266,0.0253829974681139,81.09428668022156,7.208771280944347,0.09428668022155762,0.8323193740187581,0.8009745867715942,0.221926059293997,0.8764311075210571,1,1,0.27036458253860474,76.78354144096375,4.216458559036255,26.545687993367512,3.278867323701936,1.6674578436475704,0.0,0.22066418826580048,62.668629467487335,18.331370532512665,0.023605827242136,6.7040549367666245,0.7448949929740694,0.2945120195649201,-3.7223727703094482,-5.389830589294434,0.2855432629585266,81.09428668022156,0.09428668022155762,0.0253829974681139,7.208771280944347,0.8009745867715942,0.221926059293997,-3.6479649543762207,-1.499935269355774,-3.573379343266856,0.07258596027092312
D2Xc_jZllDY_2,D2Xc_jZllDY,Wind blows and a whistle blows,2-5s,299.0,2.0,0.006688963210702341,1,0.3227500021457672,96.5022506415844,0.3744727671146393,0.03341783583164215,111.96735736727715,9.991932913661003,0.5326426327228546,0.10008073599381324,4.995966456830502,1.6086308782356884,0.34326469898223877,1,1,0.44674772024154663,133.57756835222244,13.422431647777557,48.2511253207922,3.876419150223744,-0.7411624414217115,0.0,0.408507376909256,122.14370569586754,9.643705695867538,0.025615496560931206,7.6590334717184305,3.8295167358592153,1.3427386166045252,-3.638608455657959,-2.8974459171295166,0.3744727671146393,111.96735736727715,0.5326426327228546,0.03341783583164215,9.991932913661003,4.995966456830502,1.6086308782356884,-3.3646764755249023,-1.0122015476226807,-2.5336805336192185,0.26589226163116314
D2Xc_jZllDY_2,D2Xc_jZllDY,Wind blows and a whistle blows,2-5s,299.0,2.0,0.006688963210702341,6,0.8429434299468994,252.04008555412292,0.3691970705986023,0.02327926829457283,110.38992410898209,6.960501220077276,0.11007589101791382,0.14366781477108884,3.480250610038638,1.2471043055723912,0.7043759226799011,1,1,0.36404988169670105,108.85091462731361,1.649085372686386,126.02004277706146,4.8364409639604595,1.6802937908532223,0.0,0.3050245940685272,91.20235362648964,19.29764637351036,0.027712753042578697,8.28611315973103,4.143056579865515,1.4214338197400078,-3.5577585697174072,-5.2380523681640625,0.3691970705986023,110.38992410898209,0.11007589101791382,0.02327926829457283,6.960501220077276,3.480250610038638,1.2471043055723912,-3.736637592315674,-1.4880989789962769,-3.4150071442204513,-0.17432951416761672
D4s5aHrsBgs_1,D4s5aHrsBgs,Loud applause erupts,10-20s,300.0,12.0,0.04,9,0.6701281666755676,201.0384500026703,0.02442072704434395,0.026007412001490593,7.3262181133031845,7.802223600447178,0.3262181133031845,0.5126743611617005,0.6501853000372648,0.43049787973876824,0.966575026512146,1,1,0.1608370691537857,48.25112074613571,41.25112074613571,16.75320416688919,2.8185895335224216,0.7087647924817356,0.0,0.057322632521390915,17.196789756417274,10.196789756417274,0.04354444146156311,13.063332438468933,1.0886110365390778,0.08490260525343232,-3.0894522666931152,-3.7982170581817627,0.02442072704434395,7.3262181133031845,0.3262181133031845,0.026007412001490593,7.802223600447178,0.6501853000372648,0.43049787973876824,-3.6230220794677734,-1.635703682899475,-2.7336869282689893,-0.5154004849922006
D4s5aHrsBgs_4,D4s5aHrsBgs,Laughter erupts as a man talks,5-10s,300.0,9.0,0.03,4,0.07413875311613083,22.24162593483925,0.652863085269928,0.04813174530863762,195.8589255809784,14.439523592591286,0.8589255809783936,0.5540348993303827,1.6043915102879207,0.4727445633813866,0.8852524757385254,1,1,0.5870380997657776,176.11142992973328,3.3885700702667236,2.4712917705376944,0.9047409979547617,-2.5247858938815373,0.0,0.660499095916748,198.1497287750244,3.149728775024414,0.04404548555612564,13.213645666837692,1.4681828518708546,0.38402548093069117,-3.0774874687194824,-0.552701473236084,0.652863085269928,195.8589255809784,0.8589255809783936,0.04813174530863762,14.439523592591286,1.6043915102879207,0.4727445633813866,-2.9844846725463867,-0.9381619691848755,-0.5207155170240705,0.08871908245069539
D4s5aHrsBgs_5,D4s5aHrsBgs,A flute plays and laughter follows,10-20s,300.0,16.0,0.05333333333333334,2,0.5923634171485901,177.70902514457703,0.9846656322479248,0.02597280591726303,295.39968967437744,7.791841775178909,0.6003103256225586,0.8586878556955819,0.48699011094868183,0.7195114621659197,0.8058083653450012,1,1,0.7359917759895325,220.79753279685974,14.202467203140259,11.106814071536064,2.407558800289408,0.3737442776905129,0.0,0.9835231900215149,295.05695700645447,0.9430429935455322,0.024055033922195435,7.21651017665863,0.4510318860411644,0.7962172412221773,-3.703061819076538,-4.07680606842041,0.9846656322479248,295.39968967437744,0.6003103256225586,0.02597280591726303,7.791841775178909,0.48699011094868183,0.7195114621659197,-3.624389171600342,-1.0565539598464966,-3.2037760415115852,0.07670577905625765
Dc2WEiRk0rA_2,Dc2WEiRk0rA,"As objects bump into each other, birds chirp, someone breathes, and a man speaks",2-5s,73.0,3.0,0.0410958904109589,2,0.5923634171485901,43.242529451847076,0.9751681685447693,0.014285270124673843,71.18727630376816,1.0428247191011906,0.31272369623184204,0.34760823970039684,0.34760823970039684,1.0566791813252523,0.009383969940245152,1,1,0.7359917759895325,53.72739964723587,17.77260035276413,14.414176483949026,2.6682122003532696,0.3737442776905129,0.0,0.9416260123252869,68.73869889974594,2.761301100254059,0.09379497170448303,6.847032934427261,2.282344311475754,0.8252031215114257,-2.2681543827056885,-2.6418986320495605,0.9751681685447693,71.18727630376816,0.31272369623184204,0.014285270124673843,1.0428247191011906,0.34760823970039684,1.0566791813252523,-4.234138011932373,-1.2544611692428589,-1.8430090788418438,-1.8818823028366778
Dn3buZWMzwY_1,Dn3buZWMzwY,"Someone snores as screaming, objects bumping into each other, and laughter erupts",2-5s,99.0,2.0,0.020202020202020204,1,0.3227500021457672,31.952250212430954,0.44840314984321594,0.03670158237218857,44.39191183447838,3.6334566548466682,0.6080881655216217,0.5504400327253663,1.8167283274233341,0.5970372611319544,0.7359538674354553,1,1,0.44674772024154663,44.22802430391312,0.7719756960868835,15.976125106215477,2.7710954269676473,-0.7411624414217115,0.0,0.3987503945827484,39.47628906369209,5.523710936307907,0.046071555465459824,4.5610839910805225,2.2805419955402613,0.8244131320582788,-3.03039288520813,-2.2892303466796875,0.44840314984321594,44.39191183447838,0.6080881655216217,0.03670158237218857,3.6334566548466682,1.8167283274233341,0.5970372611319544,-3.267543315887451,-1.564461350440979,-1.9466822949093685,-0.22737587092632439
DrCm-HpX67k_1,DrCm-HpX67k,Birds chirp as metals scrape,5-10s,233.0,8.0,0.034334763948497854,0,0.18933655321598053,44.11541689932346,0.667218029499054,0.06281643360853195,155.46180087327957,14.636229030787945,0.5381991267204285,0.5465888777205967,1.829528628848493,0.6040583538097273,0.9511852264404297,1,1,0.6764324307441711,157.60875636339188,1.6087563633918762,5.514427112415433,1.707367769234594,-1.4543268461844807,0.0,0.6811362504959106,158.70474636554718,2.70474636554718,0.05133742839097977,11.961620815098286,1.4952026018872857,0.40226171731773785,-2.916633129119873,-1.4623061418533325,0.667218029499054,155.46180087327957,0.5381991267204285,0.06281643360853195,14.636229030787945,1.829528628848493,0.6040583538097273,-2.702662467956543,-1.2906163930892944,-1.305106051916856,0.20179663649198942
E3D_z0aoUEg_4,E3D_z0aoUEg,Laughter breaks out,2-5s,158.0,3.0,0.0189873417721519,2,0.5923634171485901,93.59341990947723,0.9917283654212952,0.014797074720263481,156.69308173656464,2.33793780580163,0.19308173656463623,0.7793126019338766,0.7793126019338766,0.24934302742559522,0.7289115190505981,1,1,0.7359917759895325,116.28670060634613,40.21329939365387,31.197806636492412,3.440347792231845,0.3737442776905129,0.0,0.9893909096717834,156.32376372814178,0.17623627185821533,0.016608521342277527,2.6241463720798492,0.8747154573599497,0.13385663709940193,-4.081091403961182,-4.454835891723633,0.9917283654212952,156.69308173656464,0.19308173656463623,0.014797074720263481,2.33793780580163,0.7793126019338766,0.24934302742559522,-4.198418140411377,-0.9659470915794373,-3.574204429331247,-0.11548639032619322
E3Q1jfTeuWs_2,E3Q1jfTeuWs,A boy cries,2-5s,60.0,2.0,0.03333333333333333,8,0.5322582125663757,31.935492753982544,0.5072982907295227,0.05461173877120018,30.437897443771362,3.276704326272011,0.4378974437713623,0.610369383640864,1.6383521631360054,0.4936909581321178,0.8626577258110046,1,1,0.47813287377357483,28.68797242641449,1.3120275735855103,15.967746376991272,2.770570836238514,0.12921232615624365,0.0,0.4382418394088745,26.29451036453247,3.7054896354675293,0.07150381803512573,4.290229082107544,2.145114541053772,0.7631929500469671,-2.5638153553009033,-2.6930277347564697,0.5072982907295227,30.437897443771362,0.4378974437713623,0.05461173877120018,3.276704326272011,1.6383521631360054,0.4936909581321178,-2.851346731185913,-1.9124566316604614,-2.0073778861915472,-0.26950199191484925
E3Q1jfTeuWs_3,E3Q1jfTeuWs,A boy screams,5-10s,60.0,5.0,0.08333333333333333,1,0.3227500021457672,19.365000128746033,0.3660120964050293,0.05351877957582474,21.960725784301758,3.2111267745494843,0.03927421569824219,0.6228343321264844,0.6422253549098969,0.4428160167764475,0.9728385806083679,1,1,0.44674772024154663,26.804863214492798,4.804863214492798,3.8730000257492065,1.354029407181003,-0.7411624414217115,0.0,0.34091848134994507,20.455108880996704,1.544891119003296,0.060072969645261765,3.604378178715706,0.7208756357431412,0.3272886451421236,-2.750242233276367,-2.009079694747925,0.3660120964050293,21.960725784301758,0.03927421569824219,0.05351877957582474,3.2111267745494843,0.6422253549098969,0.4428160167764475,-2.872718572616577,-1.4731570482254028,-1.6813180523231266,-0.11552737163432392
E3Q1jfTeuWs_3,E3Q1jfTeuWs,A boy screams,5-10s,60.0,5.0,0.08333333333333333,3,0.4910241663455963,29.46144998073578,0.9173109531402588,0.03522929921746254,55.03865718841553,2.1137579530477524,0.038657188415527344,0.946182128902825,0.4227515906095505,0.8609705286805422,0.885535717010498,1,1,0.7619823217391968,45.71893930435181,1.2189393043518066,5.892289996147156,1.773644716015656,-0.0359071921279591,0.0,0.9459984302520752,56.75990581512451,1.7599058151245117,0.038408562541007996,2.3045137524604797,0.46090275049209595,0.7745682116186838,-3.220309257507324,-3.1844019889831543,0.9173109531402588,55.03865718841553,0.038657188415527344,0.03522929921746254,2.1137579530477524,0.4227515906095505,0.8609705286805422,-3.3100123405456543,-1.143347144126892,-2.54821292763434,-0.08640231706185852
E3Q1jfTeuWs_3,E3Q1jfTeuWs,A boy screams,5-10s,60.0,5.0,0.08333333333333333,4,0.07413875311613083,4.44832518696785,0.3674708604812622,0.03911497816443443,22.048251628875732,2.346898689866066,0.04825162887573242,0.8521884683970474,0.4693797379732132,0.7563431622974522,0.1512359380722046,1,1,0.5870380997657776,35.222285985946655,5.277714014053345,0.88966503739357,0.11691024957721971,-2.5247858938815373,0.0,0.6242676377296448,37.45605826377869,3.0439417362213135,0.04161298647522926,2.496779188513756,0.49935583770275116,0.6944363357580414,-3.1368393898010254,-0.6120535135269165,0.3674708604812622,22.048251628875732,0.04825162887573242,0.03911497816443443,2.346898689866066,0.4693797379732132,0.7563431622974522,-3.2013492584228516,-1.0466328859329224,-0.5775260861808217,-0.061906826539410924
E3Q1jfTeuWs_3,E3Q1jfTeuWs,A boy screams,5-10s,60.0,5.0,0.08333333333333333,9,0.6701281666755676,40.20769000053406,0.028780343011021614,0.04442480206489563,1.7268205806612968,2.665488123893738,0.27317941933870316,0.6663720309734344,0.5330976247787476,0.6290507106524722,0.9788134098052979,1,1,0.1608370691537857,9.650224149227142,0.8497758507728577,8.041538000106812,2.084620358442221,0.7087647924817356,0.0,0.03989579528570175,2.393747717142105,0.3937477171421051,0.051456138491630554,3.0873683094978333,0.6174736618995667,0.4821188641838851,-2.914198160171509,-3.6229629516601562,0.028780343011021614,1.7268205806612968,0.27317941933870316,0.04442480206489563,2.665488123893738,0.5330976247787476,0.6290507106524722,-3.0685155391693115,-1.1233371496200562,-2.566739222626106,-0.14693184646858706
E6FH_xp3I54_1,E6FH_xp3I54,A man speaks as birds chirp and white noise fills the air,10-20s,81.0,13.0,0.16049382716049382,0,0.18933655321598053,15.336260810494423,0.7901321053504944,0.04826852306723595,64.00070053339005,3.9097503684461117,0.5007005333900452,0.5585357669208731,0.3007500283420086,1.2014758298895858,0.9563626646995544,1,1,0.6764324307441711,54.79102689027786,6.7910268902778625,1.1797123700380325,0.16527065455963144,-1.4543268461844807,0.0,0.7820290327072144,63.34435164928436,0.1556483507156372,0.035978395491838455,2.914250034838915,0.22417307960299346,1.495336848689056,-3.2881951332092285,-1.833868145942688,0.7901321053504944,64.00070053339005,0.5007005333900452,0.04826852306723595,3.9097503684461117,0.3007500283420086,1.2014758298895858,-2.9815032482147217,-0.9311330318450928,-1.6606075032486876,0.2938610187994704
E6FH_xp3I54_1,E6FH_xp3I54,A man speaks as birds chirp and white noise fills the air,10-20s,81.0,13.0,0.16049382716049382,1,0.3227500021457672,26.142750173807144,0.4469064772129059,0.05574566870927811,36.19942465424538,4.515399165451527,0.3005753457546234,0.8811549984907907,0.3473383973424251,1.0574557657625305,0.9338177442550659,1,1,0.44674772024154663,36.18656533956528,0.3134346604347229,2.0109807826005497,0.6986225546039049,-0.7411624414217115,0.0,0.4188704490661621,33.92850637435913,2.571493625640869,0.0472729466855526,3.8291086815297604,0.29454682165613544,1.2223173015797528,-3.003390312194824,-2.262227773666382,0.4469064772129059,36.19942465424538,0.3005753457546234,0.05574566870927811,4.515399165451527,0.3473383973424251,1.0574557657625305,-2.8295958042144775,-1.2464226484298706,-1.9209398561836577,0.16486153581722227
E6FH_xp3I54_1,E6FH_xp3I54,A man speaks as birds chirp and white noise fills the air,10-20s,81.0,13.0,0.16049382716049382,3,0.4910241663455963,39.7729574739933,0.9098183512687683,0.05697811394929886,73.69528645277023,4.6152272298932076,0.8047135472297668,0.35501747922255444,0.35501747922255444,1.0355882534722025,0.9676122665405273,1,1,0.7619823217391968,61.72056806087494,1.779431939125061,3.059458267230254,1.118237863438558,-0.0359071921279591,0.0,0.9092279672622681,73.64746534824371,0.8525346517562866,0.04696468263864517,3.804139293730259,0.29262609951771223,1.2288595957489468,-3.010256052017212,-2.974348783493042,0.9098183512687683,73.69528645277023,0.8047135472297668,0.05697811394929886,4.6152272298932076,0.35501747922255444,1.0355882534722025,-2.806422233581543,-1.054876685142517,-2.3470974591875042,0.19327134227674417
E6FH_xp3I54_1,E6FH_xp3I54,A man speaks as birds chirp and white noise fills the air,10-20s,81.0,13.0,0.16049382716049382,8,0.5322582125663757,43.112915217876434,0.5901210308074951,0.04049444943666458,47.799803495407104,3.280050404369831,0.2001965045928955,0.5466750673949718,0.2523115695669101,1.3770905679976342,0.8838536143302917,1,1,0.47813287377357483,38.72876277565956,2.228762775659561,3.3163780936828027,1.198873251787261,0.12921232615624365,0.0,0.5226396322250366,42.333810210227966,5.666189789772034,0.04422982782125473,3.582616053521633,0.2755858502708949,1.288856082703127,-3.073117971420288,-3.2023303508758545,0.5901210308074951,47.799803495407104,0.2001965045928955,0.04049444943666458,3.280050404369831,0.2523115695669101,1.3770905679976342,-3.165253162384033,-1.730143427848816,-2.487729334490388,-0.08823448529450706
ECw5Yf7QoMo_2,ECw5Yf7QoMo,Applause echoes through the air,20s+,299.0,20.0,0.06688963210702341,0,0.18933655321598053,56.61162941157818,0.775223433971405,0.03710201755166054,231.7918067574501,11.0935032479465,0.20819324254989624,0.7923930891390357,0.5546751623973251,0.5893726295642937,0.9330981969833374,1,1,0.6764324307441711,202.25329679250717,3.7532967925071716,2.8305814705789087,1.0404821571854248,-1.4543268461844807,0.0,0.7242985963821411,216.5652803182602,15.434719681739807,0.04470238834619522,13.366014115512371,0.6683007057756185,0.40301704838962876,-3.0619959831237793,-1.6076689958572388,0.775223433971405,231.7918067574501,0.20819324254989624,0.03710201755166054,11.0935032479465,0.5546751623973251,0.5893726295642937,-3.2562761306762695,-1.5818678140640259,-1.4434992055750535,-0.18635558117466508
ECw5Yf7QoMo_2,ECw5Yf7QoMo,Applause echoes through the air,20s+,299.0,20.0,0.06688963210702341,4,0.07413875311613083,22.167487181723118,0.6016489267349243,0.03877741098403931,179.89302909374237,11.594445884227753,0.3930290937423706,0.9327595174959659,0.5797222942113877,0.5452060931882851,0.9557057619094849,1,1,0.5870380997657776,175.5243918299675,3.975608170032501,1.108374359086156,0.10289440047147541,-2.5247858938815373,0.0,0.6337551474571228,189.49278908967972,9.007210910320282,0.04875187948346138,14.576811965554953,0.7288405982777476,0.3163002289378527,-2.9710311889648438,-0.4462452232837677,0.6016489267349243,179.89302909374237,0.3930290937423706,0.03877741098403931,11.594445884227753,0.5797222942113877,0.5452060931882851,-3.2103681564331055,-1.408734917640686,-0.4191946294093281,-0.22890586425043233
ECw5Yf7QoMo_2,ECw5Yf7QoMo,Applause echoes through the air,20s+,299.0,20.0,0.06688963210702341,6,0.8429434299468994,252.04008555412292,0.3577346205711365,0.03113463707268238,106.9626515507698,9.309256484732032,0.5373484492301941,0.7160966526716948,0.46546282423660157,0.7647230474593074,0.9696921706199646,1,1,0.36404988169670105,108.85091462731361,1.350914627313614,12.602004277706147,2.5338558709664136,1.6802937908532223,0.0,0.30384504795074463,90.84966933727264,16.650330662727356,0.03753434494137764,11.222769137471914,0.5611384568735958,0.5777876002142137,-3.244241952896118,-4.924535751342773,0.3577346205711365,106.9626515507698,0.5373484492301941,0.03113463707268238,9.309256484732032,0.46546282423660157,0.7647230474593074,-3.437804698944092,-2.1320958137512207,-3.1116434711806273,-0.18693544724509353
ECw5Yf7QoMo_4,ECw5Yf7QoMo,The audience shouts and applauds,5-10s,299.0,6.0,0.020066889632107024,1,0.3227500021457672,96.5022506415844,0.45168593525886536,0.03473268821835518,135.05409464240074,10.385073777288198,0.05409464240074158,0.57775227491612,1.730845629548033,0.5486100922912709,0.9569093585014343,1,1,0.44674772024154663,133.57756835222244,1.4224316477775574,16.083708440264065,2.777806861555634,-0.7411624414217115,0.0,0.41117870807647705,122.94243371486664,12.057566285133362,0.05047773942351341,15.09284408763051,2.515474014605085,0.9224612607846041,-2.9344265460968018,-2.1932640075683594,0.45168593525886536,135.05409464240074,0.05409464240074158,0.03473268821835518,10.385073777288198,1.730845629548033,0.5486100922912709,-3.324723720550537,-1.8276033401489258,-1.85534560077103,-0.3738511684933332
EY4p0_NJVQs_1,EY4p0_NJVQs,Music plays,10-20s,299.0,12.0,0.04013377926421405,4,0.07413875311613083,22.167487181723118,0.06187033653259277,0.017392858862876892,18.49923062324524,5.200464800000191,0.5007693767547607,0.43337206666668254,0.43337206666668254,0.8361586435797641,0.009131222032010555,1,1,0.5870380997657776,175.5243918299675,156.5243918299675,1.8472905984769266,0.6137200242374662,-2.5247858938815373,0.0,0.6263939142227173,187.29178035259247,168.29178035259247,0.03442550078034401,10.293224733322859,0.8577687277769049,0.15342076387434397,-3.333925724029541,-0.8091396689414978,0.06187033653259277,18.49923062324524,0.5007693767547607,0.017392858862876892,5.200464800000191,0.43337206666668254,0.8361586435797641,-4.034149646759033,-1.5959864854812622,-0.7671407881118101,-0.6827378797054201
EY4p0_NJVQs_2,EY4p0_NJVQs,The audience claps,5-10s,299.0,5.0,0.016722408026755852,6,0.8429434299468994,252.04008555412292,0.238734170794487,0.0248092208057642,71.38151706755161,7.417957020923495,0.11848293244838715,0.6740400336503335,1.4835914041846991,0.3944657727264488,0.9499517679214478,1,1,0.36404988169670105,108.85091462731361,37.350914627313614,50.40801711082459,3.920150232086304,1.6802937908532223,0.0,0.22947154939174652,68.61199326813221,2.8880067318677902,0.021733758971095085,6.4983939323574305,1.299678786471486,0.2621171466067614,-3.806915044784546,-5.487208843231201,0.238734170794487,71.38151706755161,0.11848293244838715,0.0248092208057642,7.417957020923495,1.4835914041846991,0.3944657727264488,-3.671417713165283,-1.1962648630142212,-3.6580330854795426,0.13234862611968734
EbpOXac13yo_1,EbpOXac13yo,A man talks as an engine rumbles in the background,20s+,299.0,24.0,0.0802675585284281,4,0.07413875311613083,22.167487181723118,0.5031933188438416,0.0462678037583828,150.45480233430862,13.834073323756456,0.9548023343086243,0.21685586954698824,0.5764197218231857,0.5509191999265182,0.33138927817344666,1,1,0.5870380997657776,175.5243918299675,3.024391829967499,0.9236452992384633,0.07942715632247917,-2.5247858938815373,0.0,0.6843065023422241,204.607644200325,32.10764420032501,0.029582487419247627,8.84516373835504,0.3685484890981267,0.9981829909397584,-3.490543842315674,-0.9657579660415649,0.5031933188438416,150.45480233430862,0.9548023343086243,0.0462678037583828,13.834073323756456,0.5764197218231857,0.5509191999265182,-3.0259366035461426,-0.5497961640357971,-0.9187558346172792,0.4472637910132402
EcihYbSlyck_1,EcihYbSlyck,A man speaks as engines roar and sirens blare,10-20s,157.0,18.0,0.11464968152866242,6,0.8429434299468994,132.3421185016632,0.3076924681663513,0.07186572998762131,48.30771750211716,11.282919608056545,0.19228249788284302,0.2658886267219219,0.6268288671142526,0.4670817148156204,0.942693829536438,1,1,0.36404988169670105,57.155831426382065,2.844168573617935,7.3523399167590675,1.9950186185818615,1.6802937908532223,0.0,0.2765626311302185,43.420333087444305,1.9203330874443054,0.05175851285457611,8.12608651816845,0.4514492510093583,0.7952923133077563,-2.908020257949829,-4.588314056396484,0.3076924681663513,48.30771750211716,0.19228249788284302,0.07186572998762131,11.282919608056545,0.6268288671142526,0.4670817148156204,-2.5583767890930176,-1.336530327796936,-2.7903109318896178,0.3282105984921358
EcihYbSlyck_2,EcihYbSlyck,Engines roar as horns honk,5-10s,157.0,5.0,0.03184713375796178,6,0.8429434299468994,132.3421185016632,0.27836042642593384,0.09593752026557922,43.70258694887161,15.062190681695938,0.7025869488716125,0.13278280976952872,3.0124381363391874,1.1027497629508725,0.9236025214195251,1,1,0.36404988169670105,57.155831426382065,3.155831426382065,26.468423700332643,3.2759524640439257,1.6802937908532223,0.0,0.2721952199935913,42.734649538993835,0.26535046100616455,0.08580227196216583,13.470956698060036,2.694191339612007,0.9910980998209274,-2.3660013675689697,-4.046295166015625,0.27836042642593384,43.70258694887161,0.7025869488716125,0.09593752026557922,15.062190681695938,3.0124381363391874,1.1027497629508725,-2.24320125579834,-1.6313611268997192,-2.284854364222998,0.111651663129945
EcihYbSlyck_2,EcihYbSlyck,Engines roar as horns honk,5-10s,157.0,5.0,0.03184713375796178,8,0.5322582125663757,83.56453937292099,0.4964142143726349,0.09015180170536041,77.93703165650368,14.153832867741585,0.9370316565036774,0.14130448046749644,2.830766573548317,1.0405475490207372,0.8545658588409424,1,1,0.47813287377357483,75.06686118245125,1.5668611824512482,16.712907874584197,2.8161813474905664,0.12921232615624365,0.0,0.49335891008377075,77.45734888315201,0.45734888315200806,0.0816120058298111,12.813084915280342,2.5626169830560683,0.9410289953468285,-2.4206435680389404,-2.549855947494507,0.4964142143726349,77.93703165650368,0.9370316565036774,0.09015180170536041,14.153832867741585,2.830766573548317,1.0405475490207372,-2.3117828369140625,-1.2913349866867065,-1.8751523521437379,0.09951855367390865
ErxgH5g3Kx0_2,ErxgH5g3Kx0,Metal strikes and a horse neighs,2-5s,210.0,2.0,0.009523809523809525,9,0.6701281666755676,140.7269150018692,0.1572697013616562,0.030635658651590347,33.0266372859478,6.433488316833973,0.026637285947799683,0.31087333985930565,3.2167441584169865,1.1683697170921898,0.3066362142562866,1,1,0.1608370691537857,33.775784522295,0.7757845222949982,70.3634575009346,4.253674058811744,0.7087647924817356,0.0,0.13957494497299194,29.310738444328308,3.689261555671692,0.01790103130042553,3.759216573089361,1.8796082865446806,0.6310633969113535,-4.004833698272705,-4.713598251342773,0.1572697013616562,33.0266372859478,0.026637285947799683,0.030635658651590347,6.433488316833973,3.2167441584169865,1.1683697170921898,-3.4544758796691895,-0.6853436231613159,-3.6226106619003904,0.5373063201808363
ErxgH5g3Kx0_3,ErxgH5g3Kx0,"Something scrapes, footsteps sound, metal strikes, and a horse snorts",20s+,210.0,32.0,0.1523809523809524,1,0.3227500021457672,67.77750045061111,0.34895455837249756,0.039337512105703354,73.28045725822449,8.260877542197704,0.7195427417755127,0.24210502937293568,0.25815242319367826,1.3542050809343973,0.7653266787528992,1,1,0.44674772024154663,93.81702125072479,4.1829787492752075,2.1180468890815973,0.7504943853107449,-0.7411624414217115,0.0,0.37640565633773804,79.04518783092499,5.045187830924988,0.04357640817761421,9.151045717298985,0.28597017866559327,1.2518677439988442,-3.0886850357055664,-2.347522497177124,0.34895455837249756,73.28045725822449,0.7195427417755127,0.039337512105703354,8.260877542197704,0.25815242319367826,1.3542050809343973,-3.1954445838928223,-1.3853226900100708,-2.002362129309589,-0.10233733693555325
EzWEO2WD_MM_2,EzWEO2WD_MM,A motor is running while objects collide,2-5s,188.0,3.0,0.015957446808510637,3,0.4910241663455963,92.3125432729721,0.7229059934616089,0.11196776479482651,135.90632677078247,21.049939781427383,0.4063267707824707,0.04750607414479694,7.016646593809128,1.948285410716397,0.026451995596289635,1,1,0.7619823217391968,143.252676486969,7.752676486968994,30.770847757657368,3.4265677403894954,-0.0359071921279591,0.0,0.8858768343925476,166.54484486579895,8.95515513420105,0.1809028834104538,34.009742081165314,11.336580693721771,2.4280347267046354,-1.5102423429489136,-1.4743350744247437,0.7229059934616089,135.90632677078247,0.4063267707824707,0.11196776479482651,21.049939781427383,7.016646593809128,1.948285410716397,-2.0707969665527344,-0.511779248714447,-0.9985330136848598,-0.4797493159882383
EzWEO2WD_MM_2,EzWEO2WD_MM,A motor is running while objects collide,2-5s,188.0,3.0,0.015957446808510637,6,0.8429434299468994,158.4733648300171,0.384673535823822,0.28702512383461,72.31862473487854,53.96072328090668,0.68137526512146,0.05559599311489422,17.986907760302227,2.8896441466013805,0.04831100255250931,1,1,0.36404988169670105,68.4413777589798,4.558622241020203,52.82445494333903,3.9669742452915577,1.6802937908532223,0.0,0.33517611026763916,63.01310873031616,0.5131087303161621,0.37585949897766113,70.6615858078003,23.55386193593343,3.1592897958047175,-0.5071601867675781,-2.1874539852142334,0.384673535823822,72.31862473487854,0.68137526512146,0.28702512383461,53.96072328090668,17.986907760302227,2.8896441466013805,-0.9098764061927795,-1.0779606103897095,-0.8076844494868399,-0.26964564920333733
FA11v4SmdBc_1,FA11v4SmdBc,Whistling drifts through the air,20s+,245.0,26.0,0.10612244897959183,2,0.5923634171485901,145.12903720140457,0.9411960244178772,0.025950348004698753,230.5930259823799,6.357835261151195,0.5930259823799133,0.6291449582598546,0.2445321254288921,1.4084085863512217,0.4019862115383148,1,1,0.7359917759895325,180.31798511743546,3.6820148825645447,5.5818860462078685,1.7195267203962332,0.3737442776905129,0.0,0.9776507616043091,239.52443659305573,9.524436593055725,0.0209359023720026,5.129296081140637,0.19728061850540912,1.623128104405724,-3.8451316356658936,-4.218875885009766,0.9411960244178772,230.5930259823799,0.5930259823799133,0.025950348004698753,6.357835261151195,0.2445321254288921,1.4084085863512217,-3.625277280807495,-1.0462803840637207,-3.342654824801957,0.21471951805450204
FDwK7T1JO_0_1,FDwK7T1JO_0,Ambient noise fills the air as a man talks and something taps,10-20s,202.0,10.0,0.04950495049504951,7,0.8412365913391113,169.9297914505005,0.23135969042778015,0.03718392178416252,46.73465746641159,7.511152200400829,0.2653425335884094,0.933837370579816,0.7511152200400829,0.28619621682874363,0.09883717447519302,1,1,0.27036458253860474,54.61364567279816,7.613645672798157,16.99297914505005,2.8328002672841084,1.6674578436475704,0.0,0.18250495195388794,36.866000294685364,10.133999705314636,0.03883437067270279,7.844542875885963,0.7844542875885964,0.242766977992319,-3.20884108543396,-4.876298904418945,0.23135969042778015,46.73465746641159,0.2653425335884094,0.03718392178416252,7.511152200400829,0.7511152200400829,0.28619621682874363,-3.25398588180542,-0.7862911224365234,-3.075567245276427,-0.04342923883642459
FDwK7T1JO_0_3,FDwK7T1JO_0,An electric drill whirs,5-10s,202.0,5.0,0.024752475247524754,3,0.4910241663455963,99.18688160181046,0.9039304256439209,0.04368490353226662,182.59394598007202,8.824350513517857,0.9060540199279785,0.5666139385941882,1.7648701027035714,0.5680770914749842,0.9755448698997498,1,1,0.7619823217391968,153.92042899131775,10.579571008682251,19.83737632036209,2.98756785119476,-0.0359071921279591,0.0,0.9016935229301453,182.14209163188934,1.3579083681106567,0.03683280944824219,7.440227508544922,1.4880455017089844,0.39746351504886906,-3.263838052749634,-3.227930784225464,0.9039304256439209,182.59394598007202,0.9060540199279785,0.04368490353226662,8.824350513517857,1.7648701027035714,0.5680770914749842,-3.0860848426818848,-1.1359282732009888,-2.590104336145891,0.1706135764261151
FR7BDRhMATo_1,FR7BDRhMATo,"A train moves along, sounding its horn",10-20s,299.0,11.0,0.03678929765886288,8,0.5322582125663757,159.14520555734634,0.09380960464477539,0.012183678336441517,28.049071788787842,3.6429198225960135,0.4509282112121582,0.3311745293269103,0.3311745293269103,1.105109763634501,0.22134354710578918,1,1,0.47813287377357483,142.96172925829887,114.46172925829887,14.467745959758759,2.671921755168675,0.12921232615624365,0.0,0.4331582188606262,129.51430743932724,101.01430743932724,0.030647026374936104,9.163460886105895,0.8330418987368996,0.1826713394765057,-3.4540932178497314,-3.583305597305298,0.09380960464477539,28.049071788787842,0.4509282112121582,0.012183678336441517,3.6429198225960135,0.3311745293269103,1.105109763634501,-4.395399570465088,-1.446984887123108,-2.8545930946451805,-0.9224384241579954
FXdoNvmrYxo_1,FXdoNvmrYxo,A man is speaking,20s+,299.0,70.0,0.23411371237458195,5,0.4456096887588501,133.23729693889618,0.7724971175193787,0.07616615295410156,230.97663813829422,22.773679733276367,0.52336186170578,0.5708344085038091,0.3253382819039481,1.1228897705825045,0.9287580847740173,1,1,0.6909807920455933,206.60325682163239,0.6032568216323853,1.9033899562699454,0.6436364839110426,-0.2184255400548803,0.0,0.7809385657310486,233.50063115358353,2.0006311535835266,0.06690109521150589,20.00342746824026,0.28576324954628946,1.2525916097661005,-2.635295867919922,-2.416870355606079,0.7724971175193787,230.97663813829422,0.52336186170578,0.07616615295410156,22.773679733276367,0.3253382819039481,1.1228897705825045,-2.495615005493164,-1.1655837297439575,-1.8962280936771432,0.12970183918359615
FXdoNvmrYxo_1,FXdoNvmrYxo,A man is speaking,20s+,299.0,70.0,0.23411371237458195,6,0.8429434299468994,252.04008555412292,0.4048052430152893,0.0863439217209816,121.0367676615715,25.816832594573498,0.4632323384284973,0.1936720928752105,0.3688118942081928,0.9974685367129406,0.873428463935852,1,1,0.36404988169670105,108.85091462731361,5.649085372686386,3.600572650773185,1.2810929024710456,1.6802937908532223,0.0,0.3152487576007843,94.2593785226345,20.240621477365494,0.08627201616764069,25.795332834124565,0.3685047547732081,0.9983016643879348,-2.360027551651001,-4.040321350097656,0.4048052430152893,121.0367676615715,0.4632323384284973,0.0863439217209816,25.816832594573498,0.3688118942081928,0.9974685367129406,-2.3591158390045166,-1.4965605735778809,-2.2793945668589806,0.0008331276749944296
FXdoNvmrYxo_2,FXdoNvmrYxo,Something rolls and bumps into things,2-5s,299.0,4.0,0.013377926421404682,6,0.8429434299468994,252.04008555412292,0.33883628249168396,0.022053444758057594,101.3120484650135,6.593979982659221,0.31204846501350403,0.6066139130720988,1.6484949956648052,0.4998627478349016,0.7718938589096069,1,1,0.36404988169670105,108.85091462731361,7.850914627313614,63.01002138853073,4.143293783400514,1.6802937908532223,0.0,0.27327632904052734,81.70962238311768,19.290377616882324,0.03195716813206673,9.555193271487951,2.388798317871988,0.8707904436297295,-3.4108798503875732,-5.0911736488342285,0.33883628249168396,101.3120484650135,0.31204846501350403,0.022053444758057594,6.593979982659221,1.6484949956648052,0.4998627478349016,-3.7919862270355225,-1.460268497467041,-3.2725033397707843,-0.3709276957948279
FXdoNvmrYxo_4,FXdoNvmrYxo,A boy and a girl are talking as air is being pumped,5-10s,299.0,6.0,0.020066889632107024,5,0.4456096887588501,133.23729693889618,0.8055006861686707,0.03086230345070362,240.84470516443253,9.227828731760383,0.8447051644325256,0.6502071261194059,1.5379714552933972,0.4304643112840402,0.7990458011627197,1,1,0.6909807920455933,206.60325682163239,33.396743178367615,22.206216156482697,3.1003722567323466,-0.2184255400548803,0.0,0.8096814751625061,242.09476107358932,2.094761073589325,0.0362938828766346,10.851870980113745,1.8086451633522909,0.5925780364557274,-3.279137134552002,-3.060711622238159,0.8055006861686707,240.84470516443253,0.8447051644325256,0.03086230345070362,9.227828731760383,1.5379714552933972,0.4304643112840402,-3.446871280670166,-1.641856074333191,-2.5077942202766192,-0.16211372517168723
FeHndzYAUkg_2,FeHndzYAUkg,A man talks as music plays,20s+,299.0,90.0,0.3010033444816054,2,0.5923634171485901,177.11666172742844,0.9859141111373901,0.01665055938065052,294.78831923007965,4.978517254814506,0.21168076992034912,0.49785172548145057,0.05531685838682784,2.894677563624144,0.006091210525482893,1,1,0.7359917759895325,220.0615410208702,8.061541020870209,1.9679629080825383,0.6769989509334096,0.3737442776905129,0.0,0.9626194834709167,287.8232255578041,7.176774442195892,0.05800029635429382,17.342088609933853,0.19268987344370947,1.64667325583156,-2.7875568866729736,-3.1613011360168457,0.9859141111373901,294.78831923007965,0.21168076992034912,0.01665055938065052,4.978517254814506,0.05531685838682784,2.894677563624144,-4.078520774841309,-0.9479019045829773,-2.3236722067649693,-1.2480043077925838
FfUqv0Vv3ME_2,FfUqv0Vv3ME,A man and a woman are talking,10-20s,297.0,16.0,0.05387205387205387,2,0.5923634171485901,175.93193489313126,0.9933440685272217,0.017617227509617805,295.02318835258484,5.232316570356488,0.5231883525848389,0.8144507205563912,0.3270197856472805,1.117734603348725,0.01131520513445139,1,1,0.7359917759895325,218.58955746889114,9.089557468891144,10.995745930820704,2.3975084644359064,0.3737442776905129,0.0,0.9735144972801208,289.1338056921959,5.366194307804108,0.047510214149951935,14.110533602535725,0.8819083501584828,0.12566713975944788,-2.9981346130371094,-3.3718788623809814,0.9933440685272217,295.02318835258484,0.5231883525848389,0.017617227509617805,5.232316570356488,0.3270197856472805,1.117734603348725,-4.021103858947754,-0.9959463477134705,-2.5231756041953544,-0.9920674635892771
FfUqv0Vv3ME_2,FfUqv0Vv3ME,A man and a woman are talking,10-20s,297.0,16.0,0.05387205387205387,9,0.6701281666755676,199.02806550264359,0.07904639095067978,0.1153264120221138,23.476778112351894,34.2519443705678,0.5232218876481056,0.05962882827313933,2.1407465231604874,0.7611546108006861,0.9264518022537231,1,1,0.1608370691537857,47.768609538674355,3.7686095386743546,12.439254093915224,2.5208571252171392,0.7087647924817356,0.0,0.10209000110626221,30.320730328559875,6.3207303285598755,0.1480022817850113,43.956677690148354,2.747292355634272,1.010615828692341,-1.7503561973571777,-2.459120988845825,0.07904639095067978,23.476778112351894,0.5232218876481056,0.1153264120221138,34.2519443705678,2.1407465231604874,0.7611546108006861,-2.037452220916748,-1.588774561882019,-1.510241296524798,-0.2494612178916548
G3YO2unWz7k_2,G3YO2unWz7k,An engine rumbles,10-20s,299.0,16.0,0.05351170568561873,2,0.5923634171485901,177.11666172742844,0.97552490234375,0.03491496667265892,291.68194580078125,10.439575035125017,0.31805419921875,0.6524734396953136,0.6524734396953136,0.4269848460615731,0.9684310555458069,1,1,0.7359917759895325,220.0615410208702,71.93845897912979,11.069791357964277,2.4042198990238934,0.3737442776905129,0.0,0.9752399325370789,291.5967398285866,0.40326017141342163,0.030618436634540558,9.154912553727627,0.5721820346079767,0.5582980959090481,-3.4550559520721436,-3.8288002014160156,0.97552490234375,291.68194580078125,0.31805419921875,0.03491496667265892,10.439575035125017,0.6524734396953136,0.4269848460615731,-3.319300651550293,-0.9864166975021362,-2.9625179949329414,0.13131324984747503
GGgQR7aIofY_1,GGgQR7aIofY,Someone clears their throat,2-5s,168.0,2.0,0.011904761904761904,0,0.18933655321598053,31.80854094028473,0.18068699538707733,0.024174708873033524,30.35541522502899,4.061351090669632,0.6445847749710083,0.4924469604695618,2.030675545334816,0.7083685186475073,0.013026679866015911,1,1,0.6764324307441711,113.64064836502075,82.64064836502075,15.904270470142365,2.766587656192043,-1.4543268461844807,0.0,0.6701349020004272,112.58266353607178,81.58266353607178,0.03934343904256821,6.609697759151459,3.3048488795757294,1.1953907474702605,-3.1952877044677734,-1.740960955619812,0.18068699538707733,30.35541522502899,0.6445847749710083,0.024174708873033524,4.061351090669632,2.030675545334816,0.7083685186475073,-3.697976589202881,-1.2472416162490845,-1.5711969087217823,-0.4870222288227533
GGgQR7aIofY_2,GGgQR7aIofY,Brass instruments,20s+,168.0,20.0,0.11904761904761904,5,0.4456096887588501,74.86242771148682,0.7931471467018127,0.038735680282115936,133.24872064590454,6.507594287395477,0.748720645904541,0.8004081651249955,0.32537971436977386,1.1227624267373397,0.910788893699646,1,1,0.6909807920455933,116.08477306365967,16.415226936340332,3.743121385574341,1.319919858418983,-0.2184255400548803,0.0,0.7246286869049072,121.73761940002441,10.762380599975586,0.04600733518600464,7.729232311248779,0.38646161556243896,0.9507227287909404,-3.0318551063537598,-2.813429594039917,0.7931471467018127,133.24872064590454,0.748720645904541,0.038735680282115936,6.507594287395477,0.32537971436977386,1.1227624267373397,-3.2114882469177246,-1.7124855518341064,-2.2706425872099234,-0.17203969794639926
H-vTZh81qAU_1,H-vTZh81qAU,A door opens and closes as machinery hums,5-10s,81.0,6.0,0.07407407407407407,6,0.8429434299468994,68.27841782569885,0.2836986184120178,0.03288748115301132,22.979588091373444,2.663885973393917,0.020411908626556396,0.7507828863455087,0.44398099556565285,0.8119735202460386,0.9650207757949829,1,1,0.36404988169670105,29.488040417432785,6.488040417432785,11.379736304283142,2.431834256574102,1.6802937908532223,0.0,0.2738493084907532,22.181793987751007,0.8182060122489929,0.03842773661017418,3.1126466654241085,0.5187744442373514,0.656286087126008,-3.21979022026062,-4.900084018707275,0.2836986184120178,22.979588091373444,0.020411908626556396,0.03288748115301132,2.663885973393917,0.44398099556565285,0.8119735202460386,-3.381222724914551,-1.885244607925415,-3.0881203437001097,-0.15568743312003067
H-vTZh81qAU_1,H-vTZh81qAU,A door opens and closes as machinery hums,5-10s,81.0,6.0,0.07407407407407407,7,0.8412365913391113,68.14016389846802,0.19120007753372192,0.03376222401857376,15.487206280231476,2.7347401455044746,0.5127937197685242,0.6836850363761187,0.4557900242507458,0.785723048652391,0.9185843467712402,1,1,0.27036458253860474,21.899531185626984,1.1004688143730164,11.356693983078003,2.429807348321333,1.6674578436475704,0.0,0.1900371015071869,15.393005222082138,0.6069947779178619,0.04218658432364464,3.4171133302152157,0.5695188883692026,0.5629633300615758,-3.1225507259368896,-4.790008544921875,0.19120007753372192,15.487206280231476,0.5127937197685242,0.03376222401857376,2.7347401455044746,0.4557900242507458,0.785723048652391,-3.354067325592041,-1.8942090272903442,-2.9927706783829087,-0.22275971859081506
H7-orYrKBeo_1,H7-orYrKBeo,Women argue as a man speaks,2-5s,93.0,4.0,0.043010752688172046,6,0.8429434299468994,78.39373898506165,0.3767378330230713,0.8988185524940491,35.03661847114563,83.59012538194656,0.9633815288543701,0.0478525421719717,20.89753134548664,3.0396310345535205,0.8107052445411682,1,1,0.36404988169670105,33.8566389977932,2.1433610022068024,19.59843474626541,2.9754497031630835,1.6802937908532223,0.0,0.38626036047935486,35.92221352458,0.07778647541999817,0.8089852929115295,75.23563224077225,18.808908060193062,2.934330590601494,1.4434306621551514,-0.23686310648918152,0.3767378330230713,35.03661847114563,0.9633815288543701,0.8988185524940491,83.59012538194656,20.89753134548664,3.0396310345535205,2.1841654777526855,0.27511441707611084,-0.04111911256158921,0.1053004439520264
HVz-FJBf_iM_1,HVz-FJBf_iM,A switch clicks,0-2s,67.0,1.0,0.014925373134328358,4,0.07413875311613083,4.9672964587807655,0.5850713849067688,0.05802321061491966,39.19978278875351,3.8875551111996174,0.3002172112464905,0.25723108004799994,3.8875551111996174,1.3577804539192377,0.9039057493209839,1,1,0.5870380997657776,39.3315526843071,0.1684473156929016,4.9672964587807655,1.602875720025746,-2.5247858938815373,0.0,0.5870980620384216,39.33557015657425,0.16442984342575073,0.06072448194026947,4.0685402899980545,4.0685402899980545,1.4032842840176845,-2.7387619018554688,-0.21397578716278076,0.5850713849067688,39.19978278875351,0.3002172112464905,0.05802321061491966,3.8875551111996174,3.8875551111996174,1.3577804539192377,-2.787137508392334,-1.0621834993362427,-0.19959143600806142,-0.045503830098446794
HVz-FJBf_iM_2,HVz-FJBf_iM,Water is running,10-20s,67.0,18.0,0.26865671641791045,2,0.5923634171485901,39.688348948955536,0.9411181807518005,0.009837456978857517,63.054918110370636,0.6591096175834537,0.945081889629364,0.1690260776277986,0.036617200976858534,3.307237176931774,0.06174204871058464,1,1,0.7359917759895325,49.311448991298676,2.8114489912986755,2.204908274941974,0.7906859093677895,0.3737442776905129,0.0,0.9622340202331543,64.46967935562134,0.4696793556213379,0.06415753066539764,4.298554554581642,0.23880858636564678,1.432092941805049,-2.680105686187744,-3.053849935531616,0.9411181807518005,63.054918110370636,0.945081889629364,0.009837456978857517,0.6591096175834537,0.036617200976858534,3.307237176931774,-4.6116719245910645,-1.6340581178665161,-2.2227788511728384,-1.8751442351267247
HVz-FJBf_iM_2,HVz-FJBf_iM,Water is running,10-20s,67.0,18.0,0.26865671641791045,3,0.4910241663455963,32.89861914515495,0.962769627571106,0.04547509178519249,64.5055650472641,3.046831149607897,0.5055650472640991,0.6564197035524546,0.1692683972004387,1.7762696747192166,0.07775789499282837,1,1,0.7619823217391968,51.052815556526184,4.552815556526184,1.8277010636197195,0.6030589277224571,-0.0359071921279591,0.0,0.9552483558654785,64.00163984298706,0.0016398429870605469,0.055873919278383255,3.743552591651678,0.20797514398064879,1.5703367065145588,-2.827162027359009,-2.791254758834839,0.962769627571106,64.5055650472641,0.5055650472640991,0.04547509178519249,3.046831149607897,0.1692683972004387,1.7762696747192166,-3.044049024581909,-1.106877326965332,-2.173395634237016,-0.20593296820465773
HVz-FJBf_iM_2,HVz-FJBf_iM,Water is running,10-20s,67.0,18.0,0.26865671641791045,6,0.8429434299468994,56.47720980644226,0.3093422055244446,0.06537795066833496,20.725927770137787,4.380322694778442,0.7259277701377869,0.24335126082102457,0.24335126082102457,1.4132493616147002,0.9416195750236511,1,1,0.36404988169670105,24.39134207367897,4.39134207367897,3.13762276702457,1.1434654326245195,1.6802937908532223,0.0,0.314094603061676,21.044338405132294,1.0443384051322937,0.07575162500143051,5.075358875095844,0.28196438194976914,1.2659745211638522,-2.501520872116089,-4.181814670562744,0.3093422055244446,20.725927770137787,0.7259277701377869,0.06537795066833496,4.380322694778442,0.24335126082102457,1.4132493616147002,-2.65995717048645,-1.8233412504196167,-2.4094399537883717,-0.14727484045084785
HZ9O6sc7cLA_1,HZ9O6sc7cLA,Music plays,10-20s,268.0,10.0,0.03731343283582089,9,0.6701281666755676,179.59434866905212,0.013289484195411205,0.03081318736076355,3.561581764370203,8.257934212684631,0.938418235629797,0.8038297398740789,0.8257934212684631,0.19141063205683856,0.9932166934013367,1,1,0.1608370691537857,43.10433453321457,38.60433453321457,17.959434866905212,2.8881155961710316,0.7087647924817356,0.0,0.017279209569096565,4.6308281645178795,0.13082816451787949,0.0384344607591629,10.300435483455658,1.0300435483455659,0.029601081294923975,-3.2196083068847656,-3.928373098373413,0.013289484195411205,3.561581764370203,0.938418235629797,0.03081318736076355,8.257934212684631,0.8257934212684631,0.19141063205683856,-3.448514699935913,-1.215954303741455,-2.858514514876108,-0.22101171335176245
HdPSebdDxe4_1,HdPSebdDxe4,Alarms sound,2-5s,121.0,2.0,0.01652892561983471,0,0.18933655321598053,22.909722939133644,0.7694858312606812,0.03619645908474922,93.10778558254242,4.379771549254656,0.10778558254241943,0.4566448221118651,2.189885774627328,0.7838493847637326,0.9377233982086182,1,1,0.6764324307441711,81.84832412004471,11.151675879955292,11.454861469566822,2.4384142223855254,-1.4543268461844807,0.0,0.7406368851661682,89.61706310510635,3.3829368948936462,0.030974499881267548,3.7479144856333733,1.8739572428166866,0.628052367556308,-3.443126678466797,-1.988799810409546,0.7694858312606812,93.10778558254242,0.10778558254241943,0.03619645908474922,4.379771549254656,2.189885774627328,0.7838493847637326,-3.281926155090332,-1.0925062894821167,-1.8103618548292173,0.15579701720742462
HdPSebdDxe4_1,HdPSebdDxe4,Alarms sound,2-5s,121.0,2.0,0.01652892561983471,7,0.8412365913391113,101.78962755203247,0.22123406827449799,0.03632231429219246,26.769322261214256,4.3950000293552876,0.2693222612142563,0.22753128403202588,2.1975000146776438,0.7873203572564413,0.9106053709983826,1,1,0.27036458253860474,32.71411448717117,2.785885512828827,50.894813776016235,3.929761027913745,1.6674578436475704,0.0,0.2013358473777771,24.36163753271103,2.138362467288971,0.03754854202270508,4.5433735847473145,2.2716867923736572,0.8205226358866253,-3.243849039077759,-4.911306858062744,0.22123406827449799,26.769322261214256,0.2693222612142563,0.03632231429219246,4.3950000293552876,2.1975000146776438,0.7873203572564413,-3.278324604034424,-1.8903288841247559,-3.1092383920271196,-0.03320227863018407
HdPSebdDxe4_1,HdPSebdDxe4,Alarms sound,2-5s,121.0,2.0,0.01652892561983471,8,0.5322582125663757,64.40324372053146,0.5726219415664673,0.02961674891412258,69.28725492954254,3.5836266186088324,0.2872549295425415,0.5580938565459149,1.7918133093044162,0.5832281290499571,0.8959530591964722,1,1,0.47813287377357483,57.854077726602554,11.145922273397446,32.20162186026573,3.4720168196131547,0.12921232615624365,0.0,0.5271649956703186,63.78696447610855,5.213035523891449,0.030612247064709663,3.7040818948298693,1.8520409474149346,0.6162882458148468,-3.4552645683288574,-3.584476947784424,0.5726219415664673,69.28725492954254,0.2872549295425415,0.02961674891412258,3.5836266186088324,1.7918133093044162,0.5832281290499571,-3.4893510341644287,-1.5600428581237793,-2.855728573798308,-0.03306011676488965
HdPSebdDxe4_2,HdPSebdDxe4,"As a man talks, someone screams",10-20s,121.0,10.0,0.08264462809917356,6,0.8429434299468994,101.99615502357483,0.28131332993507385,0.028871988877654076,34.038912922143936,3.493510654196143,0.46108707785606384,0.2862450122483167,0.3493510654196143,1.0516779442685216,0.6950827240943909,1,1,0.36404988169670105,44.05003568530083,3.050035685300827,10.199615502357483,2.3223500237324135,1.6802937908532223,0.0,0.288095086812973,34.859505504369736,0.3595055043697357,0.028208376839756966,3.413213597610593,0.34132135976105926,1.0749308414910916,-3.539522409439087,-5.219816207885742,0.28131332993507385,34.038912922143936,0.46108707785606384,0.028871988877654076,3.493510654196143,0.3493510654196143,1.0516779442685216,-3.5155863761901855,-1.655809998512268,-3.397280865223505,0.02325289722257008
HdPSebdDxe4_3,HdPSebdDxe4,Retching sound,5-10s,121.0,5.0,0.04132231404958678,4,0.07413875311613083,8.97078912705183,0.5583328604698181,0.037712257355451584,67.55827611684799,4.563183140009642,0.44172388315200806,0.438290539440364,0.9126366280019284,0.09141747541662415,0.9048254489898682,1,1,0.5870380997657776,71.03161007165909,1.0316100716590881,1.794157825410366,0.5845357337974207,-2.5247858938815373,0.0,0.6088849306106567,73.67507660388947,3.6750766038894653,0.05942719802260399,7.190690960735083,1.4381381921470164,0.36334935492284137,-2.761737108230591,-0.23695121705532074,0.5583328604698181,67.55827611684799,0.44172388315200806,0.037712257355451584,4.563183140009642,0.9126366280019284,0.09141747541662415,-3.239328384399414,-1.6817315816879272,-0.2211863788745793,-0.45476683033946563
HdPSebdDxe4_3,HdPSebdDxe4,Retching sound,5-10s,121.0,5.0,0.04132231404958678,8,0.5322582125663757,64.40324372053146,0.5610314011573792,0.026673518121242523,67.88479954004288,3.2274956926703453,0.1152004599571228,0.6196754977991163,0.645499138534069,0.43773140326787335,0.8197572827339172,1,1,0.47813287377357483,57.854077726602554,10.145922273397446,12.880648744106292,2.5557260877389996,0.12921232615624365,0.0,0.49738016724586487,60.18300023674965,7.816999763250351,0.03377616032958031,4.086915399879217,0.8173830799758435,0.20164740787554658,-3.35364031791687,-3.4828526973724365,0.5610314011573792,67.88479954004288,0.1152004599571228,0.026673518121242523,3.2274956926703453,0.645499138534069,0.43773140326787335,-3.597048282623291,-1.7888966798782349,-2.757373495614546,-0.2360839953923266
HdPSebdDxe4_4,HdPSebdDxe4,Music plays,2-5s,121.0,4.0,0.03305785123966942,3,0.4910241663455963,59.413924127817154,0.9382341504096985,0.041323430836200714,113.52633219957352,5.000135131180286,0.5263321995735168,0.7905728854989394,1.2500337827950716,0.2231705771850649,0.9398891925811768,1,1,0.7619823217391968,92.19986093044281,20.80013906955719,14.853481031954288,2.6982342507045063,-0.0359071921279591,0.0,0.9682946801185608,117.16365629434586,4.163656294345856,0.048783887177705765,5.9028503485023975,1.4757125871255994,0.38914098304742,-2.970341205596924,-2.934433937072754,0.9382341504096985,113.52633219957352,0.5263321995735168,0.041323430836200714,5.000135131180286,1.2500337827950716,0.2231705771850649,-3.1441240310668945,-0.9248858094215393,-2.309093267657086,-0.16597040586235517
Hdxfbpnd2-8_4,Hdxfbpnd2-8,Someone snaps their fingers,0-2s,299.0,1.0,0.0033444816053511705,8,0.5322582125663757,159.14520555734634,0.5360901355743408,0.05240580067038536,160.2909505367279,15.669334400445223,0.7909505367279053,0.06381892009220164,15.669334400445223,2.751705579425288,0.45342472195625305,1,1,0.47813287377357483,142.96172925829887,16.538270741701126,159.14520555734634,5.069817027967045,0.12921232615624365,0.0,0.5290358066558838,158.18170619010925,1.318293809890747,0.03059964068233967,9.14929256401956,9.14929256401956,2.2136765608907414,-3.4556894302368164,-3.584901809692383,0.5360901355743408,160.2909505367279,0.7909505367279053,0.05240580067038536,15.669334400445223,15.669334400445223,2.751705579425288,-2.894909143447876,-0.8438689112663269,-2.8561404670763038,0.5380290185345463
HqndxoujCYI_2,HqndxoujCYI,Several women talk as a man speaks and things bump into each other,5-10s,97.0,9.0,0.09278350515463918,5,0.4456096887588501,43.22413980960846,0.8906470537185669,0.10350862145423889,86.39276421070099,10.040336281061172,0.39276421070098877,0.19919651533709568,1.115592920117908,0.10938603049604673,0.9723173975944519,1,1,0.6909807920455933,67.02513682842255,1.5251368284225464,4.802682201067607,1.5691745537368786,-0.2184255400548803,0.0,0.8885446786880493,86.18883383274078,0.1888338327407837,0.055141646414995193,5.348739702254534,0.5943044113616148,0.5203636138512475,-2.841129779815674,-2.622704267501831,0.8906470537185669,86.39276421070099,0.39276421070098877,0.10350862145423889,10.040336281061172,1.115592920117908,0.10938603049604673,-2.1588337421417236,-0.4377560317516327,-2.089538167588126,0.6297496443472942
I4HpYGMMsz4_2,I4HpYGMMsz4,Music plays,10-20s,238.0,14.0,0.058823529411764705,3,0.4910241663455963,116.86375159025192,0.974624752998352,0.0501946285367012,231.9606912136078,11.946321591734886,0.9606912136077881,0.8533086851239204,0.8533086851239204,0.158633915214213,0.9379781484603882,1,1,0.7619823217391968,181.35179257392883,49.64820742607117,8.347410827875137,2.121951410283872,-0.0359071921279591,0.0,0.9542040228843689,227.1005574464798,3.8994425535202026,0.06390281021595001,15.208868831396103,1.0863477736711502,0.08282140383092507,-2.6843559741973877,-2.6484487056732178,0.974624752998352,231.9606912136078,0.9606912136077881,0.0501946285367012,11.946321591734886,0.8533086851239204,0.158633915214213,-2.9403491020202637,-1.1988109350204468,-2.0391300064529467,-0.24145531904513812
IKnx3hJv1bs_1,IKnx3hJv1bs,"Amid background noise, a woman speaks",5-10s,300.0,9.0,0.03,6,0.8429434299468994,252.88302898406982,0.01593979075551033,0.009141284972429276,4.781937226653099,2.7423854917287827,0.28193722665309906,0.30470949908097583,0.30470949908097583,1.188396418284497,0.07139422744512558,1,1,0.36404988169670105,109.21496450901031,104.71496450901031,28.098114331563313,3.3357024684497,1.6802937908532223,0.0,0.22757971286773682,68.27391386032104,63.773913860321045,0.049584027379751205,14.875208213925362,1.6528009126583736,0.5024713715723232,-2.9532310962677,-4.6335248947143555,0.01593979075551033,4.781937226653099,0.28193722665309906,0.009141284972429276,2.7423854917287827,0.30470949908097583,1.188396418284497,-4.6857709884643555,-2.360891342163086,-2.8332310968773764,-1.6908677898568203
IKnx3hJv1bs_1,IKnx3hJv1bs,"Amid background noise, a woman speaks",5-10s,300.0,9.0,0.03,9,0.6701281666755676,201.0384500026703,0.012356055900454521,0.026003487408161163,3.7068167701363564,7.801046222448349,0.7931832298636436,0.8274508233270821,0.8667829136053721,0.14296672155232112,0.9920104742050171,1,1,0.1608370691537857,48.25112074613571,43.75112074613571,22.337605555852253,3.1062716059742024,0.7087647924817356,0.0,0.022225268185138702,6.667580455541611,2.1675804555416107,0.04145137220621109,12.435411661863327,1.381712406873703,0.3233236044667501,-3.140899181365967,-3.8496639728546143,0.012356055900454521,3.7068167701363564,0.7931832298636436,0.026003487408161163,7.801046222448349,0.8667829136053721,0.14296672155232112,-3.6231770515441895,-1.3404799699783325,-2.782948001507452,-0.46629032601907117
I_vN_BFUr0Y_1,I_vN_BFUr0Y,A train blows its horn and rings its bell as it moves along the tracks,10-20s,299.0,11.0,0.03678929765886288,2,0.5923634171485901,177.11666172742844,0.9758365154266357,0.01921088621020317,291.7751181125641,5.744054976850748,0.2751181125640869,0.5222791237358227,0.5221868160773407,0.6497298699194995,0.8623501658439636,1,1,0.7359917759895325,220.0615410208702,45.43845897912979,16.101514702493493,2.778913348465304,0.3737442776905129,0.0,0.9840367436408997,294.226986348629,2.726986348628998,0.019749600440263748,5.905130531638861,0.5368300483308055,0.6220737181200588,-3.904674768447876,-4.278419017791748,0.9758365154266357,291.7751181125641,0.2751181125640869,0.01921088621020317,5.744054976850748,0.5221868160773407,0.6497298699194995,-3.932880401611328,-1.0810247659683228,-3.4009870665853628,-0.02765615179944071
I_vN_BFUr0Y_1,I_vN_BFUr0Y,A train blows its horn and rings its bell as it moves along the tracks,10-20s,299.0,11.0,0.03678929765886288,7,0.8412365913391113,251.5297408103943,0.20718462765216827,0.03414875641465187,61.948203667998314,10.21047816798091,0.5517963320016861,0.9010854924399077,0.9282252879982645,0.0744808084196252,0.961328387260437,1,1,0.27036458253860474,80.83901017904282,18.339010179042816,22.86634007367221,3.129665963469265,1.6674578436475704,0.0,0.2112739384174347,63.17090758681297,0.670907586812973,0.047427479177713394,14.180816274136305,1.2891651158305732,0.2539948118206128,-2.999964475631714,-4.667422294616699,0.20718462765216827,61.948203667998314,0.5517963320016861,0.03414875641465187,10.21047816798091,0.9282252879982645,0.0744808084196252,-3.3422837257385254,-2.168701410293579,-2.8756711516486524,-0.32847562024023796
I_vN_BFUr0Y_2,I_vN_BFUr0Y,A train moves along the tracks,20s+,299.0,159.0,0.5317725752508361,3,0.4910241663455963,146.8162257373333,0.932111382484436,0.08804496377706528,278.7013033628464,26.325444169342518,0.2013033628463745,0.7977073383800946,0.16556883125372654,1.7983682718129015,0.9203681349754333,1,1,0.7619823217391968,227.83271420001984,50.667285799980164,0.9233724889140459,0.07972256260188937,-0.0359071921279591,0.0,0.9200670123100281,275.1000366806984,3.3999633193016052,0.07113434374332428,21.26916877925396,0.13376835710222615,2.011645653261415,-2.5693938732147217,-2.5334866046905518,0.932111382484436,278.7013033628464,0.2013033628463745,0.08804496377706528,26.325444169342518,0.16556883125372654,1.7983682718129015,-2.337743043899536,-0.7177214622497559,-1.931923090659525,0.21327738144851308
I_vN_BFUr0Y_2,I_vN_BFUr0Y,A train moves along the tracks,20s+,299.0,159.0,0.5317725752508361,8,0.5322582125663757,159.14520555734634,0.49336889386177063,0.3737258017063141,147.51729926466942,111.74401471018791,0.9827007353305817,0.7027925453470938,0.7027925453470938,0.3526935298012987,0.9552256464958191,1,1,0.47813287377357483,142.96172925829887,5.538270741701126,1.0009132424990337,0.0009128257468139221,0.12921232615624365,0.0,0.4958909749984741,148.27140152454376,0.2285984754562378,0.23392346501350403,69.9431160390377,0.4398938115662749,0.8212219185457499,-1.1862881183624268,-1.3155003786087036,0.49336889386177063,147.51729926466942,0.9827007353305817,0.3737258017063141,111.74401471018791,0.7027925453470938,0.3526935298012987,-0.5162659287452698,-0.7138966917991638,-0.8221347442925638,0.4685283887444512
IsUG5SKWNZA_1,IsUG5SKWNZA,A woman chats with someone,10-20s,134.0,12.0,0.08955223880597014,4,0.07413875311613083,9.934592917561531,0.607728898525238,0.06844004988670349,81.4356724023819,9.170966684818268,0.564327597618103,0.7642472237348557,0.7642472237348557,0.2688639508839926,0.8262607455253601,1,1,0.5870380997657776,78.6631053686142,3.3368946313858032,0.8278827431301276,0.188883749202309,-2.5247858938815373,0.0,0.6532090306282043,87.53001010417938,5.530010104179382,0.0691853016614914,9.270830422639847,0.7725692018866539,0.2580336924921438,-2.599271774291992,-0.07448584586381912,0.607728898525238,81.4356724023819,0.564327597618103,0.06844004988670349,9.170966684818268,0.7642472237348557,0.2688639508839926,-2.6109023094177246,-0.87982177734375,-0.06914994328983484,-0.010830258391848804
ItS07xtdi4s_2,ItS07xtdi4s,People are talking while engines are running,5-10s,160.0,9.0,0.05625,9,0.6701281666755676,107.22050666809082,0.1030912771821022,0.12449853867292404,16.494604349136353,19.919766187667847,0.49460434913635254,0.10040278491010515,2.213307354185316,0.7944879371844717,0.9028944373130798,1,1,0.1608370691537857,25.733931064605713,9.733931064605713,11.913389629787869,2.477662946551828,0.7087647924817356,0.0,0.10157401859760284,16.251842975616455,0.2518429756164551,0.13649915158748627,21.839864253997803,2.4266515837775335,0.8865123580448776,-1.8446764945983887,-2.553441286087036,0.1030912771821022,16.494604349136353,0.49460434913635254,0.12449853867292404,19.919766187667847,2.213307354185316,0.7944879371844717,-1.9505027532577515,-1.1751154661178589,-1.5911505885069506,-0.09202442086040587
ItS07xtdi4s_4,ItS07xtdi4s,An explosion goes off,10-20s,160.0,19.0,0.11875,4,0.07413875311613083,11.862200498580933,0.6765065789222717,0.03780888020992279,108.24105262756348,6.0494208335876465,0.7410526275634766,0.6721578703986274,0.3183905701888235,1.144476441691611,0.9290388822555542,1,1,0.5870380997657776,93.92609596252441,13.573904037475586,0.6243263420305754,0.47108206329783364,-2.5247858938815373,0.0,0.673629105091095,107.7806568145752,0.2806568145751953,0.031825508922338486,5.092081427574158,0.2680042856617978,1.3167523073237746,-3.415144205093384,-0.8903581500053406,0.6765065789222717,108.24105262756348,0.7410526275634766,0.03780888020992279,6.0494208335876465,0.3183905701888235,1.144476441691611,-3.2366690635681152,-0.8584386706352234,-0.845670244025941,0.17227586563216382
JHhEjsAkZoc_1,JHhEjsAkZoc,A train blows its whistle,20s+,299.0,46.0,0.15384615384615385,0,0.18933655321598053,56.61162941157818,0.7677547335624695,0.03619423881173134,229.55866533517838,10.82207740470767,0.44133466482162476,0.2352625522762537,0.2352625522762537,1.4470531447615425,0.925803542137146,1,1,0.6764324307441711,202.25329679250717,25.75329679250717,1.2306875959038734,0.20757303425032084,-1.4543268461844807,0.0,0.7442260980606079,222.52360332012177,7.476396679878235,0.02422476001083851,7.243203243240714,0.1574609400704503,1.8485778510261202,-3.695857048034668,-2.241530179977417,0.7677547335624695,229.55866533517838,0.44133466482162476,0.03619423881173134,10.82207740470767,0.2352625522762537,1.4470531447615425,-3.281989812850952,-0.7234060764312744,-2.056150885276441,0.4015247062645776
JHhEjsAkZoc_1,JHhEjsAkZoc,A train blows its whistle,20s+,299.0,46.0,0.15384615384615385,9,0.6701281666755676,200.36832183599472,0.06281817704439163,0.04923030361533165,18.782634936273098,14.719860780984163,0.217365063726902,0.6133275325410068,0.3199969734996557,1.139443741046666,0.9778919816017151,1,1,0.1608370691537857,48.090283676981926,29.090283676981926,4.35583308339119,1.4715158855558121,0.7087647924817356,0.0,0.061237480491399765,18.31000666692853,0.6899933330714703,0.051349952816963196,15.353635892271996,0.3337746933102608,1.0972890845581396,-2.9163758754730225,-3.62514066696167,0.06281817704439163,18.782634936273098,0.217365063726902,0.04923030361533165,14.719860780984163,0.3199969734996557,1.139443741046666,-2.9607625007629395,-1.209539532661438,-2.568804970113952,-0.042154656488526475
JZloTOdIY_c_1,JZloTOdIY_c,Music plays,10-20s,88.0,12.0,0.13636363636363635,8,0.5322582125663757,46.838722705841064,0.06995286792516708,0.09043796360492706,6.155852377414703,7.9585407972335815,0.15585237741470337,0.6632117331027985,0.6632117331027985,0.41066098366676546,0.017774229869246483,1,1,0.47813287377357483,42.075692892074585,36.075692892074585,3.903226892153422,1.361803619266565,0.12921232615624365,0.0,0.4144977927207947,36.47580575942993,30.47580575942993,0.12846145033836365,11.304607629776001,0.9420506358146667,0.059696252331688106,-1.9146311283111572,-2.0438435077667236,0.06995286792516708,6.155852377414703,0.15585237741470337,0.09043796360492706,7.9585407972335815,0.6632117331027985,0.41066098366676546,-2.3082990646362305,-1.4394207000732422,-1.4214998715982532,-0.3509647313350774
JZloTOdIY_c_1,JZloTOdIY_c,Music plays,10-20s,88.0,12.0,0.13636363636363635,9,0.6701281666755676,58.97127866744995,0.06496444344520569,0.16209693253040314,5.716871023178101,14.264530062675476,0.2831289768218994,0.8412474822005641,1.1887108385562897,0.17286939095419937,0.9826455116271973,1,1,0.1608370691537857,14.153662085533142,8.153662085533142,4.914273222287496,1.5921438733444269,0.7087647924817356,0.0,0.05195223167538643,4.571796387434006,1.4282036125659943,0.11561210453510284,10.17386519908905,0.8478220999240875,0.16508445302414643,-2.0346550941467285,-2.743419885635376,0.06496444344520569,5.716871023178101,0.2831289768218994,0.16209693253040314,14.264530062675476,1.1887108385562897,0.17286939095419937,-1.6427079439163208,-0.3661459684371948,-1.7572283263685733,0.33795384397834577
Jp64Whpr3BA_1,Jp64Whpr3BA,Machines are running,10-20s,76.0,12.0,0.15789473684210525,1,0.3227500021457672,24.529000163078308,0.5057265758514404,0.1214829832315445,38.43521976470947,9.232706725597382,0.5647802352905273,0.7693922271331152,0.7693922271331152,0.2621543912193723,0.9274899959564209,1,1,0.44674772024154663,33.952826738357544,5.047173261642456,2.0440833469231925,0.7149494478913336,-0.7411624414217115,0.0,0.4878634512424469,37.077622294425964,1.9223777055740356,0.07357361167669296,5.591594487428665,0.4659662072857221,0.763642164040188,-2.533048152923584,-1.7918856143951416,0.5057265758514404,38.43521976470947,0.5647802352905273,0.1214829832315445,9.232706725597382,0.7693922271331152,0.2621543912193723,-1.9784610271453857,-0.9501585364341736,-1.4785916119315217,0.5014877728208158
Jp64Whpr3BA_1,Jp64Whpr3BA,Machines are running,10-20s,76.0,12.0,0.15789473684210525,3,0.4910241663455963,37.31783664226532,0.854668140411377,0.1967487335205078,64.95477867126465,14.952903747558594,0.9547786712646484,0.8025197113944692,1.2460753122965496,0.21999886179429917,0.9317687749862671,1,1,0.7619823217391968,57.910656452178955,6.089343547821045,3.1098197201887765,1.1345647567259864,-0.0359071921279591,0.0,0.8236979842185974,62.6010468006134,1.3989531993865967,0.2183205932378769,16.592365086078644,1.3826970905065536,0.3240360051985729,-1.2754801511764526,-1.2395728826522827,0.854668140411377,64.95477867126465,0.9547786712646484,0.1967487335205078,14.952903747558594,1.2460753122965496,0.21999886179429917,-1.4067400693893433,-1.1637552976608276,-0.8105287515274137,-0.10403714340427375
Jp64Whpr3BA_1,Jp64Whpr3BA,Machines are running,10-20s,76.0,12.0,0.15789473684210525,8,0.5322582125663757,40.451624155044556,0.5066635012626648,0.14406418800354004,38.506426095962524,10.948878288269043,0.4935739040374756,0.9124065240224203,0.9124065240224203,0.0916696382002516,0.9198271036148071,1,1,0.47813287377357483,36.33809840679169,2.661901593208313,3.370968679587046,1.2152001450746897,0.12921232615624365,0.0,0.5288636088371277,40.193634271621704,1.193634271621704,0.12155770510435104,9.23838558793068,0.76986546566089,0.26153949932063314,-1.9777610301971436,-2.10697340965271,0.5066635012626648,38.506426095962524,0.4935739040374756,0.14406418800354004,10.948878288269043,0.9124065240224203,0.0916696382002516,-1.7819364070892334,-1.3415465354919434,-1.476739644395323,0.16986986112038155
K-7Y8yhcUiw_1,K-7Y8yhcUiw,Someone snores,10-20s,85.0,17.0,0.2,0,0.18933655321598053,16.093607023358345,0.6771393418312073,0.03749014437198639,57.55684405565262,3.186662271618843,0.9431559443473816,0.45523746737412046,0.18745072185993195,1.6742392848610748,0.8934692740440369,1,1,0.6764324307441711,57.49675661325455,1.0032433867454529,0.9466827660799026,0.05479123021717021,-1.4543268461844807,0.0,0.6886919736862183,58.53881776332855,0.038817763328552246,0.03834021836519241,3.258918561041355,0.19170109182596207,1.6518179334539975,-3.222161293029785,-1.7678343057632446,0.6771393418312073,57.55684405565262,0.9431559443473816,0.03749014437198639,3.186662271618843,0.18745072185993195,1.6742392848610748,-3.2454662322998047,-1.238063097000122,-1.5970267032368275,-0.02242135140707717
K-7Y8yhcUiw_1,K-7Y8yhcUiw,Someone snores,10-20s,85.0,17.0,0.2,8,0.5322582125663757,45.24194806814194,0.48402923345565796,0.03735153377056122,41.14248484373093,3.1748803704977036,0.6424848437309265,0.1867576688528061,0.1867576688528061,1.6779433910048172,0.9276012778282166,1,1,0.47813287377357483,40.64129427075386,0.14129427075386047,2.6612910628318787,0.9788113670104593,0.12921232615624365,0.0,0.46931156516075134,39.891483038663864,0.6085169613361359,0.04060714691877365,3.4516074880957603,0.20303573459386826,1.5943732829501394,-3.1623566150665283,-3.2915689945220947,0.48402923345565796,41.14248484373093,0.6424848437309265,0.03735153377056122,3.1748803704977036,0.1867576688528061,1.6779433910048172,-3.249314308166504,-1.4676339626312256,-2.573184649960599,-0.0835701080546778
K-7Y8yhcUiw_4,K-7Y8yhcUiw,A man speaks as someone snores,5-10s,85.0,6.0,0.07058823529411765,2,0.5923634171485901,50.35089045763016,0.9711995720863342,0.03768535330891609,82.55196362733841,3.203255031257868,0.5519636273384094,0.6243648977317399,0.5338758385429779,0.627591979148871,0.9328083992004395,1,1,0.7359917759895325,62.55930095911026,12.44069904088974,8.391815076271692,2.1272568351352494,0.3737442776905129,0.0,0.9765907526016235,83.010213971138,1.0102139711380005,0.036930669099092484,3.139106873422861,0.5231844789038101,0.6478211449829105,-3.2610831260681152,-3.6348273754119873,0.9711995720863342,82.55196362733841,0.5519636273384094,0.03768535330891609,3.203255031257868,0.5338758385429779,0.627591979148871,-3.24006986618042,-1.2082750797271729,-2.77507798011816,0.020229165834039532
K-7Y8yhcUiw_4,K-7Y8yhcUiw,A man speaks as someone snores,5-10s,85.0,6.0,0.07058823529411765,5,0.4456096887588501,37.87682354450226,0.8928849697113037,0.03923395648598671,75.89522242546082,3.3348863013088703,0.8952224254608154,0.5558143835514784,0.5558143835514784,0.5873208830026909,0.9410339593887329,1,1,0.6909807920455933,58.73336732387543,16.266632676124573,6.31280392408371,1.8425799398319767,-0.2184255400548803,0.0,0.8760592341423035,74.4650349020958,0.5349650979042053,0.033596377819776535,2.8556921146810055,0.4759486857801676,0.7424452335447175,-3.359163284301758,-3.140737771987915,0.8928849697113037,75.89522242546082,0.8952224254608154,0.03923395648598671,3.3348863013088703,0.5558143835514784,0.5873208830026909,-3.198188304901123,-1.0179977416992188,-2.5850251733766942,0.15512435054202647
K03ydb1uaoQ_1,K03ydb1uaoQ,Something is snoring,2-5s,71.0,3.0,0.04225352112676056,0,0.18933655321598053,13.442895278334618,0.6586244106292725,0.0751584842801094,46.762333154678345,5.336252383887768,0.23766684532165527,0.374794866531947,1.778750794629256,0.5759113171564738,0.6373527646064758,1,1,0.6764324307441711,48.02670258283615,1.0267025828361511,4.480965092778206,1.4998384457219351,-1.4543268461844807,0.0,0.6640492081642151,47.14749377965927,0.14749377965927124,0.0575801320374012,4.088189374655485,1.3627297915518284,0.3094898876846819,-2.7952733039855957,-1.3409463167190552,0.6586244106292725,46.762333154678345,0.23766684532165527,0.0751584842801094,5.336252383887768,1.778750794629256,0.5759113171564738,-2.510023355484009,-0.8424802422523499,-1.1903485580372533,0.2664214294717919
K03ydb1uaoQ_1,K03ydb1uaoQ,Something is snoring,2-5s,71.0,3.0,0.04225352112676056,5,0.4456096887588501,31.638287901878357,0.7427899837493896,0.07155228406190872,52.738088846206665,5.080212168395519,0.23808884620666504,0.5905265175071396,1.6934040561318398,0.5267407374823183,0.3540203869342804,1,1,0.6909807920455933,49.05963623523712,2.0596362352371216,10.546095967292786,2.355755740942921,-0.2184255400548803,0.0,0.7358183860778809,52.24310541152954,0.256894588470459,0.08239274471998215,5.8498848751187325,1.9499616250395775,0.6678096929151288,-2.4102721214294434,-2.1918466091156006,0.7427899837493896,52.738088846206665,0.23808884620666504,0.07155228406190872,5.080212168395519,1.6934040561318398,0.5267407374823183,-2.5630855560302734,-1.0539038181304932,-1.687946048027792,-0.14106895543281062
K03ydb1uaoQ_1,K03ydb1uaoQ,Something is snoring,2-5s,71.0,3.0,0.04225352112676056,6,0.8429434299468994,59.84898352622986,0.27956992387771606,0.0910058468580246,19.84946459531784,6.461415126919746,0.6505354046821594,0.4642945765086827,2.153805042306582,0.7672360650309831,0.5949949026107788,1,1,0.36404988169670105,25.847541600465775,0.6524583995342255,19.949661175409954,2.993212159502924,1.6802937908532223,0.0,0.290259450674057,20.608420997858047,0.10842099785804749,0.11788828670978546,8.370068356394768,2.7900227854649224,1.0260497626332314,-2.0125813484191895,-3.6928751468658447,0.27956992387771606,19.84946459531784,0.6505354046821594,0.0910058468580246,6.461415126919746,2.153805042306582,0.7672360650309831,-2.301414966583252,-1.9494388103485107,-1.9671623968696923,-0.2588136976022483
K03ydb1uaoQ_1,K03ydb1uaoQ,Something is snoring,2-5s,71.0,3.0,0.04225352112676056,8,0.5322582125663757,37.79033309221268,0.47861355543136597,0.08415538817644119,33.981562435626984,5.975032560527325,0.9815624356269836,0.3347262093955,1.9916775201757748,0.6889772585952565,0.6946678161621094,1,1,0.47813287377357483,33.94743403792381,0.9474340379238129,12.596777697404226,2.5334410429495646,0.12921232615624365,0.0,0.4517856538295746,32.076781421899796,0.9232185781002045,0.09847451746463776,6.991690739989281,2.330563579996427,0.8461101181561929,-2.2142903804779053,-2.3435027599334717,0.47861355543136597,33.981562435626984,0.9815624356269836,0.08415538817644119,5.975032560527325,1.9916775201757748,0.6889772585952565,-2.3871817588806152,-1.5402636528015137,-1.6873309247933719,-0.15713285956093626
K2kIOBeCfuo_1,K2kIOBeCfuo,"Cheering, applause, and general noise fill the air",20s+,300.0,27.0,0.09,3,0.4910241663455963,147.3072499036789,0.9567297101020813,0.043839503079652786,287.0189130306244,13.151850923895836,0.5189130306243896,0.4871055897739198,0.4871055897739198,0.7192743626166797,0.9488522410392761,1,1,0.7619823217391968,228.59469652175903,1.9053034782409668,5.455824070506626,1.6966836748795278,-0.0359071921279591,0.0,0.941551923751831,282.4655771255493,4.034422874450684,0.043113261461257935,12.93397843837738,0.47903623845842147,0.7359790300311567,-3.0998544692993164,-3.0639472007751465,0.9567297101020813,287.0189130306244,0.5189130306243896,0.043839503079652786,13.151850923895836,0.4871055897739198,0.7192743626166797,-3.082390546798706,-1.1038599014282227,-2.4326627049106846,0.01670466741447716
KJhGuhNHToA_3,KJhGuhNHToA,Nails hammer into wood as air hisses out,5-10s,66.0,5.0,0.07575757575757576,0,0.18933655321598053,12.496212512254715,0.7454700469970703,0.042511485517024994,49.20102310180664,2.8057580441236496,0.2989768981933594,0.35640991998379534,0.5611516088247299,0.577764162510296,0.9437049031257629,1,1,0.6764324307441711,44.644540429115295,1.8554595708847046,2.499242502450943,0.9159876869410545,-1.4543268461844807,0.0,0.7164813280105591,47.2877676486969,0.7877676486968994,0.02681262232363224,1.7696330733597279,0.3539266146719456,1.0386656905252327,-3.5917038917541504,-2.1373770236968994,0.7454700469970703,49.20102310180664,0.2989768981933594,0.042511485517024994,2.8057580441236496,0.5611516088247299,0.577764162510296,-3.114539384841919,-0.9963460564613342,-1.9546533774662873,0.46090152801493667
KJhGuhNHToA_3,KJhGuhNHToA,Nails hammer into wood as air hisses out,5-10s,66.0,5.0,0.07575757575757576,4,0.07413875311613083,4.893157705664635,0.70261549949646,0.026038015261292458,46.37262296676636,1.7185090072453022,0.12737703323364258,0.5818997722932846,0.34370180144906043,1.0679808537986228,0.9070611596107483,1,1,0.5870380997657776,38.74451458454132,7.755485415458679,0.9786315411329269,0.02160006977289485,-2.5247858938815373,0.0,0.650412917137146,42.927252531051636,3.5727474689483643,0.018546512350440025,1.2240698151290417,0.24481396302580832,1.4072566914664806,-3.968752861022949,-1.4439669847488403,0.70261549949646,46.37262296676636,0.12737703323364258,0.026038015261292458,1.7185090072453022,0.34370180144906043,1.0679808537986228,-3.621814727783203,-1.0142608880996704,-1.385656621693586,0.33927583766785785
KJhGuhNHToA_3,KJhGuhNHToA,Nails hammer into wood as air hisses out,5-10s,66.0,5.0,0.07575757575757576,5,0.4456096887588501,29.410239458084106,0.759823203086853,0.042043570429086685,50.1483314037323,2.774875648319721,0.6483314037322998,0.36037650934215126,0.5549751296639442,0.5888319776560808,0.9355699419975281,1,1,0.6909807920455933,45.604732275009155,0.8952677249908447,5.882047891616821,1.7719049821620403,-0.2184255400548803,0.0,0.7464745044708252,49.26731729507446,0.2326827049255371,0.03224698454141617,2.128300979733467,0.4256601959466934,0.8541139131114169,-3.401552438735962,-3.183126926422119,0.759823203086853,50.1483314037323,0.6483314037322998,0.042043570429086685,2.774875648319721,0.5549751296639442,0.5888319776560808,-3.126095771789551,-1.2355064153671265,-2.6260188952734573,0.2652819354553363
KJhGuhNHToA_3,KJhGuhNHToA,Nails hammer into wood as air hisses out,5-10s,66.0,5.0,0.07575757575757576,6,0.8429434299468994,55.63426637649536,0.3716135323047638,0.07442551106214523,24.52649313211441,4.912083730101585,0.0264931321144104,0.982416746020317,0.982416746020317,0.017739675704087954,0.9320712685585022,1,1,0.36404988169670105,24.02729219198227,0.4727078080177307,11.126853275299073,2.409361400722043,1.6802937908532223,0.0,0.3506423830986023,23.14239728450775,1.3576027154922485,0.07468868792057037,4.929453402757645,0.985890680551529,0.014209802177810888,-2.516801595687866,-4.1970953941345215,0.3716135323047638,24.52649313211441,0.0264931321144104,0.07442551106214523,4.912083730101585,0.982416746020317,0.017739675704087954,-2.520615816116333,-1.6975297927856445,-2.423571202899854,-0.003529873526277007
KJhGuhNHToA_4,KJhGuhNHToA,Something is rubbed,2-5s,66.0,3.0,0.045454545454545456,3,0.4910241663455963,32.40759497880936,0.8823391199111938,0.05823231860995293,58.234381914138794,3.843333028256893,0.765618085861206,0.5203816544899,1.2811110094189644,0.2477276775666601,0.9454023241996765,1,1,0.7619823217391968,50.29083323478699,8.709166765213013,10.802531659603119,2.379780519585972,-0.0359071921279591,0.0,0.8755491971969604,57.78624701499939,1.2137529850006104,0.045580726116895676,3.0083279237151146,1.0027759745717049,0.0027721286700662104,-3.0416181087493896,-3.0057108402252197,0.8823391199111938,58.234381914138794,0.765618085861206,0.05823231860995293,3.843333028256893,1.2811110094189644,0.2477276775666601,-2.783318042755127,-1.1554832458496094,-2.3770083909159054,0.24495554889659396
KSHpYhuTotY_3,KSHpYhuTotY,"As insects buzz, a man and a woman chat",5-10s,299.0,9.0,0.030100334448160536,4,0.07413875311613083,22.167487181723118,0.6308832764625549,0.06763157993555069,188.63409966230392,20.221842400729656,0.13409966230392456,0.4450633044037203,2.2468713778588505,0.8095387498464648,0.9252977967262268,1,1,0.5870380997657776,175.5243918299675,12.975608170032501,2.4630541313025685,0.901402096689247,-2.5247858938815373,0.0,0.6374211311340332,190.58891820907593,2.0889182090759277,0.060097478330135345,17.96914602071047,1.9965717800789409,0.6914315998319923,-2.7498083114624023,-0.22502224147319794,0.6308832764625549,188.63409966230392,0.13409966230392456,0.06763157993555069,20.221842400729656,2.2468713778588505,0.8095387498464648,-2.623652935028076,-0.8991421461105347,-0.20997049685725472,0.11810715001447258
K_Vre_-4KqU_2,K_Vre_-4KqU,A man talks as an engine runs,2-5s,177.0,4.0,0.022598870056497175,7,0.8412365913391113,148.8988766670227,0.1885880082845688,0.030227234587073326,33.380077466368675,5.350220521911979,0.6199225336313248,0.7476327346915679,1.3375551304779947,0.2908434179875109,0.9799090027809143,1,1,0.27036458253860474,47.85453110933304,13.854531109333038,37.224719166755676,3.6169730343308877,1.6674578436475704,0.0,0.1660916656255722,29.39822481572628,4.60177518427372,0.0287036020308733,5.080537559464574,1.2701343898661435,0.2391227136643254,-3.52160906791687,-5.1890668869018555,0.1885880082845688,33.380077466368675,0.6199225336313248,0.030227234587073326,5.350220521911979,1.3375551304779947,0.2908434179875109,-3.468318462371826,-1.4387530088424683,-3.377850320666562,0.05172070432318558
Kel-hfZ_9h8_1,Kel-hfZ_9h8,Laughter drifts on the wind,5-10s,147.0,5.0,0.034013605442176874,5,0.4456096887588501,65.50462424755096,0.8034551739692688,0.031225262209773064,118.10791057348251,4.59011354483664,0.3920894265174866,0.21785953446072964,0.9180227089673281,0.0855331512304354,0.8217618465423584,1,1,0.6909807920455933,101.57417643070221,16.92582356929779,13.100924849510193,2.572682826914351,-0.2184255400548803,0.0,0.8073312640190125,118.67769581079483,0.17769581079483032,0.02687784656882286,3.9510434456169605,0.7902086891233921,0.23545820495875805,-3.589207172393799,-3.370781660079956,0.8034551739692688,118.10791057348251,0.3920894265174866,0.031225262209773064,4.59011354483664,0.9180227089673281,0.0855331512304354,-3.434804677963257,-1.249443531036377,-2.808141031873109,0.14992505372832277
Kel-hfZ_9h8_1,Kel-hfZ_9h8,Laughter drifts on the wind,5-10s,147.0,5.0,0.034013605442176874,7,0.8412365913391113,123.66177892684937,0.19133326411247253,0.03272314742207527,28.125989824533463,4.810302671045065,0.3740101754665375,0.207887126525189,0.9620605342090129,0.03867790492295448,0.3919872045516968,1,1,0.27036458253860474,39.743593633174896,11.243593633174896,24.732355785369872,3.208112337221585,1.6674578436475704,0.0,0.1975010633468628,29.03265631198883,0.5326563119888306,0.02981574833393097,4.3829150050878525,0.8765830010175705,0.13172388313438166,-3.4824492931365967,-5.149907112121582,0.19133326411247253,28.125989824533463,0.3740101754665375,0.03272314742207527,4.810302671045065,0.9620605342090129,0.03867790492295448,-3.386402130126953,-1.4386016130447388,-3.339836220355967,0.09304597821142724
KtinboYbmHQ_1,KtinboYbmHQ,An engine rumbles as brakes squeal,20s+,106.0,36.0,0.33962264150943394,4,0.07413875311613083,7.858707830309868,0.605635941028595,0.04561743512749672,64.19740974903107,4.835448123514652,0.8025902509689331,0.6925126715024222,0.13431800343096256,2.007545130595493,0.838721513748169,1,1,0.5870380997657776,62.226038575172424,2.7739614248275757,0.21829743973082966,1.521896743709263,-2.5247858938815373,0.0,0.5959658026695251,63.172375082969666,1.8276249170303345,0.03436926752328873,3.643142357468605,0.10119839881857236,2.2906723442048063,-3.335618734359741,-0.8108327984809875,0.605635941028595,64.19740974903107,0.8025902509689331,0.04561743512749672,4.835448123514652,0.13431800343096256,2.007545130595493,-3.0407745838165283,-0.6296535134315491,-0.7687756004955434,0.2831272136093135
KvrcRMfFzOE_1,KvrcRMfFzOE,"As wind blows, a button clicks",2-5s,186.0,4.0,0.021505376344086023,7,0.8412365913391113,156.4700059890747,0.0743265151977539,0.026039792224764824,13.824731826782227,4.843401353806257,0.8247318267822266,0.6856028067823635,1.2108503384515643,0.19132287184001717,0.014201141893863678,1,1,0.27036458253860474,50.28781235218048,37.28781235218048,39.11750149726868,3.6665699754702596,1.6674578436475704,0.0,0.19307348132133484,35.91166752576828,22.91166752576828,0.0262374896556139,4.880173075944185,1.2200432689860463,0.1988863244982531,-3.613978147506714,-5.281435966491699,0.0743265151977539,13.824731826782227,0.8247318267822266,0.026039792224764824,4.843401353806257,1.2108503384515643,0.19132287184001717,-3.6217446327209473,-0.9700849652290344,-3.4676836509720066,-0.007563452658235873
L_CNz9Vrtkw_3,L_CNz9Vrtkw,Applause and cheers erupt,5-10s,300.0,7.0,0.023333333333333334,1,0.3227500021457672,96.82500064373016,0.34267735481262207,0.03604425862431526,102.80320644378662,10.813277587294579,0.3032064437866211,0.6473522892101543,1.5447539410420827,0.43486463620482046,0.970355212688446,1,1,0.44674772024154663,134.024316072464,31.52431607246399,13.832142949104309,2.6269950829938904,-0.7411624414217115,0.0,0.33183005452156067,99.5490163564682,2.9509836435317993,0.047362979501485825,14.208893850445747,2.029841978635107,0.7079579469868764,-3.0013930797576904,-2.260230541229248,0.34267735481262207,102.80320644378662,0.3032064437866211,0.03604425862431526,10.813277587294579,1.5447539410420827,0.43486463620482046,-3.2862977981567383,-1.5771349668502808,-1.9190371360070142,-0.2730933107820559
LvMA1Wcgu3w_1,LvMA1Wcgu3w,Something pops,2-5s,282.0,2.0,0.0070921985815602835,8,0.5322582125663757,150.09681594371796,0.5499129891395569,0.03370177000761032,155.07546293735504,9.50389914214611,0.0754629373550415,0.21043994365752208,4.751949571073055,1.5585549698561085,0.945100724697113,1,1,0.47813287377357483,134.8334704041481,20.166529595851898,75.04840797185898,4.318133344954528,0.12921232615624365,0.0,0.5211856961250305,146.9743663072586,8.025633692741394,0.0317552350461483,8.95497628301382,4.47748814150691,1.499062206486221,-3.4174273014068604,-3.5466396808624268,0.5499129891395569,155.07546293735504,0.0754629373550415,0.03370177000761032,9.50389914214611,4.751949571073055,1.5585549698561085,-3.355922222137451,-1.5172866582870483,-2.8190711384683063,0.05949276336988752
LvMA1Wcgu3w_2,LvMA1Wcgu3w,Insects call and a man laughs,20s+,282.0,35.0,0.12411347517730496,0,0.18933655321598053,53.39290800690651,0.7666480541229248,0.066440649330616,216.1947512626648,18.73626311123371,0.3052487373352051,0.16011730739419902,0.5353218031781061,0.6248872116480209,0.8599231839179993,1,1,0.6764324307441711,190.75394546985626,3.753945469856262,1.525511657340186,0.4223298667974293,-1.4543268461844807,0.0,0.773169219493866,218.0337198972702,1.5337198972702026,0.0517839714884758,14.603079959750175,0.41723085599286214,0.8741155988759699,-2.907501697540283,-1.4531747102737427,0.7666480541229248,216.1947512626648,0.3052487373352051,0.066440649330616,18.73626311123371,0.5353218031781061,0.6248872116480209,-2.642695426940918,-0.8545870184898376,-1.296445465673399,0.24922838722794896
MBP4RcnwGZw_1,MBP4RcnwGZw,Cars pass as people chat and a woman talks,2-5s,61.0,3.0,0.04918032786885246,6,0.8429434299468994,51.419549226760864,0.05892688035964966,0.465510755777359,3.594539701938629,28.3961561024189,0.09453970193862915,0.10564810212972621,9.465385367472967,2.2476414988322384,0.029727837070822716,1,1,0.36404988169670105,22.207042783498764,5.207042783498764,17.13984974225362,2.8414061466349194,1.6802937908532223,0.0,0.28876054286956787,17.61439311504364,0.6143931150436401,0.6723513007164001,41.01342934370041,13.671143114566803,2.615287269373358,0.7188390493392944,-0.9614547491073608,0.05892688035964966,3.594539701938629,0.09453970193862915,0.465510755777359,28.3961561024189,9.465385367472967,2.2476414988322384,-0.1381763219833374,-1.3114104270935059,-0.2261188772615612,-0.36764577054112024
MBP4RcnwGZw_1,MBP4RcnwGZw,Cars pass as people chat and a woman talks,2-5s,61.0,3.0,0.04918032786885246,8,0.5322582125663757,32.46775096654892,0.21333745121955872,0.5146602392196655,13.013584524393082,31.394274592399597,0.9864154756069183,0.09555882526192484,10.464758197466532,2.3480132497988673,0.011733314953744411,1,1,0.47813287377357483,29.166105300188065,12.166105300188065,10.822583655516306,2.3816350300815605,0.12921232615624365,0.0,0.5773274898529053,35.21697688102722,6.283023118972778,0.558131992816925,34.04605156183243,11.348683853944143,2.429101777198609,0.2335842102766037,0.10437189042568207,0.21333745121955872,13.013584524393082,0.9864154756069183,0.5146602392196655,31.394274592399597,10.464758197466532,2.3480132497988673,0.058657824993133545,-0.35158875584602356,0.0474667471170487,-0.08108852739974168
MBP4RcnwGZw_1,MBP4RcnwGZw,Cars pass as people chat and a woman talks,2-5s,61.0,3.0,0.04918032786885246,9,0.6701281666755676,40.877818167209625,0.04338916018605232,0.08086013793945312,2.6467387713491917,4.932468414306641,0.8532612286508083,0.6082147411828306,1.6441561381022136,0.49722726663892297,0.9630292654037476,1,1,0.1608370691537857,9.811061218380928,4.188938781619072,13.625939389069876,2.6119752841594224,0.7087647924817356,0.0,0.04131537675857544,2.520237982273102,0.9797620177268982,0.08172259479761124,4.985078282654285,1.6616927608847618,0.5078368182641735,-2.4191689491271973,-3.1279337406158447,0.04338916018605232,2.6467387713491917,0.8532612286508083,0.08086013793945312,4.932468414306641,1.6441561381022136,0.49722726663892297,-2.4307172298431396,-0.731751024723053,-2.104138465895249,-0.010609551625250535
MTaLknnq4wc_2,MTaLknnq4wc,A woman sings as birds call and wind stirs,20s+,80.0,23.0,0.2875,3,0.4910241663455963,39.281933307647705,0.9105461835861206,0.1453639715909958,72.84369468688965,11.629117727279663,0.15630531311035156,0.9690931439399719,0.5056138142295505,0.6819821140750537,0.8646451234817505,1,1,0.7619823217391968,60.95858573913574,12.041414260864258,1.7079101438107698,0.5352704849723876,-0.0359071921279591,0.0,0.9353420734405518,74.82736587524414,1.8273658752441406,0.1273624449968338,10.188995599746704,0.4429998086846393,0.8141859408002114,-1.9244834184646606,-1.8885761499404907,0.9105461835861206,72.84369468688965,0.15630531311035156,0.1453639715909958,11.629117727279663,0.5056138142295505,0.6819821140750537,-1.7714347839355469,-0.40536370873451233,-1.349456425772599,0.13220382672515765
MVGhC-xB79s_1,MVGhC-xB79s,Whistling drifts through the air,20s+,268.0,20.0,0.07462686567164178,1,0.3227500021457672,86.49700057506561,0.40974029898643494,0.03251772001385689,109.81040012836456,8.714748963713646,0.810400128364563,0.6884879903004343,0.4357374481856823,0.8307154000785052,0.8906712532043457,1,1,0.44674772024154663,119.7283890247345,10.728389024734497,4.32485002875328,1.4643774643498684,-0.7411624414217115,0.0,0.41762733459472656,111.92412567138672,2.9241256713867188,0.02478048950433731,6.641171187162399,0.33205855935811995,1.1024439420106134,-3.6726059913635254,-2.931443452835083,0.40974029898643494,109.81040012836456,0.810400128364563,0.03251772001385689,8.714748963713646,0.4357374481856823,0.8307154000785052,-3.392911911010742,-1.1756740808486938,-2.5668214063604817,0.27172854193210805
MVGhC-xB79s_1,MVGhC-xB79s,Whistling drifts through the air,20s+,268.0,20.0,0.07462686567164178,9,0.6701281666755676,179.59434866905212,0.12891992926597595,0.034239206463098526,34.550541043281555,9.176107332110405,0.4494589567184448,0.5097837406728003,0.45880536660552024,0.779129196747554,0.7339158654212952,1,1,0.1608370691537857,43.10433453321457,7.895665466785431,8.979717433452606,2.1949684156110862,0.7087647924817356,0.0,0.12420725077390671,33.287543207407,1.7124567925930023,0.02705242484807968,7.250049859285355,0.36250249296426773,1.0147239275682476,-3.5825536251068115,-4.291318416595459,0.12891992926597595,34.550541043281555,0.4494589567184448,0.034239206463098526,9.176107332110405,0.45880536660552024,0.779129196747554,-3.3395447731018066,-1.3028737306594849,-3.209692343179334,0.23559473082069343
Me4npKmtchA_1,Me4npKmtchA,A male voice announces something plays as water flows,10-20s,300.0,17.0,0.056666666666666664,6,0.8429434299468994,252.88302898406982,0.21612468361854553,0.020916322246193886,64.83740508556366,6.274896673858166,0.16259491443634033,0.31873034791667504,0.3691115690504803,0.9966563254913636,0.5170605182647705,1,1,0.36404988169670105,109.21496450901031,31.714964509010315,14.875472293180579,2.6997137017297033,1.6802937908532223,0.0,0.25078344345092773,75.23503303527832,2.2649669647216797,0.028121178969740868,8.43635369092226,0.4962560994660153,0.700663155940876,-3.542708158493042,-5.223001956939697,0.21612468361854553,64.83740508556366,0.16259491443634033,0.020916322246193886,6.274896673858166,0.3691115690504803,0.9966563254913636,-3.8460872173309326,-1.2263145446777344,-3.400376857670579,-0.2959931695504877
Mj_BO-iK1G4_1,Mj_BO-iK1G4,A sewing machine hums,5-10s,299.0,6.0,0.020066889632107024,0,0.18933655321598053,56.61162941157818,0.8394705057144165,0.020107468590140343,251.00168120861053,6.0121331084519625,0.9983187913894653,0.3326606320788814,1.0020221847419937,0.0020201428786481936,0.9630222916603088,1,1,0.6764324307441711,202.25329679250717,42.74670320749283,9.435271568596363,2.244454961511361,-1.4543268461844807,0.0,0.832527756690979,248.92579925060272,3.074200749397278,0.02001000940799713,5.982992812991142,0.9971654688318571,0.002838556059199895,-3.8913097381591797,-2.4369828701019287,0.8394705057144165,251.00168120861053,0.9983187913894653,0.020107468590140343,6.0121331084519625,1.0020221847419937,0.0020201428786481936,-3.8863515853881836,-0.9615045785903931,-2.2472935175705606,0.004858698937848137
Mj_BO-iK1G4_1,Mj_BO-iK1G4,A sewing machine hums,5-10s,299.0,6.0,0.020066889632107024,2,0.5923634171485901,177.11666172742844,0.9873478412628174,0.022192081436514854,295.2170045375824,6.6354323495179415,0.7829954624176025,0.30141216045180513,1.1059053915863235,0.10066435838010751,0.9785290956497192,1,1,0.7359917759895325,220.0615410208702,24.93845897912979,29.51944362123807,3.3850491520356196,0.3737442776905129,0.0,0.9878147840499878,295.35662043094635,0.6433795690536499,0.022054677829146385,6.594348670914769,1.0990581118191283,0.09445355102002226,-3.791929006576538,-4.16567325592041,0.9873478412628174,295.2170045375824,0.7829954624176025,0.022192081436514854,6.6354323495179415,1.1059053915863235,0.10066435838010751,-3.7855777740478516,-0.7924684286117554,-3.2905956010155974,0.006210807360085466
Mj_BO-iK1G4_1,Mj_BO-iK1G4,A sewing machine hums,5-10s,299.0,6.0,0.020066889632107024,5,0.4456096887588501,133.23729693889618,0.8742610216140747,0.025974657386541367,261.40404546260834,7.766422558575869,0.9040454626083374,0.3862782352329424,1.2944037597626448,0.25805017195526725,0.9768308401107788,1,1,0.6909807920455933,206.60325682163239,38.396743178367615,22.206216156482697,3.1003722567323466,-0.2184255400548803,0.0,0.8630761504173279,258.05976897478104,2.4402310252189636,0.026549965143203735,7.938439577817917,1.3230732629696529,0.27995725999389814,-3.601818084716797,-3.383392572402954,0.8742610216140747,261.40404546260834,0.9040454626083374,0.025974657386541367,7.766422558575869,1.2944037597626448,0.25805017195526725,-3.6243159770965576,-0.9607471823692322,-2.8204149967384486,-0.021907088038630874
Mj_BO-iK1G4_1,Mj_BO-iK1G4,A sewing machine hums,5-10s,299.0,6.0,0.020066889632107024,7,0.8412365913391113,251.5297408103943,0.015764661133289337,0.011473755352199078,4.713633678853512,3.430652850307524,0.2863663211464882,0.571775475051254,0.571775475051254,0.5590088907950591,0.05153166130185127,1,1,0.27036458253860474,80.83901017904282,75.83901017904282,41.92162346839905,3.7358017670395807,1.6674578436475704,0.0,0.11204440891742706,33.50127826631069,28.501278266310692,0.038428544998168945,11.490134954452515,1.9150224924087524,0.6497293679467934,-3.2197682857513428,-4.887226104736328,0.015764661133289337,4.713633678853512,0.2863663211464882,0.011473755352199078,3.430652850307524,0.571775475051254,0.5590088907950591,-4.45615291595459,-2.015829086303711,-3.0860723990927874,-1.2087382587418525
MkbP_8zJwXU_1,MkbP_8zJwXU,"Water splashes, birds call, a duck quacks, objects bump into each other, and the wind blows",10-20s,99.0,16.0,0.16161616161616163,3,0.4910241663455963,48.611392468214035,0.9232189059257507,0.08327671885490417,91.39867168664932,8.244395166635513,0.10132831335067749,0.3638835765831299,0.5152746979147196,0.6630551265132563,0.8523387312889099,1,1,0.7619823217391968,75.43624985218048,6.436249852180481,3.038212029263377,1.1112691941224644,-0.0359071921279591,0.0,0.9513928890228271,94.18789601325989,2.6878960132598877,0.07916402816772461,7.837238788604736,0.489827424287796,0.713702145243835,-2.4537599086761475,-2.4178526401519775,0.9232189059257507,91.39867168664932,0.10132831335067749,0.08327671885490417,8.244395166635513,0.5152746979147196,0.6630551265132563,-2.39863657951355,-0.6239417195320129,-1.8249713393662996,0.05064701873057882
MvHpNzDpC6Q_1,MvHpNzDpC6Q,A man burps as a car drives by,2-5s,82.0,2.0,0.024390243902439025,0,0.18933655321598053,15.525597363710403,0.7366580367088318,0.035593077540397644,60.40595901012421,2.918632358312607,0.40595901012420654,0.6852524588455842,1.4593161791563034,0.37796795555966106,0.9319896697998047,1,1,0.6764324307441711,55.467459321022034,0.4674593210220337,7.762798681855202,2.0493429240530374,-1.4543268461844807,0.0,0.710584819316864,58.26795518398285,1.7320448160171509,0.030467072501778603,2.4982999451458454,1.2491499725729227,0.22246329805275306,-3.46016788482666,-2.005841016769409,0.7366580367088318,60.40595901012421,0.40595901012420654,0.035593077540397644,2.918632358312607,1.4593161791563034,0.37796795555966106,-3.2993621826171875,-1.0157567262649536,-1.8268796260002842,0.15550465750690806
MvHpNzDpC6Q_1,MvHpNzDpC6Q,A man burps as a car drives by,2-5s,82.0,2.0,0.024390243902439025,1,0.3227500021457672,26.46550017595291,0.43236708641052246,0.04382956027984619,35.45410108566284,3.5940239429473877,0.9541010856628418,0.2782396600229435,1.7970119714736938,0.5861252697011535,0.7748616337776184,1,1,0.44674772024154663,36.633313059806824,2.1333130598068237,13.232750087976456,2.5826948240973104,-0.7411624414217115,0.0,0.44300660490989685,36.32654160261154,1.8265416026115417,0.03675781562924385,3.0141408815979958,1.5070704407989979,0.41016766095342483,-3.26595401763916,-2.5247914791107178,0.43236708641052246,35.45410108566284,0.9541010856628418,0.04382956027984619,3.5940239429473877,1.7970119714736938,0.5861252697011535,-3.082627773284912,-1.0006755590438843,-2.1725271631438856,0.17595760874772862
MvHpNzDpC6Q_1,MvHpNzDpC6Q,A man burps as a car drives by,2-5s,82.0,2.0,0.024390243902439025,2,0.5923634171485901,48.57380020618439,0.9485151171684265,0.042696114629507065,77.77823960781097,3.5010813996195793,0.7782396078109741,0.5589186404547284,1.7505406998097897,0.5599247115334938,0.058496639132499695,1,1,0.7359917759895325,60.35132563114166,0.3513256311416626,24.286900103092194,3.189937114577296,0.3737442776905129,0.0,0.9720949530601501,79.71178615093231,2.288213849067688,0.028142930939793587,2.307720337063074,1.153860168531537,0.143112989627576,-3.54191255569458,-3.915656805038452,0.9485151171684265,77.77823960781097,0.7782396078109741,0.042696114629507065,3.5010813996195793,1.7505406998097897,0.5599247115334938,-3.110013008117676,-0.7379859089851379,-3.04682412494972,0.41681172190591786
MvHpNzDpC6Q_1,MvHpNzDpC6Q,A man burps as a car drives by,2-5s,82.0,2.0,0.024390243902439025,3,0.4910241663455963,40.2639816403389,0.9013792276382446,0.048455774784088135,73.91309666633606,3.973373532295227,0.9130966663360596,0.5033506122050136,1.9866867661476135,0.6864683095463664,0.7956328988075256,1,1,0.7619823217391968,62.482550382614136,2.4825503826141357,20.13199082016945,3.0023101329319637,-0.0359071921279591,0.0,0.8867225646972656,72.71125030517578,0.28874969482421875,0.03821307048201561,3.13347177952528,1.56673588976264,0.4489944040266534,-3.2256152629852295,-3.1897079944610596,0.9013792276382446,73.91309666633606,0.9130966663360596,0.048455774784088135,3.973373532295227,1.9866867661476135,0.6864683095463664,-2.9774346351623535,-1.0846446752548218,-2.5533157289053103,0.23747390551971295
MvHpNzDpC6Q_1,MvHpNzDpC6Q,A man burps as a car drives by,2-5s,82.0,2.0,0.024390243902439025,4,0.07413875311613083,6.079377755522728,0.6751137375831604,0.03465628623962402,55.35932648181915,2.84181547164917,0.35932648181915283,0.7037754632391225,1.420907735824585,0.35129591796024356,0.8443201184272766,1,1,0.5870380997657776,48.13712418079376,0.1371241807937622,3.039688877761364,1.1117551673390877,-2.5247858938815373,0.0,0.6517760753631592,53.44563817977905,1.5543618202209473,0.030898118391633034,2.5336457081139088,1.2668228540569544,0.23651207629712853,-3.445674419403076,-0.9208884835243225,0.6751137375831604,55.35932648181915,0.35932648181915283,0.03465628623962402,2.84181547164917,1.420907735824585,0.35129591796024356,-3.32700514793396,-0.8235065340995789,-0.8752430910419593,0.114783841663115
MvHpNzDpC6Q_1,MvHpNzDpC6Q,A man burps as a car drives by,2-5s,82.0,2.0,0.024390243902439025,6,0.8429434299468994,69.12136125564575,0.30023035407066345,0.045247796922922134,24.618889033794403,3.710319347679615,0.6188890337944031,0.5390371589579678,1.8551596738398075,0.6179707698966147,0.8342283964157104,1,1,0.36404988169670105,29.852090299129486,4.647909700870514,34.560680627822876,3.542716637834026,1.6802937908532223,0.0,0.31039074063301086,25.45204073190689,1.4520407319068909,0.03959035500884056,3.246409110724926,1.623204555362463,0.48440231593414446,-3.188774347305298,-4.869068145751953,0.30023035407066345,24.618889033794403,0.6188890337944031,0.045247796922922134,3.710319347679615,1.8551596738398075,0.6179707698966147,-3.04929780960083,-1.5392776727676392,-3.0583143218998816,0.13356845396247016
MvHpNzDpC6Q_1,MvHpNzDpC6Q,A man burps as a car drives by,2-5s,82.0,2.0,0.024390243902439025,7,0.8412365913391113,68.98140048980713,0.211107537150383,0.04277898371219635,17.310818046331406,3.5078766644001007,0.8108180463314056,0.28507273649286496,1.7539383322000504,0.5618637349511059,0.8749595284461975,1,1,0.27036458253860474,22.16989576816559,1.8301042318344116,34.490700244903564,3.540689729581257,1.6674578436475704,0.0,0.21199795603752136,17.38383239507675,0.8838323950767517,0.03890737146139145,3.190404459834099,1.5952022299170494,0.4670005181162912,-3.2068870067596436,-4.874344825744629,0.211107537150383,17.310818046331406,0.8108180463314056,0.04277898371219635,3.5078766644001007,1.7539383322000504,0.5618637349511059,-3.107987403869629,-1.5562268495559692,-3.073689211464966,0.09486321683481469
NJEPbGVBJIQ_1,NJEPbGVBJIQ,A man talks as cars drive by,10-20s,300.0,10.0,0.03333333333333333,2,0.5923634171485901,177.70902514457703,0.959644079208374,0.025676429271697998,287.8932237625122,7.702928781509399,0.10677623748779297,0.519283004355675,0.7702928781509399,0.2609844752184175,0.9637563824653625,1,1,0.7359917759895325,220.79753279685974,1.2024672031402588,17.770902514457703,2.8775624295351436,0.3737442776905129,0.0,0.9510117173194885,285.30351519584656,2.6964848041534424,0.03232274577021599,9.696823731064796,0.9696823731064796,0.03078671151399009,-3.39912748336792,-3.772871732711792,0.959644079208374,287.8932237625122,0.10677623748779297,0.025676429271697998,7.702928781509399,0.7702928781509399,0.2609844752184175,-3.636169910430908,-1.247867465019226,-2.9083491410491336,-0.23019776370442743
NJEPbGVBJIQ_1,NJEPbGVBJIQ,A man talks as cars drive by,10-20s,300.0,10.0,0.03333333333333333,8,0.5322582125663757,159.67746376991272,0.46839600801467896,0.03409247845411301,140.5188024044037,10.227743536233902,0.4811975955963135,0.39109310727524316,1.0227743536233902,0.022518889446477956,0.9784227013587952,1,1,0.47813287377357483,143.43986213207245,2.4398621320724487,15.967746376991272,2.770570836238514,0.12921232615624365,0.0,0.4432692527770996,132.98077583312988,1.4807758331298828,0.031366016715765,9.4098050147295,0.94098050147295,0.060832860681633065,-3.430161714553833,-3.5593740940093994,0.46839600801467896,140.5188024044037,0.4811975955963135,0.03409247845411301,10.227743536233902,1.0227743536233902,0.022518889446477956,-3.343991279602051,-1.5227574110031128,-2.8314036969201473,0.08335175012811105
N_s9F4CI_98_2,N_s9F4CI_98,Wings flutter nearby,2-5s,299.0,3.0,0.010033444816053512,1,0.3227500021457672,96.5022506415844,0.4478658437728882,0.036755528301000595,133.91188728809357,10.989902961999178,0.9118872880935669,0.1819852283423783,3.6633009873330593,1.2983646500450334,0.9015727639198303,1,1,0.44674772024154663,133.57756835222244,0.5775683522224426,32.16741688052813,3.4709540421155793,-0.7411624414217115,0.0,0.43519100546836853,130.1221106350422,2.8778893649578094,0.02651640772819519,7.928405910730362,2.642801970243454,0.9718397066869581,-3.6031172275543213,-2.861954689025879,0.4478658437728882,133.91188728809357,0.9118872880935669,0.036755528301000595,10.989902961999178,3.6633009873330593,1.2983646500450334,-3.2660186290740967,-0.9237072467803955,-2.4991143354286214,0.32652494335807547
NlKlRKz8OKI_1,NlKlRKz8OKI,A woman speaks while wings flap nearby,2-5s,299.0,4.0,0.013377926421404682,3,0.4910241663455963,146.8162257373333,0.7998976111412048,0.04714759439229965,239.16938573122025,14.097130723297596,0.16938573122024536,0.14187284201704278,3.524282680824399,1.2596769207547664,0.9207214117050171,1,1,0.7619823217391968,227.83271420001984,11.167285799980164,36.704056434333324,3.6028872784984514,-0.0359071921279591,0.0,0.8977916836738586,268.43971341848373,29.439713418483734,0.047030333429574966,14.062069695442915,3.5155174238607287,1.2571867189414054,-3.0087902545928955,-2.9728829860687256,0.7998976111412048,239.16938573122025,0.16938573122024536,0.04714759439229965,14.097130723297596,3.524282680824399,1.2596769207547664,-3.0061769485473633,-1.1904306411743164,-2.345700559557046,0.0024902018133609893
NlKlRKz8OKI_1,NlKlRKz8OKI,A woman speaks while wings flap nearby,2-5s,299.0,4.0,0.013377926421404682,9,0.6701281666755676,200.36832183599472,0.07110775262117386,0.06360117346048355,21.261218033730984,19.01675086468458,0.7387819662690163,0.10517043706525797,4.754187716171145,1.5590258541010582,0.9471614956855774,1,1,0.1608370691537857,48.090283676981926,5.590283676981926,50.09208045899868,3.9138629209250166,0.7087647924817356,0.0,0.07062937319278717,21.118182584643364,0.881817415356636,0.0625189021229744,18.693151734769344,4.673287933692336,1.5418628782746713,-2.7077276706695557,-3.416492462158203,0.07110775262117386,21.261218033730984,0.7387819662690163,0.06360117346048355,19.01675086468458,4.754187716171145,1.5590258541010582,-2.6894094944000244,-1.2578662633895874,-2.3720000426503454,0.01716297582638695
NlKlRKz8OKI_2,NlKlRKz8OKI,Someone smacks their lips,2-5s,299.0,2.0,0.006688963210702341,4,0.07413875311613083,22.167487181723118,0.636263906955719,0.02879556454718113,190.24290817975998,8.609873799607158,0.7570918202400208,0.23229144195949236,4.304936899803579,1.4597624803515017,0.9469939470291138,1,1,0.5870380997657776,175.5243918299675,15.475608170032501,11.083743590861559,2.405479493465521,-2.5247858938815373,0.0,0.6390371322631836,191.0721025466919,0.07210254669189453,0.02734561450779438,8.17633873783052,4.08816936891526,1.4080972827954386,-3.571472644805908,-1.0466865301132202,0.636263906955719,190.24290817975998,0.7570918202400208,0.02879556454718113,8.609873799607158,4.304936899803579,1.4597624803515017,-3.518315553665161,-1.1949880123138428,-0.9973822106700826,0.05166519755606312
NmmbNqmsPaY_2,NmmbNqmsPaY,A man speaks as engines roar and bells jingle,5-10s,170.0,5.0,0.029411764705882353,0,0.18933655321598053,32.18721404671669,0.7054532170295715,0.03346008062362671,119.92704689502716,5.6882137060165405,0.07295310497283936,0.35160422996846247,1.137642741203308,0.12895835074230105,0.42742687463760376,1,1,0.6764324307441711,114.9935132265091,5.006486773490906,6.437442809343338,1.8621313819648908,-1.4543268461844807,0.0,0.7127275466918945,121.16368293762207,1.1636829376220703,0.04320339858531952,7.344577759504318,1.4689155519008636,0.3845244087461619,-3.0976717472076416,-1.6433448791503906,0.7054532170295715,119.92704689502716,0.07295310497283936,0.03346008062362671,5.6882137060165405,1.137642741203308,0.12895835074230105,-3.3633694648742676,-1.674930453300476,-1.477606973218729,-0.2555660580038608
NmmbNqmsPaY_2,NmmbNqmsPaY,A man speaks as engines roar and bells jingle,5-10s,170.0,5.0,0.029411764705882353,6,0.8429434299468994,143.3003830909729,0.25280874967575073,0.0344255156815052,42.977487444877625,5.8523376658558846,0.5225125551223755,0.8243265957487668,1.170467533171177,0.15740326999145385,0.00797327235341072,1,1,0.36404988169670105,61.88847988843918,18.38847988843918,28.66007661819458,3.3555050957458796,1.6802937908532223,0.0,0.3291723430156708,55.95929831266403,12.459298312664032,0.13438807427883148,22.845972627401352,4.56919452548027,1.5193369367416554,-1.8627049922943115,-3.542998790740967,0.25280874967575073,42.977487444877625,0.5225125551223755,0.0344255156815052,5.8523376658558846,1.170467533171177,0.15740326999145385,-3.333925247192383,-1.9895046949386597,-1.836168159004224,-1.3619336667502016
NwoBDrTlbTI_1,NwoBDrTlbTI,A guinea pig squeaks,20s+,230.0,40.0,0.17391304347826086,2,0.5923634171485901,136.24358594417572,0.9789596199989319,0.029321715235710144,225.16071259975433,6.743994504213333,0.8392874002456665,0.5931202935442765,0.16859986260533333,1.7802270483297002,0.37962430715560913,1,1,0.7359917759895325,169.27810847759247,7.278108477592468,3.406089648604393,1.2255649026822473,0.3737442776905129,0.0,0.9807050824165344,225.56216895580292,0.4378310441970825,0.02196832187473774,5.05271403118968,0.126317850779742,2.068953923272731,-3.795940637588501,-4.169684886932373,0.9789596199989319,225.16071259975433,0.8392874002456665,0.029321715235710144,6.743994504213333,0.16859986260533333,1.7802270483297002,-3.499666690826416,-0.8568313717842102,-3.2945188259549782,0.28872687494303084
NwoBDrTlbTI_1,NwoBDrTlbTI,A guinea pig squeaks,20s+,230.0,40.0,0.17391304347826086,8,0.5322582125663757,122.41938889026642,0.5537632703781128,0.039286546409130096,127.36555218696594,9.035905674099922,0.8655521869659424,0.39286546409130096,0.22589764185249805,1.4876732944626294,0.9449344277381897,1,1,0.47813287377357483,109.97056096792221,3.9705609679222107,3.0604847222566605,1.118573309385618,0.12921232615624365,0.0,0.5250579118728638,120.76331973075867,5.736680269241333,0.028804734349250793,6.6250889003276825,0.16562722250819206,1.7980156634142972,-3.5179877281188965,-3.647200107574463,0.5537632703781128,127.36555218696594,0.8655521869659424,0.039286546409130096,9.035905674099922,0.22589764185249805,1.4876732944626294,-3.196794033050537,-1.3832253217697144,-2.9165889727999152,0.3103423689516678
NwoBDrTlbTI_1,NwoBDrTlbTI,A guinea pig squeaks,20s+,230.0,40.0,0.17391304347826086,9,0.6701281666755676,154.12947833538055,0.12797734141349792,0.040881428867578506,29.434788525104523,9.402728639543056,0.4347885251045227,0.5223738133079476,0.2350682159885764,1.447879526158846,0.7369076013565063,1,1,0.1608370691537857,36.99252590537071,7.992525905370712,3.853236958384514,1.34891356346348,0.7087647924817356,0.0,0.10625841468572617,24.439435377717018,4.560564622282982,0.03312095254659653,7.617819085717201,0.19044547714293003,1.6583893346045222,-3.3739073276519775,-4.082672119140625,0.12797734141349792,29.434788525104523,0.4347885251045227,0.040881428867578506,9.402728639543056,0.2350682159885764,1.447879526158846,-3.155338764190674,-1.2452582120895386,-3.0073028980680023,0.21050980844567646
OpiWMltpj44_1,OpiWMltpj44,Chickens cluck,2-5s,77.0,3.0,0.03896103896103896,7,0.8412365913391113,64.77521753311157,0.20912204682826996,0.07838202267885208,16.102397605776787,6.03541574627161,0.3976023942232132,0.49706600607476886,2.0118052487572036,0.6990324527002842,0.8888577818870544,1,1,0.27036458253860474,20.818072855472565,4.318072855472565,21.591739177703857,3.0723107960625233,1.6674578436475704,0.0,0.197526752948761,15.209559977054596,1.290440022945404,0.07356195896863937,5.664270840585232,1.8880902801950772,0.6355658844800046,-2.5332190990448,-4.200676918029785,0.20912204682826996,16.102397605776787,0.3976023942232132,0.07838202267885208,6.03541574627161,2.0118052487572036,0.6990324527002842,-2.464536190032959,-1.5537993907928467,-2.436744911582519,0.06346656822027957
OpiWMltpj44_3,OpiWMltpj44,Birds call and wings flap,0-2s,77.0,1.0,0.012987012987012988,5,0.4456096887588501,34.31194603443146,0.8685824871063232,0.08263584226369858,66.88085150718689,6.3629598543047905,0.38085150718688965,0.15715956455759517,6.3629598543047905,1.8504936549905806,0.7781113386154175,1,1,0.6909807920455933,53.20552098751068,13.294479012489319,34.31194603443146,3.535493574423399,-0.2184255400548803,0.0,0.853092610836029,65.68813103437424,0.8118689656257629,0.0650181770324707,5.006399631500244,5.006399631500244,1.610717020326742,-2.665860176086426,-2.447434663772583,0.8685824871063232,66.88085150718689,0.38085150718688965,0.08263584226369858,6.3629598543047905,6.3629598543047905,1.8504936549905806,-2.4070611000061035,-0.9885079264640808,-1.9247765540966568,0.23977663466383847
OpiWMltpj44_4,OpiWMltpj44,Water splashes,2-5s,77.0,2.0,0.025974025974025976,3,0.4910241663455963,37.808860808610916,0.9058740139007568,0.02883906662464142,69.75229907035828,2.220608130097389,0.7522990703582764,0.47439513284028917,1.1103040650486946,0.1046339102878939,0.9407713413238525,1,1,0.7619823217391968,58.67263877391815,10.327361226081848,18.904430404305458,2.9393963075213945,-0.0359071921279591,0.0,0.9333075881004333,71.86468428373337,2.864684283733368,0.033365748822689056,2.5691626593470573,1.2845813296735287,0.2504328517748031,-3.366290330886841,-3.330383062362671,0.9058740139007568,69.75229907035828,0.7522990703582764,0.02883906662464142,2.220608130097389,1.1103040650486946,0.1046339102878939,-3.516761302947998,-1.2918165922164917,-2.688963455746591,-0.14579894148690922
OpiWMltpj44_4,OpiWMltpj44,Water splashes,2-5s,77.0,2.0,0.025974025974025976,5,0.4456096887588501,34.31194603443146,0.9062182903289795,0.028117014095187187,69.77880835533142,2.1650100853294134,0.7788083553314209,0.45562876413548675,1.0825050426647067,0.07927783923442609,0.9271032214164734,1,1,0.6909807920455933,53.20552098751068,15.794479012489319,17.15597301721573,2.8423463938634534,-0.2184255400548803,0.0,0.8870975971221924,68.30651497840881,0.6934850215911865,0.029682563617825508,2.285557398572564,1.142778699286282,0.13346275214431558,-3.487063407897949,-3.2686378955841064,0.9062182903289795,69.77880835533142,0.7788083553314209,0.028117014095187187,2.1650100853294134,1.0825050426647067,0.07927783923442609,-3.542860507965088,-1.2445703744888306,-2.708883641719138,-0.05418491290988951
Ot0bN_hz2ec_1,Ot0bN_hz2ec,A train runs,20s+,268.0,68.0,0.2537313432835821,9,0.6701281666755676,179.59434866905212,0.08268032968044281,0.09356281161308289,22.158328354358673,25.074833512306213,0.8416716456413269,0.5583287319985231,0.368747551651562,0.9976430109391341,0.9535196423530579,1,1,0.1608370691537857,43.10433453321457,20.10433453321457,2.6410933627801785,0.9711929839889708,0.7087647924817356,0.0,0.09184549748897552,24.61459332704544,1.6145933270454407,0.0904887393116951,24.250982135534286,0.3566320902284454,1.0310505881783314,-2.3076820373535156,-3.016446828842163,0.08268032968044281,22.158328354358673,0.8416716456413269,0.09356281161308289,25.074833512306213,0.368747551651562,0.9976430109391341,-2.2708888053894043,-1.213133454322815,-2.002243572167302,0.033407577239197135
OxUVcZmeiyI_1,OxUVcZmeiyI,A clock ticks as machinery runs and a mechanical cuckoo calls,5-10s,70.0,9.0,0.12857142857142856,5,0.4456096887588501,31.192678213119507,0.8005968928337097,0.4252275228500366,56.04178249835968,29.765926599502563,0.5417824983596802,0.30235914107744943,3.307325177722507,1.1961397592903034,0.8114795088768005,1,1,0.6909807920455933,48.36865544319153,7.131344556808472,3.465853134791056,1.2429588172828547,-0.2184255400548803,0.0,0.784996509552002,54.94975566864014,0.5502443313598633,0.27041664719581604,18.929165303707123,2.1032405893007913,0.7434792930780444,-0.9925096035003662,-0.7740840315818787,0.8005968928337097,56.04178249835968,0.5417824983596802,0.4252275228500366,29.765926599502563,3.307325177722507,1.1961397592903034,-0.3013498783111572,-0.06127096340060234,-0.49947952420481034,0.4526604662122591
PO8Nu3F8mkA_1,PO8Nu3F8mkA,Gunshots fire and something slams,2-5s,164.0,3.0,0.018292682926829267,4,0.07413875311613083,12.158755511045456,0.6114584803581238,0.049216605722904205,100.2791907787323,8.07152333855629,0.7791907787322998,0.12389235068220278,2.690507779518763,0.9897299414201178,0.9389302730560303,1,1,0.5870380997657776,96.27424836158752,2.2742483615875244,4.052918503681819,1.3994372397908688,-2.5247858938815373,0.0,0.6087220311164856,99.83041310310364,0.3304131031036377,0.04794439673423767,7.862881064414978,2.6209603548049927,0.9635407982463259,-2.988581418991089,-0.46379539370536804,0.6114584803581238,100.2791907787323,0.7791907787322998,0.049216605722904205,8.07152333855629,2.690507779518763,0.9897299414201178,-2.961055278778076,-1.0624879598617554,-0.4358964415445428,0.026189143173791833
PO8Nu3F8mkA_1,PO8Nu3F8mkA,Gunshots fire and something slams,2-5s,164.0,3.0,0.018292682926829267,5,0.4456096887588501,73.07998895645142,0.7522240281105042,0.03994942456483841,123.36474061012268,6.551705628633499,0.6352593898773193,0.3052640202971304,2.1839018762111664,0.7811131283986038,0.9246033430099487,1,1,0.6909807920455933,113.3208498954773,0.17915010452270508,24.35999631881714,3.192942291725804,-0.2184255400548803,0.0,0.7475046515464783,122.59076285362244,1.4092371463775635,0.03306986764073372,5.42345829308033,1.8078194310267766,0.5921213847627194,-3.3755037784576416,-3.157078266143799,0.7522240281105042,123.36474061012268,0.6352593898773193,0.03994942456483841,6.551705628633499,2.1839018762111664,0.7811131283986038,-3.1793715953826904,-1.254710078239441,-2.6008209069630843,0.1889917436358844
PO8Nu3F8mkA_1,PO8Nu3F8mkA,Gunshots fire and something slams,2-5s,164.0,3.0,0.018292682926829267,8,0.5322582125663757,87.29034686088562,0.5491079092025757,0.04724377766251564,90.05369710922241,7.747979536652565,0.05369710922241211,0.25813181236976773,2.582659845550855,0.9488198157596472,0.9227791428565979,1,1,0.47813287377357483,78.41379129886627,7.086208701133728,29.096782286961872,3.3706275937324475,0.12921232615624365,0.0,0.5070276856422424,83.15254044532776,2.347459554672241,0.03984684869647026,6.534883186221123,2.178294395407041,0.7785421831482564,-3.182049512863159,-3.3112618923187256,0.5491079092025757,90.05369710922241,0.05369710922241211,0.04724377766251564,7.747979536652565,2.582659845550855,0.9488198157596472,-3.004038095474243,-1.4230252504348755,-2.592085410584191,0.17027763261139087
PO8Nu3F8mkA_1,PO8Nu3F8mkA,Gunshots fire and something slams,2-5s,164.0,3.0,0.018292682926829267,9,0.6701281666755676,109.90101933479309,0.06757231056690216,0.03445358946919441,11.081858932971954,5.650388672947884,0.5818589329719543,0.17697897576279237,1.8834628909826279,0.6331120457963931,0.9382578730583191,1,1,0.1608370691537857,26.377279341220856,2.6227206587791443,36.633673111597695,3.6009678478103093,0.7087647924817356,0.0,0.07107898592948914,11.656953692436218,1.1569536924362183,0.04295773059129715,7.0450678169727325,2.348355938990911,0.85371548289209,-3.103631019592285,-3.8123958110809326,0.06757231056690216,11.081858932971954,0.5818589329719543,0.03445358946919441,5.650388672947884,1.8834628909826279,0.6331120457963931,-3.333081007003784,-1.5218061208724976,-2.7472523649182197,-0.22060343709569682
PRUfwpmYwJ8_1,PRUfwpmYwJ8,Spray hisses while machinery rumbles in the background,20s+,154.0,52.0,0.33766233766233766,1,0.3227500021457672,49.70350033044815,0.3553489148616791,0.053397733718156815,54.72373288869858,8.22325099259615,0.2762671113014221,0.15813944216531056,0.15813944216531056,1.8442780898192683,0.8287855982780457,1,1,0.44674772024154663,68.79914891719818,13.799148917198181,0.9558365448163106,0.04516835877479538,-0.7411624414217115,0.0,0.3461504876613617,53.3071750998497,1.692824900150299,0.04222553223371506,6.502731963992119,0.1250525377690792,2.0790213278294103,-3.1215872764587402,-2.380424737930298,0.3553489148616791,54.72373288869858,0.2762671113014221,0.053397733718156815,8.22325099259615,0.15813944216531056,1.8442780898192683,-2.875110626220703,-1.140663981437683,-2.0338529690546148,0.23474323801014224
PYP-r0nvbFk_4,PYP-r0nvbFk,The wind is blowing and a sheep is bleating,10-20s,121.0,10.0,0.08264462809917356,2,0.5923634171485901,71.6759734749794,0.9773673415184021,0.02958313189446926,118.26144832372665,3.5795589592307806,0.23855167627334595,0.7159117918461562,0.3579558959230781,1.0273454959162478,0.10431458801031113,1,1,0.7359917759895325,89.05500489473343,1.444995105266571,7.16759734749794,1.9695705004756836,0.3737442776905129,0.0,0.9767968058586121,118.19241350889206,0.3075864911079407,0.026794498786330223,3.242134353145957,0.3242134353145957,1.1263532291000122,-3.5923986434936523,-3.9661428928375244,0.9773673415184021,118.26144832372665,0.23855167627334595,0.02958313189446926,3.5795589592307806,0.3579558959230781,1.0273454959162478,-3.4905214309692383,-1.040340781211853,-3.095923729575696,0.09900773318376441
PYP-r0nvbFk_4,PYP-r0nvbFk,The wind is blowing and a sheep is bleating,10-20s,121.0,10.0,0.08264462809917356,6,0.8429434299468994,101.99615502357483,0.3191135823726654,0.03112504445016384,38.612743467092514,3.766130378469825,0.11274346709251404,0.26552453035529244,0.37661303784698247,0.976537043477876,0.9331050515174866,1,1,0.36404988169670105,44.05003568530083,1.949964314699173,10.199615502357483,2.3223500237324135,1.6802937908532223,0.0,0.2894000709056854,35.017408579587936,0.9825914204120636,0.030682969838380814,3.7126393504440784,0.37126393504440786,0.9908420540965135,-3.4528839588165283,-5.133177757263184,0.3191135823726654,38.612743467092514,0.11274346709251404,0.03112504445016384,3.766130378469825,0.37661303784698247,0.976537043477876,-3.4381227493286133,-1.5150450468063354,-3.3131920778289268,0.014305010618637563
Pb6MqpdX5Jw_5,Pb6MqpdX5Jw,An explosion erupts as music plays,2-5s,120.0,2.0,0.016666666666666666,2,0.5923634171485901,71.08361005783081,0.9738892912864685,0.014193040318787098,116.86671495437622,1.7031648382544518,0.8667149543762207,0.36231042061511837,0.8515824191272259,0.160658990695376,0.015880899503827095,1,1,0.7359917759895325,88.3190131187439,0.6809868812561035,35.541805028915405,3.570709610095089,0.3737442776905129,0.0,0.9745025038719177,116.94030046463013,0.940300464630127,0.03750266507267952,4.500319808721542,2.250159904360771,0.8110012822958623,-3.245119333267212,-3.618863582611084,0.9738892912864685,116.86671495437622,0.8667149543762207,0.014193040318787098,1.7031648382544518,0.8515824191272259,0.160658990695376,-4.240708827972412,-1.1123111248016357,-2.7597083277992267,-0.9716602729912382
PkmpxrsidZM_1,PkmpxrsidZM,Music plays,5-10s,299.0,6.0,0.020066889632107024,7,0.8412365913391113,251.5297408103943,0.0099800368770957,0.032478246837854385,2.984031026251614,9.710995804518461,0.015968973748385906,0.6178563064776776,1.6184993007530768,0.481499362350134,0.02131544053554535,1,1,0.27036458253860474,80.83901017904282,77.83901017904282,41.92162346839905,3.7358017670395807,1.6674578436475704,0.0,0.07657594233751297,22.896206758916378,19.896206758916378,0.12254474312067032,36.640878193080425,6.106813032180071,1.8094050384424012,-1.9685497283935547,-3.63600754737854,0.0099800368770957,2.984031026251614,0.015968973748385906,0.032478246837854385,9.710995804518461,1.6184993007530768,0.481499362350134,-3.394167423248291,-2.369123935699463,-1.9263967285971793,-1.3279056760922672
PkmpxrsidZM_1,PkmpxrsidZM,Music plays,5-10s,299.0,6.0,0.020066889632107024,9,0.6701281666755676,200.36832183599472,0.008114880882203579,0.02033344656229019,2.42634938377887,6.079700522124767,0.5736506162211299,0.8265213456940657,1.0132834203541279,0.01319596930741367,0.991647481918335,1,1,0.1608370691537857,48.090283676981926,45.090283676981926,33.39472030599912,3.508397812816852,0.7087647924817356,0.0,0.013015355914831161,3.8915914185345173,0.8915914185345173,0.029315534979104996,8.765344958752394,1.4608908264587324,0.37904640476002094,-3.4998838901519775,-4.208648681640625,0.008114880882203579,2.42634938377887,0.5736506162211299,0.02033344656229019,6.079700522124767,1.0132834203541279,0.01319596930741367,-3.8749451637268066,-1.4881387948989868,-3.129351408056831,-0.3658504354526072
Q0anPAIkfBE_1,Q0anPAIkfBE,A woman talks while a child cries,10-20s,163.0,10.0,0.06134969325153374,1,0.3227500021457672,52.608250349760056,0.37301939725875854,0.05432254448533058,60.80216175317764,8.854574751108885,0.19783824682235718,0.8854574751108885,0.8854574751108885,0.12165084650260642,0.9195584058761597,1,1,0.44674772024154663,72.8198783993721,11.8198783993721,5.260825034976006,1.6602878652057194,-0.7411624414217115,0.0,0.4012923836708069,65.41065853834152,4.410658538341522,0.05876702815294266,9.579025588929653,0.9579025588929653,0.04300921923975995,-2.7736096382141113,-2.032447099685669,0.37301939725875854,60.80216175317764,0.19783824682235718,0.05432254448533058,8.854574751108885,0.8854574751108885,0.12165084650260642,-2.856962203979492,-1.5200315713882446,-1.7032970844454793,-0.07864162726284647
Q0anPAIkfBE_1,Q0anPAIkfBE,A woman talks while a child cries,10-20s,163.0,10.0,0.06134969325153374,6,0.8429434299468994,137.3997790813446,0.3707045614719391,0.07987600564956665,60.42484351992607,13.019788920879364,0.5751564800739288,0.7680616068946681,1.3019788920879365,0.2638853317409357,0.8561002612113953,1,1,0.36404988169670105,59.34013071656227,1.6598692834377289,13.73997790813446,2.6203096789424345,1.6802937908532223,0.0,0.3367275595664978,54.88659220933914,6.113407790660858,0.10281006246805191,16.75804018229246,1.6758040182292462,0.5162930609917911,-2.166384220123291,-3.8466780185699463,0.3707045614719391,60.42484351992607,0.5751564800739288,0.07987600564956665,13.019788920879364,1.3019788920879365,0.2638853317409357,-2.444032907485962,-1.6875041723251343,-2.1040166179506437,-0.25240772925085536
QHfyKaOHSz4_1,QHfyKaOHSz4,Bees buzz,10-20s,82.0,12.0,0.14634146341463414,0,0.18933655321598053,15.525597363710403,0.6875209808349609,0.15632326900959015,56.3767204284668,12.818508058786392,0.12327957153320312,0.5460853921452957,1.068209004898866,0.06598341886259919,0.5526749491691589,1,1,0.6764324307441711,55.467459321022034,1.0325406789779663,1.2937997803092003,0.25758345482498224,-1.4543268461844807,0.0,0.7388132810592651,60.58268904685974,4.082689046859741,0.16081254184246063,13.186628431081772,1.0988857025901477,0.09429666873012578,-1.6521947383880615,-0.19786781072616577,0.6875209808349609,56.3767204284668,0.12327957153320312,0.15632326900959015,12.818508058786392,1.068209004898866,0.06598341886259919,-1.6858432292938232,-0.8243786096572876,-0.16328678609485645,-0.02831324986752641
QHfyKaOHSz4_1,QHfyKaOHSz4,Bees buzz,10-20s,82.0,12.0,0.14634146341463414,2,0.5923634171485901,48.57380020618439,0.9505179524421692,0.015225161798298359,77.94247210025787,1.2484632674604654,0.9424721002578735,0.10403860562170546,0.10403860562170546,2.2629932408203577,0.01284844521433115,1,1,0.7359917759895325,60.35132563114166,3.8513256311416626,4.047816683848699,1.398177645349241,0.3737442776905129,0.0,0.9611262679100037,78.8123539686203,1.8123539686203003,0.053067486733198166,4.35153391212225,0.36262782601018745,1.0143782433680748,-2.8816633224487305,-3.2554075717926025,0.9505179524421692,77.94247210025787,0.9424721002578735,0.015225161798298359,1.2484632674604654,0.10403860562170546,2.2629932408203577,-4.169463634490967,-0.9507495760917664,-2.4125558887173155,-1.2486149974522829
QHfyKaOHSz4_1,QHfyKaOHSz4,Bees buzz,10-20s,82.0,12.0,0.14634146341463414,8,0.5322582125663757,43.64517343044281,0.5689724683761597,0.75044846534729,46.65574240684509,61.53677415847778,0.15574240684509277,0.11375311910196427,5.128064513206482,1.6347283001177213,0.4811759293079376,1,1,0.47813287377357483,39.206895649433136,5.706895649433136,3.637097785870234,1.2911860520526117,0.12921232615624365,0.0,0.5551848411560059,45.52515697479248,0.9748430252075195,0.32123076915740967,26.340923070907593,2.1950769225756326,0.7862170903666833,-0.748121440410614,-0.8773337602615356,0.5689724683761597,46.65574240684509,0.15574240684509277,0.75044846534729,61.53677415847778,5.128064513206482,1.6347283001177213,1.1010055541992188,0.9086650609970093,-0.5049689616859284,0.8485112097510378
QHfyKaOHSz4_4,QHfyKaOHSz4,Music plays as laughter breaks out,5-10s,82.0,7.0,0.08536585365853659,6,0.8429434299468994,69.12136125564575,0.2934550344944,0.02852863073348999,24.063312828540802,2.339347720146179,0.563312828540802,0.33419253144945416,0.33419253144945416,1.0960380106185665,0.8362295031547546,1,1,0.36404988169670105,29.852090299129486,6.352090299129486,9.874480179377965,2.289953669338658,1.6802937908532223,0.0,0.30053290724754333,24.643698394298553,1.1436983942985535,0.03148137032985687,2.5814723670482635,0.3687817667211805,0.9975502279980611,-3.4263718128204346,-5.10666561126709,0.2934550344944,24.063312828540802,0.563312828540802,0.02852863073348999,2.339347720146179,0.33419253144945416,1.0960380106185665,-3.5279035568237305,-1.5607569217681885,-3.287503897336719,-0.09848778262050538
QKHpSAAjakY_3,QKHpSAAjakY,An engine hums as a horn blares,2-5s,94.0,2.0,0.02127659574468085,5,0.4456096887588501,41.88731074333191,0.8169174194335938,0.06273246556520462,76.79023742675781,5.896851763129234,0.2097625732421875,0.3391640285932296,2.948425881564617,1.0812714284672462,0.8767591714859009,1,1,0.6909807920455933,64.95219445228577,12.047805547714233,20.943655371665955,3.0418357542797736,-0.2184255400548803,0.0,0.7888708710670471,74.15386188030243,2.846138119697571,0.048361990600824356,4.5460271164774895,2.2730135582387447,0.8211065097618747,-2.9794704914093018,-2.761044979095459,0.8169174194335938,76.79023742675781,0.2097625732421875,0.06273246556520462,5.896851763129234,2.948425881564617,1.0812714284672462,-2.704089641571045,-1.3016067743301392,-2.2207292445178988,0.26016491870537145
QOmV7O9mFwg_1,QOmV7O9mFwg,People talk as a woman laughs,2-5s,260.0,4.0,0.015384615384615385,3,0.4910241663455963,127.66628324985504,0.9027931094169617,0.0728984996676445,234.72620844841003,18.95360991358757,0.2737915515899658,0.10552079572800688,4.7384024783968925,1.5557000490255797,0.8610127568244934,1,1,0.7619823217391968,198.11540365219116,9.384596347808838,31.91657081246376,3.463125336123293,-0.0359071921279591,0.0,0.928626298904419,241.44283771514893,6.442837715148926,0.0546111986041069,14.198911637067795,3.5497279092669487,1.2668709552730093,-2.8513572216033936,-2.8154499530792236,0.9027931094169617,234.72620844841003,0.2737915515899658,0.0728984996676445,18.95360991358757,4.7384024783968925,1.5557000490255797,-2.542994976043701,-0.8868030309677124,-2.1962543808502835,0.2888290937525704
QOmV7O9mFwg_1,QOmV7O9mFwg,People talk as a woman laughs,2-5s,260.0,4.0,0.015384615384615385,4,0.07413875311613083,19.276075810194016,0.6165083050727844,0.05760882422327995,160.29215931892395,14.978294298052788,0.7078406810760498,0.13352655250337847,3.744573574513197,1.3203077452025138,0.8940945863723755,1,1,0.5870380997657776,152.62990593910217,8.370094060897827,4.819018952548504,1.572570370530417,-2.5247858938815373,0.0,0.6380247473716736,165.88643431663513,4.886434316635132,0.049905840307474136,12.975518479943275,3.243879619985819,1.1767700270522423,-2.946423053741455,-0.4216369688510895,0.6165083050727844,160.29215931892395,0.7078406810760498,0.05760882422327995,14.978294298052788,3.744573574513197,1.3203077452025138,-2.7947447299957275,-0.9410541653633118,-0.3958003434781748,0.14353771815027144
QRtuOWWya30_1,QRtuOWWya30,"As music plays, a phone rings",2-5s,299.0,2.0,0.006688963210702341,4,0.07413875311613083,22.167487181723118,0.03767094761133194,0.00859934464097023,11.26361333578825,2.571204047650099,0.26361333578824997,0.7778456952212177,1.2856020238250494,0.2512271096660074,0.01194773893803358,1,1,0.5870380997657776,175.5243918299675,164.5243918299675,11.083743590861559,2.405479493465521,-2.5247858938815373,0.0,0.6081268787384033,181.8299367427826,170.8299367427826,0.029898321256041527,8.939598055556417,4.469799027778208,1.4973434473861473,-3.4795985221862793,-0.9548126459121704,0.03767094761133194,11.26361333578825,0.26361333578824997,0.00859934464097023,2.571204047650099,1.2856020238250494,0.2512271096660074,-4.747432708740234,-1.8066273927688599,-0.9081360460793738,-1.2461163377201399
QRtuOWWya30_1,QRtuOWWya30,"As music plays, a phone rings",2-5s,299.0,2.0,0.006688963210702341,8,0.5322582125663757,159.14520555734634,0.03831322491168976,0.03982645645737648,11.455654248595238,11.908110480755568,0.45565424859523773,0.16795275818377361,5.954055240377784,1.7840725404104354,0.016089802607893944,1,1,0.47813287377357483,142.96172925829887,131.96172925829887,79.57260277867317,4.3766698474071,0.12921232615624365,0.0,0.4571395814418793,136.6847348511219,125.6847348511219,0.11715985089540482,35.03079541772604,17.51539770886302,2.8630803631494643,-2.0196049213409424,-2.148817300796509,0.03831322491168976,11.455654248595238,0.45565424859523773,0.03982645645737648,11.908110480755568,5.954055240377784,1.7840725404104354,-3.1825826168060303,-2.0169384479522705,-1.5135894842576356,-1.079007822739029
QTSKjweEWew_1,QTSKjweEWew,Music plays,5-10s,299.0,7.0,0.023411371237458192,1,0.3227500021457672,96.5022506415844,0.009646348655223846,0.009890580549836159,2.88425824791193,2.9572835844010115,0.6157417520880699,0.42246908348585877,0.42246908348585877,0.8616390100437421,0.025901945307850838,1,1,0.44674772024154663,133.57756835222244,130.07756835222244,13.786035805940628,2.623656181728376,-0.7411624414217115,0.0,0.2028437703847885,60.650287345051765,57.150287345051765,0.034465543925762177,10.30519763380289,1.4721710905432701,0.3867382435411373,-3.332721710205078,-2.5915591716766357,0.009646348655223846,2.88425824791193,0.6157417520880699,0.009890580549836159,2.9572835844010115,0.42246908348585877,0.8616390100437421,-4.606232643127441,-2.3114771842956543,-2.2369179381872386,-1.2483772535848794
QTSKjweEWew_1,QTSKjweEWew,Music plays,5-10s,299.0,7.0,0.023411371237458192,7,0.8412365913391113,251.5297408103943,0.01349338237196207,0.034664761275053024,4.034521329216659,10.364763621240854,0.5345213292166591,0.6753651367074757,1.480680517320122,0.39250179109634165,0.01861230842769146,1,1,0.27036458253860474,80.83901017904282,77.33901017904282,35.93282011577061,3.581651087212322,1.6674578436475704,0.0,0.07316960394382477,21.877711579203606,18.377711579203606,0.16919845342636108,50.590337574481964,7.227191082068852,1.977850451977444,-1.5913186073303223,-3.2587764263153076,0.01349338237196207,4.034521329216659,0.5345213292166591,0.034664761275053024,10.364763621240854,1.480680517320122,0.39250179109634165,-3.326751708984375,-2.1878230571746826,-1.6038006352348781,-1.5853486608811025
QTSKjweEWew_1,QTSKjweEWew,Music plays,5-10s,299.0,7.0,0.023411371237458192,9,0.6701281666755676,200.36832183599472,0.008496012538671494,0.020780319347977638,2.5403077490627766,6.213315485045314,0.9596922509372234,0.746326233450276,0.8876164978636163,0.1192155010486476,0.9943976402282715,1,1,0.1608370691537857,48.090283676981926,44.590283676981926,28.624045976570674,3.354247132989594,0.7087647924817356,0.0,0.012492852285504341,3.735362833365798,0.235362833365798,0.02806728705763817,8.392118830233812,1.1988741186048304,0.18138288188049712,-3.5446817874908447,-4.253446578979492,0.008496012538671494,2.5403077490627766,0.9596922509372234,0.020780319347977638,6.213315485045314,0.8876164978636163,0.1192155010486476,-3.8527495861053467,-1.4313690662384033,-3.1728642511090968,-0.30059838292914465
QvATUKXYFBs_3,QvATUKXYFBs,Bells ring as the wind blows,20s+,119.0,30.0,0.25210084033613445,1,0.3227500021457672,38.4072502553463,0.392621785402298,0.12954579293727875,46.72199246287346,15.415949359536171,0.27800753712654114,0.5138649786512057,0.5138649786512057,0.6657947354843794,0.8534305691719055,1,1,0.44674772024154663,53.16297870874405,6.162978708744049,1.28024167517821,0.24704886884237678,-0.7411624414217115,0.0,0.38036254048347473,45.26314231753349,1.736857682466507,0.09501279145479202,11.30652218312025,0.37688407277067504,0.9758176381037538,-2.2539093494415283,-1.512746810913086,0.392621785402298,46.72199246287346,0.27800753712654114,0.12954579293727875,15.415949359536171,0.5138649786512057,0.6657947354843794,-1.9049807786941528,-0.9147582054138184,-1.2228665069461304,0.31002290261937443
QvATUKXYFBs_4,QvATUKXYFBs,Bells ring and train whistles blow as a train rumbles by in the wind,2-5s,119.0,4.0,0.03361344537815126,8,0.5322582125663757,63.33872729539871,0.47859275341033936,0.1299923062324524,56.95253765583038,15.469084441661835,0.0474623441696167,0.2585802679586564,3.8672711104154587,1.3525491188864223,0.9609648585319519,1,1,0.47813287377357483,56.897811979055405,0.10218802094459534,15.834681823849678,2.7622025865679976,0.12921232615624365,0.0,0.4817330837249756,57.326236963272095,0.3262369632720947,0.0811346247792244,9.655020348727703,2.4137550871819258,0.8811836623427994,-2.427029848098755,-2.5562422275543213,0.47859275341033936,56.95253765583038,0.0474623441696167,0.1299923062324524,15.469084441661835,3.8672711104154587,1.3525491188864223,-1.901026725769043,-1.3064053058624268,-1.8810189242251982,0.47136545654362283
QvATUKXYFBs_5,QvATUKXYFBs,A train rumbles by as bells ring,20s+,119.0,49.0,0.4117647058823529,0,0.18933655321598053,22.531049832701683,0.7391846776008606,0.13079781830310822,87.96297663450241,15.564940378069878,0.5370233654975891,0.3176518444504057,0.3176518444504057,1.146799324737088,0.7967297434806824,1,1,0.6764324307441711,80.49545925855637,8.004540741443634,0.45981734352452414,0.7769259476503678,-1.4543268461844807,0.0,0.7447178959846497,88.62142962217331,0.12142962217330933,0.12550707161426544,14.935341522097588,0.3048028882060732,1.1880899794728303,-1.941282033920288,-0.4869551956653595,0.7391846776008606,87.96297663450241,0.5370233654975891,0.13079781830310822,15.564940378069878,0.3176518444504057,1.146799324737088,-1.893923044204712,-0.6043687462806702,-0.4111640318224625,0.04129065473574215
R4fXcbWFhJg_1,R4fXcbWFhJg,A woman screams,2-5s,133.0,3.0,0.022556390977443608,6,0.8429434299468994,112.11147618293762,0.26848405599594116,0.04376765713095665,35.708379447460175,5.821098398417234,0.20837944746017456,0.5153666532789937,1.9403661328057449,0.6628766835186849,0.9106892347335815,1,1,0.36404988169670105,48.41863426566124,12.91863426566124,37.37049206097921,3.6208814106833622,1.6802937908532223,0.0,0.26280727982521057,34.953368216753006,0.546631783246994,0.05070255696773529,6.743440076708794,2.247813358902931,0.8099579031855935,-2.92974591255188,-4.610039710998535,0.26848405599594116,35.708379447460175,0.20837944746017456,0.04376765713095665,5.821098398417234,1.9403661328057449,0.6628766835186849,-3.0841057300567627,-2.0222041606903076,-2.8109235074977685,-0.14708121966690865
R4fXcbWFhJg_1,R4fXcbWFhJg,A woman screams,2-5s,133.0,3.0,0.022556390977443608,7,0.8412365913391113,111.8844666481018,0.22712752223014832,0.04086415842175484,30.207960456609726,5.434933070093393,0.20796045660972595,0.36798981223988325,1.8116443566977978,0.5942349172190065,0.9185885787010193,1,1,0.27036458253860474,35.95848947763443,0.45848947763442993,37.294822216033936,3.6188545024305934,1.6674578436475704,0.0,0.17361608147621155,23.090938836336136,2.090938836336136,0.04246017709374428,5.647203553467989,1.8824011844893296,0.632548187675043,-3.115800619125366,-4.783258438110352,0.22712752223014832,30.207960456609726,0.20796045660972595,0.04086415842175484,5.434933070093393,1.8116443566977978,0.5942349172190065,-3.1557793617248535,-1.9017304182052612,-2.9863063147555504,-0.03831327045603661
R4fXcbWFhJg_1,R4fXcbWFhJg,A woman screams,2-5s,133.0,3.0,0.022556390977443608,8,0.5322582125663757,70.79034227132797,0.10664310306310654,0.02902783267199993,14.18353270739317,3.860701745375991,0.6835327073931694,0.6676946762894619,1.286900581791997,0.2522366776053409,0.06369943916797638,1,1,0.47813287377357483,63.59167221188545,28.091672211885452,23.596780757109325,3.161110294130003,0.12921232615624365,0.0,0.44758865237236023,59.52929076552391,24.02929076552391,0.04997100681066513,6.646143905818462,2.2153813019394875,0.7954245340269304,-2.945049524307251,-3.0742619037628174,0.10664310306310654,14.18353270739317,0.6835327073931694,0.02902783267199993,3.860701745375991,1.286900581791997,0.2522366776053409,-3.510042667388916,-1.5281790494918823,-2.3656857601030725,-0.5431878564215894
R8bHTHnF8j4_1,R8bHTHnF8j4,"As wind blows, a man speaks",20s+,185.0,29.0,0.15675675675675677,0,0.18933655321598053,35.0272623449564,0.07703415304422379,0.015605983324348927,14.2513183131814,2.8871069150045514,0.2486816868185997,0.5774213830009103,0.09955541086222591,2.3070408967373024,0.013003177009522915,1,1,0.6764324307441711,125.13999968767166,28.63999968767166,1.2078366325847034,0.18883085244058023,-1.4543268461844807,0.0,0.7522928714752197,139.17418122291565,42.67418122291565,0.053902726620435715,9.972004424780607,0.34386222154415885,1.067514220604783,-2.865164279937744,-1.4108375310897827,0.07703415304422379,14.2513183131814,0.2486816868185997,0.015605983324348927,2.8871069150045514,0.09955541086222591,2.3070408967373024,-4.14437198638916,-1.7821859121322632,-1.2563450730453631,-1.2395266761325192
R8bHTHnF8j4_2,R8bHTHnF8j4,"As wind blows, a man laughs",5-10s,185.0,9.0,0.04864864864864865,6,0.8429434299468994,155.9445345401764,0.20582623779773712,0.03833427652716637,38.07785399258137,7.091841157525778,0.5778539925813675,0.7879823508361975,0.7879823508361975,0.2382795867910768,0.03286198526620865,1,1,0.36404988169670105,67.3492281138897,29.849228113889694,17.327170504464043,2.8522758188718234,1.6802937908532223,0.0,0.2370656579732895,43.857146725058556,6.357146725058556,0.057474199682474136,10.632726941257715,1.1814141045841906,0.16671211469241548,-2.797227144241333,-4.477520942687988,0.20582623779773712,38.07785399258137,0.5778539925813675,0.03833427652716637,7.091841157525778,0.7879823508361975,0.2382795867910768,-3.222322463989258,-1.5683854818344116,-2.6855637041794083,-0.4049917014834923
RNBoH2LHQEM_2,RNBoH2LHQEM,Applause breaks out,2-5s,299.0,4.0,0.013377926421404682,2,0.5923634171485901,177.11666172742844,0.9952316880226135,0.017798688262701035,297.57427471876144,5.321807790547609,0.4257252812385559,0.7516242896078746,1.3304519476369023,0.2855186947645444,0.9513079524040222,1,1,0.7359917759895325,220.0615410208702,77.93845897912979,44.27916543185711,3.790514260143784,0.3737442776905129,0.0,0.9915447235107422,296.4718723297119,1.528127670288086,0.01555576454848051,4.651173599995673,1.1627933999989182,0.15082521373095278,-4.147645950317383,-4.521390438079834,0.9952316880226135,297.57427471876144,0.4257252812385559,0.017798688262701035,5.321807790547609,1.3304519476369023,0.2855186947645444,-4.010671615600586,-0.5910857319831848,-3.639689046412831,0.1346934810335915
ROootH-mtEI_1,ROootH-mtEI,Water rushes as a man talks,10-20s,215.0,15.0,0.06976744186046512,5,0.4456096887588501,95.80608308315277,0.9180217981338501,0.03430922329425812,197.37468659877777,7.376483008265495,0.374686598777771,0.2711319198809189,0.49176553388436633,0.7097532332248717,0.9387627840042114,1,1,0.6909807920455933,148.56087028980255,45.06087028980255,6.387072205543518,1.8542759795951678,-0.2184255400548803,0.0,0.9054121971130371,194.66362237930298,2.3363776206970215,0.02636558748781681,5.668601309880614,0.37790675399204093,0.9731077963544352,-3.608976125717163,-3.3905506134033203,0.9180217981338501,197.37468659877777,0.374686598777771,0.03430922329425812,7.376483008265495,0.49176553388436633,0.7097532332248717,-3.3374295234680176,-0.615067183971405,-2.827383775949603,0.26335456312956346
ROootH-mtEI_1,ROootH-mtEI,Water rushes as a man talks,10-20s,215.0,15.0,0.06976744186046512,9,0.6701281666755676,144.07755583524704,0.03186294063925743,0.02437320165336132,6.850532237440348,5.240238355472684,0.35053223744034767,0.8718499093296639,0.34934922369817895,1.051683216118166,0.9605351686477661,1,1,0.1608370691537857,34.57996986806393,0.5799698680639267,9.60517038901647,2.2623015356796734,0.7087647924817356,0.0,0.02823762595653534,6.071089580655098,0.42891041934490204,0.044627878814935684,9.594993945211172,0.6396662630140781,0.44680870267858,-3.063742160797119,-3.7725069522857666,0.03186294063925743,6.850532237440348,0.35053223744034767,0.02437320165336132,5.240238355472684,0.34934922369817895,1.051683216118166,-3.689595937728882,-1.5160479545593262,-2.7091102383582535,-0.6048745134395861
RfGapDlAYoQ_1,RfGapDlAYoQ,A whistle blows as a man laughs,2-5s,150.0,3.0,0.02,9,0.6701281666755676,100.51922500133514,0.0651482492685318,0.03137701004743576,9.77223739027977,4.706551507115364,0.2722373902797699,0.21246978780285314,1.568850502371788,0.4503431871027827,0.7523066997528076,1,1,0.1608370691537857,24.125560373067856,14.625560373067856,33.50640833377838,3.511736714082367,0.7087647924817356,0.0,0.06767620146274567,10.15143021941185,0.65143021941185,0.03789076581597328,5.683614872395992,1.894538290798664,0.6389751628313408,-3.2344205379486084,-3.943185329437256,0.0651482492685318,9.77223739027977,0.2722373902797699,0.03137701004743576,4.706551507115364,1.568850502371788,0.4503431871027827,-3.429800033569336,-1.492737889289856,-2.872761551251026,-0.18863197572855803
Rk-ujWKzPuc_1,Rk-ujWKzPuc,A man speaks catching his breath,10-20s,300.0,18.0,0.06,2,0.5923634171485901,177.70902514457703,0.9846923351287842,0.013669204898178577,295.40770053863525,4.100761469453573,0.4077005386352539,0.4100761469453573,0.22782008163630962,1.4791990771735481,0.04357977584004402,1,1,0.7359917759895325,220.79753279685974,16.29753279685974,9.872723619143168,2.2897757646330246,0.3737442776905129,0.0,0.9861804842948914,295.8541452884674,0.8541452884674072,0.021653247997164726,6.495974399149418,0.3608874666194121,1.0191890960621925,-3.81070876121521,-4.184453010559082,0.9846923351287842,295.40770053863525,0.4077005386352539,0.013669204898178577,4.100761469453573,0.22782008163630962,1.4791990771735481,-4.278846263885498,-0.9452122449874878,-3.3089648606952173,-0.4600099811113556
Rk-ujWKzPuc_1,Rk-ujWKzPuc,A man speaks catching his breath,10-20s,300.0,18.0,0.06,5,0.4456096887588501,133.68290662765503,0.8040234446525574,0.048670895397663116,241.2070333957672,14.601268619298935,0.20703339576721191,0.5478975977077882,0.8111815899610519,0.2092633412239381,0.8516777753829956,1,1,0.6909807920455933,207.29423761367798,2.7942376136779785,7.426828145980835,2.0050988693297516,-0.2184255400548803,0.0,0.7639316320419312,229.17948961257935,11.820510387420654,0.04307607561349869,12.922822684049606,0.7179345935583115,0.33137680940602976,-3.1007561683654785,-2.8823306560516357,0.8040234446525574,241.2070333957672,0.20703339576721191,0.048670895397663116,14.601268619298935,0.8111815899610519,0.2092633412239381,-2.972778797149658,-1.2649275064468384,-2.3364756787357814,0.12211346818209158
Rp4Ct_TQvAM_1,Rp4Ct_TQvAM,A man talks with background noise,20s+,299.0,32.0,0.10702341137123746,6,0.8429434299468994,252.04008555412292,0.3094802796840668,0.1381823569536209,92.53460362553596,41.31652472913265,0.034603625535964966,0.16942373652893988,1.2911413977853954,0.25552663164964035,0.9576380848884583,1,1,0.36404988169670105,108.85091462731361,7.149085372686386,7.876252673566341,2.063852241720678,1.6802937908532223,0.0,0.27969229221343994,83.62799537181854,8.872004628181458,0.10187970846891403,30.462032832205296,0.9519385260064155,0.049254819798404216,-2.176511287689209,-3.8568050861358643,0.3094802796840668,92.53460362553596,0.034603625535964966,0.1381823569536209,41.31652472913265,1.2911413977853954,0.25552663164964035,-1.8304693698883057,-1.3876293897628784,-2.113107061519082,0.30478145144804464
S0SQyFXbqF8_1,S0SQyFXbqF8,A frog croaks as loud noises fill the air,10-20s,96.0,12.0,0.125,0,0.18933655321598053,18.17630910873413,0.6351892948150635,0.16231593489646912,60.978172302246094,15.582329750061035,0.9781723022460938,0.77010307139425,1.298527479171753,0.26123091413914634,0.23984882235527039,1,1,0.6764324307441711,64.93751335144043,4.93751335144043,1.5146924257278442,0.4152123990285653,-1.4543268461844807,0.0,0.6953167915344238,66.75041198730469,6.7504119873046875,0.1760343760251999,16.89930009841919,1.4082750082015991,0.34236555698870935,-1.5434495210647583,-0.08912267535924911,0.6351892948150635,60.978172302246094,0.9781723022460938,0.16231593489646912,15.582329750061035,1.298527479171753,0.26123091413914634,-1.6410962343215942,-0.6661762595176697,-0.072846842039856,-0.0811346428495631
S0SQyFXbqF8_1,S0SQyFXbqF8,A frog croaks as loud noises fill the air,10-20s,96.0,12.0,0.125,1,0.3227500021457672,30.984000205993652,0.3896011412143707,0.15905223786830902,37.40170955657959,15.269014835357666,0.9017095565795898,0.19647633015936664,1.2724179029464722,0.24091895101272323,0.6244885921478271,1,1,0.44674772024154663,42.88778114318848,3.6122188568115234,2.5820000171661377,0.9485642990728387,-0.7411624414217115,0.0,0.40756988525390625,39.126708984375,2.626708984375,0.15453742444515228,14.83559274673462,1.2362993955612183,0.21212255912115158,-1.699447512626648,-0.9582850337028503,0.3896011412143707,37.40170955657959,0.9017095565795898,0.15905223786830902,15.269014835357666,1.2724179029464722,0.24091895101272323,-1.6652967929840088,-1.060437798500061,-0.736441739951687,0.028796391891571668
S0SQyFXbqF8_1,S0SQyFXbqF8,A frog croaks as loud noises fill the air,10-20s,96.0,12.0,0.125,2,0.5923634171485901,56.86688804626465,0.9766688942909241,0.031029891222715378,93.76021385192871,2.9788695573806763,0.7602138519287109,0.49647825956344604,0.24823912978172302,1.3933627644003521,0.005784807726740837,1,1,0.7359917759895325,70.65521049499512,10.655210494995117,4.738907337188721,1.5558065895528241,0.3737442776905129,0.0,0.9401671886444092,90.25605010986328,2.7439498901367188,0.09020410478115082,8.659594058990479,0.7216328382492065,0.32623880371759917,-2.311145305633545,-2.684889554977417,0.9766688942909241,93.76021385192871,0.7602138519287109,0.031029891222715378,2.9788695573806763,0.24823912978172302,1.3933627644003521,-3.4412827491760254,-0.6642349362373352,-1.8820453932704233,-1.067123960682753
S0SQyFXbqF8_1,S0SQyFXbqF8,A frog croaks as loud noises fill the air,10-20s,96.0,12.0,0.125,5,0.4456096887588501,42.77853012084961,0.49453598260879517,0.19475850462913513,47.475454330444336,18.696816444396973,0.9754543304443359,0.2674252065783312,1.558068037033081,0.4434466159643163,0.0048835380002856255,1,1,0.6909807920455933,66.33415603637695,6.334156036376953,3.564877510070801,1.2711296942495511,-0.2184255400548803,0.0,0.8311616778373718,79.7915210723877,13.208478927612305,0.2256028801202774,21.65787649154663,1.8048230409622192,0.5904625487307031,-1.2333085536956787,-1.014883041381836,0.49453598260879517,47.475454330444336,0.9754543304443359,0.19475850462913513,18.696816444396973,1.558068037033081,0.4434466159643163,-1.419381856918335,-0.5056907534599304,-0.680667145518848,-0.14701593276638678
S0YE96w0YRk_1,S0YE96w0YRk,Music plays,10-20s,220.0,13.0,0.05909090909090909,2,0.5923634171485901,130.31995177268982,0.9966637492179871,0.013439105823636055,219.26602482795715,2.956603281199932,0.23397517204284668,0.8543244024786582,0.227431021630764,1.4809082881890527,0.030254511162638664,1,1,0.7359917759895325,161.91819071769714,57.581809282302856,10.024611674822294,2.305043236763813,0.3737442776905129,0.0,0.9546849727630615,210.03069400787354,9.469305992126465,0.07443755120038986,16.37626126408577,1.2597124049296746,0.23088344485456438,-2.5204410552978516,-2.8941853046417236,0.9966637492179871,219.26602482795715,0.23397517204284668,0.013439105823636055,2.956603281199932,0.227431021630764,1.4809082881890527,-4.296056270599365,-1.2892159223556519,-2.0741597919092487,-1.7117917330436172
S0YE96w0YRk_1,S0YE96w0YRk,Music plays,10-20s,220.0,13.0,0.05909090909090909,7,0.8412365913391113,185.0720500946045,0.06304007023572922,0.10196588933467865,13.868815451860428,22.432495653629303,0.6311845481395721,0.5795164390412691,1.7255765887407155,0.5455612489752293,0.011599400080740452,1,1,0.27036458253860474,59.48020815849304,44.98020815849304,14.236311545738808,2.655795851767774,1.6674578436475704,0.0,0.13967998325824738,30.729596316814423,16.229596316814423,0.20490700006484985,45.07954001426697,3.467656924174382,1.2434791278928286,-1.355902910232544,-3.0233607292175293,0.06304007023572922,13.868815451860428,0.6311845481395721,0.10196588933467865,22.432495653629303,1.7255765887407155,0.5455612489752293,-2.175569772720337,-1.855769395828247,-1.4123167238749454,-0.6979178789175992
S8k47ME-YT4_1,S8k47ME-YT4,A thunderstorm rages,10-20s,150.0,10.0,0.06666666666666667,1,0.3227500021457672,48.41250032186508,0.36487647891044617,0.04765903577208519,54.731471836566925,7.1488553658127785,0.26852816343307495,0.7148855365812778,0.7148855365812778,0.33563283780120623,0.8894002437591553,1,1,0.44674772024154663,67.012158036232,12.012158036231995,4.841250032186508,1.5771729584952128,-0.7411624414217115,0.0,0.38292396068573,57.4385941028595,2.438594102859497,0.0579443983733654,8.69165975600481,0.869165975600481,0.14022117586616528,-2.7885804176330566,-2.0474178791046143,0.36487647891044617,54.731471836566925,0.26852816343307495,0.04765903577208519,7.1488553658127785,0.7148855365812778,0.33563283780120623,-2.9948508739471436,-1.478866457939148,-1.717394134361378,-0.19541166193504095
SGaIvgwwWSE_1,SGaIvgwwWSE,Rain falls as thunder rumbles,10-20s,65.0,12.0,0.18461538461538463,2,0.5923634171485901,38.503622114658356,0.9856705069541931,0.022793203592300415,64.06858295202255,1.481558233499527,0.06858295202255249,0.7407791167497635,0.12346318612496059,2.0918122554081804,0.006339831277728081,1,1,0.7359917759895325,47.83946543931961,13.83946543931961,3.2086351762215295,1.1658456679806248,0.3737442776905129,0.0,0.9786070585250854,63.609458804130554,0.3905411958694458,0.02815563790500164,1.8301164638251066,0.15250970531875888,1.8805270435252164,-3.5414481163024902,-3.9151923656463623,0.9856705069541931,64.06858295202255,0.06858295202255249,0.022793203592300415,1.481558233499527,0.12346318612496059,2.0918122554081804,-3.7582359313964844,-0.7888461947441101,-3.046372711505841,-0.21128521188296392
Smdj6JFB9MQ_1,Smdj6JFB9MQ,Two women talk and objects bump together,20s+,299.0,122.0,0.4080267558528428,2,0.5923634171485901,177.11666172742844,0.9869814515113831,0.011236748658120632,295.10745400190353,3.359787848778069,0.39254599809646606,0.373309760975341,0.02753924466211532,3.5921432129961954,0.01002162043005228,1,1,0.7359917759895325,220.0615410208702,0.06154102087020874,1.4517759157985937,0.37278757653041794,0.3737442776905129,0.0,0.9752584099769592,291.6022645831108,3.8977354168891907,0.04164497181773186,12.451846573501825,0.10206431617624447,2.2821521136639653,-3.136037588119507,-3.509781837463379,0.9869814515113831,295.10745400190353,0.39254599809646606,0.011236748658120632,3.359787848778069,0.02753924466211532,3.5921432129961954,-4.477265357971191,-1.063330054283142,-2.6549396901943836,-1.3099910993322297
Smdj6JFB9MQ_1,Smdj6JFB9MQ,Two women talk and objects bump together,20s+,299.0,122.0,0.4080267558528428,9,0.6701281666755676,200.36832183599472,0.0434977263212204,0.045944694429636,13.005820170044899,13.737463634461164,0.494179829955101,0.928704756615047,0.11260216093820627,2.1838943721800024,0.9648717045783997,1,1,0.1608370691537857,48.090283676981926,20.909716323018074,1.6423632937376615,0.4961362373116505,0.7087647924817356,0.0,0.044815436005592346,13.399815365672112,0.10018463432788849,0.04566718637943268,13.65448872745037,0.11192203874959321,2.1899527326579316,-3.0396323204040527,-3.7483971118927,0.0434977263212204,13.005820170044899,0.494179829955101,0.045944694429636,13.737463634461164,0.11260216093820627,2.1838943721800024,-3.033283233642578,-1.003061056137085,-2.6860889699695822,0.0060583604779294925
Smdj6JFB9MQ_2,Smdj6JFB9MQ,Music plays,20s+,299.0,109.0,0.36454849498327757,2,0.5923634171485901,177.11666172742844,0.9972315430641174,0.008273499086499214,298.1722313761711,2.473776226863265,0.6722313761711121,0.49475524537265303,0.022695194741864818,3.7856020622836972,0.024657223373651505,1,1,0.7359917759895325,220.0615410208702,20.93845897912979,1.6249235020864994,0.48546073903453085,0.3737442776905129,0.0,0.9656513929367065,288.72976648807526,8.770233511924744,0.05515215918421745,16.49049559608102,0.15128895042276164,1.8885636917683843,-2.840928077697754,-3.214672327041626,0.9972315430641174,298.1722313761711,0.6722313761711121,0.008273499086499214,2.473776226863265,0.022695194741864818,3.7856020622836972,-4.7863898277282715,-1.5648952722549438,-2.3740244308029155,-1.8970383705153127
T32kii824pA_1,T32kii824pA,A man speaks while a metal collides,5-10s,299.0,5.0,0.016722408026755852,1,0.3227500021457672,96.5022506415844,0.390968382358551,0.04151872545480728,116.89954632520676,12.414098910987377,0.6004536747932434,0.08055357115891251,2.4828197821974753,0.9093949232223624,0.6557472348213196,1,1,0.44674772024154663,133.57756835222244,16.077568352222443,19.30045012831688,2.960128418349589,-0.7411624414217115,0.0,0.4018077552318573,120.14051881432533,2.6405188143253326,0.03472932055592537,10.384066846221685,2.076813369244337,0.7308346849319604,-3.324824333190918,-2.5836617946624756,0.390968382358551,116.89954632520676,0.6004536747932434,0.04151872545480728,12.414098910987377,2.4828197821974753,0.9093949232223624,-3.1392054557800293,-1.1019233465194702,-2.229293733417628,0.17856023829040213
T32kii824pA_1,T32kii824pA,A man speaks while a metal collides,5-10s,299.0,5.0,0.016722408026755852,8,0.5322582125663757,159.14520555734634,0.5635802745819092,0.0371970534324646,168.51050209999084,11.121918976306915,0.5105020999908447,0.35965016545447076,2.224383795261383,0.7994799313116517,0.8625007271766663,1,1,0.47813287377357483,142.96172925829887,25.038270741701126,31.82904111146927,3.460379115532945,0.12921232615624365,0.0,0.5265150666236877,157.42800492048264,10.571995079517365,0.03441791608929634,10.290956910699606,2.0581913821399214,0.7218276273252471,-3.334153890609741,-3.4633662700653076,0.5635802745819092,168.51050209999084,0.5105020999908447,0.0371970534324646,11.121918976306915,2.224383795261383,0.7994799313116517,-3.2536191940307617,-1.4332014322280884,-2.738551488207698,0.0776523039864047
TaQKhIRwii4_3,TaQKhIRwii4,Music plays,20s+,299.0,183.0,0.6120401337792643,0,0.18933655321598053,56.61162941157818,0.6965433955192566,0.42435169219970703,208.26647526025772,126.8811559677124,0.23352473974227905,0.6933396500967891,0.6933396500967891,0.3662352842798627,0.4447164833545685,1,1,0.6764324307441711,202.25329679250717,6.246703207492828,0.3093531661834873,1.1732717221020053,-1.4543268461844807,0.0,0.7357460856437683,219.98807960748672,11.488079607486725,0.3859415650367737,115.39652794599533,0.6305821199234718,0.461111886343139,-0.46440404653549194,0.989922821521759,0.6965433955192566,208.26647526025772,0.23352473974227905,0.42435169219970703,126.8811559677124,0.6933396500967891,0.3662352842798627,-0.30493444204330444,0.16585224866867065,0.712159835758866,0.09487660206327637
TaQKhIRwii4_4,TaQKhIRwii4,A man's voices blend amid noise,20s+,299.0,44.0,0.14715719063545152,7,0.8412365913391113,251.5297408103943,0.19389605522155762,0.05493824556469917,57.97492051124573,16.426535423845053,0.5250794887542725,0.42613976833110373,0.37333035054193303,0.985291593012846,0.7623720765113831,1,1,0.27036458253860474,80.83901017904282,4.160989820957184,5.716585018418052,1.7433716023493744,1.6674578436475704,0.0,0.21069496870040894,62.99779564142227,4.497795641422272,0.04336078092455864,12.964873496443033,0.29465621582825074,1.2219459722877675,-3.0938708782196045,-4.76132869720459,0.19389605522155762,57.97492051124573,0.5250794887542725,0.05493824556469917,16.426535423845053,0.37333035054193303,0.985291593012846,-2.8450405597686768,-0.965915858745575,-2.965317574637142,0.2366543792749215
Tdl9SmBbRnA_1,Tdl9SmBbRnA,A man speaks as engine noise rumbles and air blasts nearby,5-10s,299.0,5.0,0.016722408026755852,2,0.5923634171485901,177.11666172742844,0.9898165464401245,0.012284806929528713,295.95514738559723,3.6731572719290853,0.455147385597229,0.734631454385817,0.734631454385817,0.30838632812798417,0.012694040313363075,1,1,0.7359917759895325,220.0615410208702,75.43845897912979,35.42333234548569,3.567370708829574,0.3737442776905129,0.0,0.9824702143669128,293.75859409570694,1.7414059042930603,0.028516164049506187,8.52633305080235,1.70526661016047,0.5337214681066129,-3.528353452682495,-3.902097702026367,0.9898165464401245,295.95514738559723,0.455147385597229,0.012284806929528713,3.6731572719290853,0.734631454385817,0.30838632812798417,-4.387031078338623,-0.8946133255958557,-3.0336492407229616,-0.842107796234597
Tgxst7Ft9js_1,Tgxst7Ft9js,Music is playing,2-5s,225.0,4.0,0.017777777777777778,2,0.5923634171485901,133.28176885843277,0.997946560382843,0.01064522098749876,224.53797608613968,2.395174722187221,0.537976086139679,0.5987936805468053,0.5987936805468053,0.5128381800214019,0.7443101406097412,1,1,0.7359917759895325,165.5981495976448,26.598149597644806,33.32044221460819,3.5061710889575175,0.3737442776905129,0.0,0.9877856969833374,222.25178182125092,1.7482181787490845,0.023210320621728897,5.222322139889002,1.3055805349722505,0.2666477962411462,-3.7396743297576904,-4.1134185791015625,0.997946560382843,224.53797608613968,0.537976086139679,0.01064522098749876,2.395174722187221,0.5987936805468053,0.5128381800214019,-4.531941890716553,-1.0781105756759644,-3.2395232927163713,-0.7794859762625482
Tgxst7Ft9js_1,Tgxst7Ft9js,Music is playing,2-5s,225.0,4.0,0.017777777777777778,7,0.8412365913391113,189.27823305130005,0.010520783253014088,0.020143814384937286,2.3671762319281697,4.532358236610889,0.3671762319281697,0.8415074156098747,1.1330895591527224,0.1249480249525428,0.04430684074759483,1,1,0.27036458253860474,60.832031071186066,58.832031071186066,47.31955826282501,3.8569237039614785,1.6674578436475704,0.0,0.06898057460784912,15.520629286766052,13.520629286766052,0.09104572981595993,20.485289208590984,5.121322302147746,1.6334126678457228,-2.3009328842163086,-3.968390703201294,0.010520783253014088,2.3671762319281697,0.3671762319281697,0.020143814384937286,4.532358236610889,1.1330895591527224,0.1249480249525428,-3.8845086097717285,-2.349886655807495,-2.223511036115756,-1.50846464289318
Tgxst7Ft9js_1,Tgxst7Ft9js,Music is playing,2-5s,225.0,4.0,0.017777777777777778,9,0.6701281666755676,150.77883750200272,0.007221955340355635,0.018542518839240074,1.6249399515800178,4.172066738829017,0.3750600484199822,0.831852860592171,1.0430166847072542,0.042117172733692226,0.9923974871635437,1,1,0.1608370691537857,36.188340559601784,34.188340559601784,37.69470937550068,3.6295197497387504,0.7087647924817356,0.0,0.007916887290775776,1.7812996404245496,0.21870035957545042,0.019014563411474228,4.278276767581701,1.0695691918954253,0.06725594300205102,-3.943352460861206,-4.6521172523498535,0.007221955340355635,1.6249399515800178,0.3750600484199822,0.018542518839240074,4.172066738829017,1.0430166847072542,0.042117172733692226,-3.9689722061157227,-1.367470145225525,-3.5622638067366994,-0.025138770268358753
Tgxst7Ft9js_3,Tgxst7Ft9js,A man is speaking while something rattles like maracas,20s+,225.0,23.0,0.10222222222222223,2,0.5923634171485901,133.28176885843277,0.9788934588432312,0.008658831007778645,220.25102823972702,1.948236976750195,0.7489717602729797,0.4499104385946672,0.08470595551087805,2.4685693667985915,0.016033925116062164,1,1,0.7359917759895325,165.5981495976448,35.901850402355194,5.794859515584034,1.7569712341482586,0.3737442776905129,0.0,0.975408673286438,219.46695148944855,1.5330485105514526,0.040775999426841736,9.17459987103939,0.39889564656693005,0.9190554337253911,-3.1580309867858887,-3.5317752361297607,0.9788934588432312,220.25102823972702,0.7489717602729797,0.008658831007778645,1.948236976750195,0.08470595551087805,2.4685693667985915,-4.740478992462158,-1.2894114255905151,-2.67602666787365,-1.5495139330732006
TtRtURWVYBE_2,TtRtURWVYBE,A button clicks,2-5s,67.0,3.0,0.04477611940298507,3,0.4910241663455963,32.89861914515495,0.906771183013916,0.06005735695362091,60.75366926193237,4.023842915892601,0.746330738067627,0.2485186476963085,1.3412809719642003,0.2936251065613587,0.8875133991241455,1,1,0.7619823217391968,51.052815556526184,3.447184443473816,10.966206381718317,2.394818396950512,-0.0359071921279591,0.0,0.9158411026000977,61.36135387420654,0.13864612579345703,0.04530411958694458,3.035376012325287,1.011792004108429,0.011723020204058483,-3.04799485206604,-3.01208758354187,0.906771183013916,60.75366926193237,0.746330738067627,0.06005735695362091,4.023842915892601,1.3412809719642003,0.2936251065613587,-2.750518798828125,-0.9712015986442566,-2.3830953767464536,0.28190208635730024
TtRtURWVYBE_2,TtRtURWVYBE,A button clicks,2-5s,67.0,3.0,0.04477611940298507,4,0.07413875311613083,4.9672964587807655,0.5588037967681885,0.04505246505141258,37.43985438346863,3.018515158444643,0.9398543834686279,0.3312887123334084,1.0061717194815476,0.0061527524204501825,0.9514042139053345,1,1,0.5870380997657776,39.3315526843071,2.8315526843070984,1.655765486260255,0.5042634313576363,-2.5247858938815373,0.0,0.596200704574585,39.94544720649719,3.4454472064971924,0.05447821691632271,3.6500405333936214,1.2166801777978737,0.19612598390397823,-2.853935956954956,-0.32914990186691284,0.5588037967681885,37.43985438346863,0.9398543834686279,0.04505246505141258,3.018515158444643,1.0061717194815476,0.0061527524204501825,-3.053828716278076,-1.294906497001648,-0.308137447453658,-0.18997323148352807
TtRtURWVYBE_2,TtRtURWVYBE,A button clicks,2-5s,67.0,3.0,0.04477611940298507,5,0.4456096887588501,29.855849146842957,0.8054984211921692,0.05347432941198349,53.968394219875336,3.582780070602894,0.5316057801246643,0.7218904723988501,1.194260023534298,0.177526766415197,0.9200036525726318,1,1,0.6909807920455933,46.29571306705475,8.204286932945251,9.951949715614319,2.2977684832925713,-0.2184255400548803,0.0,0.7898867130279541,52.922409772872925,1.5775902271270752,0.04679913818836212,3.135542258620262,1.0451807528734207,0.04418983971617911,-3.013960838317871,-2.7955353260040283,0.8054984211921692,53.968394219875336,0.5316057801246643,0.05347432941198349,3.582780070602894,1.194260023534298,0.177526766415197,-2.873596429824829,-1.392396330833435,-2.2535786435763923,0.13333692669901778
TtRtURWVYBE_2,TtRtURWVYBE,A button clicks,2-5s,67.0,3.0,0.04477611940298507,6,0.8429434299468994,56.47720980644226,0.34815099835395813,0.040971796959638596,23.326116889715195,2.745110396295786,0.8261168897151947,0.3642840744581297,0.915036798765262,0.0887909972855123,0.934739887714386,1,1,0.36404988169670105,24.39134207367897,1.8913420736789703,18.82573660214742,2.9352249018525742,1.6802937908532223,0.0,0.2863134443759918,19.183000773191452,3.316999226808548,0.05176211893558502,3.4680619686841965,1.1560206562280655,0.14498363879994144,-2.907946825027466,-4.588240623474121,0.34815099835395813,23.326116889715195,0.8261168897151947,0.040971796959638596,2.745110396295786,0.915036798765262,0.0887909972855123,-3.153036594390869,-1.9356768131256104,-2.790241263052633,-0.2337746360854538
TtRtURWVYBE_2,TtRtURWVYBE,A button clicks,2-5s,67.0,3.0,0.04477611940298507,7,0.8412365913391113,56.36285161972046,0.18911784887313843,0.049009282141923904,12.670895874500275,3.2836219035089016,0.32910412549972534,0.6090835238560158,1.0945406345029671,0.09033476337930568,0.9229726791381836,1,1,0.27036458253860474,18.114427030086517,4.385572969913483,18.787617206573486,2.9331979935998054,1.6674578436475704,0.0,0.19238300621509552,12.8896614164114,0.11033858358860016,0.05252519249916077,3.5191878974437714,1.1730626324812572,0.15961796337055592,-2.892507314682007,-4.559965133666992,0.18911784887313843,12.670895874500275,0.32910412549972534,0.049009282141923904,3.2836219035089016,1.0945406345029671,0.09033476337930568,-2.9654946327209473,-1.7427736520767212,-2.7735800302292497,-0.06928319999125009
TtRtURWVYBE_2,TtRtURWVYBE,A button clicks,2-5s,67.0,3.0,0.04477611940298507,8,0.5322582125663757,35.661300241947174,0.5509651303291321,0.039283253252506256,36.91466373205185,2.631977967917919,0.41466373205184937,0.3799423901679051,0.877325989305973,0.13087664609192912,0.9255854487419128,1,1,0.47813287377357483,32.03490254282951,4.4650974571704865,11.887100080649057,2.4754537852992153,0.12921232615624365,0.0,0.5002653002738953,33.51777511835098,2.9822248816490173,0.047834351658821106,3.204901561141014,1.068300520380338,0.06606908708026465,-2.990994930267334,-3.1202073097229004,0.5509651303291321,36.91466373205185,0.41466373205184937,0.039283253252506256,2.631977967917919,0.877325989305973,0.13087664609192912,-3.1968812942504883,-1.7065560817718506,-2.409384698218951,-0.1969457331721938
U3CAjsm1sec_2,U3CAjsm1sec,Several cats meow as a woman speaks,5-10s,89.0,9.0,0.10112359550561797,2,0.5923634171485901,52.72034412622452,0.9832625389099121,0.027748506516218185,87.51036596298218,2.4696170799434185,0.010365962982177734,0.4939234159886837,0.27440189777149093,1.293161467077461,0.7949987053871155,1,1,0.7359917759895325,65.50326806306839,9.99673193693161,5.857816014024946,1.7677768402689085,0.3737442776905129,0.0,0.975395917892456,86.81023669242859,0.6897633075714111,0.03551691398024559,3.1610053442418575,0.35122281602687305,1.0463344534234158,-3.3015832901000977,-3.6753275394439697,0.9832625389099121,87.51036596298218,0.010365962982177734,0.027748506516218185,2.4696170799434185,0.27440189777149093,1.293161467077461,-3.5564324855804443,-1.3663856983184814,-2.8141112936923243,-0.246827013654045
UAmDLPjNyMg_1,UAmDLPjNyMg,Wind blows as a plane taxis and someone sniffs,2-5s,137.0,2.0,0.014598540145985401,1,0.3227500021457672,44.21675029397011,0.449785441160202,0.04583415016531944,61.62060543894768,6.279278572648764,0.12060543894767761,0.15925396340206863,3.139639286324382,1.1441079163545405,0.9280274510383606,1,1,0.44674772024154663,61.20443767309189,0.2955623269081116,22.108375146985054,3.095956502661182,-0.7411624414217115,0.0,0.4402959942817688,60.320551216602325,1.1794487833976746,0.0424099825322628,5.810167606920004,2.905083803460002,1.0664622378946642,-3.1170358657836914,-2.375873327255249,0.449785441160202,61.62060543894768,0.12060543894767761,0.04583415016531944,6.279278572648764,3.139639286324382,1.1441079163545405,-3.0358080863952637,-1.2269353866577148,-2.029494264766518,0.07764567845987642
UCy1BEx8jBE_2,UCy1BEx8jBE,"Several voices, a man's voice, and water splashing",20s+,299.0,21.0,0.07023411371237458,7,0.8412365913391113,251.5297408103943,0.16750966012477875,0.17940565943717957,50.085388377308846,53.64229217171669,0.5853883773088455,0.391482152417648,2.5543948653198423,0.9378153522848154,0.8922091126441956,1,1,0.27036458253860474,80.83901017904282,31.339010179042816,11.977606705256871,2.4830387985442126,1.6674578436475704,0.0,0.163521409034729,48.89290130138397,0.6070986986160278,0.17229187488555908,51.515270590782166,2.4531081233705794,0.8973558423198572,-1.5694706439971924,-3.2369284629821777,0.16750966012477875,50.085388377308846,0.5853883773088455,0.17940565943717957,53.64229217171669,2.5543948653198423,0.9378153522848154,-1.5203794240951538,-1.4035710096359253,-1.5856829562243555,0.040459509964958326
UCy1BEx8jBE_3,UCy1BEx8jBE,A man talks as music plays in the background,20s+,299.0,31.0,0.10367892976588629,6,0.8429434299468994,252.04008555412292,0.29774609208106995,0.19223423302173615,89.02608153223991,57.47803567349911,0.5260815322399139,0.5393364549911523,1.8541301830161003,0.6174156820550762,0.8270620107650757,1,1,0.36404988169670105,108.85091462731361,20.350914627313614,8.130325340455578,2.095600940035258,1.6802937908532223,0.0,0.28649646043777466,85.66244167089462,2.837558329105377,0.20080919563770294,60.04194949567318,1.9368370805055863,0.6610562717008986,-1.3812446594238281,-3.0615384578704834,0.29774609208106995,89.02608153223991,0.5260815322399139,0.19223423302173615,57.47803567349911,1.8541301830161003,0.6174156820550762,-1.4355576038360596,-1.5670349597930908,-1.4345446683343595,-0.04364058964582248
UQtBt6CQpwg_1,UQtBt6CQpwg,A man talks,2-5s,59.0,2.0,0.03389830508474576,0,0.18933655321598053,11.170856639742851,0.4599074125289917,0.018807072192430496,27.13453733921051,1.1096172593533993,0.8654626607894897,0.2848217766341512,0.5548086296766996,0.589132036090154,0.03569258749485016,1,1,0.6764324307441711,39.9095134139061,9.409513413906097,5.585428319871426,1.7201611206945036,-1.4543268461844807,0.0,0.7523869872093201,44.390832245349884,13.890832245349884,0.023805411532521248,1.4045192804187536,0.7022596402093768,0.3534520854887645,-3.7137489318847656,-2.2594220638275146,0.4599074125289917,27.13453733921051,0.8654626607894897,0.018807072192430496,1.1096172593533993,0.5548086296766996,0.589132036090154,-3.954536199569702,-0.7342222332954407,-2.073613206183268,-0.2356799506013894
UQtBt6CQpwg_1,UQtBt6CQpwg,A man talks,2-5s,59.0,2.0,0.03389830508474576,4,0.07413875311613083,4.374186433851719,0.5069430470466614,0.01937650889158249,29.90963977575302,1.1432140246033669,0.5903602242469788,0.2895645458415232,0.5716070123016834,0.5593035651540824,0.08215762674808502,1,1,0.5870380997657776,34.63524788618088,4.135247886180878,2.1870932169258595,0.7825733639805541,-2.5247858938815373,0.0,0.6503446102142334,38.37033200263977,7.8703320026397705,0.017572231590747833,1.0367616638541222,0.5183808319270611,0.6570451100770229,-4.023706912994385,-1.4989210367202759,0.5069430470466614,29.90963977575302,0.5903602242469788,0.01937650889158249,1.1432140246033669,0.5716070123016834,0.5593035651540824,-3.9241271018981934,-0.8152135014533997,-1.439618474057577,0.09774154492294053
UQtBt6CQpwg_1,UQtBt6CQpwg,A man talks,2-5s,59.0,2.0,0.03389830508474576,8,0.5322582125663757,31.403234541416168,0.48070159554481506,0.03961094096302986,28.36139413714409,2.337045516818762,0.36139413714408875,0.7143035506191783,1.168522758409381,0.15574035140906103,0.9794110655784607,1,1,0.47813287377357483,28.209839552640915,0.20983955264091492,15.701617270708084,2.753763717922133,0.12921232615624365,0.0,0.4575232267379761,26.99387037754059,1.0061296224594116,0.032192740589380264,1.8993716947734356,0.9496858473867178,0.05162403603789038,-3.403291940689087,-3.5325043201446533,0.48070159554481506,28.36139413714409,0.36139413714408875,0.03961094096302986,2.337045516818762,1.168522758409381,0.15574035140906103,-3.1882331371307373,-1.3152614831924438,-2.8053877539600234,0.2073643874469514
UhCzD6EBJBU_1,UhCzD6EBJBU,Music plays,5-10s,260.0,8.0,0.03076923076923077,7,0.8412365913391113,218.72151374816895,0.01046761404722929,0.02075173519551754,2.7215796522796154,5.39545115083456,0.7784203477203846,0.7707787358335086,0.67443139385432,0.39388532258565634,0.03745800256729126,1,1,0.27036458253860474,70.29479146003723,66.79479146003723,27.340189218521118,3.308357752212641,1.6674578436475704,0.0,0.07229530066251755,18.796778172254562,15.296778172254562,0.07933298498392105,20.626576095819473,2.578322011977434,0.9471388043883011,-2.451444387435913,-4.118902206420898,0.01046761404722929,2.7215796522796154,0.7784203477203846,0.02075173519551754,5.39545115083456,0.67443139385432,0.39388532258565634,-3.8541553020477295,-2.206740379333496,-2.36121894782434,-1.3410241269739573
UhCzD6EBJBU_2,UhCzD6EBJBU,A power drill whirs,5-10s,260.0,8.0,0.03076923076923077,5,0.4456096887588501,115.85851907730103,0.8899241089820862,0.022447392344474792,231.3802683353424,5.836322009563446,0.6197316646575928,0.6853631436794554,0.7295402511954308,0.3153407361255157,0.9368675351142883,1,1,0.6909807920455933,179.65500593185425,2.655005931854248,14.482314884662628,2.672928241905407,-0.2184255400548803,0.0,0.8493745923042297,220.83739399909973,11.162606000900269,0.024184374138712883,6.28793727606535,0.7859921595081687,0.2408084617831299,-3.6975669860839844,-3.4791414737701416,0.8899241089820862,231.3802683353424,0.6197316646575928,0.022447392344474792,5.836322009563446,0.7295402511954308,0.3153407361255157,-3.7738776206970215,-1.2352478504180908,-2.913736703688537,-0.07453227434238582
V4PLSw_WzVw_2,V4PLSw_WzVw,A man talks as a horn blares,2-5s,82.0,2.0,0.024390243902439025,3,0.4910241663455963,40.2639816403389,0.9671277403831482,0.036227744072675705,79.30447471141815,2.970675013959408,0.30447471141815186,0.673247659404634,1.485337506979704,0.39564202385847114,0.6757969856262207,1,1,0.7619823217391968,62.482550382614136,16.517449617385864,20.13199082016945,3.0023101329319637,-0.0359071921279591,0.0,0.9697297215461731,79.5178371667862,0.5178371667861938,0.03718546777963638,3.0492083579301834,1.5246041789650917,0.42173482159221504,-3.2539427280426025,-3.2180354595184326,0.9671277403831482,79.30447471141815,0.30447471141815186,0.036227744072675705,2.970675013959408,1.485337506979704,0.39564202385847114,-3.28102970123291,-0.6758223176002502,-2.5805753113397487,-0.026092797733743903
V8A0VRGdgwM_1,V8A0VRGdgwM,"While people talk, A goat bleats",2-5s,77.0,4.0,0.05194805194805195,0,0.18933655321598053,14.5789145976305,0.6327969431877136,0.041951168328523636,48.72536462545395,3.23023996129632,0.274635374546051,0.6191490489757252,0.80755999032408,0.21373793522178727,0.9531543850898743,1,1,0.6764324307441711,52.08529716730118,3.085297167301178,3.644728649407625,1.2932819180825226,-1.4543268461844807,0.0,0.6595780253410339,50.78750795125961,1.787507951259613,0.05314239487051964,4.091964405030012,1.022991101257503,0.02273078825863819,-2.880173683166504,-1.4258469343185425,0.6327969431877136,48.72536462545395,0.274635374546051,0.041951168328523636,3.23023996129632,0.80755999032408,0.21373793522178727,-3.128392457962036,-1.5233103036880493,-1.2705511298238845,-0.23646872348042552
V8A0VRGdgwM_1,V8A0VRGdgwM,"While people talk, A goat bleats",2-5s,77.0,4.0,0.05194805194805195,4,0.07413875311613083,5.708683989942074,0.6238448023796082,0.04412039741873741,48.03604978322983,3.3972706012427807,0.9639502167701721,0.47362309374461636,0.8493176503106952,0.16332201622597248,0.9437586069107056,1,1,0.5870380997657776,45.201933681964874,3.7980663180351257,1.4271709974855185,0.35569416136857324,-2.5247858938815373,0.0,0.5875284671783447,45.239691972732544,3.760308027267456,0.0438043437898159,3.3729344718158245,0.8432336179539561,0.17051123249982025,-3.0832295417785645,-0.5584434866905212,0.6238448023796082,48.03604978322983,0.9639502167701721,0.04412039741873741,3.3972706012427807,0.8493176503106952,0.16332201622597248,-3.075709819793701,-1.2047010660171509,-0.5262053938683934,0.007189216273847822
V8A0VRGdgwM_1,V8A0VRGdgwM,"While people talk, A goat bleats",2-5s,77.0,4.0,0.05194805194805195,5,0.4456096887588501,34.31194603443146,0.7476255893707275,0.06099274381995201,57.56717038154602,4.696441274136305,0.4328296184539795,0.8189395236102948,1.1741103185340762,0.16051068507812796,0.956119179725647,1,1,0.6909807920455933,53.20552098751068,4.205520987510681,8.577986508607864,2.1491992133035085,-0.2184255400548803,0.0,0.7352919578552246,56.617480754852295,1.382519245147705,0.05665360018610954,4.362327214330435,1.0905818035826087,0.08671131859400297,-2.8124780654907227,-2.59405255317688,0.7476255893707275,57.56717038154602,0.4328296184539795,0.06099274381995201,4.696441274136305,1.1741103185340762,0.16051068507812796,-2.7340683937072754,-1.432381272315979,-2.062487894709505,0.07379936648412506
V8A0VRGdgwM_1,V8A0VRGdgwM,"While people talk, A goat bleats",2-5s,77.0,4.0,0.05194805194805195,7,0.8412365913391113,64.77521753311157,0.1783592253923416,0.07186325639486313,13.733660355210304,5.533470742404461,0.23366035521030426,0.18071840379252999,1.3833676856011152,0.32452087823082587,0.9325103163719177,1,1,0.27036458253860474,20.818072855472565,0.1819271445274353,16.193804383277893,2.7846287236107425,1.6674578436475704,0.0,0.157206192612648,12.104876831173897,1.3951231688261032,0.06382546573877335,4.914560861885548,1.228640215471387,0.2059080419739797,-2.6856496334075928,-4.353107452392578,0.1783592253923416,13.733660355210304,0.23366035521030426,0.07186325639486313,5.533470742404461,1.3833676856011152,0.32452087823082587,-2.5584139823913574,-1.5545130968093872,-2.5787206816367627,0.11861283625684613
V8A0VRGdgwM_1,V8A0VRGdgwM,"While people talk, A goat bleats",2-5s,77.0,4.0,0.05194805194805195,8,0.5322582125663757,40.98388236761093,0.5327683687210083,0.03497733175754547,41.02316439151764,2.6932545453310013,0.02316439151763916,0.7425959805645477,0.6733136363327503,0.3955440306540357,0.9438912868499756,1,1,0.47813287377357483,36.81623128056526,4.183768719434738,10.245970591902733,2.326884515310152,0.12921232615624365,0.0,0.4826686978340149,37.16548973321915,3.8345102667808533,0.04831588640809059,3.7203232534229755,0.9300808133557439,0.07248380052863618,-2.9804728031158447,-3.109685182571411,0.5327683687210083,41.02316439151764,0.02316439151763916,0.03497733175754547,2.6932545453310013,0.6733136363327503,0.3955440306540357,-3.3174514770507812,-1.6341184377670288,-2.3993683158387884,-0.3230602301253995
VE6Ku0-ucUM_1,VE6Ku0-ucUM,Keys clack,2-5s,66.0,2.0,0.030303030303030304,1,0.3227500021457672,21.301500141620636,0.01838800497353077,0.01157669723033905,1.2136083282530308,0.7640620172023773,0.21360832825303078,0.38203100860118866,0.38203100860118866,0.9622534993213596,0.021511046215891838,1,1,0.44674772024154663,29.485349535942078,28.485349535942078,10.650750070810318,2.365630318859483,-0.7411624414217115,0.0,0.2861325442790985,18.8847479224205,17.8847479224205,0.033807188272476196,2.231274425983429,1.1156372129917145,0.10942573314541043,-3.3526899814605713,-2.611527442932129,0.01838800497353077,1.2136083282530308,0.21360832825303078,0.01157669723033905,0.7640620172023773,0.38203100860118866,0.9622534993213596,-4.447116851806641,-1.9861403703689575,-2.2562045857140727,-1.07167923246677
VE6Ku0-ucUM_1,VE6Ku0-ucUM,Keys clack,2-5s,66.0,2.0,0.030303030303030304,6,0.8429434299468994,55.63426637649536,0.02625519037246704,0.016776490956544876,1.7328425645828247,1.1072484031319618,0.7328425645828247,0.358973788351026,0.5536242015659809,0.5912691589326693,0.02643306739628315,1,1,0.36404988169670105,24.02729219198227,23.02729219198227,27.81713318824768,3.3256521325961983,1.6802937908532223,0.0,0.15506136417388916,10.234050035476685,9.234050035476685,0.0470162108540535,3.103069916367531,1.5515349581837654,0.439244736514377,-3.0091054439544678,-4.689399242401123,0.02625519037246704,1.7328425645828247,0.7328425645828247,0.016776490956544876,1.1072484031319618,0.5536242015659809,0.5912691589326693,-4.070858001708984,-1.961665153503418,-2.8864073960818213,-1.0305138954470463
VE6Ku0-ucUM_1,VE6Ku0-ucUM,Keys clack,2-5s,66.0,2.0,0.030303030303030304,7,0.8412365913391113,55.52161502838135,0.0188485998660326,0.016300613060593605,1.2440075911581516,1.075840461999178,0.24400759115815163,0.537920230999589,0.537920230999589,0.6200449993308568,0.02426380105316639,1,1,0.27036458253860474,17.844062447547913,16.844062447547913,27.760807514190674,3.3236252243434294,1.6674578436475704,0.0,0.11560320854187012,7.629811763763428,6.629811763763428,0.031246863305568695,2.062292978167534,1.031146489083767,0.030671279407122616,-3.4340908527374268,-5.101548671722412,0.0188485998660326,1.2440075911581516,0.24400759115815163,0.016300613060593605,1.075840461999178,0.537920230999589,0.6200449993308568,-4.1001176834106445,-1.735283374786377,-3.2929539449363068,-0.6507162787379793
VE6Ku0-ucUM_1,VE6Ku0-ucUM,Keys clack,2-5s,66.0,2.0,0.030303030303030304,9,0.6701281666755676,44.22845900058746,0.015811415389180183,0.032318778336048126,1.043553415685892,2.1330393701791763,0.043553415685892105,0.937629200829987,1.0665196850895882,0.06440071641442535,0.9945039749145508,1,1,0.1608370691537857,10.615246564149857,9.615246564149857,22.11422950029373,3.096221270120701,0.7087647924817356,0.0,0.03222614899277687,2.1269258335232735,1.1269258335232735,0.041215572506189346,2.720227785408497,1.3601138927042484,0.3075684408770512,-3.146850109100342,-3.8556149005889893,0.015811415389180183,1.043553415685892,0.043553415685892105,0.032318778336048126,2.1330393701791763,1.0665196850895882,0.06440071641442535,-3.399254322052002,-1.1022173166275024,-2.7886528292436497,-0.24316772446262588
VE6Ku0-ucUM_2,VE6Ku0-ucUM,Electronic beeps play,2-5s,66.0,3.0,0.045454545454545456,9,0.6701281666755676,44.22845900058746,0.04028451815247536,0.04157133772969246,2.6587781980633736,2.7437082901597023,0.8412218019366264,0.5468868324050505,0.9145694300532341,0.08930189270643087,0.9473803639411926,1,1,0.1608370691537857,10.615246564149857,7.115246564149857,14.742819666862488,2.6907561620125366,0.7087647924817356,0.0,0.036671336740255356,2.4203082248568535,1.0796917751431465,0.04637347161769867,3.060649126768112,1.0202163755893707,0.020014737729926686,-3.0235445499420166,-3.732309341430664,0.04028451815247536,2.6587781980633736,0.8412218019366264,0.04157133772969246,2.7437082901597023,0.9145694300532341,0.08930189270643087,-3.1378841400146484,-1.1117116212844849,-2.67074142428261,-0.1093166304363575
VE6Ku0-ucUM_4,VE6Ku0-ucUM,A cow moos,10-20s,66.0,15.0,0.22727272727272727,1,0.3227500021457672,21.301500141620636,0.356988787651062,0.08869853615760803,23.561259984970093,5.85410338640213,0.9387400150299072,0.39027355909347533,0.39027355909347533,0.9409073521749832,0.944669246673584,1,1,0.44674772024154663,29.485349535942078,4.985349535942078,1.4201000094413758,0.35072729831721833,-0.7411624414217115,0.0,0.3549559712409973,23.427094101905823,1.0729058980941772,0.07661640644073486,5.056682825088501,0.3371121883392334,1.0873395009459335,-2.4892334938049316,-1.7480709552764893,0.356988787651062,23.561259984970093,0.9387400150299072,0.08869853615760803,5.85410338640213,0.39027355909347533,0.9409073521749832,-2.3296303749084473,-1.097231149673462,-1.4380667992631517,0.14643214877095026
VQnmlf2OsUg_1,VQnmlf2OsUg,"As birds chirp, friction sounds join in",5-10s,125.0,9.0,0.072,9,0.6701281666755676,83.76602083444595,0.03216996788978577,0.06730836629867554,4.021245986223221,8.413545787334442,0.4787540137767792,0.895759052561526,0.9348384208149381,0.06738157658979085,0.995945394039154,1,1,0.1608370691537857,20.104633644223213,15.604633644223213,9.307335648271772,2.2308028686203025,0.7087647924817356,0.0,0.03585737943649292,4.482172429561615,0.01782757043838501,0.06140011176466942,7.675013970583677,0.8527793300648531,0.15925446359312628,-2.726977586746216,-3.4357423782348633,0.03216996788978577,4.021245986223221,0.4787540137767792,0.06730836629867554,8.413545787334442,0.9348384208149381,0.06738157658979085,-2.6287901401519775,-0.6707826852798462,-2.390057332213429,0.09187288700333532
VQnmlf2OsUg_2,VQnmlf2OsUg,"As a motor hums, friction sounds join in",10-20s,125.0,10.0,0.08,1,0.3227500021457672,40.3437502682209,0.4382539689540863,0.18790890276432037,54.78174611926079,23.488612845540047,0.781746119260788,0.08514764210010616,2.3488612845540047,0.8539306509547934,0.9182924628257751,1,1,0.44674772024154663,55.84346503019333,1.8434650301933289,4.03437502682209,1.394851401701258,-0.7411624414217115,0.0,0.41150715947151184,51.43839493393898,2.56160506606102,0.1999824494123459,24.997806176543236,2.4997806176543236,0.9162029750853702,-1.386404037475586,-0.6452414989471436,0.4382539689540863,54.78174611926079,0.781746119260788,0.18790890276432037,23.488612845540047,2.3488612845540047,0.8539306509547934,-1.4636552333831787,-1.1136423349380493,-0.47864842661588797,-0.062272324130576796
VZLZ08k3YeA_4,VZLZ08k3YeA,Someone is walking,2-5s,142.0,4.0,0.028169014084507043,3,0.4910241663455963,69.72543162107468,0.9718462824821472,0.04763931408524513,138.0021721124649,6.764782600104809,0.002172112464904785,0.5912976419874937,1.6911956500262022,0.5254357640078947,0.1586332470178604,1,1,0.7619823217391968,108.20148968696594,29.798510313034058,17.43135790526867,2.858270762709026,-0.0359071921279591,0.0,0.9809114933013916,139.2894320487976,1.2894320487976074,0.030995795503258705,4.401402961462736,1.100350740365684,0.0956289838588061,-3.4424173831939697,-3.4065101146698,0.9718462824821472,138.0021721124649,0.002172112464904785,0.04763931408524513,6.764782600104809,1.6911956500262022,0.5254357640078947,-2.9952855110168457,-0.42698004841804504,-2.7626417788502198,0.42980678014908863
WCYfCfW9NA0_4,WCYfCfW9NA0,Several men talk as objects bump together and camera shutters click,2-5s,281.0,3.0,0.010676156583629894,3,0.4910241663455963,137.97779074311256,0.9759078025817871,0.0297552477568388,274.2300925254822,8.361224619671702,0.26990747451782227,0.3587991157350097,2.787074873223901,1.0249926133071947,0.7916098237037659,1,1,0.7619823217391968,214.1170324087143,60.382967591285706,45.99259691437086,3.828480446893292,-0.0359071921279591,0.0,0.9705802798271179,272.73305863142014,1.7669413685798645,0.03360217809677124,9.442212045192719,3.1474040150642395,1.1465779908603206,-3.3589847087860107,-3.323077440261841,0.9759078025817871,274.2300925254822,0.26990747451782227,0.0297552477568388,8.361224619671702,2.787074873223901,1.0249926133071947,-3.4845428466796875,-1.0160194635391235,-2.681902456032971,-0.12158537755312608
WLzzpzOKtnY_2,WLzzpzOKtnY,A machine rumbles and the wind blows with background noise,20s+,300.0,21.0,0.07,0,0.18933655321598053,56.80096596479416,0.7348603010177612,0.11301057785749435,220.45809030532837,33.903173357248306,0.04190969467163086,0.6194110438782958,1.6144368265356337,0.47898618164025614,0.9522340893745422,1,1,0.6764324307441711,202.92972922325134,17.570270776748657,2.704807903085436,0.9950308942815074,-1.4543268461844807,0.0,0.7163826823234558,214.91480469703674,5.585195302963257,0.09424477815628052,28.273433446884155,1.3463539736611503,0.29740017856649803,-2.262873649597168,-0.8085467219352722,0.7348603010177612,220.45809030532837,0.04190969467163086,0.11301057785749435,33.903173357248306,1.6144368265356337,0.47898618164025614,-2.060351610183716,-0.9409183859825134,-0.6976307157150095,0.1815860030737581
WUpeplQr3A4_1,WUpeplQr3A4,Something heavy thuds,2-5s,300.0,2.0,0.006666666666666667,8,0.5322582125663757,159.67746376991272,0.4830818474292755,0.03517579287290573,144.92455422878265,10.55273786187172,0.07544577121734619,0.18952427570727734,5.27636893093586,1.6632381586680858,0.08206264674663544,1,1,0.47813287377357483,143.43986213207245,1.5601378679275513,79.83873188495636,4.380008748672615,0.12921232615624365,0.0,0.488242506980896,146.4727520942688,1.4727520942687988,0.026159608736634254,7.847882620990276,3.923941310495138,1.367096585040588,-3.6170308589935303,-3.7462432384490967,0.4830818474292755,144.92455422878265,0.07544577121734619,0.03517579287290573,10.55273786187172,5.27636893093586,1.6632381586680858,-3.3115878105163574,-0.8663555383682251,-3.0129121636320266,0.29614157362749777
WUyeFOyKIg0_2,WUyeFOyKIg0,A horn blares as the wind blows,2-5s,299.0,3.0,0.010033444816053512,2,0.5923634171485901,177.11666172742844,0.9826831817626953,0.024374578148126602,293.8222713470459,7.287998866289854,0.17772865295410156,0.27442375289750176,2.429332955429951,0.887616715731063,0.3222944736480713,1,1,0.7359917759895325,220.0615410208702,3.4384589791297913,59.03888724247614,4.078196332595565,0.3737442776905129,0.0,0.9814887642860413,293.46514052152634,0.5348594784736633,0.024314625188708305,7.270072931423783,2.4233576438079276,0.8851540346597072,-3.6920621395111084,-4.0658063888549805,0.9826831817626953,293.8222713470459,0.17772865295410156,0.024374578148126602,7.287998866289854,2.429332955429951,0.887616715731063,-3.68953800201416,-1.085457444190979,-3.1930422979358575,0.00246268107135588
WWkhzcmx3VE_1,WWkhzcmx3VE,"Amid background noise, a duck quacks",10-20s,300.0,10.0,0.03333333333333333,2,0.5923634171485901,177.70902514457703,0.9912563562393188,0.012940332293510437,297.37690687179565,3.882099688053131,0.3769068717956543,0.6470166146755219,0.3882099688053131,0.9462089290166295,0.027066923677921295,1,1,0.7359917759895325,220.79753279685974,12.297532796859741,17.770902514457703,2.8775624295351436,0.3737442776905129,0.0,0.9735742807388306,292.07228422164917,4.92771577835083,0.04102408513426781,12.307225540280342,1.2307225540280342,0.20760143920685692,-3.1517066955566406,-3.5254509449005127,0.9912563562393188,297.37690687179565,0.3769068717956543,0.012940332293510437,3.882099688053131,0.3882099688053131,0.9462089290166295,-4.334381580352783,-1.00920832157135,-2.6699609903282866,-1.1538103682234864
WWkhzcmx3VE_1,WWkhzcmx3VE,"Amid background noise, a duck quacks",10-20s,300.0,10.0,0.03333333333333333,6,0.8429434299468994,252.88302898406982,0.18837858736515045,0.026783905923366547,56.513576209545135,8.035171777009964,0.4864237904548645,0.7467170791752147,0.8035171777009964,0.21875671543819583,0.9525013566017151,1,1,0.36404988169670105,109.21496450901031,16.714964509010315,25.288302898406982,3.2303419527918735,1.6802937908532223,0.0,0.20349185168743134,61.0475555062294,4.047555506229401,0.030461404472589493,9.138421341776848,0.9138421341776848,0.09009744216382447,-3.460359811782837,-5.140653610229492,0.18837858736515045,56.513576209545135,0.4864237904548645,0.026783905923366547,8.035171777009964,0.8035171777009964,0.21875671543819583,-3.5928049087524414,-1.6800166368484497,-3.320439394955698,-0.12865927327437132
WWkhzcmx3VE_1,WWkhzcmx3VE,"Amid background noise, a duck quacks",10-20s,300.0,10.0,0.03333333333333333,7,0.8412365913391113,252.3709774017334,0.14513976871967316,0.03239881992340088,43.54193061590195,9.719645977020264,0.458069384098053,0.6173064342246146,0.9719645977020264,0.028435897302256218,0.9597218632698059,1,1,0.27036458253860474,81.10937476158142,11.390625238418579,25.23709774017334,3.2283150445391047,1.6674578436475704,0.0,0.13136695325374603,39.41008597612381,4.58991402387619,0.03314876928925514,9.944630786776543,0.9944630786776543,0.005552306889944458,-3.3730390071868896,-5.040496826171875,0.14513976871967316,43.54193061590195,0.458069384098053,0.03239881992340088,9.719645977020264,0.9719645977020264,0.028435897302256218,-3.396697998046875,-1.5528112649917603,-3.233867351429049,-0.022883590412311704
Wq4OD3olO2w_1,Wq4OD3olO2w,A child shouts at the top of their lungs,2-5s,299.0,2.0,0.006688963210702341,6,0.8429434299468994,252.04008555412292,0.2972356081008911,0.022350512444972992,88.87344682216644,6.682803221046925,0.12655317783355713,0.2992756084304815,3.3414016105234623,1.206390362832046,0.8822782635688782,1,1,0.36404988169670105,108.85091462731361,13.850914627313614,126.02004277706146,4.8364409639604595,1.6802937908532223,0.0,0.2980635464191437,89.12100037932396,0.12100037932395935,0.028061306104063988,8.390330525115132,4.195165262557566,1.4339327342701544,-3.544901132583618,-5.225194931030273,0.2972356081008911,88.87344682216644,0.12655317783355713,0.022350512444972992,6.682803221046925,3.3414016105234623,1.206390362832046,-3.778301954269409,-1.7761726379394531,-3.4025082296903046,-0.22754237143810843
WqXFAY4k79s_1,WqXFAY4k79s,A girl screams while background noise fill the air,2-5s,300.0,3.0,0.01,0,0.18933655321598053,56.80096596479416,0.6320825815200806,0.03719962388277054,189.62477445602417,11.159887164831161,0.6247744560241699,0.2637432835215652,3.719962388277054,1.3137135575557306,0.593384325504303,1,1,0.6764324307441711,202.92972922325134,2.9297292232513428,18.933655321598053,2.940941043336821,-1.4543268461844807,0.0,0.6622503995895386,198.67511987686157,1.3248801231384277,0.05182666704058647,15.548000112175941,5.182666704058647,1.6453197315366819,-2.906632423400879,-1.4523056745529175,0.6320825815200806,189.62477445602417,0.6247744560241699,0.03719962388277054,11.159887164831161,3.719962388277054,1.3137135575557306,-3.253547430038452,-1.3081731796264648,-1.295621311800139,-0.3316061739809513
WqXFAY4k79s_1,WqXFAY4k79s,A girl screams while background noise fill the air,2-5s,300.0,3.0,0.01,7,0.8412365913391113,252.3709774017334,0.14333000779151917,0.034615613520145416,42.99900233745575,10.384684056043625,0.4990023374557495,0.09629565951195454,3.4615613520145416,1.2417197450911195,0.6029343008995056,1,1,0.27036458253860474,81.10937476158142,10.609374761581421,84.12365913391113,4.43228784886504,1.6674578436475704,0.0,0.17331074178218842,51.993222534656525,9.493222534656525,0.0370338074862957,11.11014224588871,3.70338074862957,1.309246118311791,-3.2581870555877686,-4.925644874572754,0.14333000779151917,42.99900233745575,0.4990023374557495,0.034615613520145416,10.384684056043625,3.4615613520145416,1.2417197450911195,-3.328221559524536,-1.9828698635101318,-3.1230417305532496,-0.06752637322067143
WqXFAY4k79s_2,WqXFAY4k79s,A girl sings while footsteps and background noise fill the space,5-10s,300.0,6.0,0.02,6,0.8429434299468994,252.88302898406982,0.07232866436243057,0.044875893741846085,21.69859930872917,13.462768122553825,0.30140069127082825,0.1845884249696972,2.2437946870923042,0.8081684893089636,0.012403530068695545,1,1,0.36404988169670105,109.21496450901031,0.28503549098968506,42.14717149734497,3.741167576557864,1.6802937908532223,0.0,0.2078484147787094,62.35452443361282,28.854524433612823,0.12496237456798553,37.48871237039566,6.248118728399277,1.8322804149815615,-1.9462542533874512,-3.6265480518341064,0.07232866436243057,21.69859930872917,0.30140069127082825,0.044875893741846085,13.462768122553825,2.2437946870923042,0.8081684893089636,-3.0579404830932617,-1.9962776899337769,-1.9088871615763028,-1.024111925672598
WqXFAY4k79s_2,WqXFAY4k79s,A girl sings while footsteps and background noise fill the space,5-10s,300.0,6.0,0.02,7,0.8412365913391113,252.3709774017334,0.11241212487220764,0.03700926527380943,33.72363746166229,11.10277958214283,0.22363746166229248,0.4503376801284749,1.8504632636904716,0.6154360205478404,0.68287593126297,1,1,0.27036458253860474,81.10937476158142,28.39062523841858,42.061829566955566,3.739140668305095,1.6674578436475704,0.0,0.11900236457586288,35.700709372758865,2.2007093727588654,0.05972306430339813,17.91691929101944,2.9861532151699066,1.0939860089760796,-2.756456136703491,-4.423913955688477,0.11241212487220764,33.72363746166229,0.22363746166229248,0.03700926527380943,11.10277958214283,1.8504632636904716,0.6154360205478404,-3.2588753700256348,-1.7672550678253174,-2.6451546593290156,-0.4785499884282393
XWw7ZM1c_QA_1,XWw7ZM1c_QA,A music box plays as scraping sounds fill the air,10-20s,102.0,10.0,0.09803921568627451,2,0.5923634171485901,60.42106854915619,0.9330827593803406,0.01797686330974102,95.17444145679474,1.833640057593584,0.6744414567947388,0.2037377841770649,0.1833640057593584,1.6962819992755525,0.006977248936891556,1,1,0.7359917759895325,75.07116115093231,5.571161150932312,6.042106854915619,1.7987527681632134,0.3737442776905129,0.0,0.9567124843597412,97.5846734046936,3.0846734046936035,0.05429723113775253,5.538317576050758,0.5538317576050759,0.590894324990414,-2.857455015182495,-3.231199264526367,0.9330827593803406,95.17444145679474,0.6744414567947388,0.01797686330974102,1.833640057593584,0.1833640057593584,1.6962819992755525,-4.0005292892456055,-0.9775562286376953,-2.3896470931536276,-1.1053876742851383
XWw7ZM1c_QA_1,XWw7ZM1c_QA,A music box plays as scraping sounds fill the air,10-20s,102.0,10.0,0.09803921568627451,7,0.8412365913391113,85.80613231658936,0.22191502153873444,0.044287871569395065,22.635332196950912,4.517362900078297,0.3646678030490875,0.45173629000782967,0.45173629000782967,0.7946566985971578,0.5515980124473572,1,1,0.27036458253860474,27.577187418937683,4.577187418937683,8.580613231658935,2.1495053831671744,1.6674578436475704,0.0,0.22338545322418213,22.785316228866577,0.21468377113342285,0.058055002242326736,5.921610228717327,0.5921610228717327,0.5239766829887635,-2.7865560054779053,-4.454013824462891,0.22191502153873444,22.635332196950912,0.3646678030490875,0.044287871569395065,4.517362900078297,0.45173629000782967,0.7946566985971578,-3.0717458724975586,-1.7453757524490356,-2.673482066155938,-0.2706800156083943
XWw7ZM1c_QA_1,XWw7ZM1c_QA,A music box plays as scraping sounds fill the air,10-20s,102.0,10.0,0.09803921568627451,8,0.5322582125663757,54.290337681770325,0.4836036264896393,0.055832263082265854,49.32756990194321,5.694890834391117,0.1724300980567932,0.6327656482656797,0.5694890834391118,0.563015664954457,0.4602513313293457,1,1,0.47813287377357483,48.76955312490463,0.7304468750953674,5.429033768177033,1.6917611748665844,0.12921232615624365,0.0,0.530822217464447,54.143866181373596,4.643866181373596,0.09051141142845154,9.232163965702057,0.9232163965702057,0.07989162280304077,-2.307406425476074,-2.4366188049316406,0.4836036264896393,49.32756990194321,0.1724300980567932,0.055832263082265854,5.694890834391117,0.5694890834391118,0.563015664954457,-2.8279519081115723,-1.857738971710205,-1.771652797669625,-0.4831240421514162
XamQAY_WXRY_1,XamQAY_WXRY,A man is speaking as water flows and birds sing,20s+,299.0,24.0,0.0802675585284281,8,0.5322582125663757,159.14520555734634,0.49695414304733276,0.23604078590869904,148.5892887711525,70.57619498670101,0.5892887711524963,0.3400580040411987,2.940674791112542,1.0786390758013031,0.7856776714324951,1,1,0.47813287377357483,142.96172925829887,5.038270741701126,6.631050231556098,1.8917631976190998,0.12921232615624365,0.0,0.5064516067504883,151.429030418396,3.429030418395996,0.17052868008613586,50.98807534575462,2.1245031394064426,0.7535379582870728,-1.5818850994110107,-1.7110973596572876,0.49695414304733276,148.5892887711525,0.5892887711524963,0.23604078590869904,70.57619498670101,2.940674791112542,1.0786390758013031,-1.1745097637176514,-0.9700132608413696,-1.138225239332027,0.3251011175142304
XrJcmftCY04_2,XrJcmftCY04,"Amid applause, people are cheering",10-20s,194.0,16.0,0.08247422680412371,3,0.4910241663455963,95.25868827104568,0.959055483341217,0.04928881302475929,186.0567637681961,9.562029726803303,0.943236231803894,0.5976268579252064,0.5976268579252064,0.5147887031928352,0.9696723222732544,1,1,0.7619823217391968,147.82457041740417,4.175429582595825,5.953668016940355,1.7840075030512026,-0.0359071921279591,0.0,0.9592899680137634,186.1022537946701,0.897746205329895,0.03802904114127159,7.377633981406689,0.46110212383791804,0.7741357337555391,-3.2306342124938965,-3.1947269439697266,0.959055483341217,186.0567637681961,0.943236231803894,0.04928881302475929,9.562029726803303,0.5976268579252064,0.5147887031928352,-2.9595131874084473,-0.7731296420097351,-2.5581432368067416,0.259347030562704
Y3lNEe-ZGF0_1,Y3lNEe-ZGF0,Music plays as a clock ticks,20s+,65.0,22.0,0.3384615384615385,5,0.4456096887588501,28.964629769325256,0.7908574938774109,0.4093279540538788,51.40573710203171,26.60631701350212,0.5942628979682922,0.8268713023615964,1.2093780460682781,0.19010621594562577,0.8752613663673401,1,1,0.6909807920455933,44.91375148296356,7.086248517036438,1.3165740804238752,0.27503296910703634,-0.2184255400548803,0.0,0.7487694621086121,48.670015037059784,3.329984962940216,0.5035894513130188,32.73331433534622,1.487877924333919,0.3973508929472545,0.014358162879943848,0.2327837347984314,0.7908574938774109,51.40573710203171,0.5942628979682922,0.4093279540538788,26.60631701350212,1.2093780460682781,0.19010621594562577,-0.36674436926841736,-0.45843827724456787,0.12231792384021821,-0.20724467700162874
YH4qi8Ul6v0_1,YH4qi8Ul6v0,A baby cries,10-20s,60.0,11.0,0.18333333333333332,0,0.18933655321598053,11.360193192958832,0.667332649230957,0.065180204808712,40.03995895385742,3.9108122885227203,0.9600410461425781,0.5096135897347985,0.35552838986570184,1.0341501739521484,0.8596069812774658,1,1,0.6764324307441711,40.58594584465027,0.41405415534973145,1.0327448357235303,0.03222014677245966,-1.4543268461844807,0.0,0.6766127347946167,40.596764087677,0.40323591232299805,0.05908425152301788,3.545055091381073,0.32227773558009754,1.1323415723479888,-2.7678892612457275,-1.3135623931884766,0.667332649230957,40.03995895385742,0.9600410461425781,0.065180204808712,3.9108122885227203,0.35552838986570184,1.0341501739521484,-2.6631979942321777,-1.2840205430984497,-1.1645617191204485,0.09819139839584043
YH4qi8Ul6v0_1,YH4qi8Ul6v0,A baby cries,10-20s,60.0,11.0,0.18333333333333332,4,0.07413875311613083,4.44832518696785,0.5965850353240967,0.045908715575933456,35.7951021194458,2.7545229345560074,0.2951021194458008,0.5509045869112015,0.25041117586872796,1.3846510086885644,0.9675397276878357,1,1,0.5870380997657776,35.222285985946655,0.2777140140533447,0.4043931988152591,0.9053676099414898,-2.5247858938815373,0.0,0.5914193987846375,35.48516392707825,0.01483607292175293,0.04531778767704964,2.719067260622978,0.2471879327839071,1.3976063701892028,-3.0476789474487305,-0.522892951965332,0.5965850353240967,35.7951021194458,0.2951021194458008,0.045908715575933456,2.7545229345560074,0.25041117586872796,1.3846510086885644,-3.034104347229004,-1.171906590461731,-0.49223876024771285,0.012955361500638337
YH4qi8Ul6v0_1,YH4qi8Ul6v0,A baby cries,10-20s,60.0,11.0,0.18333333333333332,8,0.5322582125663757,31.935492753982544,0.5026858448982239,0.05082349479198456,30.161150693893433,3.0494096875190735,0.16115069389343262,0.6558646442902698,0.27721906250173395,1.2829472459870293,0.9638049006462097,1,1,0.47813287377357483,28.68797242641449,1.3120275735855103,2.903226613998413,1.0658227440000891,0.12921232615624365,0.0,0.48003798723220825,28.802279233932495,1.1977207660675049,0.04947573319077492,2.968543991446495,0.269867635586045,1.309823678760182,-2.955531358718872,-3.0847437381744385,0.5026858448982239,30.161150693893433,0.16115069389343262,0.05082349479198456,3.0494096875190735,0.27721906250173395,1.2829472459870293,-2.9272360801696777,-1.7139800786972046,-2.375646422760271,0.0268764327731528
YH4qi8Ul6v0_1,YH4qi8Ul6v0,A baby cries,10-20s,60.0,11.0,0.18333333333333332,9,0.6701281666755676,40.20769000053406,0.07737211883068085,0.07329360395669937,4.642327129840851,4.397616237401962,0.8576728701591492,0.3997832943092693,0.3997832943092693,0.9168326429082463,0.9653387069702148,1,1,0.1608370691537857,9.650224149227142,4.150224149227142,3.655244545503096,1.296162998077951,0.7087647924817356,0.0,0.0689089223742485,4.13453534245491,1.3654646575450897,0.06370646506547928,3.8223879039287567,0.3474898094480688,1.0570199397365845,-2.687643051147461,-3.3964078426361084,0.07737211883068085,4.642327129840851,0.8576728701591492,0.07329360395669937,4.397616237401962,0.3997832943092693,0.9168326429082463,-2.537163496017456,-1.1813565492630005,-2.3531829378145357,0.14018729682833836
YH4qi8Ul6v0_3,YH4qi8Ul6v0,As a man hums,10-20s,60.0,14.0,0.23333333333333334,7,0.8412365913391113,50.47419548034668,0.26613014936447144,0.3182380497455597,15.967808961868286,19.09428298473358,0.03219103813171387,0.7332037558673136,1.3638773560523987,0.3103316404610856,0.9189724922180176,1,1,0.27036458253860474,16.221874952316284,0.22187495231628418,3.60529967716762,1.2824048954837912,1.6674578436475704,0.0,0.22019322216510773,13.211593329906464,2.7884066700935364,0.2678789496421814,16.072736978530884,1.1480526413236345,0.13806715165760325,-1.0054106712341309,-2.672868490219116,0.26613014936447144,15.967808961868286,0.03219103813171387,0.3182380497455597,19.09428298473358,1.3638773560523987,0.3103316404610856,-0.7618808150291443,-1.03583562374115,-1.144337743826188,0.17226448880348227
YQGW5AwDOIo_3,YQGW5AwDOIo,A man and a woman chat and laugh as an engine runs in the background,5-10s,299.0,5.0,0.016722408026755852,4,0.07413875311613083,22.167487181723118,0.5511661171913147,0.036278970539569855,164.7986690402031,10.847412191331387,0.2986690402030945,0.46093943069626375,2.1694824382662774,0.7744886313934877,0.657281219959259,1,1,0.5870380997657776,175.5243918299675,11.024391829967499,4.433497436344624,1.489188761591366,-2.5247858938815373,0.0,0.5412718057632446,161.84026992321014,2.659730076789856,0.026691513136029243,7.980762427672744,1.5961524855345488,0.46759603677862094,-3.596355438232422,-1.0715694427490234,0.5511661171913147,164.7986690402031,0.2986690402030945,0.036278970539569855,10.847412191331387,2.1694824382662774,0.7744886313934877,-3.2795636653900146,-0.8566081523895264,-1.0215927248127452,0.30689259461486673
YflmW68gL4E_1,YflmW68gL4E,A woman laughs,5-10s,285.0,5.0,0.017543859649122806,2,0.5923634171485901,168.82357388734818,0.995318591594696,0.011556427925825119,283.6657986044884,3.293581958860159,0.1657986044883728,0.8998978893773795,0.6587163917720318,0.41746219861091066,0.1493016928434372,1,1,0.7359917759895325,209.75765615701675,7.757656157016754,33.764714777469635,3.5194163157075384,0.3737442776905129,0.0,0.9879823923110962,281.5749818086624,1.5749818086624146,0.02118394523859024,6.0374243929982185,1.2074848785996437,0.18853958356733275,-3.8331000804901123,-4.206844329833984,0.995318591594696,283.6657986044884,0.1657986044883728,0.011556427925825119,3.293581958860159,0.6587163917720318,0.41746219861091066,-4.44888973236084,-1.025320053100586,-3.3308767321402057,-0.6060017821782434
YflmW68gL4E_2,YflmW68gL4E,Someone burps,2-5s,285.0,2.0,0.007017543859649123,6,0.8429434299468994,240.23887753486633,0.31604883074760437,0.02944260835647583,90.07391676306725,8.391143381595612,0.5739167630672455,0.11917327049771444,4.195571690797806,1.4340296097276541,0.9477986693382263,1,1,0.36404988169670105,103.7542162835598,9.2542162835598,120.11943876743317,4.788486570838423,1.6802937908532223,0.0,0.276908814907074,78.91901224851608,10.580987751483917,0.03601139411330223,10.263247322291136,5.131623661145568,1.6354221122534072,-3.2872440814971924,-4.967537879943848,0.31604883074760437,90.07391676306725,0.5739167630672455,0.02944260835647583,8.391143381595612,4.195571690797806,1.4340296097276541,-3.4954276084899902,-1.8372985124588013,-3.1530644585850163,-0.20139250252575316
Z3wDry8nnJs_1,Z3wDry8nnJs,A girl talks while water flows,2-5s,90.0,3.0,0.03333333333333333,1,0.3227500021457672,29.04750019311905,0.34497761726379395,0.07194821536540985,31.047985553741455,6.475339382886887,0.5479855537414551,0.4632961799544345,2.1584464609622955,0.7693887318893731,0.7824876308441162,1,1,0.44674772024154663,40.2072948217392,7.792705178260803,9.682500064373016,2.270320139055158,-0.7411624414217115,0.0,0.3573356866836548,32.16021180152893,1.6602118015289307,0.07004034519195557,6.303631067276001,2.101210355758667,0.7425135385828912,-2.5860698223114014,-1.844907283782959,0.34497761726379395,31.047985553741455,0.5479855537414551,0.07194821536540985,6.475339382886887,2.1584464609622955,0.7693887318893731,-2.557140827178955,-1.307651400566101,-1.527806600472267,0.02687519330648194
Z3wDry8nnJs_1,Z3wDry8nnJs,A girl talks while water flows,2-5s,90.0,3.0,0.03333333333333333,5,0.4456096887588501,40.10487198829651,0.5279006361961365,0.10961350053548813,47.51105725765228,9.865215048193932,0.4889427423477173,0.20273252942074982,3.288405016064644,1.1904026496762141,0.024075951427221298,1,1,0.6909807920455933,62.188271284103394,1.6882712841033936,13.368290662765503,2.5928855342318706,-0.2184255400548803,0.0,0.7348837852478027,66.13954067230225,5.639540672302246,0.1612490862607956,14.512417763471603,4.837472587823868,1.5763923917401277,-1.648963451385498,-1.4305378198623657,0.5279006361961365,47.51105725765228,0.4889427423477173,0.10961350053548813,9.865215048193932,3.288405016064644,1.1904026496762141,-2.0946950912475586,-0.9476869702339172,-1.0164931424917427,-0.3859897420639136
Z3wDry8nnJs_2,Z3wDry8nnJs,Things rub together,5-10s,90.0,6.0,0.06666666666666667,0,0.18933655321598053,17.040289789438248,0.7231338024139404,0.07495947927236557,65.08204221725464,6.746353134512901,0.5820422172546387,0.44468469707769087,1.1243921890854836,0.11724261328605728,0.9471458792686462,1,1,0.6764324307441711,60.8789187669754,3.621081233024597,2.840048298239708,1.0438210584509395,-1.4543268461844807,0.0,0.6957063674926758,62.61357307434082,1.8864269256591797,0.056099116802215576,5.048920512199402,0.8414867520332336,0.1725850087512177,-2.8229010105133057,-1.3685741424560547,0.7231338024139404,65.08204221725464,0.5820422172546387,0.07495947927236557,6.746353134512901,1.1243921890854836,0.11724261328605728,-2.512889862060547,-1.20736563205719,-1.216406067202157,0.28982762203727497
Z3wDry8nnJs_2,Z3wDry8nnJs,Things rub together,5-10s,90.0,6.0,0.06666666666666667,1,0.3227500021457672,29.04750019311905,0.4442240595817566,0.06708221137523651,39.98016536235809,6.037399023771286,0.9801653623580933,0.7199073335548558,1.0062331706285477,0.0062138247695794945,0.9427921175956726,1,1,0.44674772024154663,40.2072948217392,1.2072948217391968,4.841250032186508,1.5771729584952128,-0.7411624414217115,0.0,0.4262752830982208,38.364775478839874,0.6352245211601257,0.04990106821060181,4.491096138954163,0.7485160231590271,0.2896626683254928,-2.946523666381836,-2.2053611278533936,0.4442240595817566,39.98016536235809,0.9801653623580933,0.06708221137523651,6.037399023771286,1.0062331706285477,0.0062138247695794945,-2.6323981285095215,-1.146945834159851,-1.8668356268207056,0.2958764930950723
Z3wDry8nnJs_3,Z3wDry8nnJs,A girl spits,2-5s,90.0,2.0,0.022222222222222223,1,0.3227500021457672,29.04750019311905,0.4814641773700714,0.034883350133895874,43.33177596330643,3.1395015120506287,0.168224036693573,0.3185219042455023,1.5697507560253143,0.4509168526334433,0.920122504234314,1,1,0.44674772024154663,40.2072948217392,3.2927051782608032,14.523750096559525,2.6757852471633226,-0.7411624414217115,0.0,0.45999354124069214,41.39941871166229,2.1005812883377075,0.03531095013022423,3.1779855117201805,1.5889927558600903,0.46310032861409905,-3.307612657546997,-2.5664501190185547,0.4814641773700714,43.33177596330643,0.168224036693573,0.034883350133895874,3.1395015120506287,1.5697507560253143,0.4509168526334433,-3.320239305496216,-1.3577635288238525,-2.2126849185492232,-0.012183475980655714
Z3wDry8nnJs_3,Z3wDry8nnJs,A girl spits,2-5s,90.0,2.0,0.022222222222222223,4,0.07413875311613083,6.672487780451775,0.6306841969490051,0.03772902861237526,56.76157772541046,3.3956125751137733,0.23842227458953857,0.5889953449512679,1.6978062875568867,0.5293369986703251,0.937299370765686,1,1,0.5870380997657776,52.83342897891998,4.166571021080017,3.3362438902258873,1.2048455904050996,-2.5247858938815373,0.0,0.6314623355865479,56.83161020278931,0.16838979721069336,0.03563929721713066,3.2075367495417595,1.6037683747708797,0.4723560942606427,-3.2980165481567383,-0.7732306718826294,0.6306841969490051,56.76157772541046,0.23842227458953857,0.03772902861237526,3.3956125751137733,1.6978062875568867,0.5293369986703251,-3.2388663291931152,-1.0759204626083374,-0.732489496144457,0.05698090440968247
Z3wDry8nnJs_3,Z3wDry8nnJs,A girl spits,2-5s,90.0,2.0,0.022222222222222223,5,0.4456096887588501,40.10487198829651,0.7555791139602661,0.029283709824085236,68.00212025642395,2.635533884167671,0.0021202564239501953,0.7588595282399948,1.3177669420838356,0.27593859349757366,0.8599072694778442,1,1,0.6909807920455933,62.188271284103394,5.1882712841033936,20.052435994148254,2.998350642340035,-0.2184255400548803,0.0,0.768532395362854,69.16791558265686,1.1679155826568604,0.027424147352576256,2.468173261731863,1.2340866308659315,0.21033112631398027,-3.568524122238159,-3.3500986099243164,0.7555791139602661,68.00212025642395,0.0021202564239501953,0.029283709824085236,2.635533884167671,1.3177669420838356,0.27593859349757366,-3.501002788543701,-1.3495105504989624,-2.7880195160260546,0.06560746718359338
ZBtgrP4vU_w_1,ZBtgrP4vU_w,Music plays,5-10s,300.0,7.0,0.023333333333333334,6,0.8429434299468994,252.88302898406982,0.009435910731554031,0.050112053751945496,2.8307732194662094,15.033616125583649,0.6692267805337906,0.46562317020238797,2.1476594465119496,0.764378619622718,0.023940810933709145,1,1,0.36404988169670105,109.21496450901031,105.71496450901031,36.12614699772426,3.587016896730606,1.6802937908532223,0.0,0.07326357811689377,21.97907343506813,18.47907343506813,0.22674232721328735,68.0226981639862,9.717528309140887,2.273931296952335,-1.2267980575561523,-2.9070918560028076,0.009435910731554031,2.8307732194662094,0.6692267805337906,0.050112053751945496,15.033616125583649,2.1476594465119496,0.764378619622718,-2.942082405090332,-2.450923204421997,-1.3130855997782709,-1.5095526773296168
ZBtgrP4vU_w_1,ZBtgrP4vU_w,Music plays,5-10s,300.0,7.0,0.023333333333333334,8,0.5322582125663757,159.67746376991272,0.013551946729421616,0.035210251808166504,4.065584018826485,10.563075542449951,0.5655840188264847,0.6626857842556385,1.5090107917785645,0.41145433136952586,0.019467635080218315,1,1,0.47813287377357483,143.43986213207245,139.93986213207245,22.811066252844675,3.1272457801772466,0.12921232615624365,0.0,0.18158690631389618,54.476071894168854,50.976071894168854,0.1202191561460495,36.06574684381485,5.152249549116407,1.639433424957498,-1.9903564453125,-2.1195688247680664,0.013551946729421616,4.065584018826485,0.5655840188264847,0.035210251808166504,10.563075542449951,1.5090107917785645,0.41145433136952586,-3.310572862625122,-2.280137062072754,-1.4878123552197486,-1.2279790935879722
ZBtgrP4vU_w_1,ZBtgrP4vU_w,Music plays,5-10s,300.0,7.0,0.023333333333333334,9,0.6701281666755676,201.0384500026703,0.00876484252512455,0.023636454716324806,2.629452757537365,7.090936414897442,0.870547242462635,0.7800541830745458,1.0129909164139204,0.012907258211456291,0.9908067584037781,1,1,0.1608370691537857,48.25112074613571,44.75112074613571,28.719778571810043,3.3575860342551085,0.7087647924817356,0.0,0.020600462332367897,6.180138699710369,2.680138699710369,0.04781777411699295,14.345332235097885,2.049333176442555,0.7175144604512532,-2.991358995437622,-3.7001237869262695,0.00876484252512455,2.629452757537365,0.870547242462635,0.023636454716324806,7.090936414897442,1.0129909164139204,0.012907258211456291,-3.7210447788238525,-1.7313956022262573,-2.6400715738038554,-0.704607202239797
ZBtgrP4vU_w_3,ZBtgrP4vU_w,A fan runs as something fries in a pan,20s+,300.0,177.0,0.59,1,0.3227500021457672,96.82500064373016,0.3643122911453247,0.0713246762752533,109.29368734359741,21.39740288257599,0.2063126564025879,0.12088928182246321,0.12088928182246321,2.1128801785381106,0.7027355432510376,1,1,0.44674772024154663,134.024316072464,24.52431607246399,0.5470339019419783,0.6032445005246253,-0.7411624414217115,0.0,0.35865697264671326,107.59709179401398,1.902908205986023,0.07900507748126984,23.70152324438095,0.1339069109852031,2.0106104145832866,-2.455942392349243,-1.7147799730300903,0.3643122911453247,109.29368734359741,0.2063126564025879,0.0713246762752533,21.39740288257599,0.12088928182246321,2.1128801785381106,-2.566516876220703,-1.529732584953308,-1.4073659140586614,-0.10226976395482382
ZTYAQBnU4GM_1,ZTYAQBnU4GM,A door shuts,2-5s,114.0,2.0,0.017543859649122806,0,0.18933655321598053,21.58436706662178,0.3653247654438019,0.03593507781624794,41.647023260593414,4.096598871052265,0.3529767394065857,0.4882098694437891,2.0482994355261326,0.7170099052427977,0.030502278357744217,1,1,0.6764324307441711,77.11329710483551,35.11329710483551,10.79218353331089,2.3788221251832797,-1.4543268461844807,0.0,0.71297287940979,81.27890825271606,39.278908252716064,0.04660177603363991,5.3126024678349495,2.6563012339174747,0.9769346415676269,-3.0183939933776855,-1.5640672445297241,0.3653247654438019,41.647023260593414,0.3529767394065857,0.03593507781624794,4.096598871052265,2.0482994355261326,0.7170099052427977,-3.2894446849823,-0.8461184501647949,-1.4018874836156525,-0.2599247363248291
ZTYAQBnU4GM_1,ZTYAQBnU4GM,A door shuts,2-5s,114.0,2.0,0.017543859649122806,8,0.5322582125663757,60.67743623256683,0.36125293374061584,0.04757924750447273,41.182834446430206,5.4240342155098915,0.8171655535697937,0.36872923741540004,2.7120171077549458,0.9976926782274805,0.1445363163948059,1,1,0.47813287377357483,54.50714761018753,12.50714761018753,30.338718116283417,3.412424722410909,0.12921232615624365,0.0,0.4562341570854187,52.01069390773773,10.010693907737732,0.037931185215711594,4.324155114591122,2.162077557295561,0.7710695915132654,-3.2333123683929443,-3.3625247478485107,0.36125293374061584,41.182834446430206,0.8171655535697937,0.04757924750447273,5.4240342155098915,2.7120171077549458,0.9976926782274805,-2.996610164642334,-1.1978262662887573,-2.6413551308976437,0.22662308671421505
ZUmZgPL0ges_3,ZUmZgPL0ges,"Amid the noise, a dog barks",2-5s,168.0,2.0,0.011904761904761904,0,0.18933655321598053,31.80854094028473,0.8520457148551941,0.021052611991763115,143.1436800956726,3.5368388146162033,0.6436800956726074,0.2827383582953904,1.7684194073081017,0.5700861574110332,0.9022054672241211,1,1,0.6764324307441711,113.64064836502075,23.859351634979248,15.904270470142365,2.766587656192043,-1.4543268461844807,0.0,0.8693718314170837,146.05446767807007,3.5544676780700684,0.02181820571422577,3.665458559989929,1.8327292799949646,0.6058062656395453,-3.802950859069824,-2.3486239910125732,0.8520457148551941,143.1436800956726,0.6436800956726074,0.021052611991763115,3.5368388146162033,1.7684194073081017,0.5700861574110332,-3.8394532203674316,-0.9938883185386658,-2.1607813905524975,-0.035720108228512036
ZUmZgPL0ges_3,ZUmZgPL0ges,"Amid the noise, a dog barks",2-5s,168.0,2.0,0.011904761904761904,3,0.4910241663455963,82.49205994606018,0.8493747115135193,0.033502623438835144,142.69495153427124,5.628440737724304,0.19495153427124023,0.1776690999511742,2.814220368862152,1.0346852672330227,0.9640405178070068,1,1,0.7619823217391968,128.01303005218506,9.486969947814941,41.24602997303009,3.7195548650709696,-0.0359071921279591,0.0,0.8468832969665527,142.27639389038086,0.22360610961914062,0.03867039456963539,6.496626287698746,3.248313143849373,1.1781358289358363,-3.213243007659912,-3.177335739135742,0.8493747115135193,142.69495153427124,0.19495153427124023,0.033502623438835144,5.628440737724304,2.814220368862152,1.0346852672330227,-3.3620548248291016,-1.6718205213546753,-2.541419036135133,-0.14345056170281356
Z_smJ66Tb3c_1,Z_smJ66Tb3c,Wings flap and someone whistles,2-5s,201.0,4.0,0.01990049751243781,1,0.3227500021457672,64.87275043129921,0.3488200306892395,0.02582753449678421,70.11282616853714,5.191334433853626,0.6128261685371399,0.5778860981169812,1.2978336084634066,0.26069641935860915,0.8847010731697083,1,1,0.44674772024154663,89.79629176855087,20.296291768550873,16.218187607824802,2.786133304332188,-0.7411624414217115,0.0,0.37397995591163635,75.1699711382389,5.669971138238907,0.028902875259518623,5.809477927163243,1.4523694817908108,0.37319634807537916,-3.5144853591918945,-2.773322820663452,0.3488200306892395,70.11282616853714,0.6128261685371399,0.02582753449678421,5.191334433853626,1.2978336084634066,0.26069641935860915,-3.6301472187042236,-1.3686952590942383,-2.4129369562568086,-0.11249992871677002
Z_smJ66Tb3c_1,Z_smJ66Tb3c,Wings flap and someone whistles,2-5s,201.0,4.0,0.01990049751243781,6,0.8429434299468994,169.43162941932678,0.34274911880493164,0.029369961470365524,68.89257287979126,5.90336225554347,0.6074271202087402,0.5081849749577695,1.4758405638858676,0.3892277012962881,0.9111625552177429,1,1,0.36404988169670105,73.17402622103691,3.674026221036911,42.357907354831696,3.746155118068903,1.6802937908532223,0.0,0.31582871079444885,63.48157086968422,6.018429130315781,0.027399498969316483,5.507299292832613,1.3768248232081532,0.3197799953925162,-3.569448709487915,-5.24974250793457,0.34274911880493164,68.89257287979126,0.6074271202087402,0.029369961470365524,5.90336225554347,1.4758405638858676,0.3892277012962881,-3.4979729652404785,-1.3813084363937378,-3.426375122676387,0.06944770590377186
Z_smJ66Tb3c_2,Z_smJ66Tb3c,Wings flap and a breath is drawn in,5-10s,201.0,7.0,0.03482587064676617,9,0.6701281666755676,134.6957615017891,0.07097337394952774,0.027220668271183968,14.265648163855076,5.4713543225079775,0.26564816385507584,0.3655402085316298,0.7816220460725682,0.24638397231490666,0.9396353960037231,1,1,0.1608370691537857,32.32825089991093,15.328250899910927,19.242251643112727,2.9571084676579833,0.7087647924817356,0.0,0.07941356301307678,15.962126165628433,1.0378738343715668,0.03635134920477867,7.306621190160513,1.0438030271657877,0.042870800362640515,-3.2774953842163086,-3.986260175704956,0.07097337394952774,14.265648163855076,0.26564816385507584,0.027220668271183968,5.4713543225079775,0.7816220460725682,0.24638397231490666,-3.5761806964874268,-1.6244515180587769,-2.914237667295343,-0.2892547726775472
Zsf2YvJfCKw_1,Zsf2YvJfCKw,Something crashes,2-5s,135.0,2.0,0.014814814814814815,8,0.5322582125663757,71.85485869646072,0.5505861043930054,0.034373391419649124,74.32912409305573,4.640407841652632,0.1708759069442749,0.21549829974510618,2.320203920826316,0.8416550787234065,0.30904656648635864,1,1,0.47813287377357483,64.5479379594326,9.952062040567398,35.92742934823036,3.581501052454843,0.12921232615624365,0.0,0.5041055679321289,68.0542516708374,6.445748329162598,0.031834352761507034,4.29763762280345,2.148818811401725,0.7649183011238541,-3.4148571491241455,-3.544069528579712,0.5505861043930054,74.32912409305573,0.1708759069442749,0.034373391419649124,4.640407841652632,2.320203920826316,0.8416550787234065,-3.3354945182800293,-1.010757565498352,-2.816582751330989,0.07673677759955239
_9mgOkzm-xg_3,_9mgOkzm-xg,Something fries in oil,20s+,299.0,216.0,0.7224080267558528,4,0.07413875311613083,22.167487181723118,0.6397307515144348,0.11234584450721741,191.279494702816,33.591407507658005,0.7205052971839905,0.1555157754984167,0.1555157754984167,1.861008102357977,0.7541157007217407,1,1,0.5870380997657776,175.5243918299675,16.4756081700325,0.10262725547094036,2.2766517336586984,-2.5247858938815373,0.0,0.6149254441261292,183.86270779371262,8.137292206287384,0.13343924283981323,39.89833360910416,0.18471450744955628,1.6889438488433481,-1.870885968208313,0.6539000272750854,0.6397307515144348,191.279494702816,0.7205052971839905,0.11234584450721741,33.591407507658005,0.1555157754984167,1.861008102357977,-2.067000150680542,-0.9543026089668274,0.5877078848153503,-0.1720642535146288
_AcJVyToQUQ_1,_AcJVyToQUQ,Men and women pretend to sneeze,2-5s,115.0,2.0,0.017391304347826087,1,0.3227500021457672,37.11625024676323,0.35590463876724243,0.049836721271276474,40.92903345823288,5.7312229461967945,0.9290334582328796,0.34896566034430543,2.8656114730983973,1.0527817560496835,0.9032338261604309,1,1,0.44674772024154663,51.37598782777786,7.1240121722221375,18.558125123381615,2.9209077051963077,-0.7411624414217115,0.0,0.3656649887561798,42.05147370696068,2.051473706960678,0.05293171852827072,6.087147630751133,3.0435738153755665,1.1130324221078933,-2.884368419647217,-2.1432058811187744,0.35590463876724243,40.92903345823288,0.9290334582328796,0.049836721271276474,5.7312229461967945,2.8656114730983973,1.0527817560496835,-2.9478816986083984,-1.4063012599945068,-1.8078752830884142,-0.060250666058209765
_BSmz3SEW1w_2,_BSmz3SEW1w,Doves coo as wings flap,2-5s,133.0,3.0,0.022556390977443608,2,0.5923634171485901,78.78433448076248,0.9870346188545227,0.017904654145240784,131.27560430765152,2.3813190013170242,0.22439569234848022,0.7937730004390081,0.7937730004390081,0.23095775226402496,0.3635721802711487,1,1,0.7359917759895325,97.88690620660782,5.613093793392181,26.261444826920826,3.2681018874266323,0.3737442776905129,0.0,0.9843164682388306,130.91409027576447,0.5859097242355347,0.022364864125847816,2.9745269287377596,0.9915089762459198,0.008527277865162627,-3.7776453495025635,-4.1513895988464355,0.9870346188545227,131.27560430765152,0.22439569234848022,0.017904654145240784,2.3813190013170242,0.7937730004390081,0.23095775226402496,-4.004627704620361,-0.9617334604263306,-3.2766291652917947,-0.22243047439886243
_C2HinL8VlM_1,_C2HinL8VlM,An alarm blares and sirens wail,2-5s,73.0,4.0,0.0547945205479452,4,0.07413875311613083,5.4121289774775505,0.5300584435462952,0.037017155438661575,38.69426637887955,2.702252347022295,0.6942663788795471,0.6567619236510146,0.6755630867555737,0.39220873326236233,0.916522204875946,1,1,0.5870380997657776,42.853781282901764,4.853781282901764,1.3530322443693876,0.3023481806632805,-2.5247858938815373,0.0,0.5884857177734375,42.95945739746094,4.9594573974609375,0.057527098804712296,4.199478212743998,1.0498695531859994,0.04866592139066464,-2.796251058578491,-0.27146512269973755,0.5300584435462952,38.69426637887955,0.6942663788795471,0.037017155438661575,2.702252347022295,0.6755630867555737,0.39220873326236233,-3.2586541175842285,-1.6062276363372803,-0.2536822592726158,-0.440874654653027
_C2HinL8VlM_1,_C2HinL8VlM,An alarm blares and sirens wail,2-5s,73.0,4.0,0.0547945205479452,7,0.8412365913391113,61.41027116775513,0.23381933569908142,0.05423726513981819,17.068811506032944,3.959320355206728,0.9311884939670563,0.6207627006069909,0.989830088801682,0.010221978056230053,0.9433981776237488,1,1,0.27036458253860474,19.736614525318146,1.7366145253181458,15.352567791938782,2.73128274290545,1.6674578436475704,0.0,0.22961406409740448,16.761826679110527,1.238173320889473,0.06517667323350906,4.757897146046162,1.1894742865115404,0.17351143347093118,-2.6632559299468994,-4.330713748931885,0.23381933569908142,17.068811506032944,0.9311884939670563,0.05423726513981819,3.959320355206728,0.989830088801682,0.010221978056230053,-2.858623504638672,-2.1124746799468994,-2.5577713094345182,-0.1837334115271613
_C2HinL8VlM_1,_C2HinL8VlM,An alarm blares and sirens wail,2-5s,73.0,4.0,0.0547945205479452,8,0.5322582125663757,38.85484951734543,0.5258379578590393,0.04540728032588959,38.38617092370987,3.31473146378994,0.3861709237098694,0.8089934843674095,0.828682865947485,0.18791774716146845,0.9478803873062134,1,1,0.47813287377357483,34.90369978547096,3.0963002145290375,9.713712379336357,2.2735385346048593,0.12921232615624365,0.0,0.49040988087654114,35.7999213039875,2.200078696012497,0.049665916711091995,3.6256119199097157,0.9064029799774289,0.0982712815669611,-2.9514946937561035,-3.08070707321167,0.5258379578590393,38.38617092370987,0.3861709237098694,0.04540728032588959,3.31473146378994,0.828682865947485,0.18791774716146845,-3.045612335205078,-1.668671727180481,-2.3718098161718206,-0.0896464655945073
_oKXrY5Ff0g_1,_oKXrY5Ff0g,Paper tears,10-20s,82.0,14.0,0.17073170731707318,4,0.07413875311613083,6.079377755522728,0.6005470156669617,0.05439823865890503,49.24485528469086,4.460655570030212,0.25514471530914307,0.22418229435123746,0.318618255002158,1.1437615855890688,0.7512934803962708,1,1,0.5870380997657776,48.13712418079376,1.3628758192062378,0.4342412682516234,0.8341549817162256,-2.5247858938815373,0.0,0.6356230974197388,52.12109398841858,2.621093988418579,0.04607611522078514,3.7782414481043816,0.269874389150313,1.3097986536038708,-3.0302891731262207,-0.5055030584335327,0.6005470156669617,49.24485528469086,0.25514471530914307,0.05439823865890503,4.460655570030212,0.318618255002158,1.1437615855890688,-2.855489730834961,-1.0394117832183838,-0.47564367188764545,0.16603706801480228
_oKXrY5Ff0g_2,_oKXrY5Ff0g,A woman laughs,20s+,82.0,20.0,0.24390243902439024,3,0.4910241663455963,40.2639816403389,0.8839641809463501,0.11337589472532272,72.48506283760071,9.296823367476463,0.514937162399292,0.46484116837382317,0.46484116837382317,0.7660595051338861,0.9503684043884277,1,1,0.7619823217391968,62.482550382614136,2.4825503826141357,2.013199082016945,0.6997250399379179,-0.0359071921279591,0.0,0.9002538919448853,73.82081913948059,0.8208191394805908,0.1421266496181488,11.654385268688202,0.58271926343441,0.5400497464565805,-1.797737956047058,-1.7618306875228882,0.8839641809463501,72.48506283760071,0.514937162399292,0.11337589472532272,9.296823367476463,0.46484116837382317,0.7660595051338861,-2.0567123889923096,-1.0313043594360352,-1.2397747863944983,-0.22600975867730563
_z6pymOet7g_1,_z6pymOet7g,Music plays,20s+,80.0,23.0,0.2875,8,0.5322582125663757,42.58065700531006,0.45244503021240234,0.3575996458530426,36.19560241699219,28.607971668243408,0.3043975830078125,0.8039717134343852,1.2438248551410178,0.21819119271762302,0.9303995370864868,1,1,0.47813287377357483,38.250629901885986,1.7506299018859863,1.8513329132743503,0.6159058733210908,0.12921232615624365,0.0,0.4342237412929535,34.73789930343628,1.7621006965637207,0.24322405457496643,19.457924365997314,0.8459967115651006,0.16723980642235653,-1.1350841522216797,-1.264296531677246,0.45244503021240234,36.19560241699219,0.3043975830078125,0.3575996458530426,28.607971668243408,1.2438248551410178,0.21819119271762302,-0.5857977867126465,-0.862593948841095,-0.7831456797434474,0.38543099913997947
_z6pymOet7g_2,_z6pymOet7g,A man is speaking as water flows,5-10s,80.0,5.0,0.0625,0,0.18933655321598053,15.146924257278442,0.7446166276931763,0.03406893461942673,59.5693302154541,2.725514769554138,0.9306697845458984,0.5451029539108276,0.5451029539108276,0.6067805959010342,0.9737619757652283,1,1,0.6764324307441711,54.11459445953369,6.385405540466309,3.0293848514556885,1.1083595795885106,-1.4543268461844807,0.0,0.7157224416732788,57.257795333862305,3.2422046661376953,0.023555142804980278,1.8844114243984222,0.37688228487968445,0.9758223819901648,-3.724574089050293,-2.270247220993042,0.7446166276931763,59.5693302154541,0.9306697845458984,0.03406893461942673,2.725514769554138,0.5451029539108276,0.6067805959010342,-3.3447065353393555,-1.072229027748108,-2.0841819615786754,0.36904178608913074
a3GzZKxUTy8_1,a3GzZKxUTy8,A dog barks while various birds are chirping,10-20s,118.0,15.0,0.1271186440677966,1,0.3227500021457672,38.08450025320053,0.38677701354026794,0.05061013996601105,45.63968759775162,5.971996515989304,0.36031240224838257,0.3348963775590358,0.39813310106595357,0.9209689048163767,0.9374060034751892,1,1,0.44674772024154663,52.7162309885025,0.7837690114974976,2.538966683546702,0.9317571807564575,-0.7411624414217115,0.0,0.37919938564300537,44.745527505874634,1.2544724941253662,0.044422443956136703,5.241848386824131,0.3494565591216087,1.0513760193922295,-3.068571090698242,-2.3274085521698,0.38677701354026794,45.63968759775162,0.36031240224838257,0.05061013996601105,5.971996515989304,0.39813310106595357,0.9209689048163767,-2.9316675662994385,-1.2430881261825562,-1.9831332001486868,0.1304071145758526
a3GzZKxUTy8_1,a3GzZKxUTy8,A dog barks while various birds are chirping,10-20s,118.0,15.0,0.1271186440677966,8,0.5322582125663757,62.806469082832336,0.45622190833091736,0.04013195261359215,53.83418518304825,4.735570408403873,0.3341851830482483,0.6335034095736635,0.31570469389359157,1.1529480153196894,0.8603258728981018,1,1,0.47813287377357483,56.41967910528183,2.91967910528183,4.187097938855489,1.4320078779398135,0.12921232615624365,0.0,0.48306015133857727,57.00109785795212,3.501097857952118,0.04566727578639984,5.388738542795181,0.3592492361863454,1.023738880159305,-3.03963041305542,-3.1688427925109863,0.45622190833091736,53.83418518304825,0.3341851830482483,0.04013195261359215,4.735570408403873,0.31570469389359157,1.1529480153196894,-3.1746230125427246,-1.6873358488082886,-2.4557467580991186,-0.12920913516038432
aZAXO2WZn84_2,aZAXO2WZn84,People are talking as a steam whistle blows,2-5s,300.0,4.0,0.013333333333333334,0,0.18933655321598053,56.80096596479416,0.783708393573761,0.039317768067121506,235.1125180721283,11.795330420136452,0.8874819278717041,0.16955862436763033,2.948832605034113,1.0814093649240133,0.8532803654670715,1,1,0.6764324307441711,202.92972922325134,11.429729223251343,14.20024149119854,2.65325897088504,-1.4543268461844807,0.0,0.7471711039543152,224.15133118629456,11.848668813705444,0.04083062335848808,12.249187007546425,3.062296751886606,1.1191652069375724,-3.156635284423828,-1.7023084163665771,0.783708393573761,235.1125180721283,0.8874819278717041,0.039317768067121506,11.795330420136452,2.948832605034113,1.0814093649240133,-3.195967197418213,-1.1657105684280396,-1.5340937639474677,-0.03775584201355897
aZAXO2WZn84_2,aZAXO2WZn84,People are talking as a steam whistle blows,2-5s,300.0,4.0,0.013333333333333334,7,0.8412365913391113,252.3709774017334,0.2202046513557434,0.046604935079813004,66.06139540672302,13.981480523943901,0.5613954067230225,0.21456955111887957,3.4953701309859753,1.2514392730787258,0.8588356971740723,1,1,0.27036458253860474,81.10937476158142,15.609374761581421,63.09274435043335,4.144605776413259,1.6674578436475704,0.0,0.17184877395629883,51.55463218688965,0.44536781311035156,0.030729705467820168,9.21891164034605,2.3047279100865126,0.8349626261345323,-3.4513137340545654,-5.118771553039551,0.2202046513557434,66.06139540672302,0.5613954067230225,0.046604935079813004,13.981480523943901,3.4953701309859753,1.2514392730787258,-3.0183229446411133,-1.4001110792160034,-3.309643150278727,0.4164766469441934
aZAXO2WZn84_3,aZAXO2WZn84,Music is playing,20s+,300.0,166.0,0.5533333333333333,6,0.8429434299468994,252.88302898406982,0.3192152678966522,0.7635602355003357,95.76458036899567,229.0680706501007,0.2645803689956665,0.2712577261042805,1.3799281364463898,0.32203142277431346,0.8927831053733826,1,1,0.36404988169670105,109.21496450901031,13.714964509010315,1.5233917408678905,0.42093925742937593,1.6802937908532223,0.0,0.2985512614250183,89.5653784275055,5.934621572494507,0.7518751621246338,225.56254863739014,1.3588105339601815,0.3066097096735514,1.1086382865905762,-0.5716554522514343,0.3192152678966522,95.76458036899567,0.2645803689956665,0.7635602355003357,229.0680706501007,1.3799281364463898,0.32203142277431346,1.172298550605774,-0.15629889070987701,-0.11432954775582442,0.015421713100761958
ajheseWZmmU_1,ajheseWZmmU,A cat meows,5-10s,122.0,6.0,0.04918032786885246,3,0.4910241663455963,59.90494829416275,0.8996540307998657,0.04339279979467392,109.75779175758362,5.293921574950218,0.24220824241638184,0.3777917696143444,0.882320262491703,0.12520017948258633,0.9372335076332092,1,1,0.7619823217391968,92.961843252182,15.961843252182007,9.984158049027124,2.300999641732857,-0.0359071921279591,0.0,0.8688135743141174,105.99525606632233,4.004743933677673,0.04107171297073364,5.010748982429504,0.8351248304049174,0.18017406781399886,-3.1504967212677,-3.1145894527435303,0.8996540307998657,109.75779175758362,0.24220824241638184,0.04339279979467392,5.293921574950218,0.882320262491703,0.12520017948258633,-3.093099355697632,-1.4348105192184448,-2.481173709546856,0.05497388833141256
ajheseWZmmU_1,ajheseWZmmU,A cat meows,5-10s,122.0,6.0,0.04918032786885246,4,0.07413875311613083,9.044927880167961,0.6274582147598267,0.036813706159591675,76.54990220069885,4.491272151470184,0.45009779930114746,0.8082950136105514,0.748545358578364,0.28962347765542606,0.9425004124641418,1,1,0.5870380997657776,71.61864817142487,1.6186481714248657,1.5074879800279934,0.4104446761399815,-2.5247858938815373,0.0,0.6144026517868042,74.95712351799011,2.0428764820098877,0.02923457697033882,3.566618390381336,0.5944363983968893,0.5201415519270107,-3.502732753753662,-0.9779466986656189,0.6274582147598267,76.54990220069885,0.45009779930114746,0.036813706159591675,4.491272151470184,0.748545358578364,0.28962347765542606,-3.264376640319824,-0.9766893982887268,-0.9305862280669921,0.2305180742715846
ajheseWZmmU_1,ajheseWZmmU,A cat meows,5-10s,122.0,6.0,0.04918032786885246,8,0.5322582125663757,64.93550193309784,0.5715932250022888,0.03529128059744835,69.73437345027924,4.305536232888699,0.26562654972076416,0.7175893721481165,0.7175893721481165,0.3318577786201942,0.8936378359794617,1,1,0.47813287377357483,58.33221060037613,11.66778939962387,10.822583655516306,2.3816350300815605,0.12921232615624365,0.0,0.5179240107536316,63.186729311943054,6.813270688056946,0.03410444036126137,4.160741724073887,0.6934569540123144,0.3660661117920479,-3.343628168106079,-3.4728405475616455,0.5715932250022888,69.73437345027924,0.26562654972076416,0.03529128059744835,4.305536232888699,0.7175893721481165,0.3318577786201942,-3.30819034576416,-1.3956660032272339,-2.747701141873608,0.03420833317185356
ajheseWZmmU_2,ajheseWZmmU,Electronic tones ring out,2-5s,122.0,2.0,0.01639344262295082,0,0.18933655321598053,23.099059492349625,0.7296934723854065,0.03179815411567688,89.02260363101959,3.8793748021125793,0.022603631019592285,0.5155469894042891,1.9396874010562897,0.6625268266157042,0.9602265357971191,1,1,0.6764324307441711,82.52475655078888,6.475243449211121,11.549529746174812,2.446644721522041,-1.4543268461844807,0.0,0.704110324382782,85.9014595746994,3.098540425300598,0.027248531579971313,3.3243208527565002,1.6621604263782501,0.5081182178749424,-3.5751290321350098,-2.120802164077759,0.7296934723854065,89.02260363101959,0.022603631019592285,0.03179815411567688,3.8793748021125793,1.9396874010562897,0.6625268266157042,-3.416032314300537,-1.2195667028427124,-1.9385265036470984,0.1544086087407618
b1PXsfgQw5w_1,b1PXsfgQw5w,Someone slaps their hand as people laugh,0-2s,297.0,1.0,0.003367003367003367,3,0.4910241663455963,145.8341774046421,0.9063002467155457,0.04819997400045395,269.17117327451706,14.315392278134823,0.3288267254829407,0.06985487931947135,14.315392278134823,2.6613353414673027,0.8308902978897095,1,1,0.7619823217391968,226.30874955654144,43.19125044345856,145.8341774046421,4.9824702050303555,-0.0359071921279591,0.0,0.8944273591041565,265.6449256539345,3.8550743460655212,0.04557454213500023,13.535639014095068,13.535639014095068,2.6053261339278073,-3.041760206222534,-3.0058529376983643,0.9063002467155457,269.17117327451706,0.3288267254829407,0.04819997400045395,14.315392278134823,14.315392278134823,2.6613353414673027,-2.9829964637756348,-1.5284249782562256,-2.3771440711025478,0.056009207539495176
bJMMp6PLKqM_1,bJMMp6PLKqM,A baby cries,10-20s,105.0,13.0,0.12380952380952381,3,0.4910241663455963,51.55753746628761,0.8706154823303223,0.03136264532804489,91.41462564468384,3.2930777594447136,0.4146256446838379,0.6073345806256469,0.2533136738034395,1.3731267407886458,0.6373494267463684,1,1,0.7619823217391968,80.00814378261566,10.991856217384338,3.9659644204836626,1.3777490589236423,-0.0359071921279591,0.0,0.9340652227401733,98.0768483877182,7.076848387718201,0.023506060242652893,2.4681363254785538,0.18985664042142722,1.6614860157159757,-3.726710319519043,-3.690803050994873,0.8706154823303223,91.41462564468384,0.4146256446838379,0.03136264532804489,3.2930777594447136,0.2533136738034395,1.3731267407886458,-3.4302728176116943,-0.6316998600959778,-3.039235074639618,0.28835927492732993
bJMMp6PLKqM_2,bJMMp6PLKqM,A man talks as a baby cries,5-10s,105.0,7.0,0.06666666666666667,6,0.8429434299468994,88.50906014442444,0.2865646481513977,0.05328621715307236,30.08928805589676,5.5950528010725975,0.589288055896759,0.7992932572960854,0.7992932572960854,0.22402737014692928,0.8040487766265869,1,1,0.36404988169670105,38.22523757815361,8.72523757815361,12.644151449203491,2.537194772231928,1.6802937908532223,0.0,0.2757302522659302,28.95167648792267,0.5483235120773315,0.036719080060720444,3.8555034063756466,0.5507862009108067,0.5964085652540883,-3.2670485973358154,-4.947342395782471,0.2865646481513977,30.08928805589676,0.589288055896759,0.05328621715307236,5.5950528010725975,0.7992932572960854,0.22402737014692928,-2.877319097518921,-1.2007156610488892,-3.1336033374860164,0.3723811951071591
bLZFtoWXYTA_1,bLZFtoWXYTA,Water pours,5-10s,299.0,6.0,0.020066889632107024,9,0.6701281666755676,200.36832183599472,0.012372826226055622,0.03047693520784378,3.699475041590631,9.11260362714529,0.300524958409369,0.6584287263550849,1.5187672711908817,0.4178990000195964,0.9842514991760254,1,1,0.1608370691537857,48.090283676981926,44.090283676981926,33.39472030599912,3.508397812816852,0.7087647924817356,0.0,0.027060138061642647,8.090981280431151,4.090981280431151,0.04524414986371994,13.528000809252262,2.2546668015420437,0.8130022021887622,-3.049382209777832,-3.7581470012664795,0.012372826226055622,3.699475041590631,0.300524958409369,0.03047693520784378,9.11260362714529,1.5187672711908817,0.4178990000195964,-3.459834098815918,-1.2462526559829712,-2.69539561062809,-0.3951032021691657
bX2vDaHL26U_2,bX2vDaHL26U,"As an engine hums, tires screech",0-2s,74.0,1.0,0.013513513513513514,4,0.07413875311613083,5.486267730593681,0.6171116828918457,0.04450184479355812,45.66626453399658,3.293136514723301,0.16626453399658203,0.30366187236061876,3.293136514723301,1.1918404585699636,0.9339624643325806,1,1,0.5870380997657776,43.44081938266754,2.0591806173324585,5.486267730593681,1.7022481938389498,-2.5247858938815373,0.0,0.5956319570541382,44.076764822006226,1.4232351779937744,0.03910409286618233,2.893702872097492,2.893702872097492,1.0625369526195685,-3.20163893699646,-0.6768528819084167,0.6171116828918457,45.66626453399658,0.16626453399658203,0.04450184479355812,3.293136514723301,3.293136514723301,1.1918404585699636,-3.066702127456665,-0.9361953735351562,-0.6397112412193813,0.12930350595039503
bgbnu5YKTDg_1,bgbnu5YKTDg,Music plays,5-10s,198.0,9.0,0.045454545454545456,9,0.6701281666755676,132.6853770017624,0.029876230284571648,0.058990370482206345,5.915493596345186,11.680093355476856,0.41549359634518623,0.7705417864472679,1.2977881506085396,0.2606613927953491,0.9918383955955505,1,1,0.1608370691537857,31.84573969244957,26.34573969244957,14.742819666862488,2.6907561620125366,0.7087647924817356,0.0,0.029653437435626984,5.871380612254143,0.37138061225414276,0.05285603180527687,10.46549429744482,1.1628326997160912,0.15085901083804712,-2.8858792781829834,-3.594644069671631,0.029876230284571648,5.915493596345186,0.41549359634518623,0.058990370482206345,11.680093355476856,1.2977881506085396,0.2606613927953491,-2.7695791721343994,-0.8696909546852112,-2.539897151174489,0.10980238195730198
bgbnu5YKTDg_2,bgbnu5YKTDg,A man speaks over the radio,5-10s,198.0,5.0,0.025252525252525252,1,0.3227500021457672,63.90450042486191,0.3663543164730072,0.03903224319219589,72.53815466165543,7.728384152054787,0.461845338344574,0.258786307803844,1.5456768304109574,0.43546189235747956,0.9705166220664978,1,1,0.44674772024154663,88.45604860782623,5.956048607826233,12.780900084972382,2.5479518756534376,-0.7411624414217115,0.0,0.355199933052063,70.32958674430847,2.6704132556915283,0.037995073944330215,7.523024640977383,1.5046049281954765,0.4085303575576526,-3.231563091278076,-2.490400552749634,0.3663543164730072,72.53815466165543,0.461845338344574,0.03903224319219589,7.728384152054787,1.5456768304109574,0.43546189235747956,-3.203552722930908,-1.3170934915542603,-2.139421518095785,0.026931534799826892
bgbnu5YKTDg_2,bgbnu5YKTDg,A man speaks over the radio,5-10s,198.0,5.0,0.025252525252525252,4,0.07413875311613083,14.679473116993904,0.606166660785675,0.03655225411057472,120.02099883556366,7.237346313893795,0.47900116443634033,0.41451657415381543,1.447469262778759,0.3698166955443961,0.9428243637084961,1,1,0.5870380997657776,116.23354375362396,4.266456246376038,2.935894623398781,1.077012218895215,-2.5247858938815373,0.0,0.5737667679786682,113.6058200597763,2.105820059776306,0.027013789862394333,5.348730392754078,1.0697460785508155,0.06742131054580382,-3.5840225219726562,-1.0592366456985474,0.606166660785675,120.02099883556366,0.47900116443634033,0.03655225411057472,7.237346313893795,1.447469262778759,0.3698166955443961,-3.271775484085083,-0.9107038378715515,-1.009590908349411,0.30239538499859214
bgbnu5YKTDg_2,bgbnu5YKTDg,A man speaks over the radio,5-10s,198.0,5.0,0.025252525252525252,8,0.5322582125663757,105.3871260881424,0.5241539478302002,0.030040811747312546,103.78248167037964,5.948080725967884,0.7824816703796387,0.6724858293427266,1.1896161451935767,0.17363068802327097,0.9636033177375793,1,1,0.47813287377357483,94.67030900716782,8.329690992832184,21.07742521762848,3.048202572836794,0.12921232615624365,0.0,0.4628385603427887,91.64203494787216,9.142034947872162,0.03263239935040474,6.461215071380138,1.2922430142760277,0.2563794792183264,-3.389272928237915,-3.5184853076934814,0.5241539478302002,103.78248167037964,0.7824816703796387,0.030040811747312546,5.948080725967884,1.1896161451935767,0.17363068802327097,-3.4746971130371094,-1.674688696861267,-2.7918230936184676,-0.08274879119505531
bgbnu5YKTDg_2,bgbnu5YKTDg,A man speaks over the radio,5-10s,198.0,5.0,0.025252525252525252,9,0.6701281666755676,132.6853770017624,0.08097612857818604,0.044829111546278,16.033273458480835,8.876164086163044,0.533273458480835,0.3379838374863605,1.7752328172326088,0.5739315789641396,0.945831835269928,1,1,0.1608370691537857,31.84573969244957,5.65426030755043,26.537075400352478,3.2785428269146557,0.7087647924817356,0.0,0.07357925176620483,14.568691849708557,0.9313081502914429,0.046697188168764114,9.246043257415295,1.849208651483059,0.6147577916214537,-3.0162487030029297,-3.725013494491577,0.08097612857818604,16.033273458480835,0.533273458480835,0.044829111546278,8.876164086163044,1.7752328172326088,0.5739315789641396,-3.059032440185547,-1.3798917531967163,-2.663785035293202,-0.04082621265731411
bgbnu5YKTDg_3,bgbnu5YKTDg,An explosion goes off and echoes ring out,10-20s,198.0,11.0,0.05555555555555555,1,0.3227500021457672,63.90450042486191,0.36888378858566284,0.053494688123464584,73.03899013996124,10.591948248445988,0.9610098600387573,0.3776453496727446,0.9629043862223625,0.037801159525209786,0.9098894000053406,1,1,0.44674772024154663,88.45604860782623,3.043951392173767,5.80950003862381,1.7594945152891674,-0.7411624414217115,0.0,0.3568781614303589,70.66187596321106,1.1618759632110596,0.051588159054517746,10.214455492794514,0.9285868629813194,0.07409135061967019,-2.911496639251709,-2.1703341007232666,0.36888378858566284,73.03899013996124,0.9610098600387573,0.053494688123464584,10.591948248445988,0.9629043862223625,0.037801159525209786,-2.8731942176818848,-1.2801378965377808,-1.8335858659088375,0.03629019109446051
bgbnu5YKTDg_3,bgbnu5YKTDg,An explosion goes off and echoes ring out,10-20s,198.0,11.0,0.05555555555555555,4,0.07413875311613083,14.679473116993904,0.6002048254013062,0.04948301985859871,118.84055542945862,9.797637932002544,0.15944457054138184,0.2041308337662993,0.8906943574547768,0.11575394352028265,0.9129964709281921,1,1,0.5870380997657776,116.23354375362396,2.7664562463760376,1.334497556090355,0.28855485853094465,-2.5247858938815373,0.0,0.5828404426574707,115.4024076461792,3.597592353820801,0.039046648889780045,7.731236480176449,0.7028396800160408,0.35262646436538425,-3.2031688690185547,-0.678382933139801,0.6002048254013062,118.84055542945862,0.15944457054138184,0.04948301985859871,9.797637932002544,0.8906943574547768,0.11575394352028265,-2.955376386642456,-0.872277557849884,-0.6411813228963289,0.23687252084510155
bgbnu5YKTDg_3,bgbnu5YKTDg,An explosion goes off and echoes ring out,10-20s,198.0,11.0,0.05555555555555555,6,0.8429434299468994,166.90279912948608,0.32132431864738464,0.08570513129234314,63.62221509218216,16.96961599588394,0.6222150921821594,0.3535731157060553,1.5426923632621765,0.4335291777818348,0.9142118692398071,1,1,0.36404988169670105,72.08187657594681,1.9181234240531921,15.17298173904419,2.7195163290258826,1.6802937908532223,0.0,0.2929588556289673,58.00585341453552,4.9941465854644775,0.06370644271373749,12.613875657320023,1.1467159688472748,0.13690217788063164,-2.68764328956604,-4.367937088012695,0.32132431864738464,63.62221509218216,0.6222150921821594,0.08570513129234314,16.96961599588394,1.5426923632621765,0.4335291777818348,-2.3672404289245605,-1.7785776853561401,-2.582614151145251,0.29662699990120317
bgbnu5YKTDg_3,bgbnu5YKTDg,An explosion goes off and echoes ring out,10-20s,198.0,11.0,0.05555555555555555,9,0.6701281666755676,132.6853770017624,0.0945749431848526,0.07658682763576508,18.725838750600815,15.164191871881485,0.7741612493991852,0.32972413183925436,1.3785628974437714,0.3210415778936766,0.9417105913162231,1,1,0.1608370691537857,31.84573969244957,2.1542603075504303,12.062307000160217,2.4900854665503855,0.7087647924817356,0.0,0.08155698329210281,16.148282691836357,3.351717308163643,0.06688240170478821,13.242715537548065,1.2038832306861877,0.18555235770342002,-2.6355953216552734,-3.344360113143921,0.0945749431848526,18.725838750600815,0.7741612493991852,0.07658682763576508,15.164191871881485,1.3785628974437714,0.3210415778936766,-2.489651679992676,-1.2299505472183228,-2.3045331088469654,0.13548922019025655
bgbnu5YKTDg_4,bgbnu5YKTDg,Someone speaks over the radio as an explosion goes off,2-5s,198.0,3.0,0.015151515151515152,4,0.07413875311613083,14.679473116993904,0.607618510723114,0.04649632051587105,120.30846512317657,9.206271462142467,0.8084651231765747,0.10862160692438258,3.068757154047489,1.1212726438158138,0.9265350103378296,1,1,0.5870380997657776,116.23354375362396,3.2664562463760376,4.893157705664635,1.5878378426612054,-2.5247858938815373,0.0,0.5889580845832825,116.61370074748993,2.886299252510071,0.039737503975629807,7.868025787174702,2.6226752623915672,0.9641948893285102,-3.1849112510681152,-0.660125195980072,0.607618510723114,120.30846512317657,0.8084651231765747,0.04649632051587105,9.206271462142467,3.068757154047489,1.1212726438158138,-3.0207700729370117,-0.9817081093788147,-0.6236429533326955,0.1570777544873037
bgbnu5YKTDg_4,bgbnu5YKTDg,Someone speaks over the radio as an explosion goes off,2-5s,198.0,3.0,0.015151515151515152,5,0.4456096887588501,88.23071837425232,0.6002275347709656,0.05141330137848854,118.84505188465118,10.179833672940731,0.6549481153488159,0.09823343210981186,3.3932778909802437,1.2217963837098602,0.10345514118671417,1,1,0.6909807920455933,136.81419682502747,10.814196825027466,29.410239458084106,3.381342894596141,-0.2184255400548803,0.0,0.8246564865112305,163.28198432922363,37.28198432922363,0.042532987892627716,8.421531602740288,2.8071772009134293,1.0321794236072037,-3.114011287689209,-2.895585775375366,0.6002275347709656,118.84505188465118,0.6549481153488159,0.05141330137848854,10.179833672940731,3.3932778909802437,1.2217963837098602,-2.91507625579834,-1.0963255167007446,-2.349163470988937,0.1896169601026565
bgbnu5YKTDg_4,bgbnu5YKTDg,Someone speaks over the radio as an explosion goes off,2-5s,198.0,3.0,0.015151515151515152,9,0.6701281666755676,132.6853770017624,0.10935898870229721,0.08375714719295502,21.653079763054848,16.583915144205093,0.6530797630548477,0.12059878397887598,5.527971714735031,1.7098209697256197,0.934162974357605,1,1,0.1608370691537857,31.84573969244957,10.84573969244957,44.22845900058746,3.789368450680646,0.7087647924817356,0.0,0.09278389811515808,18.3712118268013,2.6287881731987,0.07307497411966324,14.468844875693321,4.822948291897774,1.5733854198802386,-2.54038667678833,-3.2491514682769775,0.10935898870229721,21.653079763054848,0.6530797630548477,0.08375714719295502,16.583915144205093,5.527971714735031,1.7098209697256197,-2.392359972000122,-1.2410995960235596,-2.2159830308004076,0.13643554984538106
cPiSd5nJLrI_2,cPiSd5nJLrI,A woman screams and explosions rumble,2-5s,60.0,3.0,0.05,4,0.07413875311613083,4.44832518696785,0.550936758518219,0.02896357886493206,33.05620551109314,1.7378147318959236,0.5562055110931396,0.5792715772986412,0.5792715772986412,0.5459838659557635,0.9529277682304382,1,1,0.5870380997657776,35.222285985946655,2.7222859859466553,1.4827750623226166,0.393915374188771,-2.5247858938815373,0.0,0.5767436623573303,34.60461974143982,2.1046197414398193,0.04031812772154808,2.419087663292885,0.8063625544309616,0.2152218182206712,-3.1698007583618164,-0.6450146436691284,0.550936758518219,33.05620551109314,0.5562055110931396,0.02896357886493206,1.7378147318959236,0.5792715772986412,0.5459838659557635,-3.512324810028076,-1.4838253259658813,-0.6091371924094422,-0.3307620477350923
cPiSd5nJLrI_2,cPiSd5nJLrI,A woman screams and explosions rumble,2-5s,60.0,3.0,0.05,8,0.5322582125663757,31.935492753982544,0.5424118638038635,0.0413011834025383,32.54471182823181,2.478071004152298,0.04471182823181152,0.826023668050766,0.826023668050766,0.19113185205718503,0.9610396027565002,1,1,0.47813287377357483,28.68797242641449,3.8120275735855103,10.645164251327515,2.36510572813035,0.12921232615624365,0.0,0.49611935019493103,29.767161011695862,2.732838988304138,0.03565993532538414,2.1395961195230484,0.7131987065076828,0.33799520664078236,-3.2974162101745605,-3.426628589630127,0.5424118638038635,32.54471182823181,0.04471182823181152,0.0413011834025383,2.478071004152298,0.826023668050766,0.19113185205718503,-3.144685745239258,-1.6159974336624146,-2.703100934771132,0.1468633545835973
cPiSd5nJLrI_3,cPiSd5nJLrI,Explosions rumble and echoes follow,10-20s,60.0,13.0,0.21666666666666667,0,0.18933655321598053,11.360193192958832,0.7237423658370972,0.04992030933499336,43.42454195022583,2.9952185600996017,0.07545804977416992,0.23040142769996935,0.23040142769996935,1.4679321535651495,0.9601989388465881,1,1,0.6764324307441711,40.58594584465027,2.9140541553497314,0.8738610148429871,0.13483393789070663,-1.4543268461844807,0.0,0.700566291809082,42.03397750854492,1.4660224914550781,0.043650511652231216,2.619030699133873,0.20146389993337485,1.6021450703040598,-3.0869083404541016,-1.6325814723968506,0.7237423658370972,43.42454195022583,0.07545804977416992,0.04992030933499336,2.9952185600996017,0.23040142769996935,1.4679321535651495,-2.946117877960205,-1.1557574272155762,-1.4673111324133532,0.13421291673891036
cz0FSQDVBMw_1,cz0FSQDVBMw,Music plays,20s+,248.0,33.0,0.13306451612903225,1,0.3227500021457672,80.04200053215027,0.06294850260019302,0.022104309871792793,15.61122864484787,5.481868848204613,0.8887713551521301,0.1661172378243822,0.1661172378243822,1.7950614879500335,0.7160000801086426,1,1,0.44674772024154663,110.79343461990356,94.29343461990356,2.425515167640917,0.8860439420915046,-0.7411624414217115,0.0,0.21855619549751282,54.20193648338318,37.70193648338318,0.039522185921669006,9.801502108573914,0.2970152154113307,1.2139719111504859,-3.190568685531616,-2.449406147003174,0.06294850260019302,15.61122864484787,0.8887713551521301,0.022104309871792793,5.481868848204613,0.1661172378243822,1.7950614879500335,-3.78963041305542,-1.4511934518814087,-2.1000158532419904,-0.5810895767995478
cz0FSQDVBMw_3,cz0FSQDVBMw,A train whistles,5-10s,248.0,5.0,0.020161290322580645,4,0.07413875311613083,18.386410772800446,0.561703085899353,0.025085847824811935,139.30236530303955,6.22129026055336,0.19763469696044922,0.8036918051714997,1.244258052110672,0.2185394101928277,0.9646542072296143,1,1,0.5870380997657776,145.58544874191284,6.085448741912842,3.677282154560089,1.3021739343656618,-2.5247858938815373,0.0,0.549517035484314,136.28022480010986,3.2197751998901367,0.027916396036744118,6.923266217112541,1.3846532434225083,0.3254497425326409,-3.550227642059326,-1.0254417657852173,0.561703085899353,139.30236530303955,0.19763469696044922,0.025085847824811935,6.22129026055336,1.244258052110672,0.2185394101928277,-3.660045623779297,-1.4279626607894897,-0.9767241918330208,-0.10691033233981322
d6gu2w19YQo_1,d6gu2w19YQo,A baby laughs as a man screams,2-5s,102.0,2.0,0.0196078431372549,4,0.07413875311613083,7.5621528178453445,0.5841450691223145,0.0377393439412117,59.582797050476074,3.8494130820035934,0.5827970504760742,0.5195597244032364,1.9247065410017967,0.6547735098858066,0.8992310166358948,1,1,0.5870380997657776,59.877886176109314,0.877886176109314,3.7810764089226723,1.3300087333591057,-2.5247858938815373,0.0,0.6213603615760803,63.37875688076019,4.378756880760193,0.044868990778923035,4.5766370594501495,2.2883185297250748,0.8278172813648725,-3.0581016540527344,-0.5333155989646912,0.5841450691223145,59.582797050476074,0.5827970504760742,0.0377393439412117,3.8494130820035934,1.9247065410017967,0.6547735098858066,-3.238582134246826,-1.385664463043213,-0.5021914519942332,-0.17304377147906586
dYZSKX7vuRI_1,dYZSKX7vuRI,A man is talking and laughing,10-20s,300.0,16.0,0.05333333333333334,9,0.6701281666755676,201.0384500026703,0.03862130641937256,0.049680255353450775,11.586391925811768,14.904076606035233,0.4136080741882324,0.931504787877202,0.931504787877202,0.07095394898891332,0.9945892095565796,1,1,0.1608370691537857,48.25112074613571,36.25112074613571,12.564903125166893,2.5309074610706404,0.7087647924817356,0.0,0.03573457896709442,10.720373690128326,1.2796263098716736,0.04131093993782997,12.393281981348991,0.774580123834312,0.25543417213993436,-3.144439458847046,-3.8532042503356934,0.03862130641937256,11.586391925811768,0.4136080741882324,0.049680255353450775,14.904076606035233,0.931504787877202,0.07095394898891332,-2.951190948486328,-0.806366503238678,-2.786341633210575,0.18448022315102108
dkiwn2FdDVw_1,dkiwn2FdDVw,Gunshots ring out,5-10s,300.0,7.0,0.023333333333333334,7,0.8412365913391113,252.3709774017334,0.22435389459133148,0.03751356899738312,67.30616837739944,11.254070699214935,0.6938316226005554,0.3554269478935327,1.6077243856021337,0.4748197540770522,0.9603642821311951,1,1,0.27036458253860474,81.10937476158142,13.109374761581421,36.0529967716762,3.5849899884778367,1.6674578436475704,0.0,0.22515377402305603,67.54613220691681,0.4538677930831909,0.039501775056123734,11.85053251683712,1.6929332166910172,0.5264626556458541,-3.1911065578460693,-4.858564376831055,0.22435389459133148,67.30616837739944,0.6938316226005554,0.03751356899738312,11.254070699214935,1.6077243856021337,0.4748197540770522,-3.2448172569274902,-1.889986276626587,-3.0585273328319826,-0.05164290156880197
dlsiellSFf0_1,dlsiellSFf0,Music plays,10-20s,111.0,19.0,0.17117117117117117,7,0.8412365913391113,93.37726163864136,0.07843957096338272,0.2443303018808365,8.706792376935482,27.12066350877285,0.793207623064518,0.7005728305228955,1.427403342566992,0.3558569492691906,0.0986284539103508,1,1,0.27036458253860474,30.010468661785126,20.510468661785126,4.914592717823229,1.5922088850228429,1.6674578436475704,0.0,0.1868300437927246,20.73813486099243,11.238134860992432,0.32259491086006165,35.80803510546684,1.884633426603518,0.6337333333431467,-0.7418720722198486,-2.409329891204834,0.07843957096338272,8.706792376935482,0.793207623064518,0.2443303018808365,27.12066350877285,1.427403342566992,0.3558569492691906,-1.1290833950042725,-1.657995581626892,-0.9584755516796961,-0.27787638407395604
dmUOSyPXkUw_2,dmUOSyPXkUw,Steam blows as people talk,10-20s,230.0,11.0,0.04782608695652174,2,0.5923634171485901,136.24358594417572,0.9917437434196472,0.011079838499426842,228.10106098651886,2.5483628548681736,0.10106098651885986,0.42472714247802895,0.23166935044256123,1.462444137508407,0.009265780448913574,1,1,0.7359917759895325,169.27810847759247,21.22189152240753,12.385780540379612,2.516549083997813,0.3737442776905129,0.0,0.9722768068313599,223.62366557121277,4.3763344287872314,0.042331840842962265,9.736323393881321,0.8851203085346655,0.12203170136638344,-3.118961811065674,-3.492706060409546,0.9917437434196472,228.10106098651886,0.10106098651885986,0.011079838499426842,2.5483628548681736,0.23166935044256123,1.462444137508407,-4.491486549377441,-1.0940380096435547,-2.6385807853641965,-1.3404124361420235
dxow2DcTrwk_1,dxow2DcTrwk,Wind howls as thunder rumbles,5-10s,156.0,6.0,0.038461538461538464,8,0.5322582125663757,83.03228116035461,0.5165955424308777,0.05164242908358574,80.58890461921692,8.056218937039375,0.41109538078308105,0.496510836070945,1.3427031561732292,0.2946848627106013,0.9226431846618652,1,1,0.47813287377357483,74.58872830867767,6.411271691322327,13.838713526725769,2.627469992597841,0.12921232615624365,0.0,0.4870893657207489,75.98594105243683,5.014058947563171,0.03787150979042053,5.907955527305603,0.9846592545509338,0.015459632125235575,-3.2349488735198975,-3.364161252975464,0.5165955424308777,80.58890461921692,0.41109538078308105,0.05164242908358574,8.056218937039375,1.3427031561732292,0.2946848627106013,-2.9103879928588867,-1.3000041246414185,-2.6429296247230765,0.31014449483583684
e2rScj9UyMs_1,e2rScj9UyMs,Wings flap,5-10s,225.0,5.0,0.022222222222222223,0,0.18933655321598053,42.60072447359562,0.7002038955688477,0.03838269039988518,157.54587650299072,8.636105339974165,0.5458765029907227,0.46317174727884525,1.727221067994833,0.5465137979178253,0.9298834800720215,1,1,0.6764324307441711,152.1972969174385,4.197296917438507,8.520144894719124,2.142433347119049,-1.4543268461844807,0.0,0.6962146759033203,156.64830207824707,0.3516979217529297,0.027764173224568367,6.246938975527883,1.2493877951055765,0.22265366742515041,-3.555851936340332,-2.101525068283081,0.7002038955688477,157.54587650299072,0.5458765029907227,0.03838269039988518,8.636105339974165,1.727221067994833,0.5465137979178253,-3.2210099697113037,-0.9296862483024597,-1.9197796796938988,0.32386013049267487
e4ph6bIC5zc_2,e4ph6bIC5zc,A man talks and laughs while the engine hums in the background,5-10s,258.0,6.0,0.023255813953488372,3,0.4910241663455963,126.68423491716385,0.9415495991706848,0.026101848110556602,242.91979658603668,6.734276812523603,0.41979658603668213,0.4454821331996568,1.122379468753934,0.11545095736683228,0.9464573860168457,1,1,0.7619823217391968,196.59143900871277,44.59143900871277,21.11403915286064,3.049938181921218,-0.0359071921279591,0.0,0.9728514552116394,250.99567544460297,8.495675444602966,0.033871542662382126,8.738858006894588,1.4564763344824314,0.37602004907555214,-3.350721597671509,-3.314814329147339,0.9415495991706848,242.91979658603668,0.41979658603668213,0.026101848110556602,6.734276812523603,1.122379468753934,0.11545095736683228,-3.619300603866577,-1.00309157371521,-2.673918132845666,-0.2605690917087199
e4ph6bIC5zc_2,e4ph6bIC5zc,A man talks and laughs while the engine hums in the background,5-10s,258.0,6.0,0.023255813953488372,6,0.8429434299468994,217.47940492630005,0.24128498136997223,0.021106692031025887,62.251525193452835,5.445526544004679,0.7484748065471649,0.36727394198489866,0.9075877573341131,0.09696501522195348,0.8618643283843994,1,1,0.36404988169670105,93.92486947774887,30.92486947774887,36.246567487716675,3.5903446868232805,1.6802937908532223,0.0,0.241346538066864,62.267406821250916,0.7325931787490845,0.023778142407536507,6.134760741144419,1.0224601235240698,0.022211609175874288,-3.714923143386841,-5.395216941833496,0.24128498136997223,62.251525193452835,0.7484748065471649,0.021106692031025887,5.445526544004679,0.9075877573341131,0.09696501522195348,-3.8368325233459473,-1.562096357345581,-3.5681330776474063,-0.11917662439782784
eUecAF626A8_3,eUecAF626A8,Engine noise rumbles as a man speaks through a loudspeaker,10-20s,299.0,19.0,0.06354515050167224,4,0.07413875311613083,22.167487181723118,0.5745941996574402,0.04241190105676651,171.80366569757462,12.681158415973186,0.3036656975746155,0.3942857455121766,0.6674293903143782,0.4043216766036316,0.9605817794799805,1,1,0.5870380997657776,175.5243918299675,4.024391829967499,1.1667098516696377,0.15418769485902586,-2.5247858938815373,0.0,0.5667954087257385,169.47182720899582,2.028172791004181,0.038857318460941315,11.618338219821453,0.6114914852537607,0.49185424831201713,-3.208226442337036,-0.6834403872489929,0.5745941996574402,171.80366569757462,0.3036656975746155,0.04241190105676651,12.681158415973186,0.6674293903143782,0.4043216766036316,-3.1169886589050293,-1.1547129154205322,-0.6460419431710431,0.08753257170838562
eYbFtxZmKL4_2,eYbFtxZmKL4,A horse gallops as a man makes a broadcast,10-20s,299.0,12.0,0.04013377926421405,0,0.18933655321598053,56.61162941157818,0.7323716282844543,0.03835631161928177,218.97911685705185,11.468537174165249,0.9791168570518494,0.8328208592261179,0.9557114311804374,0.045299261726353915,0.9601958394050598,1,1,0.6764324307441711,202.25329679250717,15.746703207492828,4.7176357842981815,1.5513077809514155,-1.4543268461844807,0.0,0.7193218469619751,215.07723224163055,2.922767758369446,0.03510509058833122,10.496422085911036,0.8747018404925863,0.133872204417023,-3.3136730194091797,-1.8593460321426392,0.7323716282844543,218.97911685705185,0.9791168570518494,0.03835631161928177,11.468537174165249,0.9557114311804374,0.045299261726353915,-3.2217249870300293,-1.1407338380813599,-1.6851799853684384,0.08857294269066891
elztUCeNQvQ_1,elztUCeNQvQ,A train whistles and passes by,2-5s,299.0,4.0,0.013377926421404682,0,0.18933655321598053,56.61162941157818,0.6356016993522644,0.023881103843450546,190.04490810632706,7.140450049191713,0.9550918936729431,0.560188779760849,1.7851125122979283,0.5794814453448428,0.9642634391784668,1,1,0.6764324307441711,202.25329679250717,11.253296792507172,14.152907352894545,2.649920069619525,-1.4543268461844807,0.0,0.6612207889556885,197.70501589775085,6.7050158977508545,0.03537812456488609,10.578059244900942,2.6445148112252355,0.9724876122740426,-3.305642604827881,-1.8513158559799194,0.6356016993522644,190.04490810632706,0.9550918936729431,0.023881103843450546,7.140450049191713,1.7851125122979283,0.5794814453448428,-3.7104969024658203,-1.7903019189834595,-1.6774324573454826,-0.39300616692919976
elztUCeNQvQ_2,elztUCeNQvQ,A woman speaks as a door slides open,2-5s,299.0,3.0,0.010033444816053512,0,0.18933655321598053,56.61162941157818,0.7403263449668884,0.017974473536014557,221.35757714509964,5.3743675872683525,0.3575771450996399,0.37213680819635686,1.791455862422784,0.5830286202407178,0.7440147399902344,1,1,0.6764324307441711,202.25329679250717,18.74670320749283,18.870543137192726,2.9376021420713063,-1.4543268461844807,0.0,0.7339011430740356,219.43644177913666,1.5635582208633423,0.02988312765955925,8.935055170208216,2.9783517234027386,1.0913700345418142,-3.4801225662231445,-2.0257956981658936,0.7403263449668884,221.35757714509964,0.3575771450996399,0.017974473536014557,5.3743675872683525,1.791455862422784,0.5830286202407178,-4.000664710998535,-1.2875018119812012,-1.8462321075294919,-0.5083414143010965
elztUCeNQvQ_2,elztUCeNQvQ,A woman speaks as a door slides open,2-5s,299.0,3.0,0.010033444816053512,4,0.07413875311613083,22.167487181723118,0.4271869957447052,0.02494213730096817,127.72891172766685,7.457699052989483,0.22891172766685486,0.4022688470913055,2.4858996843298278,0.9106346400337295,0.016498081386089325,1,1,0.5870380997657776,175.5243918299675,45.4756081700325,7.389162393907706,2.000014385357357,-2.5247858938815373,0.0,0.6342222690582275,189.63245844841003,31.367541551589966,0.027933336794376373,8.352067701518536,2.7840225671728454,1.0238968484640485,-3.5496034622192383,-1.0248175859451294,0.4271869957447052,127.72891172766685,0.22891172766685486,0.02494213730096817,7.457699052989483,2.4858996843298278,0.9106346400337295,-3.665938138961792,-0.6876521706581116,-0.9761175368933084,-0.11326220843031902
elztUCeNQvQ_4,elztUCeNQvQ,A train passes by,20s+,299.0,49.0,0.16387959866220736,0,0.18933655321598053,56.61162941157818,0.6784895062446594,0.10713081061840057,202.86836236715317,32.03211237490177,0.13163763284683228,0.8741228075217086,0.653716579079628,0.42508138677649737,0.9007371068000793,1,1,0.6764324307441711,202.25329679250717,0.7467032074928284,1.1553393757464934,0.14439413262878917,-1.4543268461844807,0.0,0.6988449096679688,208.95462799072266,5.954627990722656,0.11552148312330246,34.540923453867435,0.7049168051809681,0.34967548996872905,-2.0355417728424072,-0.581214964389801,0.6784895062446594,202.86836236715317,0.13163763284683228,0.10713081061840057,32.03211237490177,0.653716579079628,0.42508138677649737,-2.120389461517334,-1.0282505750656128,-0.4940696225975183,-0.0754058968077683
eu5bq0A3XVQ_1,eu5bq0A3XVQ,A man speaks after belching,10-20s,300.0,14.0,0.04666666666666667,7,0.8412365913391113,252.3709774017334,0.20577986538410187,0.035974737256765366,61.73395961523056,10.79242117702961,0.2339596152305603,0.09265761441263816,0.7708872269306865,0.26021318468948956,0.9006471037864685,1,1,0.27036458253860474,81.10937476158142,8.390625238418579,18.0264983858381,2.8918428079178917,1.6674578436475704,0.0,0.15751448273658752,47.25434482097626,14.245655179023743,0.039571378380060196,11.871413514018059,0.8479581081441471,0.16492404518390386,-3.1892735958099365,-4.856731414794922,0.20577986538410187,61.73395961523056,0.2339596152305603,0.035974737256765366,10.79242117702961,0.7708872269306865,0.26021318468948956,-3.2883005142211914,-1.6005741357803345,-3.0567668531017955,-0.09528913950558573
eu5bq0A3XVQ_2,eu5bq0A3XVQ,A plastic bottle of a fizzy drink pops open,2-5s,300.0,2.0,0.006666666666666667,6,0.8429434299468994,252.88302898406982,0.3381316363811493,0.026432424783706665,101.43949091434479,7.9297274351119995,0.5605090856552124,0.25221547857297216,3.9648637175559998,1.377471483135699,0.947060763835907,1,1,0.36404988169670105,109.21496450901031,7.214964509010315,126.44151449203491,4.839779865225974,1.6802937908532223,0.0,0.28742989897727966,86.2289696931839,15.771030306816101,0.026388121768832207,7.916436530649662,3.958218265324831,1.3757939910173858,-3.6080987453460693,-5.288392543792725,0.3381316363811493,101.43949091434479,0.5605090856552124,0.026432424783706665,7.9297274351119995,3.9648637175559998,1.377471483135699,-3.6063756942749023,-1.3962732553482056,-3.463985874208588,0.0016774921183133173
eu5bq0A3XVQ_3,eu5bq0A3XVQ,A man talks and claps,2-5s,300.0,3.0,0.01,8,0.5322582125663757,159.67746376991272,0.4983227550983429,0.0411296971142292,149.49682652950287,12.33890913426876,0.0031734704971313477,0.2431333246200932,4.11296971142292,1.414145325112959,0.8728963136672974,1,1,0.47813287377357483,143.43986213207245,6.060137867927551,53.22582125663757,3.9745436405644505,0.12921232615624365,0.0,0.49149808287620544,147.44942486286163,2.0505751371383667,0.03399474918842316,10.198424756526947,3.3994749188423157,1.223620984061092,-3.3469631671905518,-3.476175546646118,0.4983227550983429,149.49682652950287,0.0031734704971313477,0.0411296971142292,12.33890913426876,4.11296971142292,1.414145325112959,-3.1490254402160645,-1.0431960821151733,-2.750922656503358,0.19052434105186683
fGGYeXR_LS8_1,fGGYeXR_LS8,Rain falls,2-5s,127.0,4.0,0.031496062992125984,9,0.6701281666755676,85.10627716779709,0.014397530816495419,0.02608058787882328,1.8284864136949182,3.3122346606105566,0.17151358630508184,0.8280586651526392,0.8280586651526392,0.18867127547311363,0.9728198647499084,1,1,0.1608370691537857,20.426307782530785,18.426307782530785,21.276569291949272,3.0576064339929214,0.7087647924817356,0.0,0.030029011890292168,3.8136845100671053,1.8136845100671053,0.03413316607475281,4.334912091493607,1.0837280228734016,0.0804069701281292,-3.342756509780884,-4.051521301269531,0.014397530816495419,1.8284864136949182,0.17151358630508184,0.02608058787882328,3.3122346606105566,0.8280586651526392,0.18867127547311363,-3.6201372146606445,-1.1689409017562866,-2.977199463864792,-0.26907824560124277
fGGYeXR_LS8_3,fGGYeXR_LS8,Whistling drifts through the air,20s+,127.0,36.0,0.28346456692913385,1,0.3227500021457672,40.989250272512436,0.23302164673805237,0.028636222705245018,29.59374913573265,3.6368002835661173,0.5937491357326508,0.1515333451485882,0.10102223009905881,2.292414686368646,0.045734260231256485,1,1,0.44674772024154663,56.73696047067642,27.736960470676422,1.1385902853475676,0.12979090539548394,-0.7411624414217115,0.0,0.4952574372291565,62.897694528102875,33.897694528102875,0.023342467844486237,2.964493416249752,0.08234703934027089,2.4968127751569265,-3.7338616847991943,-2.992699146270752,0.23302164673805237,29.59374913573265,0.5937491357326508,0.028636222705245018,3.6368002835661173,0.10102223009905881,2.292414686368646,-3.5240285396575928,-0.889082133769989,-2.6266036805524102,0.2043980887882809
fPqj3nnwQOI_1,fPqj3nnwQOI,Music plays and waves lap as a man shouts and groans,2-5s,280.0,3.0,0.010714285714285714,5,0.4456096887588501,124.77071285247803,0.823939323425293,0.08890333026647568,230.70301055908203,24.89293247461319,0.7030105590820312,0.08034408971460796,8.297644158204397,2.1159716381524727,0.2837004065513611,1,1,0.6909807920455933,193.4746217727661,36.52537822723389,41.590237617492676,3.727865467070855,-0.2184255400548803,0.0,0.8246994614601135,230.9158492088318,0.9158492088317871,0.07465913891792297,20.904558897018433,6.9681862990061445,1.9413549755599189,-2.5172293186187744,-2.2988038063049316,0.823939323425293,230.70301055908203,0.7030105590820312,0.08890333026647568,24.89293247461319,8.297644158204397,2.1159716381524727,-2.327099323272705,-0.9208646416664124,-1.7865104915109362,0.17461666259255357
fWvWhLJ5Fow_1,fWvWhLJ5Fow,Spray bursts,2-5s,128.0,4.0,0.03125,6,0.8429434299468994,107.89675903320312,0.3199629485607147,0.03164076432585716,40.955257415771484,4.050017833709717,0.044742584228515625,0.9780121296267819,1.0125044584274292,0.01242692337397754,0.9410563111305237,1,1,0.36404988169670105,46.598384857177734,5.598384857177734,26.97418975830078,3.2948804739294446,1.6802937908532223,0.0,0.29755887389183044,38.0875358581543,2.912464141845703,0.02651655673980713,3.3941192626953125,0.8485298156738281,0.16425005565141546,-3.603111505508423,-5.283405303955078,0.3199629485607147,40.955257415771484,0.044742584228515625,0.03164076432585716,4.050017833709717,1.0125044584274292,0.01242692337397754,-3.421156883239746,-1.3954871892929077,-3.45913052958086,0.17667697902539298
fWvWhLJ5Fow_2,fWvWhLJ5Fow,Gunfire erupts,5-10s,128.0,8.0,0.0625,0,0.18933655321598053,24.235078811645508,0.6836065053939819,0.060044579207897186,87.50163269042969,7.68570613861084,0.4983673095703125,0.8805049412595702,0.960713267326355,0.040079283600019194,0.9730827808380127,1,1,0.6764324307441711,86.5833511352539,1.4166488647460938,3.0293848514556885,1.1083595795885106,-1.4543268461844807,0.0,0.6774917244911194,86.71894073486328,1.2810592651367188,0.05124542489647865,6.559414386749268,0.8199267983436584,0.19854021302128141,-2.9185237884521484,-1.464196801185608,0.6836065053939819,87.50163269042969,0.4983673095703125,0.060044579207897186,7.68570613861084,0.960713267326355,0.040079283600019194,-2.7507452964782715,-1.2943108081817627,-1.306899792609792,0.1584609294212622
fYTZVxQ8LJk_3,fYTZVxQ8LJk,A child and man talk while a woman laughs,2-5s,95.0,2.0,0.021052631578947368,2,0.5923634171485901,56.27452462911606,0.9605134725570679,0.02459162101149559,91.24877989292145,2.336203996092081,0.7487798929214478,0.38037527136114385,1.1681019980460405,0.1553802076874594,0.14410750567913055,1,1,0.7359917759895325,69.91921871900558,7.080781280994415,28.13726231455803,3.3370947589135835,0.3737442776905129,0.0,0.9795923829078674,93.0612763762474,2.561276376247406,0.028130609542131424,2.6724079065024853,1.3362039532512426,0.2898327230823537,-3.542363166809082,-3.916107416152954,0.9605134725570679,91.24877989292145,0.7487798929214478,0.02459162101149559,2.336203996092081,1.1681019980460405,0.1553802076874594,-3.680450439453125,-1.0469657182693481,-3.04726203583123,-0.13445251539489425
fYTZVxQ8LJk_3,fYTZVxQ8LJk,A child and man talk while a woman laughs,2-5s,95.0,2.0,0.021052631578947368,3,0.4910241663455963,46.64729580283165,0.8749943971633911,0.0786174014210701,83.12446773052216,7.468653135001659,0.8755322694778442,0.267785899793237,3.7343265675008297,1.317567499115573,0.8777673840522766,1,1,0.7619823217391968,72.3883205652237,4.611679434776306,23.323647901415825,3.149467777268251,-0.0359071921279591,0.0,0.8828113675117493,83.86707991361618,0.13292008638381958,0.07372790575027466,7.0041510462760925,3.5020755231380463,1.2533557993472988,-2.5307867527008057,-2.4948794841766357,0.8749943971633911,83.12446773052216,0.8755322694778442,0.0786174014210701,7.468653135001659,3.7343265675008297,1.317567499115573,-2.461282253265381,-1.374562382698059,-1.8961119779209525,0.06421169976827423
fmEft49sPfE_1,fmEft49sPfE,Music is playing as instruments join in,20s+,300.0,43.0,0.14333333333333334,2,0.5923634171485901,177.70902514457703,0.9946610331535339,0.012318265624344349,298.3983099460602,3.6954796873033047,0.8983099460601807,0.6575290048440333,0.08594138807682104,2.454089749068948,0.023453274741768837,1,1,0.7359917759895325,220.79753279685974,20.70246720314026,4.13276802661807,1.4189474068356267,0.3737442776905129,0.0,0.9777361750602722,293.32085251808167,4.179147481918335,0.03855757787823677,11.567273363471031,0.269006357290024,1.3130202666111377,-3.2162818908691406,-3.5900261402130127,0.9946610331535339,298.3983099460602,0.8983099460601807,0.012318265624344349,3.6954796873033047,0.08594138807682104,2.454089749068948,-4.38427734375,-1.0071735382080078,-2.7319676734467646,-1.1410694824578103
fmEft49sPfE_3,fmEft49sPfE,A woman sings along with the music,20s+,300.0,23.0,0.07666666666666666,0,0.18933655321598053,56.80096596479416,0.5104020833969116,0.04835061356425285,153.1206250190735,14.505184069275856,0.8793749809265137,0.827290432350858,0.6306601769250372,0.46098810837936455,0.146088644862175,1,1,0.6764324307441711,202.92972922325134,38.57027077674866,2.4696072158606155,0.9040591160757807,-1.4543268461844807,0.0,0.7107664942741394,213.22994828224182,28.27005171775818,0.06268523633480072,18.805570900440216,0.8176335174104442,0.2013410654971761,-2.704893112182617,-1.2505663633346558,0.5104020833969116,153.1206250190735,0.8793749809265137,0.04835061356425285,14.505184069275856,0.6306601769250372,0.46098810837936455,-2.97971773147583,-0.9276915788650513,-1.105400181572957,-0.2596470428821883
fmEft49sPfE_3,fmEft49sPfE,A woman sings along with the music,20s+,300.0,23.0,0.07666666666666666,7,0.8412365913391113,252.3709774017334,0.10690965503454208,0.04840443283319473,32.072896510362625,14.52132984995842,0.9271034896373749,0.6600604477253827,0.6313621673894965,0.45987562326367426,0.9341531991958618,1,1,0.27036458253860474,81.10937476158142,48.10937476158142,10.972651191379713,2.3954059216040005,1.6674578436475704,0.0,0.11162477731704712,33.487433195114136,0.48743319511413574,0.06332623958587646,18.99787187576294,0.8259944293809973,0.19116724957470274,-2.694035291671753,-4.361493110656738,0.10690965503454208,32.072896510362625,0.9271034896373749,0.04840443283319473,14.52132984995842,0.6313621673894965,0.45987562326367426,-2.978548765182495,-1.7847318649291992,-2.5865731711787032,-0.2687083736889715
frOqlk0Wm5Y_1,frOqlk0Wm5Y,Something is set down as a man talks,0-2s,109.0,1.0,0.009174311926605505,0,0.18933655321598053,20.637684300541878,0.7353256940841675,0.03802420571446419,80.15050065517426,4.1446384228765965,0.34949934482574463,0.24127557050102033,4.1446384228765965,1.4218155526656926,0.9291986227035522,1,1,0.6764324307441711,73.73113495111465,6.7688650488853455,20.637684300541878,3.027118739577873,-1.4543268461844807,0.0,0.7265355587005615,79.1923758983612,1.307624101638794,0.03382048383355141,3.6864327378571033,3.6864327378571033,1.304659252752052,-3.352283000946045,-1.8979562520980835,0.7353256940841675,80.15050065517426,0.34949934482574463,0.03802420571446419,4.1446384228765965,4.1446384228765965,1.4218155526656926,-3.2307662963867188,-1.2367240190505981,-1.7224594868258212,0.11715629991364068
frOqlk0Wm5Y_3,frOqlk0Wm5Y,A man speaks while an engine roars,2-5s,109.0,3.0,0.027522935779816515,2,0.5923634171485901,64.56761246919632,0.982491672039032,0.017064861953258514,107.09159225225449,1.860069952905178,0.5915922522544861,0.6084280372945787,0.6200233176350594,0.47799819256139847,0.32410815358161926,1,1,0.7359917759895325,80.22310358285904,26.27689641714096,21.522537489732105,3.069100641434022,0.3737442776905129,0.0,0.9893738627433777,107.84175103902817,1.3417510390281677,0.018754858523607254,2.0442795790731907,0.6814265263577303,0.38356684531174473,-3.957369565963745,-4.331113815307617,0.982491672039032,107.09159225225449,0.5915922522544861,0.017064861953258514,1.860069952905178,0.6200233176350594,0.47799819256139847,-4.053521633148193,-0.900624692440033,-3.452667486745767,-0.09443134724965369
frOqlk0Wm5Y_3,frOqlk0Wm5Y,A man speaks while an engine roars,2-5s,109.0,3.0,0.027522935779816515,3,0.4910241663455963,53.52163413167,0.9755616784095764,0.02940833568572998,106.33622294664383,3.205508589744568,0.16377705335617065,0.8997241808531902,1.0685028632481892,0.06625847546293602,0.9054054617881775,1,1,0.7619823217391968,83.05607306957245,23.44392693042755,17.840544710556667,2.8814736597886896,-0.0359071921279591,0.0,0.975529670715332,106.33273410797119,0.1672658920288086,0.03349725902080536,3.651201233267784,1.217067077755928,0.19644392978798955,-3.362220525741577,-3.3263132572174072,0.9755616784095764,106.33622294664383,0.16377705335617065,0.02940833568572998,3.205508589744568,1.0685028632481892,0.06625847546293602,-3.4966275691986084,-0.9015926718711853,-2.6850297300007,-0.13018545432505352
fwhkCnOeyC0_1,fwhkCnOeyC0,"People applaud as a bell rings, a cat meows, and a dog barks",2-5s,299.0,2.0,0.006688963210702341,3,0.4910241663455963,146.8162257373333,0.9051691293716431,0.019840121269226074,270.6455696821213,5.932196259498596,0.6455696821212769,0.33714326237902403,2.966098129749298,1.0872473280468355,0.9509888291358948,1,1,0.7619823217391968,227.83271420001984,13.332714200019836,73.40811286866665,4.296034459058397,-0.0359071921279591,0.0,0.9260220527648926,276.8805937767029,6.880593776702881,0.02237093448638916,6.688909411430359,3.3444547057151794,1.2073036625679443,-3.7773678302764893,-3.7414605617523193,0.9051691293716431,270.6455696821213,0.6455696821212769,0.019840121269226074,5.932196259498596,2.966098129749298,1.0872473280468355,-3.9000093936920166,-1.1444156169891357,-3.0887307964904527,-0.1200563345211087
gbi6MxPf3hA_1,gbi6MxPf3hA,Someone walks while a man speaks and cars go by,2-5s,65.0,4.0,0.06153846153846154,6,0.8429434299468994,54.79132294654846,0.1602543741464615,0.06098537892103195,10.416534319519997,3.964049629867077,0.5834656804800034,0.7444017543936851,0.9910124074667692,0.009028224582423324,0.01948130689561367,1,1,0.36404988169670105,23.66324231028557,12.663242310285568,13.697830736637115,2.6172374799054645,1.6802937908532223,0.0,0.26070401072502136,16.94576069712639,5.9457606971263885,0.053391724824905396,3.4704621136188507,0.8676155284047127,0.14200660207442725,-2.875229597091675,-4.55552339553833,0.1602543741464615,10.416534319519997,0.5834656804800034,0.06098537892103195,3.964049629867077,0.9910124074667692,0.009028224582423324,-2.734196901321411,-0.8838353157043457,-2.7592440819798916,0.13297837749200403
gbi6MxPf3hA_1,gbi6MxPf3hA,Someone walks while a man speaks and cars go by,2-5s,65.0,4.0,0.06153846153846154,9,0.6701281666755676,43.558330833911896,0.02762935496866703,0.034129101783037186,1.795908072963357,2.218391615897417,0.20409192703664303,0.5545979039743543,0.5545979039743543,0.5895119251542397,0.7163899540901184,1,1,0.1608370691537857,10.45440949499607,0.5455905050039291,10.889582708477974,2.387806617429967,0.7087647924817356,0.0,0.03991547226905823,2.594505697488785,0.5945056974887848,0.046682339161634445,3.034352045506239,0.7585880113765597,0.27629645346866866,-3.0165822505950928,-3.7253470420837402,0.02762935496866703,1.795908072963357,0.20409192703664303,0.034129101783037186,2.218391615897417,0.5545979039743543,0.5895119251542397,-3.3428797721862793,-1.3971558809280396,-2.6641030708986357,-0.31321547168557107
gbi6MxPf3hA_2,gbi6MxPf3hA,"As cars go by, brakes squeal, paper rustles, someone walks, and a man speaks",2-5s,65.0,4.0,0.06153846153846154,7,0.8412365913391113,54.680378437042236,0.16277463734149933,0.04805457964539528,10.580351427197456,3.123547676950693,0.41964857280254364,0.7808869192376733,0.7808869192376733,0.24732492933397773,0.9318598508834839,1,1,0.27036458253860474,17.573697865009308,6.573697865009308,13.670094609260559,2.6152105716526957,1.6674578436475704,0.0,0.1394454687833786,9.063955470919609,1.936044529080391,0.04096376523375511,2.6626447401940823,0.6656611850485206,0.4069744690477257,-3.153240919113159,-4.8206987380981445,0.16277463734149933,10.580351427197456,0.41964857280254364,0.04805457964539528,3.123547676950693,0.7808869192376733,0.24732492933397773,-2.9861702919006348,-1.5595252513885498,-3.022185040700421,0.15964953971374798
gbi6MxPf3hA_4,gbi6MxPf3hA,Music plays as a woman speaks,5-10s,65.0,8.0,0.12307692307692308,2,0.5923634171485901,38.503622114658356,0.8747038841247559,0.03255416452884674,56.85575246810913,2.116020694375038,0.14424753189086914,0.26450258679687977,0.26450258679687977,1.3299042477812102,0.2493027001619339,1,1,0.7359917759895325,47.83946543931961,9.16053456068039,4.8129527643322945,1.5713107760887892,0.3737442776905129,0.0,0.9730548858642578,63.24856758117676,6.248567581176758,0.04079894721508026,2.651931568980217,0.3314914461225271,1.1041532732410917,-3.157444477081299,-3.531188726425171,0.8747038841247559,56.85575246810913,0.14424753189086914,0.03255416452884674,2.116020694375038,0.26450258679687977,1.3299042477812102,-3.391754150390625,-1.0788952112197876,-2.675464049329881,-0.22575097454011864
gbi6MxPf3hA_4,gbi6MxPf3hA,Music plays as a woman speaks,5-10s,65.0,8.0,0.12307692307692308,3,0.4910241663455963,31.91657081246376,0.8846184015274048,0.13664181530475616,57.50019609928131,8.88171799480915,0.500196099281311,0.8881125115834003,1.1102147493511438,0.10455346449565855,0.9688753485679626,1,1,0.7619823217391968,49.52885091304779,7.4711490869522095,3.98957135155797,1.383683794443457,-0.0359071921279591,0.0,0.9093278050422668,59.106307327747345,2.106307327747345,0.184178426861763,11.971597746014595,1.4964497182518244,0.40309544818170445,-1.4882906675338745,-1.4523833990097046,0.8846184015274048,57.50019609928131,0.500196099281311,0.13664181530475616,8.88171799480915,1.1102147493511438,0.10455346449565855,-1.8434666395187378,-1.0683399438858032,-0.9805883462617524,-0.298541983686046
gbi6MxPf3hA_4,gbi6MxPf3hA,Music plays as a woman speaks,5-10s,65.0,8.0,0.12307692307692308,5,0.4456096887588501,28.964629769325256,0.8741006851196289,0.08712440729141235,56.81654453277588,5.663086473941803,0.1834554672241211,0.7078858092427254,0.7078858092427254,0.34547248467679564,0.9663134813308716,1,1,0.6909807920455933,44.91375148296356,12.086248517036438,3.620578721165657,1.2866338807855162,-0.2184255400548803,0.0,0.8304944634437561,53.98214012384415,3.0178598761558533,0.10530097037553787,6.844563074409962,0.8555703843012452,0.15598691632662706,-2.139664649963379,-1.9212391376495361,0.8741006851196289,56.81654453277588,0.1834554672241211,0.08712440729141235,5.663086473941803,0.7078858092427254,0.34547248467679564,-2.3492624759674072,-1.4390016794204712,-1.4426207971121434,-0.1894855683501686
gf6H_MWCqjw_2,gf6H_MWCqjw,Birds are chirping,5-10s,119.0,7.0,0.058823529411764705,1,0.3227500021457672,38.4072502553463,0.32032012939453125,0.03711111471056938,38.11809539794922,4.416222650557756,0.6180953979492188,0.7679040900708395,0.6308889500796795,0.4606254222940541,0.9003180265426636,1,1,0.44674772024154663,53.16297870874405,3.837021291255951,5.486750036478043,1.7023361014492189,-0.7411624414217115,0.0,0.3242948055267334,38.591081857681274,1.0910818576812744,0.03224175050854683,3.8367683105170727,0.5481097586452961,0.6012797225906698,-3.4017200469970703,-2.660557508468628,0.32032012939453125,38.11809539794922,0.6180953979492188,0.03711111471056938,4.416222650557756,0.6308889500796795,0.4606254222940541,-3.256021499633789,-1.0668443441390991,-2.3036158240398885,0.1406543002966156
gf6H_MWCqjw_2,gf6H_MWCqjw,Birds are chirping,5-10s,119.0,7.0,0.058823529411764705,6,0.8429434299468994,100.31026816368103,0.22151263058185577,0.03751000389456749,26.360003039240837,4.463690463453531,0.1399969607591629,0.22402987128867932,0.6376700662076473,0.44993426700468464,0.917094349861145,1,1,0.36404988169670105,43.321935921907425,1.178064078092575,14.33003830909729,2.6623579151859342,1.6802937908532223,0.0,0.2396179586648941,28.5145370811224,2.0145370811223984,0.061298537999391556,7.294526021927595,1.0420751459896564,0.041214057803471066,-2.728741407394409,-4.4090352058410645,0.22151263058185577,26.360003039240837,0.1399969607591629,0.03751000389456749,4.463690463453531,0.6376700662076473,0.44993426700468464,-3.2449159622192383,-2.048870325088501,-2.6211438573824632,-0.49114832480815573
gf6H_MWCqjw_2,gf6H_MWCqjw,Birds are chirping,5-10s,119.0,7.0,0.058823529411764705,8,0.5322582125663757,63.33872729539871,0.36709943413734436,0.029389051720499992,43.68483266234398,3.497297154739499,0.8151673376560211,0.6780422703608994,0.49961387924849987,0.6939197203950145,0.8991901874542236,1,1,0.47813287377357483,56.897811979055405,0.10218802094459534,9.048389613628387,2.202586798632575,0.12921232615624365,0.0,0.40166354179382324,47.797961473464966,3.297961473464966,0.04561784863471985,5.428523987531662,0.7755034267902374,0.2542428775613317,-3.0407650470733643,-3.1699774265289307,0.36709943413734436,43.68483266234398,0.8151673376560211,0.029389051720499992,3.497297154739499,0.49961387924849987,0.6939197203950145,-3.4973034858703613,-1.6040526628494263,-2.4568296761939066,-0.43967684283368275
ggN4-K5AgoM_1,ggN4-K5AgoM,Water flows,20s+,100.0,32.0,0.32,1,0.3227500021457672,32.27500021457672,0.4992528557777405,0.183989480137825,49.92528557777405,18.3989480137825,0.9252855777740479,0.5749671254307032,0.5749671254307032,0.5534424129832287,0.9204885363578796,1,1,0.44674772024154663,44.67477202415466,4.325227975845337,1.0085937567055225,0.008557040581367581,-0.7411624414217115,0.0,0.4781620502471924,47.81620502471924,1.1837949752807617,0.13310673832893372,13.310673832893372,0.41595855727791786,0.8771696456115498,-1.8737645149230957,-1.1326019763946533,0.4992528557777405,49.92528557777405,0.9252855777740479,0.183989480137825,18.3989480137825,0.5749671254307032,0.5534424129832287,-1.489548683166504,-1.0508249998092651,-0.8857266861929173,0.32372723262832104
ggN4-K5AgoM_1,ggN4-K5AgoM,Water flows,20s+,100.0,32.0,0.32,3,0.4910241663455963,49.10241663455963,0.9418538212776184,0.0404839850962162,94.18538212776184,4.04839850962162,0.6853821277618408,0.7368763140721383,0.12651245342567563,2.067414529607285,0.8157661557197571,1,1,0.7619823217391968,76.19823217391968,2.3017678260803223,1.5344505198299885,0.42817234941602056,-0.0359071921279591,0.0,0.9699118137359619,96.99118137359619,3.4911813735961914,0.04449602589011192,4.449602589011192,0.13905008090659976,1.972921116449763,-3.0668389797210693,-3.0309317111968994,0.9418538212776184,94.18538212776184,0.6853821277618408,0.0404839850962162,4.04839850962162,0.12651245342567563,2.067414529607285,-3.165522575378418,-1.0527677536010742,-2.4010934658657836,-0.09449341315752184
ggN4-K5AgoM_1,ggN4-K5AgoM,Water flows,20s+,100.0,32.0,0.32,5,0.4456096887588501,44.56096887588501,0.7833967804908752,0.12258489429950714,78.33967804908752,12.258489429950714,0.16032195091247559,0.7210876135265126,0.3830777946859598,0.9595171911429295,0.8491789102554321,1,1,0.6909807920455933,69.09807920455933,9.401920795440674,1.3925302773714066,0.3311224357580799,-0.2184255400548803,0.0,0.8072056770324707,80.72056770324707,2.2205677032470703,0.1764722764492035,17.64722764492035,0.5514758639037609,0.5951572057000142,-1.540433406829834,-1.3220077753067017,0.7833967804908752,78.33967804908752,0.16032195091247559,0.12258489429950714,12.258489429950714,0.3830777946859598,0.9595171911429295,-1.9681763648986816,-1.311012864112854,-0.9262796414580942,-0.3643599854429153
glAeihz0NAM_1,glAeihz0NAM,"Amid the sound of wind and waves, women and children talk and laugh",2-5s,185.0,4.0,0.021621621621621623,4,0.07413875311613083,13.715669326484203,0.555557131767273,0.08529625087976456,102.7780693769455,15.779806412756443,0.2219306230545044,0.12674426717828388,3.9449516031891108,1.3724366863364295,0.42122459411621094,1,1,0.5870380997657776,108.60204845666885,5.602048456668854,3.428917331621051,1.232244564593214,-2.5247858938815373,0.0,0.6023109555244446,111.42752677202225,8.427526772022247,0.08140397816896439,15.059735961258411,3.764933990314603,1.325730328645201,-2.423422336578369,0.10136356949806213,0.555557131767273,102.7780693769455,0.2219306230545044,0.08529625087976456,15.779806412756443,3.9449516031891108,1.3724366863364295,-2.372469663619995,-0.7052609324455261,0.09348576405198676,0.04670635769122847
gr5Zss89yLQ_1,gr5Zss89yLQ,A car drives by as horns blare,0-2s,106.0,1.0,0.009433962264150943,9,0.6701281666755676,71.03358566761017,0.04647383466362953,0.03285222500562668,4.92622647434473,3.482335850596428,0.4262264743447304,0.2871635714943255,3.482335850596428,1.2477032900537832,0.9585549831390381,1,1,0.1608370691537857,17.048729330301285,12.548729330301285,71.03358566761017,4.263152802766288,0.7087647924817356,0.0,0.06906826049089432,7.321235612034798,2.8212356120347977,0.03719034418463707,3.9421764835715294,3.9421764835715294,1.3717329777871132,-3.2538065910339355,-3.962571382522583,0.04647383466362953,4.92622647434473,0.4262264743447304,0.03285222500562668,3.482335850596428,3.482335850596428,1.2477032900537832,-3.3823318481445312,-1.4098604917526245,-2.8914198249791747,-0.12402968773333012
gr5Zss89yLQ_2,gr5Zss89yLQ,A car drives with exhaust noise,5-10s,106.0,8.0,0.07547169811320754,2,0.5923634171485901,62.79052221775055,0.9774073958396912,0.01156590972095728,103.60518395900726,1.2259864304214716,0.10518395900726318,0.815669713127427,0.15324830380268395,1.8756957723987886,0.011148812249302864,1,1,0.7359917759895325,78.01512825489044,2.984871745109558,7.848815277218819,2.0603626003052193,0.3737442776905129,0.0,0.9736419320106506,103.20604479312897,0.2939552068710327,0.040561091154813766,4.299475662410259,0.5374344578012824,0.6209484653898387,-3.163539409637451,-3.5372836589813232,0.9774073958396912,103.60518395900726,0.10518395900726318,0.01156590972095728,1.2259864304214716,0.15324830380268395,1.8756957723987886,-4.448060035705566,-1.0279864072799683,-2.681311065695058,-1.25474730700895
gr5Zss89yLQ_3,gr5Zss89yLQ,A woman talks as a car drives by,2-5s,106.0,2.0,0.018867924528301886,8,0.5322582125663757,56.41937053203583,0.4866187870502472,0.026401374489068985,51.5815914273262,2.7985456958413124,0.9184085726737976,0.34811042443539375,1.3992728479206562,0.3359527073468591,0.9464707374572754,1,1,0.47813287377357483,50.68208461999893,1.8179153800010681,28.209685266017914,3.3396653681284807,0.12921232615624365,0.0,0.48539993166923523,51.452392756938934,1.0476072430610657,0.029186243191361427,3.0937417782843113,1.5468708891421556,0.43623410924712386,-3.504437208175659,-3.6336495876312256,0.4866187870502472,51.5815914273262,0.9184085726737976,0.026401374489068985,2.7985456958413124,1.3992728479206562,0.3359527073468591,-3.6075830459594727,-1.232351541519165,-2.903431258881357,-0.10028140190026473
hDMHIDJdfDA_1,hDMHIDJdfDA,"As a man speaks, someone snores",10-20s,76.0,10.0,0.13157894736842105,0,0.18933655321598053,14.38957804441452,0.7542203664779663,0.060536496341228485,57.32074785232544,4.600773721933365,0.6792521476745605,0.4600773721933365,0.4600773721933365,0.7763606032228043,0.5577432513237,1,1,0.6764324307441711,51.40886473655701,6.591135263442993,1.438957804441452,0.36391910464101473,-1.4543268461844807,0.0,0.717781662940979,54.551406383514404,3.4485936164855957,0.06109829246997833,4.643470227718353,0.4643470227718353,0.7671231123843453,-2.732226848602295,-1.2779000997543335,0.7542203664779663,57.32074785232544,0.6792521476745605,0.060536496341228485,4.600773721933365,0.4600773721933365,0.7763606032228043,-2.742062568664551,-1.0110886096954346,-1.13104221702536,-0.009237490838459147
hDMHIDJdfDA_1,hDMHIDJdfDA,"As a man speaks, someone snores",10-20s,76.0,10.0,0.13157894736842105,3,0.4910241663455963,37.31783664226532,0.413789838552475,0.0524669848382473,31.448027729988098,3.9874908477067947,0.051972270011901855,0.5696415496723992,0.3987490847706795,0.9194229201316616,0.041030414402484894,1,1,0.7619823217391968,57.910656452178955,0.08934354782104492,3.731783664226532,1.3168863135199411,-0.0359071921279591,0.0,0.9046840071678162,68.75598454475403,10.755984544754028,0.10995610058307648,8.356663644313812,0.8356663644313812,0.17952583116168624,-2.0911896228790283,-2.0552823543548584,0.413789838552475,31.448027729988098,0.051972270011901855,0.0524669848382473,3.9874908477067947,0.3987490847706795,0.9194229201316616,-2.8936777114868164,-1.4593212604522705,-1.4964121446816274,-0.7398970889699754
hJtOGmN_KVw_1,hJtOGmN_KVw,Music plays,10-20s,299.0,16.0,0.05351170568561873,6,0.8429434299468994,252.04008555412292,0.02925206534564495,0.08062775433063507,8.74636753834784,24.107698544859886,0.7463675383478403,0.6636884051883681,1.5067311590537429,0.40994250894162365,0.013635552488267422,1,1,0.36404988169670105,108.85091462731361,100.85091462731361,15.752505347132683,2.7569994222806233,1.6802937908532223,0.0,0.18872521817684174,56.42884023487568,48.42884023487568,0.3539601266384125,105.83407786488533,6.614629866555333,1.8892838423439087,-0.6016769409179688,-2.281970739364624,0.02925206534564495,8.74636753834784,0.7463675383478403,0.08062775433063507,24.107698544859886,1.5067311590537429,0.40994250894162365,-2.4338481426239014,-2.0600502490997314,-0.8677155799367146,-1.4793413334022851
hJtOGmN_KVw_1,hJtOGmN_KVw,Music plays,10-20s,299.0,16.0,0.05351170568561873,7,0.8412365913391113,251.5297408103943,0.02561471052467823,0.07973584532737732,7.658798446878791,23.84101775288582,0.34120155312120914,0.6711122891581796,1.4900636095553637,0.3988188100228881,0.011083193123340607,1,1,0.27036458253860474,80.83901017904282,72.83901017904282,15.720608800649643,2.7549725140278545,1.6674578436475704,0.0,0.12201067805290222,36.481192737817764,28.481192737817764,0.3072751462459564,91.87526872754097,5.742204295471311,1.7478431602145579,-0.8128893375396729,-2.480347156524658,0.02561471052467823,7.658798446878791,0.34120155312120914,0.07973584532737732,23.84101775288582,1.4900636095553637,0.3988188100228881,-2.44594144821167,-2.0243306159973145,-1.0071293538132964,-1.3490243501916699
hJtOGmN_KVw_1,hJtOGmN_KVw,Music plays,10-20s,299.0,16.0,0.05351170568561873,8,0.5322582125663757,159.14520555734634,0.02456960640847683,0.03640574961900711,7.346312316134572,10.885319136083126,0.653687683865428,0.6803324460051954,0.6803324460051954,0.38517370909623233,0.013598943129181862,1,1,0.47813287377357483,142.96172925829887,134.96172925829887,9.946575347334146,2.297228305727264,0.12921232615624365,0.0,0.3651944398880005,109.19313752651215,101.19313752651215,0.10522493720054626,31.462256222963333,1.9663910139352083,0.6761998900140699,-2.140471935272217,-2.269684314727783,0.02456960640847683,7.346312316134572,0.653687683865428,0.03640574961900711,10.885319136083126,0.6803324460051954,0.38517370909623233,-3.2759435176849365,-2.0644376277923584,-1.6210284157131942,-1.0613735991103022
hJtOGmN_KVw_2,hJtOGmN_KVw,A man's voice over a bag rustling,20s+,299.0,22.0,0.07357859531772576,8,0.5322582125663757,159.14520555734634,0.4629124104976654,0.12154947966337204,138.41081073880196,36.34329441934824,0.5891892611980438,0.6053386285280666,1.6519679281521926,0.5019672609588759,0.6670950055122375,1,1,0.47813287377357483,142.96172925829887,3.961729258298874,7.233872979879379,1.9787745746087295,0.12921232615624365,0.0,0.48817718029022217,145.96497690677643,6.964976906776428,0.12222497165203094,36.54526652395725,1.6611484783616932,0.5075092175822584,-1.971526861190796,-2.1007392406463623,0.4629124104976654,138.41081073880196,0.5891892611980438,0.12154947966337204,36.34329441934824,1.6519679281521926,0.5019672609588759,-1.9778380393981934,-1.5119022130966187,-1.471265357026471,-0.005541956623382542
hV4bDCBDCy0_1,hV4bDCBDCy0,An engine hums as a man talks,10-20s,115.0,13.0,0.11304347826086956,0,0.18933655321598053,21.77370361983776,0.7188138365745544,0.07499069720506668,82.66359120607376,8.623930178582668,0.163591206073761,0.11595641190178893,0.6633792445063591,0.4104084395031487,0.838180422782898,1,1,0.6764324307441711,77.78972953557968,4.710270464420319,1.6749002784490585,0.5157536282504428,-1.4543268461844807,0.0,0.750603437423706,86.3193953037262,3.8193953037261963,0.07554120570421219,8.687238655984402,0.6682491273834155,0.40309422978750714,-2.504530191421509,-1.0502033233642578,0.7188138365745544,82.66359120607376,0.163591206073761,0.07499069720506668,8.623930178582668,0.6633792445063591,0.4104084395031487,-2.512439727783203,-1.014451265335083,-0.9188478580379498,-0.007314209715641607
hV4bDCBDCy0_1,hV4bDCBDCy0,An engine hums as a man talks,10-20s,115.0,13.0,0.11304347826086956,2,0.5923634171485901,68.12179297208786,0.973962128162384,0.011581379920244217,112.00564473867416,1.331858690828085,0.9943552613258362,0.25244444988583603,0.1024506685252373,2.278373878937969,0.15906524658203125,1,1,0.7359917759895325,84.63905423879623,2.139054238796234,5.240137920929835,1.6563478187747014,0.3737442776905129,0.0,0.9867324233055115,113.47422868013382,0.4742286801338196,0.021621491760015488,2.486471552401781,0.1912670424924447,1.6540846991740412,-3.812208890914917,-4.185953140258789,0.973962128162384,112.00564473867416,0.9943552613258362,0.011581379920244217,1.331858690828085,0.1024506685252373,2.278373878937969,-4.446707725524902,-1.0346883535385132,-3.3104325179487426,-0.6242891797639277
hV4bDCBDCy0_1,hV4bDCBDCy0,An engine hums as a man talks,10-20s,115.0,13.0,0.11304347826086956,3,0.4910241663455963,56.467779129743576,0.9458561539649963,0.0707697942852974,108.77345770597458,8.1385263428092,0.7734577059745789,0.491489470146423,0.6260404879084001,0.46834023280354836,0.9074906706809998,1,1,0.7619823217391968,87.62796700000763,5.127967000007629,4.343675317672583,1.468720837129369,-0.0359071921279591,0.0,0.9597444534301758,110.37061214447021,2.370612144470215,0.06472236663103104,7.443072162568569,0.5725440125052745,0.5576656687702134,-2.67073655128479,-2.63482928276062,0.9458561539649963,108.77345770597458,0.7734577059745789,0.0707697942852974,8.1385263428092,0.6260404879084001,0.46834023280354836,-2.5749242305755615,-0.5901629328727722,-2.0263865058995822,0.089325435966665
hV4bDCBDCy0_1,hV4bDCBDCy0,An engine hums as a man talks,10-20s,115.0,13.0,0.11304347826086956,5,0.4456096887588501,51.24511420726776,0.8766713738441467,0.07507799565792084,100.81720799207687,8.633969500660896,0.6827920079231262,0.11582158124643062,0.6641515000508382,0.40924499280369364,0.9082214832305908,1,1,0.6909807920455933,79.46279108524323,3.037208914756775,3.94193186209752,1.3716709234714284,-0.2184255400548803,0.0,0.9021316170692444,103.7451359629631,2.2451359629631042,0.059049755334854126,6.7907218635082245,0.5223632202698634,0.6493921088011971,-2.768509864807129,-2.550084352493286,0.8766713738441467,100.81720799207687,0.6827920079231262,0.07507799565792084,8.633969500660896,0.6641515000508382,0.40924499280369364,-2.5111818313598633,-0.5574207901954651,-2.0210630322726257,0.24014711599750327
hV4bDCBDCy0_1,hV4bDCBDCy0,An engine hums as a man talks,10-20s,115.0,13.0,0.11304347826086956,7,0.8412365913391113,96.7422080039978,0.16615715622901917,0.12855534255504608,19.108072966337204,14.7838643938303,0.891927033662796,0.6764131308031522,1.137220337986946,0.12858698490047912,0.954647421836853,1,1,0.27036458253860474,31.091926991939545,4.908073008060455,7.441708307999831,2.0071004337786627,1.6674578436475704,0.0,0.1625865399837494,18.69745209813118,1.3025479018688202,0.08290322870016098,9.533871300518513,0.733374715424501,0.3100984997716396,-2.403538942337036,-4.0709967613220215,0.16615715622901917,19.108072966337204,0.891927033662796,0.12855534255504608,14.7838643938303,1.137220337986946,0.12858698490047912,-1.9137928485870361,-1.1420706510543823,-2.3171989335503023,0.43868548467211876
hVUmQfBIYe8_1,hVUmQfBIYe8,A door opens and closes,2-5s,179.0,4.0,0.0223463687150838,3,0.4910241663455963,87.89332577586174,0.8403674960136414,0.03207126259803772,150.4257817864418,5.740756005048752,0.07421821355819702,0.17419308521744215,1.435189001262188,0.36129654873546807,0.8716282844543457,1,1,0.7619823217391968,136.39483559131622,14.105164408683777,21.973331443965435,3.0898295109485203,-0.0359071921279591,0.0,0.8615169525146484,154.21153450012207,3.7115345001220703,0.034923166036605835,6.2512467205524445,1.5628116801381111,0.4464865580242606,-3.3190572261810303,-3.2831499576568604,0.8403674960136414,150.4257817864418,0.07421821355819702,0.03207126259803772,5.740756005048752,1.435189001262188,0.36129654873546807,-3.407197952270508,-1.6303932666778564,-2.6433429529242596,-0.08519000928879257
hVUmQfBIYe8_1,hVUmQfBIYe8,A door opens and closes,2-5s,179.0,4.0,0.0223463687150838,7,0.8412365913391113,150.58134984970093,0.2580089569091797,0.03249897435307503,46.183603286743164,5.81731640920043,0.8163967132568359,0.6876022754536376,1.4543291023001075,0.37454469620952113,0.9302161335945129,1,1,0.27036458253860474,48.39526027441025,1.3952602744102478,37.64533746242523,3.6282091075978133,1.6674578436475704,0.0,0.2325693666934967,41.62991663813591,5.37008336186409,0.03206493705511093,5.739623732864857,1.4349059332162142,0.36109929529726914,-3.4074018001556396,-5.074859619140625,0.2580089569091797,46.183603286743164,0.8163967132568359,0.03249897435307503,5.81731640920043,1.4543291023001075,0.37454469620952113,-3.393507957458496,-1.5969048738479614,-3.267109812300544,0.013445400912252032
hiJB_95IWiE_1,hiJB_95IWiE,Music is playing,10-20s,299.0,17.0,0.056856187290969896,4,0.07413875311613083,22.167487181723118,0.02751716412603855,0.007093962747603655,8.227632073685527,2.121094861533493,0.27236792631447315,0.1247702859725584,0.1247702859725584,2.0812809445640905,0.011817713268101215,1,1,0.5870380997657776,175.5243918299675,167.0243918299675,1.303969834219007,0.2654133299692503,-2.5247858938815373,0.0,0.5634253025054932,168.46416544914246,159.96416544914246,0.02382601983845234,7.123979931697249,0.41905764304101467,0.8697467956320317,-3.712862491607666,-1.1880766153335571,0.02751716412603855,8.227632073685527,0.27236792631447315,0.007093962747603655,2.121094861533493,0.1247702859725584,2.0812809445640905,-4.941391944885254,-2.0150556564331055,-1.1351601256012822,-1.2115341489320588
hiJB_95IWiE_1,hiJB_95IWiE,Music is playing,10-20s,299.0,17.0,0.056856187290969896,7,0.8412365913391113,251.5297408103943,0.031649310141801834,0.08695299178361893,9.463143732398748,25.99894454330206,0.9631437323987484,0.653872697473775,1.529349679017768,0.424842598652905,0.010846089571714401,1,1,0.27036458253860474,80.83901017904282,72.33901017904282,14.795867106493782,2.6943478922114195,1.6674578436475704,0.0,0.1154085248708725,34.50714893639088,26.007148936390877,0.3635405898094177,108.6986363530159,6.394037432530347,1.855365904941806,-0.5600297451019287,-2.227487564086914,0.031649310141801834,9.463143732398748,0.9631437323987484,0.08695299178361893,25.99894454330206,1.529349679017768,0.424842598652905,-2.351419687271118,-1.9792379140853882,-0.8389819872696133,-1.4305233062889011
hiJB_95IWiE_1,hiJB_95IWiE,Music is playing,10-20s,299.0,17.0,0.056856187290969896,8,0.5322582125663757,159.14520555734634,0.028094962239265442,0.035332195460796356,8.400393709540367,10.56432644277811,0.09960629045963287,0.6214309672222418,0.6214309672222418,0.47573044866199304,0.012676171027123928,1,1,0.47813287377357483,142.96172925829887,134.46172925829887,9.361482679843903,2.2366036839108294,0.12921232615624365,0.0,0.3791353702545166,113.36147570610046,104.86147570610046,0.09980329126119614,29.841184087097645,1.7553637698292732,0.5626761116950701,-2.1994121074676514,-2.3286244869232178,0.028094962239265442,8.400393709540367,0.09960629045963287,0.035332195460796356,10.56432644277811,0.6214309672222418,0.47573044866199304,-3.3069891929626465,-2.0130584239959717,-1.6739275722157592,-1.0384065603570631
huMLK0oA3L8_1,huMLK0oA3L8,A guitar plays,20s+,162.0,47.0,0.29012345679012347,4,0.07413875311613083,12.010478004813194,0.565509021282196,0.08607781678438187,91.61246144771576,13.944606319069862,0.3875385522842407,0.5810252632945776,0.29669375146957155,1.2150548120029434,0.7837185263633728,1,1,0.5870380997657776,95.10017216205597,3.1001721620559692,0.25554208520879135,1.3643681658428946,-2.5247858938815373,0.0,0.5989469885826111,97.029412150383,5.029412150382996,0.12151975929737091,19.686201006174088,0.4188553405568955,0.8702296679398013,-1.978116512298584,0.5466694831848145,0.565509021282196,91.61246144771576,0.3875385522842407,0.08607781678438187,13.944606319069862,0.29669375146957155,1.2150548120029434,-2.3624937534332275,-0.9710069298744202,0.49413849790309317,-0.3448251440631421
huMLK0oA3L8_1,huMLK0oA3L8,A guitar plays,20s+,162.0,47.0,0.29012345679012347,6,0.8429434299468994,136.5568356513977,0.331354022026062,0.18446151912212372,53.679351568222046,29.882766097784042,0.8206484317779541,0.31791436815004837,0.6358035339954051,0.45286567217642626,0.39888283610343933,1,1,0.36404988169670105,58.97608083486557,4.47608083486557,2.905464588327611,1.0665933046520437,1.6802937908532223,0.0,0.3670593798160553,59.46361953020096,4.536380469799042,0.20041802525520325,32.467720091342926,0.6908025551349559,0.3699012339107854,-1.383683681488037,-3.0639774799346924,0.331354022026062,53.679351568222046,0.8206484317779541,0.18446151912212372,29.882766097784042,0.6358035339954051,0.45286567217642626,-1.48640775680542,-1.332872986793518,-1.436494538562829,-0.08296443826564079
huMLK0oA3L8_2,huMLK0oA3L8,A whistle blows as a guitar plays,20s+,162.0,33.0,0.2037037037037037,4,0.07413875311613083,12.010478004813194,0.6058194041252136,0.03321051597595215,98.1427434682846,5.380103588104248,0.35725653171539307,0.5977892875671387,0.1630334420637651,1.8137999331836787,0.961371123790741,1,1,0.5870380997657776,95.10017216205597,3.3998278379440308,0.36395387893373315,1.0107281255993161,-2.5247858938815373,0.0,0.619908332824707,100.42514991760254,1.925149917602539,0.038818687200546265,6.288627326488495,0.1905644644390453,1.657764745652909,-3.209261417388916,-0.6844755411148071,0.6058194041252136,98.1427434682846,0.35725653171539307,0.03321051597595215,5.380103588104248,0.1630334420637651,1.8137999331836787,-3.3711142539978027,-1.3371354341506958,-0.6470366200535929,-0.1560351875307698
huMLK0oA3L8_2,huMLK0oA3L8,A whistle blows as a guitar plays,20s+,162.0,33.0,0.2037037037037037,6,0.8429434299468994,136.5568356513977,0.33047935366630554,0.0338934101164341,53.5376552939415,5.490732438862324,0.9623447060585022,0.7329680071781945,0.16638583148067648,1.7934459015719741,0.8249600529670715,1,1,0.36404988169670105,58.97608083486557,4.47608083486557,4.138085928830233,1.420233344895622,1.6802937908532223,0.0,0.3540542423725128,57.356787264347076,2.8567872643470764,0.03920295462012291,6.350878648459911,0.19245086813514883,1.6479143882978962,-3.1990110874176025,-4.879304885864258,0.33047935366630554,53.5376552939415,0.9623447060585022,0.0338934101164341,5.490732438862324,0.16638583148067648,1.7934459015719741,-3.350053548812866,-2.023892879486084,-3.068147733193518,-0.14553151327407804
huMLK0oA3L8_2,huMLK0oA3L8,A whistle blows as a guitar plays,20s+,162.0,33.0,0.2037037037037037,7,0.8412365913391113,136.28032779693604,0.3326995372772217,0.028013192117214203,53.89732503890991,4.538137122988701,0.6026749610900879,0.6483053032841001,0.13751930675723337,1.9839909589525837,0.9263308048248291,1,1,0.27036458253860474,43.79906237125397,10.700937628746033,4.129706902937456,1.418206436642853,1.6674578436475704,0.0,0.28237491846084595,45.74473679065704,8.755263209342957,0.03474870324134827,5.629289925098419,0.17058454318480057,1.7685242506974543,-3.3242461681365967,-4.991703987121582,0.3326995372772217,53.89732503890991,0.6026749610900879,0.028013192117214203,4.538137122988701,0.13751930675723337,1.9839909589525837,-3.5466666221618652,-1.841140866279602,-3.186730687340307,-0.2154667082551294
hxbmDeNSO6Q_1,hxbmDeNSO6Q,Machinery whirs,20s+,266.0,50.0,0.18796992481203006,5,0.4456096887588501,118.53217720985413,0.8436823487281799,0.05245520547032356,224.41950476169586,13.953084655106068,0.5804952383041382,0.7751713697281148,0.27906169310212137,1.2763223993748627,0.8177186846733093,1,1,0.6909807920455933,183.8008906841278,41.19910931587219,2.3706435441970823,0.8631614559232681,-0.2184255400548803,0.0,0.8280879259109497,220.27138829231262,4.728611707687378,0.03966468572616577,10.550806403160095,0.2110161280632019,1.5558207121086847,-3.186821222305298,-2.968395709991455,0.8436823487281799,224.41950476169586,0.5804952383041382,0.05245520547032356,13.953084655106068,0.27906169310212137,1.2763223993748627,-2.8939146995544434,-0.9586657881736755,-2.418982168031953,0.27949831273382186
hzn_wGlzGpU_2,hzn_wGlzGpU,"As engines hum, objects collide",0-2s,126.0,1.0,0.007936507936507936,0,0.18933655321598053,23.856405705213547,0.09319029748439789,0.0190318301320076,11.741977483034134,2.3980105966329575,0.7580225169658661,0.38297603938296537,2.3980105966329575,0.8746394755417464,0.007463359273970127,1,1,0.6764324307441711,85.23048627376556,51.730486273765564,23.856405705213547,3.1720527643002074,-1.4543268461844807,0.0,0.6716246604919434,84.62470722198486,51.12470722198486,0.05839379504323006,7.357618175446987,7.357618175446987,1.9957362628989106,-2.7803773880004883,-1.3260506391525269,0.09319029748439789,11.741977483034134,0.7580225169658661,0.0190318301320076,2.3980105966329575,2.3980105966329575,0.8746394755417464,-3.942427158355713,-1.6348084211349487,-1.1763165014012968,-1.1210967873571642
hzn_wGlzGpU_2,hzn_wGlzGpU,"As engines hum, objects collide",0-2s,126.0,1.0,0.007936507936507936,4,0.07413875311613083,9.341482892632484,0.04721546173095703,0.006727559957653284,5.949148178100586,0.8476725546643138,0.5508518218994141,0.25292430014665285,0.8476725546643138,0.1652608561284049,0.010243243537843227,1,1,0.5870380997657776,73.96680057048798,40.466800570487976,9.341482892632484,2.234465007586258,-2.5247858938815373,0.0,0.5728875398635864,72.18383002281189,38.68383002281189,0.02319694682955742,2.9228153005242348,2.9228153005242348,1.0725472958070301,-3.740264415740967,-1.215478539466858,0.04721546173095703,5.949148178100586,0.5508518218994141,0.006727559957653284,0.8476725546643138,0.8476725546643138,0.1652608561284049,-4.994792461395264,-1.7217317819595337,-1.1619177117792279,-1.237808151935435
hzn_wGlzGpU_2,hzn_wGlzGpU,"As engines hum, objects collide",0-2s,126.0,1.0,0.007936507936507936,7,0.8412365913391113,105.99581050872803,0.10526353865861893,0.038114920258522034,13.263205870985985,4.802479952573776,0.7632058709859848,0.20822575208545607,4.802479952573776,1.5691324412788845,0.29662182927131653,1,1,0.27036458253860474,34.0659373998642,0.5659373998641968,105.99581050872803,4.663399569828427,1.6674578436475704,0.0,0.15824942290782928,19.93942728638649,7.43942728638649,0.025560682639479637,3.2206460125744343,3.2206460125744343,1.1695819644569245,-3.6408069133758545,-5.30826473236084,0.10526353865861893,13.263205870985985,0.7632058709859848,0.038114920258522034,4.802479952573776,4.802479952573776,1.5691324412788845,-3.2282891273498535,-1.1351853609085083,-3.4938176053715027,0.39955047682196
i2yhbckq3p0_1,i2yhbckq3p0,Sirens and horns blare as motorcycles and cars go by,20s+,180.0,22.0,0.12222222222222222,9,0.6701281666755676,120.62307000160217,0.07107347995042801,0.08630755543708801,12.793226391077042,15.535359978675842,0.7932263910770416,0.1287385681918695,0.7061527263034474,0.3479237386751864,0.7219038605690002,1,1,0.1608370691537857,28.950672447681427,0.950672447681427,5.482866818254644,1.7016281061861152,0.7087647924817356,0.0,0.07881207019090652,14.186172634363174,2.1861726343631744,0.07996181398630142,14.393126517534256,0.6542330235242844,0.4242916859035168,-2.4428658485412598,-3.1516306400299072,0.07107347995042801,12.793226391077042,0.7932263910770416,0.08630755543708801,15.535359978675842,0.7061527263034474,0.3479237386751864,-2.359576940536499,-0.9919620156288147,-2.125919792089632,0.07636794722833036
i6MQCm58zlY_1,i6MQCm58zlY,"As the wind blows, a man speaks",20s+,247.0,36.0,0.145748987854251,8,0.5322582125663757,131.4677785038948,0.5389587879180908,0.03777659684419632,133.12282061576843,9.330819420516491,0.8771793842315674,0.21434344722205476,0.25918942834768033,1.3501961010314543,0.9150611162185669,1,1,0.47813287377357483,118.09881982207298,0.4011801779270172,3.6518827362193003,1.2952428527482263,0.12921232615624365,0.0,0.5234791040420532,129.29933869838715,4.700661301612854,0.033156733959913254,8.189713288098574,0.22749203578051594,1.4806400487620826,-3.372790575027466,-3.5020029544830322,0.5389587879180908,133.12282061576843,0.8771793842315674,0.03777659684419632,9.330819420516491,0.25918942834768033,1.3501961010314543,-3.2375569343566895,-1.2722877264022827,-2.775882901510309,0.13044394773062812
i6MQCm58zlY_1,i6MQCm58zlY,"As the wind blows, a man speaks",20s+,247.0,36.0,0.145748987854251,9,0.6701281666755676,165.5216571688652,0.051447369158267975,0.0282510407269001,12.70750018209219,6.978007059544325,0.2924998179078102,0.4984290756817375,0.1938335294317868,1.640755584006123,0.8324592709541321,1,1,0.1608370691537857,39.72675608098507,26.72675608098507,4.597823810246256,1.5255831068260879,0.7087647924817356,0.0,0.04355403780937195,10.757847338914871,2.242152661085129,0.039784617722034454,9.82680057734251,0.27296668270395863,1.298405532622273,-3.1836771965026855,-3.892441987991333,0.051447369158267975,12.70750018209219,0.2924998179078102,0.0282510407269001,6.978007059544325,0.1938335294317868,1.640755584006123,-3.5379672050476074,-1.52580726146698,-2.823988639448361,-0.3423500513838498
iOCpICiu4LA_3,iOCpICiu4LA,Plastic rustles,5-10s,299.0,6.0,0.020066889632107024,9,0.6701281666755676,200.36832183599472,0.034783657640218735,0.05221261456608772,10.400313634425402,15.611571755260229,0.4003136344254017,0.38433029640198363,2.6019286258767047,0.9562529492285815,0.9567456245422363,1,1,0.1608370691537857,48.090283676981926,38.090283676981926,33.39472030599912,3.508397812816852,0.7087647924817356,0.0,0.060579266399145126,18.113200653344393,8.113200653344393,0.06789004057645798,20.299122132360935,3.383187022060156,1.2188181711733233,-2.6195614337921143,-3.3283262252807617,0.034783657640218735,10.400313634425402,0.4003136344254017,0.05221261456608772,15.611571755260229,2.6019286258767047,0.9562529492285815,-2.898806095123291,-1.3205307722091675,-2.289579641643529,-0.2625652219447415
ilspW7JRjAg_2,ilspW7JRjAg,The engine roars as the gas pedal thumps,10-20s,208.0,10.0,0.04807692307692308,4,0.07413875311613083,15.420860648155212,0.5473428964614868,0.02720634825527668,113.84732246398926,5.658920437097549,0.6526775360107422,0.8084172052996499,0.565892043709755,0.5693519544664145,0.9153315424919128,1,1,0.5870380997657776,122.10392475128174,7.603924751281738,1.5420860648155212,0.4331360873420523,-2.5247858938815373,0.0,0.5586095452308655,116.19078540802002,1.6907854080200195,0.03136451169848442,6.5238184332847595,0.6523818433284759,0.4271252392042913,-3.430211305618286,-0.9054253101348877,0.5473428964614868,113.84732246398926,0.6526775360107422,0.02720634825527668,5.658920437097549,0.565892043709755,0.5693519544664145,-3.576721668243408,-1.2503443956375122,-0.8602613265463436,-0.14222671526212335
inSvboaSRwA_1,inSvboaSRwA,Music is playing,10-20s,299.0,15.0,0.05016722408026756,6,0.8429434299468994,252.04008555412292,0.02345496043562889,0.05123643949627876,7.013033170253038,15.31969540938735,0.4869668297469616,0.937755147710726,1.02131302729249,0.021089081118811557,0.014866121113300323,1,1,0.36404988169670105,108.85091462731361,101.35091462731361,16.802672370274863,2.8215379434181944,1.6802937908532223,0.0,0.08851269632577896,26.46529620140791,18.96529620140791,0.24574805796146393,73.47866933047771,4.898577955365181,1.5889449498058041,-1.1214196681976318,-2.801713466644287,0.02345496043562889,7.013033170253038,0.4869668297469616,0.05123643949627876,15.31969540938735,1.02131302729249,0.021089081118811557,-2.918708562850952,-2.187556266784668,-1.2325929936123903,-1.5678558686869926
j1AiqT5oHZc_2,j1AiqT5oHZc,Music plays,20s+,183.0,129.0,0.7049180327868853,3,0.4910241663455963,89.85742244124413,0.9290289878845215,0.146584615111351,170.01230478286743,26.824984565377235,0.5123047828674316,0.9626393018228852,0.20794561678587004,1.5704786912270985,0.9523335099220276,1,1,0.7619823217391968,139.442764878273,30.05723512172699,0.6965691662111948,0.3615881852925954,-0.0359071921279591,0.0,0.9327743649482727,170.6977087855339,1.197708785533905,0.10484714806079865,19.187028095126152,0.14873665190020272,1.9055779737075227,-2.144490957260132,-2.108583688735962,0.9290289878845215,170.01230478286743,0.5123047828674316,0.146584615111351,26.824984565377235,0.20794561678587004,1.5704786912270985,-1.7616435289382935,-0.4882655441761017,-1.5439897884149272,0.3350992824804242
jOYvIISk--4_1,jOYvIISk--4,A man is speaking as water flows,10-20s,299.0,13.0,0.043478260869565216,0,0.18933655321598053,56.61162941157818,0.48911410570144653,0.05885917693376541,146.2451176047325,17.598893903195858,0.2548823952674866,0.6250392814745286,1.3537610694766045,0.3028866961983248,0.6753864884376526,1,1,0.6764324307441711,202.25329679250717,55.75329679250717,4.354740723967552,1.4712650732778791,-1.4543268461844807,0.0,0.7020136713981628,209.9020877480507,63.40208774805069,0.07712328433990479,23.05986201763153,1.77383553981781,0.5731441737375164,-2.482090473175049,-1.0277637243270874,0.48911410570144653,146.2451176047325,0.2548823952674866,0.05885917693376541,17.598893903195858,1.3537610694766045,0.3028866961983248,-2.771944999694824,-0.8352754712104797,-0.8981208995403628,-0.2702574775391916
jOYvIISk--4_1,jOYvIISk--4,A man is speaking as water flows,10-20s,299.0,13.0,0.043478260869565216,6,0.8429434299468994,252.04008555412292,0.31496575474739075,0.13852055370807648,94.17476066946983,41.41764555871487,0.8252393305301666,0.19315438847577576,3.185972735285759,1.158757653788264,0.9381697177886963,1,1,0.36404988169670105,108.85091462731361,4.649085372686386,19.387698888778687,2.9646387870588677,1.6802937908532223,0.0,0.2899014353752136,86.68052917718887,2.1805291771888733,0.11182153224945068,33.434638142585754,2.5718952417373657,0.9446430752726869,-2.072268486022949,-3.7525622844696045,0.31496575474739075,94.17476066946983,0.8252393305301666,0.13852055370807648,41.41764555871487,3.185972735285759,1.158757653788264,-1.8276324272155762,-1.4455851316452026,-2.019995711786181,0.214114578515577
jinJkonlrWc_1,jinJkonlrWc,"A man speaks as a motor hums, wind blows, and people chat nearby",20s+,300.0,73.0,0.24333333333333335,8,0.5322582125663757,159.67746376991272,0.4175204932689667,0.03695666417479515,125.25614798069,11.086999252438545,0.24385201930999756,0.5279523453542164,0.15187670208819926,1.884686257785026,0.9239296913146973,1,1,0.47813287377357483,143.43986213207245,15.560137867927551,2.1873625173960645,0.7826964880841688,0.12921232615624365,0.0,0.441348135471344,132.4044406414032,6.904440641403198,0.044752150774002075,13.425645232200623,0.1839129483863099,1.6932927399195299,-3.060831308364868,-3.1900436878204346,0.4175204932689667,125.25614798069,0.24385201930999756,0.03695666417479515,11.086999252438545,0.15187670208819926,1.884686257785026,-3.260352373123169,-1.685553789138794,-2.475989228003699,-0.19139351786549608
jj2RyNDj7no_1,jj2RyNDj7no,Music plays,10-20s,300.0,15.0,0.05,6,0.8429434299468994,252.88302898406982,0.022294901311397552,0.06436615437269211,6.688470393419266,19.309846311807632,0.8115296065807343,0.77680576830007,1.2873230874538422,0.2525649363115961,0.015136010013520718,1,1,0.36404988169670105,109.21496450901031,101.71496450901031,16.85886859893799,2.824876844683709,1.6802937908532223,0.0,0.11098333448171616,33.29500034451485,25.795000344514847,0.315214604139328,94.5643812417984,6.30429208278656,1.841230684411581,-0.7758517265319824,-2.4561455249786377,0.022294901311397552,6.688470393419266,0.8115296065807343,0.06436615437269211,19.309846311807632,1.2873230874538422,0.2525649363115961,-2.676636219024658,-2.107665777206421,-0.983646160272128,-1.588665748099985
jj2RyNDj7no_1,jj2RyNDj7no,Music plays,10-20s,300.0,15.0,0.05,7,0.8412365913391113,252.3709774017334,0.02434592880308628,0.06610099226236343,7.303778640925884,19.83029767870903,0.19622135907411575,0.7564182970437645,1.3220198452472687,0.2791607528503087,0.011513037607073784,1,1,0.27036458253860474,81.10937476158142,73.60937476158142,16.824731826782227,2.82284993643094,1.6674578436475704,0.0,0.06343304365873337,19.02991309762001,11.52991309762001,0.275447279214859,82.6341837644577,5.50894558429718,1.7063732408409933,-0.967158317565918,-2.6346161365509033,0.02434592880308628,7.303778640925884,0.19622135907411575,0.06610099226236343,19.83029767870903,1.3220198452472687,0.2791607528503087,-2.6481845378875732,-2.007894515991211,-1.1164766955899468,-1.4272124879906847
jjfUaMQaG1A_3,jjfUaMQaG1A,A drill whirs,5-10s,300.0,5.0,0.016666666666666666,3,0.4910241663455963,147.3072499036789,0.8843106627464294,0.02879341132938862,265.29319882392883,8.638023398816586,0.793198823928833,0.11576722518915619,1.727604679763317,0.5467358709241467,0.906906247138977,1,1,0.7619823217391968,228.59469652175903,35.90530347824097,29.46144998073578,3.3830826284497566,-0.0359071921279591,0.0,0.891460657119751,267.4381971359253,2.938197135925293,0.03300389274954796,9.901167824864388,1.9802335649728775,0.6832147998569754,-3.3775689601898193,-3.3416616916656494,0.8843106627464294,265.29319882392883,0.793198823928833,0.02879341132938862,8.638023398816586,1.727604679763317,0.5467358709241467,-3.518392562866211,-1.5950181484222412,-2.699867828592781,-0.13647892893282876
jlwe9jtu5Gw_1,jlwe9jtu5Gw,A child shouts,2-5s,63.0,3.0,0.047619047619047616,7,0.8412365913391113,52.997905254364014,0.06371372938156128,0.048347555100917816,4.013964951038361,3.0458959713578224,0.5139649510383606,0.7093708778054408,1.0152986571192741,0.01518281267989672,0.8636602759361267,1,1,0.27036458253860474,17.0329686999321,13.532968699932098,17.665968418121338,2.8716401006003722,1.6674578436475704,0.0,0.10748225450515747,6.771382033824921,3.2713820338249207,0.07375897467136383,4.646815404295921,1.5489384680986404,0.43756983701670243,-2.53033185005188,-4.197789669036865,0.06371372938156128,4.013964951038361,0.5139649510383606,0.048347555100917816,3.0458959713578224,1.0152986571192741,0.01518281267989672,-2.9797842502593994,-2.058897018432617,-2.4340702635836697,-0.4223870243368058
jlwe9jtu5Gw_1,jlwe9jtu5Gw,A child shouts,2-5s,63.0,3.0,0.047619047619047616,9,0.6701281666755676,42.21807450056076,0.05578291416168213,0.03460489585995674,3.514323592185974,2.1801084391772747,0.014323592185974121,0.7267028130590916,0.7267028130590916,0.3192376703623721,0.9729808568954468,1,1,0.1608370691537857,10.1327353566885,6.6327353566884995,14.07269150018692,2.6442361463776436,0.7087647924817356,0.0,0.023078210651874542,1.4539272710680962,2.046072728931904,0.045290470123291016,2.853299617767334,0.9510998725891113,0.05013620345541768,-3.0483105182647705,-3.757075309753418,0.05578291416168213,3.514323592185974,0.014323592185974121,0.03460489585995674,2.1801084391772747,0.7267028130590916,0.3192376703623721,-3.3285422325134277,-1.1966301202774048,-2.694372349833061,-0.26910146690695436
jlwe9jtu5Gw_3,jlwe9jtu5Gw,Faint voices and noises fill the background as whistling joins in,2-5s,63.0,3.0,0.047619047619047616,2,0.5923634171485901,37.318895280361176,0.9953699707984924,0.011228475719690323,62.70830816030502,0.7073939703404903,0.2083081603050232,0.23579799011349678,0.23579799011349678,1.4447798146068949,0.5552045702934265,1,1,0.7359917759895325,46.367481887340546,5.132518112659454,12.439631760120392,2.520887485596411,0.3737442776905129,0.0,0.9899051785469055,62.36402624845505,0.1359737515449524,0.017916714772582054,1.1287530306726694,0.37625101022422314,0.9774987779413322,-4.003942012786865,-4.377686500549316,0.9953699707984924,62.70830816030502,0.2083081603050232,0.011228475719690323,0.7073939703404903,0.23579799011349678,1.4447798146068949,-4.478010177612305,-0.8877565860748291,-3.498386263537743,-0.46728103666556275
jlwe9jtu5Gw_3,jlwe9jtu5Gw,Faint voices and noises fill the background as whistling joins in,2-5s,63.0,3.0,0.047619047619047616,3,0.4910241663455963,30.934522479772568,0.9770982265472412,0.01848910003900528,61.557188272476196,1.1648133024573326,0.9428117275238037,0.376698400257242,0.38827110081911087,0.9460514698941459,0.7709590196609497,1,1,0.7619823217391968,48.0048862695694,3.495113730430603,10.311507493257523,2.3332605039510788,-0.0359071921279591,0.0,0.959755003452301,60.464565217494965,2.0354347825050354,0.027284827083349228,1.7189441062510014,0.5729813687503338,0.5569020780659539,-3.573760509490967,-3.537853240966797,0.9770982265472412,61.557188272476196,0.9428117275238037,0.01848910003900528,1.1648133024573326,0.38827110081911087,0.9460514698941459,-3.971911668777466,-1.014742136001587,-2.890162582017033,-0.3891493918281921
jlwe9jtu5Gw_4,jlwe9jtu5Gw,Something is tapped,5-10s,63.0,5.0,0.07936507936507936,3,0.4910241663455963,30.934522479772568,0.9465341567993164,0.05489060655236244,59.631651878356934,3.458108212798834,0.8683481216430664,0.6592977823621615,0.6916216425597668,0.3687162321985388,0.7034339904785156,1,1,0.7619823217391968,48.0048862695694,12.495113730430603,6.186904495954513,1.822434880185088,-0.0359071921279591,0.0,0.9623724222183228,60.62946259975433,0.1294625997543335,0.052277546375989914,3.2934854216873646,0.6586970843374729,0.4174915097344272,-2.8974947929382324,-2.8615875244140625,0.9465341567993164,59.631651878356934,0.8683481216430664,0.05489060655236244,3.458108212798834,0.6916216425597668,0.3687162321985388,-2.8459584712982178,-0.8545441031455994,-2.2399263899195154,0.048775277535888346
k4XyfaWVLEY_1,k4XyfaWVLEY,"As the place bustles, a crowd cheers and machines whir",5-10s,230.0,5.0,0.021739130434782608,9,0.6701281666755676,154.12947833538055,0.0833498165011406,0.03087051957845688,19.170457795262337,7.100219503045082,0.6704577952623367,0.7042035810098043,1.4200439006090164,0.35068778705712467,0.03442619740962982,1,1,0.1608370691537857,36.99252590537071,18.492525905370712,30.82589566707611,3.4283551051433157,0.7087647924817356,0.0,0.11764230579137802,27.057730332016945,8.557730332016945,0.02809041179716587,6.46079471334815,1.29215894266963,0.25631441843611996,-3.5438344478607178,-4.252599239349365,0.0833498165011406,19.170457795262337,0.6704577952623367,0.03087051957845688,7.100219503045082,1.4200439006090164,0.35068778705712467,-3.446596622467041,-0.6654393076896667,-3.1720406867071955,0.09437336862100476
kLYCjD6vWI4_2,kLYCjD6vWI4,Train sounds and engine noise fill the air,5-10s,300.0,9.0,0.03,2,0.5923634171485901,177.70902514457703,0.9830709099769592,0.02803013101220131,294.92127299308777,8.409039303660393,0.5787270069122314,0.8753179726475931,0.9343377004067103,0.06791734249704842,0.004050293006002903,1,1,0.7359917759895325,220.79753279685974,74.70246720314026,19.745447238286335,2.9829229451929695,0.3737442776905129,0.0,0.9219095706939697,276.5728712081909,18.927128791809082,0.1140504777431488,34.21514332294464,3.8016825914382935,1.3354437559516104,-2.050018787384033,-2.4237630367279053,0.9830709099769592,294.92127299308777,0.5787270069122314,0.02803013101220131,8.409039303660393,0.9343377004067103,0.06791734249704842,-3.5460448265075684,-0.7242764830589294,-1.6474791892413596,-1.4033610984486586
kx6Rj4MDIAw_1,kx6Rj4MDIAw,A train rumbles by and a whistle blows,5-10s,267.0,9.0,0.033707865168539325,8,0.5322582125663757,142.11294275522232,0.4522085189819336,0.025962578132748604,120.73967456817627,6.932008361443877,0.23967456817626953,0.7212916862319744,0.770223151271542,0.2610749992741415,0.7156625986099243,1,1,0.47813287377357483,127.66147729754448,7.161477297544479,15.79032697280248,2.7593975356403893,0.12921232615624365,0.0,0.47654953598976135,127.23872610926628,6.738726109266281,0.022387739270925522,5.977526385337114,0.6641695983707905,0.40921774288652396,-3.776599645614624,-3.9058120250701904,0.4522085189819336,120.73967456817627,0.23967456817626953,0.025962578132748604,6.932008361443877,0.770223151271542,0.2610749992741415,-3.624793529510498,-1.0576456785202026,-3.168615278526913,0.14814274361238233
lTfNLKEy1RU_2,lTfNLKEy1RU,Someone blows their nose,2-5s,181.0,2.0,0.011049723756906077,3,0.4910241663455963,88.87537410855293,0.9454532861709595,0.02222401462495327,171.12704479694366,4.022546647116542,0.8729552030563354,0.49719746604645293,2.011273323558271,0.6987680158057663,0.9114476442337036,1,1,0.7619823217391968,137.91880023479462,34.08119976520538,44.437687054276466,3.794087916933536,-0.0359071921279591,0.0,0.9258406758308411,167.57716232538223,4.422837674617767,0.02339114621281624,4.233797464519739,2.1168987322598696,0.7499521555148897,-3.7317285537719727,-3.6958212852478027,0.9454532861709595,171.12704479694366,0.8729552030563354,0.02222401462495327,4.022546647116542,2.011273323558271,0.6987680158057663,-3.784107208251953,-1.1140365600585938,-3.044135761418646,-0.051184139709123354
lVr-PxhZo8s_1,lVr-PxhZo8s,Electronic beeps play,2-5s,69.0,2.0,0.028985507246376812,9,0.6701281666755676,46.238843500614166,0.01556268148124218,0.031733859330415726,1.0738250222057104,2.189636293798685,0.9261749777942896,0.38684072451292606,1.0948181468993425,0.09058827358532492,0.9683687090873718,1,1,0.1608370691537857,11.097757771611214,9.097757771611214,23.119421750307083,3.140673032691535,0.7087647924817356,0.0,0.03295087441802025,2.273610334843397,0.27361033484339714,0.039977435022592545,2.7584430165588856,1.3792215082794428,0.32151921555587076,-3.1786415576934814,-3.887406349182129,0.01556268148124218,1.0738250222057104,0.9261749777942896,0.031733859330415726,2.189636293798685,1.0948181468993425,0.09058827358532492,-3.4181227684020996,-1.1987172365188599,-2.819153817135664,-0.23093094197054584
lX3k5p2I_g0_1,lX3k5p2I_g0,Rotor blades whir and the engine roars,20s+,300.0,151.0,0.5033333333333333,0,0.18933655321598053,56.80096596479416,0.7457928657531738,0.4515754282474518,223.73785972595215,135.47262847423553,0.7621402740478516,0.8971697249949373,0.8971697249949373,0.10851022078088116,0.8151589035987854,1,1,0.6764324307441711,202.92972922325134,21.570270776748657,0.3761653375151931,0.9777265048099939,-1.4543268461844807,0.0,0.7315356135368347,219.46068406105042,5.039315938949585,0.2910040318965912,87.30120956897736,0.578153705754817,0.5479155187506054,-0.8905126452445984,0.5638142228126526,0.7457928657531738,223.73785972595215,0.7621402740478516,0.4515754282474518,135.47262847423553,0.8971697249949373,0.10851022078088116,-0.1943073272705078,0.3312470316886902,0.4298109860593884,0.4394052979697243
lgwpIImXCWA_2,lgwpIImXCWA,Objects scrape against each other,10-20s,194.0,14.0,0.07216494845360824,2,0.5923634171485901,114.91850292682648,0.9967257976531982,0.010715977288782597,193.36480474472046,2.0788995940238237,0.364804744720459,0.5197248985059559,0.14849282814455883,1.9072186172284755,0.04352746531367302,1,1,0.7359917759895325,142.7824045419693,9.2175954580307,8.20846449477332,2.1051658773210575,0.3737442776905129,0.0,0.9898362755775452,192.02823746204376,0.9717625379562378,0.01785638928413391,3.4641395211219788,0.2474385372229985,1.3965930622660294,-4.007376194000244,-4.381120681762695,0.9967257976531982,193.36480474472046,0.364804744720459,0.010715977288782597,2.0788995940238237,0.14849282814455883,1.9072186172284755,-4.525245666503906,-1.210608959197998,-3.501758939587087,-0.5106255549624459
lh801oHGtD4_1,lh801oHGtD4,Gears are turning,20s+,97.0,26.0,0.26804123711340205,3,0.4910241663455963,47.62934413552284,0.8890531659126282,0.08095621317625046,86.23815709352493,7.852752678096294,0.7618429064750671,0.8246262243283922,0.3020289491575498,1.197232408063783,0.03268836438655853,1,1,0.7619823217391968,73.91228520870209,6.087714791297913,1.8318978513662632,0.6053525067095565,-0.0359071921279591,0.0,0.9261264801025391,89.83426856994629,2.834268569946289,0.10889501124620438,10.562816090881824,0.40626215734160864,0.9007566200219969,-2.1020779609680176,-2.0661706924438477,0.8890531659126282,86.23815709352493,0.7618429064750671,0.08095621317625046,7.852752678096294,0.3020289491575498,1.197232408063783,-2.4294252395629883,-1.3243364095687866,-1.5061091267315534,-0.29647578804178626
lh801oHGtD4_1,lh801oHGtD4,Gears are turning,20s+,97.0,26.0,0.26804123711340205,5,0.4456096887588501,43.22413980960846,0.8339841365814209,0.07276656478643417,80.89646124839783,7.058356784284115,0.8964612483978271,0.2833520692030089,0.2714752609340044,1.30388426370824,0.1223735511302948,1,1,0.6909807920455933,67.02513682842255,12.974863171577454,1.6624669157541716,0.508302593051616,-0.2184255400548803,0.0,0.8373215794563293,81.22019320726395,1.2201932072639465,0.11764948815107346,11.412000350654125,0.43892309040977406,0.8234310739434391,-2.0148797035217285,-1.7964540719985962,0.8339841365814209,80.89646124839783,0.8964612483978271,0.07276656478643417,7.058356784284115,0.2714752609340044,1.30388426370824,-2.5449488162994385,-1.5360037088394165,-1.331733666995055,-0.4804531897648008
lh801oHGtD4_1,lh801oHGtD4,Gears are turning,20s+,97.0,26.0,0.26804123711340205,7,0.8412365913391113,81.5999493598938,0.2723230719566345,0.08167482167482376,26.41533797979355,7.922457702457905,0.5846620202064514,0.39612288512289523,0.3047099116329963,1.1883950643662817,0.9405254125595093,1,1,0.27036458253860474,26.22536450624466,0.7746354937553406,3.1384595907651462,1.14373210335885,1.6674578436475704,0.0,0.21283696591854095,20.645185694098473,6.354814305901527,0.101019486784935,9.798890218138695,0.37688039300533444,0.9758274018045057,-2.185947895050049,-3.853405714035034,0.2723230719566345,26.41533797979355,0.5846620202064514,0.08167482167482376,7.922457702457905,0.3047099116329963,1.1883950643662817,-2.4198057651519775,-1.9485034942626953,-2.119559505163356,-0.2125676625617759
lh801oHGtD4_2,lh801oHGtD4,Gears are turning and doors are opening and closing,2-5s,97.0,3.0,0.030927835051546393,0,0.18933655321598053,18.36564566195011,0.6883134245872498,0.03897906094789505,66.76640218496323,3.78096891194582,0.7664021849632263,0.5289649416796526,1.2603229706486065,0.23136801402910537,0.9110752940177917,1,1,0.6764324307441711,65.6139457821846,0.38605421781539917,6.121881887316704,1.8118695471840025,-1.4543268461844807,0.0,0.6954348683357239,67.45718222856522,1.457182228565216,0.044793661683797836,4.34498518332839,1.4483283944427967,0.370410059992428,-3.0598607063293457,-1.6055339574813843,0.6883134245872498,66.76640218496323,0.7664021849632263,0.03897906094789505,3.78096891194582,1.2603229706486065,0.23136801402910537,-3.2049715518951416,-1.4651938676834106,-1.4414594871915747,-0.13904204596332254
lh801oHGtD4_2,lh801oHGtD4,Gears are turning and doors are opening and closing,2-5s,97.0,3.0,0.030927835051546393,5,0.4456096887588501,43.22413980960846,0.8206443786621094,0.034243907779455185,79.60250473022461,3.321659054607153,0.10250473022460938,0.9031631334465196,1.107219684869051,0.10185208468732367,0.9187180995941162,1,1,0.6909807920455933,67.02513682842255,1.0251368284225464,14.40804660320282,2.6677868424049884,-0.2184255400548803,0.0,0.813152015209198,78.8757454752922,0.6242545247077942,0.03184065222740173,3.088543266057968,1.0295144220193226,0.02908725614846209,-3.4146528244018555,-3.1962273120880127,0.8206443786621094,79.60250473022461,0.10250473022460938,0.034243907779455185,3.321659054607153,1.107219684869051,0.10185208468732367,-3.339402675628662,-1.472838282585144,-2.638699586256526,0.07276482853886154
lh801oHGtD4_3,lh801oHGtD4,A man speaks as an alarm blares,2-5s,97.0,4.0,0.041237113402061855,3,0.4910241663455963,47.62934413552284,0.9418051838874817,0.062079571187496185,91.35510283708572,6.02171840518713,0.6448971629142761,0.6642622140142563,1.5054296012967825,0.40907830683455276,0.0970011055469513,1,1,0.7619823217391968,73.91228520870209,18.087714791297913,11.90733603388071,2.4771546836111478,-0.0359071921279591,0.0,0.9707905650138855,94.1666848063469,2.1666848063468933,0.04724525660276413,4.582789890468121,1.1456974726170301,0.13601359794226858,-3.004005193710327,-2.9680979251861572,0.9418051838874817,91.35510283708572,0.6448971629142761,0.062079571187496185,6.02171840518713,1.5054296012967825,0.40907830683455276,-2.7152481079101562,-0.4809584319591522,-2.3411410856688795,0.2730647088922841
lrKGCtSsAkA_4,lrKGCtSsAkA,Plastic gets crushed as the wind blows,0-2s,240.0,1.0,0.004166666666666667,2,0.5923634171485901,142.16722011566162,0.9974910020828247,0.007971590384840965,239.39784049987793,1.9131816923618317,0.10215950012207031,0.5226895093092259,1.9131816923618317,0.6487676636593785,0.7500020861625671,1,1,0.7359917759895325,176.6380262374878,62.86197376251221,142.16722011566162,4.95700397121498,0.3737442776905129,0.0,0.9840659499168396,236.1758279800415,3.324172019958496,0.02510765753686428,6.025837808847427,6.025837808847427,1.7960565251197727,-3.659154176712036,-4.032898426055908,0.9974910020828247,239.39784049987793,0.10215950012207031,0.007971590384840965,1.9131816923618317,1.9131816923618317,0.6487676636593785,-4.8238677978515625,-1.3146506547927856,-3.1609474460952067,-1.1472888614603942
mSF_FqBtRPs_1,mSF_FqBtRPs,Electronic beeps play,2-5s,67.0,4.0,0.05970149253731343,9,0.6701281666755676,44.89858716726303,0.05799602344632149,0.04092524200677872,3.8857335709035397,2.741991214454174,0.8857335709035397,0.5838431181132759,0.6854978036135435,0.37760998404975366,0.973622739315033,1,1,0.1608370691537857,10.776083633303642,7.776083633303642,11.224646791815758,2.418111966925296,0.7087647924817356,0.0,0.07593782246112823,5.087834104895592,2.0878341048955917,0.0516558475792408,3.4609417878091335,0.8652354469522834,0.14475361607963375,-2.910114049911499,-3.6188788414001465,0.05799602344632149,3.8857335709035397,0.8857335709035397,0.04092524200677872,2.741991214454174,0.6854978036135435,0.37760998404975366,-3.154222011566162,-1.5608187913894653,-2.56286558300493,-0.23285636797011997
mSF_FqBtRPs_2,mSF_FqBtRPs,A phone rings and a resonant tone follows,20s+,67.0,22.0,0.3283582089552239,1,0.3227500021457672,21.624250143766403,0.3741992712020874,0.11861895024776459,25.071351170539856,7.947469666600227,0.571351170539856,0.6113438205077097,0.36124862120910123,1.01818885628499,0.9217252135276794,1,1,0.44674772024154663,29.932097256183624,5.432097256183624,0.9829204610802911,0.017227076574347012,-0.7411624414217115,0.0,0.3859769403934479,25.860455006361008,1.3604550063610077,0.1044749990105629,6.999824933707714,0.3181738606230779,1.1451573140860711,-2.1484622955322266,-1.4072998762130737,0.3741992712020874,25.071351170539856,0.571351170539856,0.11861895024776459,7.947469666600227,0.36124862120910123,1.01818885628499,-2.0055737495422363,-1.0817101001739502,-1.1279302375117242,0.1269684578010813
mUGmCSNETcg_1,mUGmCSNETcg,A woman speaks as a car passes by and birds chirp,20s+,299.0,45.0,0.1505016722408027,1,0.3227500021457672,96.5022506415844,0.07624052464962006,0.03347478061914444,22.795916870236397,10.008959405124187,0.2959168702363968,0.22242132011387084,0.22242132011387084,1.5031818573789906,0.09089883416891098,1,1,0.44674772024154663,133.57756835222244,67.57756835222244,2.1444944587018755,0.7629038410133694,-0.7411624414217115,0.0,0.3758011758327484,112.36455157399178,46.364551573991776,0.04980634152889252,14.892096117138863,0.3309354692697525,1.1058318795006041,-2.94852352142334,-2.2073609828948975,0.07624052464962006,22.795916870236397,0.2959168702363968,0.03347478061914444,10.008959405124187,0.22242132011387084,1.5031818573789906,-3.3629150390625,-1.5995653867721558,-1.8687357205139736,-0.3973499778783866
mUGmCSNETcg_1,mUGmCSNETcg,A woman speaks as a car passes by and birds chirp,20s+,299.0,45.0,0.1505016722408027,9,0.6701281666755676,200.36832183599472,0.0755411759018898,0.10874588787555695,22.58681159466505,32.51502047479153,0.0868115946650505,0.7225560105509228,0.7225560105509228,0.32496033874644964,0.9599777460098267,1,1,0.1608370691537857,48.090283676981926,0.909716323018074,4.452629374133216,1.4934947922745874,0.7087647924817356,0.0,0.07760048657655716,23.20254548639059,0.7025454863905907,0.07836366444826126,23.430735670030117,0.5206830148895581,0.6526138391080273,-2.4647903442382812,-3.1735551357269287,0.0755411759018898,22.58681159466505,0.0868115946650505,0.10874588787555695,32.51502047479153,0.7225560105509228,0.32496033874644964,-2.1036157608032227,-0.8985846638679504,-2.1461086313826145,0.32765350036157764
mUGmCSNETcg_3,mUGmCSNETcg,A woman speaks as food sizzles,20s+,299.0,32.0,0.10702341137123746,2,0.5923634171485901,177.11666172742844,0.9883129000663757,0.011481431312859058,295.50555711984634,3.4329479625448585,0.005557119846343994,0.38143866250498426,0.10727962382952683,2.2323165464510395,0.01305260881781578,1,1,0.7359917759895325,220.0615410208702,3.9384589791297913,5.534895678982139,1.711072718463948,0.3737442776905129,0.0,0.9801422357559204,293.0625284910202,2.4374715089797974,0.03442418575286865,10.292831540107727,0.32165098562836647,1.1342882168414146,-3.333965301513672,-3.707709550857544,0.9883129000663757,295.50555711984634,0.005557119846343994,0.011481431312859058,3.4329479625448585,0.10727962382952683,2.2323165464510395,-4.4554762840271,-1.083095669746399,-2.8453609353053624,-1.0980283296096252
mWqH2xwjkYA_1,mWqH2xwjkYA,Something gets spat out and people are laughing,2-5s,118.0,4.0,0.03389830508474576,0,0.18933655321598053,22.341713279485703,0.7311223149299622,0.03748878464102745,86.27243316173553,4.423676587641239,0.22756683826446533,0.6781689259068638,1.1059191469103098,0.10067679636851667,0.7312825322151184,1,1,0.6764324307441711,79.8190268278122,0.18097317218780518,5.585428319871426,1.7201611206945036,-1.4543268461844807,0.0,0.7572402954101562,89.35435485839844,2.6456451416015625,0.03389616683125496,3.999747686088085,0.9999369215220213,6.308046750956323e-05,-3.3499693870544434,-1.8956425189971924,0.7311223149299622,86.27243316173553,0.22756683826446533,0.03748878464102745,4.423676587641239,1.1059191469103098,0.10067679636851667,-3.2455039024353027,-1.1059545278549194,-1.720224201162013,0.1007398768360262
mYQrjcYNrW0_1,mYQrjcYNrW0,Birds chirp nearby,20s+,202.0,20.0,0.09900990099009901,9,0.6701281666755676,135.36588966846466,0.053289126604795456,0.14149919152259827,10.764403574168682,28.58283668756485,0.7644035741686821,0.6997206127095541,1.4291418343782425,0.35707414831083256,0.9432879686355591,1,1,0.1608370691537857,32.48908796906471,22.489087969064713,6.768294483423233,1.9122491325014346,0.7087647924817356,0.0,0.0694832056760788,14.035607546567917,4.035607546567917,0.16220927238464355,32.766273021698,1.6383136510849,0.49366745127893785,-1.641880989074707,-2.3506457805633545,0.053289126604795456,10.764403574168682,0.7644035741686821,0.14149919152259827,28.58283668756485,1.4291418343782425,0.35707414831083256,-1.8028936386108398,-1.0971800088882446,-1.4185816812224965,-0.13659330296810535
m_U506sf9p4_1,m_U506sf9p4,Music is playing,10-20s,212.0,11.0,0.05188679245283019,4,0.07413875311613083,15.717415660619736,0.023979848250746727,0.004042759537696838,5.083727829158306,0.8570650219917297,0.4162721708416939,0.07791500199924815,0.07791500199924815,2.5521367644252106,0.017432352527976036,1,1,0.5870380997657776,124.45207715034485,118.95207715034485,1.4288559691472487,0.3568741025084219,-2.5247858938815373,0.0,0.45415598154067993,96.28106808662415,90.78106808662415,0.01533439476042986,3.25089168921113,0.29553560811010277,1.218965948177051,-4.162203788757324,-1.6374179124832153,0.023979848250746727,5.083727829158306,0.4162721708416939,0.004042759537696838,0.8570650219917297,0.07791500199924815,2.5521367644252106,-5.506776809692383,-2.1870124340057373,-1.575840050685473,-1.3331708162481597
m_U506sf9p4_1,m_U506sf9p4,Music is playing,10-20s,212.0,11.0,0.05188679245283019,6,0.8429434299468994,178.70400714874268,0.027547938749194145,0.08494048565626144,5.840163014829159,18.007382959127426,0.3401630148291588,0.610860557859376,1.6370348144661298,0.4928865653993407,0.014311562292277813,1,1,0.36404988169670105,77.17857491970062,71.67857491970062,16.24581883170388,2.78783557300336,1.6802937908532223,0.0,0.18129166960716248,38.433833956718445,32.933833956718445,0.3760754466056824,79.72799468040466,7.247999516400424,1.98072550201888,-0.506239652633667,-2.1865334510803223,0.027547938749194145,5.840163014829159,0.3401630148291588,0.08494048565626144,18.007382959127426,1.6370348144661298,0.4928865653993407,-2.3770382404327393,-2.0649778842926025,-0.8071100709844797,-1.4878389366195395
m_U506sf9p4_1,m_U506sf9p4,Music is playing,10-20s,212.0,11.0,0.05188679245283019,7,0.8412365913391113,178.3421573638916,0.02993699721992016,0.08911831676959991,6.346643410623074,18.893083155155182,0.8466434106230736,0.5822236587678666,1.7175530141050166,0.5409006116569233,0.010662219487130642,1,1,0.27036458253860474,57.317291498184204,51.817291498184204,16.212923396717418,2.785808664750591,1.6674578436475704,0.0,0.12124968320131302,25.70493283867836,20.20493283867836,0.32743680477142334,69.41660261154175,6.310600237412886,1.842230796817142,-0.7198009490966797,-2.387258768081665,0.02993699721992016,6.346643410623074,0.8466434106230736,0.08911831676959991,18.893083155155182,1.7175530141050166,0.5409006116569233,-2.3244481086730957,-1.974812626838684,-0.943577867933449,-1.301330185160219
m_U506sf9p4_1,m_U506sf9p4,Music is playing,10-20s,212.0,11.0,0.05188679245283019,8,0.5322582125663757,112.83874106407166,0.021942293271422386,0.034857671707868576,4.651766173541546,7.389826402068138,0.8482338264584541,0.6718024001880125,0.6718024001880125,0.39779102903865016,0.015547778457403183,1,1,0.47813287377357483,101.36416923999786,95.86416923999786,10.25806736946106,2.328064456450001,0.12921232615624365,0.0,0.28870394825935364,61.20523703098297,55.70523703098297,0.1124328076839447,23.835755228996277,2.1668868389996616,0.7732915010705663,-2.0661284923553467,-2.195340871810913,0.021942293271422386,4.651766173541546,0.8482338264584541,0.034857671707868576,7.389826402068138,0.6718024001880125,0.39779102903865016,-3.321002244949341,-2.113311290740967,-1.5547729553794345,-1.1710825301092165
m_U506sf9p4_4,m_U506sf9p4,Steam hisses,2-5s,212.0,3.0,0.014150943396226415,6,0.8429434299468994,178.70400714874268,0.366332471370697,0.035905081778764725,77.66248393058777,7.611877337098122,0.16248393058776855,0.3941209069908227,2.5372924456993737,0.9310975462242524,0.966858983039856,1,1,0.36404988169670105,77.17857491970062,0.32142508029937744,59.56800238291422,4.08711855713362,1.6802937908532223,0.0,0.3220536410808563,68.27537190914154,9.22462809085846,0.03546527773141861,7.518638879060745,2.506212959686915,0.9187728327862383,-3.3030917644500732,-4.9833855628967285,0.366332471370697,77.66248393058777,0.16248393058776855,0.035905081778764725,7.611877337098122,2.5372924456993737,0.9310975462242524,-3.290310859680176,-1.544507384300232,-3.1683457243473825,0.012324713438014114
maVYiednkSg_1,maVYiednkSg,Faint voices blend with the hum of machinery,20s+,142.0,46.0,0.323943661971831,0,0.18933655321598053,26.885790556669235,0.7506501078605652,0.10136168450117111,106.59231531620026,14.393359199166298,0.40768468379974365,0.3128991130253543,0.3128991130253543,1.1618744630017808,0.9139477014541626,1,1,0.6764324307441711,96.0534051656723,10.946594834327698,0.584473707753679,0.5370434815391049,-1.4543268461844807,0.0,0.7512736320495605,106.6808557510376,0.31914424896240234,0.07540769875049591,10.70789322257042,0.23278028744718302,1.4576602426242242,-2.506443500518799,-1.0521166324615479,0.7506501078605652,106.59231531620026,0.40768468379974365,0.10136168450117111,14.393359199166298,0.3128991130253543,1.1618744630017808,-2.182185411453247,-0.780430793762207,-0.9206167610851193,0.2957857796224433
maVYiednkSg_1,maVYiednkSg,Faint voices blend with the hum of machinery,20s+,142.0,46.0,0.323943661971831,7,0.8412365913391113,119.45559597015381,0.24973143637180328,0.08515741676092148,35.461863964796066,12.09235318005085,0.9618639647960663,0.24809066980851982,0.2628772430445837,1.336068112253561,0.4968022406101227,1,1,0.27036458253860474,38.39177072048187,3.1082292795181274,2.5968607819598652,0.9543033239891149,1.6674578436475704,0.0,0.2518831789493561,35.76741141080856,1.2674114108085632,0.09178492426872253,13.0334592461586,0.2833360705686652,1.261121557381967,-2.2920331954956055,-3.959491014480591,0.24973143637180328,35.461863964796066,0.9618639647960663,0.08515741676092148,12.09235318005085,0.2628772430445837,1.336068112253561,-2.3742504119873047,-1.3227921724319458,-2.215424881371082,-0.07494655487159396
maVYiednkSg_2,maVYiednkSg,Gas hisses,5-10s,142.0,5.0,0.035211267605633804,1,0.3227500021457672,45.830500304698944,0.43178337812423706,0.07740849256515503,61.31323969364166,10.992005944252014,0.6867603063583374,0.1819504110663121,2.198401188850403,0.7877303638255881,0.9098896980285645,1,1,0.44674772024154663,63.43817627429962,1.4381762742996216,9.166100060939788,2.2155119025601633,-0.7411624414217115,0.0,0.4262288212776184,60.524492621421814,1.475507378578186,0.05520576611161232,7.839218787848949,1.5678437575697899,0.4497012725563606,-2.839899778366089,-2.0987372398376465,0.43178337812423706,61.31323969364166,0.6867603063583374,0.07740849256515503,10.992005944252014,2.198401188850403,0.7877303638255881,-2.4780900478363037,-1.1416336297988892,-1.7658106300038026,0.3380290912692275
maVYiednkSg_2,maVYiednkSg,Gas hisses,5-10s,142.0,5.0,0.035211267605633804,6,0.8429434299468994,119.69796705245972,0.34499412775039673,0.06210675835609436,48.989166140556335,8.8191596865654,0.5108338594436646,0.11338948783559759,1.7638319373130797,0.5674886794137378,0.9114584922790527,1,1,0.36404988169670105,51.69508320093155,2.195083200931549,23.939593410491945,3.1755337162968784,1.6802937908532223,0.0,0.3107355237007141,44.124444365501404,5.375555634498596,0.04909979924559593,6.972171492874622,1.3944342985749245,0.33248881229273897,-2.9635541439056396,-4.643847942352295,0.34499412775039673,48.989166140556335,0.5108338594436646,0.06210675835609436,8.8191596865654,1.7638319373130797,0.5674886794137378,-2.7147812843322754,-1.548456072807312,-2.8430449040041395,0.23499986712099902
n74IYuCe_ms_1,n74IYuCe_ms,A man speaks as water flows,5-10s,144.0,5.0,0.034722222222222224,0,0.18933655321598053,27.264463663101196,0.6847621202468872,0.02831680327653885,98.60574531555176,4.077619671821594,0.10574531555175781,0.24524111625969036,0.8155239343643188,0.20392450803928172,0.8151161670684814,1,1,0.6764324307441711,97.40627002716064,1.0937299728393555,5.452892732620239,1.6961462444906297,-1.4543268461844807,0.0,0.7215220928192139,103.8991813659668,5.399181365966797,0.03948004171252251,5.685126006603241,1.137025201320648,0.12841537927267493,-3.1916794776916504,-1.737352728843689,0.6847621202468872,98.60574531555176,0.10574531555175781,0.02831680327653885,4.077619671821594,0.8155239343643188,0.20392450803928172,-3.535574436187744,-1.6016229391098022,-1.5677308652179547,-0.33233988731195674
n74IYuCe_ms_1,n74IYuCe_ms,A man speaks as water flows,5-10s,144.0,5.0,0.034722222222222224,3,0.4910241663455963,70.70747995376587,0.9697034955024719,0.02400880679488182,139.63730335235596,3.457268178462982,0.862696647644043,0.578280660681631,0.6914536356925964,0.368959179015156,0.8940650224685669,1,1,0.7619823217391968,109.72545433044434,6.774545669555664,14.141495990753175,2.649113453369556,-0.0359071921279591,0.0,0.9595926403999329,138.18134021759033,2.318659782409668,0.03792629763484001,5.461386859416962,1.0922773718833922,0.08826484862549157,-3.2334463596343994,-3.1975390911102295,0.9697034955024719,139.63730335235596,0.862696647644043,0.02400880679488182,3.457268178462982,0.6914536356925964,0.368959179015156,-3.7050328254699707,-1.2757428884506226,-2.560848604744064,-0.45722402764064757
n74IYuCe_ms_1,n74IYuCe_ms,A man speaks as water flows,5-10s,144.0,5.0,0.034722222222222224,4,0.07413875311613083,10.67598044872284,0.6892426013946533,0.01770935393869877,99.25093460083008,2.5501469671726227,0.7509346008300781,0.3921342624063395,0.5100293934345246,0.6732869207392091,0.8614381551742554,1,1,0.5870380997657776,84.53348636627197,13.966513633728027,2.135196089744568,0.7585584877766802,-2.5247858938815373,0.0,0.7033356428146362,101.28033256530762,2.780332565307617,0.02339123748242855,3.3683381974697113,0.6736676394939423,0.395018406169575,-3.731724739074707,-1.2069388628005981,0.6892426013946533,99.25093460083008,0.7509346008300781,0.01770935393869877,2.5501469671726227,0.5100293934345246,0.6732869207392091,-4.015794277191162,-1.1273525953292847,-1.1535768939462552,-0.2782685145696342
nD1K1Zo0qrM_5,nD1K1Zo0qrM,A man's voice over multiple other voices,10-20s,299.0,16.0,0.05351170568561873,4,0.07413875311613083,22.167487181723118,0.5834697484970093,0.1576923429965973,174.45745480060577,47.15001055598259,0.5425451993942261,0.33934244788774187,2.946875659748912,1.080745510720521,0.8477018475532532,1,1,0.5870380997657776,175.5243918299675,0.5243918299674988,1.3854679488576949,0.3260379517856852,-2.5247858938815373,0.0,0.5950691103935242,177.92566400766373,2.925664007663727,0.13113540410995483,39.209485828876495,2.450592864304781,0.8963299807134066,-1.8909568786621094,0.6338291764259338,0.5834697484970093,174.45745480060577,0.5425451993942261,0.1576923429965973,47.15001055598259,2.946875659748912,1.080745510720521,-1.675499439239502,-0.597971498966217,0.5702920289277215,0.1844155300071145
nU-AI3Cmc3M_1,nU-AI3Cmc3M,Pigeons coo and flap their wings,2-5s,86.0,3.0,0.03488372093023256,8,0.5322582125663757,45.77420628070831,0.44927260279655457,0.061124976724386215,38.63744384050369,5.2567479982972145,0.13744384050369263,0.57069503825783,1.7522493327657382,0.560900295611087,0.9158135056495667,1,1,0.47813287377357483,41.119427144527435,2.6194271445274353,15.258068760236105,2.725108462161757,0.12921232615624365,0.0,0.47555050253868103,40.89734321832657,2.3973432183265686,0.06931443512439728,5.961041420698166,1.9870138068993886,0.6866329121612346,-2.5972683429718018,-2.726480722427368,0.44927260279655457,38.63744384050369,0.13744384050369263,0.061124976724386215,5.2567479982972145,1.7522493327657382,0.560900295611087,-2.7317616939544678,-1.5901910066604614,-2.0384755500005225,-0.12573261655014759
ne2DpKCIr4Y_2,ne2DpKCIr4Y,"People talk, a dog barks, and something is struck as the wind blows",5-10s,262.0,6.0,0.022900763358778626,5,0.4456096887588501,116.74973845481873,0.8806601762771606,0.027130521833896637,230.7329661846161,7.108196720480919,0.26703381538391113,0.8440959410580379,1.1846994534134865,0.1694891166072253,0.8550341129302979,1,1,0.6909807920455933,181.03696751594543,49.963032484054565,19.458289742469788,2.968273187102757,-0.2184255400548803,0.0,0.8457635641098022,221.5900537967682,9.409946203231812,0.02859896793961525,7.492929600179195,1.248821600029866,0.2222003866981566,-3.5253686904907227,-3.30694317817688,0.8806601762771606,230.7329661846161,0.26703381538391113,0.027130521833896637,7.108196720480919,1.1846994534134865,0.1694891166072253,-3.5795905590057373,-1.3505871295928955,-2.7460728004046007,-0.05271127009093128
nlC4UI4hZ60_1,nlC4UI4hZ60,"As a man speaks, birds chirp",5-10s,77.0,5.0,0.06493506493506493,1,0.3227500021457672,24.851750165224075,0.025846239179372787,0.01547375600785017,1.9901604168117046,1.191479212604463,0.5098395831882954,0.23829584252089261,0.23829584252089261,1.4342423414379708,0.07131929695606232,1,1,0.44674772024154663,34.39957445859909,31.89957445859909,4.970350033044815,1.603490266812586,-0.7411624414217115,0.0,0.3613947033882141,27.827392160892487,25.327392160892487,0.05129982903599739,3.950086835771799,0.7900173671543598,0.23570035002301282,-2.917405366897583,-2.1762428283691406,0.025846239179372787,1.9901604168117046,0.5098395831882954,0.01547375600785017,1.191479212604463,0.23829584252089261,1.4342423414379708,-4.15301513671875,-2.106592893600464,-1.839190616835599,-1.198541991414958
nlC4UI4hZ60_1,nlC4UI4hZ60,"As a man speaks, birds chirp",5-10s,77.0,5.0,0.06493506493506493,6,0.8429434299468994,64.90664410591125,0.023171795532107353,0.016969099640846252,1.7842282559722662,1.3066206723451614,0.7157717440277338,0.2613241344690323,0.2613241344690323,1.34199374765521,0.034754760563373566,1,1,0.36404988169670105,28.03184089064598,25.53184089064598,12.98132882118225,2.5635120805493017,1.6802937908532223,0.0,0.17529316246509552,13.497573509812355,10.997573509812355,0.09248130768537521,7.1210606917738914,1.4242121383547783,0.35361877545807346,-2.283707618713379,-3.964001417160034,0.023171795532107353,1.7842282559722662,0.7157717440277338,0.016969099640846252,1.3066206723451614,0.2613241344690323,1.34199374765521,-4.05924654006958,-2.5003092288970947,-2.2098933050912284,-1.6956125231132833
nlC4UI4hZ60_1,nlC4UI4hZ60,"As a man speaks, birds chirp",5-10s,77.0,5.0,0.06493506493506493,7,0.8412365913391113,64.77521753311157,0.03918857127428055,0.026284074410796165,3.017519988119602,2.0238737296313047,0.5175199881196022,0.40477474592626095,0.40477474592626095,0.9044245495008008,0.929287314414978,1,1,0.27036458253860474,20.818072855472565,18.318072855472565,12.955043506622314,2.5614851722965324,1.6674578436475704,0.0,0.07609338313341141,5.859190501272678,3.3591905012726784,0.03465189412236214,2.6681958474218845,0.533639169484377,0.6280353809946508,-3.327136278152466,-4.994594097137451,0.03918857127428055,3.017519988119602,0.5175199881196022,0.026284074410796165,2.0238737296313047,0.40477474592626095,0.9044245495008008,-3.612156391143799,-1.7660592794418335,-3.1895205532911834,-0.2763891685061498
nlC4UI4hZ60_1,nlC4UI4hZ60,"As a man speaks, birds chirp",5-10s,77.0,5.0,0.06493506493506493,9,0.6701281666755676,51.59986883401871,0.03341367095708847,0.06165201589465141,2.5728526636958122,4.747205223888159,0.07285266369581223,0.9494410447776318,0.9494410447776318,0.051881841465691865,0.9888101816177368,1,1,0.1608370691537857,12.3844543248415,9.8844543248415,10.319973766803741,2.334081218073804,0.7087647924817356,0.0,0.016267826780676842,1.2526226621121168,1.2473773378878832,0.033137354999780655,2.5515763349831104,0.5103152669966221,0.6727265736708826,-3.3733952045440674,-4.082159996032715,0.03341367095708847,2.5728526636958122,0.07285266369581223,0.06165201589465141,4.747205223888159,0.9494410447776318,0.051881841465691865,-2.7226150035858154,-0.3485354483127594,-3.006807791744687,0.6208447322051908
nlC4UI4hZ60_3,nlC4UI4hZ60,A stun gun crackles,5-10s,77.0,5.0,0.06493506493506493,0,0.18933655321598053,14.5789145976305,0.12185750156641006,0.03621901571750641,9.383027620613575,2.7888642102479935,0.11697237938642502,0.5577728420495986,0.5577728420495986,0.5838034925867956,0.014779318124055862,1,1,0.6764324307441711,52.08529716730118,42.58529716730118,2.9157829195261002,1.0701383667683129,-1.4543268461844807,0.0,0.7188823819160461,55.35394340753555,45.85394340753555,0.09359358251094818,7.20670585334301,1.441341170668602,0.3655740486532282,-2.2705259323120117,-0.8161991238594055,0.12185750156641006,9.383027620613575,0.11697237938642502,0.03621901571750641,2.7888642102479935,0.5577728420495986,0.5838034925867956,-3.2812798023223877,-1.4661247730255127,-0.7045643181150847,-0.9493775412400238
nmLMLgWPmFM_3,nmLMLgWPmFM,Music plays as people talk,10-20s,299.0,16.0,0.05351170568561873,3,0.4910241663455963,146.8162257373333,0.8836324214935303,0.05729340389370918,264.20609402656555,17.130727764219046,0.7939059734344482,0.9085323311359318,1.0706704852636904,0.06828507397015468,0.9743606448173523,1,1,0.7619823217391968,227.83271420001984,37.167285799980164,9.176014108583331,2.216592917378561,-0.0359071921279591,0.0,0.8640177845954895,258.34131759405136,6.658682405948639,0.043737515807151794,13.077517226338387,0.8173448266461492,0.20169420872790414,-3.0848262310028076,-3.0489189624786377,0.8836324214935303,264.20609402656555,0.7939059734344482,0.05729340389370918,17.130727764219046,1.0706704852636904,0.06828507397015468,-2.800569534301758,-1.1117178201675415,-2.418287126106465,0.2699792826980589
o7jW6Suyfbs_2,o7jW6Suyfbs,"As a man speaks into a microphone, the engine roars",10-20s,182.0,18.0,0.0989010989010989,7,0.8412365913391113,153.10505962371826,0.1541149914264679,0.09748285263776779,28.048928439617157,17.741879180073738,0.951071560382843,0.8989404954888006,0.985659954448541,0.01444385764658276,0.9680929780006409,1,1,0.27036458253860474,49.20635402202606,1.206354022026062,8.505836645762125,2.14075259205758,1.6674578436475704,0.0,0.15691307187080383,28.558179080486298,0.4418209195137024,0.07353580743074417,13.38351695239544,0.7435287195775244,0.2963478862858878,-2.5336029529571533,-4.201060771942139,0.1541149914264679,28.048928439617157,0.951071560382843,0.09748285263776779,17.741879180073738,0.985659954448541,0.01444385764658276,-2.225511074066162,-1.455264925956726,-2.4371004783434675,0.281904028639305
oN0IcZaHD_8_1,oN0IcZaHD_8,A man is speaking,10-20s,299.0,17.0,0.056856187290969896,4,0.07413875311613083,22.167487181723118,0.6362745761871338,0.055055104196071625,190.246098279953,16.461476154625416,0.7460982799530029,0.3037394674107084,0.9683221267426715,0.032190471502455124,0.9702850580215454,1,1,0.5870380997657776,175.5243918299675,6.975608170032501,1.303969834219007,0.2654133299692503,-2.5247858938815373,0.0,0.6357372999191284,190.0854526758194,0.585452675819397,0.04503199830651283,13.464567493647337,0.7920333819792551,0.23315173909224787,-3.054304599761963,-0.5295186638832092,0.6362745761871338,190.246098279953,0.7460982799530029,0.055055104196071625,16.461476154625416,0.9683221267426715,0.032190471502455124,-2.84279203414917,-0.8742709159851074,-0.4985650690614982,0.20096126758979277
oN0IcZaHD_8_3,oN0IcZaHD_8,"As machinery operates, various sounds fill the air",20s+,299.0,43.0,0.14381270903010032,1,0.3227500021457672,96.5022506415844,0.43744710087776184,0.10074717551469803,130.7966831624508,30.12340547889471,0.7033168375492096,0.5643452235807359,0.7005443134626677,0.35589765544476526,0.9622480273246765,1,1,0.44674772024154663,133.57756835222244,2.0775683522224426,2.2442383870135907,0.8083662150901268,-0.7411624414217115,0.0,0.4117784798145294,123.1217654645443,8.378234535455704,0.08217114210128784,24.569171488285065,0.5713760811229085,0.5597076501895405,-2.4132068157196045,-1.6720443964004517,0.43744710087776184,130.7966831624508,0.7033168375492096,0.10074717551469803,30.12340547889471,0.7005443134626677,0.35589765544476526,-2.1889500617980957,-1.3372474908828735,-1.3680738652796673,0.20380999474477537
oNHCc_izsDE_2,oNHCc_izsDE,Water splashes,20s+,106.0,28.0,0.2641509433962264,1,0.3227500021457672,34.211500227451324,0.461094468832016,0.0511273518204689,48.876013696193695,5.419499292969704,0.12398630380630493,0.7380755645062801,0.1935535461774894,1.6422010803619742,0.9284177422523499,1,1,0.44674772024154663,47.35525834560394,1.6447416543960571,1.2218392938375473,0.200357341329866,-0.7411624414217115,0.0,0.46695616841316223,49.4973538517952,0.49735385179519653,0.05197639763355255,5.50949814915657,0.1967677910413061,1.6257309711662986,-2.9035897254943848,-2.1624271869659424,0.461094468832016,48.876013696193695,0.12398630380630493,0.0511273518204689,5.419499292969704,0.1935535461774894,1.6422010803619742,-2.920954942703247,-1.4408389329910278,-1.8260883124961644,-0.01647010919567554
oNHCc_izsDE_2,oNHCc_izsDE,Water splashes,20s+,106.0,28.0,0.2641509433962264,3,0.4910241663455963,52.04856163263321,0.9327073097229004,0.045598164200782776,98.86697483062744,4.833405405282974,0.6330251693725586,0.6206803999352013,0.1726216216172491,1.7566532380901025,0.9230642914772034,1,1,0.7619823217391968,80.77012610435486,0.7701261043548584,1.8588772011654717,0.619972650164519,-0.0359071921279591,0.0,0.9378625154495239,99.41342663764954,0.08657336235046387,0.038499150425195694,4.080909945070744,0.14574678375252656,1.9258845208730464,-3.2178592681884766,-3.1819519996643066,0.9327073097229004,98.86697483062744,0.6330251693725586,0.045598164200782776,4.833405405282974,0.1726216216172491,1.7566532380901025,-3.04121732711792,-0.9243241548538208,-2.5458571710375653,0.16923128278294383
oklu5ZJD_2U_1,oklu5ZJD_2U,"As birds chirp, something collides with a bang",10-20s,124.0,16.0,0.12903225806451613,1,0.3227500021457672,40.021000266075134,0.4158656895160675,0.07910128682851791,51.56734549999237,9.808559566736221,0.9326545000076294,0.7136623835918893,0.6130349729210138,0.48933329259990127,0.9309998154640198,1,1,0.44674772024154663,55.39671730995178,2.8967173099517822,2.501312516629696,0.9168156007582584,-0.7411624414217115,0.0,0.41808775067329407,51.842881083488464,0.6571189165115356,0.07342079281806946,9.104178309440613,0.5690111443400383,0.5638552592127409,-2.535292387008667,-1.7941299676895142,0.4158656895160675,51.56734549999237,0.9326545000076294,0.07910128682851791,9.808559566736221,0.6130349729210138,0.48933329259990127,-2.454620838165283,-1.277585744857788,-1.4806708599709992,0.07452196661283968
oklu5ZJD_2U_1,oklu5ZJD_2U,"As birds chirp, something collides with a bang",10-20s,124.0,16.0,0.12903225806451613,8,0.5322582125663757,66.00001835823059,0.4654252231121063,0.1019647940993309,57.712727665901184,12.643634468317032,0.7872723340988159,0.3065666170074114,0.7902271542698145,0.23543483780152688,0.8854531049728394,1,1,0.47813287377357483,59.28847634792328,0.7884763479232788,4.125001147389412,1.4170662979416146,0.12921232615624365,0.0,0.4939664900302887,61.2518447637558,2.7518447637557983,0.10145910829305649,12.580929428339005,0.7863080892711878,0.2404065922705909,-2.1811163425445557,-2.310328722000122,0.4654252231121063,57.712727665901184,0.7872723340988159,0.1019647940993309,12.643634468317032,0.7902271542698145,0.23543483780152688,-2.175581693649292,-1.534767746925354,-1.6574728902122056,0.00497175446906395
onBZOH88OYs_1,onBZOH88OYs,Spraying sounds,20s+,227.0,25.0,0.11013215859030837,6,0.8429434299468994,191.34815859794617,0.3178083896636963,0.1152157261967659,72.14250445365906,26.15396984666586,0.3574955463409424,0.26764579301112745,1.0461587938666344,0.045125164700627524,0.7014747262001038,1,1,0.36404988169670105,82.63932314515114,10.139323145151138,7.653926343917846,2.03521876374292,1.6802937908532223,0.0,0.34100282192230225,77.40764057636261,4.90764057636261,0.13626864552497864,30.93298253417015,1.237319301366806,0.2129471857013515,-1.8466334342956543,-3.5269272327423096,0.3178083896636963,72.14250445365906,0.3574955463409424,0.1152157261967659,26.15396984666586,1.0461587938666344,0.045125164700627524,-2.0385375022888184,-2.0208306312561035,-1.8222715780415684,-0.16782202100072396
os_2U4xqTqw_1,os_2U4xqTqw,Animals call,2-5s,223.0,3.0,0.013452914798206279,4,0.07413875311613083,16.532941944897175,0.1047486960887909,0.02400718256831169,23.35895922780037,5.353601712733507,0.8589592278003693,0.5603704124766172,1.7845339042445023,0.5791572630640365,0.043314069509506226,1,1,0.5870380997657776,130.9094962477684,49.4094962477684,5.510980648299058,1.706742583426789,-2.5247858938815373,0.0,0.5983254909515381,133.426584482193,51.92658448219299,0.05315108224749565,11.85269134119153,3.9508971137305102,1.3739426705259075,-2.8800010681152344,-0.35521504282951355,0.1047486960887909,23.35895922780037,0.8589592278003693,0.02400718256831169,5.353601712733507,1.7845339042445023,0.5791572630640365,-3.7051022052764893,-1.5839381217956543,-0.33279991290088173,-0.7947854074618709
os_2U4xqTqw_1,os_2U4xqTqw,Animals call,2-5s,223.0,3.0,0.013452914798206279,7,0.8412365913391113,187.59575986862183,0.09908460080623627,0.06632378697395325,22.095865979790688,14.790204495191574,0.40413402020931244,0.20283695204994132,4.930068165063858,1.5953528145439735,0.9259735345840454,1,1,0.27036458253860474,60.291301906108856,5.291301906108856,62.531919956207275,4.135677145668958,1.6674578436475704,0.0,0.09715215116739273,21.66492971032858,0.835070289671421,0.09202899783849716,20.522466517984867,6.840822172661622,1.9229079250924597,-2.2891087532043457,-3.956566572189331,0.09908460080623627,22.095865979790688,0.40413402020931244,0.06632378697395325,14.790204495191574,4.930068165063858,1.5953528145439735,-2.6445810794830322,-1.631566047668457,-2.2127692205764986,-0.3275551105484863
os_2U4xqTqw_2,os_2U4xqTqw,Lips buzz,2-5s,223.0,3.0,0.013452914798206279,1,0.3227500021457672,71.97325047850609,0.37907636165618896,0.053297776728868484,84.53402864933014,11.885404210537672,0.5340286493301392,0.1682736207008246,3.9618014035125575,1.376698821707716,0.8980525135993958,1,1,0.44674772024154663,99.6247416138649,15.624741613864899,23.99108349283536,3.1776822401850118,-0.7411624414217115,0.0,0.3575781583786011,79.73992931842804,3.2399293184280396,0.04987753927707672,11.122691258788109,3.7075637529293695,1.310374990547479,-2.9470200538635254,-2.205857515335083,0.37907636165618896,84.53402864933014,0.5340286493301392,0.053297776728868484,11.885404210537672,3.9618014035125575,1.376698821707716,-2.8770899772644043,-1.302498459815979,-1.8673072496375327,0.0663238311602368
pCQEWAFGEjc_1,pCQEWAFGEjc,Steam hisses while a whistle blows,2-5s,299.0,3.0,0.010033444816053512,9,0.6701281666755676,200.36832183599472,0.09121249616146088,0.03815590217709541,27.272536352276802,11.408614750951529,0.7274636477231979,0.17530612117769961,3.8028715836505094,1.33575646125807,0.9457848072052002,1,1,0.1608370691537857,48.090283676981926,0.09028367698192596,66.78944061199824,4.201544993376798,0.7087647924817356,0.0,0.07572295516729355,22.64116359502077,5.358836404979229,0.03384873643517494,10.120772194117308,3.373590731372436,1.215977676046758,-3.3514187335968018,-4.060183525085449,0.09121249616146088,27.272536352276802,0.7274636477231979,0.03815590217709541,11.408614750951529,3.8028715836505094,1.33575646125807,-3.2271718978881836,-1.149737000465393,-2.9855673173300397,0.11977878521131202
pHNMcX-9FDs_1,pHNMcX-9FDs,A dog barks,10-20s,300.0,14.0,0.04666666666666667,1,0.3227500021457672,96.82500064373016,0.21192176640033722,0.04292403906583786,63.576529920101166,12.877211719751358,0.42347007989883423,0.919800837125097,0.919800837125097,0.0835981137602927,0.07302387803792953,1,1,0.44674772024154663,134.024316072464,70.02431607246399,6.9160714745521545,1.9338479024339452,-0.7411624414217115,0.0,0.41802990436553955,125.40897130966187,61.408971309661865,0.034301020205020905,10.290306061506271,0.7350218615361622,0.3078550366250168,-3.337677001953125,-2.5965144634246826,0.21192176640033722,63.576529920101166,0.42347007989883423,0.04292403906583786,12.877211719751358,0.919800837125097,0.0835981137602927,-3.1044507026672363,-0.860862135887146,-2.241702939058962,0.2242569228647241
pI_kPedctoo_1,pI_kPedctoo,Brakes squeal,0-2s,76.0,1.0,0.013157894736842105,2,0.5923634171485901,45.01961970329285,0.9671808481216431,0.014521781355142593,73.50574445724487,1.103655382990837,0.005744457244873047,0.9060799370996248,1.103655382990837,0.09862774603697745,0.39257892966270447,1,1,0.7359917759895325,55.93537497520447,17.564625024795532,45.01961970329285,3.8070983881593192,0.3737442776905129,0.0,0.9901589751243591,75.2520821094513,1.752082109451294,0.0175025537610054,1.3301940858364105,1.3301940858364105,0.28532486078734104,-4.0277509689331055,-4.401495456695557,0.9671808481216431,73.50574445724487,0.005744457244873047,0.014521781355142593,1.103655382990837,1.103655382990837,0.09862774603697745,-4.217477321624756,-0.9333006739616394,-3.521773527371978,-0.18669711475036357
pI_kPedctoo_1,pI_kPedctoo,Brakes squeal,0-2s,76.0,1.0,0.013157894736842105,3,0.4910241663455963,37.31783664226532,0.9753132462501526,0.020700698718428612,74.1238067150116,1.5732531026005745,0.6238067150115967,0.3469473904044148,1.5732531026005745,0.45314551551930615,0.9447309374809265,1,1,0.7619823217391968,57.910656452178955,15.589343547821045,37.31783664226532,3.619471406513987,-0.0359071921279591,0.0,0.964131772518158,73.27401471138,0.22598528861999512,0.03545799478888512,2.694807603955269,2.694807603955269,0.9913268118145283,-3.303304672241211,-3.267397403717041,0.9753132462501526,74.1238067150116,0.6238067150115967,0.020700698718428612,1.5732531026005745,1.5732531026005745,0.45314551551930615,-3.8566699028015137,-1.3817065954208374,-2.6281445946994584,-0.5381812962952223
pI_kPedctoo_1,pI_kPedctoo,Brakes squeal,0-2s,76.0,1.0,0.013157894736842105,5,0.4456096887588501,33.86633634567261,0.9611751437187195,0.019240260124206543,73.04931092262268,1.4622597694396973,0.45068907737731934,0.46404567015307496,1.4622597694396973,0.37998302641951553,0.5971246957778931,1,1,0.6909807920455933,52.51454019546509,20.985459804534912,33.86633634567261,3.522421492856046,-0.2184255400548803,0.0,0.9382688999176025,71.3084363937378,2.191563606262207,0.02962474711239338,2.251480780541897,2.251480780541897,0.8115881244325361,-3.489072799682617,-3.2706472873687744,0.9611751437187195,73.04931092262268,0.45068907737731934,0.019240260124206543,1.4622597694396973,1.4622597694396973,0.37998302641951553,-3.9313225746154785,-1.3016046285629272,-2.71083336842351,-0.43160509801302055
pO8kbg9IJnc_1,pO8kbg9IJnc,A man turns something,5-10s,131.0,5.0,0.03816793893129771,0,0.18933655321598053,24.80308847129345,0.7590686678886414,0.041888780891895294,99.43799549341202,5.4874302968382835,0.9379954934120178,0.5467039830516887,1.0974860593676568,0.0930221637158161,0.8227001428604126,1,1,0.6764324307441711,88.61264842748642,3.1126484274864197,4.96061769425869,1.6015302681157806,-1.4543268461844807,0.0,0.7268794775009155,95.22121155261993,3.278788447380066,0.036536797881126404,4.786320522427559,0.9572641044855118,0.0436759543530148,-3.272214412689209,-1.8178874254226685,0.7590686678886414,99.43799549341202,0.9379954934120178,0.041888780891895294,5.4874302968382835,1.0974860593676568,0.0930221637158161,-3.129945755004883,-1.2328566312789917,-1.6452062224687953,0.1366981180688309
pO8kbg9IJnc_1,pO8kbg9IJnc,A man turns something,5-10s,131.0,5.0,0.03816793893129771,7,0.8412365913391113,110.20199346542358,0.20132583379745483,0.03074425831437111,26.373684227466583,4.027497839182615,0.6263157725334167,0.7300400687962729,0.8054995678365231,0.2162926128810519,0.8333919048309326,1,1,0.27036458253860474,35.41776031255722,8.41776031255722,22.040398693084718,3.0928770736440003,1.6674578436475704,0.0,0.21484166383743286,28.144257962703705,1.1442579627037048,0.040398985147476196,5.292267054319382,1.0584534108638763,0.056808796324527865,-3.167712926864624,-4.835170745849609,0.20132583379745483,26.373684227466583,0.6263157725334167,0.03074425831437111,4.027497839182615,0.8054995678365231,0.2162926128810519,-3.4508252143859863,-1.8977773189544678,-3.0360682773194725,-0.2731014092055798
pO8kbg9IJnc_2,pO8kbg9IJnc,Something clicks into place,2-5s,131.0,4.0,0.030534351145038167,1,0.3227500021457672,42.280250281095505,0.4647366404533386,0.04573320597410202,60.88049989938736,5.991049982607365,0.6195001006126404,0.16691564966126188,1.4977624956518412,0.40397232489607926,0.9251929521560669,1,1,0.44674772024154663,58.52395135164261,2.9760486483573914,10.570062570273876,2.3580257194742638,-0.7411624414217115,0.0,0.4480506181716919,58.69463098049164,2.805369019508362,0.04461725801229477,5.844860799610615,1.4612151999026537,0.3792684182272445,-3.0639913082122803,-2.322828769683838,0.4647366404533386,60.88049989938736,0.6195001006126404,0.04573320597410202,5.991049982607365,1.4977624956518412,0.40397232489607926,-3.038118600845337,-1.2945637702941895,-1.9787573012470192,0.024703906668834777
pO8kbg9IJnc_3,pO8kbg9IJnc,Water is flowing,2-5s,131.0,2.0,0.015267175572519083,2,0.5923634171485901,77.5996076464653,0.9867227673530579,0.02990822121500969,129.26068252325058,3.9179769791662693,0.26068252325057983,0.5104675220489918,1.9589884895831347,0.6724282632856905,0.9352215528488159,1,1,0.7359917759895325,96.41492265462875,5.414922654628754,38.79980382323265,3.6584151905141944,0.3737442776905129,0.0,0.9854571223258972,129.09488302469254,0.0948830246925354,0.02468942478299141,3.2343146465718746,1.6171573232859373,0.4806698691745504,-3.6763808727264404,-4.0501251220703125,0.9867227673530579,129.26068252325058,0.26068252325057983,0.02990822121500969,3.9179769791662693,1.9589884895831347,0.6724282632856905,-3.479257345199585,-1.0059490203857422,-3.177745321339644,0.19175839411114015
pO8kbg9IJnc_3,pO8kbg9IJnc,Water is flowing,2-5s,131.0,2.0,0.015267175572519083,4,0.07413875311613083,9.712176658213139,0.7001266479492188,0.02757618948817253,91.71659088134766,3.6124808229506016,0.7165908813476562,0.5536361569848944,1.8062404114753008,0.5912475643387299,0.9517914056777954,1,1,0.5870380997657776,76.90199106931686,14.098008930683136,4.856088329106569,1.5802332432759862,-2.5247858938815373,0.0,0.6964946985244751,91.24080550670624,0.2408055067062378,0.025150099769234657,3.29466306976974,1.64733153488487,0.4991567271645298,-3.657421588897705,-1.1326357126235962,0.7001266479492188,91.71659088134766,0.7165908813476562,0.02757618948817253,3.6124808229506016,1.8062404114753008,0.5912475643387299,-3.5628390312194824,-1.1845687627792358,-1.0810765161114564,0.09209083717420016
paetCbEqp2w_1,paetCbEqp2w,A girl talks,5-10s,84.0,5.0,0.05952380952380952,3,0.4910241663455963,41.24602997303009,0.8792799115180969,0.05841701105237007,73.85951256752014,4.907028928399086,0.1404874324798584,0.8151572078269766,0.9814057856798172,0.018769260010700253,0.9697136878967285,1,1,0.7619823217391968,64.00651502609253,9.99348497390747,8.249205994606019,2.110116952636869,-0.0359071921279591,0.0,0.8665409684181213,72.78944134712219,1.2105586528778076,0.044805243611335754,3.7636404633522034,0.7527280926704407,0.2840512151053163,-3.0595901012420654,-3.0236828327178955,0.8792799115180969,73.85951256752014,0.1404874324798584,0.05841701105237007,4.907028928399086,0.9814057856798172,0.018769260010700253,-2.7799553871154785,-1.0891627073287964,-2.394168167742185,0.2652819550946161
paetCbEqp2w_1,paetCbEqp2w,A girl talks,5-10s,84.0,5.0,0.05952380952380952,9,0.6701281666755676,56.29076600074768,0.01920078881084919,0.04567624256014824,1.612866260111332,3.836804375052452,0.8871337398886681,0.6655818556219179,0.7673608750104904,0.26479808629687734,0.9805043339729309,1,1,0.1608370691537857,13.510313808918,11.010313808918,11.258153200149536,2.421092595063434,0.7087647924817356,0.0,0.04816984757781029,4.046267196536064,1.5462671965360641,0.07055994123220444,5.927035063505173,1.1854070127010345,0.17008618624834396,-2.5781197547912598,-3.2868845462799072,0.01920078881084919,1.612866260111332,0.8871337398886681,0.04567624256014824,3.836804375052452,0.7673608750104904,0.26479808629687734,-3.0394246578216553,-1.3542261123657227,-2.25100640881509,-0.4348842725452213
paetCbEqp2w_2,paetCbEqp2w,A machine speaks as keys click,5-10s,84.0,7.0,0.08333333333333333,3,0.4910241663455963,41.24602997303009,0.9532394409179688,0.046644240617752075,80.07211303710938,3.9181162118911743,0.927886962890625,0.653019368648529,0.5597308874130249,0.5802991689490626,0.6999568343162537,1,1,0.7619823217391968,64.00651502609253,16.99348497390747,5.892289996147156,1.773644716015656,-0.0359071921279591,0.0,0.9755719900131226,81.9480471611023,0.9480471611022949,0.03912701457738876,3.286669224500656,0.46952417492866516,0.756035490863546,-3.201029062271118,-3.1651217937469482,0.9532394409179688,80.07211303710938,0.927886962890625,0.046644240617752075,3.9181162118911743,0.5597308874130249,0.5802991689490626,-3.0174386501312256,-0.6266363263130188,-2.529680206879202,0.1757363219144834
paetCbEqp2w_2,paetCbEqp2w,A machine speaks as keys click,5-10s,84.0,7.0,0.08333333333333333,8,0.5322582125663757,44.70968985557556,0.4265361428260803,0.06682559847831726,35.82903599739075,5.61335027217865,0.32903599739074707,0.8019071817398071,0.8019071817398071,0.22076241130477217,0.9308221340179443,1,1,0.47813287377357483,40.163161396980286,4.663161396980286,6.387098550796509,1.8542801043643593,0.12921232615624365,0.0,0.4489128291606903,37.708677649497986,2.208677649497986,0.07324495166540146,6.1525759398937225,0.8789394199848175,0.12903930291566634,-2.5378799438476562,-2.6670923233032227,0.4265361428260803,35.82903599739075,0.32903599739074707,0.06682559847831726,5.61335027217865,0.8019071817398071,0.22076241130477217,-2.6365058422088623,-1.6862999200820923,-1.9833194072800258,-0.09172310838910579
paetCbEqp2w_2,paetCbEqp2w,A machine speaks as keys click,5-10s,84.0,7.0,0.08333333333333333,9,0.6701281666755676,56.29076600074768,0.1356765180826187,0.07415692508220673,11.396827518939972,6.229181706905365,0.10317248106002808,0.4816041883437671,0.8898831009864807,0.11666517208895268,0.9551195502281189,1,1,0.1608370691537857,13.510313808918,2.0103138089179993,8.041538000106812,2.084620358442221,0.7087647924817356,0.0,0.09501978009939194,7.981661528348923,3.5183384716510773,0.06225632131099701,5.229530990123749,0.7470758557319641,0.29158855184027344,-2.71221661567688,-3.4209814071655273,0.1356765180826187,11.396827518939972,0.10317248106002808,0.07415692508220673,6.229181706905365,0.8898831009864807,0.11666517208895268,-2.5245213508605957,-1.3150547742843628,-2.3762089102824944,0.17492337975132083
pgq2KPX5_SA_1,pgq2KPX5_SA,Plastic rustles,5-10s,208.0,8.0,0.038461538461538464,4,0.07413875311613083,15.420860648155212,0.5772331357002258,0.07460759580135345,120.06449222564697,15.518379926681519,0.5644922256469727,0.45107801414015863,1.9397974908351898,0.6625835814591937,0.9577509164810181,1,1,0.5870380997657776,122.10392475128174,2.6039247512817383,1.9276075810194016,0.656279638656262,-2.5247858938815373,0.0,0.5881578922271729,122.33684158325195,2.836841583251953,0.06485474109649658,13.489786148071289,1.6862232685089111,0.52249127578788,-2.6685519218444824,-0.1437659114599228,0.5772331357002258,120.06449222564697,0.5644922256469727,0.07460759580135345,15.518379926681519,1.9397974908351898,0.6625835814591937,-2.5179755687713623,-1.0526310205459595,-0.133788362868382,0.14009230567131362
pgq2KPX5_SA_1,pgq2KPX5_SA,Plastic rustles,5-10s,208.0,8.0,0.038461538461538464,6,0.8429434299468994,175.33223342895508,0.36481744050979614,0.04455583915114403,75.8820276260376,9.267614543437958,0.38202762603759766,0.7553184227926734,1.1584518179297447,0.1470844739777083,0.9538413286209106,1,1,0.36404988169670105,75.72237539291382,0.22237539291381836,21.916529178619385,3.0872411091512,1.6802937908532223,0.0,0.2936207354068756,61.07311296463013,10.073112964630127,0.051909416913986206,10.79715871810913,1.3496448397636414,0.29984147618172646,-2.904949903488159,-4.5852437019348145,0.36481744050979614,75.8820276260376,0.38202762603759766,0.04455583915114403,9.267614543437958,1.1584518179297447,0.1470844739777083,-3.0654330253601074,-1.920043706893921,-2.787399632969474,-0.1527570022040182
pgq2KPX5_SA_1,pgq2KPX5_SA,Plastic rustles,5-10s,208.0,8.0,0.038461538461538464,7,0.8412365913391113,174.97721099853516,0.2485780119895935,0.06466776877641678,51.70422649383545,13.45089590549469,0.7042264938354492,0.5947559222974881,1.6813619881868362,0.5196041722236143,0.9649478197097778,1,1,0.27036458253860474,56.235833168029785,5.235833168029785,21.872151374816895,3.0852142008984313,1.6674578436475704,0.0,0.19837647676467896,41.26230716705322,9.737692832946777,0.05627858638763428,11.70594596862793,1.4632432460784912,0.38065537347957706,-2.819516897201538,-4.486974716186523,0.2485780119895935,51.70422649383545,0.7042264938354492,0.06466776877641678,13.45089590549469,1.6813619881868362,0.5196041722236143,-2.6716389656066895,-1.5809272527694702,-2.7045588274188543,0.13894879874403732
pgq2KPX5_SA_1,pgq2KPX5_SA,Plastic rustles,5-10s,208.0,8.0,0.038461538461538464,8,0.5322582125663757,110.70970821380615,0.4699441194534302,0.0789153128862381,97.74837684631348,16.414385080337524,0.24837684631347656,0.30461086269929194,2.0517981350421906,0.7187165477336368,0.9603012800216675,1,1,0.47813287377357483,99.45163774490356,1.9516377449035645,13.838713526725769,2.627469992597841,0.12921232615624365,0.0,0.47543248534202576,98.88995695114136,1.3899569511413574,0.07528351992368698,15.658972144126892,1.9573715180158615,0.671602510976906,-2.508225917816162,-2.6374382972717285,0.4699441194534302,97.74837684631348,0.24837684631347656,0.0789153128862381,16.414385080337524,2.0517981350421906,0.7187165477336368,-2.457176685333252,-1.6402817964553833,-1.955867481620935,0.04711403675673077
pgq2KPX5_SA_3,pgq2KPX5_SA,Something twists and scrapes as things bump,5-10s,208.0,8.0,0.038461538461538464,5,0.4456096887588501,92.68681526184082,0.8555076122283936,0.04486238956451416,177.94558334350586,9.331377029418945,0.054416656494140625,0.8573225553718894,1.1664221286773682,0.15394105386644447,0.8914257884025574,1,1,0.6909807920455933,143.7240047454834,34.2759952545166,11.585851907730103,2.4497846905911973,-0.2184255400548803,0.0,0.8299981355667114,172.63961219787598,5.360387802124023,0.032936714589595795,6.850836634635925,0.8563545793294907,0.15507076042054935,-3.37967586517334,-3.161250352859497,0.8555076122283936,177.94558334350586,0.054416656494140625,0.04486238956451416,9.331377029418945,1.1664221286773682,0.15394105386644447,-3.058255672454834,-1.0630055665969849,-2.6048554510117468,0.3090118142869938
pgq2KPX5_SA_4,pgq2KPX5_SA,Electronic sounds play,2-5s,208.0,2.0,0.009615384615384616,3,0.4910241663455963,102.13302659988403,0.9377383589744568,0.03080662712454796,195.049578666687,6.407778441905975,0.9504213333129883,0.3121206543160543,3.2038892209529877,1.1643654533752257,0.9702439308166504,1,1,0.7619823217391968,158.49232292175293,37.50767707824707,51.06651329994202,3.9331289653690282,-0.0359071921279591,0.0,0.9491071105003357,197.41427898406982,1.4142789840698242,0.030600065365433693,6.364813596010208,3.182406798005104,1.1576377652405734,-3.4556751251220703,-3.4197678565979004,0.9377383589744568,195.049578666687,0.9504213333129883,0.03080662712454796,6.407778441905975,3.2038892209529877,1.1643654533752257,-3.4487342834472656,-0.7355708479881287,-2.7754912001284553,0.006727688134652381
ptIksg9KEac_1,ptIksg9KEac,A dog barks,10-20s,133.0,11.0,0.08270676691729323,6,0.8429434299468994,112.11147618293762,0.2565920650959015,0.029979145154356956,34.1267446577549,3.987226305529475,0.37325534224510193,0.2508009135606882,0.3624751186844977,1.014799445154841,0.9525660276412964,1,1,0.36404988169670105,48.41863426566124,13.91863426566124,10.191952380267056,2.321598426553101,1.6802937908532223,0.0,0.2117752879858017,28.166113302111626,6.333886697888374,0.03800444304943085,5.054590925574303,0.45950826596130023,0.7775983483138104,-3.231306791305542,-4.911600589752197,0.2565920650959015,34.1267446577549,0.37325534224510193,0.029979145154356956,3.987226305529475,0.3624751186844977,1.014799445154841,-3.476815700531006,-1.9421206712722778,-3.0991967748669116,-0.23720109684103058
ptIksg9KEac_1,ptIksg9KEac,A dog barks,10-20s,133.0,11.0,0.08270676691729323,7,0.8412365913391113,111.8844666481018,0.13553448021411896,0.0511704757809639,18.02608586847782,6.805673278868198,0.5260858684778214,0.6186975708061998,0.6186975708061998,0.4801387027399556,0.9608165621757507,1,1,0.27036458253860474,35.95848947763443,1.45848947763443,10.171315149827437,2.3195715183003323,1.6674578436475704,0.0,0.135757178068161,18.055704683065414,0.5557046830654144,0.04686296358704567,6.232774157077074,0.5666158324615522,0.5680737490506808,-3.012531042098999,-4.679988861083984,0.13553448021411896,18.02608586847782,0.5260858684778214,0.0511704757809639,6.805673278868198,0.6186975708061998,0.4801387027399556,-2.9200663566589355,-1.647018313407898,-2.8876452673510133,0.08793504631072524
q1ivQ_2fddk_2,q1ivQ_2fddk,"While a man speaks, an airplane roars overhead",20s+,167.0,26.0,0.15568862275449102,9,0.6701281666755676,111.9114038348198,0.07753709703683853,0.10845816135406494,12.948695205152035,18.112512946128845,0.5513047948479652,0.4968940547768417,0.6966351133126479,0.3614935156128196,0.9569130539894104,1,1,0.1608370691537857,26.859790548682213,13.359790548682213,4.304284762877685,1.4596109830494939,0.7087647924817356,0.0,0.08538629859685898,14.25951186567545,0.7595118656754494,0.08752547949552536,14.616755075752735,0.5621828875289514,0.575928059377532,-2.3442301750183105,-3.052994966506958,0.07753709703683853,12.948695205152035,0.5513047948479652,0.10845816135406494,18.112512946128845,0.6966351133126479,0.3614935156128196,-2.1065878868103027,-0.947347104549408,-2.035539042427026,0.21443454376471244
q3SEOW2m4WY_1,q3SEOW2m4WY,An engine starts as something is bumped,2-5s,62.0,2.0,0.03225806451612903,1,0.3227500021457672,20.010500133037567,0.026407694444060326,0.011342785321176052,1.6372770555317402,0.7032526899129152,0.3627229444682598,0.3516263449564576,0.3516263449564576,1.0451861872055028,0.0332191027700901,1,1,0.44674772024154663,27.69835865497589,9.301641345024109,10.005250066518784,2.303109961878149,-0.7411624414217115,0.0,0.2755468785762787,17.08390647172928,15.083906471729279,0.027174243703484535,1.6848031096160412,0.8424015548080206,0.17149847247554112,-3.5779354572296143,-2.836772918701172,0.026407694444060326,1.6372770555317402,0.3627229444682598,0.011342785321176052,0.7032526899129152,0.3516263449564576,1.0451861872055028,-4.467765808105469,-1.9001723527908325,-2.4746084343536903,-0.8736877147299617
q3SEOW2m4WY_1,q3SEOW2m4WY,An engine starts as something is bumped,2-5s,62.0,2.0,0.03225806451612903,6,0.8429434299468994,52.262492656707764,0.044053517282009125,0.017598362639546394,2.7313180714845657,1.0910984836518764,0.7313180714845657,0.35761028566811925,0.5455492418259382,0.60596220862457,0.04239191859960556,1,1,0.36404988169670105,22.571092665195465,14.428907334804535,26.131246328353882,3.2631317756148643,1.6802937908532223,0.0,0.2359815239906311,14.630854487419128,12.630854487419128,0.02914229780435562,1.8068224638700485,0.9034112319350243,0.10157742288007278,-3.5059893131256104,-5.186283111572266,0.044053517282009125,2.7313180714845657,0.7313180714845657,0.017598362639546394,1.0910984836518764,0.5455492418259382,0.60596220862457,-4.0221943855285645,-1.6215955018997192,-3.364709198494937,-0.5043847857444971
q3SEOW2m4WY_1,q3SEOW2m4WY,An engine starts as something is bumped,2-5s,62.0,2.0,0.03225806451612903,8,0.5322582125663757,33.000009179115295,0.04177522659301758,0.023628778755664825,2.59006404876709,1.4649842828512192,0.5900640487670898,0.4918839412723677,0.7324921414256096,0.31130266657766664,0.014919568784534931,1,1,0.47813287377357483,29.64423817396164,7.355761826038361,16.500004589557648,2.803360659061505,0.12921232615624365,0.0,0.3855116665363312,23.901723325252533,13.098276674747467,0.06651349365711212,4.1238366067409515,2.0619183033704758,0.7236367647179588,-2.641521692276001,-2.7707340717315674,0.04177522659301758,2.59006404876709,0.5900640487670898,0.023628778755664825,1.4649842828512192,0.7324921414256096,0.31130266657766664,-3.721377372741699,-1.9586853981018066,-2.0797238943435463,-1.0349394312956253
q3SEOW2m4WY_1,q3SEOW2m4WY,An engine starts as something is bumped,2-5s,62.0,2.0,0.03225806451612903,9,0.6701281666755676,41.54794633388519,0.020366601645946503,0.03133860602974892,1.2627293020486832,1.9429935738444328,0.7372706979513168,0.4556412079896636,0.9714967869222164,0.02891731750699633,0.9883002042770386,1,1,0.1608370691537857,9.971898287534714,7.971898287534714,20.773973166942596,3.033700913139367,0.7087647924817356,0.0,0.05533226206898689,3.4306002482771873,1.4306002482771873,0.03411320596933365,2.115018770098686,1.057509385049343,0.05591650665006749,-3.3433620929718018,-4.052126884460449,0.020366601645946503,1.2627293020486832,0.7372706979513168,0.03133860602974892,1.9429935738444328,0.9714967869222164,0.02891731750699633,-3.4310643672943115,-1.272064447402954,-2.9777844064892993,-0.08483382415706381
q3SEOW2m4WY_2,q3SEOW2m4WY,Electronic tones play,10-20s,62.0,17.0,0.27419354838709675,1,0.3227500021457672,20.010500133037567,0.3071659207344055,0.04509197548031807,19.044287085533142,2.7957024797797203,0.5442870855331421,0.1644530870458659,0.1644530870458659,1.8051299345812375,0.7949581146240234,1,1,0.44674772024154663,27.69835865497589,9.198358654975891,1.1770882431198568,0.16304379838187819,-0.7411624414217115,0.0,0.32686904072761536,20.265880525112152,1.765880525112152,0.03660757839679718,2.269669860601425,0.13350999180008383,2.013578958998128,-3.270205497741699,-2.529042959213257,0.3071659207344055,19.044287085533142,0.5442870855331421,0.04509197548031807,2.7957024797797203,0.1644530870458659,1.8051299345812375,-3.052910804748535,-1.1669248342514038,-2.176622757380006,0.2084490244168903
q3SEOW2m4WY_2,q3SEOW2m4WY,Electronic tones play,10-20s,62.0,17.0,0.27419354838709675,6,0.8429434299468994,52.262492656707764,0.303529292345047,0.04236365109682083,18.818816125392914,2.6265463680028915,0.3188161253929138,0.15450272752958186,0.15450272752958186,1.8675435288870141,0.7514603137969971,1,1,0.36404988169670105,22.571092665195465,4.071092665195465,3.074264273923986,1.1230656121185936,1.6802937908532223,0.0,0.3011455535888672,18.671024322509766,0.17102432250976562,0.03579438477754593,2.2192518562078476,0.13054422683575573,2.0360432066780416,-3.293513536453247,-4.973807334899902,0.303529292345047,18.818816125392914,0.3188161253929138,0.04236365109682083,2.6265463680028915,0.15450272752958186,1.8675435288870141,-3.1181774139404297,-1.4891055822372437,-3.159108818796635,0.16849967779102726
q3SEOW2m4WY_3,q3SEOW2m4WY,A whistle blows,0-2s,62.0,1.0,0.016129032258064516,8,0.5322582125663757,33.000009179115295,0.45352083444595337,0.03571352735161781,28.11829173564911,2.2142386958003044,0.6182917356491089,0.4443348105708106,2.2142386958003044,0.7949086404897385,0.9792136549949646,1,1,0.47813287377357483,29.64423817396164,2.1442381739616394,33.000009179115295,3.4965078396214504,0.12921232615624365,0.0,0.4270605146884918,26.477751910686493,1.022248089313507,0.03215444087982178,1.9935753345489502,1.9935753345489502,0.6899296772175201,-3.404521942138672,-3.5337343215942383,0.45352083444595337,28.11829173564911,0.6182917356491089,0.03571352735161781,2.2142386958003044,2.2142386958003044,0.7949086404897385,-3.295858860015869,-1.7040923833847046,-2.8065781624039303,0.10497896327221845
q4YFJA5pFXc_1,q4YFJA5pFXc,Music plays,10-20s,222.0,10.0,0.04504504504504504,1,0.3227500021457672,71.65050047636032,0.023138144984841347,0.01592177525162697,5.136668186634779,3.534634105861187,0.13666818663477898,0.3534634105861187,0.3534634105861187,1.0399753051239429,0.10300871729850769,1,1,0.44674772024154663,99.17799389362335,94.17799389362335,7.165050047636032,1.9692150462712366,-0.7411624414217115,0.0,0.2655138671398163,58.944078505039215,53.944078505039215,0.03731929883360863,8.284884341061115,0.8284884341061115,0.18815240225386518,-3.250211238861084,-2.5090487003326416,0.023138144984841347,5.136668186634779,0.13666818663477898,0.01592177525162697,3.534634105861187,0.3534634105861187,1.0399753051239429,-4.124017715454102,-1.9424693584442139,-2.1573674485251018,-0.8518229028700777
q4YFJA5pFXc_1,q4YFJA5pFXc,Music plays,10-20s,222.0,10.0,0.04504504504504504,6,0.8429434299468994,187.13344144821167,0.023067643865942955,0.056244850158691406,5.121016938239336,12.486356735229492,0.12101693823933601,0.8008741230166532,1.2486356735229491,0.22205149405504376,0.02813415601849556,1,1,0.36404988169670105,80.81907373666763,75.81907373666763,18.713344144821168,2.929236860007952,1.6802937908532223,0.0,0.13643236458301544,30.287984937429428,25.287984937429428,0.14028437435626984,31.143131107091904,3.1143131107091904,1.136008617717749,-1.8129301071166992,-3.4932239055633545,0.023067643865942955,5.121016938239336,0.12101693823933601,0.056244850158691406,12.486356735229492,1.2486356735229491,0.22205149405504376,-2.8201522827148438,-2.1082589626312256,-1.7932282422902028,-0.9139571236627051
q4YFJA5pFXc_1,q4YFJA5pFXc,Music plays,10-20s,222.0,10.0,0.04504504504504504,7,0.8412365913391113,186.75452327728271,0.01819266378879547,0.04721939191222191,4.038771361112595,10.482705004513264,0.9612286388874054,0.8283915774808229,1.0482705004513264,0.047141663711584555,0.2835654318332672,1,1,0.27036458253860474,60.02093732357025,55.02093732357025,18.675452327728273,2.927209951755183,1.6674578436475704,0.0,0.07022186368703842,15.58925373852253,10.58925373852253,0.09802970290184021,21.762594044208527,2.1762594044208527,0.7776075334790247,-2.219310998916626,-3.8867688179016113,0.01819266378879547,4.038771361112595,0.9612286388874054,0.04721939191222191,10.482705004513264,1.0482705004513264,0.047141663711584555,-3.004580020904541,-2.110609769821167,-2.1496024182761584,-0.7304658697674401
qeSl7YZAfs4_1,qeSl7YZAfs4,A man speaks as water flows,20s+,299.0,47.0,0.15719063545150502,4,0.07413875311613083,22.167487181723118,0.4263615012168884,0.06311327964067459,127.48208886384964,18.870870612561703,0.017911136150360107,0.8204726353287697,0.40150788537365323,0.9125281060032392,0.0725497454404831,1,1,0.5870380997657776,175.5243918299675,48.0243918299675,0.4716486634409174,0.7515209276845922,-2.5247858938815373,0.0,0.5679215788841248,169.8085520863533,42.3085520863533,0.05253022164106369,15.706536270678043,0.3341816227803839,1.096070653021036,-2.892406463623047,-0.3676204979419708,0.4263615012168884,127.48208886384964,0.017911136150360107,0.06311327964067459,18.870870612561703,0.40150788537365323,0.9125281060032392,-2.6976311206817627,-0.2924059331417084,-0.3445497253364436,0.18354254701779676
rE6BJ0Bo4w4_4,rE6BJ0Bo4w4,Light tapping sound,2-5s,242.0,3.0,0.012396694214876033,5,0.4456096887588501,107.83754467964172,0.8640031814575195,0.044349219650030136,209.08876991271973,10.732511155307293,0.5887699127197266,0.2795245172902971,3.5775037184357643,1.2746652718429712,0.8661466836929321,1,1,0.6909807920455933,167.21735167503357,41.28264832496643,35.94584822654724,3.582013590058292,-0.2184255400548803,0.0,0.8510112762451172,205.94472885131836,2.5552711486816406,0.03769448399543762,9.122065126895905,3.040688375631968,1.1120839291372306,-3.2398180961608887,-3.021392583847046,0.8640031814575195,209.08876991271973,0.5887699127197266,0.044349219650030136,10.732511155307293,3.5775037184357643,1.2746652718429712,-3.0702974796295166,-1.301131010055542,-2.469929660921061,0.16258134270574034
rPkCYq4Zjwk_2,rPkCYq4Zjwk,Music plays while a woman talks,2-5s,203.0,3.0,0.014778325123152709,7,0.8412365913391113,170.7710280418396,0.17155428230762482,0.26606810092926025,34.82551930844784,54.01182448863983,0.6744806915521622,0.055543393107022006,18.003941496213276,2.8905907059371416,0.8413389921188354,1,1,0.27036458253860474,54.88401025533676,12.384010255336761,56.92367601394653,4.041711353250626,1.6674578436475704,0.0,0.1830480843782425,37.158761128783226,1.658761128783226,0.30236878991127014,61.38086435198784,20.46028811732928,3.0184858424052337,-0.836043119430542,-2.5035009384155273,0.17155428230762482,34.82551930844784,0.6744806915521622,0.26606810092926025,54.01182448863983,18.003941496213276,2.8905907059371416,-1.0146639347076416,-1.4671186208724976,-1.0232255108453934,-0.12789513646809184
rbO727iF03I_1,rbO727iF03I,"While a man talks, burping and loud clamor interrupt",5-10s,142.0,9.0,0.06338028169014084,6,0.8429434299468994,119.69796705245972,0.293905109167099,0.06756547838449478,41.73452550172806,9.594297930598259,0.26547449827194214,0.41691429940310154,1.0660331033998065,0.06394437910746444,0.6053809523582458,1,1,0.36404988169670105,51.69508320093155,4.195083200931549,13.299774116939968,2.5877470513947594,1.6802937908532223,0.0,0.2500917911529541,35.51303434371948,6.486965656280518,0.054732225835323334,7.771976068615913,0.8635528965128793,0.14670012500539673,-2.849015474319458,-4.529309272766113,0.293905109167099,41.73452550172806,0.26547449827194214,0.06756547838449478,9.594297930598259,1.0660331033998065,0.06394437910746444,-2.624701738357544,-1.4101258516311646,-2.734447176400156,0.21064450411286115
rbO727iF03I_1,rbO727iF03I,"While a man talks, burping and loud clamor interrupt",5-10s,142.0,9.0,0.06338028169014084,9,0.6701281666755676,95.1581996679306,0.03966419771313667,0.04157787188887596,5.632316075265408,5.9040578082203865,0.6323160752654076,0.8079334915633869,0.6560064231355985,0.42158469872074145,0.9409922361373901,1,1,0.1608370691537857,22.83886381983757,4.33886381983757,10.573133296436733,2.358316188919262,0.7087647924817356,0.0,0.03954091668128967,5.6148101687431335,0.6148101687431335,0.04807237163186073,6.826276771724224,0.7584751968582472,0.2764451809810204,-2.98578143119812,-3.6945462226867676,0.03966419771313667,5.632316075265408,0.6323160752654076,0.04157787188887596,5.9040578082203865,0.6560064231355985,0.42158469872074145,-3.1377201080322266,-1.110549807548523,-2.6347613699002825,-0.14513951773972106
riM7b5bJ9KQ_3,riM7b5bJ9KQ,"As metal clangs, someone screams",2-5s,74.0,2.0,0.02702702702702703,0,0.18933655321598053,14.01090493798256,0.7790738344192505,0.031165938824415207,57.651463747024536,2.3062794730067253,0.34853625297546387,0.7213577981790725,1.1531397365033627,0.1424884277886086,0.9442387819290161,1,1,0.6764324307441711,50.055999875068665,7.9440001249313354,7.00545246899128,1.9466887699929538,-1.4543268461844807,0.0,0.7655074000358582,56.6475476026535,1.3524523973464966,0.02748238854110241,2.0336967520415783,1.0168483760207891,0.016708016493067083,-3.566342830657959,-2.112015962600708,0.7790738344192505,57.651463747024536,0.34853625297546387,0.031165938824415207,2.3062794730067253,1.1531397365033627,0.1424884277886086,-3.436767578125,-0.9386186599731445,-1.9299807534998867,0.12578041129554143
riM7b5bJ9KQ_3,riM7b5bJ9KQ,"As metal clangs, someone screams",2-5s,74.0,2.0,0.02702702702702703,5,0.4456096887588501,32.97511696815491,0.7898257970809937,0.057922326028347015,58.44710898399353,4.286252126097679,0.4471089839935303,0.46660810917365575,2.1431260630488396,0.7622655402623798,0.9694579243659973,1,1,0.6909807920455933,51.1325786113739,6.867421388626099,16.487558484077454,2.8026060652139395,-0.2184255400548803,0.0,0.7620318531990051,56.39035713672638,1.6096428632736206,0.04345624893903732,3.215762421488762,1.607881210744381,0.4749172941127766,-3.091571807861328,-2.8731462955474854,0.7898257970809937,58.44710898399353,0.4471089839935303,0.057922326028347015,4.286252126097679,2.1431260630488396,0.7622655402623798,-2.788984775543213,-1.2702646255493164,-2.327688771101163,0.2873482461496031
rvtA7c1I4xo_2,rvtA7c1I4xo,A man talks as people chat and shoes squeak in the background,2-5s,130.0,4.0,0.03076923076923077,1,0.3227500021457672,41.95750027894974,0.046214595437049866,0.021098319441080093,6.0078974068164825,2.742781527340412,0.9921025931835175,0.5452714089158746,0.685695381835103,0.3773217996786181,0.01102478988468647,1,1,0.44674772024154663,58.07720363140106,51.07720363140106,10.489375069737434,2.3503628467286948,-0.7411624414217115,0.0,0.36070412397384644,46.89153611660004,39.89153611660004,0.035159774124622345,4.570770636200905,1.1426926590502262,0.1333874589355141,-3.3120598793029785,-2.570897340774536,0.046214595437049866,6.0078974068164825,0.9921025931835175,0.021098319441080093,2.742781527340412,0.685695381835103,0.3773217996786181,-3.83723783493042,-1.6349331140518188,-2.2169753877931804,-0.5107092586141323
rvtA7c1I4xo_3,rvtA7c1I4xo,"As music plays, a whistle sounds",2-5s,130.0,2.0,0.015384615384615385,9,0.6701281666755676,87.11666166782379,0.08829520642757416,0.04816426336765289,11.47837683558464,6.261354237794876,0.9783768355846405,0.15970985860595233,3.130677118897438,1.1412493130718016,0.8714597821235657,1,1,0.1608370691537857,20.90881898999214,3.9088189899921417,43.558330833911896,3.774100978549858,0.7087647924817356,0.0,0.07271582633256912,9.453057423233986,1.046942576766014,0.049808233976364136,6.475070416927338,3.237535208463669,1.1748123021676549,-2.948483467102051,-3.6572482585906982,0.08829520642757416,11.47837683558464,0.9783768355846405,0.04816426336765289,6.261354237794876,3.130677118897438,1.1412493130718016,-2.9837751388549805,-1.34652841091156,-2.599288676382203,-0.03356298909585336
rvtA7c1I4xo_4,rvtA7c1I4xo,"As music plays and people talk, applause breaks out",2-5s,130.0,3.0,0.023076923076923078,3,0.4910241663455963,63.83314162492752,0.9671964645385742,0.0402962863445282,125.73554039001465,5.238517224788666,0.23554039001464844,0.5726811369072147,1.7461724082628887,0.5574261972520308,0.8055809736251831,1,1,0.7619823217391968,99.05770182609558,26.44229817390442,21.27771387497584,3.0576602280151284,-0.0359071921279591,0.0,0.9703121781349182,126.14058315753937,0.6405831575393677,0.03263279050588608,4.24226276576519,1.4140875885883968,0.34648450939497655,-3.3892605304718018,-3.353353261947632,0.9671964645385742,125.73554039001465,0.23554039001464844,0.0402962863445282,5.238517224788666,1.7461724082628887,0.5574261972520308,-3.170365333557129,-0.6536973714828491,-2.711175718620152,0.2109416878570542
sI7_ycEYzAY_1,sI7_ycEYzAY,A clock pendulum is swinging while a bell rings,20s+,63.0,20.0,0.31746031746031744,0,0.18933655321598053,11.928202852606773,0.23993660509586334,0.03601331636309624,15.11600612103939,2.268838930875063,0.11600612103939056,0.11344194654375314,0.11344194654375314,2.17646405710935,0.01883538067340851,1,1,0.6764324307441711,42.61524313688278,27.615243136882782,0.5964101426303386,0.5168266898137289,-1.4543268461844807,0.0,0.6236997246742249,39.293082654476166,24.293082654476166,0.03576691076159477,2.2533153779804707,0.11266576889902354,2.1833296405508373,-3.2943098545074463,-1.8399829864501953,0.23993660509586334,15.11600612103939,0.11600612103939056,0.03601331636309624,2.268838930875063,0.11344194654375314,2.17646405710935,-3.287188768386841,-0.8104599118232727,-1.6665029507371085,0.006865583441487744
sI7_ycEYzAY_1,sI7_ycEYzAY,A clock pendulum is swinging while a bell rings,20s+,63.0,20.0,0.31746031746031744,7,0.8412365913391113,52.997905254364014,0.2371484935283661,0.4356383681297302,14.940355092287064,27.445217192173004,0.0596449077129364,0.7287244207236124,1.3722608596086503,0.3164596421411977,0.9336212277412415,1,1,0.27036458253860474,17.0329686999321,2.0329686999320984,2.649895262718201,0.9745201157144909,1.6674578436475704,0.0,0.23241029679775238,14.6418486982584,0.35815130174160004,0.30779215693473816,19.390905886888504,0.9695452943444252,0.030928086108199537,-0.8104615211486816,-2.477919340133667,0.2371484935283661,14.940355092287064,0.0596449077129364,0.4356383681297302,27.445217192173004,1.3722608596086503,0.3164596421411977,-0.25888270139694214,-1.1328516006469727,-1.0054482018226902,0.34738772824939707
sJrFyjfrL-g_1,sJrFyjfrL-g,Machines run,20s+,188.0,23.0,0.12234042553191489,9,0.6701281666755676,125.98409533500671,0.09847451746463776,0.07193255424499512,18.513209283351898,13.523320198059082,0.5132092833518982,0.8873560504558847,0.5879704433938732,0.5310785986838552,0.9698882102966309,1,1,0.1608370691537857,30.237369000911713,7.762630999088287,5.477569362391597,1.7006614555550204,0.7087647924817356,0.0,0.1034153625369072,19.442088156938553,1.4420881569385529,0.08151527494192123,15.324871689081192,0.6662987690904866,0.4060171067956813,-2.4219348430633545,-3.130699634552002,0.09847451746463776,18.513209283351898,0.5132092833518982,0.07193255424499512,13.523320198059082,0.5879704433938732,0.5310785986838552,-2.557375431060791,-1.598649501800537,-2.1066785623507016,-0.12506149188817395
sTMKled6Q1M_3,sTMKled6Q1M,"A dog barks while birds chirp, wings flutter, and a man speaks",2-5s,300.0,3.0,0.01,3,0.4910241663455963,147.3072499036789,0.9691879749298096,0.029855189844965935,290.75639247894287,8.95655695348978,0.7436075210571289,0.334950139387111,2.9855189844965935,1.093773595884908,0.8681681752204895,1,1,0.7619823217391968,228.59469652175903,62.90530347824097,49.10241663455963,3.893908252215747,-0.0359071921279591,0.0,0.953685462474823,286.1056387424469,5.394361257553101,0.032358814030885696,9.707644209265709,3.2358814030885696,1.1743013492936722,-3.397974967956543,-3.362067699432373,0.9691879749298096,290.75639247894287,0.7436075210571289,0.029855189844965935,8.95655695348978,2.9855189844965935,1.093773595884908,-3.4810867309570312,-1.0403083562850952,-2.7196069029220746,-0.08052775340876432
sVYTOURVsQ0_1,sVYTOURVsQ0,"As water flows, a man speaks",20s+,71.0,32.0,0.4507042253521127,2,0.5923634171485901,42.057802617549896,0.9971066117286682,0.01077438797801733,70.79456943273544,0.7649815464392304,0.20543056726455688,0.3824907732196152,0.02390567332622595,3.7336394705479345,0.012843841686844826,1,1,0.7359917759895325,52.255416095256805,1.2554160952568054,1.3143063317984343,0.27330902211457697,0.3737442776905129,0.0,0.9670947790145874,68.6637293100357,2.3362706899642944,0.05272302031517029,3.7433344423770905,0.11697920132428408,2.1457591264458213,-2.8885393142700195,-3.2622835636138916,0.9971066117286682,70.79456943273544,0.20543056726455688,0.01077438797801733,0.7649815464392304,0.02390567332622595,3.7336394705479345,-4.519750595092773,-1.121923565864563,-2.419068148560398,-1.5878803441021134
sVYTOURVsQ0_1,sVYTOURVsQ0,"As water flows, a man speaks",20s+,71.0,32.0,0.4507042253521127,3,0.4910241663455963,34.86271581053734,0.9863168597221375,0.03359796479344368,70.02849704027176,2.3854555003345013,0.971502959728241,0.3859468232262193,0.07454548438545316,2.5963458112296247,0.6318697333335876,1,1,0.7619823217391968,54.10074484348297,3.100744843482971,1.0894598690792918,0.08568204046924462,-0.0359071921279591,0.0,0.9832156300544739,69.80830973386765,1.1916902661323547,0.026306701824069023,1.8677758295089006,0.058367994672153145,2.840987575810546,-3.6112725734710693,-3.5753653049468994,0.9863168597221375,70.02849704027176,0.971502959728241,0.03359796479344368,2.3854555003345013,0.07454548438545316,2.5963458112296247,-3.359114408493042,-0.5694513916969299,-2.9266696162797907,0.24464176458092146
sVYTOURVsQ0_1,sVYTOURVsQ0,"As water flows, a man speaks",20s+,71.0,32.0,0.4507042253521127,5,0.4456096887588501,31.638287901878357,0.7283858060836792,0.10775747150182724,51.71539223194122,7.650780476629734,0.7153922319412231,0.2614112385147176,0.2390868898946792,1.4309282370764294,0.0084999343380332,1,1,0.6909807920455933,49.05963623523712,1.9403637647628784,0.9886964969336987,0.011367873188696007,-0.2184255400548803,0.0,0.9170522689819336,65.11071109771729,4.110711097717285,0.08157683163881302,5.791955046355724,0.18099859519861639,1.7092660090800418,-2.4211130142211914,-2.2026875019073486,0.7283858060836792,51.71539223194122,0.7153922319412231,0.10775747150182724,7.650780476629734,0.2390868898946792,1.4309282370764294,-2.1138548851013184,-0.5065556764602661,-1.6978981358913459,0.2783377720036124
sVYTOURVsQ0_3,sVYTOURVsQ0,An engine hums,20s+,71.0,39.0,0.5492957746478874,5,0.4456096887588501,31.638287901878357,0.7379228472709656,0.5518176555633545,52.392522156238556,39.17905354499817,0.8925221562385559,0.9553538560352747,1.0045911165384145,0.004580609509934088,0.8702588677406311,1,1,0.6909807920455933,49.05963623523712,2.4403637647628784,0.8112381513302143,0.2091936165186159,-0.2184255400548803,0.0,0.7311556935310364,51.91205424070358,0.41205424070358276,0.6542123556137085,46.4490772485733,1.1910019807326488,0.17479495345544835,0.6376073360443115,0.8560329079627991,0.7379228472709656,52.392522156238556,0.8925221562385559,0.5518176555633545,39.17905354499817,1.0045911165384145,0.004580609509934088,0.20801745355129242,0.0019538113847374916,0.3839885699740643,-0.17021434394551407
s_EWjoiVfzo_2,s_EWjoiVfzo,A woman is talking as background noise fills the air,20s+,300.0,25.0,0.08333333333333333,7,0.8412365913391113,252.3709774017334,0.13199269771575928,0.06148388981819153,39.59780931472778,18.44516694545746,0.4021906852722168,0.21685897513576535,0.7378066778182983,0.3040734428734001,0.8791270852088928,1,1,0.27036458253860474,81.10937476158142,1.390625238418579,10.094839096069336,2.3120243126649496,1.6674578436475704,0.0,0.15578176081180573,46.73452824354172,0.26547175645828247,0.06464052945375443,19.392158836126328,0.7756863534450531,0.2540070242079968,-2.6720893383026123,-4.339547157287598,0.13199269771575928,39.59780931472778,0.4021906852722168,0.06148388981819153,18.44516694545746,0.7378066778182983,0.3040734428734001,-2.72552490234375,-1.6872919797897339,-2.566031336872946,-0.05006641866540327
sl_Pxpc7beo_1,sl_Pxpc7beo,Objects bump into each other and an alarm sounds,2-5s,74.0,2.0,0.02702702702702703,1,0.3227500021457672,23.883500158786774,0.036603596061468124,0.018068840727210045,2.708666108548641,1.3370942138135433,0.7086661085486412,0.40378414191772105,0.6685471069067717,0.40264841834572124,0.05572294816374779,1,1,0.44674772024154663,33.05933129787445,31.05933129787445,11.941750079393387,2.4800406700372273,-0.7411624414217115,0.0,0.29254305362701416,21.648185968399048,19.648185968399048,0.028109274804592133,2.080086335539818,1.040043167769909,0.03926221976293631,-3.5431437492370605,-2.801981210708618,0.036603596061468124,2.708666108548641,0.7086661085486412,0.018068840727210045,1.3370942138135433,0.6685471069067717,0.40264841834572124,-3.9953322410583496,-1.5541749000549316,-2.440778450274291,-0.4419106381086575
sl_Pxpc7beo_1,sl_Pxpc7beo,Objects bump into each other and an alarm sounds,2-5s,74.0,2.0,0.02702702702702703,7,0.8412365913391113,62.25150775909424,0.02318749390542507,0.02194649912416935,1.7158745490014553,1.6240409351885319,0.2841254509985447,0.7289068013077216,0.8120204675942659,0.20822973274125575,0.05913565680384636,1,1,0.27036458253860474,20.00697910785675,18.00697910785675,31.12575387954712,3.4380355755211736,1.6674578436475704,0.0,0.14707747101783752,10.883732855319977,8.883732855319977,0.035579174757003784,2.63285893201828,1.31642946600914,0.27492312161740684,-3.299767255783081,-4.967225074768066,0.02318749390542507,1.7158745490014553,0.2841254509985447,0.02194649912416935,1.6240409351885319,0.8120204675942659,0.20822973274125575,-3.796956777572632,-1.601836919784546,-3.163112453903767,-0.4831528543586625
sl_Pxpc7beo_1,sl_Pxpc7beo,Objects bump into each other and an alarm sounds,2-5s,74.0,2.0,0.02702702702702703,9,0.6701281666755676,49.589484333992004,0.03385372832417488,0.03861171007156372,2.505175895988941,2.8572665452957153,0.5051758959889412,0.6556177536089218,1.4286332726478577,0.3567182338552108,0.9840493202209473,1,1,0.1608370691537857,11.901943117380142,9.901943117380142,24.794742166996002,3.2106316212984454,0.7087647924817356,0.0,0.043116357177495956,3.1906104311347008,1.1906104311347008,0.042942751199007034,3.1777635887265205,1.5888817943632603,0.4630304948336137,-3.1039953231811523,-3.8127601146698,0.03385372832417488,2.505175895988941,0.5051758959889412,0.03861171007156372,2.8572665452957153,1.4286332726478577,0.3567182338552108,-3.214822769165039,-1.0431185960769653,-2.7476011264648315,-0.10631226097840288
sqWyxUObwkw_3,sqWyxUObwkw,A man speaks over engine noise,5-10s,274.0,6.0,0.021897810218978103,2,0.5923634171485901,162.30757629871368,0.98935866355896,0.02285688742995262,271.08427381515503,6.262787155807018,0.0842738151550293,0.9580399031183177,1.0437978593011696,0.0428658493543788,0.9603326916694641,1,1,0.7359917759895325,201.6617466211319,1.661746621131897,27.051262716452282,3.2977336850330032,0.3737442776905129,0.0,0.9894253015518188,271.10253262519836,0.10253262519836426,0.019599946215748787,5.370385263115168,0.8950642105191946,0.11085981968386496,-3.9124338626861572,-4.286178112030029,0.98935866355896,271.08427381515503,0.0842738151550293,0.02285688742995262,6.262787155807018,1.0437978593011696,0.0428658493543788,-3.755380630493164,-0.641692042350769,-3.4085935047168685,0.15372566903824386
sqsI2UyrcBQ_2,sqsI2UyrcBQ,An engine rumbles,20s+,67.0,50.0,0.746268656716418,4,0.07413875311613083,4.9672964587807655,0.6159600019454956,0.34234002232551575,41.269320130348206,22.936781495809555,0.7306798696517944,0.4587356299161911,0.4587356299161911,0.7792812045373483,0.1284673810005188,1,1,0.5870380997657776,39.3315526843071,2.6684473156929016,0.09934592917561531,2.3091472854023998,-2.5247858938815373,0.0,0.625399649143219,41.90177649259567,0.09822350740432739,0.3462744951248169,23.200391173362732,0.46400782346725467,0.767853865977218,-0.6354557275772095,1.889330267906189,0.6159600019454956,41.269320130348206,0.7306798696517944,0.34234002232551575,22.936781495809555,0.4587356299161911,0.7792812045373483,-0.6528835892677307,0.1822836846113205,1.5412934194251817,-0.011427338560130118
szkiW0GXEOI_1,szkiW0GXEOI,"Amid ambient noise, whistling blends with birdsong",2-5s,148.0,3.0,0.02027027027027027,5,0.4456096887588501,65.95023393630981,0.813014805316925,0.04810981824994087,120.32619118690491,7.120253100991249,0.17380881309509277,0.42133333709476617,2.373417700330416,0.8643309840159926,0.9637385606765747,1,1,0.6909807920455933,102.2651572227478,1.2651572227478027,21.98341131210327,3.0902881376657203,-0.2184255400548803,0.0,0.7942782044410706,117.55317425727844,2.9468257427215576,0.03461966663599014,5.123710662126541,1.7079035540421803,0.5352666265836274,-3.3281002044677734,-3.1096746921539307,0.813014805316925,120.32619118690491,0.17380881309509277,0.04810981824994087,7.120253100991249,2.373417700330416,0.8643309840159926,-2.9849634170532227,-1.2739962339401245,-2.555021511082093,0.32906435743236534
t1hj7se76wQ_2,t1hj7se76wQ,The typewriter lever is moving,2-5s,119.0,2.0,0.01680672268907563,7,0.8412365913391113,100.10715436935425,0.23568855226039886,0.19975507259368896,28.046937718987465,23.770853638648987,0.9530622810125351,0.08413665030305027,11.885426819324493,2.4753130126052256,0.9640445113182068,1,1,0.27036458253860474,32.173385322093964,3.1733853220939636,50.053577184677124,3.9130939754285334,1.6674578436475704,0.0,0.21126151084899902,25.140119791030884,3.859880208969116,0.13783489167690277,16.40235210955143,8.201176054775715,2.1042775653004657,-1.833390235900879,-3.5008480548858643,0.23568855226039886,28.046937718987465,0.9530622810125351,0.19975507259368896,23.770853638648987,11.885426819324493,2.4753130126052256,-1.387825846672058,-1.2732609510421753,-1.8088164101280677,0.37103544730475985
t4prXmPwthg_1,t4prXmPwthg,Machines hum in the background,5-10s,249.0,8.0,0.0321285140562249,5,0.4456096887588501,110.95681250095367,0.612096905708313,0.055756788700819016,152.41212952136993,13.883440386503935,0.08787047863006592,0.36014128060509343,1.7354300483129919,0.5512552491478255,0.006831430830061436,1,1,0.6909807920455933,172.05421721935272,19.554217219352722,13.86960156261921,2.629699507354587,-0.2184255400548803,0.0,0.8283281326293945,206.25370502471924,53.75370502471924,0.04411526769399643,10.984701655805111,1.3730877069756389,0.31706200455306327,-3.075831413269043,-2.8574059009552,0.612096905708313,152.41212952136993,0.08787047863006592,0.055756788700819016,13.883440386503935,1.7354300483129919,0.5512552491478255,-2.8293845653533936,-0.6343023180961609,-2.3126375028015236,0.23419324459476218
t4prXmPwthg_1,t4prXmPwthg,Machines hum in the background,5-10s,249.0,8.0,0.0321285140562249,6,0.8429434299468994,209.89291405677795,0.4191964566707611,0.040571630001068115,104.37991771101952,10.10233587026596,0.379917711019516,0.7918960627260739,1.262791983783245,0.2333251297113619,0.8899704813957214,1,1,0.36404988169670105,90.64842054247856,13.351579457521439,26.236614257097244,3.2671559259145897,1.6802937908532223,0.0,0.33710920810699463,83.94019281864166,7.440192818641663,0.05720514431595802,14.244080934673548,1.7805101168341935,0.5768999057381955,-2.8022048473358154,-4.482498645782471,0.4191964566707611,104.37991771101952,0.379917711019516,0.040571630001068115,10.10233587026596,1.262791983783245,0.2333251297113619,-3.163268566131592,-2.2195286750793457,-2.690256020176394,-0.34357477602683373
t4prXmPwthg_1,t4prXmPwthg,Machines hum in the background,5-10s,249.0,8.0,0.0321285140562249,8,0.5322582125663757,132.53229492902756,0.5198615789413452,0.04648667201399803,129.44553315639496,11.57518133148551,0.5544668436050415,0.3455669406335475,1.4468976664356887,0.36942172395683975,0.7360304594039917,1,1,0.47813287377357483,119.05508556962013,10.944914430379868,16.566536866128445,2.807384809361231,0.12921232615624365,0.0,0.48916059732437134,121.80098873376846,8.199011266231537,0.04812363162636757,11.982784274965525,1.4978480343706906,0.4040294342686198,-2.984661817550659,-3.1138741970062256,0.5198615789413452,129.44553315639496,0.5544668436050415,0.04648667201399803,11.57518133148551,1.4468976664356887,0.36942172395683975,-3.0209877490997314,-1.8141058683395386,-2.4033553750926107,-0.03460771031178003
tB8TiiXwKmA_1,tB8TiiXwKmA,A power drill whirs,10-20s,70.0,13.0,0.18571428571428572,0,0.18933655321598053,13.253558725118637,0.8607216477394104,0.023692244663834572,60.25051534175873,1.65845712646842,0.24948465824127197,0.1275736251129554,0.1275736251129554,2.059061629178512,0.9298908710479736,1,1,0.6764324307441711,47.35027015209198,13.14972984790802,1.0195045173168182,0.01931674193655167,-1.4543268461844807,0.0,0.8648625612258911,60.54037928581238,0.04037928581237793,0.019926464185118675,1.3948524929583073,0.10729634561217748,2.2321606875938897,-3.8955788612365723,-2.4412519931793213,0.8607216477394104,60.25051534175873,0.24948465824127197,0.023692244663834572,1.65845712646842,0.1275736251129554,2.059061629178512,-3.718630075454712,-0.5459966659545898,-2.2514774295304414,0.1730990584153774
tB8TiiXwKmA_1,tB8TiiXwKmA,A power drill whirs,10-20s,70.0,13.0,0.18571428571428572,3,0.4910241663455963,34.37169164419174,0.8784002065658569,0.057967957109212875,61.488014459609985,4.057756997644901,0.9880144596099854,0.3121351536649924,0.3121351536649924,1.16431900014642,0.9757614135742188,1,1,0.7619823217391968,53.338762521743774,7.161237478256226,2.6439762803224416,0.9722839508154779,-0.0359071921279591,0.0,0.8483487963676453,59.38441574573517,1.1155842542648315,0.04274221882224083,2.991955317556858,0.23015040904283524,1.4690222314324572,-3.1088855266571045,-3.0729782581329346,0.8784002065658569,61.488014459609985,0.9880144596099854,0.057967957109212875,4.057756997644901,0.3121351536649924,1.16431900014642,-2.788148880004883,-1.093551754951477,-2.4413061822479354,0.30470323128603705
tIM-H2rdq8U_2,tIM-H2rdq8U,Gunshots ring out as echoes fill the cave,2-5s,105.0,4.0,0.0380952380952381,4,0.07413875311613083,7.784569077193737,0.629652738571167,0.061449673026800156,66.11353754997253,6.452215667814016,0.8864624500274658,0.3099710398672386,1.613053916953504,0.47812922509000083,0.8957580327987671,1,1,0.5870380997657776,61.63900047540665,0.13900047540664673,1.9461422692984343,0.6658490896724127,-2.5247858938815373,0.0,0.6330330967903137,66.46847516298294,0.5315248370170593,0.05986914411187172,6.2862601317465305,1.5715650329366326,0.45207195911425074,-2.7538578510284424,-0.22907178103923798,0.629652738571167,66.11353754997253,0.8864624500274658,0.061449673026800156,6.452215667814016,1.613053916953504,0.47812922509000083,-2.7261178493499756,-0.9564502239227295,-0.213777130558162,0.026057265975750164
tIM-H2rdq8U_2,tIM-H2rdq8U,Gunshots ring out as echoes fill the cave,2-5s,105.0,4.0,0.0380952380952381,6,0.8429434299468994,88.50906014442444,0.37663498520851135,0.0761248990893364,39.54667344689369,7.9931144043803215,0.546673446893692,0.5004307204470829,1.9982786010950804,0.6922861104930381,0.9516857266426086,1,1,0.36404988169670105,38.22523757815361,0.7747624218463898,22.12726503610611,3.096810560167351,1.6802937908532223,0.0,0.34432369470596313,36.15398794412613,2.846012055873871,0.06210093945264816,6.520598642528057,1.6301496606320143,0.488671826942468,-2.714881181716919,-4.395174980163574,0.37663498520851135,39.54667344689369,0.546673446893692,0.0761248990893364,7.9931144043803215,1.9982786010950804,0.6922861104930381,-2.496201515197754,-1.6632803678512573,-2.608138733224883,0.20361428355057004
tIM-H2rdq8U_2,tIM-H2rdq8U,Gunshots ring out as echoes fill the cave,2-5s,105.0,4.0,0.0380952380952381,8,0.5322582125663757,55.88711231946945,0.5418307781219482,0.0657712072134018,56.892231702804565,6.905976757407188,0.39223170280456543,0.43440632735728085,1.726494189351797,0.546092872277113,0.9362550377845764,1,1,0.47813287377357483,50.20395174622536,2.296048253774643,13.971778079867363,2.637039443613992,0.12921232615624365,0.0,0.5272778868675232,55.364178121089935,1.1358218789100647,0.04766537621617317,5.004864502698183,1.2512161256745458,0.22411597889285417,-2.99471116065979,-3.1239235401153564,0.5418307781219482,56.892231702804565,0.39223170280456543,0.0657712072134018,6.905976757407188,1.726494189351797,0.546092872277113,-2.6535391807556152,-1.3883202075958252,-2.4129234647211377,0.3219768933842588
tJhVH3VIrnE_1,tJhVH3VIrnE,"Music plays while a door gets banged, broken, and forced open",5-10s,89.0,6.0,0.06741573033707865,9,0.6701281666755676,59.64140683412552,0.03806085139513016,0.06801639497280121,3.387415774166584,6.053459152579308,0.387415774166584,0.8791995650241923,1.008909858763218,0.008870400178701996,0.9789132475852966,1,1,0.1608370691537857,14.314499154686928,11.314499154686928,9.940234472354254,2.2965906091583057,0.7087647924817356,0.0,0.05599421635270119,4.983485255390406,1.9834852553904057,0.07194847613573074,6.403414376080036,1.0672357293466728,0.06507187514153985,-2.5571370124816895,-3.265901803970337,0.03806085139513016,3.387415774166584,0.387415774166584,0.06801639497280121,6.053459152579308,1.008909858763218,0.008870400178701996,-2.6175663471221924,-0.903752863407135,-2.231518734016766,-0.05620147496283775
taYKM1OSTwE_1,taYKM1OSTwE,A woman talks as wind blows,2-5s,220.0,4.0,0.01818181818181818,9,0.6701281666755676,147.42819666862488,0.01006287895143032,0.02030758745968342,2.2138333693146706,4.467669241130352,0.21383336931467056,0.8953214269255017,1.116917310282588,0.11057248895165041,0.9891373515129089,1,1,0.1608370691537857,35.384155213832855,33.384155213832855,36.85704916715622,3.6070468938866918,0.7087647924817356,0.0,0.013305938802659512,2.9273065365850925,0.9273065365850925,0.028178434818983078,6.199255660176277,1.5498139150440693,0.4381348689137218,-3.5406153202056885,-4.249380111694336,0.01006287895143032,2.2138333693146706,0.21383336931467056,0.02030758745968342,4.467669241130352,1.116917310282588,0.11057248895165041,-3.876244068145752,-1.3408218622207642,-3.1689120249729696,-0.3275623799620714
tdpiXW68adA_2,tdpiXW68adA,A man talks,20s+,299.0,240.0,0.802675585284281,4,0.07413875311613083,22.167487181723118,0.6030691266059875,0.16704703867435455,180.31766885519028,49.94706456363201,0.3176688551902771,0.20811276901513337,0.20811276901513337,1.5696751874691603,0.670894980430603,1,1,0.5870380997657776,175.5243918299675,4.475608170032501,0.09236452992384632,2.3820122493165248,-2.5247858938815373,0.0,0.6001237034797668,179.4369873404503,0.5630126595497131,0.1534873992204666,45.89273236691952,0.191219718195498,1.6543321550446868,-1.7075066566467285,0.8172793984413147,0.6030691266059875,180.31766885519028,0.3176688551902771,0.16704703867435455,49.94706456363201,0.20811276901513337,1.5696751874691603,-1.6067017316818237,-0.4070482552051544,0.7276800942718382,0.08465696757552639
tfOIhQpYYe8_1,tfOIhQpYYe8,Fast-paced music is playing,2-5s,109.0,3.0,0.027522935779816515,1,0.3227500021457672,35.179750233888626,0.017792360857129097,0.012966357171535492,1.9393673334270716,1.4133329316973686,0.43936733342707157,0.4711109772324562,0.4711109772324562,0.7526615922687835,0.016422130167484283,1,1,0.44674772024154663,48.69550150632858,47.19550150632858,11.72658341129621,2.461858350954037,-0.7411624414217115,0.0,0.3202284276485443,34.90489861369133,33.40489861369133,0.04761100560426712,5.189599610865116,1.7298665369550388,0.5480442592649974,-2.9959096908569336,-2.254747152328491,0.017792360857129097,1.9393673334270716,0.43936733342707157,0.012966357171535492,1.4133329316973686,0.4711109772324562,0.7526615922687835,-4.332345962524414,-2.1644399166107178,-1.9138140916890394,-1.300705851533781
tfOIhQpYYe8_1,tfOIhQpYYe8,Fast-paced music is playing,2-5s,109.0,3.0,0.027522935779816515,2,0.5923634171485901,64.56761246919632,0.9988364577293396,0.0074738431721925735,108.87317389249802,0.8146489057689905,0.8731738924980164,0.2342253663406561,0.2715496352563302,1.3036103376937511,0.06445957720279694,1,1,0.7359917759895325,80.22310358285904,27.77689641714096,21.522537489732105,3.069100641434022,0.3737442776905129,0.0,0.9833242297172546,107.18234103918076,0.8176589608192444,0.03460497781634331,3.7719425819814205,1.2573141939938068,0.22897785381900876,-3.3285398483276367,-3.702284097671509,0.9988364577293396,108.87317389249802,0.8731738924980164,0.0074738431721925735,0.8146489057689905,0.2715496352563302,1.3036103376937511,-4.888844013214111,-1.497167944908142,-2.8401227876150132,-1.53258819151276
tfOIhQpYYe8_1,tfOIhQpYYe8,Fast-paced music is playing,2-5s,109.0,3.0,0.027522935779816515,3,0.4910241663455963,53.52163413167,0.9936904907226562,0.015477664768695831,108.31226348876953,1.6870654597878456,0.31226348876953125,0.7103033338066362,0.5623551532626152,0.5756216833746535,0.4666934609413147,1,1,0.7619823217391968,83.05607306957245,24.94392693042755,17.840544710556667,2.8814736597886896,-0.0359071921279591,0.0,0.9870907068252563,107.59288704395294,0.4071129560470581,0.02762736938893795,3.0113832633942366,1.0037944211314123,0.0037872404741108897,-3.560932159423828,-3.525024890899658,0.9936904907226562,108.31226348876953,0.31226348876953125,0.015477664768695831,1.6870654597878456,0.5623551532626152,0.5756216833746535,-4.152758598327637,-1.1377297639846802,-2.877686419314579,-0.5794089238487643
tfOIhQpYYe8_1,tfOIhQpYYe8,Fast-paced music is playing,2-5s,109.0,3.0,0.027522935779816515,7,0.8412365913391113,91.69478845596313,0.014197430573403835,0.026593821123242378,1.547519932501018,2.8987265024334192,0.04751993250101805,0.9662421674778064,0.9662421674778064,0.034340785216535705,0.02115660160779953,1,1,0.27036458253860474,29.469739496707916,27.969739496707916,30.564929485321045,3.419853256437983,1.6674578436475704,0.0,0.12296459078788757,13.403140395879745,11.903140395879745,0.0896095559000969,9.767441593110561,3.2558138643701873,1.1804422795437275,-2.3184115886688232,-3.9858694076538086,0.014197430573403835,1.547519932501018,0.04751993250101805,0.026593821123242378,2.8987265024334192,0.9662421674778064,0.034340785216535705,-3.6001224517822266,-2.271228551864624,-2.2394109768942556,-1.2147830647602633
tfOIhQpYYe8_1,tfOIhQpYYe8,Fast-paced music is playing,2-5s,109.0,3.0,0.027522935779816515,9,0.6701281666755676,73.04397016763687,0.00876695103943348,0.02143505960702896,0.9555976632982492,2.3364214971661568,0.5444023367017508,0.6610844055916032,0.7788071657220522,0.24999180454792577,0.9920526742935181,1,1,0.1608370691537857,17.531240537762642,16.031240537762642,24.347990055878956,3.1924493022152545,0.7087647924817356,0.0,0.017435606569051743,1.90048111602664,0.40048111602663994,0.036321721971035004,3.9590676948428154,1.3196892316142719,0.27739627828489777,-3.27834153175354,-3.9871063232421875,0.00876695103943348,0.9555976632982492,0.5444023367017508,0.02143505960702896,2.3364214971661568,0.7788071657220522,0.24999180454792577,-3.821059226989746,-1.4607940912246704,-2.915053023930357,-0.5273880828328233
tjCNwdOUiGc_1,tjCNwdOUiGc,Music is playing,2-5s,299.0,3.0,0.010033444816053512,1,0.3227500021457672,96.5022506415844,0.012367861345410347,0.011230150237679482,3.6979905422776937,3.357814921066165,0.8020094577223063,0.5970729989141388,1.1192716403553884,0.1126781526452468,0.023210613057017326,1,1,0.44674772024154663,133.57756835222244,129.07756835222244,32.16741688052813,3.4709540421155793,-0.7411624414217115,0.0,0.22553007304668427,67.4334918409586,62.933491840958595,0.03568301349878311,10.66922103613615,3.5564070120453835,1.2687507689323958,-3.2967453002929688,-2.5555827617645264,0.012367861345410347,3.6979905422776937,0.8020094577223063,0.011230150237679482,3.357814921066165,1.1192716403553884,0.1126781526452468,-4.4778594970703125,-2.209974527359009,-2.202203273183184,-1.156072616287149
tjCNwdOUiGc_1,tjCNwdOUiGc,Music is playing,2-5s,299.0,3.0,0.010033444816053512,7,0.8412365913391113,251.5297408103943,0.015254013240337372,0.05129343643784523,4.560949958860874,15.336737494915724,0.060949958860874176,0.19560874670995243,5.112245831638575,1.6316388050501651,0.013850921764969826,1,1,0.27036458253860474,80.83901017904282,76.33901017904282,83.8432469367981,4.428948947599526,1.6674578436475704,0.0,0.1102544367313385,32.96607658267021,28.466076582670212,0.1216217502951622,36.3649033382535,12.1216344460845,2.4949918268365114,-1.9771614074707031,-3.6446192264556885,0.015254013240337372,4.560949958860874,0.060949958860874176,0.05129343643784523,15.336737494915724,5.112245831638575,1.6316388050501651,-2.917536735534668,-2.0418612957000732,-1.9339571207630144,-0.8633530217863464
tmLAXm1WlnE_1,tmLAXm1WlnE,Insects buzz nearby,20s+,188.0,99.0,0.526595744680851,4,0.07413875311613083,13.938085585832596,0.5958043336868286,0.07158427685499191,112.01121473312378,13.45784404873848,0.5112147331237793,0.13593781867412605,0.13593781867412605,1.9955577134324487,0.8496483564376831,1,1,0.5870380997657776,110.36316275596619,1.1368372440338135,0.14078874329123833,1.9604947866698608,-2.5247858938815373,0.0,0.6464781761169434,121.53789710998535,10.037897109985352,0.06874259561300278,12.923607975244522,0.13054149469943963,2.0360641357146823,-2.6061666011810303,-0.08138067275285721,0.5958043336868286,112.01121473312378,0.5112147331237793,0.07158427685499191,13.45784404873848,0.13593781867412605,1.9955577134324487,-2.5626041889190674,-0.8525597453117371,-0.07556934904482171,0.04050642228223377
tmLAXm1WlnE_2,tmLAXm1WlnE,Plastic rustles,10-20s,188.0,16.0,0.0851063829787234,2,0.5923634171485901,111.36432242393494,0.9540721774101257,0.012431446462869644,179.36556935310364,2.337111935019493,0.3655693531036377,0.7114828141055378,0.14606949593871832,1.9236727709454011,0.1465446501970291,1,1,0.7359917759895325,138.3664538860321,28.633546113967896,6.9602701514959335,1.940218288463156,0.3737442776905129,0.0,0.9905271530151367,186.2191047668457,7.219104766845703,0.016949765384197235,3.18655589222908,0.1991597432643175,1.6136480463015874,-4.06040620803833,-4.434150695800781,0.9540721774101257,179.36556935310364,0.3655693531036377,0.012431446462869644,2.337111935019493,0.14606949593871832,1.9236727709454011,-4.375016689300537,-1.0215755701065063,-3.5538663347647432,-0.31002472464381386
tmLAXm1WlnE_2,tmLAXm1WlnE,Plastic rustles,10-20s,188.0,16.0,0.0851063829787234,5,0.4456096887588501,83.77462148666382,0.8890480995178223,0.04941067844629288,167.1410427093506,9.289207547903061,0.14104270935058594,0.9289207547903061,0.5805754717439413,0.5437354746774988,0.966617226600647,1,1,0.6909807920455933,129.90438890457153,37.09561109542847,5.235913842916489,1.655541393159883,-0.2184255400548803,0.0,0.8921124339103699,167.71713757514954,0.7171375751495361,0.03519823029637337,6.617267295718193,0.41357920598238707,0.8829062327229927,-3.310926914215088,-3.092501401901245,0.8890480995178223,167.1410427093506,0.14104270935058594,0.04941067844629288,9.289207547903061,0.5805754717439413,0.5437354746774988,-2.9569156169891357,-0.7761146426200867,-2.538447625882876,0.339170758045494
tpm5IOD5d4o_1,tpm5IOD5d4o,Someone whistles,5-10s,85.0,5.0,0.058823529411764705,0,0.18933655321598053,16.093607023358345,0.6503373384475708,0.038991305977106094,55.27867376804352,3.314261008054018,0.7213262319564819,0.6705111981450436,0.6628522016108036,0.4112032373113942,0.9544007182121277,1,1,0.6764324307441711,57.49675661325455,1.4967566132545471,3.218721404671669,1.1689842014049454,-1.4543268461844807,0.0,0.6595473885536194,56.06152802705765,0.061528027057647705,0.0401252843439579,3.4106491692364216,0.6821298338472843,0.38253526704707036,-3.1747961044311523,-1.720469355583191,0.6503373384475708,55.27867376804352,0.7213262319564819,0.038991305977106094,3.314261008054018,0.6628522016108036,0.4112032373113942,-3.2046446800231934,-1.3693201541900635,-1.551519468452016,-0.028667970264323765
tpm5IOD5d4o_1,tpm5IOD5d4o,Someone whistles,5-10s,85.0,5.0,0.058823529411764705,6,0.8429434299468994,71.65019154548645,0.26085153222084045,0.04169633612036705,22.17238023877144,3.5441885702311993,0.8276197612285614,0.6401429511096016,0.7088377140462399,0.344128672802263,0.9687352776527405,1,1,0.36404988169670105,30.94423994421959,7.555760055780411,14.33003830909729,2.6623579151859342,1.6802937908532223,0.0,0.2541980445384979,21.606833785772324,1.3931662142276764,0.0420055128633976,3.570468593388796,0.7140937186777592,0.3367410666038921,-3.1270411014556885,-4.807334899902344,0.26085153222084045,22.17238023877144,0.8276197612285614,0.04169633612036705,3.5441885702311993,0.7088377140462399,0.344128672802263,-3.134751319885254,-1.9298512935638428,-2.9990989817898264,-0.007387606198370982
tpm5IOD5d4o_1,tpm5IOD5d4o,Someone whistles,5-10s,85.0,5.0,0.058823529411764705,9,0.6701281666755676,56.96089416742325,0.09031881392002106,0.04638759791851044,7.67709918320179,3.942945823073387,0.8229008167982101,0.616753981439207,0.7885891646146774,0.2375097976600438,0.9658800363540649,1,1,0.1608370691537857,13.671150878071785,5.171150878071785,11.39217883348465,2.4329270527104367,0.7087647924817356,0.0,0.06713777035474777,5.706710480153561,2.7932895198464394,0.04728355631232262,4.019102286547422,0.8038204573094845,0.21837934654508806,-3.003154754638672,-3.7119195461273193,0.09031881392002106,7.67709918320179,0.8229008167982101,0.04638759791851044,3.942945823073387,0.7885891646146774,0.2375097976600438,-3.0232250690460205,-1.3397239446640015,-2.651306399255525,-0.019130451114955753
tpm5IOD5d4o_2,tpm5IOD5d4o,A bird chirps,5-10s,85.0,9.0,0.10588235294117647,0,0.18933655321598053,16.093607023358345,0.7171609401702881,0.06273263692855835,60.95867991447449,5.33227413892746,0.041320085525512695,0.7501489788003595,0.5924749043252733,0.5234467624390323,0.8737589120864868,1,1,0.6764324307441711,57.49675661325455,3.503243386745453,1.7881785581509273,0.5811975365028266,-1.4543268461844807,0.0,0.7234446406364441,61.49279445409775,0.4927944540977478,0.054546058177948,4.63641494512558,0.5151572161250644,0.6632831508757853,-2.8526196479797363,-1.398292899131775,0.7171609401702881,60.95867991447449,0.041320085525512695,0.06273263692855835,5.33227413892746,0.5924749043252733,0.5234467624390323,-2.7040867805480957,-1.0421221256256104,-1.2444806873786116,0.13983638843675292
tpm5IOD5d4o_2,tpm5IOD5d4o,A bird chirps,5-10s,85.0,9.0,0.10588235294117647,2,0.5923634171485901,50.35089045763016,0.9905439019203186,0.017361406236886978,84.19623166322708,1.4757195301353931,0.3037683367729187,0.6059122995873819,0.16396883668171036,1.808078889447544,0.22089974582195282,1,1,0.7359917759895325,62.55930095911026,1.55930095911026,5.5945433841811285,1.7217917270270853,0.3737442776905129,0.0,0.9897295236587524,84.12700951099396,0.3729904890060425,0.017538808286190033,1.4907987043261528,0.16564430048068365,1.797912557826756,-4.025644779205322,-4.399389266967773,0.9905439019203186,84.19623166322708,0.3037683367729187,0.017361406236886978,1.4757195301353931,0.16396883668171036,1.808078889447544,-4.035991668701172,-0.6069990992546082,-3.5197042848538413,-0.010166331620787956
tpm5IOD5d4o_2,tpm5IOD5d4o,A bird chirps,5-10s,85.0,9.0,0.10588235294117647,5,0.4456096887588501,37.87682354450226,0.8393909335136414,0.0647292211651802,71.34822934865952,5.5019837990403175,0.15177065134048462,0.1817526253302354,0.611331533226702,0.49211585939645647,0.7834309935569763,1,1,0.6909807920455933,58.73336732387543,2.2666326761245728,4.20853594938914,1.4371148317238123,-0.2184255400548803,0.0,0.8328142166137695,70.78920841217041,0.7107915878295898,0.04445263370871544,3.7784738652408123,0.41983042947120136,0.8679043885836826,-3.0678601264953613,-2.8494346141815186,0.8393909335136414,71.34822934865952,0.15177065134048462,0.0647292211651802,5.5019837990403175,0.611331533226702,0.49211585939645647,-2.670623302459717,-1.050705075263977,-2.3050192203074946,0.37578852918722594
tpm5IOD5d4o_2,tpm5IOD5d4o,A bird chirps,5-10s,85.0,9.0,0.10588235294117647,6,0.8429434299468994,71.65019154548645,0.31199002265930176,0.06566613167524338,26.51915192604065,5.581621192395687,0.9808480739593506,0.5374782516748275,0.6201801324884096,0.47774530686886085,0.7847869992256165,1,1,0.36404988169670105,30.94423994421959,3.4442399442195892,7.961132393942939,2.074571250283815,1.6802937908532223,0.0,0.2833055555820465,24.080972224473953,3.4190277755260468,0.0628969743847847,5.346242822706699,0.5940269803007444,0.5208305392692872,-2.7012951374053955,-4.381588935852051,0.31199002265930176,26.51915192604065,0.9808480739593506,0.06566613167524338,5.581621192395687,0.6201801324884096,0.47774530686886085,-2.6552505493164062,-1.610070824623108,-2.5954017895531027,0.04308523240042649
tpm5IOD5d4o_2,tpm5IOD5d4o,A bird chirps,5-10s,85.0,9.0,0.10588235294117647,7,0.8412365913391113,71.50511026382446,0.18424664437770844,0.06971771270036697,15.660964772105217,5.926005579531193,0.16096477210521698,0.6584450643923547,0.6584450643923547,0.41787418665116954,0.827657163143158,1,1,0.27036458253860474,22.980989515781403,4.519010484218597,7.945012251536052,2.0725443420310463,1.6674578436475704,0.0,0.18080633878707886,15.368538796901703,0.13146120309829712,0.06899937242269516,5.864946655929089,0.6516607395476766,0.42823119059540177,-2.6021625995635986,-4.269620418548584,0.18424664437770844,15.660964772105217,0.16096477210521698,0.06971771270036697,5.926005579531193,0.6584450643923547,0.41787418665116954,-2.591033697128296,-1.6629234552383423,-2.500775532626448,0.010357003944232383
tpm5IOD5d4o_2,tpm5IOD5d4o,A bird chirps,5-10s,85.0,9.0,0.10588235294117647,9,0.6701281666755676,56.96089416742325,0.02803482487797737,0.05129234492778778,2.3829601146280766,4.359849318861961,0.11703988537192345,0.8719698637723923,0.48442770209577346,0.724787080466529,0.9458847045898438,1,1,0.1608370691537857,13.671150878071785,1.828849121928215,6.328988240824805,1.8451403878083177,0.7087647924817356,0.0,0.05528559535741806,4.699275605380535,2.199275605380535,0.057624753564596176,4.898104052990675,0.5442337836656306,0.6083763750566638,-2.7944512367248535,-3.503216028213501,0.02803482487797737,2.3829601146280766,0.11703988537192345,0.05129234492778778,4.359849318861961,0.48442770209577346,0.724787080466529,-2.9175591468811035,-1.2865684032440186,-2.4535167628649814,-0.11641070540986519
tpm5IOD5d4o_3,tpm5IOD5d4o,A woman speaks,5-10s,85.0,6.0,0.07058823529411765,1,0.3227500021457672,27.433750182390213,0.3520907759666443,0.03724254295229912,29.927715957164764,3.165616150945425,0.5722840428352356,0.3158942690197438,0.5276026918242375,0.6394117561348633,0.7412587404251099,1,1,0.44674772024154663,37.973556220531464,5.526443779468536,4.572291697065036,1.5200145446552642,-0.7411624414217115,0.0,0.417249858379364,35.46623796224594,4.966237962245941,0.04231272637844086,3.596581742167473,0.5994302903612455,0.5117755909065185,-3.1194334030151367,-2.3782708644866943,0.3520907759666443,29.927715957164764,0.5722840428352356,0.03724254295229912,3.165616150945425,0.5276026918242375,0.6394117561348633,-3.252349853515625,-1.4984389543533325,-2.0317901355617827,-0.1276361652283448
tpm5IOD5d4o_3,tpm5IOD5d4o,A woman speaks,5-10s,85.0,6.0,0.07058823529411765,4,0.07413875311613083,6.3017940148711205,0.6086219549179077,0.05351351201534271,51.732866168022156,4.5486485213041306,0.7671338319778442,0.2198455201179828,0.7581080868840218,0.27692930867164056,0.9596567153930664,1,1,0.5870380997657776,49.898238480091095,2.601761519908905,1.0502990024785201,0.0490748878970415,-2.5247858938815373,0.0,0.6160091161727905,52.360774874687195,0.13922512531280518,0.05840359255671501,4.964305367320776,0.827384227886796,0.1894860873956429,-2.7801992893218994,-0.25541332364082336,0.6086219549179077,51.732866168022156,0.7671338319778442,0.05351351201534271,4.5486485213041306,0.7581080868840218,0.27692930867164056,-2.8728225231170654,-1.3981443643569946,-0.23856097529268427,-0.08744322127599768
twFypUcdgRc_1,twFypUcdgRc,"As the wind blows, a man laughs and speaks",10-20s,269.0,12.0,0.04460966542750929,1,0.3227500021457672,86.81975057721138,0.4312179982662201,0.034566543996334076,115.9976415336132,9.298400335013866,0.002358466386795044,0.7748666945844889,0.7748666945844889,0.25506427141144483,0.9004007577896118,1,1,0.44674772024154663,120.17513674497604,4.175136744976044,7.234979214767615,1.9789274872068416,-0.7411624414217115,0.0,0.41807228326797485,112.46144419908524,3.5385558009147644,0.02735491469502449,7.358472052961588,0.6132060044134656,0.489054340099174,-3.5711231231689453,-2.829960584640503,0.4312179982662201,115.9976415336132,0.002358466386795044,0.034566543996334076,9.298400335013866,0.7748666945844889,0.25506427141144483,-3.329690933227539,-0.895830512046814,-2.4679818273060157,0.23399006868772906
twFypUcdgRc_2,twFypUcdgRc,"As the wind blows, machines hum in the background",10-20s,269.0,15.0,0.055762081784386616,3,0.4910241663455963,132.0855007469654,0.8882088661193848,0.04536982253193855,238.9281849861145,12.20448226109147,0.571815013885498,0.8136321507394314,0.8136321507394314,0.20624691838716305,0.8637204766273499,1,1,0.7619823217391968,204.97324454784393,34.52675545215607,8.805700049797695,2.1753992447272847,-0.0359071921279591,0.0,0.8989653587341309,241.8216814994812,2.321681499481201,0.04055105149745941,10.908232852816582,0.7272155235211054,0.3185323893704939,-3.163797378540039,-3.127890110015869,0.8882088661193848,238.9281849861145,0.571815013885498,0.04536982253193855,12.20448226109147,0.8136321507394314,0.20624691838716305,-3.0464768409729004,-1.1483043432235718,-2.4939316340977786,0.11228547098333075
txeXrpoMST4_2,txeXrpoMST4,A man talks,10-20s,300.0,11.0,0.03666666666666667,3,0.4910241663455963,147.3072499036789,0.863552987575531,0.04772275686264038,259.0658962726593,14.316827058792114,0.5658962726593018,0.06984787871596797,1.3015297326174649,0.26354029007626395,0.953179657459259,1,1,0.7619823217391968,228.59469652175903,11.594696521759033,13.391568173061717,2.5946252680854864,-0.0359071921279591,0.0,0.8790901899337769,263.72705698013306,5.227056980133057,0.04885921999812126,14.657765999436378,1.3325241817669435,0.28707502456069545,-2.968719005584717,-2.932811737060547,0.863552987575531,259.0658962726593,0.5658962726593018,0.04772275686264038,14.316827058792114,1.3015297326174649,0.26354029007626395,-2.993447780609131,-1.3927522897720337,-2.3075502435247905,-0.023534734484431462
txeXrpoMST4_2,txeXrpoMST4,A man talks,10-20s,300.0,11.0,0.03666666666666667,6,0.8429434299468994,252.88302898406982,0.2864353358745575,0.05893184617161751,85.93060076236725,17.679553851485252,0.5693992376327515,0.6221876463854259,1.6072321683168411,0.47451354944822854,0.9284440279006958,1,1,0.36404988169670105,109.21496450901031,15.714964509010315,22.989366271279074,3.1350317729875488,1.6802937908532223,0.0,0.3153408467769623,94.60225403308868,1.102254033088684,0.07444949448108673,22.33484834432602,2.0304407585750925,0.7082528919368125,-2.5202677249908447,-4.2005615234375,0.2864353358745575,85.93060076236725,0.5693992376327515,0.05893184617161751,17.679553851485252,1.6072321683168411,0.47451354944822854,-2.7706339359283447,-2.0436859130859375,-2.426778881050736,-0.23373934248858394
txeXrpoMST4_2,txeXrpoMST4,A man talks,10-20s,300.0,11.0,0.03666666666666667,7,0.8412365913391113,252.3709774017334,0.1924743801355362,0.08802682161331177,57.74231404066086,26.40804648399353,0.24231404066085815,0.41653970908705157,2.4007314985448662,0.8757734819749016,0.9348349571228027,1,1,0.27036458253860474,81.10937476158142,5.390625238418579,22.94281612743031,3.1330048647347795,1.6674578436475704,0.0,0.19983084499835968,59.949253499507904,2.449253499507904,0.09645549952983856,28.93664985895157,2.6306045326319607,0.9672136800921731,-2.23724365234375,-3.9047014713287354,0.1924743801355362,57.74231404066086,0.24231404066085815,0.08802682161331177,26.40804648399353,2.4007314985448662,0.8757734819749016,-2.3379690647125244,-1.9076911211013794,-2.1657911846426066,-0.09144019811727148
txeXrpoMST4_3,txeXrpoMST4,Eerie music plays and noises fill the air,20s+,300.0,25.0,0.08333333333333333,3,0.4910241663455963,147.3072499036789,0.8848891854286194,0.04318416863679886,265.4667556285858,12.955250591039658,0.9667556285858154,0.5403214666369685,0.5182100236415863,0.6573746678501851,0.8202838897705078,1,1,0.7619823217391968,228.59469652175903,6.905303478240967,5.892289996147156,1.773644716015656,-0.0359071921279591,0.0,0.9169647097587585,275.08941292762756,10.589412927627563,0.051781218498945236,15.53436554968357,0.6213746219873428,0.4758211229161592,-2.907557725906372,-2.871650457382202,0.8848891854286194,265.4667556285858,0.9667556285858154,0.04318416863679886,12.955250591039658,0.5182100236415863,0.6573746678501851,-3.0981369018554688,-1.3210097551345825,-2.2494658389318154,-0.18155354493402587
uhSDBwVrEdo_1,uhSDBwVrEdo,A man speaks as birds chirp,10-20s,86.0,12.0,0.13953488372093023,3,0.4910241663455963,42.22807830572128,0.9771551489830017,0.028434056788682938,84.03534281253815,2.4453288838267326,0.964657187461853,0.3946910292508223,0.20377740698556104,1.5907270230946327,0.5968541502952576,1,1,0.7619823217391968,65.53047966957092,19.469520330429077,3.5190065254767737,1.2581787126931632,-0.0359071921279591,0.0,0.9556751847267151,82.1880658864975,2.8119341135025024,0.0474725142121315,4.082636222243309,0.3402196851869424,1.0781637371231483,-2.9989681243896484,-2.9630608558654785,0.9771551489830017,84.03534281253815,0.964657187461853,0.028434056788682938,2.4453288838267326,0.20377740698556104,1.5907270230946327,-3.5313215255737305,-1.2681559324264526,-2.3363424498163115,-0.5125632859714844
uhSDBwVrEdo_2,uhSDBwVrEdo,A deep breath is taken,2-5s,86.0,2.0,0.023255813953488372,1,0.3227500021457672,27.75650018453598,0.35894426703453064,0.03750292956829071,30.869206964969635,3.225251942873001,0.869206964969635,0.5007187416253178,1.6126259714365005,0.4778638884575256,0.8379576206207275,1,1,0.44674772024154663,38.42030394077301,8.42030394077301,13.87825009226799,2.6303228730865653,-0.7411624414217115,0.0,0.3833892047405243,32.97147160768509,2.971471607685089,0.03128207102417946,2.6902581080794334,1.3451290540397167,0.2964899594097008,-3.4329283237457275,-2.691765785217285,0.35894426703453064,30.869206964969635,0.869206964969635,0.03750292956829071,3.225251942873001,1.6126259714365005,0.4778638884575256,-3.2451119422912598,-1.0558491945266724,-2.3338329136768645,0.1813739290478248
uhSDBwVrEdo_3,uhSDBwVrEdo,Birds chirp as someone whistles,20s+,86.0,52.0,0.6046511627906976,7,0.8412365913391113,72.34634685516357,0.2563350796699524,0.13276168704032898,22.044816851615906,11.417505085468292,0.5448168516159058,0.6716179462040172,0.21956740548977485,1.516096007094543,0.9191986918449402,1,1,0.27036458253860474,23.251354098320007,1.7513540983200073,1.391275901060838,0.33022124054902957,1.6674578436475704,0.0,0.23835040628910065,20.498134940862656,1.0018650591373444,0.0926629975438118,7.969017788767815,0.15325034209168875,1.875682471922378,-2.2815446853637695,-3.949002504348755,0.2563350796699524,22.044816851615906,0.5448168516159058,0.13276168704032898,11.417505085468292,0.21956740548977485,1.516096007094543,-1.876758098602295,-1.4581310749053955,-2.2059037124714074,0.3595864648278348
up2PpjTzyyc_1,up2PpjTzyyc,"A cat meows, music plays, a man talks, and something makes a rubbing sound",2-5s,299.0,4.0,0.013377926421404682,7,0.8412365913391113,251.5297408103943,0.22555968165397644,0.05161842703819275,67.44234481453896,15.433909684419632,0.05765518546104431,0.19437719031286468,3.858477421104908,1.3502726551697244,0.07476265728473663,1,1,0.27036458253860474,80.83901017904282,13.339010179042816,62.88243520259857,4.141266875147745,1.6674578436475704,0.0,0.25587889552116394,76.50778976082802,9.007789760828018,0.04209292680025101,12.585785113275051,3.146446278318763,1.1462736503665927,-3.124871015548706,-4.792328834533691,0.22555968165397644,67.44234481453896,0.05765518546104431,0.05161842703819275,15.433909684419632,3.858477421104908,1.3502726551697244,-2.9108781814575195,-1.0282951593399048,-2.9949932247811524,0.20399900480313163
v7BaYF0kagM_1,v7BaYF0kagM,Engine noise hums as a man speaks over the radio,20s+,299.0,57.0,0.19063545150501673,9,0.6701281666755676,200.36832183599472,0.042286183685064316,0.07749208807945251,12.64356892183423,23.170134335756302,0.8564310781657696,0.926805373430252,0.4064935848378299,0.9001871315755533,0.9838136434555054,1,1,0.1608370691537857,48.090283676981926,4.590283676981926,3.51523371642096,1.257106014210357,0.7087647924817356,0.0,0.04182683676481247,12.506224192678928,0.9937758073210716,0.06884150952100754,20.583611346781254,0.36111598854002197,1.0185560743595736,-2.6046226024627686,-3.313387393951416,0.042286183685064316,12.64356892183423,0.8564310781657696,0.07749208807945251,23.170134335756302,0.4064935848378299,0.9001871315755533,-2.4769201278686523,-0.6309793591499329,-2.2756620885699306,0.11836894278402009
vruDH_YLaPI_1,vruDH_YLaPI,A man is talking,0-2s,125.0,1.0,0.008,7,0.8412365913391113,105.15457391738892,0.22873149812221527,0.0161990188062191,28.59143726527691,2.0248773507773876,0.09143726527690887,0.49385707219061026,2.0248773507773876,0.7055091312068769,0.9685069918632507,1,1,0.27036458253860474,33.79557281732559,5.295572817325592,105.15457391738892,4.655431400179251,1.6674578436475704,0.0,0.17761839926242828,22.202299907803535,6.2977000921964645,0.029256310313940048,3.657038789242506,3.657038789242506,1.2966537459588197,-3.501967191696167,-5.169425010681152,0.22873149812221527,28.59143726527691,0.09143726527690887,0.0161990188062191,2.0248773507773876,2.0248773507773876,0.7055091312068769,-4.106472969055176,-1.2690629959106445,-3.3587776542204306,-0.5911446147519428
vruDH_YLaPI_1,vruDH_YLaPI,A man is talking,0-2s,125.0,1.0,0.008,9,0.6701281666755676,83.76602083444595,0.08194717019796371,0.025897251442074776,10.243396274745464,3.237156430259347,0.2566037252545357,0.3089130913330266,3.237156430259347,1.174695299466711,0.976030707359314,1,1,0.1608370691537857,20.104633644223213,8.395366355776787,83.76602083444595,4.428027445956522,0.7087647924817356,0.0,0.06009260192513466,7.511575240641832,2.9884247593581676,0.02525879256427288,3.15734907053411,3.15734907053411,1.1497327737941347,-3.6529977321624756,-4.361762523651123,0.08194717019796371,10.243396274745464,0.2566037252545357,0.025897251442074776,3.237156430259347,3.237156430259347,1.174695299466711,-3.627379894256592,-1.1641374826431274,-3.2782946721623873,0.024962525672576442
vruDH_YLaPI_2,vruDH_YLaPI,Small objects drop,2-5s,125.0,3.0,0.024,7,0.8412365913391113,105.15457391738892,0.2349620908498764,0.056520767509937286,29.37026135623455,7.065095938742161,0.6297386437654495,0.28308178931198935,2.3550319795807204,0.8565543068159777,0.9020137786865234,1,1,0.27036458253860474,33.79557281732559,3.795572817325592,35.05152463912964,3.5568191115111407,1.6674578436475704,0.0,0.20021052658557892,25.026315823197365,1.0263158231973648,0.08997786045074463,11.247232556343079,3.7490775187810264,1.3215098147288622,-2.3139052391052246,-3.98136305809021,0.2349620908498764,29.37026135623455,0.6297386437654495,0.056520767509937286,7.065095938742161,2.3550319795807204,0.8565543068159777,-2.8149662017822266,-2.1686575412750244,-2.2353092967822783,-0.46495550791288454
vruDH_YLaPI_2,vruDH_YLaPI,Small objects drop,2-5s,125.0,3.0,0.024,9,0.6701281666755676,83.76602083444595,0.09822160005569458,0.045504748821258545,12.277700006961823,5.688093602657318,0.7222999930381775,0.3516116540462091,1.8960312008857727,0.6397628598608112,0.9455483555793762,1,1,0.1608370691537857,20.104633644223213,3.895366355776787,27.92200694481532,3.329415157288412,0.7087647924817356,0.0,0.0917542427778244,11.46928034722805,1.5307196527719498,0.07983572781085968,9.97946597635746,3.32648865878582,1.2019172908405649,-2.4445810317993164,-3.153345823287964,0.09822160005569458,12.277700006961823,0.7222999930381775,0.045504748821258545,5.688093602657318,1.8960312008857727,0.6397628598608112,-3.043365955352783,-1.7008609771728516,-2.127497866447847,-0.5621544309797537
wFiCblfZ-vg_2,wFiCblfZ-vg,"A man's voice and singing voices are playing, along with the sound of drums and waves",10-20s,162.0,11.0,0.06790123456790123,3,0.4910241663455963,79.5459149479866,0.883651852607727,0.14135132730007172,143.15160012245178,22.898915022611618,0.3483998775482178,0.48037210449220014,2.081719547510147,0.7331942577141498,0.6547378301620483,1,1,0.7619823217391968,123.44113612174988,20.058863878250122,7.231446813453328,1.9784391286616694,-0.0359071921279591,0.0,0.9305764436721802,150.7533838748932,7.2533838748931885,0.12332525849342346,19.9786918759346,1.8162447159940547,0.5967710266037284,-1.961310625076294,-1.925403356552124,0.883651852607727,143.15160012245178,0.3483998775482178,0.14135132730007172,22.898915022611618,2.081719547510147,0.7331942577141498,-1.8041112422943115,-0.1046852394938469,-1.3816681020579409,0.1364232311104214
wNiYSYJXssA_2,wNiYSYJXssA,Shouts from the crowd,10-20s,299.0,12.0,0.04013377926421405,0,0.18933655321598053,56.61162941157818,0.7112810611724854,0.039300572127103806,212.67303729057312,11.750871066004038,0.3269627094268799,0.6808005938508228,0.9792392555003365,0.02097927866862849,0.912063479423523,1,1,0.6764324307441711,202.25329679250717,10.746703207492828,4.7176357842981815,1.5513077809514155,-1.4543268461844807,0.0,0.6927985548973083,207.1467679142952,5.8532320857048035,0.03135219216346741,9.374305456876755,0.7811921214063963,0.24693416527573808,-3.430616855621338,-1.9762898683547974,0.7112810611724854,212.67303729057312,0.3269627094268799,0.039300572127103806,11.750871066004038,0.9792392555003365,0.02097927866862849,-3.196422576904297,-1.0116349458694458,-1.7982419462271537,0.2259548866071096
woadpeAGHUQ_1,woadpeAGHUQ,Engines are running while steam hisses and a door closes,0-2s,97.0,1.0,0.010309278350515464,7,0.8412365913391113,81.5999493598938,0.021529266610741615,0.02670205757021904,2.0883388612419367,2.590099584311247,0.4116611387580633,0.38608554128852834,2.590099584311247,0.9516963245133037,0.08833897113800049,1,1,0.27036458253860474,26.22536450624466,23.72536450624466,81.5999493598938,4.401828641380332,1.6674578436475704,0.0,0.10571781545877457,10.254628099501133,7.754628099501133,0.040643591433763504,3.94242836907506,3.94242836907506,1.3717968707806936,-3.161421537399292,-4.828879356384277,0.021529266610741615,2.0883388612419367,0.4116611387580633,0.02670205757021904,2.590099584311247,2.590099584311247,0.9516963245133037,-3.595949649810791,-1.4763270616531372,-3.0300317705996385,-0.42010054626738985
x5AH2gW_8S4_1,x5AH2gW_8S4,Wings flap,5-10s,110.0,5.0,0.045454545454545456,5,0.4456096887588501,49.01706576347351,0.7861992716789246,0.04266875609755516,86.4819198846817,4.693563170731068,0.9819198846817017,0.21305774815943093,0.9387126341462135,0.0632458805349067,0.9190589785575867,1,1,0.6909807920455933,76.00788712501526,2.007887125015259,9.803413152694702,2.282730605928031,-0.2184255400548803,0.0,0.7821931838989258,86.04125022888184,0.5412502288818359,0.03101486526429653,3.4116351790726185,0.6823270358145237,0.382246211419154,-3.4417827129364014,-3.2233572006225586,0.7861992716789246,86.4819198846817,0.9819198846817017,0.04266875609755516,4.693563170731068,0.9387126341462135,0.0632458805349067,-3.110682487487793,-1.1156257390975952,-2.664976817347185,0.31900033088424734
x5AH2gW_8S4_1,x5AH2gW_8S4,Wings flap,5-10s,110.0,5.0,0.045454545454545456,9,0.6701281666755676,73.71409833431244,0.09912192076444626,0.03274401277303696,10.903411284089088,3.6018414050340652,0.9034112840890884,0.5122406483244033,0.720368281006813,0.3279926963459333,0.8910518288612366,1,1,0.1608370691537857,17.692077606916428,4.192077606916428,14.742819666862488,2.6907561620125366,0.7087647924817356,0.0,0.10747630149126053,11.822393164038658,1.6776068359613419,0.03597057983279228,3.956763781607151,0.7913527563214302,0.2340114481465108,-3.2884204387664795,-3.997185230255127,0.09912192076444626,10.903411284089088,0.9034112840890884,0.03274401277303696,3.6018414050340652,0.720368281006813,0.3279926963459333,-3.3857431411743164,-1.520523190498352,-2.9247676101590474,-0.09398124819942251
x5AH2gW_8S4_3,x5AH2gW_8S4,Pigeons coo as a whistle sounds,10-20s,110.0,19.0,0.17272727272727273,0,0.18933655321598053,20.82702085375786,0.7164515852928162,0.044061027467250824,78.80967438220978,4.846713021397591,0.19032561779022217,0.8077855035662651,0.2550901590209258,1.3661382315250674,0.8755706548690796,1,1,0.6764324307441711,74.40756738185883,4.592432618141174,1.0961589923030453,0.09181224397470526,-1.4543268461844807,0.0,0.7016967535018921,77.18664288520813,1.8133571147918701,0.0277964286506176,3.057607151567936,0.1609266921877861,1.8268063457171306,-3.5546576976776123,-2.1003308296203613,0.7164515852928162,78.80967438220978,0.19032561779022217,0.044061027467250824,4.846713021397591,0.2550901590209258,1.3661382315250674,-3.077118396759033,-0.6975975036621094,-1.9186185896918357,0.46066811419206327
x5AH2gW_8S4_3,x5AH2gW_8S4,Pigeons coo as a whistle sounds,10-20s,110.0,19.0,0.17272727272727273,2,0.5923634171485901,65.15997588634491,0.9818717837333679,0.02864278480410576,108.00589621067047,3.1507063284516335,0.4941037893295288,0.3173891488933006,0.16582664886587545,1.7968123202104822,0.803984522819519,1,1,0.7359917759895325,80.95909535884857,1.9590953588485718,3.429472415070785,1.232406434498964,0.3737442776905129,0.0,0.9765744805335999,107.42319285869598,1.0768071413040161,0.027849946171045303,3.0634940788149834,0.16123653046394648,1.824882858801781,-3.5526790618896484,-3.9264233112335205,0.9818717837333679,108.00589621067047,0.4941037893295288,0.02864278480410576,3.1507063284516335,0.16582664886587545,1.7968123202104822,-3.5237927436828613,-1.1923178434371948,-3.057289293300745,0.028070538591298575
x5AH2gW_8S4_3,x5AH2gW_8S4,Pigeons coo as a whistle sounds,10-20s,110.0,19.0,0.17272727272727273,3,0.4910241663455963,54.012658298015594,0.8810371160507202,0.04674853757023811,96.91408276557922,5.1423391327261925,0.5859172344207764,0.7346198761037418,0.2706494280382207,1.306930919030795,0.9359091520309448,1,1,0.7619823217391968,83.81805539131165,4.8180553913116455,2.842771489369242,1.0447794528536316,-0.0359071921279591,0.0,0.8761171698570251,96.37288868427277,1.1271113157272339,0.037077050656080246,4.078475572168827,0.2146566090615172,1.538715694841393,-3.2569751739501953,-3.2210679054260254,0.8810371160507202,96.91408276557922,0.5859172344207764,0.04674853757023811,5.1423391327261925,0.2706494280382207,1.306930919030795,-3.0150957107543945,-1.0896492004394531,-2.5834951476950243,0.23178477581059775
xBZnvfniA1c_1,xBZnvfniA1c,Upbeat music plays,10-20s,199.0,10.0,0.05025125628140704,9,0.6701281666755676,133.35550516843796,0.025889039039611816,0.05209348350763321,5.1519187688827515,10.366603218019009,0.15191876888275146,0.9646361290859684,1.0366603218019008,0.03600431705597587,0.9903054237365723,1,1,0.1608370691537857,32.006576761603355,27.006576761603355,13.335550516843796,2.5904334403846674,0.7087647924817356,0.0,0.04274418205022812,8.506092227995396,3.5060922279953957,0.05618104711174965,11.18002837523818,1.118002837523818,0.11154391276530201,-2.821354866027832,-3.5301196575164795,0.025889039039611816,5.1519187688827515,0.15191876888275146,0.05209348350763321,10.366603218019009,1.0366603218019008,0.03600431705597587,-2.9012160301208496,-0.9389839172363281,-2.4788895276193657,-0.07553959570932613
xBZnvfniA1c_3,xBZnvfniA1c,A man and a woman talk as people chat and various sounds fill the air,10-20s,199.0,15.0,0.07537688442211055,3,0.4910241663455963,97.71380910277367,0.9525511264801025,0.06963501125574112,189.5576741695404,13.857367239892483,0.9423258304595947,0.09464141852141984,0.9238244826594989,0.07923317921567812,0.7562490105628967,1,1,0.7619823217391968,151.63448202610016,2.6344820261001587,6.514253940184911,1.8739926898499382,-0.0359071921279591,0.0,0.9674965143203735,192.53180634975433,2.0318063497543335,0.05762176588177681,11.466731410473585,0.764448760698239,0.26860027914467594,-2.794506311416626,-2.758599042892456,0.9525511264801025,189.5576741695404,0.9423258304595947,0.06963501125574112,13.857367239892483,0.9238244826594989,0.07923317921567812,-2.5923094749450684,-0.4885266125202179,-2.142592968994614,0.1893670999289978
xBZnvfniA1c_3,xBZnvfniA1c,A man and a woman talk as people chat and various sounds fill the air,10-20s,199.0,15.0,0.07537688442211055,6,0.8429434299468994,167.74574255943298,0.37632688879966736,0.2597917318344116,74.8890508711338,51.69855463504791,0.6109491288661957,0.2901435079933758,3.446570309003194,1.2373796232524765,0.7457447052001953,1,1,0.36404988169670105,72.44592645764351,3.054073542356491,11.183049503962199,2.4143991947520003,1.6802937908532223,0.0,0.36008137464523315,71.6561935544014,3.8438064455986023,0.2734203338623047,54.41064643859863,3.627376429239909,1.2885096402035368,-0.9773378372192383,-2.6576316356658936,0.37632688879966736,74.8890508711338,0.6109491288661957,0.2597917318344116,51.69855463504791,3.446570309003194,1.2373796232524765,-1.0470513105392456,-1.0954806804656982,-1.1258895545484637,-0.051130016951060224
xUWSHYoslPQ_1,xUWSHYoslPQ,Ice clinks as a man talks,5-10s,115.0,5.0,0.043478260869565216,4,0.07413875311613083,8.525956608355045,0.05768789350986481,0.0063253240659832954,6.634107753634453,0.727412267588079,0.8658922463655472,0.1454824535176158,0.1454824535176158,1.9276997940233243,0.00603648042306304,1,1,0.5870380997657776,67.50938147306442,30.509381473064423,1.705191321671009,0.5336773165639297,-2.5247858938815373,0.0,0.5558847784996033,63.926749527454376,26.926749527454376,0.02446400374174118,2.8133604303002357,0.5626720860600471,0.5750582609174215,-3.685784339904785,-1.1609982252120972,0.05768789350986481,6.634107753634453,0.8658922463655472,0.0063253240659832954,0.727412267588079,0.1454824535176158,1.9276997940233243,-5.056848526000977,-1.718578815460205,-1.1087355774813512,-1.3526415331059027
xUWSHYoslPQ_1,xUWSHYoslPQ,Ice clinks as a man talks,5-10s,115.0,5.0,0.043478260869565216,8,0.5322582125663757,61.20969444513321,0.32814499735832214,0.05319347605109215,37.73667469620705,6.117249745875597,0.7366746962070465,0.3269443104474278,1.2234499491751194,0.2016746951562936,0.11906013637781143,1,1,0.47813287377357483,54.985280483961105,17.985280483961105,12.241938889026642,2.504867670505509,0.12921232615624365,0.0,0.3929580748081207,45.190178602933884,8.190178602933884,0.05509822070598602,6.336295381188393,1.2672590762376785,0.23685636049711276,-2.841963529586792,-2.9711759090423584,0.32814499735832214,37.73667469620705,0.7366746962070465,0.05319347605109215,6.117249745875597,1.2234499491751194,0.2016746951562936,-2.8791589736938477,-0.9554031491279602,-2.268011310008396,-0.03518166534081918
xbLW9Wt1Jsg_1,xbLW9Wt1Jsg,Music is playing,5-10s,300.0,5.0,0.016666666666666666,1,0.3227500021457672,96.82500064373016,0.01100675854831934,0.0063968016766011715,3.302027564495802,1.9190405029803514,0.8020275644958019,0.3838081005960703,0.3838081005960703,0.9576125893361438,0.729037880897522,1,1,0.44674772024154663,134.024316072464,131.524316072464,19.365000128746033,2.9634673196151033,-0.7411624414217115,0.0,0.11064081639051437,33.19224491715431,30.692244917154312,0.023863546550273895,7.159063965082169,1.4318127930164337,0.358941328858619,-3.7112503051757812,-2.970087766647339,0.01100675854831934,3.302027564495802,0.8020275644958019,0.0063968016766011715,1.9190405029803514,0.3838081005960703,0.9576125893361438,-5.045539855957031,-2.393138885498047,-2.6045259907564846,-1.3165539181947628
xbLW9Wt1Jsg_1,xbLW9Wt1Jsg,Music is playing,5-10s,300.0,5.0,0.016666666666666666,9,0.6701281666755676,201.0384500026703,0.010654652491211891,0.02539735846221447,3.1963957473635674,7.619207538664341,0.6963957473635674,0.6562362259627473,1.5238415077328682,0.42123445430572287,0.9956488013267517,1,1,0.1608370691537857,48.25112074613571,45.75112074613571,40.20769000053406,3.6940582708763214,0.7087647924817356,0.0,0.010351857170462608,3.1055571511387825,0.6055571511387825,0.02525719441473484,7.577158324420452,1.5154316648840904,0.4157003256934848,-3.653062582015991,-4.361827373504639,0.010654652491211891,3.1963957473635674,0.6963957473635674,0.02539735846221447,7.619207538664341,1.5238415077328682,0.42123445430572287,-3.6473846435546875,-1.2067586183547974,-3.2783579451828366,0.005534128612237954
xbLW9Wt1Jsg_2,xbLW9Wt1Jsg,A sewing machine and machinery operate with gas hissing,10-20s,300.0,14.0,0.04666666666666667,3,0.4910241663455963,147.3072499036789,0.9650394320487976,0.05262599140405655,289.5118296146393,15.787797421216965,0.9881703853607178,0.5700605195190208,1.1276998158012117,0.12017999691585192,0.8176045417785645,1,1,0.7619823217391968,228.59469652175903,1.0946965217590332,10.52194642169135,2.3534632112685983,-0.0359071921279591,0.0,0.975688636302948,292.7065908908844,2.2065908908843994,0.04406025633215904,13.218076899647713,0.9441483499748367,0.057471974786393765,-3.077136754989624,-3.041229486465454,0.9650394320487976,289.5118296146393,0.9881703853607178,0.05262599140405655,15.787797421216965,1.1276998158012117,0.12017999691585192,-2.890483856201172,-0.5321416258811951,-2.410935186054992,0.17765197170224575
xbLW9Wt1Jsg_2,xbLW9Wt1Jsg,A sewing machine and machinery operate with gas hissing,10-20s,300.0,14.0,0.04666666666666667,5,0.4456096887588501,133.68290662765503,0.8867067098617554,0.14858001470565796,266.0120129585266,44.57400441169739,0.9879870414733887,0.1794768072913052,3.1838574579783847,1.1580934987571407,0.7484716176986694,1,1,0.6909807920455933,207.29423761367798,3.7942376136779785,9.548779044832502,2.2564132976106577,-0.2184255400548803,0.0,0.8710888028144836,261.3266408443451,2.3266408443450928,0.16929996013641357,50.78998804092407,3.627856288637434,1.2886419197366363,-1.5905966758728027,-1.3721710443496704,0.8867067098617554,266.0120129585266,0.9879870414733887,0.14858001470565796,44.57400441169739,3.1838574579783847,1.1580934987571407,-1.7457818984985352,-0.7868304252624512,-0.9677713778740213,-0.13054842097949548
xbLW9Wt1Jsg_2,xbLW9Wt1Jsg,A sewing machine and machinery operate with gas hissing,10-20s,300.0,14.0,0.04666666666666667,7,0.8412365913391113,252.3709774017334,0.19070972502231598,0.055154141038656235,57.212917506694794,16.54624231159687,0.2870824933052063,0.18131004874124024,1.1818744508283479,0.16710169576911077,0.707403838634491,1,1,0.27036458253860474,81.10937476158142,1.890625238418579,18.0264983858381,2.8918428079178917,1.6674578436475704,0.0,0.18130949139595032,54.392847418785095,1.1071525812149048,0.06137101724743843,18.41130517423153,1.3150932267308235,0.2739075579691439,-2.727482557296753,-4.394940376281738,0.19070972502231598,57.212917506694794,0.2870824933052063,0.055154141038656235,16.54624231159687,1.1818744508283479,0.16710169576911077,-2.8408899307250977,-1.3447662591934204,-2.6179352499487476,-0.10680586220003314
xpZna_FwDhI_1,xpZna_FwDhI,A machine runs,10-20s,291.0,15.0,0.05154639175257732,1,0.3227500021457672,93.92025062441826,0.4951314330101013,0.03134980425238609,144.08324700593948,9.122793037444353,0.41675299406051636,0.9120602616579401,0.6081862024962902,0.4972741897964458,0.9555357098579407,1,1,0.44674772024154663,130.00358659029007,14.49641340970993,6.2613500416278836,1.8343958234622852,-0.7411624414217115,0.0,0.44833165407180786,130.4645113348961,14.035488665103912,0.032162100076675415,9.359171122312546,0.623944741487503,0.471693469842451,-3.404275894165039,-2.6631133556365967,0.4951314330101013,144.08324700593948,0.41675299406051636,0.03134980425238609,9.122793037444353,0.6081862024962902,0.4972741897964458,-3.4306955337524414,-1.52799391746521,-2.306089293304736,-0.025580719953994798
y93cZqNCtks_1,y93cZqNCtks,Gunshots ring out and things bump together as someone talks,20s+,300.0,25.0,0.08333333333333333,7,0.8412365913391113,252.3709774017334,0.21029327809810638,0.061555828899145126,63.087983429431915,18.466748669743538,0.4120165705680847,0.7386699467897415,0.7386699467897415,0.3029040791931012,0.9424703121185303,1,1,0.27036458253860474,81.10937476158142,0.6093747615814209,10.094839096069336,2.3120243126649496,1.6674578436475704,0.0,0.1922200471162796,57.66601413488388,5.833985865116119,0.046711377799510956,14.013413339853287,0.5605365335941315,0.5788608582298748,-3.015929937362671,-4.683387756347656,0.21029327809810638,63.087983429431915,0.4120165705680847,0.061555828899145126,18.466748669743538,0.7386699467897415,0.3029040791931012,-2.724278688430786,-1.6020835638046265,-2.8908851708948244,0.2759567790367736
yRoKi7rhSRo_1,yRoKi7rhSRo,Water flows,5-10s,60.0,5.0,0.08333333333333333,0,0.18933655321598053,11.360193192958832,0.8501017093658447,0.024994103237986565,51.006102561950684,1.4996461942791939,0.9938974380493164,0.37491154856979847,0.2999292388558388,1.2042087026282902,0.8929639458656311,1,1,0.6764324307441711,40.58594584465027,11.414054155349731,2.2720386385917664,0.8206775071367297,-1.4543268461844807,0.0,0.8056920766830444,48.341524600982666,3.658475399017334,0.027667736634612083,1.660064198076725,0.332012839615345,1.1025816372732549,-3.5594305992126465,-2.1051037311553955,0.8501017093658447,51.006102561950684,0.9938974380493164,0.024994103237986565,1.4996461942791939,0.2999292388558388,1.2042087026282902,-3.6638035774230957,-1.3829001188278198,-1.9232591444099847,-0.10162706535503539
yRoKi7rhSRo_1,yRoKi7rhSRo,Water flows,5-10s,60.0,5.0,0.08333333333333333,1,0.3227500021457672,19.365000128746033,0.4205770492553711,0.06385494768619537,25.234622955322266,3.8312968611717224,0.7346229553222656,0.7147245648715529,0.7662593722343445,0.2662345605055787,0.9767661094665527,1,1,0.44674772024154663,26.804863214492798,2.304863214492798,3.8730000257492065,1.354029407181003,-0.7411624414217115,0.0,0.4066409766674042,24.39845860004425,0.10154139995574951,0.05253588780760765,3.152153268456459,0.6304306536912918,0.4613521158413291,-2.8922924995422363,-2.151129961013794,0.4205770492553711,25.234622955322266,0.7346229553222656,0.06385494768619537,3.8312968611717224,0.7662593722343445,0.2662345605055787,-2.6851563453674316,-1.3802558183670044,-1.8153815230223322,0.1951175553357505
yRoKi7rhSRo_1,yRoKi7rhSRo,Water flows,5-10s,60.0,5.0,0.08333333333333333,3,0.4910241663455963,29.46144998073578,0.8813034296035767,0.06065712124109268,52.8782057762146,3.639427274465561,0.8782057762145996,0.6261299103169744,0.7278854548931122,0.31761158534482137,0.9734208583831787,1,1,0.7619823217391968,45.71893930435181,6.281060695648193,5.892289996147156,1.773644716015656,-0.0359071921279591,0.0,0.8688656687736511,52.13194012641907,0.13194012641906738,0.04871130362153053,2.922678217291832,0.5845356434583664,0.5369375188200195,-2.9719064235687256,-2.9359991550445557,0.8813034296035767,52.8782057762146,0.8782057762145996,0.06065712124109268,3.639427274465561,0.7278854548931122,0.31761158534482137,-2.739943504333496,-1.2340763807296753,-2.3105822348356755,0.21932593347519802
yRoKi7rhSRo_1,yRoKi7rhSRo,Water flows,5-10s,60.0,5.0,0.08333333333333333,5,0.4456096887588501,26.736581325531006,0.8556941151618958,0.03402044624090195,51.341646909713745,2.041226774454117,0.6583530902862549,0.5103066936135292,0.40824535489082336,0.8958869252959302,0.9631180763244629,1,1,0.6909807920455933,41.458847522735596,10.541152477264404,5.347316265106201,1.6765948023577155,-0.2184255400548803,0.0,0.8115617036819458,48.69370222091675,3.306297779083252,0.040009669959545135,2.400580197572708,0.4801160395145416,0.7337274553081502,-3.177802085876465,-2.959376573562622,0.8556941151618958,51.341646909713745,0.6583530902862549,0.03402044624090195,2.041226774454117,0.40824535489082336,0.8958869252959302,-3.3461809158325195,-1.7300944328308105,-2.4103222576658654,-0.16215946998778002
yVVLq4ao1Ck_1,yVVLq4ao1Ck,Upbeat music plays,20s+,157.0,76.0,0.4840764331210191,7,0.8412365913391113,132.07414484024048,0.06449253857135773,0.10512776672840118,10.125328555703163,16.505059376358986,0.8746714442968369,0.7502299716526811,0.21717183389946035,1.5270663775105788,0.7426741719245911,1,1,0.27036458253860474,42.447239458560944,31.447239458560944,1.737817695266322,0.5526301279389261,1.6674578436475704,0.0,0.1683119684457779,26.42497904598713,15.42497904598713,0.20265747606754303,31.817223742604256,0.4186476808237402,0.8707255700013093,-1.369767189025879,-3.0372250080108643,0.06449253857135773,10.125328555703163,0.8746714442968369,0.10512776672840118,16.505059376358986,0.21717183389946035,1.5270663775105788,-2.1415045261383057,-1.9487111568450928,-1.4233556979402355,-0.6563408075092696
yVVLq4ao1Ck_3,yVVLq4ao1Ck,Insects buzz,20s+,157.0,21.0,0.1337579617834395,8,0.5322582125663757,83.56453937292099,0.44566404819488525,0.3556903898715973,69.96925556659698,55.843391209840775,0.46925556659698486,0.3760516606358849,2.659209105230513,0.9780287497219089,0.8621373176574707,1,1,0.47813287377357483,75.06686118245125,5.566861182451248,3.9792637796629045,1.381096822201244,0.12921232615624365,0.0,0.4687066972255707,73.5869514644146,4.086951464414597,0.3015978932380676,47.35086923837662,2.2548032970655534,0.8130627394672302,-0.8397003412246704,-0.968912661075592,0.44566404819488525,69.96925556659698,0.46925556659698486,0.3556903898715973,55.843391209840775,2.659209105230513,0.9780287497219089,-0.5941187143325806,-0.8450170159339905,-0.5680340827340139,0.16496601025467886
yhDw7PZje3g_1,yhDw7PZje3g,A man talks as an insect buzzes by,10-20s,299.0,16.0,0.05351170568561873,9,0.6701281666755676,200.36832183599472,0.0850212574005127,0.1054864153265953,25.421355962753296,31.540438182651997,0.5786440372467041,0.507285279530466,1.9712773864157498,0.6786817521171848,0.9727426767349243,1,1,0.1608370691537857,48.090283676981926,0.590283676981926,12.52302011474967,2.527568559805126,0.7087647924817356,0.0,0.0740688368678093,22.14658222347498,3.8534177765250206,0.08787082880735397,26.273377813398838,1.6420861133374274,0.4959674538313539,-2.339913845062256,-3.0486786365509033,0.0850212574005127,25.421355962753296,0.5786440372467041,0.1054864153265953,31.540438182651997,1.9712773864157498,0.6786817521171848,-2.13769793510437,-0.9788167476654053,-2.031601105973772,0.182714298285831
yhDw7PZje3g_3,yhDw7PZje3g,Something drops into water as something else moves around in it,20s+,299.0,41.0,0.13712374581939799,3,0.4910241663455963,146.8162257373333,0.9371415376663208,0.03560645878314972,280.2053197622299,10.646331176161766,0.7053197622299194,0.259666614052726,0.259666614052726,1.3483567244005998,0.7306200861930847,1,1,0.7619823217391968,227.83271420001984,24.167285799980164,3.580883554569105,1.2756095729140344,-0.0359071921279591,0.0,0.932098925113678,278.6975786089897,0.8024213910102844,0.025614134967327118,7.658626355230808,0.18679576476172702,1.6777394260261829,-3.6386630535125732,-3.6027557849884033,0.9371415376663208,280.2053197622299,0.7053197622299194,0.03560645878314972,10.646331176161766,0.259666614052726,1.3483567244005998,-3.2989723682403564,-0.7448026537895203,-2.9533489989402173,0.3293827016255829
yrxa6_P2I80_1,yrxa6_P2I80,Wings flap as someone whistles,5-10s,240.0,5.0,0.020833333333333332,7,0.8412365913391113,201.89678192138672,0.27793604135513306,0.04121560603380203,66.70464992523193,9.891745448112488,0.2046499252319336,0.5054719640964966,1.9783490896224976,0.6822627037876681,0.564791738986969,1,1,0.27036458253860474,64.88749980926514,1.6125001907348633,40.379356384277344,3.69831867378484,1.6674578436475704,0.0,0.24406000971794128,58.57440233230591,7.925597667694092,0.02898629941046238,6.956711858510971,1.3913423717021942,0.3302690161580806,-3.511517286300659,-5.1789751052856445,0.27793604135513306,66.70464992523193,0.2046499252319336,0.04121560603380203,9.891745448112488,1.9783490896224976,0.6822627037876681,-3.1468491554260254,-0.8772637844085693,-3.3680496576267593,0.3519936876295875
z1ax0QPpd14_3,z1ax0QPpd14,Water flows as wings flap,0-2s,183.0,1.0,0.00546448087431694,5,0.4456096887588501,81.54657304286957,0.7795897126197815,0.05398359149694443,142.66491740942,9.87899724394083,0.16491740942001343,0.10122484856581355,9.87899724394083,2.290411013080704,0.3596177399158478,1,1,0.6909807920455933,126.44948494434357,16.050515055656433,81.54657304286957,4.401174305411136,-0.2184255400548803,0.0,0.8390308022499084,153.54263681173325,11.042636811733246,0.049083877354860306,8.982349555939436,8.982349555939436,2.195261491291878,-2.963895320892334,-2.745469808578491,0.7795897126197815,142.66491740942,0.16491740942001343,0.05398359149694443,9.87899724394083,9.87899724394083,2.290411013080704,-2.863579750061035,-1.0797690153121948,-2.2059128141192583,0.09514952178882577
zBXoaQ1GVlc_2,zBXoaQ1GVlc,A woman leads a group of children as they sing,20s+,300.0,61.0,0.20333333333333334,8,0.5322582125663757,159.67746376991272,0.49567508697509766,0.06571748852729797,148.7025260925293,19.715246558189392,0.7025260925292969,0.7582787137765151,0.32320076324900643,1.1294815908002178,0.8220053911209106,1,1,0.47813287377357483,143.43986213207245,4.560137867927551,2.6176633404903726,0.9622820650592488,0.12921232615624365,0.0,0.49911466240882874,149.73439872264862,1.7343987226486206,0.06839952617883682,20.519857853651047,0.3363911123549352,1.0894807711047236,-2.6115381717681885,-2.740750551223755,0.49567508697509766,148.7025260925293,0.7025260925292969,0.06571748852729797,19.715246558189392,0.32320076324900643,1.1294815908002178,-2.6544137001037598,-1.4341033697128296,-2.0517628361639724,-0.040000819695494065
zEaGx6an4es_1,zEaGx6an4es,A machine runs and loud noises fill the air,20s+,299.0,35.0,0.11705685618729098,1,0.3227500021457672,96.5022506415844,0.4556393325328827,0.05572838708758354,136.23616042733192,16.66278773918748,0.26383957266807556,0.9691329663839714,0.4760796496910708,0.7421701074652726,0.891960084438324,1,1,0.44674772024154663,133.57756835222244,2.9224316477775574,2.7572071611881257,1.0142182692942756,-0.7411624414217115,0.0,0.4093170762062073,122.38580578565598,9.885805785655975,0.0654376968741417,19.565871365368366,0.5590248961533819,0.5815612698717624,-2.658979654312134,-1.917817234992981,0.4556393325328827,136.23616042733192,0.26383957266807556,0.05572838708758354,16.66278773918748,0.4760796496910708,0.7421701074652726,-2.8299241065979004,-1.5866339206695557,-1.5957795391660379,-0.1606088375935102
zEaGx6an4es_1,zEaGx6an4es,A machine runs and loud noises fill the air,20s+,299.0,35.0,0.11705685618729098,3,0.4910241663455963,146.8162257373333,0.9450165033340454,0.11021494120359421,282.5599344968796,32.95426741987467,0.05993449687957764,0.9415504977107048,0.9415504977107048,0.060227296942793766,0.9609258770942688,1,1,0.7619823217391968,227.83271420001984,54.667285799980164,4.194749306780952,1.4338335781289286,-0.0359071921279591,0.0,0.9289734363555908,277.76305747032166,4.736942529678345,0.13131113350391388,39.26202891767025,1.1217722547905786,0.11490980502690532,-1.8894153833389282,-1.8535081148147583,0.9450165033340454,282.5599344968796,0.05993449687957764,0.11021494120359421,32.95426741987467,0.9415504977107048,0.060227296942793766,-2.088547468185425,-0.8612629771232605,-1.3189237731020234,-0.17513710196969898
zF3xXn6NTyU_1,zF3xXn6NTyU,A woman and a man talk as water flows and objects bump together,20s+,297.0,37.0,0.12457912457912458,5,0.4456096887588501,132.34607756137848,0.7885025143623352,0.09121587127447128,234.18524676561356,27.09111376851797,0.8147532343864441,0.9404426900971997,0.7321922640139992,0.3117121437519805,0.020392071455717087,1,1,0.6909807920455933,205.2212952375412,8.221295237541199,3.5769210151723914,1.2745023787281904,-0.2184255400548803,0.0,0.8302878141403198,246.595480799675,9.404519200325012,0.10610577464103699,31.513415068387985,0.8517139207672428,0.1605045822848156,-2.131150960922241,-1.9127253293991089,0.7885025143623352,234.18524676561356,0.8147532343864441,0.09121587127447128,27.09111376851797,0.7321922640139992,0.3117121437519805,-2.2988786697387695,-0.8322941064834595,-1.4350069610130058,-0.1512075614671648
zIgGMlZENTs_1,zIgGMlZENTs,Quacking sounds fill the air,5-10s,273.0,9.0,0.03296703296703297,4,0.07413875311613083,20.239879600703716,0.624891459941864,0.04429701343178749,170.59536856412888,12.093084666877985,0.40463143587112427,0.49615132658696515,1.343676074097554,0.2954091967553998,0.810667872428894,1,1,0.5870380997657776,160.26140123605728,10.738598763942719,2.248875511189302,0.8104303184835204,-2.5247858938815373,0.0,0.6013576984405518,164.17065167427063,6.82934832572937,0.035416048020124435,9.66858110949397,1.0742867899437745,0.0716569901833835,-3.3045318126678467,-0.779745876789093,0.624891459941864,170.59536856412888,0.40463143587112427,0.04429701343178749,12.093084666877985,1.343676074097554,0.2954091967553998,-3.0715298652648926,-0.7443755269050598,-0.7387733283001368,0.22375220657201617
zoctgurhvHE_1,zoctgurhvHE,A drill whirs,2-5s,299.0,4.0,0.013377926421404682,1,0.3227500021457672,96.5022506415844,0.37077200412750244,0.025116896256804466,110.86082923412323,7.509951980784535,0.36082923412323,0.39946993105628376,1.8774879951961339,0.6299347105990312,0.9538198113441467,1,1,0.44674772024154663,133.57756835222244,8.422431647777557,24.1255626603961,3.1832719696637986,-0.7411624414217115,0.0,0.3892861008644104,116.39654415845871,5.89654415845871,0.02776162512600422,8.300725912675261,2.0751814781688154,0.7300486092167802,-3.5559463500976562,-2.814783811569214,0.37077200412750244,110.86082923412323,0.36082923412323,0.025116896256804466,7.509951980784535,1.8774879951961339,0.6299347105990312,-3.6587767601013184,-1.6660610437393188,-2.4532233604470184,-0.10011389861774901
ztSjcZNUY7A_1,ztSjcZNUY7A,People talk as a baby cries,20s+,83.0,41.0,0.4939759036144578,3,0.4910241663455963,40.755005806684494,0.8946022987365723,0.11839726567268372,74.2519907951355,9.826973050832748,0.24800920486450195,0.508803674756826,0.23968226953250607,1.4284411096873235,0.9189738035202026,1,1,0.7619823217391968,63.24453270435333,11.255467295646667,0.9940245318703536,0.005993392680054094,-0.0359071921279591,0.0,0.9261562824249268,76.87097144126892,2.370971441268921,0.1073874905705452,8.913161717355251,0.21739418822817685,1.5260430377334264,-2.117708921432495,-2.081801652908325,0.8946022987365723,74.2519907951355,0.24800920486450195,0.11839726567268372,9.826973050832748,0.23968226953250607,1.4284411096873235,-2.0076959133148193,-0.6975447535514832,-1.5200496450533723,0.09760192804610285
ztSjcZNUY7A_2,ztSjcZNUY7A,People talk as a woman speaks and a baby cries,2-5s,83.0,3.0,0.03614457831325301,3,0.4910241663455963,40.755005806684494,0.896975576877594,0.10217747092247009,74.4489728808403,8.480730086565018,0.9489728808403015,0.11791437645022775,2.8269100288550058,1.0391842525435295,0.9185317754745483,1,1,0.7619823217391968,63.24453270435333,1.2554672956466675,13.585001935561499,2.608966385356144,-0.0359071921279591,0.0,0.923443615436554,76.64582008123398,3.1458200812339783,0.08064065128564835,6.693174056708813,2.2310580189029374,0.8024759208957281,-2.4336740970611572,-2.3977668285369873,0.896975576877594,74.4489728808403,0.9489728808403015,0.10217747092247009,8.480730086565018,2.8269100288550058,1.0391842525435295,-2.1732611656188965,-0.8032397627830505,-1.8064904644604158,0.2367083316478016
ztSjcZNUY7A_2,ztSjcZNUY7A,People talk as a woman speaks and a baby cries,2-5s,83.0,3.0,0.03614457831325301,4,0.07413875311613083,6.153516508638859,0.5904361605644226,0.0641852468252182,49.006201326847076,5.327375486493111,0.006201326847076416,0.3754193795933378,1.7757918288310368,0.5742464242039018,0.6665382385253906,1,1,0.5870380997657776,48.72416228055954,0.2758377194404602,2.051172169546286,0.7184114197632682,-2.5247858938815373,0.0,0.6706817746162415,55.66658729314804,6.666587293148041,0.03674617409706116,3.049932450056076,1.016644150018692,0.016507154183352548,-3.266282796859741,-0.7414968609809875,0.5904361605644226,49.006201326847076,0.006201326847076416,0.0641852468252182,5.327375486493111,1.7757918288310368,0.5742464242039018,-2.6796441078186035,-0.4330773949623108,-0.7019042655799157,0.5577392700205493
ztSjcZNUY7A_2,ztSjcZNUY7A,People talk as a woman speaks and a baby cries,2-5s,83.0,3.0,0.03614457831325301,5,0.4456096887588501,36.98560416698456,0.8218722939491272,0.12575174868106842,68.21540039777756,10.437395140528679,0.21540039777755737,0.2874280373223508,3.4791317135095596,1.2467827550419845,0.9175273180007935,1,1,0.6909807920455933,57.35140573978424,7.148594260215759,12.328534722328186,2.5119164716982034,-0.2184255400548803,0.0,0.8239668011665344,68.38924449682236,0.3892444968223572,0.10243294388055801,8.501934342086315,2.833978114028772,1.041681418595328,-2.1704795360565186,-1.9520540237426758,0.8218722939491272,68.21540039777756,0.21540039777755737,0.12575174868106842,10.437395140528679,3.4791317135095596,1.2467827550419845,-1.9390547275543213,-1.0206331014633179,-1.4702350531028754,0.20510133644665657
zwoqJY03yHE_2,zwoqJY03yHE,A sheep bleats,2-5s,300.0,4.0,0.013333333333333334,6,0.8429434299468994,252.88302898406982,0.3040124773979187,0.03629830479621887,91.20374321937561,10.889491438865662,0.7962567806243896,0.18366330615420698,2.7223728597164154,1.0015038749058263,0.47296908497810364,1,1,0.36404988169670105,109.21496450901031,3.785035490989685,63.220757246017456,4.146632684666028,1.6802937908532223,0.0,0.29922929406166077,89.76878821849823,2.23121178150177,0.026859352365136147,8.057805709540844,2.014451427385211,0.7003469138595515,-3.589914560317993,-5.270208358764648,0.3040124773979187,91.20374321937561,0.7962567806243896,0.03629830479621887,10.889491438865662,2.7223728597164154,1.0015038749058263,-3.279010772705078,-1.0076066255569458,-3.446285770806477,0.3011569610462748
zwoqJY03yHE_3,zwoqJY03yHE,Someone laughs,10-20s,300.0,14.0,0.04666666666666667,1,0.3227500021457672,96.82500064373016,0.3493094742298126,0.037206441164016724,104.79284226894379,11.161932349205017,0.7928422689437866,0.7972808820860726,0.7972808820860726,0.22654823808040844,0.1822277307510376,1,1,0.44674772024154663,134.024316072464,29.97568392753601,6.9160714745521545,1.9338479024339452,-0.7411624414217115,0.0,0.42373794317245483,127.12138295173645,23.12138295173645,0.030844222754240036,9.25326682627201,0.6609476304480008,0.41408067003312865,-3.4474759101867676,-2.706313371658325,0.3493094742298126,104.79284226894379,0.7928422689437866,0.037206441164016724,11.161932349205017,0.7972808820860726,0.22654823808040844,-3.253357172012329,-0.9336013793945312,-2.3479285724670738,0.18753243195272024
zwoqJY03yHE_3,zwoqJY03yHE,Someone laughs,10-20s,300.0,14.0,0.04666666666666667,2,0.5923634171485901,177.70902514457703,0.9912614822387695,0.017624471336603165,297.37844467163086,5.287341400980949,0.6215553283691406,0.7565238740320208,0.37766724292721066,0.9737417807790691,0.6398749351501465,1,1,0.7359917759895325,220.79753279685974,37.29753279685974,12.693501796041216,2.5410901929139307,0.3737442776905129,0.0,0.9863576889038086,295.9073066711426,2.092693328857422,0.021857403218746185,6.557220965623856,0.4683729261159897,0.7584904497062397,-3.8011157512664795,-4.174860000610352,0.9912614822387695,297.37844467163086,0.6215553283691406,0.017624471336603165,5.287341400980949,0.37766724292721066,0.9737417807790691,-4.020685195922852,-1.0888375043869019,-3.29958064262017,-0.21525133107282943
