qid,vid,duration_bin,audio_duration_sec,gt_duration_sec,query_slot,layer,raw_width_delta,pre_activation_width_logit,post_activation_width_norm,width_sec,width_gt_ratio,saturation_distance,abs_width_logit
--0w1YA1Hm4_2,--0w1YA1Hm4,2-5s,299.0,4.0,7,layer1,-4.869236946105957,-3.2017791271209717,0.0390988253057003,11.69054876640439,2.9226371916010976,0.0390988253057003,3.2017791271209717
--0w1YA1Hm4_2,--0w1YA1Hm4,2-5s,299.0,4.0,7,layer2,-1.7551442384719849,-3.3167295455932617,0.03500170260667801,10.465509079396725,2.616377269849181,0.03500170260667801,3.3167295455932617
-AheI8Epim4_2,-AheI8Epim4,20s+,83.0,23.0,4,layer1,-1.3075050115585327,-3.8322911262512207,0.02120072767138481,1.7596603967249393,0.07650697377064954,0.02120072767138481,3.8322911262512207
-AheI8Epim4_2,-AheI8Epim4,20s+,83.0,23.0,4,layer2,-1.0108634233474731,-4.33486795425415,0.012934120371937752,1.0735319908708334,0.0466753039509058,0.012934120371937752,4.33486795425415
-AheI8Epim4_2,-AheI8Epim4,20s+,83.0,23.0,7,layer1,-3.8771297931671143,-2.209671974182129,0.09888529777526855,8.20747971534729,0.35684694414553436,0.09888529777526855,2.209671974182129
-AheI8Epim4_2,-AheI8Epim4,20s+,83.0,23.0,7,layer2,-1.9596514701843262,-2.4164199829101562,0.08192913234233856,6.800117984414101,0.2956573036701783,0.08192913234233856,2.4164199829101562
-EaZ7EJJUl0_1,-EaZ7EJJUl0,20s+,299.0,35.0,0,layer1,-1.1367061138153076,-2.5910329818725586,0.06971775740385056,20.845609463751316,0.5955888418214662,0.06971775740385056,2.5910329818725586
-EaZ7EJJUl0_1,-EaZ7EJJUl0,20s+,299.0,35.0,0,layer2,-0.8583741784095764,-2.8332808017730713,0.05555201694369316,16.610053066164255,0.47457294474755013,0.05555201694369316,2.8332808017730713
-FW109cbv0g_1,-FW109cbv0g,2-5s,96.0,3.0,1,layer1,-2.166677713394165,-2.9078402519226074,0.05176734924316406,4.96966552734375,1.65655517578125,0.05176734924316406,2.9078402519226074
-FW109cbv0g_1,-FW109cbv0g,2-5s,96.0,3.0,1,layer2,-1.6103352308273315,-3.0833277702331543,0.0438002310693264,4.2048221826553345,1.4016073942184448,0.0438002310693264,3.0833277702331543
-FW109cbv0g_1,-FW109cbv0g,2-5s,96.0,3.0,8,layer1,-3.085771322250366,-2.9565589427948,0.04942742735147476,4.745033025741577,1.5816776752471924,0.04942742735147476,2.9565589427948
-FW109cbv0g_1,-FW109cbv0g,2-5s,96.0,3.0,8,layer2,-1.6992181539535522,-2.9934592247009277,0.04772224277257919,4.5813353061676025,1.5271117687225342,0.04772224277257919,2.9934592247009277
-FW109cbv0g_1,-FW109cbv0g,2-5s,96.0,3.0,9,layer1,-3.3651461601257324,-2.656381368637085,0.06559678167104721,6.297291040420532,2.0990970134735107,0.06559678167104721,2.656381368637085
-FW109cbv0g_1,-FW109cbv0g,2-5s,96.0,3.0,9,layer2,-1.7645212411880493,-3.169344425201416,0.04033578559756279,3.872235417366028,1.2907451391220093,0.04033578559756279,3.169344425201416
-FW109cbv0g_2,-FW109cbv0g,5-10s,96.0,5.0,1,layer1,-2.4494214057922363,-3.1905839443206787,0.039521608501672745,3.7940744161605835,0.7588148832321167,0.039521608501672745,3.1905839443206787
-FW109cbv0g_2,-FW109cbv0g,5-10s,96.0,5.0,1,layer2,-1.3033753633499146,-3.1518161296844482,0.04101977497339249,3.9378983974456787,0.7875796794891358,0.04101977497339249,3.1518161296844482
-FW109cbv0g_2,-FW109cbv0g,5-10s,96.0,5.0,3,layer1,-3.1274688243865967,-3.1633760929107666,0.04056744650006294,3.8944748640060425,0.7788949728012085,0.04056744650006294,3.1633760929107666
-FW109cbv0g_2,-FW109cbv0g,5-10s,96.0,5.0,3,layer2,-1.3270108699798584,-3.119436740875244,0.04231259226799011,4.062008857727051,0.8124017715454102,0.04231259226799011,3.119436740875244
-FW109cbv0g_2,-FW109cbv0g,5-10s,96.0,5.0,5,layer1,-3.0389950275421143,-3.257420539855957,0.03706115111708641,3.5578705072402954,0.7115741014480591,0.03706115111708641,3.257420539855957
-FW109cbv0g_2,-FW109cbv0g,5-10s,96.0,5.0,5,layer2,-1.366313099861145,-3.207334518432617,0.038890641182661057,3.7335015535354614,0.7467003107070923,0.038890641182661057,3.207334518432617
-FW109cbv0g_2,-FW109cbv0g,5-10s,96.0,5.0,7,layer1,-4.869292736053467,-3.2018349170684814,0.03909672796726227,3.7532858848571777,0.7506571769714355,0.03909672796726227,3.2018349170684814
-FW109cbv0g_2,-FW109cbv0g,5-10s,96.0,5.0,7,layer2,-1.3755635023117065,-3.131643295288086,0.0418207049369812,4.014787673950195,0.8029575347900391,0.0418207049369812,3.131643295288086
-FW109cbv0g_2,-FW109cbv0g,5-10s,96.0,5.0,8,layer1,-3.324254274368286,-3.1950418949127197,0.03935272991657257,3.777862071990967,0.7555724143981933,0.03935272991657257,3.1950418949127197
-FW109cbv0g_2,-FW109cbv0g,5-10s,96.0,5.0,8,layer2,-1.4415587186813354,-3.1685080528259277,0.04036816954612732,3.8753442764282227,0.7750688552856445,0.04036816954612732,3.1685080528259277
-FW109cbv0g_3,-FW109cbv0g,2-5s,96.0,3.0,3,layer1,-3.466426134109497,-3.502333402633667,0.029245911166071892,2.8076074719429016,0.9358691573143005,0.029245911166071892,3.502333402633667
-FW109cbv0g_3,-FW109cbv0g,2-5s,96.0,3.0,3,layer2,-1.186947226524353,-3.4269471168518066,0.031463831663131714,3.0205278396606445,1.0068426132202148,0.031463831663131714,3.4269471168518066
-FW109cbv0g_3,-FW109cbv0g,2-5s,96.0,3.0,7,layer1,-5.106991767883301,-3.4395339488983154,0.03108251839876175,2.983921766281128,0.994640588760376,0.03108251839876175,3.4395339488983154
-FW109cbv0g_3,-FW109cbv0g,2-5s,96.0,3.0,7,layer2,-1.538706660270691,-3.4449172019958496,0.03092079982161522,2.968396782875061,0.989465594291687,0.03092079982161522,3.4449172019958496
-FW109cbv0g_4,-FW109cbv0g,2-5s,96.0,2.0,4,layer1,-0.34693437814712524,-2.871720314025879,0.05356936529278755,5.142659068107605,2.5713295340538025,0.05356936529278755,2.871720314025879
-FW109cbv0g_4,-FW109cbv0g,2-5s,96.0,2.0,4,layer2,-1.4210556745529175,-3.1148123741149902,0.04250037670135498,4.080036163330078,2.040018081665039,0.04250037670135498,3.1148123741149902
-FW109cbv0g_4,-FW109cbv0g,2-5s,96.0,2.0,6,layer1,-4.702878475189209,-3.0225846767425537,0.046415939927101135,4.455930233001709,2.2279651165008545,0.046415939927101135,3.0225846767425537
-FW109cbv0g_4,-FW109cbv0g,2-5s,96.0,2.0,6,layer2,-1.863223671913147,-3.1713061332702637,0.040259916335344315,3.864951968193054,1.932475984096527,0.040259916335344315,3.1713061332702637
-FW109cbv0g_5,-FW109cbv0g,2-5s,96.0,3.0,3,layer1,-3.107978343963623,-3.143885612487793,0.04133288189768791,3.9679566621780396,1.3226522207260132,0.04133288189768791,3.143885612487793
-FW109cbv0g_5,-FW109cbv0g,2-5s,96.0,3.0,3,layer2,-1.1180387735366821,-2.9881792068481445,0.04796276241540909,4.6044251918792725,1.5348083972930908,0.04796276241540909,2.9881792068481445
-NrFeH-kBSM_1,-NrFeH-kBSM,5-10s,300.0,5.0,9,layer1,-3.9398505687713623,-3.231085777282715,0.03801252320408821,11.403756961226463,2.2807513922452927,0.03801252320408821,3.231085777282715
-NrFeH-kBSM_1,-NrFeH-kBSM,5-10s,300.0,5.0,9,layer2,-1.442618727684021,-3.663691997528076,0.02499682456254959,7.499047368764877,1.4998094737529755,0.02499682456254959,3.663691997528076
-aYumc8KoXg_1,-aYumc8KoXg,5-10s,74.0,5.0,1,layer1,-2.642157793045044,-3.3833203315734863,0.03282083198428154,2.428741566836834,0.4857483133673668,0.03282083198428154,3.3833203315734863
-aYumc8KoXg_1,-aYumc8KoXg,5-10s,74.0,5.0,1,layer2,-1.1483620405197144,-3.2312769889831543,0.038005534559488297,2.812409557402134,0.5624819114804268,0.038005534559488297,3.2312769889831543
-aYumc8KoXg_1,-aYumc8KoXg,5-10s,74.0,5.0,7,layer1,-4.77404260635376,-3.1065847873687744,0.04283645376563072,3.1698975786566734,0.6339795157313347,0.04283645376563072,3.1065847873687744
-aYumc8KoXg_1,-aYumc8KoXg,5-10s,74.0,5.0,7,layer2,-1.5962203741073608,-2.953935146331787,0.0495508536696434,3.6667631715536118,0.7333526343107224,0.0495508536696434,2.953935146331787
-aYumc8KoXg_1,-aYumc8KoXg,5-10s,74.0,5.0,8,layer1,-3.551147699356079,-3.4219353199005127,0.031616922467947006,2.3396522626280785,0.4679304525256157,0.031616922467947006,3.4219353199005127
-aYumc8KoXg_1,-aYumc8KoXg,5-10s,74.0,5.0,8,layer2,-1.316563367843628,-3.3034470081329346,0.03545312583446503,2.623531311750412,0.5247062623500824,0.03545312583446503,3.3034470081329346
-aYumc8KoXg_1,-aYumc8KoXg,5-10s,74.0,5.0,9,layer1,-3.570981025695801,-2.8622162342071533,0.05405326932668686,3.9999419301748276,0.7999883860349655,0.05405326932668686,2.8622162342071533
-aYumc8KoXg_1,-aYumc8KoXg,5-10s,74.0,5.0,9,layer2,-1.3098152875900269,-2.7544665336608887,0.05983489379286766,4.427782140672207,0.8855564281344414,0.05983489379286766,2.7544665336608887
-mhFGevxLUg_1,-mhFGevxLUg,10-20s,300.0,12.0,9,layer1,-3.6783385276794434,-2.969573736190796,0.048819515854120255,14.645854756236076,1.2204878963530064,0.048819515854120255,2.969573736190796
-mhFGevxLUg_1,-mhFGevxLUg,10-20s,300.0,12.0,9,layer2,-1.0245413780212402,-3.1530165672302246,0.04097257927060127,12.291773781180382,1.0243144817650318,0.04097257927060127,3.1530165672302246
-nQHwrRLfc0_1,-nQHwrRLfc0,5-10s,165.0,8.0,4,layer1,-0.8691723346710205,-3.393958330154419,0.032484814524650574,5.359994396567345,0.6699992995709181,0.032484814524650574,3.393958330154419
-nQHwrRLfc0_1,-nQHwrRLfc0,5-10s,165.0,8.0,4,layer2,-1.898660659790039,-4.583259582519531,0.010118101723492146,1.669486784376204,0.2086858480470255,0.010118101723492146,4.583259582519531
-nQHwrRLfc0_1,-nQHwrRLfc0,5-10s,165.0,8.0,7,layer1,-4.508976936340332,-2.8415191173553467,0.05512136220932007,9.095024764537811,1.1368780955672264,0.05512136220932007,2.8415191173553467
-nQHwrRLfc0_1,-nQHwrRLfc0,5-10s,165.0,8.0,7,layer2,-1.3856992721557617,-2.993499994277954,0.04772038757801056,7.873863950371742,0.9842329937964678,0.04772038757801056,2.993499994277954
-nQHwrRLfc0_3,-nQHwrRLfc0,5-10s,165.0,8.0,9,layer1,-3.418630599975586,-2.7098658084869385,0.06239369884133339,10.29496030882001,1.2868700386025012,0.06239369884133339,2.7098658084869385
-nQHwrRLfc0_3,-nQHwrRLfc0,5-10s,165.0,8.0,9,layer2,-1.2406495809555054,-2.6393699645996094,0.06664721667766571,10.996790751814842,1.3745988439768553,0.06664721667766571,2.6393699645996094
096oTVzc5Gs_1,096oTVzc5Gs,5-10s,129.0,6.0,9,layer1,-3.5941457748413086,-2.885380983352661,0.05288098379969597,6.82164691016078,1.1369411516934633,0.05288098379969597,2.885380983352661
096oTVzc5Gs_1,096oTVzc5Gs,5-10s,129.0,6.0,9,layer2,-1.2625041007995605,-3.018707513809204,0.04658784717321396,6.009832285344601,1.0016387142241001,0.04658784717321396,3.018707513809204
096oTVzc5Gs_2,096oTVzc5Gs,5-10s,129.0,6.0,5,layer1,-2.608018159866333,-2.826443672180176,0.055911820381879807,7.212624829262495,1.2021041382104158,0.055911820381879807,2.826443672180176
096oTVzc5Gs_2,096oTVzc5Gs,5-10s,129.0,6.0,5,layer2,-1.500611424446106,-2.837515354156494,0.05533026531338692,7.137604225426912,1.1896007042378187,0.05533026531338692,2.837515354156494
0AsXkZkqelg_4,0AsXkZkqelg,5-10s,172.0,5.0,1,layer1,1.7648926973342896,1.0237302780151367,0.7356985807418823,126.54015588760376,25.308031177520753,0.2643014192581177,1.0237302780151367
0AsXkZkqelg_4,0AsXkZkqelg,5-10s,172.0,5.0,1,layer2,0.6313703656196594,2.037487268447876,0.8846771717071533,152.16447353363037,30.432894706726074,0.11532282829284668,2.037487268447876
0AsXkZkqelg_4,0AsXkZkqelg,5-10s,172.0,5.0,3,layer1,-2.2254316806793213,-2.261338949203491,0.0943758636713028,16.23264855146408,3.2465297102928163,0.0943758636713028,2.261338949203491
0AsXkZkqelg_4,0AsXkZkqelg,5-10s,172.0,5.0,3,layer2,-0.9942454695701599,-3.558681011199951,0.027687909081578255,4.76232036203146,0.9524640724062919,0.027687909081578255,3.558681011199951
0AsXkZkqelg_4,0AsXkZkqelg,5-10s,172.0,5.0,5,layer1,0.07726925611495972,-0.14115631580352783,0.4647693932056427,79.94033563137054,15.988067126274109,0.4647693932056427,0.14115631580352783
0AsXkZkqelg_4,0AsXkZkqelg,5-10s,172.0,5.0,5,layer2,0.09008769690990448,-0.4857552647590637,0.3808940052986145,65.5137689113617,13.10275378227234,0.3808940052986145,0.4857552647590637
0AsXkZkqelg_4,0AsXkZkqelg,5-10s,172.0,5.0,8,layer1,1.9908524751663208,2.1200647354125977,0.8928381204605103,153.56815671920776,30.713631343841552,0.10716187953948975,2.1200647354125977
0AsXkZkqelg_4,0AsXkZkqelg,5-10s,172.0,5.0,8,layer2,0.656750500202179,2.2774715423583984,0.9069939851760864,156.00296545028687,31.200593090057374,0.09300601482391357,2.2774715423583984
0Dt-pH0pW-Y_1,0Dt-pH0pW-Y,10-20s,77.0,17.0,1,layer1,-2.3343098163604736,-3.075472354888916,0.04413041099905968,3.398041646927595,0.19988480276044676,0.04413041099905968,3.075472354888916
0Dt-pH0pW-Y_1,0Dt-pH0pW-Y,10-20s,77.0,17.0,1,layer2,-1.4888806343078613,-3.251329183578491,0.0372791551053524,2.870494943112135,0.16885264371247852,0.0372791551053524,3.251329183578491
0Dt-pH0pW-Y_1,0Dt-pH0pW-Y,10-20s,77.0,17.0,6,layer1,-4.5930585861206055,-2.91276478767395,0.05152614414691925,3.9675130993127823,0.23338312348898718,0.05152614414691925,2.91276478767395
0Dt-pH0pW-Y_1,0Dt-pH0pW-Y,10-20s,77.0,17.0,6,layer2,-2.1036646366119385,-3.315220832824707,0.035052698105573654,2.6990577541291714,0.1587681031840689,0.035052698105573654,3.315220832824707
0On6-JiVwRs_1,0On6-JiVwRs,10-20s,143.0,10.0,5,layer1,-2.8568217754364014,-3.075247287750244,0.04413990676403046,6.312006667256355,0.6312006667256356,0.04413990676403046,3.075247287750244
0On6-JiVwRs_1,0On6-JiVwRs,10-20s,143.0,10.0,5,layer2,-1.0917065143585205,-2.7702670097351074,0.058952197432518005,8.430164232850075,0.8430164232850075,0.058952197432518005,2.7702670097351074
0_K6OKtoBBU_1,0_K6OKtoBBU,2-5s,61.0,2.0,7,layer1,-4.56617546081543,-2.8987176418304443,0.052216991782188416,3.1852364987134933,1.5926182493567467,0.052216991782188416,2.8987176418304443
0_K6OKtoBBU_1,0_K6OKtoBBU,2-5s,61.0,2.0,7,layer2,-2.1526572704315186,-3.102177143096924,0.043017540127038956,2.6240699477493763,1.3120349738746881,0.043017540127038956,3.102177143096924
0_K6OKtoBBU_1,0_K6OKtoBBU,2-5s,61.0,2.0,8,layer1,-3.5432629585266113,-3.414050579071045,0.031859226524829865,1.9434128180146217,0.9717064090073109,0.031859226524829865,3.414050579071045
0_K6OKtoBBU_1,0_K6OKtoBBU,2-5s,61.0,2.0,8,layer2,-1.5367066860198975,-3.330439805984497,0.03454155847430229,2.10703506693244,1.05351753346622,0.03454155847430229,3.330439805984497
0_K6OKtoBBU_1,0_K6OKtoBBU,2-5s,61.0,2.0,9,layer1,-3.5126843452453613,-2.803919553756714,0.05711273476481438,3.483876820653677,1.7419384103268385,0.05711273476481438,2.803919553756714
0_K6OKtoBBU_1,0_K6OKtoBBU,2-5s,61.0,2.0,9,layer2,-1.6513148546218872,-3.1102724075317383,0.04268551245331764,2.603816259652376,1.301908129826188,0.04268551245331764,3.1102724075317383
0_K6OKtoBBU_2,0_K6OKtoBBU,10-20s,61.0,15.0,8,layer1,-3.2982449531555176,-3.169032573699951,0.040347855538129807,2.461219187825918,0.16408127918839455,0.040347855538129807,3.169032573699951
0_K6OKtoBBU_2,0_K6OKtoBBU,10-20s,61.0,15.0,8,layer2,-1.5265623331069946,-3.065788745880127,0.04454069957137108,2.716982673853636,0.18113217825690905,0.04454069957137108,3.065788745880127
0_K6OKtoBBU_3,0_K6OKtoBBU,2-5s,61.0,2.0,1,layer1,-2.4032037258148193,-3.1443662643432617,0.041313838213682175,2.5201441310346127,1.2600720655173063,0.041313838213682175,3.1443662643432617
0_K6OKtoBBU_3,0_K6OKtoBBU,2-5s,61.0,2.0,1,layer2,-1.4053833484649658,-3.1111011505126953,0.04265165701508522,2.6017510779201984,1.3008755389600992,0.04265165701508522,3.1111011505126953
0a9wVat2PWk_1,0a9wVat2PWk,5-10s,300.0,8.0,3,layer1,-3.25510573387146,-3.29101300239563,0.035880785435438156,10.764235630631447,1.3455294538289309,0.035880785435438156,3.29101300239563
0a9wVat2PWk_1,0a9wVat2PWk,5-10s,300.0,8.0,3,layer2,-0.5877090692520142,-3.3129143714904785,0.03513079881668091,10.539239645004272,1.317404955625534,0.03513079881668091,3.3129143714904785
0a9wVat2PWk_1,0a9wVat2PWk,5-10s,300.0,8.0,6,layer1,-5.282101631164551,-3.6018078327178955,0.026550227776169777,7.965068332850933,0.9956335416063666,0.026550227776169777,3.6018078327178955
0a9wVat2PWk_1,0a9wVat2PWk,5-10s,300.0,8.0,6,layer2,-1.4803922176361084,-3.861272096633911,0.020607605576515198,6.182281672954559,0.7727852091193199,0.020607605576515198,3.861272096633911
0a9wVat2PWk_2,0a9wVat2PWk,2-5s,300.0,4.0,9,layer1,-3.611407518386841,-2.9026427268981934,0.05202307552099228,15.606922656297684,3.901730664074421,0.05202307552099228,2.9026427268981934
0a9wVat2PWk_2,0a9wVat2PWk,2-5s,300.0,4.0,9,layer2,-1.6583291292190552,-3.1429738998413086,0.04136902093887329,12.410706281661987,3.102676570415497,0.04136902093887329,3.1429738998413086
0a9wVat2PWk_3,0a9wVat2PWk,2-5s,300.0,3.0,0,layer1,-2.09317946434021,-3.547506332397461,0.02799033559858799,8.397100679576397,2.799033559858799,0.02799033559858799,3.547506332397461
0a9wVat2PWk_3,0a9wVat2PWk,2-5s,300.0,3.0,0,layer2,-1.5001928806304932,-3.912217617034912,0.01960410177707672,5.881230533123016,1.9604101777076721,0.01960410177707672,3.912217617034912
0a9wVat2PWk_3,0a9wVat2PWk,2-5s,300.0,3.0,8,layer1,-3.4770348072052,-3.347822427749634,0.0339665450155735,10.18996350467205,3.39665450155735,0.0339665450155735,3.347822427749634
0a9wVat2PWk_3,0a9wVat2PWk,2-5s,300.0,3.0,8,layer2,-1.7605351209640503,-3.3548855781555176,0.03373554348945618,10.120663046836853,3.3735543489456177,0.03373554348945618,3.3548855781555176
0jGH7A_hpBM_1,0jGH7A_hpBM,20s+,221.0,25.0,2,layer1,-3.398918867111206,-3.025174617767334,0.04630143940448761,10.232618108391762,0.40930472433567044,0.04630143940448761,3.025174617767334
0jGH7A_hpBM_1,0jGH7A_hpBM,20s+,221.0,25.0,2,layer2,-0.9110863208770752,-3.282400608062744,0.036179911345243454,7.995760407298803,0.31983041629195214,0.036179911345243454,3.282400608062744
0jGH7A_hpBM_1,0jGH7A_hpBM,20s+,221.0,25.0,9,layer1,-3.061279058456421,-2.3525142669677734,0.08686614036560059,19.19741702079773,0.7678966808319092,0.08686614036560059,2.3525142669677734
0jGH7A_hpBM_1,0jGH7A_hpBM,20s+,221.0,25.0,9,layer2,-1.022152304649353,-2.4136147499084473,0.08214037865400314,18.153023682534695,0.7261209473013878,0.08214037865400314,2.4136147499084473
0jGH7A_hpBM_2,0jGH7A_hpBM,5-10s,221.0,8.0,7,layer1,-4.95668888092041,-3.289231061935425,0.035942479968070984,7.943288072943687,0.9929110091179609,0.035942479968070984,3.289231061935425
0jGH7A_hpBM_2,0jGH7A_hpBM,5-10s,221.0,8.0,7,layer2,-1.8973388671875,-3.4617209434509277,0.03042123094201088,6.723092038184404,0.8403865047730505,0.03042123094201088,3.4617209434509277
0qbHT34qTZE_2,0qbHT34qTZE,20s+,300.0,65.0,3,layer1,-3.0792057514190674,-3.1151130199432373,0.04248814657330513,12.746443971991539,0.19609913803063905,0.04248814657330513,3.1151130199432373
0qbHT34qTZE_2,0qbHT34qTZE,20s+,300.0,65.0,3,layer2,-1.1418181657791138,-2.8822622299194336,0.053037405014038086,15.911221504211426,0.24478802314171424,0.053037405014038086,2.8822622299194336
0qbHT34qTZE_2,0qbHT34qTZE,20s+,300.0,65.0,8,layer1,-3.1496224403381348,-3.0204100608825684,0.04651228338479996,13.953685015439987,0.21467207716061518,0.04651228338479996,3.0204100608825684
0qbHT34qTZE_2,0qbHT34qTZE,20s+,300.0,65.0,8,layer2,-1.4839963912963867,-2.8950676918029785,0.05239792540669441,15.719377622008324,0.24183657880012804,0.05239792540669441,2.8950676918029785
0rSETXszQM0_2,0rSETXszQM0,5-10s,112.0,5.0,3,layer1,-3.1377851963043213,-3.173692464828491,0.04016781225800514,4.498794972896576,0.8997589945793152,0.04016781225800514,3.173692464828491
0rSETXszQM0_2,0rSETXszQM0,5-10s,112.0,5.0,3,layer2,-1.071406364440918,-3.0633697509765625,0.04464375972747803,5.000101089477539,1.0000202178955078,0.04464375972747803,3.0633697509765625
0yxEvdnimGg_1,0yxEvdnimGg,20s+,299.0,38.0,9,layer1,-3.214155435562134,-2.5053906440734863,0.07548113912343979,22.568860597908497,0.5939173841554868,0.07548113912343979,2.5053906440734863
0yxEvdnimGg_1,0yxEvdnimGg,20s+,299.0,38.0,9,layer2,-1.1314111948013306,-2.3868885040283203,0.08417799323797226,25.169219978153706,0.6623478941619396,0.08417799323797226,2.3868885040283203
1DKLyH3FixM_1,1DKLyH3FixM,20s+,300.0,100.0,8,layer1,-3.313655138015747,-3.1844427585601807,0.039755385369062424,11.926615610718727,0.11926615610718727,0.039755385369062424,3.1844427585601807
1DKLyH3FixM_1,1DKLyH3FixM,20s+,300.0,100.0,8,layer2,-1.151737093925476,-3.555936813354492,0.027761884033679962,8.328565210103989,0.08328565210103989,0.027761884033679962,3.555936813354492
1GgEpRZDWN0_2,1GgEpRZDWN0,10-20s,300.0,10.0,5,layer1,-3.1738269329071045,-3.3922524452209473,0.03253847360610962,9.761542081832886,0.9761542081832886,0.03253847360610962,3.3922524452209473
1GgEpRZDWN0_2,1GgEpRZDWN0,10-20s,300.0,10.0,5,layer2,-1.0369683504104614,-3.1599388122558594,0.04070144146680832,12.210432440042496,1.2210432440042496,0.04070144146680832,3.1599388122558594
1IoHRTUp86c_1,1IoHRTUp86c,5-10s,226.0,5.0,1,layer1,-1.7744628190994263,-2.515625238418579,0.07477002590894699,16.89802585542202,3.379605171084404,0.07477002590894699,2.515625238418579
1IoHRTUp86c_1,1IoHRTUp86c,5-10s,226.0,5.0,1,layer2,-1.325177550315857,-2.529794692993164,0.07379567623138428,16.677822828292847,3.3355645656585695,0.07379567623138428,2.529794692993164
1L_OyngNZMA_1,1L_OyngNZMA,20s+,166.0,20.0,6,layer1,-4.971234321594238,-3.290940523147583,0.03588329255580902,5.9566265642642975,0.2978313282132149,0.03588329255580902,3.290940523147583
1L_OyngNZMA_1,1L_OyngNZMA,20s+,166.0,20.0,6,layer2,-1.713936686515808,-3.165137529373169,0.040498945862054825,6.722825013101101,0.33614125065505507,0.040498945862054825,3.165137529373169
1QNLMF-Kl_s_1,1QNLMF-Kl_s,5-10s,299.0,5.0,3,layer1,-3.7004706859588623,-3.7363779544830322,0.023285171017050743,6.962266134098172,1.3924532268196343,0.023285171017050743,3.7363779544830322
1QNLMF-Kl_s_1,1QNLMF-Kl_s,5-10s,299.0,5.0,3,layer2,-1.0631169080734253,-3.643798351287842,0.025486279278993607,7.620397504419088,1.5240795008838177,0.025486279278993607,3.643798351287842
1QNLMF-Kl_s_1,1QNLMF-Kl_s,5-10s,299.0,5.0,5,layer1,-3.660590171813965,-3.8790156841278076,0.020252520218491554,6.055503545328975,1.211100709065795,0.020252520218491554,3.8790156841278076
1QNLMF-Kl_s_1,1QNLMF-Kl_s,5-10s,299.0,5.0,5,layer2,-1.0255733728408813,-3.4947762489318848,0.029461227357387543,8.808906979858875,1.761781395971775,0.029461227357387543,3.4947762489318848
1Uh74_rZ72k_1,1Uh74_rZ72k,5-10s,71.0,7.0,0,layer1,-1.8380242586135864,-3.292351245880127,0.035834524780511856,2.544251259416342,0.36346446563090595,0.035834524780511856,3.292351245880127
1Uh74_rZ72k_1,1Uh74_rZ72k,5-10s,71.0,7.0,0,layer2,-0.7443060874938965,-3.1327157020568848,0.041777752339839935,2.9662204161286354,0.4237457737326622,0.041777752339839935,3.1327157020568848
1Uh74_rZ72k_1,1Uh74_rZ72k,5-10s,71.0,7.0,2,layer1,-3.5941288471221924,-3.2203845977783203,0.038405779749155045,2.726810362190008,0.38954433745571543,0.038405779749155045,3.2203845977783203
1Uh74_rZ72k_1,1Uh74_rZ72k,5-10s,71.0,7.0,2,layer2,-0.8718696236610413,-3.0982506275177,0.0431794710457325,3.0657424442470074,0.43796320632100105,0.0431794710457325,3.0982506275177
1WTSW96XP6E_1,1WTSW96XP6E,5-10s,300.0,7.0,8,layer1,-3.4705440998077393,-3.341331720352173,0.0341801680624485,10.25405041873455,1.4648643455335073,0.0341801680624485,3.341331720352173
1WTSW96XP6E_1,1WTSW96XP6E,5-10s,300.0,7.0,8,layer2,-1.5480690002441406,-3.1960151195526123,0.03931595757603645,11.794787272810936,1.6849696104015623,0.03931595757603645,3.1960151195526123
1nUOGZgSzZo_1,1nUOGZgSzZo,10-20s,300.0,14.0,4,layer1,-1.0237905979156494,-3.548576593399048,0.027961235493421555,8.388370648026466,0.5991693320018905,0.027961235493421555,3.548576593399048
1nUOGZgSzZo_1,1nUOGZgSzZo,10-20s,300.0,14.0,4,layer2,-1.1088088750839233,-3.3449158668518066,0.03406204655766487,10.218613967299461,0.7299009976642472,0.03406204655766487,3.3449158668518066
1nUOGZgSzZo_1,1nUOGZgSzZo,10-20s,300.0,14.0,6,layer1,-4.728323936462402,-3.048030138015747,0.04530259221792221,13.590777665376663,0.9707698332411903,0.04530259221792221,3.048030138015747
1nUOGZgSzZo_1,1nUOGZgSzZo,10-20s,300.0,14.0,6,layer2,-1.5332127809524536,-3.0476608276367188,0.045318569988012314,13.595570996403694,0.9711122140288353,0.045318569988012314,3.0476608276367188
1slvoNgzBLE_2,1slvoNgzBLE,2-5s,299.0,3.0,8,layer1,-3.413548231124878,-3.2843358516693115,0.03611249104142189,10.797634821385145,3.5992116071283817,0.03611249104142189,3.2843358516693115
1slvoNgzBLE_2,1slvoNgzBLE,2-5s,299.0,3.0,8,layer2,-1.3584834337234497,-3.106851100921631,0.04282553866505623,12.804836060851812,4.268278686950604,0.04282553866505623,3.106851100921631
1slvoNgzBLE_2,1slvoNgzBLE,2-5s,299.0,3.0,9,layer1,-3.323228597640991,-2.6144638061523438,0.0682133361697197,20.39578751474619,6.79859583824873,0.0682133361697197,2.6144638061523438
1slvoNgzBLE_2,1slvoNgzBLE,2-5s,299.0,3.0,9,layer2,-1.3894137144088745,-2.509909152984619,0.07516642659902573,22.474761553108692,7.491587184369564,0.07516642659902573,2.509909152984619
1slvoNgzBLE_3,1slvoNgzBLE,10-20s,299.0,10.0,5,layer1,-3.3110125064849854,-3.529438018798828,0.028486134484410286,8.517354210838675,0.8517354210838676,0.028486134484410286,3.529438018798828
1slvoNgzBLE_3,1slvoNgzBLE,10-20s,299.0,10.0,5,layer2,-0.7197642922401428,-3.1294443607330322,0.04190891236066818,12.530764795839787,1.2530764795839786,0.04190891236066818,3.1294443607330322
1wW0YJQ-Xa0_1,1wW0YJQ-Xa0,20s+,299.0,66.0,2,layer1,-4.099538326263428,-3.7257940769195557,0.023527098819613457,7.034602547064424,0.10658488707673369,0.023527098819613457,3.7257940769195557
1wW0YJQ-Xa0_1,1wW0YJQ-Xa0,20s+,299.0,66.0,2,layer2,-1.0768132209777832,-4.426234245300293,0.011818102560937405,3.533612665720284,0.05353958584424673,0.011818102560937405,4.426234245300293
27HIamF8pKo_1,27HIamF8pKo,2-5s,140.0,3.0,0,layer1,-3.029247522354126,-4.483574390411377,0.011166868731379509,1.5633616223931313,0.5211205407977104,0.011166868731379509,4.483574390411377
27HIamF8pKo_1,27HIamF8pKo,2-5s,140.0,3.0,0,layer2,-1.4703165292739868,-4.839535713195801,0.007848638109862804,1.0988093353807926,0.3662697784602642,0.007848638109862804,4.839535713195801
27HIamF8pKo_1,27HIamF8pKo,2-5s,140.0,3.0,3,layer1,-3.489243745803833,-3.525151014328003,0.028605017811059952,4.004702493548393,1.3349008311827977,0.028605017811059952,3.525151014328003
27HIamF8pKo_1,27HIamF8pKo,2-5s,140.0,3.0,3,layer2,-1.5590720176696777,-3.483552932739258,0.029783837497234344,4.169737249612808,1.3899124165376027,0.029783837497234344,3.483552932739258
27HIamF8pKo_1,27HIamF8pKo,2-5s,140.0,3.0,6,layer1,-4.89845085144043,-3.2181570529937744,0.038488131016492844,5.388338342308998,1.796112780769666,0.038488131016492844,3.2181570529937744
27HIamF8pKo_1,27HIamF8pKo,2-5s,140.0,3.0,6,layer2,-1.7266052961349487,-3.688704252243042,0.024394413456320763,3.4152178838849068,1.1384059612949688,0.024394413456320763,3.688704252243042
27HIamF8pKo_3,27HIamF8pKo,0-2s,140.0,1.0,3,layer1,-2.7728867530822754,-2.8087940216064453,0.05685080960392952,7.959113344550133,7.959113344550133,0.05685080960392952,2.8087940216064453
27HIamF8pKo_3,27HIamF8pKo,0-2s,140.0,1.0,3,layer2,-0.7651166915893555,-2.3522109985351562,0.08689019083976746,12.164626717567444,12.164626717567444,0.08689019083976746,2.3522109985351562
2ABngPM3raQ_2,2ABngPM3raQ,10-20s,152.0,12.0,7,layer1,-4.576991081237793,-2.9095332622528076,0.05168430879712105,7.856014937162399,0.6546679114302,0.05168430879712105,2.9095332622528076
2ABngPM3raQ_2,2ABngPM3raQ,10-20s,152.0,12.0,7,layer2,-1.8317371606826782,-3.089712619781494,0.043533600866794586,6.617107331752777,0.5514256109793981,0.043533600866794586,3.089712619781494
2JV3emH50XU_1,2JV3emH50XU,10-20s,80.0,10.0,0,layer1,-1.0613876581192017,-2.515714645385742,0.07476384192705154,5.9811073541641235,0.5981107354164124,0.07476384192705154,2.515714645385742
2JV3emH50XU_1,2JV3emH50XU,10-20s,80.0,10.0,0,layer2,-0.7808528542518616,-2.3202688694000244,0.0894581601023674,7.156652808189392,0.7156652808189392,0.0894581601023674,2.3202688694000244
2JV3emH50XU_1,2JV3emH50XU,10-20s,80.0,10.0,3,layer1,-2.2766644954681396,-2.3125717639923096,0.09008710831403732,7.206968665122986,0.7206968665122986,0.09008710831403732,2.3125717639923096
2JV3emH50XU_1,2JV3emH50XU,10-20s,80.0,10.0,3,layer2,-0.8385009765625,-2.151190757751465,0.10422000288963318,8.337600231170654,0.8337600231170654,0.10422000288963318,2.151190757751465
2JV3emH50XU_1,2JV3emH50XU,10-20s,80.0,10.0,4,layer1,-0.3231513798236847,-2.8479373455047607,0.05478803813457489,4.383043050765991,0.4383043050765991,0.05478803813457489,2.8479373455047607
2JV3emH50XU_1,2JV3emH50XU,10-20s,80.0,10.0,4,layer2,-0.7251659035682678,-2.803798198699951,0.057119276374578476,4.569542109966278,0.4569542109966278,0.057119276374578476,2.803798198699951
2JutOgAnqWA_1,2JutOgAnqWA,5-10s,214.0,8.0,9,layer1,-3.2249417304992676,-2.51617693901062,0.07473187148571014,15.99262049794197,1.9990775622427464,0.07473187148571014,2.51617693901062
2JutOgAnqWA_1,2JutOgAnqWA,5-10s,214.0,8.0,9,layer2,-1.4511972665786743,-2.760108232498169,0.05951831117272377,12.736918590962887,1.5921148238703609,0.05951831117272377,2.760108232498169
2JutOgAnqWA_4,2JutOgAnqWA,5-10s,214.0,9.0,5,layer1,-2.9701039791107178,-3.1885294914245605,0.039599668234586716,8.474329002201557,0.9415921113557286,0.039599668234586716,3.1885294914245605
2JutOgAnqWA_4,2JutOgAnqWA,5-10s,214.0,9.0,5,layer2,-1.1351261138916016,-2.7770583629608154,0.0585765615105629,12.53538416326046,1.3928204625844955,0.0585765615105629,2.7770583629608154
2KR0C5ysO8o_1,2KR0C5ysO8o,2-5s,137.0,4.0,5,layer1,-3.1299502849578857,-3.3483757972717285,0.0339483879506588,4.650929149240255,1.1627322873100638,0.0339483879506588,3.3483757972717285
2KR0C5ysO8o_1,2KR0C5ysO8o,2-5s,137.0,4.0,5,layer2,-1.3596992492675781,-3.622349739074707,0.02602444961667061,3.5653495974838734,0.8913373993709683,0.02602444961667061,3.622349739074707
2KR0C5ysO8o_2,2KR0C5ysO8o,2-5s,137.0,2.0,4,layer1,-0.8170185685157776,-3.3418045043945312,0.034164562821388245,4.6805451065301895,2.3402725532650948,0.034164562821388245,3.3418045043945312
2KR0C5ysO8o_2,2KR0C5ysO8o,2-5s,137.0,2.0,4,layer2,-1.452396273612976,-3.536224842071533,0.028298912569880486,3.8769510220736265,1.9384755110368133,0.028298912569880486,3.536224842071533
2RjqBRzmxaM_2,2RjqBRzmxaM,5-10s,122.0,7.0,6,layer1,-4.077165126800537,-2.396871328353882,0.08341158181428909,10.17621298134327,1.4537447116204671,0.08341158181428909,2.396871328353882
2RjqBRzmxaM_2,2RjqBRzmxaM,5-10s,122.0,7.0,6,layer2,-1.7772619724273682,-2.799098491668701,0.05737290903925896,6.999494902789593,0.9999278432556561,0.05737290903925896,2.799098491668701
2RjqBRzmxaM_4,2RjqBRzmxaM,2-5s,122.0,4.0,3,layer1,-3.4296953678131104,-3.4656026363372803,0.030306946486234665,3.697447471320629,0.9243618678301573,0.030306946486234665,3.4656026363372803
2RjqBRzmxaM_4,2RjqBRzmxaM,2-5s,122.0,4.0,3,layer2,-1.0823694467544556,-3.3787198066711426,0.032967183738946915,4.021996416151524,1.005499104037881,0.032967183738946915,3.3787198066711426
2RjqBRzmxaM_5,2RjqBRzmxaM,2-5s,122.0,2.0,8,layer1,-1.0713831186294556,-0.9421707987785339,0.2804620563983917,34.21637088060379,17.108185440301895,0.2804620563983917,0.9421707987785339
2RjqBRzmxaM_5,2RjqBRzmxaM,2-5s,122.0,2.0,8,layer2,0.5430129766464233,0.5594775080680847,0.6363316178321838,77.63245737552643,38.816228687763214,0.36366838216781616,0.5594775080680847
2a6GNu6uCDE_1,2a6GNu6uCDE,5-10s,299.0,5.0,0,layer1,-2.2542123794555664,-3.7085392475128174,0.023926779627799988,7.154107108712196,1.4308214217424393,0.023926779627799988,3.7085392475128174
2a6GNu6uCDE_1,2a6GNu6uCDE,5-10s,299.0,5.0,0,layer2,-1.5200269222259521,-3.860095739364624,0.02063136361539364,6.168777721002698,1.2337555442005397,0.02063136361539364,3.860095739364624
2a6GNu6uCDE_1,2a6GNu6uCDE,5-10s,299.0,5.0,5,layer1,-3.623796224594116,-3.842221736907959,0.02099562995135784,6.277693355455995,1.2555386710911989,0.02099562995135784,3.842221736907959
2a6GNu6uCDE_1,2a6GNu6uCDE,5-10s,299.0,5.0,5,layer2,-0.9641715884208679,-3.5898640155792236,0.02686067298054695,8.031341221183538,1.6062682442367078,0.02686067298054695,3.5898640155792236
2a6GNu6uCDE_1,2a6GNu6uCDE,5-10s,299.0,5.0,8,layer1,-3.864327907562256,-3.7351155281066895,0.02331390045583248,6.970856236293912,1.3941712472587824,0.02331390045583248,3.7351155281066895
2a6GNu6uCDE_1,2a6GNu6uCDE,5-10s,299.0,5.0,8,layer2,-1.623509407043457,-3.718442440032959,0.02369658648967743,7.085279360413551,1.4170558720827102,0.02369658648967743,3.718442440032959
2a6GNu6uCDE_2,2a6GNu6uCDE,5-10s,299.0,7.0,5,layer1,-3.655477523803711,-3.8739030361175537,0.020354215055704117,6.085910301655531,0.8694157573793616,0.020354215055704117,3.8739030361175537
2a6GNu6uCDE_2,2a6GNu6uCDE,5-10s,299.0,7.0,5,layer2,-0.8895987868309021,-3.590834140777588,0.026835326105356216,8.023762505501509,1.1462517865002155,0.026835326105356216,3.590834140777588
2a6GNu6uCDE_3,2a6GNu6uCDE,2-5s,299.0,3.0,4,layer1,-0.9234278798103333,-3.448213815689087,0.03082217276096344,9.215829655528069,3.071943218509356,0.03082217276096344,3.448213815689087
2a6GNu6uCDE_3,2a6GNu6uCDE,2-5s,299.0,3.0,4,layer2,-1.2360544204711914,-3.4127540588378906,0.031899239867925644,9.537872720509768,3.1792909068365893,0.031899239867925644,3.4127540588378906
2a6GNu6uCDE_4,2a6GNu6uCDE,20s+,299.0,34.0,3,layer1,-3.1935274600982666,-3.2294347286224365,0.038072943687438965,11.38381016254425,0.33481794595718384,0.038072943687438965,3.2294347286224365
2a6GNu6uCDE_4,2a6GNu6uCDE,20s+,299.0,34.0,3,layer2,-0.8877865076065063,-3.127753257751465,0.041976865381002426,12.551082748919725,0.36914949261528607,0.041976865381002426,3.127753257751465
32565FEuksc_1,32565FEuksc,10-20s,278.0,10.0,1,layer1,-2.550050973892212,-3.2912135124206543,0.03587384894490242,9.972930006682873,0.9972930006682873,0.03587384894490242,3.2912135124206543
32565FEuksc_1,32565FEuksc,10-20s,278.0,10.0,1,layer2,-0.9992054104804993,-3.0157032012939453,0.046721477061510086,12.988570623099804,1.2988570623099804,0.046721477061510086,3.0157032012939453
32565FEuksc_1,32565FEuksc,10-20s,278.0,10.0,6,layer1,-4.883625030517578,-3.203331232070923,0.03904055431485176,10.85327409952879,1.085327409952879,0.03904055431485176,3.203331232070923
32565FEuksc_1,32565FEuksc,10-20s,278.0,10.0,6,layer2,-1.834431767463684,-3.222341537475586,0.03833357244729996,10.656733140349388,1.0656733140349388,0.03833357244729996,3.222341537475586
32565FEuksc_2,32565FEuksc,10-20s,278.0,11.0,2,layer1,-4.324234962463379,-3.950490713119507,0.018881868571043015,5.249159462749958,0.4771963147954507,0.018881868571043015,3.950490713119507
32565FEuksc_2,32565FEuksc,10-20s,278.0,11.0,2,layer2,-1.068332552909851,-4.364932060241699,0.01255586463958025,3.4905303698033094,0.31732094270939176,0.01255586463958025,4.364932060241699
32565FEuksc_2,32565FEuksc,10-20s,278.0,11.0,5,layer1,-3.258226156234741,-3.476651668548584,0.029983915388584137,8.33552847802639,0.7577753161842172,0.029983915388584137,3.476651668548584
32565FEuksc_2,32565FEuksc,10-20s,278.0,11.0,5,layer2,-1.6270610094070435,-3.6366019248962402,0.02566562592983246,7.1350440084934235,0.648640364408493,0.02566562592983246,3.6366019248962402
32565FEuksc_2,32565FEuksc,10-20s,278.0,11.0,9,layer1,-4.322160720825195,-3.613395929336548,0.026252368465065956,7.298158433288336,0.6634689484807578,0.026252368465065956,3.613395929336548
32565FEuksc_2,32565FEuksc,10-20s,278.0,11.0,9,layer2,-1.4047712087631226,-3.385071277618408,0.03276529535651207,9.108752109110355,0.8280683735554869,0.03276529535651207,3.385071277618408
3RultJjvTWI_1,3RultJjvTWI,20s+,299.0,30.0,9,layer1,-3.768918991088867,-3.0601541996002197,0.04478110745549202,13.389551129192114,0.4463183709730705,0.04478110745549202,3.0601541996002197
3RultJjvTWI_1,3RultJjvTWI,20s+,299.0,30.0,9,layer2,-1.7922999858856201,-3.9646244049072266,0.018621809780597687,5.567921124398708,0.18559737081329028,0.018621809780597687,3.9646244049072266
3Sml1wHcuxo_1,3Sml1wHcuxo,10-20s,300.0,17.0,3,layer1,-3.5359466075897217,-3.5718538761138916,0.027335477992892265,8.20064339786768,0.4823907881098635,0.027335477992892265,3.5718538761138916
3Sml1wHcuxo_1,3Sml1wHcuxo,10-20s,300.0,17.0,3,layer2,-0.8133672475814819,-3.359065532684326,0.033599551767110825,10.079865530133247,0.5929332664784264,0.033599551767110825,3.359065532684326
3Sml1wHcuxo_1,3Sml1wHcuxo,10-20s,300.0,17.0,4,layer1,-1.8147451877593994,-4.339530944824219,0.0128747234120965,3.86241702362895,0.22720100138993823,0.0128747234120965,4.339530944824219
3Sml1wHcuxo_1,3Sml1wHcuxo,10-20s,300.0,17.0,4,layer2,-1.2540165185928345,-4.987579822540283,0.0067759291268885136,2.032778738066554,0.11957521988626789,0.0067759291268885136,4.987579822540283
3ndid3jni7M_1,3ndid3jni7M,20s+,299.0,71.0,9,layer1,-3.2988317012786865,-2.590066909790039,0.06978043913841248,20.86435130238533,0.29386410285049763,0.06978043913841248,2.590066909790039
3ndid3jni7M_1,3ndid3jni7M,20s+,299.0,71.0,9,layer2,-1.5758613348007202,-2.8845880031585693,0.052920714020729065,15.82329349219799,0.2228632886225069,0.052920714020729065,2.8845880031585693
3ndid3jni7M_2,3ndid3jni7M,20s+,299.0,33.0,5,layer1,-3.4172708988189697,-3.6356964111328125,0.025688281282782555,7.680796103551984,0.23275139707733283,0.025688281282782555,3.6356964111328125
3ndid3jni7M_2,3ndid3jni7M,20s+,299.0,33.0,5,layer2,-1.5157705545425415,-3.6012673377990723,0.02656419947743416,7.942695643752813,0.2406877467803883,0.02656419947743416,3.6012673377990723
3ndid3jni7M_4,3ndid3jni7M,10-20s,299.0,15.0,0,layer1,-1.5871303081512451,-3.041457176208496,0.045587725937366486,13.63073005527258,0.908715337018172,0.045587725937366486,3.041457176208496
3ndid3jni7M_4,3ndid3jni7M,10-20s,299.0,15.0,0,layer2,-1.3774429559707642,-2.969223737716675,0.048835765570402145,14.601893905550241,0.9734595937033494,0.048835765570402145,2.969223737716675
3qTL7QRk-tg_3,3qTL7QRk-tg,10-20s,189.0,15.0,6,layer1,-3.5778207778930664,-1.8975269794464111,0.13038863241672516,24.643451526761055,1.642896768450737,0.13038863241672516,1.8975269794464111
3qTL7QRk-tg_3,3qTL7QRk-tg,10-20s,189.0,15.0,6,layer2,-1.4978076219558716,-2.2783443927764893,0.09293241798877716,17.564226999878883,1.1709484666585923,0.09293241798877716,2.2783443927764893
3qTL7QRk-tg_4,3qTL7QRk-tg,2-5s,189.0,3.0,0,layer1,-1.7171436548233032,-3.1714706420898438,0.04025356099009514,7.607923027127981,2.5359743423759937,0.04025356099009514,3.1714706420898438
3qTL7QRk-tg_4,3qTL7QRk-tg,2-5s,189.0,3.0,0,layer2,-1.041720986366272,-2.942551612854004,0.050089724361896515,9.466957904398441,3.1556526347994804,0.050089724361896515,2.942551612854004
3qTL7QRk-tg_4,3qTL7QRk-tg,2-5s,189.0,3.0,4,layer1,-0.4903140068054199,-3.0151000022888184,0.04674835130572319,8.835438396781683,2.945146132260561,0.04674835130572319,3.0151000022888184
3qTL7QRk-tg_4,3qTL7QRk-tg,2-5s,189.0,3.0,4,layer2,-1.0033165216445923,-2.9712371826171875,0.048742324113845825,9.212299257516861,3.070766419172287,0.048742324113845825,2.9712371826171875
3rna9zo5ZOs_1,3rna9zo5ZOs,5-10s,68.0,7.0,0,layer1,-1.5626813173294067,-3.0170083045959473,0.04666338115930557,3.173109918832779,0.45330141697611126,0.04666338115930557,3.0170083045959473
3rna9zo5ZOs_1,3rna9zo5ZOs,5-10s,68.0,7.0,0,layer2,-1.0422414541244507,-2.6920528411865234,0.06344392895698547,4.314187169075012,0.6163124527250018,0.06344392895698547,2.6920528411865234
3rna9zo5ZOs_1,3rna9zo5ZOs,5-10s,68.0,7.0,6,layer1,-4.773952484130859,-3.093658685684204,0.043369583785533905,2.9491316974163055,0.4213045282023294,0.043369583785533905,3.093658685684204
3rna9zo5ZOs_1,3rna9zo5ZOs,5-10s,68.0,7.0,6,layer2,-2.0810115337371826,-3.2937769889831543,0.03578529134392738,2.433399811387062,0.347628544483866,0.03578529134392738,3.2937769889831543
3rna9zo5ZOs_1,3rna9zo5ZOs,5-10s,68.0,7.0,7,layer1,-4.401429176330566,-2.733971357345581,0.06099829077720642,4.147883772850037,0.5925548246928624,0.06099829077720642,2.733971357345581
3rna9zo5ZOs_1,3rna9zo5ZOs,5-10s,68.0,7.0,7,layer2,-1.9136455059051514,-2.8364086151123047,0.05538813769817352,3.7663933634757996,0.5380561947822571,0.05538813769817352,2.8364086151123047
3rna9zo5ZOs_1,3rna9zo5ZOs,5-10s,68.0,7.0,9,layer1,-3.2547032833099365,-2.545938491821289,0.07269981503486633,4.943587422370911,0.7062267746244159,0.07269981503486633,2.545938491821289
3rna9zo5ZOs_1,3rna9zo5ZOs,5-10s,68.0,7.0,9,layer2,-1.3298343420028687,-3.0896124839782715,0.043537769466638565,2.9605683237314224,0.4229383319616318,0.043537769466638565,3.0896124839782715
3rna9zo5ZOs_2,3rna9zo5ZOs,2-5s,68.0,3.0,0,layer1,-2.3056154251098633,-3.7599422931671143,0.022755226120352745,1.5473553761839867,0.5157851253946623,0.022755226120352745,3.7599422931671143
3rna9zo5ZOs_2,3rna9zo5ZOs,2-5s,68.0,3.0,0,layer2,-1.0478053092956543,-3.3585867881774902,0.033615101128816605,2.285826876759529,0.7619422922531763,0.033615101128816605,3.3585867881774902
3rna9zo5ZOs_2,3rna9zo5ZOs,2-5s,68.0,3.0,5,layer1,-3.273782968521118,-3.492208480834961,0.029534736648201942,2.008362092077732,0.6694540306925774,0.029534736648201942,3.492208480834961
3rna9zo5ZOs_2,3rna9zo5ZOs,2-5s,68.0,3.0,5,layer2,-1.2883094549179077,-3.130774974822998,0.04185551404953003,2.846174955368042,0.9487249851226807,0.04185551404953003,3.130774974822998
3rna9zo5ZOs_2,3rna9zo5ZOs,2-5s,68.0,3.0,7,layer1,-5.143548965454102,-3.476091146469116,0.030000217258930206,2.040014773607254,0.6800049245357513,0.030000217258930206,3.476091146469116
3rna9zo5ZOs_2,3rna9zo5ZOs,2-5s,68.0,3.0,7,layer2,-1.6219258308410645,-3.3554203510284424,0.03371811658143997,2.292831927537918,0.764277309179306,0.03371811658143997,3.3554203510284424
3rna9zo5ZOs_2,3rna9zo5ZOs,2-5s,68.0,3.0,9,layer1,-3.6063735485076904,-2.897608757019043,0.052271898835897446,3.5544891208410263,1.1848297069470088,0.052271898835897446,2.897608757019043
3rna9zo5ZOs_2,3rna9zo5ZOs,2-5s,68.0,3.0,9,layer2,-1.8430932760238647,-3.455360174179077,0.030609408393502235,2.081439770758152,0.693813256919384,0.030609408393502235,3.455360174179077
3xDZ-kdGE3o_1,3xDZ-kdGE3o,10-20s,65.0,10.0,6,layer1,-4.77396297454834,-3.0936691761016846,0.043369147926568985,2.818994615226984,0.2818994615226984,0.043369147926568985,3.0936691761016846
3xDZ-kdGE3o_1,3xDZ-kdGE3o,10-20s,65.0,10.0,6,layer2,-1.221774697303772,-2.9473185539245605,0.04986339434981346,3.241120632737875,0.3241120632737875,0.04986339434981346,2.9473185539245605
3xDZ-kdGE3o_1,3xDZ-kdGE3o,10-20s,65.0,10.0,9,layer1,-3.4308254718780518,-2.7220606803894043,0.06168409064412117,4.009465891867876,0.4009465891867876,0.06168409064412117,2.7220606803894043
3xDZ-kdGE3o_1,3xDZ-kdGE3o,10-20s,65.0,10.0,9,layer2,-1.4249908924102783,-3.1668572425842285,0.040432170033454895,2.628091052174568,0.2628091052174568,0.040432170033454895,3.1668572425842285
3xDZ-kdGE3o_2,3xDZ-kdGE3o,2-5s,65.0,3.0,1,layer1,-2.3672573566436768,-3.108419895172119,0.04276127368211746,2.779482789337635,0.926494263112545,0.04276127368211746,3.108419895172119
3xDZ-kdGE3o_2,3xDZ-kdGE3o,2-5s,65.0,3.0,1,layer2,-1.4282687902450562,-3.195992946624756,0.03931679204106331,2.555591482669115,0.8518638275563717,0.03931679204106331,3.195992946624756
3xDZ-kdGE3o_2,3xDZ-kdGE3o,2-5s,65.0,3.0,4,layer1,-0.39180126786231995,-2.9165873527526855,0.05133965611457825,3.337077647447586,1.112359215815862,0.05133965611457825,2.9165873527526855
3xDZ-kdGE3o_2,3xDZ-kdGE3o,2-5s,65.0,3.0,4,layer2,-1.2080225944519043,-3.0070908069610596,0.047106560319662094,3.061926420778036,1.0206421402593453,0.047106560319662094,3.0070908069610596
3xDZ-kdGE3o_2,3xDZ-kdGE3o,2-5s,65.0,3.0,5,layer1,-2.700133800506592,-2.9185593128204346,0.05124369636178017,3.330840263515711,1.1102800878385704,0.05124369636178017,2.9185593128204346
3xDZ-kdGE3o_2,3xDZ-kdGE3o,2-5s,65.0,3.0,5,layer2,-1.4699722528457642,-2.9733994007110596,0.048642173409461975,3.1617412716150284,1.0539137572050095,0.048642173409461975,2.9733994007110596
3xDZ-kdGE3o_2,3xDZ-kdGE3o,2-5s,65.0,3.0,7,layer1,-5.135806083679199,-3.468348264694214,0.030226359143853188,1.9647133443504572,0.654904448116819,0.030226359143853188,3.468348264694214
3xDZ-kdGE3o_2,3xDZ-kdGE3o,2-5s,65.0,3.0,7,layer2,-1.467979073524475,-3.289767026901245,0.03592390939593315,2.335054110735655,0.7783513702452183,0.03592390939593315,3.289767026901245
4CAMv5nlr-0_1,4CAMv5nlr-0,2-5s,113.0,3.0,3,layer1,-3.243837356567383,-3.2797446250915527,0.03627264127135277,4.098808463662863,1.366269487887621,0.03627264127135277,3.2797446250915527
4CAMv5nlr-0_1,4CAMv5nlr-0,2-5s,113.0,3.0,3,layer2,-1.3515211343765259,-3.3811440467834473,0.03288998454809189,3.7165682539343834,1.2388560846447945,0.03288998454809189,3.3811440467834473
4CAMv5nlr-0_1,4CAMv5nlr-0,2-5s,113.0,3.0,7,layer1,-4.917675971984863,-3.250218152999878,0.03731904923915863,4.217052564024925,1.4056841880083084,0.03731904923915863,3.250218152999878
4CAMv5nlr-0_1,4CAMv5nlr-0,2-5s,113.0,3.0,7,layer2,-1.4545490741729736,-3.6249589920043945,0.025958392769098282,2.933298382908106,0.9777661276360353,0.025958392769098282,3.6249589920043945
4CAMv5nlr-0_2,4CAMv5nlr-0,2-5s,113.0,3.0,0,layer1,-2.1028966903686523,-3.5572235584259033,0.027727171778678894,3.133170410990715,1.044390136996905,0.027727171778678894,3.5572235584259033
4CAMv5nlr-0_2,4CAMv5nlr-0,2-5s,113.0,3.0,0,layer2,-1.061214804649353,-3.3686561584472656,0.033289529383182526,3.7617168202996254,1.2539056067665417,0.033289529383182526,3.3686561584472656
4CAMv5nlr-0_2,4CAMv5nlr-0,2-5s,113.0,3.0,7,layer1,-4.929399490356445,-3.26194167137146,0.03690014407038689,4.169716279953718,1.3899054266512394,0.03690014407038689,3.26194167137146
4CAMv5nlr-0_2,4CAMv5nlr-0,2-5s,113.0,3.0,7,layer2,-1.730664610862732,-3.6571731567382812,0.025156192481517792,2.8426497504115105,0.9475499168038368,0.025156192481517792,3.6571731567382812
4IeDBwyQ9ZQ_4,4IeDBwyQ9ZQ,2-5s,300.0,3.0,3,layer1,-3.425835371017456,-3.461742639541626,0.030420593917369843,9.126178175210953,3.0420593917369843,0.030420593917369843,3.461742639541626
4IeDBwyQ9ZQ_4,4IeDBwyQ9ZQ,2-5s,300.0,3.0,3,layer2,-1.516012191772461,-3.621630907058716,0.026042673736810684,7.812802121043205,2.6042673736810684,0.026042673736810684,3.621630907058716
4UPOUGVMlEs_1,4UPOUGVMlEs,5-10s,84.0,5.0,6,layer1,-4.537480354309082,-2.8571865558624268,0.05431101843714714,4.56212554872036,0.912425109744072,0.05431101843714714,2.8571865558624268
4UPOUGVMlEs_1,4UPOUGVMlEs,5-10s,84.0,5.0,6,layer2,-1.9291470050811768,-3.15665602684021,0.04082981124520302,3.4297041445970535,0.6859408289194107,0.04082981124520302,3.15665602684021
4UPOUGVMlEs_1,4UPOUGVMlEs,5-10s,84.0,5.0,7,layer1,-4.523436546325684,-2.8559787273406982,0.05437308922410011,4.5673394948244095,0.9134678989648819,0.05437308922410011,2.8559787273406982
4UPOUGVMlEs_1,4UPOUGVMlEs,5-10s,84.0,5.0,7,layer2,-1.625314712524414,-3.4508607387542725,0.030743202194571495,2.5824289843440056,0.5164857968688011,0.030743202194571495,3.4508607387542725
4UPOUGVMlEs_2,4UPOUGVMlEs,5-10s,84.0,5.0,4,layer1,-0.6705619692802429,-3.195348024368286,0.03934115916490555,3.304657369852066,0.6609314739704132,0.03934115916490555,3.195348024368286
4UPOUGVMlEs_2,4UPOUGVMlEs,5-10s,84.0,5.0,4,layer2,-1.5875880718231201,-3.6012136936187744,0.026565589010715485,2.2315094769001007,0.44630189538002013,0.026565589010715485,3.6012136936187744
4UPOUGVMlEs_2,4UPOUGVMlEs,5-10s,84.0,5.0,6,layer1,-4.837613105773926,-3.1573193073272705,0.04080384597182274,3.42752306163311,0.685504612326622,0.04080384597182274,3.1573193073272705
4UPOUGVMlEs_2,4UPOUGVMlEs,5-10s,84.0,5.0,6,layer2,-1.839386224746704,-3.375800848007202,0.03306036815047264,2.777070924639702,0.5554141849279404,0.03306036815047264,3.375800848007202
4UPOUGVMlEs_2,4UPOUGVMlEs,5-10s,84.0,5.0,8,layer1,-3.5148704051971436,-3.385658025741577,0.032746706157922745,2.7507233172655106,0.5501446634531021,0.032746706157922745,3.385658025741577
4UPOUGVMlEs_2,4UPOUGVMlEs,5-10s,84.0,5.0,8,layer2,-1.3476372957229614,-3.092621326446533,0.043412648141384125,3.6466624438762665,0.7293324887752533,0.043412648141384125,3.092621326446533
4UPOUGVMlEs_4,4UPOUGVMlEs,5-10s,84.0,7.0,0,layer1,-2.236994981765747,-3.691321849822998,0.024332195520401,2.043904423713684,0.291986346244812,0.024332195520401,3.691321849822998
4UPOUGVMlEs_4,4UPOUGVMlEs,5-10s,84.0,7.0,0,layer2,-0.7530742883682251,-3.366241455078125,0.033367324620485306,2.8028552681207657,0.40040789544582367,0.033367324620485306,3.366241455078125
4UPOUGVMlEs_4,4UPOUGVMlEs,5-10s,84.0,7.0,3,layer1,-3.31968355178833,-3.3555908203125,0.033712562173604965,2.831855222582817,0.4045507460832596,0.033712562173604965,3.3555908203125
4UPOUGVMlEs_4,4UPOUGVMlEs,5-10s,84.0,7.0,3,layer2,-1.3016548156738281,-3.311105728149414,0.035192158073186874,2.9561412781476974,0.4223058968782425,0.035192158073186874,3.311105728149414
4s2rRnu2PZo_1,4s2rRnu2PZo,20s+,150.0,21.0,1,layer1,-1.9444313049316406,-2.685593843460083,0.06382880359888077,9.574320539832115,0.4559200257062912,0.06382880359888077,2.685593843460083
4s2rRnu2PZo_1,4s2rRnu2PZo,20s+,150.0,21.0,1,layer2,-1.438400387763977,-2.730451822280884,0.06120019406080246,9.180029109120369,0.43714424329144613,0.06120019406080246,2.730451822280884
4s2rRnu2PZo_1,4s2rRnu2PZo,20s+,150.0,21.0,7,layer1,-4.793900489807129,-3.1264426708221436,0.04202960059046745,6.304440088570118,0.3002114327890532,0.04202960059046745,3.1264426708221436
4s2rRnu2PZo_1,4s2rRnu2PZo,20s+,150.0,21.0,7,layer2,-1.4254719018936157,-2.869558334350586,0.05367908254265785,8.051862381398678,0.3834220181618418,0.05367908254265785,2.869558334350586
4s2rRnu2PZo_2,4s2rRnu2PZo,5-10s,150.0,7.0,0,layer1,-1.5568970441818237,-3.011223793029785,0.04692138731479645,7.038208097219467,1.005458299602781,0.04692138731479645,3.011223793029785
4s2rRnu2PZo_2,4s2rRnu2PZo,5-10s,150.0,7.0,0,layer2,-1.1791211366653442,-2.8973097801208496,0.05228671059012413,7.8430065885186195,1.120429512645517,0.05228671059012413,2.8973097801208496
4xrL4TSgHwU_1,4xrL4TSgHwU,5-10s,126.0,8.0,6,layer1,-4.525874614715576,-2.845580816268921,0.05491019785404205,6.918684929609299,0.8648356162011623,0.05491019785404205,2.845580816268921
4xrL4TSgHwU_1,4xrL4TSgHwU,5-10s,126.0,8.0,6,layer2,-1.630843997001648,-2.8596839904785156,0.05418289080262184,6.827044241130352,0.853380530141294,0.05418289080262184,2.8596839904785156
4xrL4TSgHwU_1,4xrL4TSgHwU,5-10s,126.0,8.0,8,layer1,-1.290871262550354,-1.1616590023040771,0.23836597800254822,30.034113228321075,3.7542641535401344,0.23836597800254822,1.1616590023040771
4xrL4TSgHwU_1,4xrL4TSgHwU,5-10s,126.0,8.0,8,layer2,-1.5925970077514648,-2.0378711223602295,0.11528368294239044,14.525744050741196,1.8157180063426495,0.11528368294239044,2.0378711223602295
4xrL4TSgHwU_2,4xrL4TSgHwU,20s+,126.0,88.0,8,layer1,1.928376317024231,2.057588577270508,0.8867121338844299,111.72572886943817,1.2696105553345247,0.11328786611557007,2.057588577270508
4xrL4TSgHwU_2,4xrL4TSgHwU,20s+,126.0,88.0,8,layer2,-0.4776313602924347,1.1416823863983154,0.757988452911377,95.5065450668335,1.0853016484867444,0.24201154708862305,1.1416823863983154
52IxrdTxGs4_1,52IxrdTxGs4,20s+,213.0,36.0,5,layer1,-1.851911187171936,-2.0703368186950684,0.11201352626085281,23.85888109356165,0.6627466970433792,0.11201352626085281,2.0703368186950684
52IxrdTxGs4_1,52IxrdTxGs4,20s+,213.0,36.0,5,layer2,-1.8029040098190308,-3.2289915084838867,0.03808917850255966,8.112995021045208,0.22536097280681133,0.03808917850255966,3.2289915084838867
52IxrdTxGs4_1,52IxrdTxGs4,20s+,213.0,36.0,7,layer1,-3.2687935829162598,-1.6013357639312744,0.16779500246047974,35.740335524082184,0.9927870978911718,0.16779500246047974,1.6013357639312744
52IxrdTxGs4_1,52IxrdTxGs4,20s+,213.0,36.0,7,layer2,-1.5710316896438599,-1.6884655952453613,0.1559777408838272,33.223258808255196,0.922868300229311,0.1559777408838272,1.6884655952453613
59VP93Tzjmg_1,59VP93Tzjmg,5-10s,172.0,5.0,7,layer1,-4.658102035522461,-2.9906442165374756,0.04785032570362091,8.230256021022797,1.6460512042045594,0.04785032570362091,2.9906442165374756
59VP93Tzjmg_1,59VP93Tzjmg,5-10s,172.0,5.0,7,layer2,-1.6555708646774292,-3.1432178020477295,0.041359350085258484,7.113808214664459,1.4227616429328918,0.041359350085258484,3.1432178020477295
5G6b_QWL3nY_1,5G6b_QWL3nY,10-20s,246.0,17.0,9,layer1,-3.2735164165496826,-2.564751625061035,0.07144168764352798,17.574655160307884,1.033803244723993,0.07144168764352798,2.564751625061035
5G6b_QWL3nY_1,5G6b_QWL3nY,10-20s,246.0,17.0,9,layer2,-1.351410984992981,-3.1497650146484375,0.04110053926706314,10.110732659697533,0.5947489799822078,0.04110053926706314,3.1497650146484375
5G6b_QWL3nY_3,5G6b_QWL3nY,2-5s,246.0,4.0,7,layer1,-4.967872619628906,-3.300414800643921,0.035556960850954056,8.747012369334698,2.1867530923336744,0.035556960850954056,3.300414800643921
5G6b_QWL3nY_3,5G6b_QWL3nY,2-5s,246.0,4.0,7,layer2,-1.3637546300888062,-3.1995162963867188,0.039183925837278366,9.639245755970478,2.4098114389926195,0.039183925837278366,3.1995162963867188
5I8lmN8rwDM_2,5I8lmN8rwDM,10-20s,299.0,16.0,7,layer1,-4.085519790649414,-2.4180619716644287,0.08180570602416992,24.459906101226807,1.5287441313266754,0.08180570602416992,2.4180619716644287
5I8lmN8rwDM_2,5I8lmN8rwDM,10-20s,299.0,16.0,7,layer2,-1.6725977659225464,-2.475666046142578,0.07758178561925888,23.196953900158405,1.4498096187599003,0.07758178561925888,2.475666046142578
5K1mISHwggI_1,5K1mISHwggI,10-20s,220.0,13.0,0,layer1,-0.45164406299591064,-1.9059709310531616,0.12943418323993683,28.475520312786102,2.1904246394450846,0.12943418323993683,1.9059709310531616
5K1mISHwggI_1,5K1mISHwggI,10-20s,220.0,13.0,0,layer2,-0.6563150882720947,-1.7436175346374512,0.14885401725769043,32.747883796691895,2.519067984360915,0.14885401725769043,1.7436175346374512
5K1mISHwggI_1,5K1mISHwggI,10-20s,220.0,13.0,2,layer1,-3.588918447494507,-3.2151741981506348,0.038598667830228806,8.491706922650337,0.6532082248192567,0.038598667830228806,3.2151741981506348
5K1mISHwggI_1,5K1mISHwggI,10-20s,220.0,13.0,2,layer2,-0.5964593291282654,-3.6848459243774414,0.02448640577495098,5.387009270489216,0.4143853284991704,0.02448640577495098,3.6848459243774414
5OM3tJh51pE_1,5OM3tJh51pE,5-10s,97.0,6.0,2,layer1,-4.412816047668457,-4.039071559906006,0.01730894297361374,1.6789674684405327,0.27982791140675545,0.01730894297361374,4.039071559906006
5OM3tJh51pE_1,5OM3tJh51pE,5-10s,97.0,6.0,2,layer2,-0.9294379353523254,-4.011013507843018,0.017792711034417152,1.7258929703384638,0.287648828389744,0.017792711034417152,4.011013507843018
5QZ0NtdoKJ8_1,5QZ0NtdoKJ8,20s+,286.0,63.0,6,layer1,-5.144696235656738,-3.464402437210083,0.030342236161231995,8.67787954211235,0.13774411971606906,0.030342236161231995,3.464402437210083
5QZ0NtdoKJ8_1,5QZ0NtdoKJ8,20s+,286.0,63.0,6,layer2,-1.8901550769805908,-3.760197162628174,0.022749558091163635,6.5063736140728,0.1032757716519492,0.022749558091163635,3.760197162628174
5t6tSW0yT40_2,5t6tSW0yT40,10-20s,299.0,10.0,8,layer1,-3.387045383453369,-3.2578330039978027,0.037046436220407486,11.076884429901838,1.1076884429901839,0.037046436220407486,3.2578330039978027
5t6tSW0yT40_2,5t6tSW0yT40,10-20s,299.0,10.0,8,layer2,-1.6214638948440552,-3.473827362060547,0.03006616421043873,8.98978309892118,0.898978309892118,0.03006616421043873,3.473827362060547
5ye0X5saadg_1,5ye0X5saadg,10-20s,300.0,17.0,2,layer1,-4.141388893127441,-3.7676446437835693,0.022584576159715652,6.775372847914696,0.3985513439949821,0.022584576159715652,3.7676446437835693
5ye0X5saadg_1,5ye0X5saadg,10-20s,300.0,17.0,2,layer2,-0.9211111664772034,-3.8052072525024414,0.02177009917795658,6.531029753386974,0.3841782207874691,0.02177009917795658,3.8052072525024414
63KW_EQ72yU_1,63KW_EQ72yU,20s+,104.0,84.0,4,layer1,-0.5300955176353455,-3.0548815727233887,0.045007191598415375,4.680747926235199,0.055723189598038084,0.045007191598415375,3.0548815727233887
63KW_EQ72yU_1,63KW_EQ72yU,20s+,104.0,84.0,4,layer2,-0.7356849908828735,-2.966115951538086,0.04898032918572426,5.093954235315323,0.06064231232518241,0.04898032918572426,2.966115951538086
6Nvu6EcpdE8_1,6Nvu6EcpdE8,20s+,211.0,21.0,8,layer1,-2.682840347290039,-2.5536279678344727,0.07218313217163086,15.230640888214111,0.7252686137244815,0.07218313217163086,2.5536279678344727
6Nvu6EcpdE8_1,6Nvu6EcpdE8,20s+,211.0,21.0,8,layer2,-1.2567652463912964,-2.289400100708008,0.09200464934110641,19.412981010973454,0.9244276671892121,0.09200464934110641,2.289400100708008
6ZwYgzcN6Is_2,6ZwYgzcN6Is,2-5s,97.0,3.0,0,layer1,-1.80364191532135,-3.2579689025878906,0.03704158961772919,3.593034192919731,1.197678064306577,0.03704158961772919,3.2579689025878906
6ZwYgzcN6Is_2,6ZwYgzcN6Is,2-5s,97.0,3.0,0,layer2,-1.3701647520065308,-3.2984108924865723,0.03562574461102486,3.455697227269411,1.1518990757564704,0.03562574461102486,3.2984108924865723
6ZwYgzcN6Is_2,6ZwYgzcN6Is,2-5s,97.0,3.0,3,layer1,-3.0370121002197266,-3.0729193687438965,0.04423822835087776,4.291108150035143,1.4303693833450477,0.04423822835087776,3.0729193687438965
6ZwYgzcN6Is_2,6ZwYgzcN6Is,2-5s,97.0,3.0,3,layer2,-1.4771174192428589,-3.0976054668426514,0.04320613667368889,4.190995257347822,1.3969984191159408,0.04320613667368889,3.0976054668426514
6ZwYgzcN6Is_2,6ZwYgzcN6Is,2-5s,97.0,3.0,4,layer1,-0.3687688410282135,-2.893554925918579,0.05247308686375618,5.089889425784349,1.696629808594783,0.05247308686375618,2.893554925918579
6ZwYgzcN6Is_2,6ZwYgzcN6Is,2-5s,97.0,3.0,4,layer2,-1.2001985311508179,-3.1083929538726807,0.04276237636804581,4.147950507700443,1.3826501692334812,0.04276237636804581,3.1083929538726807
6ZwYgzcN6Is_2,6ZwYgzcN6Is,2-5s,97.0,3.0,8,layer1,-3.5397536754608154,-3.410541296005249,0.031967643648386,3.100861433893442,1.0336204779644806,0.031967643648386,3.410541296005249
6ZwYgzcN6Is_2,6ZwYgzcN6Is,2-5s,97.0,3.0,8,layer2,-1.3900326490402222,-3.3227596282958984,0.034798599779605865,3.375464178621769,1.1251547262072563,0.034798599779605865,3.3227596282958984
6i5eQOpFk_U_1,6i5eQOpFk_U,20s+,238.0,57.0,6,layer1,-3.088076114654541,-1.4077823162078857,0.1965840756893158,46.78701001405716,0.8208247370887221,0.1965840756893158,1.4077823162078857
6i5eQOpFk_U_1,6i5eQOpFk_U,20s+,238.0,57.0,6,layer2,-1.8648508787155151,-1.3722901344299316,0.20225009322166443,48.135522186756134,0.8444828453816866,0.20225009322166443,1.3722901344299316
6i5eQOpFk_U_2,6i5eQOpFk_U,10-20s,238.0,12.0,7,layer1,-5.002070426940918,-3.3346126079559326,0.034402672201395035,8.187835983932018,0.6823196653276682,0.034402672201395035,3.3346126079559326
6i5eQOpFk_U_2,6i5eQOpFk_U,10-20s,238.0,12.0,7,layer2,-1.32500159740448,-3.0320544242858887,0.04599858820438385,10.947663992643356,0.9123053327202797,0.04599858820438385,3.0320544242858887
79XDcI6xZm0_1,79XDcI6xZm0,10-20s,176.0,19.0,7,layer1,-4.97567081451416,-3.308212995529175,0.03529050946235657,6.211129665374756,0.32690156133551346,0.03529050946235657,3.308212995529175
79XDcI6xZm0_1,79XDcI6xZm0,10-20s,176.0,19.0,7,layer2,-1.8791241645812988,-3.412938117980957,0.03189355507493019,5.613265693187714,0.2954350364835639,0.03189355507493019,3.412938117980957
79XDcI6xZm0_2,79XDcI6xZm0,5-10s,176.0,9.0,6,layer1,-5.016298294067383,-3.3360044956207275,0.03435646370053291,6.046737611293793,0.6718597345881991,0.03435646370053291,3.3360044956207275
79XDcI6xZm0_2,79XDcI6xZm0,5-10s,176.0,9.0,6,layer2,-1.4157671928405762,-3.106623888015747,0.04283485189080238,7.5389339327812195,0.8376593258645799,0.04283485189080238,3.106623888015747
7JWHbs3gu1w_3,7JWHbs3gu1w,5-10s,296.0,5.0,5,layer1,-1.3253997564315796,-1.543825387954712,0.1759798675775528,52.09004080295563,10.418008160591125,0.1759798675775528,1.543825387954712
7JWHbs3gu1w_3,7JWHbs3gu1w,5-10s,296.0,5.0,5,layer2,-0.9404677748680115,-1.7091917991638184,0.15326857566833496,45.36749839782715,9.07349967956543,0.15326857566833496,1.7091917991638184
7MLERaOgK_Y_1,7MLERaOgK_Y,20s+,299.0,38.0,1,layer1,-1.9678303003311157,-2.7089927196502686,0.06244479492306709,18.67099368199706,0.4913419389999227,0.06244479492306709,2.7089927196502686
7MLERaOgK_Y_1,7MLERaOgK_Y,20s+,299.0,38.0,1,layer2,-1.274208903312683,-2.5865883827209473,0.07000657171010971,20.931964941322803,0.5508411826663896,0.07000657171010971,2.5865883827209473
7MLERaOgK_Y_1,7MLERaOgK_Y,20s+,299.0,38.0,6,layer1,-4.867314338684082,-3.1870205402374268,0.039657093584537506,11.857470981776714,0.31203871004675565,0.039657093584537506,3.1870205402374268
7MLERaOgK_Y_1,7MLERaOgK_Y,20s+,299.0,38.0,6,layer2,-1.4950636625289917,-3.147859573364258,0.04117570072412491,12.311534516513348,0.3239877504345618,0.04117570072412491,3.147859573364258
7MLERaOgK_Y_1,7MLERaOgK_Y,20s+,299.0,38.0,7,layer1,-4.565424919128418,-2.8979671001434326,0.05225415155291557,15.623991314321756,0.411157666166362,0.05225415155291557,2.8979671001434326
7MLERaOgK_Y_1,7MLERaOgK_Y,20s+,299.0,38.0,7,layer2,-1.4154728651046753,-2.763949394226074,0.059303659945726395,17.731794323772192,0.46662616641505766,0.059303659945726395,2.763949394226074
7MLERaOgK_Y_3,7MLERaOgK_Y,10-20s,299.0,11.0,1,layer1,-2.32393741607666,-3.0650999546051025,0.04457002133131027,13.326436378061771,1.2114942161874338,0.04457002133131027,3.0650999546051025
7MLERaOgK_Y_3,7MLERaOgK_Y,10-20s,299.0,11.0,1,layer2,-1.3335822820663452,-3.126224994659424,0.042038366198539734,12.56947149336338,1.1426792266693981,0.042038366198539734,3.126224994659424
7MLERaOgK_Y_3,7MLERaOgK_Y,10-20s,299.0,11.0,6,layer1,-4.545461654663086,-2.8651678562164307,0.05390254780650139,16.116861794143915,1.4651692540130832,0.05390254780650139,2.8651678562164307
7MLERaOgK_Y_3,7MLERaOgK_Y,10-20s,299.0,11.0,6,layer2,-1.5515916347503662,-3.028249740600586,0.0461658351123333,13.803584698587656,1.2548713362352415,0.0461658351123333,3.028249740600586
7P0N61TVOxE_1,7P0N61TVOxE,10-20s,299.0,15.0,4,layer1,-0.7025507092475891,-3.2273366451263428,0.03814985603094101,11.406806953251362,0.7604537968834241,0.03814985603094101,3.2273366451263428
7P0N61TVOxE_1,7P0N61TVOxE,10-20s,299.0,15.0,4,layer2,-1.6180305480957031,-4.0255279541015625,0.01754082180559635,5.244705719873309,0.34964704799155394,0.01754082180559635,4.0255279541015625
7XXSOzDQ2z0_1,7XXSOzDQ2z0,10-20s,297.0,12.0,0,layer1,-1.0147119760513306,-2.469038963317871,0.07805737107992172,23.18303921073675,1.9319199342280626,0.07805737107992172,2.469038963317871
7XXSOzDQ2z0_1,7XXSOzDQ2z0,10-20s,297.0,12.0,0,layer2,-0.8592540621757507,-2.270519495010376,0.09359412640333176,27.79745554178953,2.316454628482461,0.09359412640333176,2.270519495010376
7bO0AJI-ihs_1,7bO0AJI-ihs,2-5s,65.0,3.0,0,layer1,-2.075766086578369,-3.53009295463562,0.028468016535043716,1.8504210747778416,0.6168070249259472,0.028468016535043716,3.53009295463562
7bO0AJI-ihs_1,7bO0AJI-ihs,2-5s,65.0,3.0,0,layer2,-1.4481168985366821,-3.7295713424682617,0.02344047650694847,1.5236309729516506,0.5078769909838835,0.02344047650694847,3.7295713424682617
7bO0AJI-ihs_2,7bO0AJI-ihs,2-5s,65.0,4.0,8,layer1,-2.9755499362945557,-2.8463375568389893,0.05487094074487686,3.566611148416996,0.891652787104249,0.05487094074487686,2.8463375568389893
7bO0AJI-ihs_2,7bO0AJI-ihs,2-5s,65.0,4.0,8,layer2,-1.3579045534133911,-2.5597081184387207,0.07177697867155075,4.665503613650799,1.1663759034126997,0.07177697867155075,2.5597081184387207
7upINC4seBw_1,7upINC4seBw,2-5s,182.0,3.0,1,layer1,-2.4795844554901123,-3.2207469940185547,0.03839239850640297,6.98741652816534,2.3291388427217803,0.03839239850640297,3.2207469940185547
7upINC4seBw_1,7upINC4seBw,2-5s,182.0,3.0,1,layer2,-1.36184823513031,-3.1996216773986816,0.0391799621284008,7.130753107368946,2.3769177024563155,0.0391799621284008,3.1996216773986816
83j4GgHXTLE_2,83j4GgHXTLE,5-10s,220.0,6.0,4,layer1,-0.5660768151283264,-3.09086275100708,0.04348573461174965,9.566861614584923,1.5944769357641537,0.04348573461174965,3.09086275100708
83j4GgHXTLE_2,83j4GgHXTLE,5-10s,220.0,6.0,4,layer2,-1.3688291311264038,-3.2318520545959473,0.03798450902104378,8.356591984629631,1.3927653307716052,0.03798450902104378,3.2318520545959473
83j4GgHXTLE_2,83j4GgHXTLE,5-10s,220.0,6.0,5,layer1,-3.090660810470581,-3.309086322784424,0.03526078537106514,7.757372781634331,1.2928954636057217,0.03526078537106514,3.309086322784424
83j4GgHXTLE_2,83j4GgHXTLE,5-10s,220.0,6.0,5,layer2,-1.4061039686203003,-3.1633591651916504,0.04056810587644577,8.92498329281807,1.4874972154696782,0.04056810587644577,3.1633591651916504
8DQfjqPCTI8_1,8DQfjqPCTI8,20s+,299.0,21.0,4,layer1,-0.349211186170578,-2.873997211456299,0.053454041481018066,15.982758402824402,0.7610837334678286,0.053454041481018066,2.873997211456299
8DQfjqPCTI8_1,8DQfjqPCTI8,20s+,299.0,21.0,4,layer2,-0.7902669310569763,-3.022948741912842,0.04639982804656029,13.873548585921526,0.6606451707581679,0.04639982804656029,3.022948741912842
8DQfjqPCTI8_1,8DQfjqPCTI8,20s+,299.0,21.0,8,layer1,-3.533838987350464,-3.4046266078948975,0.03215118497610092,9.613204307854176,0.4577716337073417,0.03215118497610092,3.4046266078948975
8DQfjqPCTI8_1,8DQfjqPCTI8,20s+,299.0,21.0,8,layer2,-1.5193747282028198,-3.2336034774780273,0.03792056441307068,11.338248759508133,0.5399166075956254,0.03792056441307068,3.2336034774780273
8GHLfJ6y6zA_2,8GHLfJ6y6zA,5-10s,300.0,5.0,6,layer1,-4.520296573638916,-2.8400027751922607,0.05520039424300194,16.56011827290058,3.3120236545801163,0.05520039424300194,2.8400027751922607
8GHLfJ6y6zA_2,8GHLfJ6y6zA,5-10s,300.0,5.0,6,layer2,-1.5845175981521606,-3.428380012512207,0.03142019361257553,9.42605808377266,1.8852116167545319,0.03142019361257553,3.428380012512207
8OTd45_6cvY_2,8OTd45_6cvY,2-5s,299.0,2.0,7,layer1,-4.9455742835998535,-3.278116464614868,0.03632960096001625,10.862550687044859,5.4312753435224295,0.03632960096001625,3.278116464614868
8OTd45_6cvY_2,8OTd45_6cvY,2-5s,299.0,2.0,7,layer2,-1.5708073377609253,-3.457266330718994,0.030552899464964867,9.135316940024495,4.567658470012248,0.030552899464964867,3.457266330718994
8OTd45_6cvY_3,8OTd45_6cvY,5-10s,299.0,6.0,0,layer1,-1.9130781888961792,-3.3674049377441406,0.03332981839776039,9.965615700930357,1.6609359501550596,0.03332981839776039,3.3674049377441406
8OTd45_6cvY_3,8OTd45_6cvY,5-10s,299.0,6.0,0,layer2,-0.6631826758384705,-2.923652172088623,0.05099666118621826,15.24800169467926,2.5413336157798767,0.05099666118621826,2.923652172088623
8OTd45_6cvY_3,8OTd45_6cvY,5-10s,299.0,6.0,7,layer1,-4.583864212036133,-2.9164063930511475,0.05134847015142441,15.353192575275898,2.55886542921265,0.05134847015142441,2.9164063930511475
8OTd45_6cvY_3,8OTd45_6cvY,5-10s,299.0,6.0,7,layer2,-1.5707707405090332,-2.8305892944335938,0.05569339543581009,16.652325235307217,2.7753875392178693,0.05569339543581009,2.8305892944335938
8OTd45_6cvY_4,8OTd45_6cvY,2-5s,299.0,4.0,1,layer1,-2.6471211910247803,-3.3882837295532227,0.03266363963484764,9.766428250819445,2.441607062704861,0.03266363963484764,3.3882837295532227
8OTd45_6cvY_4,8OTd45_6cvY,2-5s,299.0,4.0,1,layer2,-0.9562300443649292,-3.234403610229492,0.03789138421416283,11.329523880034685,2.8323809700086713,0.03789138421416283,3.234403610229492
8b9z7N25DmU_1,8b9z7N25DmU,2-5s,268.0,2.0,6,layer1,-4.884618282318115,-3.20432448387146,0.03900330886244774,10.452886775135994,5.226443387567997,0.03900330886244774,3.20432448387146
8b9z7N25DmU_1,8b9z7N25DmU,2-5s,268.0,2.0,6,layer2,-1.4925845861434937,-3.045419216156006,0.04541565105319023,12.171394482254982,6.085697241127491,0.04541565105319023,3.045419216156006
8o-Y4QP8LWs_1,8o-Y4QP8LWs,20s+,300.0,30.0,1,layer1,-2.574824571609497,-3.3159871101379395,0.03502679243683815,10.508037731051445,0.3502679243683815,0.03502679243683815,3.3159871101379395
8o-Y4QP8LWs_1,8o-Y4QP8LWs,20s+,300.0,30.0,1,layer2,-1.274017333984375,-3.4601802825927734,0.030466709285974503,9.14001278579235,0.304667092859745,0.030466709285974503,3.4601802825927734
8o-Y4QP8LWs_3,8o-Y4QP8LWs,20s+,300.0,134.0,2,layer1,-3.662736415863037,-3.288992166519165,0.035950757563114166,10.78522726893425,0.08048677066368844,0.035950757563114166,3.288992166519165
8o-Y4QP8LWs_3,8o-Y4QP8LWs,20s+,300.0,134.0,2,layer2,-0.9848030209541321,-4.082096576690674,0.016592111438512802,4.977633431553841,0.037146518145924186,0.016592111438512802,4.082096576690674
8ycflE3dIHw_2,8ycflE3dIHw,2-5s,299.0,2.0,4,layer1,-1.6267452239990234,-4.151531219482422,0.015496378764510155,4.633417250588536,2.316708625294268,0.015496378764510155,4.151531219482422
8ycflE3dIHw_2,8ycflE3dIHw,2-5s,299.0,2.0,4,layer2,-1.3839446306228638,-4.08280611038208,0.01658053882420063,4.957581108435988,2.478790554217994,0.01658053882420063,4.08280611038208
9F3sutgYTvo_1,9F3sutgYTvo,2-5s,69.0,4.0,0,layer1,-1.582815170288086,-3.037142038345337,0.045775845646858215,3.158533349633217,0.7896333374083042,0.045775845646858215,3.037142038345337
9F3sutgYTvo_1,9F3sutgYTvo,2-5s,69.0,4.0,0,layer2,-1.1061683893203735,-2.8958992958068848,0.05235665291547775,3.612609051167965,0.9031522627919912,0.05235665291547775,2.8958992958068848
9F3sutgYTvo_1,9F3sutgYTvo,2-5s,69.0,4.0,5,layer1,-2.553783655166626,-2.7722091674804688,0.05884455144405365,4.060274049639702,1.0150685124099255,0.05884455144405365,2.7722091674804688
9F3sutgYTvo_1,9F3sutgYTvo,2-5s,69.0,4.0,5,layer2,-1.4290900230407715,-2.7367300987243652,0.06084046885371208,4.197992350906134,1.0494980877265334,0.06084046885371208,2.7367300987243652
9F3sutgYTvo_1,9F3sutgYTvo,2-5s,69.0,4.0,8,layer1,-2.886784315109253,-2.7575719356536865,0.05966043099761009,4.116569738835096,1.029142434708774,0.05966043099761009,2.7575719356536865
9F3sutgYTvo_1,9F3sutgYTvo,2-5s,69.0,4.0,8,layer2,-1.3631489276885986,-2.7288951873779297,0.061289697885513306,4.228989154100418,1.0572472885251045,0.061289697885513306,2.7288951873779297
9PN4gyxpH2M_1,9PN4gyxpH2M,10-20s,212.0,17.0,3,layer1,-2.6788713932037354,-2.7147786617279053,0.0621069073677063,13.166664361953735,0.7745096683502197,0.0621069073677063,2.7147786617279053
9PN4gyxpH2M_1,9PN4gyxpH2M,10-20s,212.0,17.0,3,layer2,-0.860254168510437,-2.715733051300049,0.06205133721232414,13.154883489012718,0.7738166758242775,0.06205133721232414,2.715733051300049
9PN4gyxpH2M_1,9PN4gyxpH2M,10-20s,212.0,17.0,7,layer1,-4.086480140686035,-2.41902232170105,0.0817335993051529,17.327523052692413,1.019266061923083,0.0817335993051529,2.41902232170105
9PN4gyxpH2M_1,9PN4gyxpH2M,10-20s,212.0,17.0,7,layer2,-1.9797993898391724,-3.769866943359375,0.022535571828484535,4.7775412276387215,0.2810318369199248,0.022535571828484535,3.769866943359375
9U8COLzEegs_3,9U8COLzEegs,5-10s,300.0,6.0,5,layer1,-2.925889015197754,-3.1443145275115967,0.04131588712334633,12.394766137003899,2.0657943561673164,0.04131588712334633,3.1443145275115967
9U8COLzEegs_3,9U8COLzEegs,5-10s,300.0,6.0,5,layer2,-1.3587276935577393,-3.0685689449310303,0.044422537088394165,13.32676112651825,2.2211268544197083,0.044422537088394165,3.0685689449310303
9ZZHvwaH-CU_3,9ZZHvwaH-CU,5-10s,299.0,9.0,0,layer1,-1.8698121309280396,-3.32413911819458,0.034752294421195984,10.3909360319376,1.1545484479930666,0.034752294421195984,3.32413911819458
9ZZHvwaH-CU_3,9ZZHvwaH-CU,5-10s,299.0,9.0,0,layer2,-0.7258637547492981,-2.7697432041168213,0.058981265872716904,17.635398495942354,1.9594887217713728,0.058981265872716904,2.7697432041168213
9dLLsZVRSZI_1,9dLLsZVRSZI,0-2s,225.0,1.0,4,layer1,-1.4310826063156128,-3.955868721008301,0.018782496452331543,4.226061701774597,4.226061701774597,0.018782496452331543,3.955868721008301
9dLLsZVRSZI_1,9dLLsZVRSZI,0-2s,225.0,1.0,4,layer2,-1.2060903310775757,-3.800346851348877,0.021873850375413895,4.921616334468126,4.921616334468126,0.021873850375413895,3.800346851348877
9dLLsZVRSZI_1,9dLLsZVRSZI,0-2s,225.0,1.0,8,layer1,-3.5722591876983643,-3.443046808242798,0.030976897105574608,6.969801848754287,6.969801848754287,0.030976897105574608,3.443046808242798
9dLLsZVRSZI_1,9dLLsZVRSZI,0-2s,225.0,1.0,8,layer2,-1.8652085065841675,-3.9475836753845215,0.018935799598693848,4.260554909706116,4.260554909706116,0.018935799598693848,3.9475836753845215
9hxFqltp3xw_1,9hxFqltp3xw,5-10s,72.0,7.0,8,layer1,-1.034166693687439,-0.9049543738365173,0.2880334258079529,20.738406658172607,2.9626295225960866,0.2880334258079529,0.9049543738365173
9hxFqltp3xw_1,9hxFqltp3xw,5-10s,72.0,7.0,8,layer2,-0.6251059174537659,-0.440670907497406,0.39158108830451965,28.193838357925415,4.027691193989345,0.39158108830451965,0.440670907497406
9ucb5HYO8ps_1,9ucb5HYO8ps,10-20s,238.0,11.0,1,layer1,-1.6308003664016724,-2.371962785720825,0.08533581346273422,20.309923604130745,1.8463566912846132,0.08533581346273422,2.371962785720825
9ucb5HYO8ps_1,9ucb5HYO8ps,10-20s,238.0,11.0,1,layer2,-1.1667969226837158,-2.2435245513916016,0.0959094911813736,22.826458901166916,2.0751326273788107,0.0959094911813736,2.2435245513916016
9ucb5HYO8ps_1,9ucb5HYO8ps,10-20s,238.0,11.0,5,layer1,-1.5810660123825073,-1.7994916439056396,0.14191296696662903,33.77528613805771,3.0704805580052463,0.14191296696662903,1.7994916439056396
9ucb5HYO8ps_1,9ucb5HYO8ps,10-20s,238.0,11.0,5,layer2,-0.8040990233421326,-1.890300989151001,0.13121014833450317,31.228015303611755,2.8389104821465234,0.13121014833450317,1.890300989151001
9ucb5HYO8ps_1,9ucb5HYO8ps,10-20s,238.0,11.0,9,layer1,-3.276548385620117,-2.5677835941314697,0.07124081254005432,16.95531338453293,1.5413921258666299,0.07124081254005432,2.5677835941314697
9ucb5HYO8ps_1,9ucb5HYO8ps,10-20s,238.0,11.0,9,layer2,-0.934805691242218,-2.523613929748535,0.0742192491889,17.6641813069582,1.6058346642689272,0.0742192491889,2.523613929748535
9vZDsGjyh5M_1,9vZDsGjyh5M,2-5s,117.0,2.0,0,layer1,-2.091179132461548,-3.545506000518799,0.028044812381267548,3.281243048608303,1.6406215243041515,0.028044812381267548,3.545506000518799
9vZDsGjyh5M_1,9vZDsGjyh5M,2-5s,117.0,2.0,0,layer2,-1.7039849758148193,-3.799497365951538,0.021892031654715538,2.561367703601718,1.280683851800859,0.021892031654715538,3.799497365951538
9vZDsGjyh5M_1,9vZDsGjyh5M,2-5s,117.0,2.0,4,layer1,-1.7103594541549683,-4.235145568847656,0.014271088875830173,1.6697173984721303,0.8348586992360651,0.014271088875830173,4.235145568847656
9vZDsGjyh5M_1,9vZDsGjyh5M,2-5s,117.0,2.0,4,layer2,-1.627350926399231,-4.905900478363037,0.007348375394940376,0.859759921208024,0.429879960604012,0.007348375394940376,4.905900478363037
9z8XIRyUq9Q_1,9z8XIRyUq9Q,5-10s,299.0,6.0,5,layer1,-3.530359983444214,-3.7487854957580566,0.023004651069641113,6.878390669822693,1.1463984449704487,0.023004651069641113,3.7487854957580566
9z8XIRyUq9Q_1,9z8XIRyUq9Q,5-10s,299.0,6.0,5,layer2,-0.6931234002113342,-3.363844633102417,0.03344471752643585,9.99997054040432,1.6666617567340534,0.03344471752643585,3.363844633102417
A61Mry8zBwE_2,A61Mry8zBwE,10-20s,132.0,11.0,1,layer1,-2.330063819885254,-3.0712263584136963,0.044309861958026886,5.848901778459549,0.5317183434963226,0.044309861958026886,3.0712263584136963
A61Mry8zBwE_2,A61Mry8zBwE,10-20s,132.0,11.0,1,layer2,-1.6983298063278198,-3.216825246810913,0.03853744640946388,5.0869429260492325,0.4624493569135666,0.03853744640946388,3.216825246810913
A61Mry8zBwE_2,A61Mry8zBwE,10-20s,132.0,11.0,6,layer1,-4.8271484375,-3.1468546390533447,0.04121539369225502,5.440431967377663,0.49458472430706024,0.04121539369225502,3.1468546390533447
A61Mry8zBwE_2,A61Mry8zBwE,10-20s,132.0,11.0,6,layer2,-2.1566267013549805,-3.5098342895507812,0.029033705592155457,3.8324491381645203,0.3484044671058655,0.029033705592155457,3.5098342895507812
A61Mry8zBwE_2,A61Mry8zBwE,10-20s,132.0,11.0,7,layer1,-4.941627025604248,-3.2741692066192627,0.03646804392337799,4.813781797885895,0.4376165270805359,0.03646804392337799,3.2741692066192627
A61Mry8zBwE_2,A61Mry8zBwE,10-20s,132.0,11.0,7,layer2,-1.746019721031189,-3.2875101566314697,0.036002155393362045,4.75228451192379,0.43202586472034454,0.036002155393362045,3.2875101566314697
A61Mry8zBwE_2,A61Mry8zBwE,10-20s,132.0,11.0,8,layer1,-3.0811305046081543,-2.951918125152588,0.04964593052864075,6.553262829780579,0.595751166343689,0.04964593052864075,2.951918125152588
A61Mry8zBwE_2,A61Mry8zBwE,10-20s,132.0,11.0,8,layer2,-2.043721914291382,-3.1688666343688965,0.04035428166389465,5.326765179634094,0.48425137996673584,0.04035428166389465,3.1688666343688965
A61Mry8zBwE_3,A61Mry8zBwE,10-20s,132.0,10.0,4,layer1,-0.5571845173835754,-3.081970453262329,0.043857112526893616,5.789138853549957,0.5789138853549958,0.043857112526893616,3.081970453262329
A61Mry8zBwE_3,A61Mry8zBwE,10-20s,132.0,10.0,4,layer2,-0.8579563498497009,-2.889486789703369,0.052675724029541016,6.953195571899414,0.6953195571899414,0.052675724029541016,2.889486789703369
AKHZMg9ba30_1,AKHZMg9ba30,10-20s,115.0,13.0,7,layer1,-4.120827674865723,-2.4533698558807373,0.07919246703386307,9.107133708894253,0.7005487468380195,0.07919246703386307,2.4533698558807373
AKHZMg9ba30_1,AKHZMg9ba30,10-20s,115.0,13.0,7,layer2,-1.492422103881836,-2.0296847820281982,0.11612126976251602,13.353946022689342,1.0272266171299493,0.11612126976251602,2.0296847820281982
AWGnTI0e2Fs_2,AWGnTI0e2Fs,20s+,300.0,66.0,1,layer1,-1.1215261220932007,-1.8626885414123535,0.1343899816274643,40.31699448823929,0.6108635528521105,0.1343899816274643,1.8626885414123535
AWGnTI0e2Fs_2,AWGnTI0e2Fs,20s+,300.0,66.0,1,layer2,-0.9681475758552551,-1.3256374597549438,0.20988188683986664,62.96456605195999,0.9540085765448484,0.20988188683986664,1.3256374597549438
AagLJkfrFMk_1,AagLJkfrFMk,5-10s,78.0,8.0,6,layer1,-4.900585651397705,-3.22029185295105,0.03840920701622963,2.995918147265911,0.3744897684082389,0.03840920701622963,3.22029185295105
AagLJkfrFMk_1,AagLJkfrFMk,5-10s,78.0,8.0,6,layer2,-1.329955816268921,-2.9868245124816895,0.048024654388427734,3.7459230422973633,0.4682403802871704,0.048024654388427734,2.9868245124816895
AgaiowyYt88_1,AgaiowyYt88,20s+,70.0,23.0,8,layer1,-3.8424975872039795,-3.713285207748413,0.023816190659999847,1.6671333461999893,0.07248405853043431,0.023816190659999847,3.713285207748413
AgaiowyYt88_1,AgaiowyYt88,20s+,70.0,23.0,8,layer2,-1.3011735677719116,-3.4780807495117188,0.029942378401756287,2.09596648812294,0.09112897774447566,0.029942378401756287,3.4780807495117188
Aj_VMUSNjNM_2,Aj_VMUSNjNM,0-2s,150.0,1.0,0,layer1,-1.1733615398406982,-2.627688407897949,0.06737755984067917,10.106633976101875,10.106633976101875,0.06737755984067917,2.627688407897949
Aj_VMUSNjNM_2,Aj_VMUSNjNM,0-2s,150.0,1.0,0,layer2,-2.1203510761260986,-3.991037607192993,0.01814519613981247,2.7217794209718704,2.7217794209718704,0.01814519613981247,3.991037607192993
Aj_VMUSNjNM_2,Aj_VMUSNjNM,0-2s,150.0,1.0,9,layer1,-4.239057540893555,-3.5302927494049072,0.028462490066885948,4.269373510032892,4.269373510032892,0.028462490066885948,3.5302927494049072
Aj_VMUSNjNM_2,Aj_VMUSNjNM,0-2s,150.0,1.0,9,layer2,-0.8791497349739075,-3.5060877799987793,0.029139511287212372,4.370926693081856,4.370926693081856,0.029139511287212372,3.5060877799987793
AtkD-3GjXMw_1,AtkD-3GjXMw,2-5s,132.0,2.0,9,layer1,-3.8297946453094482,-3.121029853820801,0.04224808141589165,5.5767467468976974,2.7883733734488487,0.04224808141589165,3.121029853820801
AtkD-3GjXMw_1,AtkD-3GjXMw,2-5s,132.0,2.0,9,layer2,-1.5527671575546265,-3.7752294540405273,0.022417748346924782,2.959142781794071,1.4795713908970356,0.022417748346924782,3.7752294540405273
Axd__X2rixk_2,Axd__X2rixk,5-10s,267.0,5.0,0,layer1,-1.745997667312622,-3.200324535369873,0.03915351256728172,10.45398785546422,2.090797571092844,0.03915351256728172,3.200324535369873
Axd__X2rixk_2,Axd__X2rixk,5-10s,267.0,5.0,0,layer2,-1.4746018648147583,-3.177608013153076,0.04001712426543236,10.68457217887044,2.136914435774088,0.04001712426543236,3.177608013153076
Axd__X2rixk_2,Axd__X2rixk,5-10s,267.0,5.0,5,layer1,-3.1983978748321533,-3.416823387145996,0.03177381306886673,8.483608089387417,1.6967216178774833,0.03177381306886673,3.416823387145996
Axd__X2rixk_2,Axd__X2rixk,5-10s,267.0,5.0,5,layer2,-1.202512264251709,-3.220715284347534,0.038393568247556686,10.251082722097635,2.050216544419527,0.038393568247556686,3.220715284347534
B4SZwi9Ce3o_3,B4SZwi9Ce3o,5-10s,116.0,7.0,8,layer1,-3.643902063369751,-3.5146896839141846,0.02889714203774929,3.3520684763789177,0.47886692519698826,0.02889714203774929,3.5146896839141846
B4SZwi9Ce3o_3,B4SZwi9Ce3o,5-10s,116.0,7.0,8,layer2,-1.7331041097640991,-3.454071283340454,0.030647678300738335,3.555130682885647,0.5078758118408067,0.030647678300738335,3.454071283340454
BA-lFjpzad4_1,BA-lFjpzad4,2-5s,64.0,4.0,5,layer1,-2.587780714035034,-2.806206226348877,0.05698972940444946,3.6473426818847656,0.9118356704711914,0.05698972940444946,2.806206226348877
BA-lFjpzad4_1,BA-lFjpzad4,2-5s,64.0,4.0,5,layer2,-0.6353628039360046,-2.393234968185425,0.08369001746177673,5.356161117553711,1.3390402793884277,0.08369001746177673,2.393234968185425
BA-lFjpzad4_1,BA-lFjpzad4,2-5s,64.0,4.0,7,layer1,-4.270452976226807,-2.6029951572418213,0.06894590705633163,4.412538051605225,1.1031345129013062,0.06894590705633163,2.6029951572418213
BA-lFjpzad4_1,BA-lFjpzad4,2-5s,64.0,4.0,7,layer2,-1.213060736656189,-2.201113700866699,0.09965052455663681,6.377633571624756,1.594408392906189,0.09965052455663681,2.201113700866699
BA-lFjpzad4_3,BA-lFjpzad4,2-5s,64.0,3.0,1,layer1,-2.5910117626190186,-3.332174301147461,0.034483764320611954,2.206960916519165,0.7356536388397217,0.034483764320611954,3.332174301147461
BA-lFjpzad4_3,BA-lFjpzad4,2-5s,64.0,3.0,1,layer2,-1.1835812330245972,-3.2084531784057617,0.03884885087609291,2.4863264560699463,0.8287754853566488,0.03884885087609291,3.2084531784057617
BA-lFjpzad4_3,BA-lFjpzad4,2-5s,64.0,3.0,4,layer1,-1.07205331325531,-3.596839427947998,0.026678942143917084,1.7074522972106934,0.5691507657368978,0.026678942143917084,3.596839427947998
BA-lFjpzad4_3,BA-lFjpzad4,2-5s,64.0,3.0,4,layer2,-0.4830451011657715,-3.3426876068115234,0.03413543477654457,2.1846678256988525,0.7282226085662842,0.03413543477654457,3.3426876068115234
BA-lFjpzad4_3,BA-lFjpzad4,2-5s,64.0,3.0,6,layer1,-5.231420516967773,-3.551126718521118,0.027892006561160088,1.7850884199142456,0.5950294733047485,0.027892006561160088,3.551126718521118
BA-lFjpzad4_3,BA-lFjpzad4,2-5s,64.0,3.0,6,layer2,-1.304524540901184,-3.3214054107666016,0.034844111651182175,2.230023145675659,0.7433410485585531,0.034844111651182175,3.3214054107666016
BA-lFjpzad4_4,BA-lFjpzad4,2-5s,64.0,2.0,3,layer1,-2.795475721359253,-2.831382989883423,0.05565166473388672,3.56170654296875,1.780853271484375,0.05565166473388672,2.831382989883423
BA-lFjpzad4_4,BA-lFjpzad4,2-5s,64.0,2.0,3,layer2,-0.7994176745414734,-2.8022799491882324,0.057201091200113297,3.660869836807251,1.8304349184036255,0.057201091200113297,2.8022799491882324
BA-lFjpzad4_4,BA-lFjpzad4,2-5s,64.0,2.0,4,layer1,-0.9655644297599792,-3.4903504848480225,0.029588039964437485,1.893634557723999,0.9468172788619995,0.029588039964437485,3.4903504848480225
BA-lFjpzad4_4,BA-lFjpzad4,2-5s,64.0,2.0,4,layer2,-0.4066307246685028,-2.7976038455963135,0.05745379626750946,3.6770429611206055,1.8385214805603027,0.05745379626750946,2.7976038455963135
BA-lFjpzad4_4,BA-lFjpzad4,2-5s,64.0,2.0,5,layer1,-2.758439779281616,-2.976865291595459,0.04848203435540199,3.1028501987457275,1.5514250993728638,0.04848203435540199,2.976865291595459
BA-lFjpzad4_4,BA-lFjpzad4,2-5s,64.0,2.0,5,layer2,-0.5802892446517944,-2.507296562194824,0.07534824311733246,4.822287559509277,2.4111437797546387,0.07534824311733246,2.507296562194824
BA-lFjpzad4_5,BA-lFjpzad4,5-10s,64.0,6.0,5,layer1,-2.919814109802246,-3.138239622116089,0.041557177901268005,2.6596593856811523,0.4432765642801921,0.041557177901268005,3.138239622116089
BA-lFjpzad4_5,BA-lFjpzad4,5-10s,64.0,6.0,5,layer2,-0.7397319674491882,-2.8261468410491943,0.055927496403455734,3.579359769821167,0.5965599616368612,0.055927496403455734,2.8261468410491943
BDpU2Qh77NE_2,BDpU2Qh77NE,5-10s,248.0,5.0,0,layer1,-0.7924410700798035,-2.246767997741699,0.09562861919403076,23.71589756011963,4.743179512023926,0.09562861919403076,2.246767997741699
BDpU2Qh77NE_2,BDpU2Qh77NE,5-10s,248.0,5.0,0,layer2,-1.4368172883987427,-2.528637647628784,0.07387480139732361,18.320950746536255,3.664190149307251,0.07387480139732361,2.528637647628784
BGEMgl1xjac_1,BGEMgl1xjac,20s+,299.0,46.0,5,layer1,-1.0514942407608032,-1.2699198722839355,0.2192709594964981,65.56201688945293,1.4252612367272377,0.2192709594964981,1.2699198722839355
BGEMgl1xjac_1,BGEMgl1xjac,20s+,299.0,46.0,5,layer2,-0.14673857390880585,-0.6633449196815491,0.3399886190891266,101.65659710764885,2.209926024079323,0.3399886190891266,0.6633449196815491
BUAPM4D3-h8_1,BUAPM4D3-h8,5-10s,299.0,6.0,1,layer1,-2.5599145889282227,-3.301077127456665,0.03553425520658493,10.624742306768894,1.7707903844614823,0.03553425520658493,3.301077127456665
BUAPM4D3-h8_1,BUAPM4D3-h8,5-10s,299.0,6.0,1,layer2,-1.4933513402938843,-3.745030403137207,0.023089200258255005,6.9036708772182465,1.1506118128697078,0.023089200258255005,3.745030403137207
BUAPM4D3-h8_1,BUAPM4D3-h8,5-10s,299.0,6.0,8,layer1,-3.7194931507110596,-3.590280771255493,0.026849782094359398,8.02808484621346,1.3380141410355766,0.026849782094359398,3.590280771255493
BUAPM4D3-h8_1,BUAPM4D3-h8,5-10s,299.0,6.0,8,layer2,-1.3407059907913208,-3.5326051712036133,0.02839861623942852,8.491186255589128,1.4151977092648547,0.02839861623942852,3.5326051712036133
BXxlqaDvdaA_1,BXxlqaDvdaA,5-10s,116.0,9.0,4,layer1,-1.2408076524734497,-3.7655935287475586,0.02262989617884159,2.6250679567456245,0.2916742174161805,0.02262989617884159,3.7655935287475586
BXxlqaDvdaA_1,BXxlqaDvdaA,5-10s,116.0,9.0,4,layer2,-0.6098639965057373,-3.766484022140503,0.02261020801961422,2.6227841302752495,0.29142045891947216,0.02261020801961422,3.766484022140503
BXxlqaDvdaA_1,BXxlqaDvdaA,5-10s,116.0,9.0,6,layer1,-3.2661592960357666,-1.5858654975891113,0.16996638476848602,19.71610063314438,2.1906778481271534,0.16996638476848602,1.5858654975891113
BXxlqaDvdaA_1,BXxlqaDvdaA,5-10s,116.0,9.0,6,layer2,-1.7215982675552368,-1.6614004373550415,0.15957409143447876,18.510594606399536,2.056732734044393,0.15957409143447876,1.6614004373550415
BlbGXalLNVU_1,BlbGXalLNVU,10-20s,299.0,11.0,7,layer1,-4.993461608886719,-3.3260037899017334,0.03468979895114899,10.372249886393547,0.9429318078539588,0.03468979895114899,3.3260037899017334
BlbGXalLNVU_1,BlbGXalLNVU,10-20s,299.0,11.0,7,layer2,-1.5960413217544556,-3.2116026878356934,0.038731418550014496,11.580694146454334,1.0527903769503941,0.038731418550014496,3.2116026878356934
Bn4lc01q9vE_1,Bn4lc01q9vE,5-10s,87.0,8.0,4,layer1,-0.8328273892402649,-3.3576133251190186,0.03364674001932144,2.9272663816809654,0.3659082977101207,0.03364674001932144,3.3576133251190186
Bn4lc01q9vE_1,Bn4lc01q9vE,5-10s,87.0,8.0,4,layer2,-1.9136121273040771,-4.492310047149658,0.01107081864029169,0.9631612217053771,0.12039515271317214,0.01107081864029169,4.492310047149658
Bvw2gv1fcZw_1,Bvw2gv1fcZw,5-10s,290.0,5.0,3,layer1,-3.09684681892395,-3.13275408744812,0.04177621752023697,12.115103080868721,2.423020616173744,0.04177621752023697,3.13275408744812
Bvw2gv1fcZw_1,Bvw2gv1fcZw,5-10s,290.0,5.0,3,layer2,-1.1063297986984253,-3.1271448135375977,0.04200133681297302,12.180387675762177,2.4360775351524353,0.04200133681297302,3.1271448135375977
BwnGxJD9xh8_1,BwnGxJD9xh8,5-10s,123.0,6.0,0,layer1,-1.338786005973816,-2.7931127548217773,0.05769748613238335,7.096790794283152,1.1827984657138586,0.05769748613238335,2.7931127548217773
BwnGxJD9xh8_1,BwnGxJD9xh8,5-10s,123.0,6.0,0,layer2,-1.0981436967849731,-2.667670249938965,0.0649082288146019,7.9837121441960335,1.330618690699339,0.0649082288146019,2.667670249938965
BwnGxJD9xh8_1,BwnGxJD9xh8,5-10s,123.0,6.0,6,layer1,-3.9620866775512695,-2.2817928791046143,0.09264213591814041,11.39498271793127,1.8991637863218784,0.09264213591814041,2.2817928791046143
BwnGxJD9xh8_1,BwnGxJD9xh8,5-10s,123.0,6.0,6,layer2,-1.594077706336975,-2.0130200386047363,0.1178426593542099,14.494647100567818,2.415774516761303,0.1178426593542099,2.0130200386047363
C8kR19NvynA_1,C8kR19NvynA,2-5s,299.0,4.0,0,layer1,-1.9613219499588013,-3.415648937225342,0.031809963285923004,9.511179022490978,2.3777947556227446,0.031809963285923004,3.415648937225342
C8kR19NvynA_1,C8kR19NvynA,2-5s,299.0,4.0,0,layer2,-1.5905630588531494,-3.5824246406555176,0.02705582045018673,8.089690314605832,2.022422578651458,0.02705582045018673,3.5824246406555176
C9NC7wJ7C3w_3,C9NC7wJ7C3w,20s+,299.0,54.0,9,layer1,-1.5454529523849487,-0.836688220500946,0.3022327423095703,90.36758995056152,1.6734738879733615,0.3022327423095703,0.836688220500946
C9NC7wJ7C3w_3,C9NC7wJ7C3w,20s+,299.0,54.0,9,layer2,-0.6027418971061707,-0.9512795209884644,0.27862754464149475,83.30963584780693,1.542771034218647,0.27862754464149475,0.9512795209884644
CBwXKOpJY_o_1,CBwXKOpJY_o,10-20s,158.0,11.0,0,layer1,-2.1979758739471436,-3.6523027420043945,0.025275910273194313,3.9935938231647015,0.3630539839240638,0.025275910273194313,3.6523027420043945
CBwXKOpJY_o_1,CBwXKOpJY_o,10-20s,158.0,11.0,0,layer2,-0.7776653170585632,-3.276357889175415,0.03639121726155281,5.749812327325344,0.5227102115750313,0.03639121726155281,3.276357889175415
CBwXKOpJY_o_1,CBwXKOpJY_o,10-20s,158.0,11.0,2,layer1,-4.218756198883057,-3.8450119495391846,0.020938357338309288,3.3082604594528675,0.3007509508593516,0.020938357338309288,3.8450119495391846
CBwXKOpJY_o_1,CBwXKOpJY_o,10-20s,158.0,11.0,2,layer2,-1.283383846282959,-4.797267913818359,0.008184719830751419,1.2931857332587242,0.11756233938715675,0.008184719830751419,4.797267913818359
CBwXKOpJY_o_1,CBwXKOpJY_o,10-20s,158.0,11.0,4,layer1,-0.8926027417182922,-3.417388677597046,0.03175642341375351,5.0175148993730545,0.4561377181248231,0.03175642341375351,3.417388677597046
CBwXKOpJY_o_1,CBwXKOpJY_o,10-20s,158.0,11.0,4,layer2,-1.0910075902938843,-3.356313705444336,0.033689022064208984,5.3228654861450195,0.48389686237681995,0.033689022064208984,3.356313705444336
CO6-i8NLbeo_2,CO6-i8NLbeo,2-5s,187.0,3.0,1,layer1,-2.6157963275909424,-3.3569588661193848,0.033668022602796555,6.295920226722956,2.0986400755743184,0.033668022602796555,3.3569588661193848
CO6-i8NLbeo_2,CO6-i8NLbeo,2-5s,187.0,3.0,1,layer2,-1.7358380556106567,-3.690455913543701,0.02435275912284851,4.5539659559726715,1.5179886519908905,0.02435275912284851,3.690455913543701
CO6-i8NLbeo_2,CO6-i8NLbeo,2-5s,187.0,3.0,8,layer1,-3.5499379634857178,-3.4207255840301514,0.03165397793054581,5.919293873012066,1.9730979576706886,0.03165397793054581,3.4207255840301514
CO6-i8NLbeo_2,CO6-i8NLbeo,2-5s,187.0,3.0,8,layer2,-1.806873083114624,-3.502075672149658,0.02925322763621807,5.470353567972779,1.8234511893242598,0.02925322763621807,3.502075672149658
C_ga5m6nOhI_1,C_ga5m6nOhI,20s+,96.0,45.0,0,layer1,-2.3295533657073975,-3.7838802337646484,0.022228945046663284,2.1339787244796753,0.047421749432881674,0.022228945046663284,3.7838802337646484
C_ga5m6nOhI_1,C_ga5m6nOhI,20s+,96.0,45.0,0,layer2,-0.9018912315368652,-3.4946513175964355,0.029464799910783768,2.8286207914352417,0.06285823980967203,0.029464799910783768,3.4946513175964355
Cbe2B6ohBpw_1,Cbe2B6ohBpw,2-5s,60.0,3.0,9,layer1,-3.4027225971221924,-2.693957805633545,0.06333083659410477,3.799850195646286,1.2666167318820953,0.06333083659410477,2.693957805633545
Cbe2B6ohBpw_1,Cbe2B6ohBpw,2-5s,60.0,3.0,9,layer2,-0.8649778962135315,-2.6981611251831055,0.06308194994926453,3.7849169969558716,1.2616389989852905,0.06308194994926453,2.6981611251831055
Cbe2B6ohBpw_2,Cbe2B6ohBpw,2-5s,60.0,2.0,8,layer1,-3.282633066177368,-3.1534206867218018,0.040956705808639526,2.4574023485183716,1.2287011742591858,0.040956705808639526,3.1534206867218018
Cbe2B6ohBpw_2,Cbe2B6ohBpw,2-5s,60.0,2.0,8,layer2,-1.2013264894485474,-3.026927947998047,0.04622407257556915,2.773444354534149,1.3867221772670746,0.04622407257556915,3.026927947998047
Cbe2B6ohBpw_3,Cbe2B6ohBpw,10-20s,60.0,14.0,5,layer1,-3.012988805770874,-3.231414318084717,0.03800051286816597,2.280030772089958,0.16285934086356843,0.03800051286816597,3.231414318084717
Cbe2B6ohBpw_3,Cbe2B6ohBpw,10-20s,60.0,14.0,5,layer2,-1.2709846496582031,-3.1003785133361816,0.04309164732694626,2.5854988396167755,0.18467848854405539,0.04309164732694626,3.1003785133361816
Cbe2B6ohBpw_4,Cbe2B6ohBpw,5-10s,60.0,6.0,9,layer1,-3.5474746227264404,-2.838709831237793,0.05526785925030708,3.316071555018425,0.5526785925030708,0.05526785925030708,2.838709831237793
Cbe2B6ohBpw_4,Cbe2B6ohBpw,5-10s,60.0,6.0,9,layer2,-1.2124747037887573,-2.567012071609497,0.07129188627004623,4.277513176202774,0.7129188627004623,0.07129188627004623,2.567012071609497
CvNAwby6Xos_2,CvNAwby6Xos,5-10s,299.0,9.0,0,layer1,-0.9835101962089539,-2.4378371238708496,0.08033255487680435,24.0194339081645,2.668825989796056,0.08033255487680435,2.4378371238708496
CvNAwby6Xos_2,CvNAwby6Xos,5-10s,299.0,9.0,0,layer2,-1.016094446182251,-2.452780246734619,0.07923547178506851,23.691406063735485,2.632378451526165,0.07923547178506851,2.452780246734619
D1Sy7kRoaR8_2,D1Sy7kRoaR8,5-10s,284.0,9.0,2,layer1,-4.464885234832764,-4.0911407470703125,0.016445184126496315,4.6704322919249535,0.5189369213249948,0.016445184126496315,4.0911407470703125
D1Sy7kRoaR8_2,D1Sy7kRoaR8,5-10s,284.0,9.0,2,layer2,-1.1107679605484009,-4.305093288421631,0.013319813646376133,3.7828270755708218,0.42031411950786907,0.013319813646376133,4.305093288421631
D1Sy7kRoaR8_2,D1Sy7kRoaR8,5-10s,284.0,9.0,4,layer1,-0.9702255129814148,-3.495011568069458,0.02945449762046337,8.365077324211597,0.9294530360235108,0.02945449762046337,3.495011568069458
D1Sy7kRoaR8_2,D1Sy7kRoaR8,5-10s,284.0,9.0,4,layer2,-1.2702490091323853,-3.5534071922302246,0.02783024124801159,7.903788514435291,0.8781987238261435,0.02783024124801159,3.5534071922302246
D1Sy7kRoaR8_2,D1Sy7kRoaR8,5-10s,284.0,9.0,7,layer1,-5.389830589294434,-3.7223727703094482,0.023605827242136,6.7040549367666245,0.7448949929740694,0.023605827242136,3.7223727703094482
D1Sy7kRoaR8_2,D1Sy7kRoaR8,5-10s,284.0,9.0,7,layer2,-1.499935269355774,-3.6479649543762207,0.0253829974681139,7.208771280944347,0.8009745867715942,0.0253829974681139,3.6479649543762207
D2Xc_jZllDY_2,D2Xc_jZllDY,2-5s,299.0,2.0,1,layer1,-2.8974459171295166,-3.638608455657959,0.025615496560931206,7.6590334717184305,3.8295167358592153,0.025615496560931206,3.638608455657959
D2Xc_jZllDY_2,D2Xc_jZllDY,2-5s,299.0,2.0,1,layer2,-1.0122015476226807,-3.3646764755249023,0.03341783583164215,9.991932913661003,4.995966456830502,0.03341783583164215,3.3646764755249023
D2Xc_jZllDY_2,D2Xc_jZllDY,2-5s,299.0,2.0,6,layer1,-5.2380523681640625,-3.5577585697174072,0.027712753042578697,8.28611315973103,4.143056579865515,0.027712753042578697,3.5577585697174072
D2Xc_jZllDY_2,D2Xc_jZllDY,2-5s,299.0,2.0,6,layer2,-1.4880989789962769,-3.736637592315674,0.02327926829457283,6.960501220077276,3.480250610038638,0.02327926829457283,3.736637592315674
D4s5aHrsBgs_1,D4s5aHrsBgs,10-20s,300.0,12.0,9,layer1,-3.7982170581817627,-3.0894522666931152,0.04354444146156311,13.063332438468933,1.0886110365390778,0.04354444146156311,3.0894522666931152
D4s5aHrsBgs_1,D4s5aHrsBgs,10-20s,300.0,12.0,9,layer2,-1.635703682899475,-3.6230220794677734,0.026007412001490593,7.802223600447178,0.6501853000372648,0.026007412001490593,3.6230220794677734
D4s5aHrsBgs_4,D4s5aHrsBgs,5-10s,300.0,9.0,4,layer1,-0.552701473236084,-3.0774874687194824,0.04404548555612564,13.213645666837692,1.4681828518708546,0.04404548555612564,3.0774874687194824
D4s5aHrsBgs_4,D4s5aHrsBgs,5-10s,300.0,9.0,4,layer2,-0.9381619691848755,-2.9844846725463867,0.04813174530863762,14.439523592591286,1.6043915102879207,0.04813174530863762,2.9844846725463867
D4s5aHrsBgs_5,D4s5aHrsBgs,10-20s,300.0,16.0,2,layer1,-4.07680606842041,-3.703061819076538,0.024055033922195435,7.21651017665863,0.4510318860411644,0.024055033922195435,3.703061819076538
D4s5aHrsBgs_5,D4s5aHrsBgs,10-20s,300.0,16.0,2,layer2,-1.0565539598464966,-3.624389171600342,0.02597280591726303,7.791841775178909,0.48699011094868183,0.02597280591726303,3.624389171600342
Dc2WEiRk0rA_2,Dc2WEiRk0rA,2-5s,73.0,3.0,2,layer1,-2.6418986320495605,-2.2681543827056885,0.09379497170448303,6.847032934427261,2.282344311475754,0.09379497170448303,2.2681543827056885
Dc2WEiRk0rA_2,Dc2WEiRk0rA,2-5s,73.0,3.0,2,layer2,-1.2544611692428589,-4.234138011932373,0.014285270124673843,1.0428247191011906,0.34760823970039684,0.014285270124673843,4.234138011932373
Dn3buZWMzwY_1,Dn3buZWMzwY,2-5s,99.0,2.0,1,layer1,-2.2892303466796875,-3.03039288520813,0.046071555465459824,4.5610839910805225,2.2805419955402613,0.046071555465459824,3.03039288520813
Dn3buZWMzwY_1,Dn3buZWMzwY,2-5s,99.0,2.0,1,layer2,-1.564461350440979,-3.267543315887451,0.03670158237218857,3.6334566548466682,1.8167283274233341,0.03670158237218857,3.267543315887451
DrCm-HpX67k_1,DrCm-HpX67k,5-10s,233.0,8.0,0,layer1,-1.4623061418533325,-2.916633129119873,0.05133742839097977,11.961620815098286,1.4952026018872857,0.05133742839097977,2.916633129119873
DrCm-HpX67k_1,DrCm-HpX67k,5-10s,233.0,8.0,0,layer2,-1.2906163930892944,-2.702662467956543,0.06281643360853195,14.636229030787945,1.829528628848493,0.06281643360853195,2.702662467956543
E3D_z0aoUEg_4,E3D_z0aoUEg,2-5s,158.0,3.0,2,layer1,-4.454835891723633,-4.081091403961182,0.016608521342277527,2.6241463720798492,0.8747154573599497,0.016608521342277527,4.081091403961182
E3D_z0aoUEg_4,E3D_z0aoUEg,2-5s,158.0,3.0,2,layer2,-0.9659470915794373,-4.198418140411377,0.014797074720263481,2.33793780580163,0.7793126019338766,0.014797074720263481,4.198418140411377
E3Q1jfTeuWs_2,E3Q1jfTeuWs,2-5s,60.0,2.0,8,layer1,-2.6930277347564697,-2.5638153553009033,0.07150381803512573,4.290229082107544,2.145114541053772,0.07150381803512573,2.5638153553009033
E3Q1jfTeuWs_2,E3Q1jfTeuWs,2-5s,60.0,2.0,8,layer2,-1.9124566316604614,-2.851346731185913,0.05461173877120018,3.276704326272011,1.6383521631360054,0.05461173877120018,2.851346731185913
E3Q1jfTeuWs_3,E3Q1jfTeuWs,5-10s,60.0,5.0,1,layer1,-2.009079694747925,-2.750242233276367,0.060072969645261765,3.604378178715706,0.7208756357431412,0.060072969645261765,2.750242233276367
E3Q1jfTeuWs_3,E3Q1jfTeuWs,5-10s,60.0,5.0,1,layer2,-1.4731570482254028,-2.872718572616577,0.05351877957582474,3.2111267745494843,0.6422253549098969,0.05351877957582474,2.872718572616577
E3Q1jfTeuWs_3,E3Q1jfTeuWs,5-10s,60.0,5.0,3,layer1,-3.1844019889831543,-3.220309257507324,0.038408562541007996,2.3045137524604797,0.46090275049209595,0.038408562541007996,3.220309257507324
E3Q1jfTeuWs_3,E3Q1jfTeuWs,5-10s,60.0,5.0,3,layer2,-1.143347144126892,-3.3100123405456543,0.03522929921746254,2.1137579530477524,0.4227515906095505,0.03522929921746254,3.3100123405456543
E3Q1jfTeuWs_3,E3Q1jfTeuWs,5-10s,60.0,5.0,4,layer1,-0.6120535135269165,-3.1368393898010254,0.04161298647522926,2.496779188513756,0.49935583770275116,0.04161298647522926,3.1368393898010254
E3Q1jfTeuWs_3,E3Q1jfTeuWs,5-10s,60.0,5.0,4,layer2,-1.0466328859329224,-3.2013492584228516,0.03911497816443443,2.346898689866066,0.4693797379732132,0.03911497816443443,3.2013492584228516
E3Q1jfTeuWs_3,E3Q1jfTeuWs,5-10s,60.0,5.0,9,layer1,-3.6229629516601562,-2.914198160171509,0.051456138491630554,3.0873683094978333,0.6174736618995667,0.051456138491630554,2.914198160171509
E3Q1jfTeuWs_3,E3Q1jfTeuWs,5-10s,60.0,5.0,9,layer2,-1.1233371496200562,-3.0685155391693115,0.04442480206489563,2.665488123893738,0.5330976247787476,0.04442480206489563,3.0685155391693115
E6FH_xp3I54_1,E6FH_xp3I54,10-20s,81.0,13.0,0,layer1,-1.833868145942688,-3.2881951332092285,0.035978395491838455,2.914250034838915,0.22417307960299346,0.035978395491838455,3.2881951332092285
E6FH_xp3I54_1,E6FH_xp3I54,10-20s,81.0,13.0,0,layer2,-0.9311330318450928,-2.9815032482147217,0.04826852306723595,3.9097503684461117,0.3007500283420086,0.04826852306723595,2.9815032482147217
E6FH_xp3I54_1,E6FH_xp3I54,10-20s,81.0,13.0,1,layer1,-2.262227773666382,-3.003390312194824,0.0472729466855526,3.8291086815297604,0.29454682165613544,0.0472729466855526,3.003390312194824
E6FH_xp3I54_1,E6FH_xp3I54,10-20s,81.0,13.0,1,layer2,-1.2464226484298706,-2.8295958042144775,0.05574566870927811,4.515399165451527,0.3473383973424251,0.05574566870927811,2.8295958042144775
E6FH_xp3I54_1,E6FH_xp3I54,10-20s,81.0,13.0,3,layer1,-2.974348783493042,-3.010256052017212,0.04696468263864517,3.804139293730259,0.29262609951771223,0.04696468263864517,3.010256052017212
E6FH_xp3I54_1,E6FH_xp3I54,10-20s,81.0,13.0,3,layer2,-1.054876685142517,-2.806422233581543,0.05697811394929886,4.6152272298932076,0.35501747922255444,0.05697811394929886,2.806422233581543
E6FH_xp3I54_1,E6FH_xp3I54,10-20s,81.0,13.0,8,layer1,-3.2023303508758545,-3.073117971420288,0.04422982782125473,3.582616053521633,0.2755858502708949,0.04422982782125473,3.073117971420288
E6FH_xp3I54_1,E6FH_xp3I54,10-20s,81.0,13.0,8,layer2,-1.730143427848816,-3.165253162384033,0.04049444943666458,3.280050404369831,0.2523115695669101,0.04049444943666458,3.165253162384033
ECw5Yf7QoMo_2,ECw5Yf7QoMo,20s+,299.0,20.0,0,layer1,-1.6076689958572388,-3.0619959831237793,0.04470238834619522,13.366014115512371,0.6683007057756185,0.04470238834619522,3.0619959831237793
ECw5Yf7QoMo_2,ECw5Yf7QoMo,20s+,299.0,20.0,0,layer2,-1.5818678140640259,-3.2562761306762695,0.03710201755166054,11.0935032479465,0.5546751623973251,0.03710201755166054,3.2562761306762695
ECw5Yf7QoMo_2,ECw5Yf7QoMo,20s+,299.0,20.0,4,layer1,-0.4462452232837677,-2.9710311889648438,0.04875187948346138,14.576811965554953,0.7288405982777476,0.04875187948346138,2.9710311889648438
ECw5Yf7QoMo_2,ECw5Yf7QoMo,20s+,299.0,20.0,4,layer2,-1.408734917640686,-3.2103681564331055,0.03877741098403931,11.594445884227753,0.5797222942113877,0.03877741098403931,3.2103681564331055
ECw5Yf7QoMo_2,ECw5Yf7QoMo,20s+,299.0,20.0,6,layer1,-4.924535751342773,-3.244241952896118,0.03753434494137764,11.222769137471914,0.5611384568735958,0.03753434494137764,3.244241952896118
ECw5Yf7QoMo_2,ECw5Yf7QoMo,20s+,299.0,20.0,6,layer2,-2.1320958137512207,-3.437804698944092,0.03113463707268238,9.309256484732032,0.46546282423660157,0.03113463707268238,3.437804698944092
ECw5Yf7QoMo_4,ECw5Yf7QoMo,5-10s,299.0,6.0,1,layer1,-2.1932640075683594,-2.9344265460968018,0.05047773942351341,15.09284408763051,2.515474014605085,0.05047773942351341,2.9344265460968018
ECw5Yf7QoMo_4,ECw5Yf7QoMo,5-10s,299.0,6.0,1,layer2,-1.8276033401489258,-3.324723720550537,0.03473268821835518,10.385073777288198,1.730845629548033,0.03473268821835518,3.324723720550537
EY4p0_NJVQs_1,EY4p0_NJVQs,10-20s,299.0,12.0,4,layer1,-0.8091396689414978,-3.333925724029541,0.03442550078034401,10.293224733322859,0.8577687277769049,0.03442550078034401,3.333925724029541
EY4p0_NJVQs_1,EY4p0_NJVQs,10-20s,299.0,12.0,4,layer2,-1.5959864854812622,-4.034149646759033,0.017392858862876892,5.200464800000191,0.43337206666668254,0.017392858862876892,4.034149646759033
EY4p0_NJVQs_2,EY4p0_NJVQs,5-10s,299.0,5.0,6,layer1,-5.487208843231201,-3.806915044784546,0.021733758971095085,6.4983939323574305,1.299678786471486,0.021733758971095085,3.806915044784546
EY4p0_NJVQs_2,EY4p0_NJVQs,5-10s,299.0,5.0,6,layer2,-1.1962648630142212,-3.671417713165283,0.0248092208057642,7.417957020923495,1.4835914041846991,0.0248092208057642,3.671417713165283
EbpOXac13yo_1,EbpOXac13yo,20s+,299.0,24.0,4,layer1,-0.9657579660415649,-3.490543842315674,0.029582487419247627,8.84516373835504,0.3685484890981267,0.029582487419247627,3.490543842315674
EbpOXac13yo_1,EbpOXac13yo,20s+,299.0,24.0,4,layer2,-0.5497961640357971,-3.0259366035461426,0.0462678037583828,13.834073323756456,0.5764197218231857,0.0462678037583828,3.0259366035461426
EcihYbSlyck_1,EcihYbSlyck,10-20s,157.0,18.0,6,layer1,-4.588314056396484,-2.908020257949829,0.05175851285457611,8.12608651816845,0.4514492510093583,0.05175851285457611,2.908020257949829
EcihYbSlyck_1,EcihYbSlyck,10-20s,157.0,18.0,6,layer2,-1.336530327796936,-2.5583767890930176,0.07186572998762131,11.282919608056545,0.6268288671142526,0.07186572998762131,2.5583767890930176
EcihYbSlyck_2,EcihYbSlyck,5-10s,157.0,5.0,6,layer1,-4.046295166015625,-2.3660013675689697,0.08580227196216583,13.470956698060036,2.694191339612007,0.08580227196216583,2.3660013675689697
EcihYbSlyck_2,EcihYbSlyck,5-10s,157.0,5.0,6,layer2,-1.6313611268997192,-2.24320125579834,0.09593752026557922,15.062190681695938,3.0124381363391874,0.09593752026557922,2.24320125579834
EcihYbSlyck_2,EcihYbSlyck,5-10s,157.0,5.0,8,layer1,-2.549855947494507,-2.4206435680389404,0.0816120058298111,12.813084915280342,2.5626169830560683,0.0816120058298111,2.4206435680389404
EcihYbSlyck_2,EcihYbSlyck,5-10s,157.0,5.0,8,layer2,-1.2913349866867065,-2.3117828369140625,0.09015180170536041,14.153832867741585,2.830766573548317,0.09015180170536041,2.3117828369140625
ErxgH5g3Kx0_2,ErxgH5g3Kx0,2-5s,210.0,2.0,9,layer1,-4.713598251342773,-4.004833698272705,0.01790103130042553,3.759216573089361,1.8796082865446806,0.01790103130042553,4.004833698272705
ErxgH5g3Kx0_2,ErxgH5g3Kx0,2-5s,210.0,2.0,9,layer2,-0.6853436231613159,-3.4544758796691895,0.030635658651590347,6.433488316833973,3.2167441584169865,0.030635658651590347,3.4544758796691895
ErxgH5g3Kx0_3,ErxgH5g3Kx0,20s+,210.0,32.0,1,layer1,-2.347522497177124,-3.0886850357055664,0.04357640817761421,9.151045717298985,0.28597017866559327,0.04357640817761421,3.0886850357055664
ErxgH5g3Kx0_3,ErxgH5g3Kx0,20s+,210.0,32.0,1,layer2,-1.3853226900100708,-3.1954445838928223,0.039337512105703354,8.260877542197704,0.25815242319367826,0.039337512105703354,3.1954445838928223
EzWEO2WD_MM_2,EzWEO2WD_MM,2-5s,188.0,3.0,3,layer1,-1.4743350744247437,-1.5102423429489136,0.1809028834104538,34.009742081165314,11.336580693721771,0.1809028834104538,1.5102423429489136
EzWEO2WD_MM_2,EzWEO2WD_MM,2-5s,188.0,3.0,3,layer2,-0.511779248714447,-2.0707969665527344,0.11196776479482651,21.049939781427383,7.016646593809128,0.11196776479482651,2.0707969665527344
EzWEO2WD_MM_2,EzWEO2WD_MM,2-5s,188.0,3.0,6,layer1,-2.1874539852142334,-0.5071601867675781,0.37585949897766113,70.6615858078003,23.55386193593343,0.37585949897766113,0.5071601867675781
EzWEO2WD_MM_2,EzWEO2WD_MM,2-5s,188.0,3.0,6,layer2,-1.0779606103897095,-0.9098764061927795,0.28702512383461,53.96072328090668,17.986907760302227,0.28702512383461,0.9098764061927795
FA11v4SmdBc_1,FA11v4SmdBc,20s+,245.0,26.0,2,layer1,-4.218875885009766,-3.8451316356658936,0.0209359023720026,5.129296081140637,0.19728061850540912,0.0209359023720026,3.8451316356658936
FA11v4SmdBc_1,FA11v4SmdBc,20s+,245.0,26.0,2,layer2,-1.0462803840637207,-3.625277280807495,0.025950348004698753,6.357835261151195,0.2445321254288921,0.025950348004698753,3.625277280807495
FDwK7T1JO_0_1,FDwK7T1JO_0,10-20s,202.0,10.0,7,layer1,-4.876298904418945,-3.20884108543396,0.03883437067270279,7.844542875885963,0.7844542875885964,0.03883437067270279,3.20884108543396
FDwK7T1JO_0_1,FDwK7T1JO_0,10-20s,202.0,10.0,7,layer2,-0.7862911224365234,-3.25398588180542,0.03718392178416252,7.511152200400829,0.7511152200400829,0.03718392178416252,3.25398588180542
FDwK7T1JO_0_3,FDwK7T1JO_0,5-10s,202.0,5.0,3,layer1,-3.227930784225464,-3.263838052749634,0.03683280944824219,7.440227508544922,1.4880455017089844,0.03683280944824219,3.263838052749634
FDwK7T1JO_0_3,FDwK7T1JO_0,5-10s,202.0,5.0,3,layer2,-1.1359282732009888,-3.0860848426818848,0.04368490353226662,8.824350513517857,1.7648701027035714,0.04368490353226662,3.0860848426818848
FR7BDRhMATo_1,FR7BDRhMATo,10-20s,299.0,11.0,8,layer1,-3.583305597305298,-3.4540932178497314,0.030647026374936104,9.163460886105895,0.8330418987368996,0.030647026374936104,3.4540932178497314
FR7BDRhMATo_1,FR7BDRhMATo,10-20s,299.0,11.0,8,layer2,-1.446984887123108,-4.395399570465088,0.012183678336441517,3.6429198225960135,0.3311745293269103,0.012183678336441517,4.395399570465088
FXdoNvmrYxo_1,FXdoNvmrYxo,20s+,299.0,70.0,5,layer1,-2.416870355606079,-2.635295867919922,0.06690109521150589,20.00342746824026,0.28576324954628946,0.06690109521150589,2.635295867919922
FXdoNvmrYxo_1,FXdoNvmrYxo,20s+,299.0,70.0,5,layer2,-1.1655837297439575,-2.495615005493164,0.07616615295410156,22.773679733276367,0.3253382819039481,0.07616615295410156,2.495615005493164
FXdoNvmrYxo_1,FXdoNvmrYxo,20s+,299.0,70.0,6,layer1,-4.040321350097656,-2.360027551651001,0.08627201616764069,25.795332834124565,0.3685047547732081,0.08627201616764069,2.360027551651001
FXdoNvmrYxo_1,FXdoNvmrYxo,20s+,299.0,70.0,6,layer2,-1.4965605735778809,-2.3591158390045166,0.0863439217209816,25.816832594573498,0.3688118942081928,0.0863439217209816,2.3591158390045166
FXdoNvmrYxo_2,FXdoNvmrYxo,2-5s,299.0,4.0,6,layer1,-5.0911736488342285,-3.4108798503875732,0.03195716813206673,9.555193271487951,2.388798317871988,0.03195716813206673,3.4108798503875732
FXdoNvmrYxo_2,FXdoNvmrYxo,2-5s,299.0,4.0,6,layer2,-1.460268497467041,-3.7919862270355225,0.022053444758057594,6.593979982659221,1.6484949956648052,0.022053444758057594,3.7919862270355225
FXdoNvmrYxo_4,FXdoNvmrYxo,5-10s,299.0,6.0,5,layer1,-3.060711622238159,-3.279137134552002,0.0362938828766346,10.851870980113745,1.8086451633522909,0.0362938828766346,3.279137134552002
FXdoNvmrYxo_4,FXdoNvmrYxo,5-10s,299.0,6.0,5,layer2,-1.641856074333191,-3.446871280670166,0.03086230345070362,9.227828731760383,1.5379714552933972,0.03086230345070362,3.446871280670166
FeHndzYAUkg_2,FeHndzYAUkg,20s+,299.0,90.0,2,layer1,-3.1613011360168457,-2.7875568866729736,0.05800029635429382,17.342088609933853,0.19268987344370947,0.05800029635429382,2.7875568866729736
FeHndzYAUkg_2,FeHndzYAUkg,20s+,299.0,90.0,2,layer2,-0.9479019045829773,-4.078520774841309,0.01665055938065052,4.978517254814506,0.05531685838682784,0.01665055938065052,4.078520774841309
FfUqv0Vv3ME_2,FfUqv0Vv3ME,10-20s,297.0,16.0,2,layer1,-3.3718788623809814,-2.9981346130371094,0.047510214149951935,14.110533602535725,0.8819083501584828,0.047510214149951935,2.9981346130371094
FfUqv0Vv3ME_2,FfUqv0Vv3ME,10-20s,297.0,16.0,2,layer2,-0.9959463477134705,-4.021103858947754,0.017617227509617805,5.232316570356488,0.3270197856472805,0.017617227509617805,4.021103858947754
FfUqv0Vv3ME_2,FfUqv0Vv3ME,10-20s,297.0,16.0,9,layer1,-2.459120988845825,-1.7503561973571777,0.1480022817850113,43.956677690148354,2.747292355634272,0.1480022817850113,1.7503561973571777
FfUqv0Vv3ME_2,FfUqv0Vv3ME,10-20s,297.0,16.0,9,layer2,-1.588774561882019,-2.037452220916748,0.1153264120221138,34.2519443705678,2.1407465231604874,0.1153264120221138,2.037452220916748
G3YO2unWz7k_2,G3YO2unWz7k,10-20s,299.0,16.0,2,layer1,-3.8288002014160156,-3.4550559520721436,0.030618436634540558,9.154912553727627,0.5721820346079767,0.030618436634540558,3.4550559520721436
G3YO2unWz7k_2,G3YO2unWz7k,10-20s,299.0,16.0,2,layer2,-0.9864166975021362,-3.319300651550293,0.03491496667265892,10.439575035125017,0.6524734396953136,0.03491496667265892,3.319300651550293
GGgQR7aIofY_1,GGgQR7aIofY,2-5s,168.0,2.0,0,layer1,-1.740960955619812,-3.1952877044677734,0.03934343904256821,6.609697759151459,3.3048488795757294,0.03934343904256821,3.1952877044677734
GGgQR7aIofY_1,GGgQR7aIofY,2-5s,168.0,2.0,0,layer2,-1.2472416162490845,-3.697976589202881,0.024174708873033524,4.061351090669632,2.030675545334816,0.024174708873033524,3.697976589202881
GGgQR7aIofY_2,GGgQR7aIofY,20s+,168.0,20.0,5,layer1,-2.813429594039917,-3.0318551063537598,0.04600733518600464,7.729232311248779,0.38646161556243896,0.04600733518600464,3.0318551063537598
GGgQR7aIofY_2,GGgQR7aIofY,20s+,168.0,20.0,5,layer2,-1.7124855518341064,-3.2114882469177246,0.038735680282115936,6.507594287395477,0.32537971436977386,0.038735680282115936,3.2114882469177246
H-vTZh81qAU_1,H-vTZh81qAU,5-10s,81.0,6.0,6,layer1,-4.900084018707275,-3.21979022026062,0.03842773661017418,3.1126466654241085,0.5187744442373514,0.03842773661017418,3.21979022026062
H-vTZh81qAU_1,H-vTZh81qAU,5-10s,81.0,6.0,6,layer2,-1.885244607925415,-3.381222724914551,0.03288748115301132,2.663885973393917,0.44398099556565285,0.03288748115301132,3.381222724914551
H-vTZh81qAU_1,H-vTZh81qAU,5-10s,81.0,6.0,7,layer1,-4.790008544921875,-3.1225507259368896,0.04218658432364464,3.4171133302152157,0.5695188883692026,0.04218658432364464,3.1225507259368896
H-vTZh81qAU_1,H-vTZh81qAU,5-10s,81.0,6.0,7,layer2,-1.8942090272903442,-3.354067325592041,0.03376222401857376,2.7347401455044746,0.4557900242507458,0.03376222401857376,3.354067325592041
H7-orYrKBeo_1,H7-orYrKBeo,2-5s,93.0,4.0,6,layer1,-0.23686310648918152,1.4434306621551514,0.8089852929115295,75.23563224077225,18.808908060193062,0.19101470708847046,1.4434306621551514
H7-orYrKBeo_1,H7-orYrKBeo,2-5s,93.0,4.0,6,layer2,0.27511441707611084,2.1841654777526855,0.8988185524940491,83.59012538194656,20.89753134548664,0.10118144750595093,2.1841654777526855
HVz-FJBf_iM_1,HVz-FJBf_iM,0-2s,67.0,1.0,4,layer1,-0.21397578716278076,-2.7387619018554688,0.06072448194026947,4.0685402899980545,4.0685402899980545,0.06072448194026947,2.7387619018554688
HVz-FJBf_iM_1,HVz-FJBf_iM,0-2s,67.0,1.0,4,layer2,-1.0621834993362427,-2.787137508392334,0.05802321061491966,3.8875551111996174,3.8875551111996174,0.05802321061491966,2.787137508392334
HVz-FJBf_iM_2,HVz-FJBf_iM,10-20s,67.0,18.0,2,layer1,-3.053849935531616,-2.680105686187744,0.06415753066539764,4.298554554581642,0.23880858636564678,0.06415753066539764,2.680105686187744
HVz-FJBf_iM_2,HVz-FJBf_iM,10-20s,67.0,18.0,2,layer2,-1.6340581178665161,-4.6116719245910645,0.009837456978857517,0.6591096175834537,0.036617200976858534,0.009837456978857517,4.6116719245910645
HVz-FJBf_iM_2,HVz-FJBf_iM,10-20s,67.0,18.0,3,layer1,-2.791254758834839,-2.827162027359009,0.055873919278383255,3.743552591651678,0.20797514398064879,0.055873919278383255,2.827162027359009
HVz-FJBf_iM_2,HVz-FJBf_iM,10-20s,67.0,18.0,3,layer2,-1.106877326965332,-3.044049024581909,0.04547509178519249,3.046831149607897,0.1692683972004387,0.04547509178519249,3.044049024581909
HVz-FJBf_iM_2,HVz-FJBf_iM,10-20s,67.0,18.0,6,layer1,-4.181814670562744,-2.501520872116089,0.07575162500143051,5.075358875095844,0.28196438194976914,0.07575162500143051,2.501520872116089
HVz-FJBf_iM_2,HVz-FJBf_iM,10-20s,67.0,18.0,6,layer2,-1.8233412504196167,-2.65995717048645,0.06537795066833496,4.380322694778442,0.24335126082102457,0.06537795066833496,2.65995717048645
HZ9O6sc7cLA_1,HZ9O6sc7cLA,10-20s,268.0,10.0,9,layer1,-3.928373098373413,-3.2196083068847656,0.0384344607591629,10.300435483455658,1.0300435483455659,0.0384344607591629,3.2196083068847656
HZ9O6sc7cLA_1,HZ9O6sc7cLA,10-20s,268.0,10.0,9,layer2,-1.215954303741455,-3.448514699935913,0.03081318736076355,8.257934212684631,0.8257934212684631,0.03081318736076355,3.448514699935913
HdPSebdDxe4_1,HdPSebdDxe4,2-5s,121.0,2.0,0,layer1,-1.988799810409546,-3.443126678466797,0.030974499881267548,3.7479144856333733,1.8739572428166866,0.030974499881267548,3.443126678466797
HdPSebdDxe4_1,HdPSebdDxe4,2-5s,121.0,2.0,0,layer2,-1.0925062894821167,-3.281926155090332,0.03619645908474922,4.379771549254656,2.189885774627328,0.03619645908474922,3.281926155090332
HdPSebdDxe4_1,HdPSebdDxe4,2-5s,121.0,2.0,7,layer1,-4.911306858062744,-3.243849039077759,0.03754854202270508,4.5433735847473145,2.2716867923736572,0.03754854202270508,3.243849039077759
HdPSebdDxe4_1,HdPSebdDxe4,2-5s,121.0,2.0,7,layer2,-1.8903288841247559,-3.278324604034424,0.03632231429219246,4.3950000293552876,2.1975000146776438,0.03632231429219246,3.278324604034424
HdPSebdDxe4_1,HdPSebdDxe4,2-5s,121.0,2.0,8,layer1,-3.584476947784424,-3.4552645683288574,0.030612247064709663,3.7040818948298693,1.8520409474149346,0.030612247064709663,3.4552645683288574
HdPSebdDxe4_1,HdPSebdDxe4,2-5s,121.0,2.0,8,layer2,-1.5600428581237793,-3.4893510341644287,0.02961674891412258,3.5836266186088324,1.7918133093044162,0.02961674891412258,3.4893510341644287
HdPSebdDxe4_2,HdPSebdDxe4,10-20s,121.0,10.0,6,layer1,-5.219816207885742,-3.539522409439087,0.028208376839756966,3.413213597610593,0.34132135976105926,0.028208376839756966,3.539522409439087
HdPSebdDxe4_2,HdPSebdDxe4,10-20s,121.0,10.0,6,layer2,-1.655809998512268,-3.5155863761901855,0.028871988877654076,3.493510654196143,0.3493510654196143,0.028871988877654076,3.5155863761901855
HdPSebdDxe4_3,HdPSebdDxe4,5-10s,121.0,5.0,4,layer1,-0.23695121705532074,-2.761737108230591,0.05942719802260399,7.190690960735083,1.4381381921470164,0.05942719802260399,2.761737108230591
HdPSebdDxe4_3,HdPSebdDxe4,5-10s,121.0,5.0,4,layer2,-1.6817315816879272,-3.239328384399414,0.037712257355451584,4.563183140009642,0.9126366280019284,0.037712257355451584,3.239328384399414
HdPSebdDxe4_3,HdPSebdDxe4,5-10s,121.0,5.0,8,layer1,-3.4828526973724365,-3.35364031791687,0.03377616032958031,4.086915399879217,0.8173830799758435,0.03377616032958031,3.35364031791687
HdPSebdDxe4_3,HdPSebdDxe4,5-10s,121.0,5.0,8,layer2,-1.7888966798782349,-3.597048282623291,0.026673518121242523,3.2274956926703453,0.645499138534069,0.026673518121242523,3.597048282623291
HdPSebdDxe4_4,HdPSebdDxe4,2-5s,121.0,4.0,3,layer1,-2.934433937072754,-2.970341205596924,0.048783887177705765,5.9028503485023975,1.4757125871255994,0.048783887177705765,2.970341205596924
HdPSebdDxe4_4,HdPSebdDxe4,2-5s,121.0,4.0,3,layer2,-0.9248858094215393,-3.1441240310668945,0.041323430836200714,5.000135131180286,1.2500337827950716,0.041323430836200714,3.1441240310668945
Hdxfbpnd2-8_4,Hdxfbpnd2-8,0-2s,299.0,1.0,8,layer1,-3.584901809692383,-3.4556894302368164,0.03059964068233967,9.14929256401956,9.14929256401956,0.03059964068233967,3.4556894302368164
Hdxfbpnd2-8_4,Hdxfbpnd2-8,0-2s,299.0,1.0,8,layer2,-0.8438689112663269,-2.894909143447876,0.05240580067038536,15.669334400445223,15.669334400445223,0.05240580067038536,2.894909143447876
HqndxoujCYI_2,HqndxoujCYI,5-10s,97.0,9.0,5,layer1,-2.622704267501831,-2.841129779815674,0.055141646414995193,5.348739702254534,0.5943044113616148,0.055141646414995193,2.841129779815674
HqndxoujCYI_2,HqndxoujCYI,5-10s,97.0,9.0,5,layer2,-0.4377560317516327,-2.1588337421417236,0.10350862145423889,10.040336281061172,1.115592920117908,0.10350862145423889,2.1588337421417236
I4HpYGMMsz4_2,I4HpYGMMsz4,10-20s,238.0,14.0,3,layer1,-2.6484487056732178,-2.6843559741973877,0.06390281021595001,15.208868831396103,1.0863477736711502,0.06390281021595001,2.6843559741973877
I4HpYGMMsz4_2,I4HpYGMMsz4,10-20s,238.0,14.0,3,layer2,-1.1988109350204468,-2.9403491020202637,0.0501946285367012,11.946321591734886,0.8533086851239204,0.0501946285367012,2.9403491020202637
IKnx3hJv1bs_1,IKnx3hJv1bs,5-10s,300.0,9.0,6,layer1,-4.6335248947143555,-2.9532310962677,0.049584027379751205,14.875208213925362,1.6528009126583736,0.049584027379751205,2.9532310962677
IKnx3hJv1bs_1,IKnx3hJv1bs,5-10s,300.0,9.0,6,layer2,-2.360891342163086,-4.6857709884643555,0.009141284972429276,2.7423854917287827,0.30470949908097583,0.009141284972429276,4.6857709884643555
IKnx3hJv1bs_1,IKnx3hJv1bs,5-10s,300.0,9.0,9,layer1,-3.8496639728546143,-3.140899181365967,0.04145137220621109,12.435411661863327,1.381712406873703,0.04145137220621109,3.140899181365967
IKnx3hJv1bs_1,IKnx3hJv1bs,5-10s,300.0,9.0,9,layer2,-1.3404799699783325,-3.6231770515441895,0.026003487408161163,7.801046222448349,0.8667829136053721,0.026003487408161163,3.6231770515441895
I_vN_BFUr0Y_1,I_vN_BFUr0Y,10-20s,299.0,11.0,2,layer1,-4.278419017791748,-3.904674768447876,0.019749600440263748,5.905130531638861,0.5368300483308055,0.019749600440263748,3.904674768447876
I_vN_BFUr0Y_1,I_vN_BFUr0Y,10-20s,299.0,11.0,2,layer2,-1.0810247659683228,-3.932880401611328,0.01921088621020317,5.744054976850748,0.5221868160773407,0.01921088621020317,3.932880401611328
I_vN_BFUr0Y_1,I_vN_BFUr0Y,10-20s,299.0,11.0,7,layer1,-4.667422294616699,-2.999964475631714,0.047427479177713394,14.180816274136305,1.2891651158305732,0.047427479177713394,2.999964475631714
I_vN_BFUr0Y_1,I_vN_BFUr0Y,10-20s,299.0,11.0,7,layer2,-2.168701410293579,-3.3422837257385254,0.03414875641465187,10.21047816798091,0.9282252879982645,0.03414875641465187,3.3422837257385254
I_vN_BFUr0Y_2,I_vN_BFUr0Y,20s+,299.0,159.0,3,layer1,-2.5334866046905518,-2.5693938732147217,0.07113434374332428,21.26916877925396,0.13376835710222615,0.07113434374332428,2.5693938732147217
I_vN_BFUr0Y_2,I_vN_BFUr0Y,20s+,299.0,159.0,3,layer2,-0.7177214622497559,-2.337743043899536,0.08804496377706528,26.325444169342518,0.16556883125372654,0.08804496377706528,2.337743043899536
I_vN_BFUr0Y_2,I_vN_BFUr0Y,20s+,299.0,159.0,8,layer1,-1.3155003786087036,-1.1862881183624268,0.23392346501350403,69.9431160390377,0.4398938115662749,0.23392346501350403,1.1862881183624268
I_vN_BFUr0Y_2,I_vN_BFUr0Y,20s+,299.0,159.0,8,layer2,-0.7138966917991638,-0.5162659287452698,0.3737258017063141,111.74401471018791,0.7027925453470938,0.3737258017063141,0.5162659287452698
IsUG5SKWNZA_1,IsUG5SKWNZA,10-20s,134.0,12.0,4,layer1,-0.07448584586381912,-2.599271774291992,0.0691853016614914,9.270830422639847,0.7725692018866539,0.0691853016614914,2.599271774291992
IsUG5SKWNZA_1,IsUG5SKWNZA,10-20s,134.0,12.0,4,layer2,-0.87982177734375,-2.6109023094177246,0.06844004988670349,9.170966684818268,0.7642472237348557,0.06844004988670349,2.6109023094177246
ItS07xtdi4s_2,ItS07xtdi4s,5-10s,160.0,9.0,9,layer1,-2.553441286087036,-1.8446764945983887,0.13649915158748627,21.839864253997803,2.4266515837775335,0.13649915158748627,1.8446764945983887
ItS07xtdi4s_2,ItS07xtdi4s,5-10s,160.0,9.0,9,layer2,-1.1751154661178589,-1.9505027532577515,0.12449853867292404,19.919766187667847,2.213307354185316,0.12449853867292404,1.9505027532577515
ItS07xtdi4s_4,ItS07xtdi4s,10-20s,160.0,19.0,4,layer1,-0.8903581500053406,-3.415144205093384,0.031825508922338486,5.092081427574158,0.2680042856617978,0.031825508922338486,3.415144205093384
ItS07xtdi4s_4,ItS07xtdi4s,10-20s,160.0,19.0,4,layer2,-0.8584386706352234,-3.2366690635681152,0.03780888020992279,6.0494208335876465,0.3183905701888235,0.03780888020992279,3.2366690635681152
JHhEjsAkZoc_1,JHhEjsAkZoc,20s+,299.0,46.0,0,layer1,-2.241530179977417,-3.695857048034668,0.02422476001083851,7.243203243240714,0.1574609400704503,0.02422476001083851,3.695857048034668
JHhEjsAkZoc_1,JHhEjsAkZoc,20s+,299.0,46.0,0,layer2,-0.7234060764312744,-3.281989812850952,0.03619423881173134,10.82207740470767,0.2352625522762537,0.03619423881173134,3.281989812850952
JHhEjsAkZoc_1,JHhEjsAkZoc,20s+,299.0,46.0,9,layer1,-3.62514066696167,-2.9163758754730225,0.051349952816963196,15.353635892271996,0.3337746933102608,0.051349952816963196,2.9163758754730225
JHhEjsAkZoc_1,JHhEjsAkZoc,20s+,299.0,46.0,9,layer2,-1.209539532661438,-2.9607625007629395,0.04923030361533165,14.719860780984163,0.3199969734996557,0.04923030361533165,2.9607625007629395
JZloTOdIY_c_1,JZloTOdIY_c,10-20s,88.0,12.0,8,layer1,-2.0438435077667236,-1.9146311283111572,0.12846145033836365,11.304607629776001,0.9420506358146667,0.12846145033836365,1.9146311283111572
JZloTOdIY_c_1,JZloTOdIY_c,10-20s,88.0,12.0,8,layer2,-1.4394207000732422,-2.3082990646362305,0.09043796360492706,7.9585407972335815,0.6632117331027985,0.09043796360492706,2.3082990646362305
JZloTOdIY_c_1,JZloTOdIY_c,10-20s,88.0,12.0,9,layer1,-2.743419885635376,-2.0346550941467285,0.11561210453510284,10.17386519908905,0.8478220999240875,0.11561210453510284,2.0346550941467285
JZloTOdIY_c_1,JZloTOdIY_c,10-20s,88.0,12.0,9,layer2,-0.3661459684371948,-1.6427079439163208,0.16209693253040314,14.264530062675476,1.1887108385562897,0.16209693253040314,1.6427079439163208
Jp64Whpr3BA_1,Jp64Whpr3BA,10-20s,76.0,12.0,1,layer1,-1.7918856143951416,-2.533048152923584,0.07357361167669296,5.591594487428665,0.4659662072857221,0.07357361167669296,2.533048152923584
Jp64Whpr3BA_1,Jp64Whpr3BA,10-20s,76.0,12.0,1,layer2,-0.9501585364341736,-1.9784610271453857,0.1214829832315445,9.232706725597382,0.7693922271331152,0.1214829832315445,1.9784610271453857
Jp64Whpr3BA_1,Jp64Whpr3BA,10-20s,76.0,12.0,3,layer1,-1.2395728826522827,-1.2754801511764526,0.2183205932378769,16.592365086078644,1.3826970905065536,0.2183205932378769,1.2754801511764526
Jp64Whpr3BA_1,Jp64Whpr3BA,10-20s,76.0,12.0,3,layer2,-1.1637552976608276,-1.4067400693893433,0.1967487335205078,14.952903747558594,1.2460753122965496,0.1967487335205078,1.4067400693893433
Jp64Whpr3BA_1,Jp64Whpr3BA,10-20s,76.0,12.0,8,layer1,-2.10697340965271,-1.9777610301971436,0.12155770510435104,9.23838558793068,0.76986546566089,0.12155770510435104,1.9777610301971436
Jp64Whpr3BA_1,Jp64Whpr3BA,10-20s,76.0,12.0,8,layer2,-1.3415465354919434,-1.7819364070892334,0.14406418800354004,10.948878288269043,0.9124065240224203,0.14406418800354004,1.7819364070892334
K-7Y8yhcUiw_1,K-7Y8yhcUiw,10-20s,85.0,17.0,0,layer1,-1.7678343057632446,-3.222161293029785,0.03834021836519241,3.258918561041355,0.19170109182596207,0.03834021836519241,3.222161293029785
K-7Y8yhcUiw_1,K-7Y8yhcUiw,10-20s,85.0,17.0,0,layer2,-1.238063097000122,-3.2454662322998047,0.03749014437198639,3.186662271618843,0.18745072185993195,0.03749014437198639,3.2454662322998047
K-7Y8yhcUiw_1,K-7Y8yhcUiw,10-20s,85.0,17.0,8,layer1,-3.2915689945220947,-3.1623566150665283,0.04060714691877365,3.4516074880957603,0.20303573459386826,0.04060714691877365,3.1623566150665283
K-7Y8yhcUiw_1,K-7Y8yhcUiw,10-20s,85.0,17.0,8,layer2,-1.4676339626312256,-3.249314308166504,0.03735153377056122,3.1748803704977036,0.1867576688528061,0.03735153377056122,3.249314308166504
K-7Y8yhcUiw_4,K-7Y8yhcUiw,5-10s,85.0,6.0,2,layer1,-3.6348273754119873,-3.2610831260681152,0.036930669099092484,3.139106873422861,0.5231844789038101,0.036930669099092484,3.2610831260681152
K-7Y8yhcUiw_4,K-7Y8yhcUiw,5-10s,85.0,6.0,2,layer2,-1.2082750797271729,-3.24006986618042,0.03768535330891609,3.203255031257868,0.5338758385429779,0.03768535330891609,3.24006986618042
K-7Y8yhcUiw_4,K-7Y8yhcUiw,5-10s,85.0,6.0,5,layer1,-3.140737771987915,-3.359163284301758,0.033596377819776535,2.8556921146810055,0.4759486857801676,0.033596377819776535,3.359163284301758
K-7Y8yhcUiw_4,K-7Y8yhcUiw,5-10s,85.0,6.0,5,layer2,-1.0179977416992188,-3.198188304901123,0.03923395648598671,3.3348863013088703,0.5558143835514784,0.03923395648598671,3.198188304901123
K03ydb1uaoQ_1,K03ydb1uaoQ,2-5s,71.0,3.0,0,layer1,-1.3409463167190552,-2.7952733039855957,0.0575801320374012,4.088189374655485,1.3627297915518284,0.0575801320374012,2.7952733039855957
K03ydb1uaoQ_1,K03ydb1uaoQ,2-5s,71.0,3.0,0,layer2,-0.8424802422523499,-2.510023355484009,0.0751584842801094,5.336252383887768,1.778750794629256,0.0751584842801094,2.510023355484009
K03ydb1uaoQ_1,K03ydb1uaoQ,2-5s,71.0,3.0,5,layer1,-2.1918466091156006,-2.4102721214294434,0.08239274471998215,5.8498848751187325,1.9499616250395775,0.08239274471998215,2.4102721214294434
K03ydb1uaoQ_1,K03ydb1uaoQ,2-5s,71.0,3.0,5,layer2,-1.0539038181304932,-2.5630855560302734,0.07155228406190872,5.080212168395519,1.6934040561318398,0.07155228406190872,2.5630855560302734
K03ydb1uaoQ_1,K03ydb1uaoQ,2-5s,71.0,3.0,6,layer1,-3.6928751468658447,-2.0125813484191895,0.11788828670978546,8.370068356394768,2.7900227854649224,0.11788828670978546,2.0125813484191895
K03ydb1uaoQ_1,K03ydb1uaoQ,2-5s,71.0,3.0,6,layer2,-1.9494388103485107,-2.301414966583252,0.0910058468580246,6.461415126919746,2.153805042306582,0.0910058468580246,2.301414966583252
K03ydb1uaoQ_1,K03ydb1uaoQ,2-5s,71.0,3.0,8,layer1,-2.3435027599334717,-2.2142903804779053,0.09847451746463776,6.991690739989281,2.330563579996427,0.09847451746463776,2.2142903804779053
K03ydb1uaoQ_1,K03ydb1uaoQ,2-5s,71.0,3.0,8,layer2,-1.5402636528015137,-2.3871817588806152,0.08415538817644119,5.975032560527325,1.9916775201757748,0.08415538817644119,2.3871817588806152
K2kIOBeCfuo_1,K2kIOBeCfuo,20s+,300.0,27.0,3,layer1,-3.0639472007751465,-3.0998544692993164,0.043113261461257935,12.93397843837738,0.47903623845842147,0.043113261461257935,3.0998544692993164
K2kIOBeCfuo_1,K2kIOBeCfuo,20s+,300.0,27.0,3,layer2,-1.1038599014282227,-3.082390546798706,0.043839503079652786,13.151850923895836,0.4871055897739198,0.043839503079652786,3.082390546798706
KJhGuhNHToA_3,KJhGuhNHToA,5-10s,66.0,5.0,0,layer1,-2.1373770236968994,-3.5917038917541504,0.02681262232363224,1.7696330733597279,0.3539266146719456,0.02681262232363224,3.5917038917541504
KJhGuhNHToA_3,KJhGuhNHToA,5-10s,66.0,5.0,0,layer2,-0.9963460564613342,-3.114539384841919,0.042511485517024994,2.8057580441236496,0.5611516088247299,0.042511485517024994,3.114539384841919
KJhGuhNHToA_3,KJhGuhNHToA,5-10s,66.0,5.0,4,layer1,-1.4439669847488403,-3.968752861022949,0.018546512350440025,1.2240698151290417,0.24481396302580832,0.018546512350440025,3.968752861022949
KJhGuhNHToA_3,KJhGuhNHToA,5-10s,66.0,5.0,4,layer2,-1.0142608880996704,-3.621814727783203,0.026038015261292458,1.7185090072453022,0.34370180144906043,0.026038015261292458,3.621814727783203
KJhGuhNHToA_3,KJhGuhNHToA,5-10s,66.0,5.0,5,layer1,-3.183126926422119,-3.401552438735962,0.03224698454141617,2.128300979733467,0.4256601959466934,0.03224698454141617,3.401552438735962
KJhGuhNHToA_3,KJhGuhNHToA,5-10s,66.0,5.0,5,layer2,-1.2355064153671265,-3.126095771789551,0.042043570429086685,2.774875648319721,0.5549751296639442,0.042043570429086685,3.126095771789551
KJhGuhNHToA_3,KJhGuhNHToA,5-10s,66.0,5.0,6,layer1,-4.1970953941345215,-2.516801595687866,0.07468868792057037,4.929453402757645,0.985890680551529,0.07468868792057037,2.516801595687866
KJhGuhNHToA_3,KJhGuhNHToA,5-10s,66.0,5.0,6,layer2,-1.6975297927856445,-2.520615816116333,0.07442551106214523,4.912083730101585,0.982416746020317,0.07442551106214523,2.520615816116333
KJhGuhNHToA_4,KJhGuhNHToA,2-5s,66.0,3.0,3,layer1,-3.0057108402252197,-3.0416181087493896,0.045580726116895676,3.0083279237151146,1.0027759745717049,0.045580726116895676,3.0416181087493896
KJhGuhNHToA_4,KJhGuhNHToA,2-5s,66.0,3.0,3,layer2,-1.1554832458496094,-2.783318042755127,0.05823231860995293,3.843333028256893,1.2811110094189644,0.05823231860995293,2.783318042755127
KSHpYhuTotY_3,KSHpYhuTotY,5-10s,299.0,9.0,4,layer1,-0.22502224147319794,-2.7498083114624023,0.060097478330135345,17.96914602071047,1.9965717800789409,0.060097478330135345,2.7498083114624023
KSHpYhuTotY_3,KSHpYhuTotY,5-10s,299.0,9.0,4,layer2,-0.8991421461105347,-2.623652935028076,0.06763157993555069,20.221842400729656,2.2468713778588505,0.06763157993555069,2.623652935028076
K_Vre_-4KqU_2,K_Vre_-4KqU,2-5s,177.0,4.0,7,layer1,-5.1890668869018555,-3.52160906791687,0.0287036020308733,5.080537559464574,1.2701343898661435,0.0287036020308733,3.52160906791687
K_Vre_-4KqU_2,K_Vre_-4KqU,2-5s,177.0,4.0,7,layer2,-1.4387530088424683,-3.468318462371826,0.030227234587073326,5.350220521911979,1.3375551304779947,0.030227234587073326,3.468318462371826
Kel-hfZ_9h8_1,Kel-hfZ_9h8,5-10s,147.0,5.0,5,layer1,-3.370781660079956,-3.589207172393799,0.02687784656882286,3.9510434456169605,0.7902086891233921,0.02687784656882286,3.589207172393799
Kel-hfZ_9h8_1,Kel-hfZ_9h8,5-10s,147.0,5.0,5,layer2,-1.249443531036377,-3.434804677963257,0.031225262209773064,4.59011354483664,0.9180227089673281,0.031225262209773064,3.434804677963257
Kel-hfZ_9h8_1,Kel-hfZ_9h8,5-10s,147.0,5.0,7,layer1,-5.149907112121582,-3.4824492931365967,0.02981574833393097,4.3829150050878525,0.8765830010175705,0.02981574833393097,3.4824492931365967
Kel-hfZ_9h8_1,Kel-hfZ_9h8,5-10s,147.0,5.0,7,layer2,-1.4386016130447388,-3.386402130126953,0.03272314742207527,4.810302671045065,0.9620605342090129,0.03272314742207527,3.386402130126953
KtinboYbmHQ_1,KtinboYbmHQ,20s+,106.0,36.0,4,layer1,-0.8108327984809875,-3.335618734359741,0.03436926752328873,3.643142357468605,0.10119839881857236,0.03436926752328873,3.335618734359741
KtinboYbmHQ_1,KtinboYbmHQ,20s+,106.0,36.0,4,layer2,-0.6296535134315491,-3.0407745838165283,0.04561743512749672,4.835448123514652,0.13431800343096256,0.04561743512749672,3.0407745838165283
KvrcRMfFzOE_1,KvrcRMfFzOE,2-5s,186.0,4.0,7,layer1,-5.281435966491699,-3.613978147506714,0.0262374896556139,4.880173075944185,1.2200432689860463,0.0262374896556139,3.613978147506714
KvrcRMfFzOE_1,KvrcRMfFzOE,2-5s,186.0,4.0,7,layer2,-0.9700849652290344,-3.6217446327209473,0.026039792224764824,4.843401353806257,1.2108503384515643,0.026039792224764824,3.6217446327209473
L_CNz9Vrtkw_3,L_CNz9Vrtkw,5-10s,300.0,7.0,1,layer1,-2.260230541229248,-3.0013930797576904,0.047362979501485825,14.208893850445747,2.029841978635107,0.047362979501485825,3.0013930797576904
L_CNz9Vrtkw_3,L_CNz9Vrtkw,5-10s,300.0,7.0,1,layer2,-1.5771349668502808,-3.2862977981567383,0.03604425862431526,10.813277587294579,1.5447539410420827,0.03604425862431526,3.2862977981567383
LvMA1Wcgu3w_1,LvMA1Wcgu3w,2-5s,282.0,2.0,8,layer1,-3.5466396808624268,-3.4174273014068604,0.0317552350461483,8.95497628301382,4.47748814150691,0.0317552350461483,3.4174273014068604
LvMA1Wcgu3w_1,LvMA1Wcgu3w,2-5s,282.0,2.0,8,layer2,-1.5172866582870483,-3.355922222137451,0.03370177000761032,9.50389914214611,4.751949571073055,0.03370177000761032,3.355922222137451
LvMA1Wcgu3w_2,LvMA1Wcgu3w,20s+,282.0,35.0,0,layer1,-1.4531747102737427,-2.907501697540283,0.0517839714884758,14.603079959750175,0.41723085599286214,0.0517839714884758,2.907501697540283
LvMA1Wcgu3w_2,LvMA1Wcgu3w,20s+,282.0,35.0,0,layer2,-0.8545870184898376,-2.642695426940918,0.066440649330616,18.73626311123371,0.5353218031781061,0.066440649330616,2.642695426940918
MBP4RcnwGZw_1,MBP4RcnwGZw,2-5s,61.0,3.0,6,layer1,-0.9614547491073608,0.7188390493392944,0.6723513007164001,41.01342934370041,13.671143114566803,0.32764869928359985,0.7188390493392944
MBP4RcnwGZw_1,MBP4RcnwGZw,2-5s,61.0,3.0,6,layer2,-1.3114104270935059,-0.1381763219833374,0.465510755777359,28.3961561024189,9.465385367472967,0.465510755777359,0.1381763219833374
MBP4RcnwGZw_1,MBP4RcnwGZw,2-5s,61.0,3.0,8,layer1,0.10437189042568207,0.2335842102766037,0.558131992816925,34.04605156183243,11.348683853944143,0.44186800718307495,0.2335842102766037
MBP4RcnwGZw_1,MBP4RcnwGZw,2-5s,61.0,3.0,8,layer2,-0.35158875584602356,0.058657824993133545,0.5146602392196655,31.394274592399597,10.464758197466532,0.4853397607803345,0.058657824993133545
MBP4RcnwGZw_1,MBP4RcnwGZw,2-5s,61.0,3.0,9,layer1,-3.1279337406158447,-2.4191689491271973,0.08172259479761124,4.985078282654285,1.6616927608847618,0.08172259479761124,2.4191689491271973
MBP4RcnwGZw_1,MBP4RcnwGZw,2-5s,61.0,3.0,9,layer2,-0.731751024723053,-2.4307172298431396,0.08086013793945312,4.932468414306641,1.6441561381022136,0.08086013793945312,2.4307172298431396
MTaLknnq4wc_2,MTaLknnq4wc,20s+,80.0,23.0,3,layer1,-1.8885761499404907,-1.9244834184646606,0.1273624449968338,10.188995599746704,0.4429998086846393,0.1273624449968338,1.9244834184646606
MTaLknnq4wc_2,MTaLknnq4wc,20s+,80.0,23.0,3,layer2,-0.40536370873451233,-1.7714347839355469,0.1453639715909958,11.629117727279663,0.5056138142295505,0.1453639715909958,1.7714347839355469
MVGhC-xB79s_1,MVGhC-xB79s,20s+,268.0,20.0,1,layer1,-2.931443452835083,-3.6726059913635254,0.02478048950433731,6.641171187162399,0.33205855935811995,0.02478048950433731,3.6726059913635254
MVGhC-xB79s_1,MVGhC-xB79s,20s+,268.0,20.0,1,layer2,-1.1756740808486938,-3.392911911010742,0.03251772001385689,8.714748963713646,0.4357374481856823,0.03251772001385689,3.392911911010742
MVGhC-xB79s_1,MVGhC-xB79s,20s+,268.0,20.0,9,layer1,-4.291318416595459,-3.5825536251068115,0.02705242484807968,7.250049859285355,0.36250249296426773,0.02705242484807968,3.5825536251068115
MVGhC-xB79s_1,MVGhC-xB79s,20s+,268.0,20.0,9,layer2,-1.3028737306594849,-3.3395447731018066,0.034239206463098526,9.176107332110405,0.45880536660552024,0.034239206463098526,3.3395447731018066
Me4npKmtchA_1,Me4npKmtchA,10-20s,300.0,17.0,6,layer1,-5.223001956939697,-3.542708158493042,0.028121178969740868,8.43635369092226,0.4962560994660153,0.028121178969740868,3.542708158493042
Me4npKmtchA_1,Me4npKmtchA,10-20s,300.0,17.0,6,layer2,-1.2263145446777344,-3.8460872173309326,0.020916322246193886,6.274896673858166,0.3691115690504803,0.020916322246193886,3.8460872173309326
Mj_BO-iK1G4_1,Mj_BO-iK1G4,5-10s,299.0,6.0,0,layer1,-2.4369828701019287,-3.8913097381591797,0.02001000940799713,5.982992812991142,0.9971654688318571,0.02001000940799713,3.8913097381591797
Mj_BO-iK1G4_1,Mj_BO-iK1G4,5-10s,299.0,6.0,0,layer2,-0.9615045785903931,-3.8863515853881836,0.020107468590140343,6.0121331084519625,1.0020221847419937,0.020107468590140343,3.8863515853881836
Mj_BO-iK1G4_1,Mj_BO-iK1G4,5-10s,299.0,6.0,2,layer1,-4.16567325592041,-3.791929006576538,0.022054677829146385,6.594348670914769,1.0990581118191283,0.022054677829146385,3.791929006576538
Mj_BO-iK1G4_1,Mj_BO-iK1G4,5-10s,299.0,6.0,2,layer2,-0.7924684286117554,-3.7855777740478516,0.022192081436514854,6.6354323495179415,1.1059053915863235,0.022192081436514854,3.7855777740478516
Mj_BO-iK1G4_1,Mj_BO-iK1G4,5-10s,299.0,6.0,5,layer1,-3.383392572402954,-3.601818084716797,0.026549965143203735,7.938439577817917,1.3230732629696529,0.026549965143203735,3.601818084716797
Mj_BO-iK1G4_1,Mj_BO-iK1G4,5-10s,299.0,6.0,5,layer2,-0.9607471823692322,-3.6243159770965576,0.025974657386541367,7.766422558575869,1.2944037597626448,0.025974657386541367,3.6243159770965576
Mj_BO-iK1G4_1,Mj_BO-iK1G4,5-10s,299.0,6.0,7,layer1,-4.887226104736328,-3.2197682857513428,0.038428544998168945,11.490134954452515,1.9150224924087524,0.038428544998168945,3.2197682857513428
Mj_BO-iK1G4_1,Mj_BO-iK1G4,5-10s,299.0,6.0,7,layer2,-2.015829086303711,-4.45615291595459,0.011473755352199078,3.430652850307524,0.571775475051254,0.011473755352199078,4.45615291595459
MkbP_8zJwXU_1,MkbP_8zJwXU,10-20s,99.0,16.0,3,layer1,-2.4178526401519775,-2.4537599086761475,0.07916402816772461,7.837238788604736,0.489827424287796,0.07916402816772461,2.4537599086761475
MkbP_8zJwXU_1,MkbP_8zJwXU,10-20s,99.0,16.0,3,layer2,-0.6239417195320129,-2.39863657951355,0.08327671885490417,8.244395166635513,0.5152746979147196,0.08327671885490417,2.39863657951355
MvHpNzDpC6Q_1,MvHpNzDpC6Q,2-5s,82.0,2.0,0,layer1,-2.005841016769409,-3.46016788482666,0.030467072501778603,2.4982999451458454,1.2491499725729227,0.030467072501778603,3.46016788482666
MvHpNzDpC6Q_1,MvHpNzDpC6Q,2-5s,82.0,2.0,0,layer2,-1.0157567262649536,-3.2993621826171875,0.035593077540397644,2.918632358312607,1.4593161791563034,0.035593077540397644,3.2993621826171875
MvHpNzDpC6Q_1,MvHpNzDpC6Q,2-5s,82.0,2.0,1,layer1,-2.5247914791107178,-3.26595401763916,0.03675781562924385,3.0141408815979958,1.5070704407989979,0.03675781562924385,3.26595401763916
MvHpNzDpC6Q_1,MvHpNzDpC6Q,2-5s,82.0,2.0,1,layer2,-1.0006755590438843,-3.082627773284912,0.04382956027984619,3.5940239429473877,1.7970119714736938,0.04382956027984619,3.082627773284912
MvHpNzDpC6Q_1,MvHpNzDpC6Q,2-5s,82.0,2.0,2,layer1,-3.915656805038452,-3.54191255569458,0.028142930939793587,2.307720337063074,1.153860168531537,0.028142930939793587,3.54191255569458
MvHpNzDpC6Q_1,MvHpNzDpC6Q,2-5s,82.0,2.0,2,layer2,-0.7379859089851379,-3.110013008117676,0.042696114629507065,3.5010813996195793,1.7505406998097897,0.042696114629507065,3.110013008117676
MvHpNzDpC6Q_1,MvHpNzDpC6Q,2-5s,82.0,2.0,3,layer1,-3.1897079944610596,-3.2256152629852295,0.03821307048201561,3.13347177952528,1.56673588976264,0.03821307048201561,3.2256152629852295
MvHpNzDpC6Q_1,MvHpNzDpC6Q,2-5s,82.0,2.0,3,layer2,-1.0846446752548218,-2.9774346351623535,0.048455774784088135,3.973373532295227,1.9866867661476135,0.048455774784088135,2.9774346351623535
MvHpNzDpC6Q_1,MvHpNzDpC6Q,2-5s,82.0,2.0,4,layer1,-0.9208884835243225,-3.445674419403076,0.030898118391633034,2.5336457081139088,1.2668228540569544,0.030898118391633034,3.445674419403076
MvHpNzDpC6Q_1,MvHpNzDpC6Q,2-5s,82.0,2.0,4,layer2,-0.8235065340995789,-3.32700514793396,0.03465628623962402,2.84181547164917,1.420907735824585,0.03465628623962402,3.32700514793396
MvHpNzDpC6Q_1,MvHpNzDpC6Q,2-5s,82.0,2.0,6,layer1,-4.869068145751953,-3.188774347305298,0.03959035500884056,3.246409110724926,1.623204555362463,0.03959035500884056,3.188774347305298
MvHpNzDpC6Q_1,MvHpNzDpC6Q,2-5s,82.0,2.0,6,layer2,-1.5392776727676392,-3.04929780960083,0.045247796922922134,3.710319347679615,1.8551596738398075,0.045247796922922134,3.04929780960083
MvHpNzDpC6Q_1,MvHpNzDpC6Q,2-5s,82.0,2.0,7,layer1,-4.874344825744629,-3.2068870067596436,0.03890737146139145,3.190404459834099,1.5952022299170494,0.03890737146139145,3.2068870067596436
MvHpNzDpC6Q_1,MvHpNzDpC6Q,2-5s,82.0,2.0,7,layer2,-1.5562268495559692,-3.107987403869629,0.04277898371219635,3.5078766644001007,1.7539383322000504,0.04277898371219635,3.107987403869629
NJEPbGVBJIQ_1,NJEPbGVBJIQ,10-20s,300.0,10.0,2,layer1,-3.772871732711792,-3.39912748336792,0.03232274577021599,9.696823731064796,0.9696823731064796,0.03232274577021599,3.39912748336792
NJEPbGVBJIQ_1,NJEPbGVBJIQ,10-20s,300.0,10.0,2,layer2,-1.247867465019226,-3.636169910430908,0.025676429271697998,7.702928781509399,0.7702928781509399,0.025676429271697998,3.636169910430908
NJEPbGVBJIQ_1,NJEPbGVBJIQ,10-20s,300.0,10.0,8,layer1,-3.5593740940093994,-3.430161714553833,0.031366016715765,9.4098050147295,0.94098050147295,0.031366016715765,3.430161714553833
NJEPbGVBJIQ_1,NJEPbGVBJIQ,10-20s,300.0,10.0,8,layer2,-1.5227574110031128,-3.343991279602051,0.03409247845411301,10.227743536233902,1.0227743536233902,0.03409247845411301,3.343991279602051
N_s9F4CI_98_2,N_s9F4CI_98,2-5s,299.0,3.0,1,layer1,-2.861954689025879,-3.6031172275543213,0.02651640772819519,7.928405910730362,2.642801970243454,0.02651640772819519,3.6031172275543213
N_s9F4CI_98_2,N_s9F4CI_98,2-5s,299.0,3.0,1,layer2,-0.9237072467803955,-3.2660186290740967,0.036755528301000595,10.989902961999178,3.6633009873330593,0.036755528301000595,3.2660186290740967
NlKlRKz8OKI_1,NlKlRKz8OKI,2-5s,299.0,4.0,3,layer1,-2.9728829860687256,-3.0087902545928955,0.047030333429574966,14.062069695442915,3.5155174238607287,0.047030333429574966,3.0087902545928955
NlKlRKz8OKI_1,NlKlRKz8OKI,2-5s,299.0,4.0,3,layer2,-1.1904306411743164,-3.0061769485473633,0.04714759439229965,14.097130723297596,3.524282680824399,0.04714759439229965,3.0061769485473633
NlKlRKz8OKI_1,NlKlRKz8OKI,2-5s,299.0,4.0,9,layer1,-3.416492462158203,-2.7077276706695557,0.0625189021229744,18.693151734769344,4.673287933692336,0.0625189021229744,2.7077276706695557
NlKlRKz8OKI_1,NlKlRKz8OKI,2-5s,299.0,4.0,9,layer2,-1.2578662633895874,-2.6894094944000244,0.06360117346048355,19.01675086468458,4.754187716171145,0.06360117346048355,2.6894094944000244
NlKlRKz8OKI_2,NlKlRKz8OKI,2-5s,299.0,2.0,4,layer1,-1.0466865301132202,-3.571472644805908,0.02734561450779438,8.17633873783052,4.08816936891526,0.02734561450779438,3.571472644805908
NlKlRKz8OKI_2,NlKlRKz8OKI,2-5s,299.0,2.0,4,layer2,-1.1949880123138428,-3.518315553665161,0.02879556454718113,8.609873799607158,4.304936899803579,0.02879556454718113,3.518315553665161
NmmbNqmsPaY_2,NmmbNqmsPaY,5-10s,170.0,5.0,0,layer1,-1.6433448791503906,-3.0976717472076416,0.04320339858531952,7.344577759504318,1.4689155519008636,0.04320339858531952,3.0976717472076416
NmmbNqmsPaY_2,NmmbNqmsPaY,5-10s,170.0,5.0,0,layer2,-1.674930453300476,-3.3633694648742676,0.03346008062362671,5.6882137060165405,1.137642741203308,0.03346008062362671,3.3633694648742676
NmmbNqmsPaY_2,NmmbNqmsPaY,5-10s,170.0,5.0,6,layer1,-3.542998790740967,-1.8627049922943115,0.13438807427883148,22.845972627401352,4.56919452548027,0.13438807427883148,1.8627049922943115
NmmbNqmsPaY_2,NmmbNqmsPaY,5-10s,170.0,5.0,6,layer2,-1.9895046949386597,-3.333925247192383,0.0344255156815052,5.8523376658558846,1.170467533171177,0.0344255156815052,3.333925247192383
NwoBDrTlbTI_1,NwoBDrTlbTI,20s+,230.0,40.0,2,layer1,-4.169684886932373,-3.795940637588501,0.02196832187473774,5.05271403118968,0.126317850779742,0.02196832187473774,3.795940637588501
NwoBDrTlbTI_1,NwoBDrTlbTI,20s+,230.0,40.0,2,layer2,-0.8568313717842102,-3.499666690826416,0.029321715235710144,6.743994504213333,0.16859986260533333,0.029321715235710144,3.499666690826416
NwoBDrTlbTI_1,NwoBDrTlbTI,20s+,230.0,40.0,8,layer1,-3.647200107574463,-3.5179877281188965,0.028804734349250793,6.6250889003276825,0.16562722250819206,0.028804734349250793,3.5179877281188965
NwoBDrTlbTI_1,NwoBDrTlbTI,20s+,230.0,40.0,8,layer2,-1.3832253217697144,-3.196794033050537,0.039286546409130096,9.035905674099922,0.22589764185249805,0.039286546409130096,3.196794033050537
NwoBDrTlbTI_1,NwoBDrTlbTI,20s+,230.0,40.0,9,layer1,-4.082672119140625,-3.3739073276519775,0.03312095254659653,7.617819085717201,0.19044547714293003,0.03312095254659653,3.3739073276519775
NwoBDrTlbTI_1,NwoBDrTlbTI,20s+,230.0,40.0,9,layer2,-1.2452582120895386,-3.155338764190674,0.040881428867578506,9.402728639543056,0.2350682159885764,0.040881428867578506,3.155338764190674
OpiWMltpj44_1,OpiWMltpj44,2-5s,77.0,3.0,7,layer1,-4.200676918029785,-2.5332190990448,0.07356195896863937,5.664270840585232,1.8880902801950772,0.07356195896863937,2.5332190990448
OpiWMltpj44_1,OpiWMltpj44,2-5s,77.0,3.0,7,layer2,-1.5537993907928467,-2.464536190032959,0.07838202267885208,6.03541574627161,2.0118052487572036,0.07838202267885208,2.464536190032959
OpiWMltpj44_3,OpiWMltpj44,0-2s,77.0,1.0,5,layer1,-2.447434663772583,-2.665860176086426,0.0650181770324707,5.006399631500244,5.006399631500244,0.0650181770324707,2.665860176086426
OpiWMltpj44_3,OpiWMltpj44,0-2s,77.0,1.0,5,layer2,-0.9885079264640808,-2.4070611000061035,0.08263584226369858,6.3629598543047905,6.3629598543047905,0.08263584226369858,2.4070611000061035
OpiWMltpj44_4,OpiWMltpj44,2-5s,77.0,2.0,3,layer1,-3.330383062362671,-3.366290330886841,0.033365748822689056,2.5691626593470573,1.2845813296735287,0.033365748822689056,3.366290330886841
OpiWMltpj44_4,OpiWMltpj44,2-5s,77.0,2.0,3,layer2,-1.2918165922164917,-3.516761302947998,0.02883906662464142,2.220608130097389,1.1103040650486946,0.02883906662464142,3.516761302947998
OpiWMltpj44_4,OpiWMltpj44,2-5s,77.0,2.0,5,layer1,-3.2686378955841064,-3.487063407897949,0.029682563617825508,2.285557398572564,1.142778699286282,0.029682563617825508,3.487063407897949
OpiWMltpj44_4,OpiWMltpj44,2-5s,77.0,2.0,5,layer2,-1.2445703744888306,-3.542860507965088,0.028117014095187187,2.1650100853294134,1.0825050426647067,0.028117014095187187,3.542860507965088
Ot0bN_hz2ec_1,Ot0bN_hz2ec,20s+,268.0,68.0,9,layer1,-3.016446828842163,-2.3076820373535156,0.0904887393116951,24.250982135534286,0.3566320902284454,0.0904887393116951,2.3076820373535156
Ot0bN_hz2ec_1,Ot0bN_hz2ec,20s+,268.0,68.0,9,layer2,-1.213133454322815,-2.2708888053894043,0.09356281161308289,25.074833512306213,0.368747551651562,0.09356281161308289,2.2708888053894043
OxUVcZmeiyI_1,OxUVcZmeiyI,5-10s,70.0,9.0,5,layer1,-0.7740840315818787,-0.9925096035003662,0.27041664719581604,18.929165303707123,2.1032405893007913,0.27041664719581604,0.9925096035003662
OxUVcZmeiyI_1,OxUVcZmeiyI,5-10s,70.0,9.0,5,layer2,-0.06127096340060234,-0.3013498783111572,0.4252275228500366,29.765926599502563,3.307325177722507,0.4252275228500366,0.3013498783111572
PO8Nu3F8mkA_1,PO8Nu3F8mkA,2-5s,164.0,3.0,4,layer1,-0.46379539370536804,-2.988581418991089,0.04794439673423767,7.862881064414978,2.6209603548049927,0.04794439673423767,2.988581418991089
PO8Nu3F8mkA_1,PO8Nu3F8mkA,2-5s,164.0,3.0,4,layer2,-1.0624879598617554,-2.961055278778076,0.049216605722904205,8.07152333855629,2.690507779518763,0.049216605722904205,2.961055278778076
PO8Nu3F8mkA_1,PO8Nu3F8mkA,2-5s,164.0,3.0,5,layer1,-3.157078266143799,-3.3755037784576416,0.03306986764073372,5.42345829308033,1.8078194310267766,0.03306986764073372,3.3755037784576416
PO8Nu3F8mkA_1,PO8Nu3F8mkA,2-5s,164.0,3.0,5,layer2,-1.254710078239441,-3.1793715953826904,0.03994942456483841,6.551705628633499,2.1839018762111664,0.03994942456483841,3.1793715953826904
PO8Nu3F8mkA_1,PO8Nu3F8mkA,2-5s,164.0,3.0,8,layer1,-3.3112618923187256,-3.182049512863159,0.03984684869647026,6.534883186221123,2.178294395407041,0.03984684869647026,3.182049512863159
PO8Nu3F8mkA_1,PO8Nu3F8mkA,2-5s,164.0,3.0,8,layer2,-1.4230252504348755,-3.004038095474243,0.04724377766251564,7.747979536652565,2.582659845550855,0.04724377766251564,3.004038095474243
PO8Nu3F8mkA_1,PO8Nu3F8mkA,2-5s,164.0,3.0,9,layer1,-3.8123958110809326,-3.103631019592285,0.04295773059129715,7.0450678169727325,2.348355938990911,0.04295773059129715,3.103631019592285
PO8Nu3F8mkA_1,PO8Nu3F8mkA,2-5s,164.0,3.0,9,layer2,-1.5218061208724976,-3.333081007003784,0.03445358946919441,5.650388672947884,1.8834628909826279,0.03445358946919441,3.333081007003784
PRUfwpmYwJ8_1,PRUfwpmYwJ8,20s+,154.0,52.0,1,layer1,-2.380424737930298,-3.1215872764587402,0.04222553223371506,6.502731963992119,0.1250525377690792,0.04222553223371506,3.1215872764587402
PRUfwpmYwJ8_1,PRUfwpmYwJ8,20s+,154.0,52.0,1,layer2,-1.140663981437683,-2.875110626220703,0.053397733718156815,8.22325099259615,0.15813944216531056,0.053397733718156815,2.875110626220703
PYP-r0nvbFk_4,PYP-r0nvbFk,10-20s,121.0,10.0,2,layer1,-3.9661428928375244,-3.5923986434936523,0.026794498786330223,3.242134353145957,0.3242134353145957,0.026794498786330223,3.5923986434936523
PYP-r0nvbFk_4,PYP-r0nvbFk,10-20s,121.0,10.0,2,layer2,-1.040340781211853,-3.4905214309692383,0.02958313189446926,3.5795589592307806,0.3579558959230781,0.02958313189446926,3.4905214309692383
PYP-r0nvbFk_4,PYP-r0nvbFk,10-20s,121.0,10.0,6,layer1,-5.133177757263184,-3.4528839588165283,0.030682969838380814,3.7126393504440784,0.37126393504440786,0.030682969838380814,3.4528839588165283
PYP-r0nvbFk_4,PYP-r0nvbFk,10-20s,121.0,10.0,6,layer2,-1.5150450468063354,-3.4381227493286133,0.03112504445016384,3.766130378469825,0.37661303784698247,0.03112504445016384,3.4381227493286133
Pb6MqpdX5Jw_5,Pb6MqpdX5Jw,2-5s,120.0,2.0,2,layer1,-3.618863582611084,-3.245119333267212,0.03750266507267952,4.500319808721542,2.250159904360771,0.03750266507267952,3.245119333267212
Pb6MqpdX5Jw_5,Pb6MqpdX5Jw,2-5s,120.0,2.0,2,layer2,-1.1123111248016357,-4.240708827972412,0.014193040318787098,1.7031648382544518,0.8515824191272259,0.014193040318787098,4.240708827972412
PkmpxrsidZM_1,PkmpxrsidZM,5-10s,299.0,6.0,7,layer1,-3.63600754737854,-1.9685497283935547,0.12254474312067032,36.640878193080425,6.106813032180071,0.12254474312067032,1.9685497283935547
PkmpxrsidZM_1,PkmpxrsidZM,5-10s,299.0,6.0,7,layer2,-2.369123935699463,-3.394167423248291,0.032478246837854385,9.710995804518461,1.6184993007530768,0.032478246837854385,3.394167423248291
PkmpxrsidZM_1,PkmpxrsidZM,5-10s,299.0,6.0,9,layer1,-4.208648681640625,-3.4998838901519775,0.029315534979104996,8.765344958752394,1.4608908264587324,0.029315534979104996,3.4998838901519775
PkmpxrsidZM_1,PkmpxrsidZM,5-10s,299.0,6.0,9,layer2,-1.4881387948989868,-3.8749451637268066,0.02033344656229019,6.079700522124767,1.0132834203541279,0.02033344656229019,3.8749451637268066
Q0anPAIkfBE_1,Q0anPAIkfBE,10-20s,163.0,10.0,1,layer1,-2.032447099685669,-2.7736096382141113,0.05876702815294266,9.579025588929653,0.9579025588929653,0.05876702815294266,2.7736096382141113
Q0anPAIkfBE_1,Q0anPAIkfBE,10-20s,163.0,10.0,1,layer2,-1.5200315713882446,-2.856962203979492,0.05432254448533058,8.854574751108885,0.8854574751108885,0.05432254448533058,2.856962203979492
Q0anPAIkfBE_1,Q0anPAIkfBE,10-20s,163.0,10.0,6,layer1,-3.8466780185699463,-2.166384220123291,0.10281006246805191,16.75804018229246,1.6758040182292462,0.10281006246805191,2.166384220123291
Q0anPAIkfBE_1,Q0anPAIkfBE,10-20s,163.0,10.0,6,layer2,-1.6875041723251343,-2.444032907485962,0.07987600564956665,13.019788920879364,1.3019788920879365,0.07987600564956665,2.444032907485962
QHfyKaOHSz4_1,QHfyKaOHSz4,10-20s,82.0,12.0,0,layer1,-0.19786781072616577,-1.6521947383880615,0.16081254184246063,13.186628431081772,1.0988857025901477,0.16081254184246063,1.6521947383880615
QHfyKaOHSz4_1,QHfyKaOHSz4,10-20s,82.0,12.0,0,layer2,-0.8243786096572876,-1.6858432292938232,0.15632326900959015,12.818508058786392,1.068209004898866,0.15632326900959015,1.6858432292938232
QHfyKaOHSz4_1,QHfyKaOHSz4,10-20s,82.0,12.0,2,layer1,-3.2554075717926025,-2.8816633224487305,0.053067486733198166,4.35153391212225,0.36262782601018745,0.053067486733198166,2.8816633224487305
QHfyKaOHSz4_1,QHfyKaOHSz4,10-20s,82.0,12.0,2,layer2,-0.9507495760917664,-4.169463634490967,0.015225161798298359,1.2484632674604654,0.10403860562170546,0.015225161798298359,4.169463634490967
QHfyKaOHSz4_1,QHfyKaOHSz4,10-20s,82.0,12.0,8,layer1,-0.8773337602615356,-0.748121440410614,0.32123076915740967,26.340923070907593,2.1950769225756326,0.32123076915740967,0.748121440410614
QHfyKaOHSz4_1,QHfyKaOHSz4,10-20s,82.0,12.0,8,layer2,0.9086650609970093,1.1010055541992188,0.75044846534729,61.53677415847778,5.128064513206482,0.24955153465270996,1.1010055541992188
QHfyKaOHSz4_4,QHfyKaOHSz4,5-10s,82.0,7.0,6,layer1,-5.10666561126709,-3.4263718128204346,0.03148137032985687,2.5814723670482635,0.3687817667211805,0.03148137032985687,3.4263718128204346
QHfyKaOHSz4_4,QHfyKaOHSz4,5-10s,82.0,7.0,6,layer2,-1.5607569217681885,-3.5279035568237305,0.02852863073348999,2.339347720146179,0.33419253144945416,0.02852863073348999,3.5279035568237305
QKHpSAAjakY_3,QKHpSAAjakY,2-5s,94.0,2.0,5,layer1,-2.761044979095459,-2.9794704914093018,0.048361990600824356,4.5460271164774895,2.2730135582387447,0.048361990600824356,2.9794704914093018
QKHpSAAjakY_3,QKHpSAAjakY,2-5s,94.0,2.0,5,layer2,-1.3016067743301392,-2.704089641571045,0.06273246556520462,5.896851763129234,2.948425881564617,0.06273246556520462,2.704089641571045
QOmV7O9mFwg_1,QOmV7O9mFwg,2-5s,260.0,4.0,3,layer1,-2.8154499530792236,-2.8513572216033936,0.0546111986041069,14.198911637067795,3.5497279092669487,0.0546111986041069,2.8513572216033936
QOmV7O9mFwg_1,QOmV7O9mFwg,2-5s,260.0,4.0,3,layer2,-0.8868030309677124,-2.542994976043701,0.0728984996676445,18.95360991358757,4.7384024783968925,0.0728984996676445,2.542994976043701
QOmV7O9mFwg_1,QOmV7O9mFwg,2-5s,260.0,4.0,4,layer1,-0.4216369688510895,-2.946423053741455,0.049905840307474136,12.975518479943275,3.243879619985819,0.049905840307474136,2.946423053741455
QOmV7O9mFwg_1,QOmV7O9mFwg,2-5s,260.0,4.0,4,layer2,-0.9410541653633118,-2.7947447299957275,0.05760882422327995,14.978294298052788,3.744573574513197,0.05760882422327995,2.7947447299957275
QRtuOWWya30_1,QRtuOWWya30,2-5s,299.0,2.0,4,layer1,-0.9548126459121704,-3.4795985221862793,0.029898321256041527,8.939598055556417,4.469799027778208,0.029898321256041527,3.4795985221862793
QRtuOWWya30_1,QRtuOWWya30,2-5s,299.0,2.0,4,layer2,-1.8066273927688599,-4.747432708740234,0.00859934464097023,2.571204047650099,1.2856020238250494,0.00859934464097023,4.747432708740234
QRtuOWWya30_1,QRtuOWWya30,2-5s,299.0,2.0,8,layer1,-2.148817300796509,-2.0196049213409424,0.11715985089540482,35.03079541772604,17.51539770886302,0.11715985089540482,2.0196049213409424
QRtuOWWya30_1,QRtuOWWya30,2-5s,299.0,2.0,8,layer2,-2.0169384479522705,-3.1825826168060303,0.03982645645737648,11.908110480755568,5.954055240377784,0.03982645645737648,3.1825826168060303
QTSKjweEWew_1,QTSKjweEWew,5-10s,299.0,7.0,1,layer1,-2.5915591716766357,-3.332721710205078,0.034465543925762177,10.30519763380289,1.4721710905432701,0.034465543925762177,3.332721710205078
QTSKjweEWew_1,QTSKjweEWew,5-10s,299.0,7.0,1,layer2,-2.3114771842956543,-4.606232643127441,0.009890580549836159,2.9572835844010115,0.42246908348585877,0.009890580549836159,4.606232643127441
QTSKjweEWew_1,QTSKjweEWew,5-10s,299.0,7.0,7,layer1,-3.2587764263153076,-1.5913186073303223,0.16919845342636108,50.590337574481964,7.227191082068852,0.16919845342636108,1.5913186073303223
QTSKjweEWew_1,QTSKjweEWew,5-10s,299.0,7.0,7,layer2,-2.1878230571746826,-3.326751708984375,0.034664761275053024,10.364763621240854,1.480680517320122,0.034664761275053024,3.326751708984375
QTSKjweEWew_1,QTSKjweEWew,5-10s,299.0,7.0,9,layer1,-4.253446578979492,-3.5446817874908447,0.02806728705763817,8.392118830233812,1.1988741186048304,0.02806728705763817,3.5446817874908447
QTSKjweEWew_1,QTSKjweEWew,5-10s,299.0,7.0,9,layer2,-1.4313690662384033,-3.8527495861053467,0.020780319347977638,6.213315485045314,0.8876164978636163,0.020780319347977638,3.8527495861053467
QvATUKXYFBs_3,QvATUKXYFBs,20s+,119.0,30.0,1,layer1,-1.512746810913086,-2.2539093494415283,0.09501279145479202,11.30652218312025,0.37688407277067504,0.09501279145479202,2.2539093494415283
QvATUKXYFBs_3,QvATUKXYFBs,20s+,119.0,30.0,1,layer2,-0.9147582054138184,-1.9049807786941528,0.12954579293727875,15.415949359536171,0.5138649786512057,0.12954579293727875,1.9049807786941528
QvATUKXYFBs_4,QvATUKXYFBs,2-5s,119.0,4.0,8,layer1,-2.5562422275543213,-2.427029848098755,0.0811346247792244,9.655020348727703,2.4137550871819258,0.0811346247792244,2.427029848098755
QvATUKXYFBs_4,QvATUKXYFBs,2-5s,119.0,4.0,8,layer2,-1.3064053058624268,-1.901026725769043,0.1299923062324524,15.469084441661835,3.8672711104154587,0.1299923062324524,1.901026725769043
QvATUKXYFBs_5,QvATUKXYFBs,20s+,119.0,49.0,0,layer1,-0.4869551956653595,-1.941282033920288,0.12550707161426544,14.935341522097588,0.3048028882060732,0.12550707161426544,1.941282033920288
QvATUKXYFBs_5,QvATUKXYFBs,20s+,119.0,49.0,0,layer2,-0.6043687462806702,-1.893923044204712,0.13079781830310822,15.564940378069878,0.3176518444504057,0.13079781830310822,1.893923044204712
R4fXcbWFhJg_1,R4fXcbWFhJg,2-5s,133.0,3.0,6,layer1,-4.610039710998535,-2.92974591255188,0.05070255696773529,6.743440076708794,2.247813358902931,0.05070255696773529,2.92974591255188
R4fXcbWFhJg_1,R4fXcbWFhJg,2-5s,133.0,3.0,6,layer2,-2.0222041606903076,-3.0841057300567627,0.04376765713095665,5.821098398417234,1.9403661328057449,0.04376765713095665,3.0841057300567627
R4fXcbWFhJg_1,R4fXcbWFhJg,2-5s,133.0,3.0,7,layer1,-4.783258438110352,-3.115800619125366,0.04246017709374428,5.647203553467989,1.8824011844893296,0.04246017709374428,3.115800619125366
R4fXcbWFhJg_1,R4fXcbWFhJg,2-5s,133.0,3.0,7,layer2,-1.9017304182052612,-3.1557793617248535,0.04086415842175484,5.434933070093393,1.8116443566977978,0.04086415842175484,3.1557793617248535
R4fXcbWFhJg_1,R4fXcbWFhJg,2-5s,133.0,3.0,8,layer1,-3.0742619037628174,-2.945049524307251,0.04997100681066513,6.646143905818462,2.2153813019394875,0.04997100681066513,2.945049524307251
R4fXcbWFhJg_1,R4fXcbWFhJg,2-5s,133.0,3.0,8,layer2,-1.5281790494918823,-3.510042667388916,0.02902783267199993,3.860701745375991,1.286900581791997,0.02902783267199993,3.510042667388916
R8bHTHnF8j4_1,R8bHTHnF8j4,20s+,185.0,29.0,0,layer1,-1.4108375310897827,-2.865164279937744,0.053902726620435715,9.972004424780607,0.34386222154415885,0.053902726620435715,2.865164279937744
R8bHTHnF8j4_1,R8bHTHnF8j4,20s+,185.0,29.0,0,layer2,-1.7821859121322632,-4.14437198638916,0.015605983324348927,2.8871069150045514,0.09955541086222591,0.015605983324348927,4.14437198638916
R8bHTHnF8j4_2,R8bHTHnF8j4,5-10s,185.0,9.0,6,layer1,-4.477520942687988,-2.797227144241333,0.057474199682474136,10.632726941257715,1.1814141045841906,0.057474199682474136,2.797227144241333
R8bHTHnF8j4_2,R8bHTHnF8j4,5-10s,185.0,9.0,6,layer2,-1.5683854818344116,-3.222322463989258,0.03833427652716637,7.091841157525778,0.7879823508361975,0.03833427652716637,3.222322463989258
RNBoH2LHQEM_2,RNBoH2LHQEM,2-5s,299.0,4.0,2,layer1,-4.521390438079834,-4.147645950317383,0.01555576454848051,4.651173599995673,1.1627933999989182,0.01555576454848051,4.147645950317383
RNBoH2LHQEM_2,RNBoH2LHQEM,2-5s,299.0,4.0,2,layer2,-0.5910857319831848,-4.010671615600586,0.017798688262701035,5.321807790547609,1.3304519476369023,0.017798688262701035,4.010671615600586
ROootH-mtEI_1,ROootH-mtEI,10-20s,215.0,15.0,5,layer1,-3.3905506134033203,-3.608976125717163,0.02636558748781681,5.668601309880614,0.37790675399204093,0.02636558748781681,3.608976125717163
ROootH-mtEI_1,ROootH-mtEI,10-20s,215.0,15.0,5,layer2,-0.615067183971405,-3.3374295234680176,0.03430922329425812,7.376483008265495,0.49176553388436633,0.03430922329425812,3.3374295234680176
ROootH-mtEI_1,ROootH-mtEI,10-20s,215.0,15.0,9,layer1,-3.7725069522857666,-3.063742160797119,0.044627878814935684,9.594993945211172,0.6396662630140781,0.044627878814935684,3.063742160797119
ROootH-mtEI_1,ROootH-mtEI,10-20s,215.0,15.0,9,layer2,-1.5160479545593262,-3.689595937728882,0.02437320165336132,5.240238355472684,0.34934922369817895,0.02437320165336132,3.689595937728882
RfGapDlAYoQ_1,RfGapDlAYoQ,2-5s,150.0,3.0,9,layer1,-3.943185329437256,-3.2344205379486084,0.03789076581597328,5.683614872395992,1.894538290798664,0.03789076581597328,3.2344205379486084
RfGapDlAYoQ_1,RfGapDlAYoQ,2-5s,150.0,3.0,9,layer2,-1.492737889289856,-3.429800033569336,0.03137701004743576,4.706551507115364,1.568850502371788,0.03137701004743576,3.429800033569336
Rk-ujWKzPuc_1,Rk-ujWKzPuc,10-20s,300.0,18.0,2,layer1,-4.184453010559082,-3.81070876121521,0.021653247997164726,6.495974399149418,0.3608874666194121,0.021653247997164726,3.81070876121521
Rk-ujWKzPuc_1,Rk-ujWKzPuc,10-20s,300.0,18.0,2,layer2,-0.9452122449874878,-4.278846263885498,0.013669204898178577,4.100761469453573,0.22782008163630962,0.013669204898178577,4.278846263885498
Rk-ujWKzPuc_1,Rk-ujWKzPuc,10-20s,300.0,18.0,5,layer1,-2.8823306560516357,-3.1007561683654785,0.04307607561349869,12.922822684049606,0.7179345935583115,0.04307607561349869,3.1007561683654785
Rk-ujWKzPuc_1,Rk-ujWKzPuc,10-20s,300.0,18.0,5,layer2,-1.2649275064468384,-2.972778797149658,0.048670895397663116,14.601268619298935,0.8111815899610519,0.048670895397663116,2.972778797149658
Rp4Ct_TQvAM_1,Rp4Ct_TQvAM,20s+,299.0,32.0,6,layer1,-3.8568050861358643,-2.176511287689209,0.10187970846891403,30.462032832205296,0.9519385260064155,0.10187970846891403,2.176511287689209
Rp4Ct_TQvAM_1,Rp4Ct_TQvAM,20s+,299.0,32.0,6,layer2,-1.3876293897628784,-1.8304693698883057,0.1381823569536209,41.31652472913265,1.2911413977853954,0.1381823569536209,1.8304693698883057
S0SQyFXbqF8_1,S0SQyFXbqF8,10-20s,96.0,12.0,0,layer1,-0.08912267535924911,-1.5434495210647583,0.1760343760251999,16.89930009841919,1.4082750082015991,0.1760343760251999,1.5434495210647583
S0SQyFXbqF8_1,S0SQyFXbqF8,10-20s,96.0,12.0,0,layer2,-0.6661762595176697,-1.6410962343215942,0.16231593489646912,15.582329750061035,1.298527479171753,0.16231593489646912,1.6410962343215942
S0SQyFXbqF8_1,S0SQyFXbqF8,10-20s,96.0,12.0,1,layer1,-0.9582850337028503,-1.699447512626648,0.15453742444515228,14.83559274673462,1.2362993955612183,0.15453742444515228,1.699447512626648
S0SQyFXbqF8_1,S0SQyFXbqF8,10-20s,96.0,12.0,1,layer2,-1.060437798500061,-1.6652967929840088,0.15905223786830902,15.269014835357666,1.2724179029464722,0.15905223786830902,1.6652967929840088
S0SQyFXbqF8_1,S0SQyFXbqF8,10-20s,96.0,12.0,2,layer1,-2.684889554977417,-2.311145305633545,0.09020410478115082,8.659594058990479,0.7216328382492065,0.09020410478115082,2.311145305633545
S0SQyFXbqF8_1,S0SQyFXbqF8,10-20s,96.0,12.0,2,layer2,-0.6642349362373352,-3.4412827491760254,0.031029891222715378,2.9788695573806763,0.24823912978172302,0.031029891222715378,3.4412827491760254
S0SQyFXbqF8_1,S0SQyFXbqF8,10-20s,96.0,12.0,5,layer1,-1.014883041381836,-1.2333085536956787,0.2256028801202774,21.65787649154663,1.8048230409622192,0.2256028801202774,1.2333085536956787
S0SQyFXbqF8_1,S0SQyFXbqF8,10-20s,96.0,12.0,5,layer2,-0.5056907534599304,-1.419381856918335,0.19475850462913513,18.696816444396973,1.558068037033081,0.19475850462913513,1.419381856918335
S0YE96w0YRk_1,S0YE96w0YRk,10-20s,220.0,13.0,2,layer1,-2.8941853046417236,-2.5204410552978516,0.07443755120038986,16.37626126408577,1.2597124049296746,0.07443755120038986,2.5204410552978516
S0YE96w0YRk_1,S0YE96w0YRk,10-20s,220.0,13.0,2,layer2,-1.2892159223556519,-4.296056270599365,0.013439105823636055,2.956603281199932,0.227431021630764,0.013439105823636055,4.296056270599365
S0YE96w0YRk_1,S0YE96w0YRk,10-20s,220.0,13.0,7,layer1,-3.0233607292175293,-1.355902910232544,0.20490700006484985,45.07954001426697,3.467656924174382,0.20490700006484985,1.355902910232544
S0YE96w0YRk_1,S0YE96w0YRk,10-20s,220.0,13.0,7,layer2,-1.855769395828247,-2.175569772720337,0.10196588933467865,22.432495653629303,1.7255765887407155,0.10196588933467865,2.175569772720337
S8k47ME-YT4_1,S8k47ME-YT4,10-20s,150.0,10.0,1,layer1,-2.0474178791046143,-2.7885804176330566,0.0579443983733654,8.69165975600481,0.869165975600481,0.0579443983733654,2.7885804176330566
S8k47ME-YT4_1,S8k47ME-YT4,10-20s,150.0,10.0,1,layer2,-1.478866457939148,-2.9948508739471436,0.04765903577208519,7.1488553658127785,0.7148855365812778,0.04765903577208519,2.9948508739471436
SGaIvgwwWSE_1,SGaIvgwwWSE,10-20s,65.0,12.0,2,layer1,-3.9151923656463623,-3.5414481163024902,0.02815563790500164,1.8301164638251066,0.15250970531875888,0.02815563790500164,3.5414481163024902
SGaIvgwwWSE_1,SGaIvgwwWSE,10-20s,65.0,12.0,2,layer2,-0.7888461947441101,-3.7582359313964844,0.022793203592300415,1.481558233499527,0.12346318612496059,0.022793203592300415,3.7582359313964844
Smdj6JFB9MQ_1,Smdj6JFB9MQ,20s+,299.0,122.0,2,layer1,-3.509781837463379,-3.136037588119507,0.04164497181773186,12.451846573501825,0.10206431617624447,0.04164497181773186,3.136037588119507
Smdj6JFB9MQ_1,Smdj6JFB9MQ,20s+,299.0,122.0,2,layer2,-1.063330054283142,-4.477265357971191,0.011236748658120632,3.359787848778069,0.02753924466211532,0.011236748658120632,4.477265357971191
Smdj6JFB9MQ_1,Smdj6JFB9MQ,20s+,299.0,122.0,9,layer1,-3.7483971118927,-3.0396323204040527,0.04566718637943268,13.65448872745037,0.11192203874959321,0.04566718637943268,3.0396323204040527
Smdj6JFB9MQ_1,Smdj6JFB9MQ,20s+,299.0,122.0,9,layer2,-1.003061056137085,-3.033283233642578,0.045944694429636,13.737463634461164,0.11260216093820627,0.045944694429636,3.033283233642578
Smdj6JFB9MQ_2,Smdj6JFB9MQ,20s+,299.0,109.0,2,layer1,-3.214672327041626,-2.840928077697754,0.05515215918421745,16.49049559608102,0.15128895042276164,0.05515215918421745,2.840928077697754
Smdj6JFB9MQ_2,Smdj6JFB9MQ,20s+,299.0,109.0,2,layer2,-1.5648952722549438,-4.7863898277282715,0.008273499086499214,2.473776226863265,0.022695194741864818,0.008273499086499214,4.7863898277282715
T32kii824pA_1,T32kii824pA,5-10s,299.0,5.0,1,layer1,-2.5836617946624756,-3.324824333190918,0.03472932055592537,10.384066846221685,2.076813369244337,0.03472932055592537,3.324824333190918
T32kii824pA_1,T32kii824pA,5-10s,299.0,5.0,1,layer2,-1.1019233465194702,-3.1392054557800293,0.04151872545480728,12.414098910987377,2.4828197821974753,0.04151872545480728,3.1392054557800293
T32kii824pA_1,T32kii824pA,5-10s,299.0,5.0,8,layer1,-3.4633662700653076,-3.334153890609741,0.03441791608929634,10.290956910699606,2.0581913821399214,0.03441791608929634,3.334153890609741
T32kii824pA_1,T32kii824pA,5-10s,299.0,5.0,8,layer2,-1.4332014322280884,-3.2536191940307617,0.0371970534324646,11.121918976306915,2.224383795261383,0.0371970534324646,3.2536191940307617
TaQKhIRwii4_3,TaQKhIRwii4,20s+,299.0,183.0,0,layer1,0.989922821521759,-0.46440404653549194,0.3859415650367737,115.39652794599533,0.6305821199234718,0.3859415650367737,0.46440404653549194
TaQKhIRwii4_3,TaQKhIRwii4,20s+,299.0,183.0,0,layer2,0.16585224866867065,-0.30493444204330444,0.42435169219970703,126.8811559677124,0.6933396500967891,0.42435169219970703,0.30493444204330444
TaQKhIRwii4_4,TaQKhIRwii4,20s+,299.0,44.0,7,layer1,-4.76132869720459,-3.0938708782196045,0.04336078092455864,12.964873496443033,0.29465621582825074,0.04336078092455864,3.0938708782196045
TaQKhIRwii4_4,TaQKhIRwii4,20s+,299.0,44.0,7,layer2,-0.965915858745575,-2.8450405597686768,0.05493824556469917,16.426535423845053,0.37333035054193303,0.05493824556469917,2.8450405597686768
Tdl9SmBbRnA_1,Tdl9SmBbRnA,5-10s,299.0,5.0,2,layer1,-3.902097702026367,-3.528353452682495,0.028516164049506187,8.52633305080235,1.70526661016047,0.028516164049506187,3.528353452682495
Tdl9SmBbRnA_1,Tdl9SmBbRnA,5-10s,299.0,5.0,2,layer2,-0.8946133255958557,-4.387031078338623,0.012284806929528713,3.6731572719290853,0.734631454385817,0.012284806929528713,4.387031078338623
Tgxst7Ft9js_1,Tgxst7Ft9js,2-5s,225.0,4.0,2,layer1,-4.1134185791015625,-3.7396743297576904,0.023210320621728897,5.222322139889002,1.3055805349722505,0.023210320621728897,3.7396743297576904
Tgxst7Ft9js_1,Tgxst7Ft9js,2-5s,225.0,4.0,2,layer2,-1.0781105756759644,-4.531941890716553,0.01064522098749876,2.395174722187221,0.5987936805468053,0.01064522098749876,4.531941890716553
Tgxst7Ft9js_1,Tgxst7Ft9js,2-5s,225.0,4.0,7,layer1,-3.968390703201294,-2.3009328842163086,0.09104572981595993,20.485289208590984,5.121322302147746,0.09104572981595993,2.3009328842163086
Tgxst7Ft9js_1,Tgxst7Ft9js,2-5s,225.0,4.0,7,layer2,-2.349886655807495,-3.8845086097717285,0.020143814384937286,4.532358236610889,1.1330895591527224,0.020143814384937286,3.8845086097717285
Tgxst7Ft9js_1,Tgxst7Ft9js,2-5s,225.0,4.0,9,layer1,-4.6521172523498535,-3.943352460861206,0.019014563411474228,4.278276767581701,1.0695691918954253,0.019014563411474228,3.943352460861206
Tgxst7Ft9js_1,Tgxst7Ft9js,2-5s,225.0,4.0,9,layer2,-1.367470145225525,-3.9689722061157227,0.018542518839240074,4.172066738829017,1.0430166847072542,0.018542518839240074,3.9689722061157227
Tgxst7Ft9js_3,Tgxst7Ft9js,20s+,225.0,23.0,2,layer1,-3.5317752361297607,-3.1580309867858887,0.040775999426841736,9.17459987103939,0.39889564656693005,0.040775999426841736,3.1580309867858887
Tgxst7Ft9js_3,Tgxst7Ft9js,20s+,225.0,23.0,2,layer2,-1.2894114255905151,-4.740478992462158,0.008658831007778645,1.948236976750195,0.08470595551087805,0.008658831007778645,4.740478992462158
TtRtURWVYBE_2,TtRtURWVYBE,2-5s,67.0,3.0,3,layer1,-3.01208758354187,-3.04799485206604,0.04530411958694458,3.035376012325287,1.011792004108429,0.04530411958694458,3.04799485206604
TtRtURWVYBE_2,TtRtURWVYBE,2-5s,67.0,3.0,3,layer2,-0.9712015986442566,-2.750518798828125,0.06005735695362091,4.023842915892601,1.3412809719642003,0.06005735695362091,2.750518798828125
TtRtURWVYBE_2,TtRtURWVYBE,2-5s,67.0,3.0,4,layer1,-0.32914990186691284,-2.853935956954956,0.05447821691632271,3.6500405333936214,1.2166801777978737,0.05447821691632271,2.853935956954956
TtRtURWVYBE_2,TtRtURWVYBE,2-5s,67.0,3.0,4,layer2,-1.294906497001648,-3.053828716278076,0.04505246505141258,3.018515158444643,1.0061717194815476,0.04505246505141258,3.053828716278076
TtRtURWVYBE_2,TtRtURWVYBE,2-5s,67.0,3.0,5,layer1,-2.7955353260040283,-3.013960838317871,0.04679913818836212,3.135542258620262,1.0451807528734207,0.04679913818836212,3.013960838317871
TtRtURWVYBE_2,TtRtURWVYBE,2-5s,67.0,3.0,5,layer2,-1.392396330833435,-2.873596429824829,0.05347432941198349,3.582780070602894,1.194260023534298,0.05347432941198349,2.873596429824829
TtRtURWVYBE_2,TtRtURWVYBE,2-5s,67.0,3.0,6,layer1,-4.588240623474121,-2.907946825027466,0.05176211893558502,3.4680619686841965,1.1560206562280655,0.05176211893558502,2.907946825027466
TtRtURWVYBE_2,TtRtURWVYBE,2-5s,67.0,3.0,6,layer2,-1.9356768131256104,-3.153036594390869,0.040971796959638596,2.745110396295786,0.915036798765262,0.040971796959638596,3.153036594390869
TtRtURWVYBE_2,TtRtURWVYBE,2-5s,67.0,3.0,7,layer1,-4.559965133666992,-2.892507314682007,0.05252519249916077,3.5191878974437714,1.1730626324812572,0.05252519249916077,2.892507314682007
TtRtURWVYBE_2,TtRtURWVYBE,2-5s,67.0,3.0,7,layer2,-1.7427736520767212,-2.9654946327209473,0.049009282141923904,3.2836219035089016,1.0945406345029671,0.049009282141923904,2.9654946327209473
TtRtURWVYBE_2,TtRtURWVYBE,2-5s,67.0,3.0,8,layer1,-3.1202073097229004,-2.990994930267334,0.047834351658821106,3.204901561141014,1.068300520380338,0.047834351658821106,2.990994930267334
TtRtURWVYBE_2,TtRtURWVYBE,2-5s,67.0,3.0,8,layer2,-1.7065560817718506,-3.1968812942504883,0.039283253252506256,2.631977967917919,0.877325989305973,0.039283253252506256,3.1968812942504883
U3CAjsm1sec_2,U3CAjsm1sec,5-10s,89.0,9.0,2,layer1,-3.6753275394439697,-3.3015832901000977,0.03551691398024559,3.1610053442418575,0.35122281602687305,0.03551691398024559,3.3015832901000977
U3CAjsm1sec_2,U3CAjsm1sec,5-10s,89.0,9.0,2,layer2,-1.3663856983184814,-3.5564324855804443,0.027748506516218185,2.4696170799434185,0.27440189777149093,0.027748506516218185,3.5564324855804443
UAmDLPjNyMg_1,UAmDLPjNyMg,2-5s,137.0,2.0,1,layer1,-2.375873327255249,-3.1170358657836914,0.0424099825322628,5.810167606920004,2.905083803460002,0.0424099825322628,3.1170358657836914
UAmDLPjNyMg_1,UAmDLPjNyMg,2-5s,137.0,2.0,1,layer2,-1.2269353866577148,-3.0358080863952637,0.04583415016531944,6.279278572648764,3.139639286324382,0.04583415016531944,3.0358080863952637
UCy1BEx8jBE_2,UCy1BEx8jBE,20s+,299.0,21.0,7,layer1,-3.2369284629821777,-1.5694706439971924,0.17229187488555908,51.515270590782166,2.4531081233705794,0.17229187488555908,1.5694706439971924
UCy1BEx8jBE_2,UCy1BEx8jBE,20s+,299.0,21.0,7,layer2,-1.4035710096359253,-1.5203794240951538,0.17940565943717957,53.64229217171669,2.5543948653198423,0.17940565943717957,1.5203794240951538
UCy1BEx8jBE_3,UCy1BEx8jBE,20s+,299.0,31.0,6,layer1,-3.0615384578704834,-1.3812446594238281,0.20080919563770294,60.04194949567318,1.9368370805055863,0.20080919563770294,1.3812446594238281
UCy1BEx8jBE_3,UCy1BEx8jBE,20s+,299.0,31.0,6,layer2,-1.5670349597930908,-1.4355576038360596,0.19223423302173615,57.47803567349911,1.8541301830161003,0.19223423302173615,1.4355576038360596
UQtBt6CQpwg_1,UQtBt6CQpwg,2-5s,59.0,2.0,0,layer1,-2.2594220638275146,-3.7137489318847656,0.023805411532521248,1.4045192804187536,0.7022596402093768,0.023805411532521248,3.7137489318847656
UQtBt6CQpwg_1,UQtBt6CQpwg,2-5s,59.0,2.0,0,layer2,-0.7342222332954407,-3.954536199569702,0.018807072192430496,1.1096172593533993,0.5548086296766996,0.018807072192430496,3.954536199569702
UQtBt6CQpwg_1,UQtBt6CQpwg,2-5s,59.0,2.0,4,layer1,-1.4989210367202759,-4.023706912994385,0.017572231590747833,1.0367616638541222,0.5183808319270611,0.017572231590747833,4.023706912994385
UQtBt6CQpwg_1,UQtBt6CQpwg,2-5s,59.0,2.0,4,layer2,-0.8152135014533997,-3.9241271018981934,0.01937650889158249,1.1432140246033669,0.5716070123016834,0.01937650889158249,3.9241271018981934
UQtBt6CQpwg_1,UQtBt6CQpwg,2-5s,59.0,2.0,8,layer1,-3.5325043201446533,-3.403291940689087,0.032192740589380264,1.8993716947734356,0.9496858473867178,0.032192740589380264,3.403291940689087
UQtBt6CQpwg_1,UQtBt6CQpwg,2-5s,59.0,2.0,8,layer2,-1.3152614831924438,-3.1882331371307373,0.03961094096302986,2.337045516818762,1.168522758409381,0.03961094096302986,3.1882331371307373
UhCzD6EBJBU_1,UhCzD6EBJBU,5-10s,260.0,8.0,7,layer1,-4.118902206420898,-2.451444387435913,0.07933298498392105,20.626576095819473,2.578322011977434,0.07933298498392105,2.451444387435913
UhCzD6EBJBU_1,UhCzD6EBJBU,5-10s,260.0,8.0,7,layer2,-2.206740379333496,-3.8541553020477295,0.02075173519551754,5.39545115083456,0.67443139385432,0.02075173519551754,3.8541553020477295
UhCzD6EBJBU_2,UhCzD6EBJBU,5-10s,260.0,8.0,5,layer1,-3.4791414737701416,-3.6975669860839844,0.024184374138712883,6.28793727606535,0.7859921595081687,0.024184374138712883,3.6975669860839844
UhCzD6EBJBU_2,UhCzD6EBJBU,5-10s,260.0,8.0,5,layer2,-1.2352478504180908,-3.7738776206970215,0.022447392344474792,5.836322009563446,0.7295402511954308,0.022447392344474792,3.7738776206970215
V4PLSw_WzVw_2,V4PLSw_WzVw,2-5s,82.0,2.0,3,layer1,-3.2180354595184326,-3.2539427280426025,0.03718546777963638,3.0492083579301834,1.5246041789650917,0.03718546777963638,3.2539427280426025
V4PLSw_WzVw_2,V4PLSw_WzVw,2-5s,82.0,2.0,3,layer2,-0.6758223176002502,-3.28102970123291,0.036227744072675705,2.970675013959408,1.485337506979704,0.036227744072675705,3.28102970123291
V8A0VRGdgwM_1,V8A0VRGdgwM,2-5s,77.0,4.0,0,layer1,-1.4258469343185425,-2.880173683166504,0.05314239487051964,4.091964405030012,1.022991101257503,0.05314239487051964,2.880173683166504
V8A0VRGdgwM_1,V8A0VRGdgwM,2-5s,77.0,4.0,0,layer2,-1.5233103036880493,-3.128392457962036,0.041951168328523636,3.23023996129632,0.80755999032408,0.041951168328523636,3.128392457962036
V8A0VRGdgwM_1,V8A0VRGdgwM,2-5s,77.0,4.0,4,layer1,-0.5584434866905212,-3.0832295417785645,0.0438043437898159,3.3729344718158245,0.8432336179539561,0.0438043437898159,3.0832295417785645
V8A0VRGdgwM_1,V8A0VRGdgwM,2-5s,77.0,4.0,4,layer2,-1.2047010660171509,-3.075709819793701,0.04412039741873741,3.3972706012427807,0.8493176503106952,0.04412039741873741,3.075709819793701
V8A0VRGdgwM_1,V8A0VRGdgwM,2-5s,77.0,4.0,5,layer1,-2.59405255317688,-2.8124780654907227,0.05665360018610954,4.362327214330435,1.0905818035826087,0.05665360018610954,2.8124780654907227
V8A0VRGdgwM_1,V8A0VRGdgwM,2-5s,77.0,4.0,5,layer2,-1.432381272315979,-2.7340683937072754,0.06099274381995201,4.696441274136305,1.1741103185340762,0.06099274381995201,2.7340683937072754
V8A0VRGdgwM_1,V8A0VRGdgwM,2-5s,77.0,4.0,7,layer1,-4.353107452392578,-2.6856496334075928,0.06382546573877335,4.914560861885548,1.228640215471387,0.06382546573877335,2.6856496334075928
V8A0VRGdgwM_1,V8A0VRGdgwM,2-5s,77.0,4.0,7,layer2,-1.5545130968093872,-2.5584139823913574,0.07186325639486313,5.533470742404461,1.3833676856011152,0.07186325639486313,2.5584139823913574
V8A0VRGdgwM_1,V8A0VRGdgwM,2-5s,77.0,4.0,8,layer1,-3.109685182571411,-2.9804728031158447,0.04831588640809059,3.7203232534229755,0.9300808133557439,0.04831588640809059,2.9804728031158447
V8A0VRGdgwM_1,V8A0VRGdgwM,2-5s,77.0,4.0,8,layer2,-1.6341184377670288,-3.3174514770507812,0.03497733175754547,2.6932545453310013,0.6733136363327503,0.03497733175754547,3.3174514770507812
VE6Ku0-ucUM_1,VE6Ku0-ucUM,2-5s,66.0,2.0,1,layer1,-2.611527442932129,-3.3526899814605713,0.033807188272476196,2.231274425983429,1.1156372129917145,0.033807188272476196,3.3526899814605713
VE6Ku0-ucUM_1,VE6Ku0-ucUM,2-5s,66.0,2.0,1,layer2,-1.9861403703689575,-4.447116851806641,0.01157669723033905,0.7640620172023773,0.38203100860118866,0.01157669723033905,4.447116851806641
VE6Ku0-ucUM_1,VE6Ku0-ucUM,2-5s,66.0,2.0,6,layer1,-4.689399242401123,-3.0091054439544678,0.0470162108540535,3.103069916367531,1.5515349581837654,0.0470162108540535,3.0091054439544678
VE6Ku0-ucUM_1,VE6Ku0-ucUM,2-5s,66.0,2.0,6,layer2,-1.961665153503418,-4.070858001708984,0.016776490956544876,1.1072484031319618,0.5536242015659809,0.016776490956544876,4.070858001708984
VE6Ku0-ucUM_1,VE6Ku0-ucUM,2-5s,66.0,2.0,7,layer1,-5.101548671722412,-3.4340908527374268,0.031246863305568695,2.062292978167534,1.031146489083767,0.031246863305568695,3.4340908527374268
VE6Ku0-ucUM_1,VE6Ku0-ucUM,2-5s,66.0,2.0,7,layer2,-1.735283374786377,-4.1001176834106445,0.016300613060593605,1.075840461999178,0.537920230999589,0.016300613060593605,4.1001176834106445
VE6Ku0-ucUM_1,VE6Ku0-ucUM,2-5s,66.0,2.0,9,layer1,-3.8556149005889893,-3.146850109100342,0.041215572506189346,2.720227785408497,1.3601138927042484,0.041215572506189346,3.146850109100342
VE6Ku0-ucUM_1,VE6Ku0-ucUM,2-5s,66.0,2.0,9,layer2,-1.1022173166275024,-3.399254322052002,0.032318778336048126,2.1330393701791763,1.0665196850895882,0.032318778336048126,3.399254322052002
VE6Ku0-ucUM_2,VE6Ku0-ucUM,2-5s,66.0,3.0,9,layer1,-3.732309341430664,-3.0235445499420166,0.04637347161769867,3.060649126768112,1.0202163755893707,0.04637347161769867,3.0235445499420166
VE6Ku0-ucUM_2,VE6Ku0-ucUM,2-5s,66.0,3.0,9,layer2,-1.1117116212844849,-3.1378841400146484,0.04157133772969246,2.7437082901597023,0.9145694300532341,0.04157133772969246,3.1378841400146484
VE6Ku0-ucUM_4,VE6Ku0-ucUM,10-20s,66.0,15.0,1,layer1,-1.7480709552764893,-2.4892334938049316,0.07661640644073486,5.056682825088501,0.3371121883392334,0.07661640644073486,2.4892334938049316
VE6Ku0-ucUM_4,VE6Ku0-ucUM,10-20s,66.0,15.0,1,layer2,-1.097231149673462,-2.3296303749084473,0.08869853615760803,5.85410338640213,0.39027355909347533,0.08869853615760803,2.3296303749084473
VQnmlf2OsUg_1,VQnmlf2OsUg,5-10s,125.0,9.0,9,layer1,-3.4357423782348633,-2.726977586746216,0.06140011176466942,7.675013970583677,0.8527793300648531,0.06140011176466942,2.726977586746216
VQnmlf2OsUg_1,VQnmlf2OsUg,5-10s,125.0,9.0,9,layer2,-0.6707826852798462,-2.6287901401519775,0.06730836629867554,8.413545787334442,0.9348384208149381,0.06730836629867554,2.6287901401519775
VQnmlf2OsUg_2,VQnmlf2OsUg,10-20s,125.0,10.0,1,layer1,-0.6452414989471436,-1.386404037475586,0.1999824494123459,24.997806176543236,2.4997806176543236,0.1999824494123459,1.386404037475586
VQnmlf2OsUg_2,VQnmlf2OsUg,10-20s,125.0,10.0,1,layer2,-1.1136423349380493,-1.4636552333831787,0.18790890276432037,23.488612845540047,2.3488612845540047,0.18790890276432037,1.4636552333831787
VZLZ08k3YeA_4,VZLZ08k3YeA,2-5s,142.0,4.0,3,layer1,-3.4065101146698,-3.4424173831939697,0.030995795503258705,4.401402961462736,1.100350740365684,0.030995795503258705,3.4424173831939697
VZLZ08k3YeA_4,VZLZ08k3YeA,2-5s,142.0,4.0,3,layer2,-0.42698004841804504,-2.9952855110168457,0.04763931408524513,6.764782600104809,1.6911956500262022,0.04763931408524513,2.9952855110168457
WCYfCfW9NA0_4,WCYfCfW9NA0,2-5s,281.0,3.0,3,layer1,-3.323077440261841,-3.3589847087860107,0.03360217809677124,9.442212045192719,3.1474040150642395,0.03360217809677124,3.3589847087860107
WCYfCfW9NA0_4,WCYfCfW9NA0,2-5s,281.0,3.0,3,layer2,-1.0160194635391235,-3.4845428466796875,0.0297552477568388,8.361224619671702,2.787074873223901,0.0297552477568388,3.4845428466796875
WLzzpzOKtnY_2,WLzzpzOKtnY,20s+,300.0,21.0,0,layer1,-0.8085467219352722,-2.262873649597168,0.09424477815628052,28.273433446884155,1.3463539736611503,0.09424477815628052,2.262873649597168
WLzzpzOKtnY_2,WLzzpzOKtnY,20s+,300.0,21.0,0,layer2,-0.9409183859825134,-2.060351610183716,0.11301057785749435,33.903173357248306,1.6144368265356337,0.11301057785749435,2.060351610183716
WUpeplQr3A4_1,WUpeplQr3A4,2-5s,300.0,2.0,8,layer1,-3.7462432384490967,-3.6170308589935303,0.026159608736634254,7.847882620990276,3.923941310495138,0.026159608736634254,3.6170308589935303
WUpeplQr3A4_1,WUpeplQr3A4,2-5s,300.0,2.0,8,layer2,-0.8663555383682251,-3.3115878105163574,0.03517579287290573,10.55273786187172,5.27636893093586,0.03517579287290573,3.3115878105163574
WUyeFOyKIg0_2,WUyeFOyKIg0,2-5s,299.0,3.0,2,layer1,-4.0658063888549805,-3.6920621395111084,0.024314625188708305,7.270072931423783,2.4233576438079276,0.024314625188708305,3.6920621395111084
WUyeFOyKIg0_2,WUyeFOyKIg0,2-5s,299.0,3.0,2,layer2,-1.085457444190979,-3.68953800201416,0.024374578148126602,7.287998866289854,2.429332955429951,0.024374578148126602,3.68953800201416
WWkhzcmx3VE_1,WWkhzcmx3VE,10-20s,300.0,10.0,2,layer1,-3.5254509449005127,-3.1517066955566406,0.04102408513426781,12.307225540280342,1.2307225540280342,0.04102408513426781,3.1517066955566406
WWkhzcmx3VE_1,WWkhzcmx3VE,10-20s,300.0,10.0,2,layer2,-1.00920832157135,-4.334381580352783,0.012940332293510437,3.882099688053131,0.3882099688053131,0.012940332293510437,4.334381580352783
WWkhzcmx3VE_1,WWkhzcmx3VE,10-20s,300.0,10.0,6,layer1,-5.140653610229492,-3.460359811782837,0.030461404472589493,9.138421341776848,0.9138421341776848,0.030461404472589493,3.460359811782837
WWkhzcmx3VE_1,WWkhzcmx3VE,10-20s,300.0,10.0,6,layer2,-1.6800166368484497,-3.5928049087524414,0.026783905923366547,8.035171777009964,0.8035171777009964,0.026783905923366547,3.5928049087524414
WWkhzcmx3VE_1,WWkhzcmx3VE,10-20s,300.0,10.0,7,layer1,-5.040496826171875,-3.3730390071868896,0.03314876928925514,9.944630786776543,0.9944630786776543,0.03314876928925514,3.3730390071868896
WWkhzcmx3VE_1,WWkhzcmx3VE,10-20s,300.0,10.0,7,layer2,-1.5528112649917603,-3.396697998046875,0.03239881992340088,9.719645977020264,0.9719645977020264,0.03239881992340088,3.396697998046875
Wq4OD3olO2w_1,Wq4OD3olO2w,2-5s,299.0,2.0,6,layer1,-5.225194931030273,-3.544901132583618,0.028061306104063988,8.390330525115132,4.195165262557566,0.028061306104063988,3.544901132583618
Wq4OD3olO2w_1,Wq4OD3olO2w,2-5s,299.0,2.0,6,layer2,-1.7761726379394531,-3.778301954269409,0.022350512444972992,6.682803221046925,3.3414016105234623,0.022350512444972992,3.778301954269409
WqXFAY4k79s_1,WqXFAY4k79s,2-5s,300.0,3.0,0,layer1,-1.4523056745529175,-2.906632423400879,0.05182666704058647,15.548000112175941,5.182666704058647,0.05182666704058647,2.906632423400879
WqXFAY4k79s_1,WqXFAY4k79s,2-5s,300.0,3.0,0,layer2,-1.3081731796264648,-3.253547430038452,0.03719962388277054,11.159887164831161,3.719962388277054,0.03719962388277054,3.253547430038452
WqXFAY4k79s_1,WqXFAY4k79s,2-5s,300.0,3.0,7,layer1,-4.925644874572754,-3.2581870555877686,0.0370338074862957,11.11014224588871,3.70338074862957,0.0370338074862957,3.2581870555877686
WqXFAY4k79s_1,WqXFAY4k79s,2-5s,300.0,3.0,7,layer2,-1.9828698635101318,-3.328221559524536,0.034615613520145416,10.384684056043625,3.4615613520145416,0.034615613520145416,3.328221559524536
WqXFAY4k79s_2,WqXFAY4k79s,5-10s,300.0,6.0,6,layer1,-3.6265480518341064,-1.9462542533874512,0.12496237456798553,37.48871237039566,6.248118728399277,0.12496237456798553,1.9462542533874512
WqXFAY4k79s_2,WqXFAY4k79s,5-10s,300.0,6.0,6,layer2,-1.9962776899337769,-3.0579404830932617,0.044875893741846085,13.462768122553825,2.2437946870923042,0.044875893741846085,3.0579404830932617
WqXFAY4k79s_2,WqXFAY4k79s,5-10s,300.0,6.0,7,layer1,-4.423913955688477,-2.756456136703491,0.05972306430339813,17.91691929101944,2.9861532151699066,0.05972306430339813,2.756456136703491
WqXFAY4k79s_2,WqXFAY4k79s,5-10s,300.0,6.0,7,layer2,-1.7672550678253174,-3.2588753700256348,0.03700926527380943,11.10277958214283,1.8504632636904716,0.03700926527380943,3.2588753700256348
XWw7ZM1c_QA_1,XWw7ZM1c_QA,10-20s,102.0,10.0,2,layer1,-3.231199264526367,-2.857455015182495,0.05429723113775253,5.538317576050758,0.5538317576050759,0.05429723113775253,2.857455015182495
XWw7ZM1c_QA_1,XWw7ZM1c_QA,10-20s,102.0,10.0,2,layer2,-0.9775562286376953,-4.0005292892456055,0.01797686330974102,1.833640057593584,0.1833640057593584,0.01797686330974102,4.0005292892456055
XWw7ZM1c_QA_1,XWw7ZM1c_QA,10-20s,102.0,10.0,7,layer1,-4.454013824462891,-2.7865560054779053,0.058055002242326736,5.921610228717327,0.5921610228717327,0.058055002242326736,2.7865560054779053
XWw7ZM1c_QA_1,XWw7ZM1c_QA,10-20s,102.0,10.0,7,layer2,-1.7453757524490356,-3.0717458724975586,0.044287871569395065,4.517362900078297,0.45173629000782967,0.044287871569395065,3.0717458724975586
XWw7ZM1c_QA_1,XWw7ZM1c_QA,10-20s,102.0,10.0,8,layer1,-2.4366188049316406,-2.307406425476074,0.09051141142845154,9.232163965702057,0.9232163965702057,0.09051141142845154,2.307406425476074
XWw7ZM1c_QA_1,XWw7ZM1c_QA,10-20s,102.0,10.0,8,layer2,-1.857738971710205,-2.8279519081115723,0.055832263082265854,5.694890834391117,0.5694890834391118,0.055832263082265854,2.8279519081115723
XamQAY_WXRY_1,XamQAY_WXRY,20s+,299.0,24.0,8,layer1,-1.7110973596572876,-1.5818850994110107,0.17052868008613586,50.98807534575462,2.1245031394064426,0.17052868008613586,1.5818850994110107
XamQAY_WXRY_1,XamQAY_WXRY,20s+,299.0,24.0,8,layer2,-0.9700132608413696,-1.1745097637176514,0.23604078590869904,70.57619498670101,2.940674791112542,0.23604078590869904,1.1745097637176514
XrJcmftCY04_2,XrJcmftCY04,10-20s,194.0,16.0,3,layer1,-3.1947269439697266,-3.2306342124938965,0.03802904114127159,7.377633981406689,0.46110212383791804,0.03802904114127159,3.2306342124938965
XrJcmftCY04_2,XrJcmftCY04,10-20s,194.0,16.0,3,layer2,-0.7731296420097351,-2.9595131874084473,0.04928881302475929,9.562029726803303,0.5976268579252064,0.04928881302475929,2.9595131874084473
Y3lNEe-ZGF0_1,Y3lNEe-ZGF0,20s+,65.0,22.0,5,layer1,0.2327837347984314,0.014358162879943848,0.5035894513130188,32.73331433534622,1.487877924333919,0.4964105486869812,0.014358162879943848
Y3lNEe-ZGF0_1,Y3lNEe-ZGF0,20s+,65.0,22.0,5,layer2,-0.45843827724456787,-0.36674436926841736,0.4093279540538788,26.60631701350212,1.2093780460682781,0.4093279540538788,0.36674436926841736
YH4qi8Ul6v0_1,YH4qi8Ul6v0,10-20s,60.0,11.0,0,layer1,-1.3135623931884766,-2.7678892612457275,0.05908425152301788,3.545055091381073,0.32227773558009754,0.05908425152301788,2.7678892612457275
YH4qi8Ul6v0_1,YH4qi8Ul6v0,10-20s,60.0,11.0,0,layer2,-1.2840205430984497,-2.6631979942321777,0.065180204808712,3.9108122885227203,0.35552838986570184,0.065180204808712,2.6631979942321777
YH4qi8Ul6v0_1,YH4qi8Ul6v0,10-20s,60.0,11.0,4,layer1,-0.522892951965332,-3.0476789474487305,0.04531778767704964,2.719067260622978,0.2471879327839071,0.04531778767704964,3.0476789474487305
YH4qi8Ul6v0_1,YH4qi8Ul6v0,10-20s,60.0,11.0,4,layer2,-1.171906590461731,-3.034104347229004,0.045908715575933456,2.7545229345560074,0.25041117586872796,0.045908715575933456,3.034104347229004
YH4qi8Ul6v0_1,YH4qi8Ul6v0,10-20s,60.0,11.0,8,layer1,-3.0847437381744385,-2.955531358718872,0.04947573319077492,2.968543991446495,0.269867635586045,0.04947573319077492,2.955531358718872
YH4qi8Ul6v0_1,YH4qi8Ul6v0,10-20s,60.0,11.0,8,layer2,-1.7139800786972046,-2.9272360801696777,0.05082349479198456,3.0494096875190735,0.27721906250173395,0.05082349479198456,2.9272360801696777
YH4qi8Ul6v0_1,YH4qi8Ul6v0,10-20s,60.0,11.0,9,layer1,-3.3964078426361084,-2.687643051147461,0.06370646506547928,3.8223879039287567,0.3474898094480688,0.06370646506547928,2.687643051147461
YH4qi8Ul6v0_1,YH4qi8Ul6v0,10-20s,60.0,11.0,9,layer2,-1.1813565492630005,-2.537163496017456,0.07329360395669937,4.397616237401962,0.3997832943092693,0.07329360395669937,2.537163496017456
YH4qi8Ul6v0_3,YH4qi8Ul6v0,10-20s,60.0,14.0,7,layer1,-2.672868490219116,-1.0054106712341309,0.2678789496421814,16.072736978530884,1.1480526413236345,0.2678789496421814,1.0054106712341309
YH4qi8Ul6v0_3,YH4qi8Ul6v0,10-20s,60.0,14.0,7,layer2,-1.03583562374115,-0.7618808150291443,0.3182380497455597,19.09428298473358,1.3638773560523987,0.3182380497455597,0.7618808150291443
YQGW5AwDOIo_3,YQGW5AwDOIo,5-10s,299.0,5.0,4,layer1,-1.0715694427490234,-3.596355438232422,0.026691513136029243,7.980762427672744,1.5961524855345488,0.026691513136029243,3.596355438232422
YQGW5AwDOIo_3,YQGW5AwDOIo,5-10s,299.0,5.0,4,layer2,-0.8566081523895264,-3.2795636653900146,0.036278970539569855,10.847412191331387,2.1694824382662774,0.036278970539569855,3.2795636653900146
YflmW68gL4E_1,YflmW68gL4E,5-10s,285.0,5.0,2,layer1,-4.206844329833984,-3.8331000804901123,0.02118394523859024,6.0374243929982185,1.2074848785996437,0.02118394523859024,3.8331000804901123
YflmW68gL4E_1,YflmW68gL4E,5-10s,285.0,5.0,2,layer2,-1.025320053100586,-4.44888973236084,0.011556427925825119,3.293581958860159,0.6587163917720318,0.011556427925825119,4.44888973236084
YflmW68gL4E_2,YflmW68gL4E,2-5s,285.0,2.0,6,layer1,-4.967537879943848,-3.2872440814971924,0.03601139411330223,10.263247322291136,5.131623661145568,0.03601139411330223,3.2872440814971924
YflmW68gL4E_2,YflmW68gL4E,2-5s,285.0,2.0,6,layer2,-1.8372985124588013,-3.4954276084899902,0.02944260835647583,8.391143381595612,4.195571690797806,0.02944260835647583,3.4954276084899902
Z3wDry8nnJs_1,Z3wDry8nnJs,2-5s,90.0,3.0,1,layer1,-1.844907283782959,-2.5860698223114014,0.07004034519195557,6.303631067276001,2.101210355758667,0.07004034519195557,2.5860698223114014
Z3wDry8nnJs_1,Z3wDry8nnJs,2-5s,90.0,3.0,1,layer2,-1.307651400566101,-2.557140827178955,0.07194821536540985,6.475339382886887,2.1584464609622955,0.07194821536540985,2.557140827178955
Z3wDry8nnJs_1,Z3wDry8nnJs,2-5s,90.0,3.0,5,layer1,-1.4305378198623657,-1.648963451385498,0.1612490862607956,14.512417763471603,4.837472587823868,0.1612490862607956,1.648963451385498
Z3wDry8nnJs_1,Z3wDry8nnJs,2-5s,90.0,3.0,5,layer2,-0.9476869702339172,-2.0946950912475586,0.10961350053548813,9.865215048193932,3.288405016064644,0.10961350053548813,2.0946950912475586
Z3wDry8nnJs_2,Z3wDry8nnJs,5-10s,90.0,6.0,0,layer1,-1.3685741424560547,-2.8229010105133057,0.056099116802215576,5.048920512199402,0.8414867520332336,0.056099116802215576,2.8229010105133057
Z3wDry8nnJs_2,Z3wDry8nnJs,5-10s,90.0,6.0,0,layer2,-1.20736563205719,-2.512889862060547,0.07495947927236557,6.746353134512901,1.1243921890854836,0.07495947927236557,2.512889862060547
Z3wDry8nnJs_2,Z3wDry8nnJs,5-10s,90.0,6.0,1,layer1,-2.2053611278533936,-2.946523666381836,0.04990106821060181,4.491096138954163,0.7485160231590271,0.04990106821060181,2.946523666381836
Z3wDry8nnJs_2,Z3wDry8nnJs,5-10s,90.0,6.0,1,layer2,-1.146945834159851,-2.6323981285095215,0.06708221137523651,6.037399023771286,1.0062331706285477,0.06708221137523651,2.6323981285095215
Z3wDry8nnJs_3,Z3wDry8nnJs,2-5s,90.0,2.0,1,layer1,-2.5664501190185547,-3.307612657546997,0.03531095013022423,3.1779855117201805,1.5889927558600903,0.03531095013022423,3.307612657546997
Z3wDry8nnJs_3,Z3wDry8nnJs,2-5s,90.0,2.0,1,layer2,-1.3577635288238525,-3.320239305496216,0.034883350133895874,3.1395015120506287,1.5697507560253143,0.034883350133895874,3.320239305496216
Z3wDry8nnJs_3,Z3wDry8nnJs,2-5s,90.0,2.0,4,layer1,-0.7732306718826294,-3.2980165481567383,0.03563929721713066,3.2075367495417595,1.6037683747708797,0.03563929721713066,3.2980165481567383
Z3wDry8nnJs_3,Z3wDry8nnJs,2-5s,90.0,2.0,4,layer2,-1.0759204626083374,-3.2388663291931152,0.03772902861237526,3.3956125751137733,1.6978062875568867,0.03772902861237526,3.2388663291931152
Z3wDry8nnJs_3,Z3wDry8nnJs,2-5s,90.0,2.0,5,layer1,-3.3500986099243164,-3.568524122238159,0.027424147352576256,2.468173261731863,1.2340866308659315,0.027424147352576256,3.568524122238159
Z3wDry8nnJs_3,Z3wDry8nnJs,2-5s,90.0,2.0,5,layer2,-1.3495105504989624,-3.501002788543701,0.029283709824085236,2.635533884167671,1.3177669420838356,0.029283709824085236,3.501002788543701
ZBtgrP4vU_w_1,ZBtgrP4vU_w,5-10s,300.0,7.0,6,layer1,-2.9070918560028076,-1.2267980575561523,0.22674232721328735,68.0226981639862,9.717528309140887,0.22674232721328735,1.2267980575561523
ZBtgrP4vU_w_1,ZBtgrP4vU_w,5-10s,300.0,7.0,6,layer2,-2.450923204421997,-2.942082405090332,0.050112053751945496,15.033616125583649,2.1476594465119496,0.050112053751945496,2.942082405090332
ZBtgrP4vU_w_1,ZBtgrP4vU_w,5-10s,300.0,7.0,8,layer1,-2.1195688247680664,-1.9903564453125,0.1202191561460495,36.06574684381485,5.152249549116407,0.1202191561460495,1.9903564453125
ZBtgrP4vU_w_1,ZBtgrP4vU_w,5-10s,300.0,7.0,8,layer2,-2.280137062072754,-3.310572862625122,0.035210251808166504,10.563075542449951,1.5090107917785645,0.035210251808166504,3.310572862625122
ZBtgrP4vU_w_1,ZBtgrP4vU_w,5-10s,300.0,7.0,9,layer1,-3.7001237869262695,-2.991358995437622,0.04781777411699295,14.345332235097885,2.049333176442555,0.04781777411699295,2.991358995437622
ZBtgrP4vU_w_1,ZBtgrP4vU_w,5-10s,300.0,7.0,9,layer2,-1.7313956022262573,-3.7210447788238525,0.023636454716324806,7.090936414897442,1.0129909164139204,0.023636454716324806,3.7210447788238525
ZBtgrP4vU_w_3,ZBtgrP4vU_w,20s+,300.0,177.0,1,layer1,-1.7147799730300903,-2.455942392349243,0.07900507748126984,23.70152324438095,0.1339069109852031,0.07900507748126984,2.455942392349243
ZBtgrP4vU_w_3,ZBtgrP4vU_w,20s+,300.0,177.0,1,layer2,-1.529732584953308,-2.566516876220703,0.0713246762752533,21.39740288257599,0.12088928182246321,0.0713246762752533,2.566516876220703
ZTYAQBnU4GM_1,ZTYAQBnU4GM,2-5s,114.0,2.0,0,layer1,-1.5640672445297241,-3.0183939933776855,0.04660177603363991,5.3126024678349495,2.6563012339174747,0.04660177603363991,3.0183939933776855
ZTYAQBnU4GM_1,ZTYAQBnU4GM,2-5s,114.0,2.0,0,layer2,-0.8461184501647949,-3.2894446849823,0.03593507781624794,4.096598871052265,2.0482994355261326,0.03593507781624794,3.2894446849823
ZTYAQBnU4GM_1,ZTYAQBnU4GM,2-5s,114.0,2.0,8,layer1,-3.3625247478485107,-3.2333123683929443,0.037931185215711594,4.324155114591122,2.162077557295561,0.037931185215711594,3.2333123683929443
ZTYAQBnU4GM_1,ZTYAQBnU4GM,2-5s,114.0,2.0,8,layer2,-1.1978262662887573,-2.996610164642334,0.04757924750447273,5.4240342155098915,2.7120171077549458,0.04757924750447273,2.996610164642334
ZUmZgPL0ges_3,ZUmZgPL0ges,2-5s,168.0,2.0,0,layer1,-2.3486239910125732,-3.802950859069824,0.02181820571422577,3.665458559989929,1.8327292799949646,0.02181820571422577,3.802950859069824
ZUmZgPL0ges_3,ZUmZgPL0ges,2-5s,168.0,2.0,0,layer2,-0.9938883185386658,-3.8394532203674316,0.021052611991763115,3.5368388146162033,1.7684194073081017,0.021052611991763115,3.8394532203674316
ZUmZgPL0ges_3,ZUmZgPL0ges,2-5s,168.0,2.0,3,layer1,-3.177335739135742,-3.213243007659912,0.03867039456963539,6.496626287698746,3.248313143849373,0.03867039456963539,3.213243007659912
ZUmZgPL0ges_3,ZUmZgPL0ges,2-5s,168.0,2.0,3,layer2,-1.6718205213546753,-3.3620548248291016,0.033502623438835144,5.628440737724304,2.814220368862152,0.033502623438835144,3.3620548248291016
Z_smJ66Tb3c_1,Z_smJ66Tb3c,2-5s,201.0,4.0,1,layer1,-2.773322820663452,-3.5144853591918945,0.028902875259518623,5.809477927163243,1.4523694817908108,0.028902875259518623,3.5144853591918945
Z_smJ66Tb3c_1,Z_smJ66Tb3c,2-5s,201.0,4.0,1,layer2,-1.3686952590942383,-3.6301472187042236,0.02582753449678421,5.191334433853626,1.2978336084634066,0.02582753449678421,3.6301472187042236
Z_smJ66Tb3c_1,Z_smJ66Tb3c,2-5s,201.0,4.0,6,layer1,-5.24974250793457,-3.569448709487915,0.027399498969316483,5.507299292832613,1.3768248232081532,0.027399498969316483,3.569448709487915
Z_smJ66Tb3c_1,Z_smJ66Tb3c,2-5s,201.0,4.0,6,layer2,-1.3813084363937378,-3.4979729652404785,0.029369961470365524,5.90336225554347,1.4758405638858676,0.029369961470365524,3.4979729652404785
Z_smJ66Tb3c_2,Z_smJ66Tb3c,5-10s,201.0,7.0,9,layer1,-3.986260175704956,-3.2774953842163086,0.03635134920477867,7.306621190160513,1.0438030271657877,0.03635134920477867,3.2774953842163086
Z_smJ66Tb3c_2,Z_smJ66Tb3c,5-10s,201.0,7.0,9,layer2,-1.6244515180587769,-3.5761806964874268,0.027220668271183968,5.4713543225079775,0.7816220460725682,0.027220668271183968,3.5761806964874268
Zsf2YvJfCKw_1,Zsf2YvJfCKw,2-5s,135.0,2.0,8,layer1,-3.544069528579712,-3.4148571491241455,0.031834352761507034,4.29763762280345,2.148818811401725,0.031834352761507034,3.4148571491241455
Zsf2YvJfCKw_1,Zsf2YvJfCKw,2-5s,135.0,2.0,8,layer2,-1.010757565498352,-3.3354945182800293,0.034373391419649124,4.640407841652632,2.320203920826316,0.034373391419649124,3.3354945182800293
_9mgOkzm-xg_3,_9mgOkzm-xg,20s+,299.0,216.0,4,layer1,0.6539000272750854,-1.870885968208313,0.13343924283981323,39.89833360910416,0.18471450744955628,0.13343924283981323,1.870885968208313
_9mgOkzm-xg_3,_9mgOkzm-xg,20s+,299.0,216.0,4,layer2,-0.9543026089668274,-2.067000150680542,0.11234584450721741,33.591407507658005,0.1555157754984167,0.11234584450721741,2.067000150680542
_AcJVyToQUQ_1,_AcJVyToQUQ,2-5s,115.0,2.0,1,layer1,-2.1432058811187744,-2.884368419647217,0.05293171852827072,6.087147630751133,3.0435738153755665,0.05293171852827072,2.884368419647217
_AcJVyToQUQ_1,_AcJVyToQUQ,2-5s,115.0,2.0,1,layer2,-1.4063012599945068,-2.9478816986083984,0.049836721271276474,5.7312229461967945,2.8656114730983973,0.049836721271276474,2.9478816986083984
_BSmz3SEW1w_2,_BSmz3SEW1w,2-5s,133.0,3.0,2,layer1,-4.1513895988464355,-3.7776453495025635,0.022364864125847816,2.9745269287377596,0.9915089762459198,0.022364864125847816,3.7776453495025635
_BSmz3SEW1w_2,_BSmz3SEW1w,2-5s,133.0,3.0,2,layer2,-0.9617334604263306,-4.004627704620361,0.017904654145240784,2.3813190013170242,0.7937730004390081,0.017904654145240784,4.004627704620361
_C2HinL8VlM_1,_C2HinL8VlM,2-5s,73.0,4.0,4,layer1,-0.27146512269973755,-2.796251058578491,0.057527098804712296,4.199478212743998,1.0498695531859994,0.057527098804712296,2.796251058578491
_C2HinL8VlM_1,_C2HinL8VlM,2-5s,73.0,4.0,4,layer2,-1.6062276363372803,-3.2586541175842285,0.037017155438661575,2.702252347022295,0.6755630867555737,0.037017155438661575,3.2586541175842285
_C2HinL8VlM_1,_C2HinL8VlM,2-5s,73.0,4.0,7,layer1,-4.330713748931885,-2.6632559299468994,0.06517667323350906,4.757897146046162,1.1894742865115404,0.06517667323350906,2.6632559299468994
_C2HinL8VlM_1,_C2HinL8VlM,2-5s,73.0,4.0,7,layer2,-2.1124746799468994,-2.858623504638672,0.05423726513981819,3.959320355206728,0.989830088801682,0.05423726513981819,2.858623504638672
_C2HinL8VlM_1,_C2HinL8VlM,2-5s,73.0,4.0,8,layer1,-3.08070707321167,-2.9514946937561035,0.049665916711091995,3.6256119199097157,0.9064029799774289,0.049665916711091995,2.9514946937561035
_C2HinL8VlM_1,_C2HinL8VlM,2-5s,73.0,4.0,8,layer2,-1.668671727180481,-3.045612335205078,0.04540728032588959,3.31473146378994,0.828682865947485,0.04540728032588959,3.045612335205078
_oKXrY5Ff0g_1,_oKXrY5Ff0g,10-20s,82.0,14.0,4,layer1,-0.5055030584335327,-3.0302891731262207,0.04607611522078514,3.7782414481043816,0.269874389150313,0.04607611522078514,3.0302891731262207
_oKXrY5Ff0g_1,_oKXrY5Ff0g,10-20s,82.0,14.0,4,layer2,-1.0394117832183838,-2.855489730834961,0.05439823865890503,4.460655570030212,0.318618255002158,0.05439823865890503,2.855489730834961
_oKXrY5Ff0g_2,_oKXrY5Ff0g,20s+,82.0,20.0,3,layer1,-1.7618306875228882,-1.797737956047058,0.1421266496181488,11.654385268688202,0.58271926343441,0.1421266496181488,1.797737956047058
_oKXrY5Ff0g_2,_oKXrY5Ff0g,20s+,82.0,20.0,3,layer2,-1.0313043594360352,-2.0567123889923096,0.11337589472532272,9.296823367476463,0.46484116837382317,0.11337589472532272,2.0567123889923096
_z6pymOet7g_1,_z6pymOet7g,20s+,80.0,23.0,8,layer1,-1.264296531677246,-1.1350841522216797,0.24322405457496643,19.457924365997314,0.8459967115651006,0.24322405457496643,1.1350841522216797
_z6pymOet7g_1,_z6pymOet7g,20s+,80.0,23.0,8,layer2,-0.862593948841095,-0.5857977867126465,0.3575996458530426,28.607971668243408,1.2438248551410178,0.3575996458530426,0.5857977867126465
_z6pymOet7g_2,_z6pymOet7g,5-10s,80.0,5.0,0,layer1,-2.270247220993042,-3.724574089050293,0.023555142804980278,1.8844114243984222,0.37688228487968445,0.023555142804980278,3.724574089050293
_z6pymOet7g_2,_z6pymOet7g,5-10s,80.0,5.0,0,layer2,-1.072229027748108,-3.3447065353393555,0.03406893461942673,2.725514769554138,0.5451029539108276,0.03406893461942673,3.3447065353393555
a3GzZKxUTy8_1,a3GzZKxUTy8,10-20s,118.0,15.0,1,layer1,-2.3274085521698,-3.068571090698242,0.044422443956136703,5.241848386824131,0.3494565591216087,0.044422443956136703,3.068571090698242
a3GzZKxUTy8_1,a3GzZKxUTy8,10-20s,118.0,15.0,1,layer2,-1.2430881261825562,-2.9316675662994385,0.05061013996601105,5.971996515989304,0.39813310106595357,0.05061013996601105,2.9316675662994385
a3GzZKxUTy8_1,a3GzZKxUTy8,10-20s,118.0,15.0,8,layer1,-3.1688427925109863,-3.03963041305542,0.04566727578639984,5.388738542795181,0.3592492361863454,0.04566727578639984,3.03963041305542
a3GzZKxUTy8_1,a3GzZKxUTy8,10-20s,118.0,15.0,8,layer2,-1.6873358488082886,-3.1746230125427246,0.04013195261359215,4.735570408403873,0.31570469389359157,0.04013195261359215,3.1746230125427246
aZAXO2WZn84_2,aZAXO2WZn84,2-5s,300.0,4.0,0,layer1,-1.7023084163665771,-3.156635284423828,0.04083062335848808,12.249187007546425,3.062296751886606,0.04083062335848808,3.156635284423828
aZAXO2WZn84_2,aZAXO2WZn84,2-5s,300.0,4.0,0,layer2,-1.1657105684280396,-3.195967197418213,0.039317768067121506,11.795330420136452,2.948832605034113,0.039317768067121506,3.195967197418213
aZAXO2WZn84_2,aZAXO2WZn84,2-5s,300.0,4.0,7,layer1,-5.118771553039551,-3.4513137340545654,0.030729705467820168,9.21891164034605,2.3047279100865126,0.030729705467820168,3.4513137340545654
aZAXO2WZn84_2,aZAXO2WZn84,2-5s,300.0,4.0,7,layer2,-1.4001110792160034,-3.0183229446411133,0.046604935079813004,13.981480523943901,3.4953701309859753,0.046604935079813004,3.0183229446411133
aZAXO2WZn84_3,aZAXO2WZn84,20s+,300.0,166.0,6,layer1,-0.5716554522514343,1.1086382865905762,0.7518751621246338,225.56254863739014,1.3588105339601815,0.2481248378753662,1.1086382865905762
aZAXO2WZn84_3,aZAXO2WZn84,20s+,300.0,166.0,6,layer2,-0.15629889070987701,1.172298550605774,0.7635602355003357,229.0680706501007,1.3799281364463898,0.2364397644996643,1.172298550605774
ajheseWZmmU_1,ajheseWZmmU,5-10s,122.0,6.0,3,layer1,-3.1145894527435303,-3.1504967212677,0.04107171297073364,5.010748982429504,0.8351248304049174,0.04107171297073364,3.1504967212677
ajheseWZmmU_1,ajheseWZmmU,5-10s,122.0,6.0,3,layer2,-1.4348105192184448,-3.093099355697632,0.04339279979467392,5.293921574950218,0.882320262491703,0.04339279979467392,3.093099355697632
ajheseWZmmU_1,ajheseWZmmU,5-10s,122.0,6.0,4,layer1,-0.9779466986656189,-3.502732753753662,0.02923457697033882,3.566618390381336,0.5944363983968893,0.02923457697033882,3.502732753753662
ajheseWZmmU_1,ajheseWZmmU,5-10s,122.0,6.0,4,layer2,-0.9766893982887268,-3.264376640319824,0.036813706159591675,4.491272151470184,0.748545358578364,0.036813706159591675,3.264376640319824
ajheseWZmmU_1,ajheseWZmmU,5-10s,122.0,6.0,8,layer1,-3.4728405475616455,-3.343628168106079,0.03410444036126137,4.160741724073887,0.6934569540123144,0.03410444036126137,3.343628168106079
ajheseWZmmU_1,ajheseWZmmU,5-10s,122.0,6.0,8,layer2,-1.3956660032272339,-3.30819034576416,0.03529128059744835,4.305536232888699,0.7175893721481165,0.03529128059744835,3.30819034576416
ajheseWZmmU_2,ajheseWZmmU,2-5s,122.0,2.0,0,layer1,-2.120802164077759,-3.5751290321350098,0.027248531579971313,3.3243208527565002,1.6621604263782501,0.027248531579971313,3.5751290321350098
ajheseWZmmU_2,ajheseWZmmU,2-5s,122.0,2.0,0,layer2,-1.2195667028427124,-3.416032314300537,0.03179815411567688,3.8793748021125793,1.9396874010562897,0.03179815411567688,3.416032314300537
b1PXsfgQw5w_1,b1PXsfgQw5w,0-2s,297.0,1.0,3,layer1,-3.0058529376983643,-3.041760206222534,0.04557454213500023,13.535639014095068,13.535639014095068,0.04557454213500023,3.041760206222534
b1PXsfgQw5w_1,b1PXsfgQw5w,0-2s,297.0,1.0,3,layer2,-1.5284249782562256,-2.9829964637756348,0.04819997400045395,14.315392278134823,14.315392278134823,0.04819997400045395,2.9829964637756348
bJMMp6PLKqM_1,bJMMp6PLKqM,10-20s,105.0,13.0,3,layer1,-3.690803050994873,-3.726710319519043,0.023506060242652893,2.4681363254785538,0.18985664042142722,0.023506060242652893,3.726710319519043
bJMMp6PLKqM_1,bJMMp6PLKqM,10-20s,105.0,13.0,3,layer2,-0.6316998600959778,-3.4302728176116943,0.03136264532804489,3.2930777594447136,0.2533136738034395,0.03136264532804489,3.4302728176116943
bJMMp6PLKqM_2,bJMMp6PLKqM,5-10s,105.0,7.0,6,layer1,-4.947342395782471,-3.2670485973358154,0.036719080060720444,3.8555034063756466,0.5507862009108067,0.036719080060720444,3.2670485973358154
bJMMp6PLKqM_2,bJMMp6PLKqM,5-10s,105.0,7.0,6,layer2,-1.2007156610488892,-2.877319097518921,0.05328621715307236,5.5950528010725975,0.7992932572960854,0.05328621715307236,2.877319097518921
bLZFtoWXYTA_1,bLZFtoWXYTA,5-10s,299.0,6.0,9,layer1,-3.7581470012664795,-3.049382209777832,0.04524414986371994,13.528000809252262,2.2546668015420437,0.04524414986371994,3.049382209777832
bLZFtoWXYTA_1,bLZFtoWXYTA,5-10s,299.0,6.0,9,layer2,-1.2462526559829712,-3.459834098815918,0.03047693520784378,9.11260362714529,1.5187672711908817,0.03047693520784378,3.459834098815918
bX2vDaHL26U_2,bX2vDaHL26U,0-2s,74.0,1.0,4,layer1,-0.6768528819084167,-3.20163893699646,0.03910409286618233,2.893702872097492,2.893702872097492,0.03910409286618233,3.20163893699646
bX2vDaHL26U_2,bX2vDaHL26U,0-2s,74.0,1.0,4,layer2,-0.9361953735351562,-3.066702127456665,0.04450184479355812,3.293136514723301,3.293136514723301,0.04450184479355812,3.066702127456665
bgbnu5YKTDg_1,bgbnu5YKTDg,5-10s,198.0,9.0,9,layer1,-3.594644069671631,-2.8858792781829834,0.05285603180527687,10.46549429744482,1.1628326997160912,0.05285603180527687,2.8858792781829834
bgbnu5YKTDg_1,bgbnu5YKTDg,5-10s,198.0,9.0,9,layer2,-0.8696909546852112,-2.7695791721343994,0.058990370482206345,11.680093355476856,1.2977881506085396,0.058990370482206345,2.7695791721343994
bgbnu5YKTDg_2,bgbnu5YKTDg,5-10s,198.0,5.0,1,layer1,-2.490400552749634,-3.231563091278076,0.037995073944330215,7.523024640977383,1.5046049281954765,0.037995073944330215,3.231563091278076
bgbnu5YKTDg_2,bgbnu5YKTDg,5-10s,198.0,5.0,1,layer2,-1.3170934915542603,-3.203552722930908,0.03903224319219589,7.728384152054787,1.5456768304109574,0.03903224319219589,3.203552722930908
bgbnu5YKTDg_2,bgbnu5YKTDg,5-10s,198.0,5.0,4,layer1,-1.0592366456985474,-3.5840225219726562,0.027013789862394333,5.348730392754078,1.0697460785508155,0.027013789862394333,3.5840225219726562
bgbnu5YKTDg_2,bgbnu5YKTDg,5-10s,198.0,5.0,4,layer2,-0.9107038378715515,-3.271775484085083,0.03655225411057472,7.237346313893795,1.447469262778759,0.03655225411057472,3.271775484085083
bgbnu5YKTDg_2,bgbnu5YKTDg,5-10s,198.0,5.0,8,layer1,-3.5184853076934814,-3.389272928237915,0.03263239935040474,6.461215071380138,1.2922430142760277,0.03263239935040474,3.389272928237915
bgbnu5YKTDg_2,bgbnu5YKTDg,5-10s,198.0,5.0,8,layer2,-1.674688696861267,-3.4746971130371094,0.030040811747312546,5.948080725967884,1.1896161451935767,0.030040811747312546,3.4746971130371094
bgbnu5YKTDg_2,bgbnu5YKTDg,5-10s,198.0,5.0,9,layer1,-3.725013494491577,-3.0162487030029297,0.046697188168764114,9.246043257415295,1.849208651483059,0.046697188168764114,3.0162487030029297
bgbnu5YKTDg_2,bgbnu5YKTDg,5-10s,198.0,5.0,9,layer2,-1.3798917531967163,-3.059032440185547,0.044829111546278,8.876164086163044,1.7752328172326088,0.044829111546278,3.059032440185547
bgbnu5YKTDg_3,bgbnu5YKTDg,10-20s,198.0,11.0,1,layer1,-2.1703341007232666,-2.911496639251709,0.051588159054517746,10.214455492794514,0.9285868629813194,0.051588159054517746,2.911496639251709
bgbnu5YKTDg_3,bgbnu5YKTDg,10-20s,198.0,11.0,1,layer2,-1.2801378965377808,-2.8731942176818848,0.053494688123464584,10.591948248445988,0.9629043862223625,0.053494688123464584,2.8731942176818848
bgbnu5YKTDg_3,bgbnu5YKTDg,10-20s,198.0,11.0,4,layer1,-0.678382933139801,-3.2031688690185547,0.039046648889780045,7.731236480176449,0.7028396800160408,0.039046648889780045,3.2031688690185547
bgbnu5YKTDg_3,bgbnu5YKTDg,10-20s,198.0,11.0,4,layer2,-0.872277557849884,-2.955376386642456,0.04948301985859871,9.797637932002544,0.8906943574547768,0.04948301985859871,2.955376386642456
bgbnu5YKTDg_3,bgbnu5YKTDg,10-20s,198.0,11.0,6,layer1,-4.367937088012695,-2.68764328956604,0.06370644271373749,12.613875657320023,1.1467159688472748,0.06370644271373749,2.68764328956604
bgbnu5YKTDg_3,bgbnu5YKTDg,10-20s,198.0,11.0,6,layer2,-1.7785776853561401,-2.3672404289245605,0.08570513129234314,16.96961599588394,1.5426923632621765,0.08570513129234314,2.3672404289245605
bgbnu5YKTDg_3,bgbnu5YKTDg,10-20s,198.0,11.0,9,layer1,-3.344360113143921,-2.6355953216552734,0.06688240170478821,13.242715537548065,1.2038832306861877,0.06688240170478821,2.6355953216552734
bgbnu5YKTDg_3,bgbnu5YKTDg,10-20s,198.0,11.0,9,layer2,-1.2299505472183228,-2.489651679992676,0.07658682763576508,15.164191871881485,1.3785628974437714,0.07658682763576508,2.489651679992676
bgbnu5YKTDg_4,bgbnu5YKTDg,2-5s,198.0,3.0,4,layer1,-0.660125195980072,-3.1849112510681152,0.039737503975629807,7.868025787174702,2.6226752623915672,0.039737503975629807,3.1849112510681152
bgbnu5YKTDg_4,bgbnu5YKTDg,2-5s,198.0,3.0,4,layer2,-0.9817081093788147,-3.0207700729370117,0.04649632051587105,9.206271462142467,3.068757154047489,0.04649632051587105,3.0207700729370117
bgbnu5YKTDg_4,bgbnu5YKTDg,2-5s,198.0,3.0,5,layer1,-2.895585775375366,-3.114011287689209,0.042532987892627716,8.421531602740288,2.8071772009134293,0.042532987892627716,3.114011287689209
bgbnu5YKTDg_4,bgbnu5YKTDg,2-5s,198.0,3.0,5,layer2,-1.0963255167007446,-2.91507625579834,0.05141330137848854,10.179833672940731,3.3932778909802437,0.05141330137848854,2.91507625579834
bgbnu5YKTDg_4,bgbnu5YKTDg,2-5s,198.0,3.0,9,layer1,-3.2491514682769775,-2.54038667678833,0.07307497411966324,14.468844875693321,4.822948291897774,0.07307497411966324,2.54038667678833
bgbnu5YKTDg_4,bgbnu5YKTDg,2-5s,198.0,3.0,9,layer2,-1.2410995960235596,-2.392359972000122,0.08375714719295502,16.583915144205093,5.527971714735031,0.08375714719295502,2.392359972000122
cPiSd5nJLrI_2,cPiSd5nJLrI,2-5s,60.0,3.0,4,layer1,-0.6450146436691284,-3.1698007583618164,0.04031812772154808,2.419087663292885,0.8063625544309616,0.04031812772154808,3.1698007583618164
cPiSd5nJLrI_2,cPiSd5nJLrI,2-5s,60.0,3.0,4,layer2,-1.4838253259658813,-3.512324810028076,0.02896357886493206,1.7378147318959236,0.5792715772986412,0.02896357886493206,3.512324810028076
cPiSd5nJLrI_2,cPiSd5nJLrI,2-5s,60.0,3.0,8,layer1,-3.426628589630127,-3.2974162101745605,0.03565993532538414,2.1395961195230484,0.7131987065076828,0.03565993532538414,3.2974162101745605
cPiSd5nJLrI_2,cPiSd5nJLrI,2-5s,60.0,3.0,8,layer2,-1.6159974336624146,-3.144685745239258,0.0413011834025383,2.478071004152298,0.826023668050766,0.0413011834025383,3.144685745239258
cPiSd5nJLrI_3,cPiSd5nJLrI,10-20s,60.0,13.0,0,layer1,-1.6325814723968506,-3.0869083404541016,0.043650511652231216,2.619030699133873,0.20146389993337485,0.043650511652231216,3.0869083404541016
cPiSd5nJLrI_3,cPiSd5nJLrI,10-20s,60.0,13.0,0,layer2,-1.1557574272155762,-2.946117877960205,0.04992030933499336,2.9952185600996017,0.23040142769996935,0.04992030933499336,2.946117877960205
cz0FSQDVBMw_1,cz0FSQDVBMw,20s+,248.0,33.0,1,layer1,-2.449406147003174,-3.190568685531616,0.039522185921669006,9.801502108573914,0.2970152154113307,0.039522185921669006,3.190568685531616
cz0FSQDVBMw_1,cz0FSQDVBMw,20s+,248.0,33.0,1,layer2,-1.4511934518814087,-3.78963041305542,0.022104309871792793,5.481868848204613,0.1661172378243822,0.022104309871792793,3.78963041305542
cz0FSQDVBMw_3,cz0FSQDVBMw,5-10s,248.0,5.0,4,layer1,-1.0254417657852173,-3.550227642059326,0.027916396036744118,6.923266217112541,1.3846532434225083,0.027916396036744118,3.550227642059326
cz0FSQDVBMw_3,cz0FSQDVBMw,5-10s,248.0,5.0,4,layer2,-1.4279626607894897,-3.660045623779297,0.025085847824811935,6.22129026055336,1.244258052110672,0.025085847824811935,3.660045623779297
d6gu2w19YQo_1,d6gu2w19YQo,2-5s,102.0,2.0,4,layer1,-0.5333155989646912,-3.0581016540527344,0.044868990778923035,4.5766370594501495,2.2883185297250748,0.044868990778923035,3.0581016540527344
d6gu2w19YQo_1,d6gu2w19YQo,2-5s,102.0,2.0,4,layer2,-1.385664463043213,-3.238582134246826,0.0377393439412117,3.8494130820035934,1.9247065410017967,0.0377393439412117,3.238582134246826
dYZSKX7vuRI_1,dYZSKX7vuRI,10-20s,300.0,16.0,9,layer1,-3.8532042503356934,-3.144439458847046,0.04131093993782997,12.393281981348991,0.774580123834312,0.04131093993782997,3.144439458847046
dYZSKX7vuRI_1,dYZSKX7vuRI,10-20s,300.0,16.0,9,layer2,-0.806366503238678,-2.951190948486328,0.049680255353450775,14.904076606035233,0.931504787877202,0.049680255353450775,2.951190948486328
dkiwn2FdDVw_1,dkiwn2FdDVw,5-10s,300.0,7.0,7,layer1,-4.858564376831055,-3.1911065578460693,0.039501775056123734,11.85053251683712,1.6929332166910172,0.039501775056123734,3.1911065578460693
dkiwn2FdDVw_1,dkiwn2FdDVw,5-10s,300.0,7.0,7,layer2,-1.889986276626587,-3.2448172569274902,0.03751356899738312,11.254070699214935,1.6077243856021337,0.03751356899738312,3.2448172569274902
dlsiellSFf0_1,dlsiellSFf0,10-20s,111.0,19.0,7,layer1,-2.409329891204834,-0.7418720722198486,0.32259491086006165,35.80803510546684,1.884633426603518,0.32259491086006165,0.7418720722198486
dlsiellSFf0_1,dlsiellSFf0,10-20s,111.0,19.0,7,layer2,-1.657995581626892,-1.1290833950042725,0.2443303018808365,27.12066350877285,1.427403342566992,0.2443303018808365,1.1290833950042725
dmUOSyPXkUw_2,dmUOSyPXkUw,10-20s,230.0,11.0,2,layer1,-3.492706060409546,-3.118961811065674,0.042331840842962265,9.736323393881321,0.8851203085346655,0.042331840842962265,3.118961811065674
dmUOSyPXkUw_2,dmUOSyPXkUw,10-20s,230.0,11.0,2,layer2,-1.0940380096435547,-4.491486549377441,0.011079838499426842,2.5483628548681736,0.23166935044256123,0.011079838499426842,4.491486549377441
dxow2DcTrwk_1,dxow2DcTrwk,5-10s,156.0,6.0,8,layer1,-3.364161252975464,-3.2349488735198975,0.03787150979042053,5.907955527305603,0.9846592545509338,0.03787150979042053,3.2349488735198975
dxow2DcTrwk_1,dxow2DcTrwk,5-10s,156.0,6.0,8,layer2,-1.3000041246414185,-2.9103879928588867,0.05164242908358574,8.056218937039375,1.3427031561732292,0.05164242908358574,2.9103879928588867
e2rScj9UyMs_1,e2rScj9UyMs,5-10s,225.0,5.0,0,layer1,-2.101525068283081,-3.555851936340332,0.027764173224568367,6.246938975527883,1.2493877951055765,0.027764173224568367,3.555851936340332
e2rScj9UyMs_1,e2rScj9UyMs,5-10s,225.0,5.0,0,layer2,-0.9296862483024597,-3.2210099697113037,0.03838269039988518,8.636105339974165,1.727221067994833,0.03838269039988518,3.2210099697113037
e4ph6bIC5zc_2,e4ph6bIC5zc,5-10s,258.0,6.0,3,layer1,-3.314814329147339,-3.350721597671509,0.033871542662382126,8.738858006894588,1.4564763344824314,0.033871542662382126,3.350721597671509
e4ph6bIC5zc_2,e4ph6bIC5zc,5-10s,258.0,6.0,3,layer2,-1.00309157371521,-3.619300603866577,0.026101848110556602,6.734276812523603,1.122379468753934,0.026101848110556602,3.619300603866577
e4ph6bIC5zc_2,e4ph6bIC5zc,5-10s,258.0,6.0,6,layer1,-5.395216941833496,-3.714923143386841,0.023778142407536507,6.134760741144419,1.0224601235240698,0.023778142407536507,3.714923143386841
e4ph6bIC5zc_2,e4ph6bIC5zc,5-10s,258.0,6.0,6,layer2,-1.562096357345581,-3.8368325233459473,0.021106692031025887,5.445526544004679,0.9075877573341131,0.021106692031025887,3.8368325233459473
eUecAF626A8_3,eUecAF626A8,10-20s,299.0,19.0,4,layer1,-0.6834403872489929,-3.208226442337036,0.038857318460941315,11.618338219821453,0.6114914852537607,0.038857318460941315,3.208226442337036
eUecAF626A8_3,eUecAF626A8,10-20s,299.0,19.0,4,layer2,-1.1547129154205322,-3.1169886589050293,0.04241190105676651,12.681158415973186,0.6674293903143782,0.04241190105676651,3.1169886589050293
eYbFtxZmKL4_2,eYbFtxZmKL4,10-20s,299.0,12.0,0,layer1,-1.8593460321426392,-3.3136730194091797,0.03510509058833122,10.496422085911036,0.8747018404925863,0.03510509058833122,3.3136730194091797
eYbFtxZmKL4_2,eYbFtxZmKL4,10-20s,299.0,12.0,0,layer2,-1.1407338380813599,-3.2217249870300293,0.03835631161928177,11.468537174165249,0.9557114311804374,0.03835631161928177,3.2217249870300293
elztUCeNQvQ_1,elztUCeNQvQ,2-5s,299.0,4.0,0,layer1,-1.8513158559799194,-3.305642604827881,0.03537812456488609,10.578059244900942,2.6445148112252355,0.03537812456488609,3.305642604827881
elztUCeNQvQ_1,elztUCeNQvQ,2-5s,299.0,4.0,0,layer2,-1.7903019189834595,-3.7104969024658203,0.023881103843450546,7.140450049191713,1.7851125122979283,0.023881103843450546,3.7104969024658203
elztUCeNQvQ_2,elztUCeNQvQ,2-5s,299.0,3.0,0,layer1,-2.0257956981658936,-3.4801225662231445,0.02988312765955925,8.935055170208216,2.9783517234027386,0.02988312765955925,3.4801225662231445
elztUCeNQvQ_2,elztUCeNQvQ,2-5s,299.0,3.0,0,layer2,-1.2875018119812012,-4.000664710998535,0.017974473536014557,5.3743675872683525,1.791455862422784,0.017974473536014557,4.000664710998535
elztUCeNQvQ_2,elztUCeNQvQ,2-5s,299.0,3.0,4,layer1,-1.0248175859451294,-3.5496034622192383,0.027933336794376373,8.352067701518536,2.7840225671728454,0.027933336794376373,3.5496034622192383
elztUCeNQvQ_2,elztUCeNQvQ,2-5s,299.0,3.0,4,layer2,-0.6876521706581116,-3.665938138961792,0.02494213730096817,7.457699052989483,2.4858996843298278,0.02494213730096817,3.665938138961792
elztUCeNQvQ_4,elztUCeNQvQ,20s+,299.0,49.0,0,layer1,-0.581214964389801,-2.0355417728424072,0.11552148312330246,34.540923453867435,0.7049168051809681,0.11552148312330246,2.0355417728424072
elztUCeNQvQ_4,elztUCeNQvQ,20s+,299.0,49.0,0,layer2,-1.0282505750656128,-2.120389461517334,0.10713081061840057,32.03211237490177,0.653716579079628,0.10713081061840057,2.120389461517334
eu5bq0A3XVQ_1,eu5bq0A3XVQ,10-20s,300.0,14.0,7,layer1,-4.856731414794922,-3.1892735958099365,0.039571378380060196,11.871413514018059,0.8479581081441471,0.039571378380060196,3.1892735958099365
eu5bq0A3XVQ_1,eu5bq0A3XVQ,10-20s,300.0,14.0,7,layer2,-1.6005741357803345,-3.2883005142211914,0.035974737256765366,10.79242117702961,0.7708872269306865,0.035974737256765366,3.2883005142211914
eu5bq0A3XVQ_2,eu5bq0A3XVQ,2-5s,300.0,2.0,6,layer1,-5.288392543792725,-3.6080987453460693,0.026388121768832207,7.916436530649662,3.958218265324831,0.026388121768832207,3.6080987453460693
eu5bq0A3XVQ_2,eu5bq0A3XVQ,2-5s,300.0,2.0,6,layer2,-1.3962732553482056,-3.6063756942749023,0.026432424783706665,7.9297274351119995,3.9648637175559998,0.026432424783706665,3.6063756942749023
eu5bq0A3XVQ_3,eu5bq0A3XVQ,2-5s,300.0,3.0,8,layer1,-3.476175546646118,-3.3469631671905518,0.03399474918842316,10.198424756526947,3.3994749188423157,0.03399474918842316,3.3469631671905518
eu5bq0A3XVQ_3,eu5bq0A3XVQ,2-5s,300.0,3.0,8,layer2,-1.0431960821151733,-3.1490254402160645,0.0411296971142292,12.33890913426876,4.11296971142292,0.0411296971142292,3.1490254402160645
fGGYeXR_LS8_1,fGGYeXR_LS8,2-5s,127.0,4.0,9,layer1,-4.051521301269531,-3.342756509780884,0.03413316607475281,4.334912091493607,1.0837280228734016,0.03413316607475281,3.342756509780884
fGGYeXR_LS8_1,fGGYeXR_LS8,2-5s,127.0,4.0,9,layer2,-1.1689409017562866,-3.6201372146606445,0.02608058787882328,3.3122346606105566,0.8280586651526392,0.02608058787882328,3.6201372146606445
fGGYeXR_LS8_3,fGGYeXR_LS8,20s+,127.0,36.0,1,layer1,-2.992699146270752,-3.7338616847991943,0.023342467844486237,2.964493416249752,0.08234703934027089,0.023342467844486237,3.7338616847991943
fGGYeXR_LS8_3,fGGYeXR_LS8,20s+,127.0,36.0,1,layer2,-0.889082133769989,-3.5240285396575928,0.028636222705245018,3.6368002835661173,0.10102223009905881,0.028636222705245018,3.5240285396575928
fPqj3nnwQOI_1,fPqj3nnwQOI,2-5s,280.0,3.0,5,layer1,-2.2988038063049316,-2.5172293186187744,0.07465913891792297,20.904558897018433,6.9681862990061445,0.07465913891792297,2.5172293186187744
fPqj3nnwQOI_1,fPqj3nnwQOI,2-5s,280.0,3.0,5,layer2,-0.9208646416664124,-2.327099323272705,0.08890333026647568,24.89293247461319,8.297644158204397,0.08890333026647568,2.327099323272705
fWvWhLJ5Fow_1,fWvWhLJ5Fow,2-5s,128.0,4.0,6,layer1,-5.283405303955078,-3.603111505508423,0.02651655673980713,3.3941192626953125,0.8485298156738281,0.02651655673980713,3.603111505508423
fWvWhLJ5Fow_1,fWvWhLJ5Fow,2-5s,128.0,4.0,6,layer2,-1.3954871892929077,-3.421156883239746,0.03164076432585716,4.050017833709717,1.0125044584274292,0.03164076432585716,3.421156883239746
fWvWhLJ5Fow_2,fWvWhLJ5Fow,5-10s,128.0,8.0,0,layer1,-1.464196801185608,-2.9185237884521484,0.05124542489647865,6.559414386749268,0.8199267983436584,0.05124542489647865,2.9185237884521484
fWvWhLJ5Fow_2,fWvWhLJ5Fow,5-10s,128.0,8.0,0,layer2,-1.2943108081817627,-2.7507452964782715,0.060044579207897186,7.68570613861084,0.960713267326355,0.060044579207897186,2.7507452964782715
fYTZVxQ8LJk_3,fYTZVxQ8LJk,2-5s,95.0,2.0,2,layer1,-3.916107416152954,-3.542363166809082,0.028130609542131424,2.6724079065024853,1.3362039532512426,0.028130609542131424,3.542363166809082
fYTZVxQ8LJk_3,fYTZVxQ8LJk,2-5s,95.0,2.0,2,layer2,-1.0469657182693481,-3.680450439453125,0.02459162101149559,2.336203996092081,1.1681019980460405,0.02459162101149559,3.680450439453125
fYTZVxQ8LJk_3,fYTZVxQ8LJk,2-5s,95.0,2.0,3,layer1,-2.4948794841766357,-2.5307867527008057,0.07372790575027466,7.0041510462760925,3.5020755231380463,0.07372790575027466,2.5307867527008057
fYTZVxQ8LJk_3,fYTZVxQ8LJk,2-5s,95.0,2.0,3,layer2,-1.374562382698059,-2.461282253265381,0.0786174014210701,7.468653135001659,3.7343265675008297,0.0786174014210701,2.461282253265381
fmEft49sPfE_1,fmEft49sPfE,20s+,300.0,43.0,2,layer1,-3.5900261402130127,-3.2162818908691406,0.03855757787823677,11.567273363471031,0.269006357290024,0.03855757787823677,3.2162818908691406
fmEft49sPfE_1,fmEft49sPfE,20s+,300.0,43.0,2,layer2,-1.0071735382080078,-4.38427734375,0.012318265624344349,3.6954796873033047,0.08594138807682104,0.012318265624344349,4.38427734375
fmEft49sPfE_3,fmEft49sPfE,20s+,300.0,23.0,0,layer1,-1.2505663633346558,-2.704893112182617,0.06268523633480072,18.805570900440216,0.8176335174104442,0.06268523633480072,2.704893112182617
fmEft49sPfE_3,fmEft49sPfE,20s+,300.0,23.0,0,layer2,-0.9276915788650513,-2.97971773147583,0.04835061356425285,14.505184069275856,0.6306601769250372,0.04835061356425285,2.97971773147583
fmEft49sPfE_3,fmEft49sPfE,20s+,300.0,23.0,7,layer1,-4.361493110656738,-2.694035291671753,0.06332623958587646,18.99787187576294,0.8259944293809973,0.06332623958587646,2.694035291671753
fmEft49sPfE_3,fmEft49sPfE,20s+,300.0,23.0,7,layer2,-1.7847318649291992,-2.978548765182495,0.04840443283319473,14.52132984995842,0.6313621673894965,0.04840443283319473,2.978548765182495
frOqlk0Wm5Y_1,frOqlk0Wm5Y,0-2s,109.0,1.0,0,layer1,-1.8979562520980835,-3.352283000946045,0.03382048383355141,3.6864327378571033,3.6864327378571033,0.03382048383355141,3.352283000946045
frOqlk0Wm5Y_1,frOqlk0Wm5Y,0-2s,109.0,1.0,0,layer2,-1.2367240190505981,-3.2307662963867188,0.03802420571446419,4.1446384228765965,4.1446384228765965,0.03802420571446419,3.2307662963867188
frOqlk0Wm5Y_3,frOqlk0Wm5Y,2-5s,109.0,3.0,2,layer1,-4.331113815307617,-3.957369565963745,0.018754858523607254,2.0442795790731907,0.6814265263577303,0.018754858523607254,3.957369565963745
frOqlk0Wm5Y_3,frOqlk0Wm5Y,2-5s,109.0,3.0,2,layer2,-0.900624692440033,-4.053521633148193,0.017064861953258514,1.860069952905178,0.6200233176350594,0.017064861953258514,4.053521633148193
frOqlk0Wm5Y_3,frOqlk0Wm5Y,2-5s,109.0,3.0,3,layer1,-3.3263132572174072,-3.362220525741577,0.03349725902080536,3.651201233267784,1.217067077755928,0.03349725902080536,3.362220525741577
frOqlk0Wm5Y_3,frOqlk0Wm5Y,2-5s,109.0,3.0,3,layer2,-0.9015926718711853,-3.4966275691986084,0.02940833568572998,3.205508589744568,1.0685028632481892,0.02940833568572998,3.4966275691986084
fwhkCnOeyC0_1,fwhkCnOeyC0,2-5s,299.0,2.0,3,layer1,-3.7414605617523193,-3.7773678302764893,0.02237093448638916,6.688909411430359,3.3444547057151794,0.02237093448638916,3.7773678302764893
fwhkCnOeyC0_1,fwhkCnOeyC0,2-5s,299.0,2.0,3,layer2,-1.1444156169891357,-3.9000093936920166,0.019840121269226074,5.932196259498596,2.966098129749298,0.019840121269226074,3.9000093936920166
gbi6MxPf3hA_1,gbi6MxPf3hA,2-5s,65.0,4.0,6,layer1,-4.55552339553833,-2.875229597091675,0.053391724824905396,3.4704621136188507,0.8676155284047127,0.053391724824905396,2.875229597091675
gbi6MxPf3hA_1,gbi6MxPf3hA,2-5s,65.0,4.0,6,layer2,-0.8838353157043457,-2.734196901321411,0.06098537892103195,3.964049629867077,0.9910124074667692,0.06098537892103195,2.734196901321411
gbi6MxPf3hA_1,gbi6MxPf3hA,2-5s,65.0,4.0,9,layer1,-3.7253470420837402,-3.0165822505950928,0.046682339161634445,3.034352045506239,0.7585880113765597,0.046682339161634445,3.0165822505950928
gbi6MxPf3hA_1,gbi6MxPf3hA,2-5s,65.0,4.0,9,layer2,-1.3971558809280396,-3.3428797721862793,0.034129101783037186,2.218391615897417,0.5545979039743543,0.034129101783037186,3.3428797721862793
gbi6MxPf3hA_2,gbi6MxPf3hA,2-5s,65.0,4.0,7,layer1,-4.8206987380981445,-3.153240919113159,0.04096376523375511,2.6626447401940823,0.6656611850485206,0.04096376523375511,3.153240919113159
gbi6MxPf3hA_2,gbi6MxPf3hA,2-5s,65.0,4.0,7,layer2,-1.5595252513885498,-2.9861702919006348,0.04805457964539528,3.123547676950693,0.7808869192376733,0.04805457964539528,2.9861702919006348
gbi6MxPf3hA_4,gbi6MxPf3hA,5-10s,65.0,8.0,2,layer1,-3.531188726425171,-3.157444477081299,0.04079894721508026,2.651931568980217,0.3314914461225271,0.04079894721508026,3.157444477081299
gbi6MxPf3hA_4,gbi6MxPf3hA,5-10s,65.0,8.0,2,layer2,-1.0788952112197876,-3.391754150390625,0.03255416452884674,2.116020694375038,0.26450258679687977,0.03255416452884674,3.391754150390625
gbi6MxPf3hA_4,gbi6MxPf3hA,5-10s,65.0,8.0,3,layer1,-1.4523833990097046,-1.4882906675338745,0.184178426861763,11.971597746014595,1.4964497182518244,0.184178426861763,1.4882906675338745
gbi6MxPf3hA_4,gbi6MxPf3hA,5-10s,65.0,8.0,3,layer2,-1.0683399438858032,-1.8434666395187378,0.13664181530475616,8.88171799480915,1.1102147493511438,0.13664181530475616,1.8434666395187378
gbi6MxPf3hA_4,gbi6MxPf3hA,5-10s,65.0,8.0,5,layer1,-1.9212391376495361,-2.139664649963379,0.10530097037553787,6.844563074409962,0.8555703843012452,0.10530097037553787,2.139664649963379
gbi6MxPf3hA_4,gbi6MxPf3hA,5-10s,65.0,8.0,5,layer2,-1.4390016794204712,-2.3492624759674072,0.08712440729141235,5.663086473941803,0.7078858092427254,0.08712440729141235,2.3492624759674072
gf6H_MWCqjw_2,gf6H_MWCqjw,5-10s,119.0,7.0,1,layer1,-2.660557508468628,-3.4017200469970703,0.03224175050854683,3.8367683105170727,0.5481097586452961,0.03224175050854683,3.4017200469970703
gf6H_MWCqjw_2,gf6H_MWCqjw,5-10s,119.0,7.0,1,layer2,-1.0668443441390991,-3.256021499633789,0.03711111471056938,4.416222650557756,0.6308889500796795,0.03711111471056938,3.256021499633789
gf6H_MWCqjw_2,gf6H_MWCqjw,5-10s,119.0,7.0,6,layer1,-4.4090352058410645,-2.728741407394409,0.061298537999391556,7.294526021927595,1.0420751459896564,0.061298537999391556,2.728741407394409
gf6H_MWCqjw_2,gf6H_MWCqjw,5-10s,119.0,7.0,6,layer2,-2.048870325088501,-3.2449159622192383,0.03751000389456749,4.463690463453531,0.6376700662076473,0.03751000389456749,3.2449159622192383
gf6H_MWCqjw_2,gf6H_MWCqjw,5-10s,119.0,7.0,8,layer1,-3.1699774265289307,-3.0407650470733643,0.04561784863471985,5.428523987531662,0.7755034267902374,0.04561784863471985,3.0407650470733643
gf6H_MWCqjw_2,gf6H_MWCqjw,5-10s,119.0,7.0,8,layer2,-1.6040526628494263,-3.4973034858703613,0.029389051720499992,3.497297154739499,0.49961387924849987,0.029389051720499992,3.4973034858703613
ggN4-K5AgoM_1,ggN4-K5AgoM,20s+,100.0,32.0,1,layer1,-1.1326019763946533,-1.8737645149230957,0.13310673832893372,13.310673832893372,0.41595855727791786,0.13310673832893372,1.8737645149230957
ggN4-K5AgoM_1,ggN4-K5AgoM,20s+,100.0,32.0,1,layer2,-1.0508249998092651,-1.489548683166504,0.183989480137825,18.3989480137825,0.5749671254307032,0.183989480137825,1.489548683166504
ggN4-K5AgoM_1,ggN4-K5AgoM,20s+,100.0,32.0,3,layer1,-3.0309317111968994,-3.0668389797210693,0.04449602589011192,4.449602589011192,0.13905008090659976,0.04449602589011192,3.0668389797210693
ggN4-K5AgoM_1,ggN4-K5AgoM,20s+,100.0,32.0,3,layer2,-1.0527677536010742,-3.165522575378418,0.0404839850962162,4.04839850962162,0.12651245342567563,0.0404839850962162,3.165522575378418
ggN4-K5AgoM_1,ggN4-K5AgoM,20s+,100.0,32.0,5,layer1,-1.3220077753067017,-1.540433406829834,0.1764722764492035,17.64722764492035,0.5514758639037609,0.1764722764492035,1.540433406829834
ggN4-K5AgoM_1,ggN4-K5AgoM,20s+,100.0,32.0,5,layer2,-1.311012864112854,-1.9681763648986816,0.12258489429950714,12.258489429950714,0.3830777946859598,0.12258489429950714,1.9681763648986816
glAeihz0NAM_1,glAeihz0NAM,2-5s,185.0,4.0,4,layer1,0.10136356949806213,-2.423422336578369,0.08140397816896439,15.059735961258411,3.764933990314603,0.08140397816896439,2.423422336578369
glAeihz0NAM_1,glAeihz0NAM,2-5s,185.0,4.0,4,layer2,-0.7052609324455261,-2.372469663619995,0.08529625087976456,15.779806412756443,3.9449516031891108,0.08529625087976456,2.372469663619995
gr5Zss89yLQ_1,gr5Zss89yLQ,0-2s,106.0,1.0,9,layer1,-3.962571382522583,-3.2538065910339355,0.03719034418463707,3.9421764835715294,3.9421764835715294,0.03719034418463707,3.2538065910339355
gr5Zss89yLQ_1,gr5Zss89yLQ,0-2s,106.0,1.0,9,layer2,-1.4098604917526245,-3.3823318481445312,0.03285222500562668,3.482335850596428,3.482335850596428,0.03285222500562668,3.3823318481445312
gr5Zss89yLQ_2,gr5Zss89yLQ,5-10s,106.0,8.0,2,layer1,-3.5372836589813232,-3.163539409637451,0.040561091154813766,4.299475662410259,0.5374344578012824,0.040561091154813766,3.163539409637451
gr5Zss89yLQ_2,gr5Zss89yLQ,5-10s,106.0,8.0,2,layer2,-1.0279864072799683,-4.448060035705566,0.01156590972095728,1.2259864304214716,0.15324830380268395,0.01156590972095728,4.448060035705566
gr5Zss89yLQ_3,gr5Zss89yLQ,2-5s,106.0,2.0,8,layer1,-3.6336495876312256,-3.504437208175659,0.029186243191361427,3.0937417782843113,1.5468708891421556,0.029186243191361427,3.504437208175659
gr5Zss89yLQ_3,gr5Zss89yLQ,2-5s,106.0,2.0,8,layer2,-1.232351541519165,-3.6075830459594727,0.026401374489068985,2.7985456958413124,1.3992728479206562,0.026401374489068985,3.6075830459594727
hDMHIDJdfDA_1,hDMHIDJdfDA,10-20s,76.0,10.0,0,layer1,-1.2779000997543335,-2.732226848602295,0.06109829246997833,4.643470227718353,0.4643470227718353,0.06109829246997833,2.732226848602295
hDMHIDJdfDA_1,hDMHIDJdfDA,10-20s,76.0,10.0,0,layer2,-1.0110886096954346,-2.742062568664551,0.060536496341228485,4.600773721933365,0.4600773721933365,0.060536496341228485,2.742062568664551
hDMHIDJdfDA_1,hDMHIDJdfDA,10-20s,76.0,10.0,3,layer1,-2.0552823543548584,-2.0911896228790283,0.10995610058307648,8.356663644313812,0.8356663644313812,0.10995610058307648,2.0911896228790283
hDMHIDJdfDA_1,hDMHIDJdfDA,10-20s,76.0,10.0,3,layer2,-1.4593212604522705,-2.8936777114868164,0.0524669848382473,3.9874908477067947,0.3987490847706795,0.0524669848382473,2.8936777114868164
hJtOGmN_KVw_1,hJtOGmN_KVw,10-20s,299.0,16.0,6,layer1,-2.281970739364624,-0.6016769409179688,0.3539601266384125,105.83407786488533,6.614629866555333,0.3539601266384125,0.6016769409179688
hJtOGmN_KVw_1,hJtOGmN_KVw,10-20s,299.0,16.0,6,layer2,-2.0600502490997314,-2.4338481426239014,0.08062775433063507,24.107698544859886,1.5067311590537429,0.08062775433063507,2.4338481426239014
hJtOGmN_KVw_1,hJtOGmN_KVw,10-20s,299.0,16.0,7,layer1,-2.480347156524658,-0.8128893375396729,0.3072751462459564,91.87526872754097,5.742204295471311,0.3072751462459564,0.8128893375396729
hJtOGmN_KVw_1,hJtOGmN_KVw,10-20s,299.0,16.0,7,layer2,-2.0243306159973145,-2.44594144821167,0.07973584532737732,23.84101775288582,1.4900636095553637,0.07973584532737732,2.44594144821167
hJtOGmN_KVw_1,hJtOGmN_KVw,10-20s,299.0,16.0,8,layer1,-2.269684314727783,-2.140471935272217,0.10522493720054626,31.462256222963333,1.9663910139352083,0.10522493720054626,2.140471935272217
hJtOGmN_KVw_1,hJtOGmN_KVw,10-20s,299.0,16.0,8,layer2,-2.0644376277923584,-3.2759435176849365,0.03640574961900711,10.885319136083126,0.6803324460051954,0.03640574961900711,3.2759435176849365
hJtOGmN_KVw_2,hJtOGmN_KVw,20s+,299.0,22.0,8,layer1,-2.1007392406463623,-1.971526861190796,0.12222497165203094,36.54526652395725,1.6611484783616932,0.12222497165203094,1.971526861190796
hJtOGmN_KVw_2,hJtOGmN_KVw,20s+,299.0,22.0,8,layer2,-1.5119022130966187,-1.9778380393981934,0.12154947966337204,36.34329441934824,1.6519679281521926,0.12154947966337204,1.9778380393981934
hV4bDCBDCy0_1,hV4bDCBDCy0,10-20s,115.0,13.0,0,layer1,-1.0502033233642578,-2.504530191421509,0.07554120570421219,8.687238655984402,0.6682491273834155,0.07554120570421219,2.504530191421509
hV4bDCBDCy0_1,hV4bDCBDCy0,10-20s,115.0,13.0,0,layer2,-1.014451265335083,-2.512439727783203,0.07499069720506668,8.623930178582668,0.6633792445063591,0.07499069720506668,2.512439727783203
hV4bDCBDCy0_1,hV4bDCBDCy0,10-20s,115.0,13.0,2,layer1,-4.185953140258789,-3.812208890914917,0.021621491760015488,2.486471552401781,0.1912670424924447,0.021621491760015488,3.812208890914917
hV4bDCBDCy0_1,hV4bDCBDCy0,10-20s,115.0,13.0,2,layer2,-1.0346883535385132,-4.446707725524902,0.011581379920244217,1.331858690828085,0.1024506685252373,0.011581379920244217,4.446707725524902
hV4bDCBDCy0_1,hV4bDCBDCy0,10-20s,115.0,13.0,3,layer1,-2.63482928276062,-2.67073655128479,0.06472236663103104,7.443072162568569,0.5725440125052745,0.06472236663103104,2.67073655128479
hV4bDCBDCy0_1,hV4bDCBDCy0,10-20s,115.0,13.0,3,layer2,-0.5901629328727722,-2.5749242305755615,0.0707697942852974,8.1385263428092,0.6260404879084001,0.0707697942852974,2.5749242305755615
hV4bDCBDCy0_1,hV4bDCBDCy0,10-20s,115.0,13.0,5,layer1,-2.550084352493286,-2.768509864807129,0.059049755334854126,6.7907218635082245,0.5223632202698634,0.059049755334854126,2.768509864807129
hV4bDCBDCy0_1,hV4bDCBDCy0,10-20s,115.0,13.0,5,layer2,-0.5574207901954651,-2.5111818313598633,0.07507799565792084,8.633969500660896,0.6641515000508382,0.07507799565792084,2.5111818313598633
hV4bDCBDCy0_1,hV4bDCBDCy0,10-20s,115.0,13.0,7,layer1,-4.0709967613220215,-2.403538942337036,0.08290322870016098,9.533871300518513,0.733374715424501,0.08290322870016098,2.403538942337036
hV4bDCBDCy0_1,hV4bDCBDCy0,10-20s,115.0,13.0,7,layer2,-1.1420706510543823,-1.9137928485870361,0.12855534255504608,14.7838643938303,1.137220337986946,0.12855534255504608,1.9137928485870361
hVUmQfBIYe8_1,hVUmQfBIYe8,2-5s,179.0,4.0,3,layer1,-3.2831499576568604,-3.3190572261810303,0.034923166036605835,6.2512467205524445,1.5628116801381111,0.034923166036605835,3.3190572261810303
hVUmQfBIYe8_1,hVUmQfBIYe8,2-5s,179.0,4.0,3,layer2,-1.6303932666778564,-3.407197952270508,0.03207126259803772,5.740756005048752,1.435189001262188,0.03207126259803772,3.407197952270508
hVUmQfBIYe8_1,hVUmQfBIYe8,2-5s,179.0,4.0,7,layer1,-5.074859619140625,-3.4074018001556396,0.03206493705511093,5.739623732864857,1.4349059332162142,0.03206493705511093,3.4074018001556396
hVUmQfBIYe8_1,hVUmQfBIYe8,2-5s,179.0,4.0,7,layer2,-1.5969048738479614,-3.393507957458496,0.03249897435307503,5.81731640920043,1.4543291023001075,0.03249897435307503,3.393507957458496
hiJB_95IWiE_1,hiJB_95IWiE,10-20s,299.0,17.0,4,layer1,-1.1880766153335571,-3.712862491607666,0.02382601983845234,7.123979931697249,0.41905764304101467,0.02382601983845234,3.712862491607666
hiJB_95IWiE_1,hiJB_95IWiE,10-20s,299.0,17.0,4,layer2,-2.0150556564331055,-4.941391944885254,0.007093962747603655,2.121094861533493,0.1247702859725584,0.007093962747603655,4.941391944885254
hiJB_95IWiE_1,hiJB_95IWiE,10-20s,299.0,17.0,7,layer1,-2.227487564086914,-0.5600297451019287,0.3635405898094177,108.6986363530159,6.394037432530347,0.3635405898094177,0.5600297451019287
hiJB_95IWiE_1,hiJB_95IWiE,10-20s,299.0,17.0,7,layer2,-1.9792379140853882,-2.351419687271118,0.08695299178361893,25.99894454330206,1.529349679017768,0.08695299178361893,2.351419687271118
hiJB_95IWiE_1,hiJB_95IWiE,10-20s,299.0,17.0,8,layer1,-2.3286244869232178,-2.1994121074676514,0.09980329126119614,29.841184087097645,1.7553637698292732,0.09980329126119614,2.1994121074676514
hiJB_95IWiE_1,hiJB_95IWiE,10-20s,299.0,17.0,8,layer2,-2.0130584239959717,-3.3069891929626465,0.035332195460796356,10.56432644277811,0.6214309672222418,0.035332195460796356,3.3069891929626465
huMLK0oA3L8_1,huMLK0oA3L8,20s+,162.0,47.0,4,layer1,0.5466694831848145,-1.978116512298584,0.12151975929737091,19.686201006174088,0.4188553405568955,0.12151975929737091,1.978116512298584
huMLK0oA3L8_1,huMLK0oA3L8,20s+,162.0,47.0,4,layer2,-0.9710069298744202,-2.3624937534332275,0.08607781678438187,13.944606319069862,0.29669375146957155,0.08607781678438187,2.3624937534332275
huMLK0oA3L8_1,huMLK0oA3L8,20s+,162.0,47.0,6,layer1,-3.0639774799346924,-1.383683681488037,0.20041802525520325,32.467720091342926,0.6908025551349559,0.20041802525520325,1.383683681488037
huMLK0oA3L8_1,huMLK0oA3L8,20s+,162.0,47.0,6,layer2,-1.332872986793518,-1.48640775680542,0.18446151912212372,29.882766097784042,0.6358035339954051,0.18446151912212372,1.48640775680542
huMLK0oA3L8_2,huMLK0oA3L8,20s+,162.0,33.0,4,layer1,-0.6844755411148071,-3.209261417388916,0.038818687200546265,6.288627326488495,0.1905644644390453,0.038818687200546265,3.209261417388916
huMLK0oA3L8_2,huMLK0oA3L8,20s+,162.0,33.0,4,layer2,-1.3371354341506958,-3.3711142539978027,0.03321051597595215,5.380103588104248,0.1630334420637651,0.03321051597595215,3.3711142539978027
huMLK0oA3L8_2,huMLK0oA3L8,20s+,162.0,33.0,6,layer1,-4.879304885864258,-3.1990110874176025,0.03920295462012291,6.350878648459911,0.19245086813514883,0.03920295462012291,3.1990110874176025
huMLK0oA3L8_2,huMLK0oA3L8,20s+,162.0,33.0,6,layer2,-2.023892879486084,-3.350053548812866,0.0338934101164341,5.490732438862324,0.16638583148067648,0.0338934101164341,3.350053548812866
huMLK0oA3L8_2,huMLK0oA3L8,20s+,162.0,33.0,7,layer1,-4.991703987121582,-3.3242461681365967,0.03474870324134827,5.629289925098419,0.17058454318480057,0.03474870324134827,3.3242461681365967
huMLK0oA3L8_2,huMLK0oA3L8,20s+,162.0,33.0,7,layer2,-1.841140866279602,-3.5466666221618652,0.028013192117214203,4.538137122988701,0.13751930675723337,0.028013192117214203,3.5466666221618652
hxbmDeNSO6Q_1,hxbmDeNSO6Q,20s+,266.0,50.0,5,layer1,-2.968395709991455,-3.186821222305298,0.03966468572616577,10.550806403160095,0.2110161280632019,0.03966468572616577,3.186821222305298
hxbmDeNSO6Q_1,hxbmDeNSO6Q,20s+,266.0,50.0,5,layer2,-0.9586657881736755,-2.8939146995544434,0.05245520547032356,13.953084655106068,0.27906169310212137,0.05245520547032356,2.8939146995544434
hzn_wGlzGpU_2,hzn_wGlzGpU,0-2s,126.0,1.0,0,layer1,-1.3260506391525269,-2.7803773880004883,0.05839379504323006,7.357618175446987,7.357618175446987,0.05839379504323006,2.7803773880004883
hzn_wGlzGpU_2,hzn_wGlzGpU,0-2s,126.0,1.0,0,layer2,-1.6348084211349487,-3.942427158355713,0.0190318301320076,2.3980105966329575,2.3980105966329575,0.0190318301320076,3.942427158355713
hzn_wGlzGpU_2,hzn_wGlzGpU,0-2s,126.0,1.0,4,layer1,-1.215478539466858,-3.740264415740967,0.02319694682955742,2.9228153005242348,2.9228153005242348,0.02319694682955742,3.740264415740967
hzn_wGlzGpU_2,hzn_wGlzGpU,0-2s,126.0,1.0,4,layer2,-1.7217317819595337,-4.994792461395264,0.006727559957653284,0.8476725546643138,0.8476725546643138,0.006727559957653284,4.994792461395264
hzn_wGlzGpU_2,hzn_wGlzGpU,0-2s,126.0,1.0,7,layer1,-5.30826473236084,-3.6408069133758545,0.025560682639479637,3.2206460125744343,3.2206460125744343,0.025560682639479637,3.6408069133758545
hzn_wGlzGpU_2,hzn_wGlzGpU,0-2s,126.0,1.0,7,layer2,-1.1351853609085083,-3.2282891273498535,0.038114920258522034,4.802479952573776,4.802479952573776,0.038114920258522034,3.2282891273498535
i2yhbckq3p0_1,i2yhbckq3p0,20s+,180.0,22.0,9,layer1,-3.1516306400299072,-2.4428658485412598,0.07996181398630142,14.393126517534256,0.6542330235242844,0.07996181398630142,2.4428658485412598
i2yhbckq3p0_1,i2yhbckq3p0,20s+,180.0,22.0,9,layer2,-0.9919620156288147,-2.359576940536499,0.08630755543708801,15.535359978675842,0.7061527263034474,0.08630755543708801,2.359576940536499
i6MQCm58zlY_1,i6MQCm58zlY,20s+,247.0,36.0,8,layer1,-3.5020029544830322,-3.372790575027466,0.033156733959913254,8.189713288098574,0.22749203578051594,0.033156733959913254,3.372790575027466
i6MQCm58zlY_1,i6MQCm58zlY,20s+,247.0,36.0,8,layer2,-1.2722877264022827,-3.2375569343566895,0.03777659684419632,9.330819420516491,0.25918942834768033,0.03777659684419632,3.2375569343566895
i6MQCm58zlY_1,i6MQCm58zlY,20s+,247.0,36.0,9,layer1,-3.892441987991333,-3.1836771965026855,0.039784617722034454,9.82680057734251,0.27296668270395863,0.039784617722034454,3.1836771965026855
i6MQCm58zlY_1,i6MQCm58zlY,20s+,247.0,36.0,9,layer2,-1.52580726146698,-3.5379672050476074,0.0282510407269001,6.978007059544325,0.1938335294317868,0.0282510407269001,3.5379672050476074
iOCpICiu4LA_3,iOCpICiu4LA,5-10s,299.0,6.0,9,layer1,-3.3283262252807617,-2.6195614337921143,0.06789004057645798,20.299122132360935,3.383187022060156,0.06789004057645798,2.6195614337921143
iOCpICiu4LA_3,iOCpICiu4LA,5-10s,299.0,6.0,9,layer2,-1.3205307722091675,-2.898806095123291,0.05221261456608772,15.611571755260229,2.6019286258767047,0.05221261456608772,2.898806095123291
ilspW7JRjAg_2,ilspW7JRjAg,10-20s,208.0,10.0,4,layer1,-0.9054253101348877,-3.430211305618286,0.03136451169848442,6.5238184332847595,0.6523818433284759,0.03136451169848442,3.430211305618286
ilspW7JRjAg_2,ilspW7JRjAg,10-20s,208.0,10.0,4,layer2,-1.2503443956375122,-3.576721668243408,0.02720634825527668,5.658920437097549,0.565892043709755,0.02720634825527668,3.576721668243408
inSvboaSRwA_1,inSvboaSRwA,10-20s,299.0,15.0,6,layer1,-2.801713466644287,-1.1214196681976318,0.24574805796146393,73.47866933047771,4.898577955365181,0.24574805796146393,1.1214196681976318
inSvboaSRwA_1,inSvboaSRwA,10-20s,299.0,15.0,6,layer2,-2.187556266784668,-2.918708562850952,0.05123643949627876,15.31969540938735,1.02131302729249,0.05123643949627876,2.918708562850952
j1AiqT5oHZc_2,j1AiqT5oHZc,20s+,183.0,129.0,3,layer1,-2.108583688735962,-2.144490957260132,0.10484714806079865,19.187028095126152,0.14873665190020272,0.10484714806079865,2.144490957260132
j1AiqT5oHZc_2,j1AiqT5oHZc,20s+,183.0,129.0,3,layer2,-0.4882655441761017,-1.7616435289382935,0.146584615111351,26.824984565377235,0.20794561678587004,0.146584615111351,1.7616435289382935
jOYvIISk--4_1,jOYvIISk--4,10-20s,299.0,13.0,0,layer1,-1.0277637243270874,-2.482090473175049,0.07712328433990479,23.05986201763153,1.77383553981781,0.07712328433990479,2.482090473175049
jOYvIISk--4_1,jOYvIISk--4,10-20s,299.0,13.0,0,layer2,-0.8352754712104797,-2.771944999694824,0.05885917693376541,17.598893903195858,1.3537610694766045,0.05885917693376541,2.771944999694824
jOYvIISk--4_1,jOYvIISk--4,10-20s,299.0,13.0,6,layer1,-3.7525622844696045,-2.072268486022949,0.11182153224945068,33.434638142585754,2.5718952417373657,0.11182153224945068,2.072268486022949
jOYvIISk--4_1,jOYvIISk--4,10-20s,299.0,13.0,6,layer2,-1.4455851316452026,-1.8276324272155762,0.13852055370807648,41.41764555871487,3.185972735285759,0.13852055370807648,1.8276324272155762
jinJkonlrWc_1,jinJkonlrWc,20s+,300.0,73.0,8,layer1,-3.1900436878204346,-3.060831308364868,0.044752150774002075,13.425645232200623,0.1839129483863099,0.044752150774002075,3.060831308364868
jinJkonlrWc_1,jinJkonlrWc,20s+,300.0,73.0,8,layer2,-1.685553789138794,-3.260352373123169,0.03695666417479515,11.086999252438545,0.15187670208819926,0.03695666417479515,3.260352373123169
jj2RyNDj7no_1,jj2RyNDj7no,10-20s,300.0,15.0,6,layer1,-2.4561455249786377,-0.7758517265319824,0.315214604139328,94.5643812417984,6.30429208278656,0.315214604139328,0.7758517265319824
jj2RyNDj7no_1,jj2RyNDj7no,10-20s,300.0,15.0,6,layer2,-2.107665777206421,-2.676636219024658,0.06436615437269211,19.309846311807632,1.2873230874538422,0.06436615437269211,2.676636219024658
jj2RyNDj7no_1,jj2RyNDj7no,10-20s,300.0,15.0,7,layer1,-2.6346161365509033,-0.967158317565918,0.275447279214859,82.6341837644577,5.50894558429718,0.275447279214859,0.967158317565918
jj2RyNDj7no_1,jj2RyNDj7no,10-20s,300.0,15.0,7,layer2,-2.007894515991211,-2.6481845378875732,0.06610099226236343,19.83029767870903,1.3220198452472687,0.06610099226236343,2.6481845378875732
jjfUaMQaG1A_3,jjfUaMQaG1A,5-10s,300.0,5.0,3,layer1,-3.3416616916656494,-3.3775689601898193,0.03300389274954796,9.901167824864388,1.9802335649728775,0.03300389274954796,3.3775689601898193
jjfUaMQaG1A_3,jjfUaMQaG1A,5-10s,300.0,5.0,3,layer2,-1.5950181484222412,-3.518392562866211,0.02879341132938862,8.638023398816586,1.727604679763317,0.02879341132938862,3.518392562866211
jlwe9jtu5Gw_1,jlwe9jtu5Gw,2-5s,63.0,3.0,7,layer1,-4.197789669036865,-2.53033185005188,0.07375897467136383,4.646815404295921,1.5489384680986404,0.07375897467136383,2.53033185005188
jlwe9jtu5Gw_1,jlwe9jtu5Gw,2-5s,63.0,3.0,7,layer2,-2.058897018432617,-2.9797842502593994,0.048347555100917816,3.0458959713578224,1.0152986571192741,0.048347555100917816,2.9797842502593994
jlwe9jtu5Gw_1,jlwe9jtu5Gw,2-5s,63.0,3.0,9,layer1,-3.757075309753418,-3.0483105182647705,0.045290470123291016,2.853299617767334,0.9510998725891113,0.045290470123291016,3.0483105182647705
jlwe9jtu5Gw_1,jlwe9jtu5Gw,2-5s,63.0,3.0,9,layer2,-1.1966301202774048,-3.3285422325134277,0.03460489585995674,2.1801084391772747,0.7267028130590916,0.03460489585995674,3.3285422325134277
jlwe9jtu5Gw_3,jlwe9jtu5Gw,2-5s,63.0,3.0,2,layer1,-4.377686500549316,-4.003942012786865,0.017916714772582054,1.1287530306726694,0.37625101022422314,0.017916714772582054,4.003942012786865
jlwe9jtu5Gw_3,jlwe9jtu5Gw,2-5s,63.0,3.0,2,layer2,-0.8877565860748291,-4.478010177612305,0.011228475719690323,0.7073939703404903,0.23579799011349678,0.011228475719690323,4.478010177612305
jlwe9jtu5Gw_3,jlwe9jtu5Gw,2-5s,63.0,3.0,3,layer1,-3.537853240966797,-3.573760509490967,0.027284827083349228,1.7189441062510014,0.5729813687503338,0.027284827083349228,3.573760509490967
jlwe9jtu5Gw_3,jlwe9jtu5Gw,2-5s,63.0,3.0,3,layer2,-1.014742136001587,-3.971911668777466,0.01848910003900528,1.1648133024573326,0.38827110081911087,0.01848910003900528,3.971911668777466
jlwe9jtu5Gw_4,jlwe9jtu5Gw,5-10s,63.0,5.0,3,layer1,-2.8615875244140625,-2.8974947929382324,0.052277546375989914,3.2934854216873646,0.6586970843374729,0.052277546375989914,2.8974947929382324
jlwe9jtu5Gw_4,jlwe9jtu5Gw,5-10s,63.0,5.0,3,layer2,-0.8545441031455994,-2.8459584712982178,0.05489060655236244,3.458108212798834,0.6916216425597668,0.05489060655236244,2.8459584712982178
k4XyfaWVLEY_1,k4XyfaWVLEY,5-10s,230.0,5.0,9,layer1,-4.252599239349365,-3.5438344478607178,0.02809041179716587,6.46079471334815,1.29215894266963,0.02809041179716587,3.5438344478607178
k4XyfaWVLEY_1,k4XyfaWVLEY,5-10s,230.0,5.0,9,layer2,-0.6654393076896667,-3.446596622467041,0.03087051957845688,7.100219503045082,1.4200439006090164,0.03087051957845688,3.446596622467041
kLYCjD6vWI4_2,kLYCjD6vWI4,5-10s,300.0,9.0,2,layer1,-2.4237630367279053,-2.050018787384033,0.1140504777431488,34.21514332294464,3.8016825914382935,0.1140504777431488,2.050018787384033
kLYCjD6vWI4_2,kLYCjD6vWI4,5-10s,300.0,9.0,2,layer2,-0.7242764830589294,-3.5460448265075684,0.02803013101220131,8.409039303660393,0.9343377004067103,0.02803013101220131,3.5460448265075684
kx6Rj4MDIAw_1,kx6Rj4MDIAw,5-10s,267.0,9.0,8,layer1,-3.9058120250701904,-3.776599645614624,0.022387739270925522,5.977526385337114,0.6641695983707905,0.022387739270925522,3.776599645614624
kx6Rj4MDIAw_1,kx6Rj4MDIAw,5-10s,267.0,9.0,8,layer2,-1.0576456785202026,-3.624793529510498,0.025962578132748604,6.932008361443877,0.770223151271542,0.025962578132748604,3.624793529510498
lTfNLKEy1RU_2,lTfNLKEy1RU,2-5s,181.0,2.0,3,layer1,-3.6958212852478027,-3.7317285537719727,0.02339114621281624,4.233797464519739,2.1168987322598696,0.02339114621281624,3.7317285537719727
lTfNLKEy1RU_2,lTfNLKEy1RU,2-5s,181.0,2.0,3,layer2,-1.1140365600585938,-3.784107208251953,0.02222401462495327,4.022546647116542,2.011273323558271,0.02222401462495327,3.784107208251953
lVr-PxhZo8s_1,lVr-PxhZo8s,2-5s,69.0,2.0,9,layer1,-3.887406349182129,-3.1786415576934814,0.039977435022592545,2.7584430165588856,1.3792215082794428,0.039977435022592545,3.1786415576934814
lVr-PxhZo8s_1,lVr-PxhZo8s,2-5s,69.0,2.0,9,layer2,-1.1987172365188599,-3.4181227684020996,0.031733859330415726,2.189636293798685,1.0948181468993425,0.031733859330415726,3.4181227684020996
lX3k5p2I_g0_1,lX3k5p2I_g0,20s+,300.0,151.0,0,layer1,0.5638142228126526,-0.8905126452445984,0.2910040318965912,87.30120956897736,0.578153705754817,0.2910040318965912,0.8905126452445984
lX3k5p2I_g0_1,lX3k5p2I_g0,20s+,300.0,151.0,0,layer2,0.3312470316886902,-0.1943073272705078,0.4515754282474518,135.47262847423553,0.8971697249949373,0.4515754282474518,0.1943073272705078
lgwpIImXCWA_2,lgwpIImXCWA,10-20s,194.0,14.0,2,layer1,-4.381120681762695,-4.007376194000244,0.01785638928413391,3.4641395211219788,0.2474385372229985,0.01785638928413391,4.007376194000244
lgwpIImXCWA_2,lgwpIImXCWA,10-20s,194.0,14.0,2,layer2,-1.210608959197998,-4.525245666503906,0.010715977288782597,2.0788995940238237,0.14849282814455883,0.010715977288782597,4.525245666503906
lh801oHGtD4_1,lh801oHGtD4,20s+,97.0,26.0,3,layer1,-2.0661706924438477,-2.1020779609680176,0.10889501124620438,10.562816090881824,0.40626215734160864,0.10889501124620438,2.1020779609680176
lh801oHGtD4_1,lh801oHGtD4,20s+,97.0,26.0,3,layer2,-1.3243364095687866,-2.4294252395629883,0.08095621317625046,7.852752678096294,0.3020289491575498,0.08095621317625046,2.4294252395629883
lh801oHGtD4_1,lh801oHGtD4,20s+,97.0,26.0,5,layer1,-1.7964540719985962,-2.0148797035217285,0.11764948815107346,11.412000350654125,0.43892309040977406,0.11764948815107346,2.0148797035217285
lh801oHGtD4_1,lh801oHGtD4,20s+,97.0,26.0,5,layer2,-1.5360037088394165,-2.5449488162994385,0.07276656478643417,7.058356784284115,0.2714752609340044,0.07276656478643417,2.5449488162994385
lh801oHGtD4_1,lh801oHGtD4,20s+,97.0,26.0,7,layer1,-3.853405714035034,-2.185947895050049,0.101019486784935,9.798890218138695,0.37688039300533444,0.101019486784935,2.185947895050049
lh801oHGtD4_1,lh801oHGtD4,20s+,97.0,26.0,7,layer2,-1.9485034942626953,-2.4198057651519775,0.08167482167482376,7.922457702457905,0.3047099116329963,0.08167482167482376,2.4198057651519775
lh801oHGtD4_2,lh801oHGtD4,2-5s,97.0,3.0,0,layer1,-1.6055339574813843,-3.0598607063293457,0.044793661683797836,4.34498518332839,1.4483283944427967,0.044793661683797836,3.0598607063293457
lh801oHGtD4_2,lh801oHGtD4,2-5s,97.0,3.0,0,layer2,-1.4651938676834106,-3.2049715518951416,0.03897906094789505,3.78096891194582,1.2603229706486065,0.03897906094789505,3.2049715518951416
lh801oHGtD4_2,lh801oHGtD4,2-5s,97.0,3.0,5,layer1,-3.1962273120880127,-3.4146528244018555,0.03184065222740173,3.088543266057968,1.0295144220193226,0.03184065222740173,3.4146528244018555
lh801oHGtD4_2,lh801oHGtD4,2-5s,97.0,3.0,5,layer2,-1.472838282585144,-3.339402675628662,0.034243907779455185,3.321659054607153,1.107219684869051,0.034243907779455185,3.339402675628662
lh801oHGtD4_3,lh801oHGtD4,2-5s,97.0,4.0,3,layer1,-2.9680979251861572,-3.004005193710327,0.04724525660276413,4.582789890468121,1.1456974726170301,0.04724525660276413,3.004005193710327
lh801oHGtD4_3,lh801oHGtD4,2-5s,97.0,4.0,3,layer2,-0.4809584319591522,-2.7152481079101562,0.062079571187496185,6.02171840518713,1.5054296012967825,0.062079571187496185,2.7152481079101562
lrKGCtSsAkA_4,lrKGCtSsAkA,0-2s,240.0,1.0,2,layer1,-4.032898426055908,-3.659154176712036,0.02510765753686428,6.025837808847427,6.025837808847427,0.02510765753686428,3.659154176712036
lrKGCtSsAkA_4,lrKGCtSsAkA,0-2s,240.0,1.0,2,layer2,-1.3146506547927856,-4.8238677978515625,0.007971590384840965,1.9131816923618317,1.9131816923618317,0.007971590384840965,4.8238677978515625
mSF_FqBtRPs_1,mSF_FqBtRPs,2-5s,67.0,4.0,9,layer1,-3.6188788414001465,-2.910114049911499,0.0516558475792408,3.4609417878091335,0.8652354469522834,0.0516558475792408,2.910114049911499
mSF_FqBtRPs_1,mSF_FqBtRPs,2-5s,67.0,4.0,9,layer2,-1.5608187913894653,-3.154222011566162,0.04092524200677872,2.741991214454174,0.6854978036135435,0.04092524200677872,3.154222011566162
mSF_FqBtRPs_2,mSF_FqBtRPs,20s+,67.0,22.0,1,layer1,-1.4072998762130737,-2.1484622955322266,0.1044749990105629,6.999824933707714,0.3181738606230779,0.1044749990105629,2.1484622955322266
mSF_FqBtRPs_2,mSF_FqBtRPs,20s+,67.0,22.0,1,layer2,-1.0817101001739502,-2.0055737495422363,0.11861895024776459,7.947469666600227,0.36124862120910123,0.11861895024776459,2.0055737495422363
mUGmCSNETcg_1,mUGmCSNETcg,20s+,299.0,45.0,1,layer1,-2.2073609828948975,-2.94852352142334,0.04980634152889252,14.892096117138863,0.3309354692697525,0.04980634152889252,2.94852352142334
mUGmCSNETcg_1,mUGmCSNETcg,20s+,299.0,45.0,1,layer2,-1.5995653867721558,-3.3629150390625,0.03347478061914444,10.008959405124187,0.22242132011387084,0.03347478061914444,3.3629150390625
mUGmCSNETcg_1,mUGmCSNETcg,20s+,299.0,45.0,9,layer1,-3.1735551357269287,-2.4647903442382812,0.07836366444826126,23.430735670030117,0.5206830148895581,0.07836366444826126,2.4647903442382812
mUGmCSNETcg_1,mUGmCSNETcg,20s+,299.0,45.0,9,layer2,-0.8985846638679504,-2.1036157608032227,0.10874588787555695,32.51502047479153,0.7225560105509228,0.10874588787555695,2.1036157608032227
mUGmCSNETcg_3,mUGmCSNETcg,20s+,299.0,32.0,2,layer1,-3.707709550857544,-3.333965301513672,0.03442418575286865,10.292831540107727,0.32165098562836647,0.03442418575286865,3.333965301513672
mUGmCSNETcg_3,mUGmCSNETcg,20s+,299.0,32.0,2,layer2,-1.083095669746399,-4.4554762840271,0.011481431312859058,3.4329479625448585,0.10727962382952683,0.011481431312859058,4.4554762840271
mWqH2xwjkYA_1,mWqH2xwjkYA,2-5s,118.0,4.0,0,layer1,-1.8956425189971924,-3.3499693870544434,0.03389616683125496,3.999747686088085,0.9999369215220213,0.03389616683125496,3.3499693870544434
mWqH2xwjkYA_1,mWqH2xwjkYA,2-5s,118.0,4.0,0,layer2,-1.1059545278549194,-3.2455039024353027,0.03748878464102745,4.423676587641239,1.1059191469103098,0.03748878464102745,3.2455039024353027
mYQrjcYNrW0_1,mYQrjcYNrW0,20s+,202.0,20.0,9,layer1,-2.3506457805633545,-1.641880989074707,0.16220927238464355,32.766273021698,1.6383136510849,0.16220927238464355,1.641880989074707
mYQrjcYNrW0_1,mYQrjcYNrW0,20s+,202.0,20.0,9,layer2,-1.0971800088882446,-1.8028936386108398,0.14149919152259827,28.58283668756485,1.4291418343782425,0.14149919152259827,1.8028936386108398
m_U506sf9p4_1,m_U506sf9p4,10-20s,212.0,11.0,4,layer1,-1.6374179124832153,-4.162203788757324,0.01533439476042986,3.25089168921113,0.29553560811010277,0.01533439476042986,4.162203788757324
m_U506sf9p4_1,m_U506sf9p4,10-20s,212.0,11.0,4,layer2,-2.1870124340057373,-5.506776809692383,0.004042759537696838,0.8570650219917297,0.07791500199924815,0.004042759537696838,5.506776809692383
m_U506sf9p4_1,m_U506sf9p4,10-20s,212.0,11.0,6,layer1,-2.1865334510803223,-0.506239652633667,0.3760754466056824,79.72799468040466,7.247999516400424,0.3760754466056824,0.506239652633667
m_U506sf9p4_1,m_U506sf9p4,10-20s,212.0,11.0,6,layer2,-2.0649778842926025,-2.3770382404327393,0.08494048565626144,18.007382959127426,1.6370348144661298,0.08494048565626144,2.3770382404327393
m_U506sf9p4_1,m_U506sf9p4,10-20s,212.0,11.0,7,layer1,-2.387258768081665,-0.7198009490966797,0.32743680477142334,69.41660261154175,6.310600237412886,0.32743680477142334,0.7198009490966797
m_U506sf9p4_1,m_U506sf9p4,10-20s,212.0,11.0,7,layer2,-1.974812626838684,-2.3244481086730957,0.08911831676959991,18.893083155155182,1.7175530141050166,0.08911831676959991,2.3244481086730957
m_U506sf9p4_1,m_U506sf9p4,10-20s,212.0,11.0,8,layer1,-2.195340871810913,-2.0661284923553467,0.1124328076839447,23.835755228996277,2.1668868389996616,0.1124328076839447,2.0661284923553467
m_U506sf9p4_1,m_U506sf9p4,10-20s,212.0,11.0,8,layer2,-2.113311290740967,-3.321002244949341,0.034857671707868576,7.389826402068138,0.6718024001880125,0.034857671707868576,3.321002244949341
m_U506sf9p4_4,m_U506sf9p4,2-5s,212.0,3.0,6,layer1,-4.9833855628967285,-3.3030917644500732,0.03546527773141861,7.518638879060745,2.506212959686915,0.03546527773141861,3.3030917644500732
m_U506sf9p4_4,m_U506sf9p4,2-5s,212.0,3.0,6,layer2,-1.544507384300232,-3.290310859680176,0.035905081778764725,7.611877337098122,2.5372924456993737,0.035905081778764725,3.290310859680176
maVYiednkSg_1,maVYiednkSg,20s+,142.0,46.0,0,layer1,-1.0521166324615479,-2.506443500518799,0.07540769875049591,10.70789322257042,0.23278028744718302,0.07540769875049591,2.506443500518799
maVYiednkSg_1,maVYiednkSg,20s+,142.0,46.0,0,layer2,-0.780430793762207,-2.182185411453247,0.10136168450117111,14.393359199166298,0.3128991130253543,0.10136168450117111,2.182185411453247
maVYiednkSg_1,maVYiednkSg,20s+,142.0,46.0,7,layer1,-3.959491014480591,-2.2920331954956055,0.09178492426872253,13.0334592461586,0.2833360705686652,0.09178492426872253,2.2920331954956055
maVYiednkSg_1,maVYiednkSg,20s+,142.0,46.0,7,layer2,-1.3227921724319458,-2.3742504119873047,0.08515741676092148,12.09235318005085,0.2628772430445837,0.08515741676092148,2.3742504119873047
maVYiednkSg_2,maVYiednkSg,5-10s,142.0,5.0,1,layer1,-2.0987372398376465,-2.839899778366089,0.05520576611161232,7.839218787848949,1.5678437575697899,0.05520576611161232,2.839899778366089
maVYiednkSg_2,maVYiednkSg,5-10s,142.0,5.0,1,layer2,-1.1416336297988892,-2.4780900478363037,0.07740849256515503,10.992005944252014,2.198401188850403,0.07740849256515503,2.4780900478363037
maVYiednkSg_2,maVYiednkSg,5-10s,142.0,5.0,6,layer1,-4.643847942352295,-2.9635541439056396,0.04909979924559593,6.972171492874622,1.3944342985749245,0.04909979924559593,2.9635541439056396
maVYiednkSg_2,maVYiednkSg,5-10s,142.0,5.0,6,layer2,-1.548456072807312,-2.7147812843322754,0.06210675835609436,8.8191596865654,1.7638319373130797,0.06210675835609436,2.7147812843322754
n74IYuCe_ms_1,n74IYuCe_ms,5-10s,144.0,5.0,0,layer1,-1.737352728843689,-3.1916794776916504,0.03948004171252251,5.685126006603241,1.137025201320648,0.03948004171252251,3.1916794776916504
n74IYuCe_ms_1,n74IYuCe_ms,5-10s,144.0,5.0,0,layer2,-1.6016229391098022,-3.535574436187744,0.02831680327653885,4.077619671821594,0.8155239343643188,0.02831680327653885,3.535574436187744
n74IYuCe_ms_1,n74IYuCe_ms,5-10s,144.0,5.0,3,layer1,-3.1975390911102295,-3.2334463596343994,0.03792629763484001,5.461386859416962,1.0922773718833922,0.03792629763484001,3.2334463596343994
n74IYuCe_ms_1,n74IYuCe_ms,5-10s,144.0,5.0,3,layer2,-1.2757428884506226,-3.7050328254699707,0.02400880679488182,3.457268178462982,0.6914536356925964,0.02400880679488182,3.7050328254699707
n74IYuCe_ms_1,n74IYuCe_ms,5-10s,144.0,5.0,4,layer1,-1.2069388628005981,-3.731724739074707,0.02339123748242855,3.3683381974697113,0.6736676394939423,0.02339123748242855,3.731724739074707
n74IYuCe_ms_1,n74IYuCe_ms,5-10s,144.0,5.0,4,layer2,-1.1273525953292847,-4.015794277191162,0.01770935393869877,2.5501469671726227,0.5100293934345246,0.01770935393869877,4.015794277191162
nD1K1Zo0qrM_5,nD1K1Zo0qrM,10-20s,299.0,16.0,4,layer1,0.6338291764259338,-1.8909568786621094,0.13113540410995483,39.209485828876495,2.450592864304781,0.13113540410995483,1.8909568786621094
nD1K1Zo0qrM_5,nD1K1Zo0qrM,10-20s,299.0,16.0,4,layer2,-0.597971498966217,-1.675499439239502,0.1576923429965973,47.15001055598259,2.946875659748912,0.1576923429965973,1.675499439239502
nU-AI3Cmc3M_1,nU-AI3Cmc3M,2-5s,86.0,3.0,8,layer1,-2.726480722427368,-2.5972683429718018,0.06931443512439728,5.961041420698166,1.9870138068993886,0.06931443512439728,2.5972683429718018
nU-AI3Cmc3M_1,nU-AI3Cmc3M,2-5s,86.0,3.0,8,layer2,-1.5901910066604614,-2.7317616939544678,0.061124976724386215,5.2567479982972145,1.7522493327657382,0.061124976724386215,2.7317616939544678
ne2DpKCIr4Y_2,ne2DpKCIr4Y,5-10s,262.0,6.0,5,layer1,-3.30694317817688,-3.5253686904907227,0.02859896793961525,7.492929600179195,1.248821600029866,0.02859896793961525,3.5253686904907227
ne2DpKCIr4Y_2,ne2DpKCIr4Y,5-10s,262.0,6.0,5,layer2,-1.3505871295928955,-3.5795905590057373,0.027130521833896637,7.108196720480919,1.1846994534134865,0.027130521833896637,3.5795905590057373
nlC4UI4hZ60_1,nlC4UI4hZ60,5-10s,77.0,5.0,1,layer1,-2.1762428283691406,-2.917405366897583,0.05129982903599739,3.950086835771799,0.7900173671543598,0.05129982903599739,2.917405366897583
nlC4UI4hZ60_1,nlC4UI4hZ60,5-10s,77.0,5.0,1,layer2,-2.106592893600464,-4.15301513671875,0.01547375600785017,1.191479212604463,0.23829584252089261,0.01547375600785017,4.15301513671875
nlC4UI4hZ60_1,nlC4UI4hZ60,5-10s,77.0,5.0,6,layer1,-3.964001417160034,-2.283707618713379,0.09248130768537521,7.1210606917738914,1.4242121383547783,0.09248130768537521,2.283707618713379
nlC4UI4hZ60_1,nlC4UI4hZ60,5-10s,77.0,5.0,6,layer2,-2.5003092288970947,-4.05924654006958,0.016969099640846252,1.3066206723451614,0.2613241344690323,0.016969099640846252,4.05924654006958
nlC4UI4hZ60_1,nlC4UI4hZ60,5-10s,77.0,5.0,7,layer1,-4.994594097137451,-3.327136278152466,0.03465189412236214,2.6681958474218845,0.533639169484377,0.03465189412236214,3.327136278152466
nlC4UI4hZ60_1,nlC4UI4hZ60,5-10s,77.0,5.0,7,layer2,-1.7660592794418335,-3.612156391143799,0.026284074410796165,2.0238737296313047,0.40477474592626095,0.026284074410796165,3.612156391143799
nlC4UI4hZ60_1,nlC4UI4hZ60,5-10s,77.0,5.0,9,layer1,-4.082159996032715,-3.3733952045440674,0.033137354999780655,2.5515763349831104,0.5103152669966221,0.033137354999780655,3.3733952045440674
nlC4UI4hZ60_1,nlC4UI4hZ60,5-10s,77.0,5.0,9,layer2,-0.3485354483127594,-2.7226150035858154,0.06165201589465141,4.747205223888159,0.9494410447776318,0.06165201589465141,2.7226150035858154
nlC4UI4hZ60_3,nlC4UI4hZ60,5-10s,77.0,5.0,0,layer1,-0.8161991238594055,-2.2705259323120117,0.09359358251094818,7.20670585334301,1.441341170668602,0.09359358251094818,2.2705259323120117
nlC4UI4hZ60_3,nlC4UI4hZ60,5-10s,77.0,5.0,0,layer2,-1.4661247730255127,-3.2812798023223877,0.03621901571750641,2.7888642102479935,0.5577728420495986,0.03621901571750641,3.2812798023223877
nmLMLgWPmFM_3,nmLMLgWPmFM,10-20s,299.0,16.0,3,layer1,-3.0489189624786377,-3.0848262310028076,0.043737515807151794,13.077517226338387,0.8173448266461492,0.043737515807151794,3.0848262310028076
nmLMLgWPmFM_3,nmLMLgWPmFM,10-20s,299.0,16.0,3,layer2,-1.1117178201675415,-2.800569534301758,0.05729340389370918,17.130727764219046,1.0706704852636904,0.05729340389370918,2.800569534301758
o7jW6Suyfbs_2,o7jW6Suyfbs,10-20s,182.0,18.0,7,layer1,-4.201060771942139,-2.5336029529571533,0.07353580743074417,13.38351695239544,0.7435287195775244,0.07353580743074417,2.5336029529571533
o7jW6Suyfbs_2,o7jW6Suyfbs,10-20s,182.0,18.0,7,layer2,-1.455264925956726,-2.225511074066162,0.09748285263776779,17.741879180073738,0.985659954448541,0.09748285263776779,2.225511074066162
oN0IcZaHD_8_1,oN0IcZaHD_8,10-20s,299.0,17.0,4,layer1,-0.5295186638832092,-3.054304599761963,0.04503199830651283,13.464567493647337,0.7920333819792551,0.04503199830651283,3.054304599761963
oN0IcZaHD_8_1,oN0IcZaHD_8,10-20s,299.0,17.0,4,layer2,-0.8742709159851074,-2.84279203414917,0.055055104196071625,16.461476154625416,0.9683221267426715,0.055055104196071625,2.84279203414917
oN0IcZaHD_8_3,oN0IcZaHD_8,20s+,299.0,43.0,1,layer1,-1.6720443964004517,-2.4132068157196045,0.08217114210128784,24.569171488285065,0.5713760811229085,0.08217114210128784,2.4132068157196045
oN0IcZaHD_8_3,oN0IcZaHD_8,20s+,299.0,43.0,1,layer2,-1.3372474908828735,-2.1889500617980957,0.10074717551469803,30.12340547889471,0.7005443134626677,0.10074717551469803,2.1889500617980957
oNHCc_izsDE_2,oNHCc_izsDE,20s+,106.0,28.0,1,layer1,-2.1624271869659424,-2.9035897254943848,0.05197639763355255,5.50949814915657,0.1967677910413061,0.05197639763355255,2.9035897254943848
oNHCc_izsDE_2,oNHCc_izsDE,20s+,106.0,28.0,1,layer2,-1.4408389329910278,-2.920954942703247,0.0511273518204689,5.419499292969704,0.1935535461774894,0.0511273518204689,2.920954942703247
oNHCc_izsDE_2,oNHCc_izsDE,20s+,106.0,28.0,3,layer1,-3.1819519996643066,-3.2178592681884766,0.038499150425195694,4.080909945070744,0.14574678375252656,0.038499150425195694,3.2178592681884766
oNHCc_izsDE_2,oNHCc_izsDE,20s+,106.0,28.0,3,layer2,-0.9243241548538208,-3.04121732711792,0.045598164200782776,4.833405405282974,0.1726216216172491,0.045598164200782776,3.04121732711792
oklu5ZJD_2U_1,oklu5ZJD_2U,10-20s,124.0,16.0,1,layer1,-1.7941299676895142,-2.535292387008667,0.07342079281806946,9.104178309440613,0.5690111443400383,0.07342079281806946,2.535292387008667
oklu5ZJD_2U_1,oklu5ZJD_2U,10-20s,124.0,16.0,1,layer2,-1.277585744857788,-2.454620838165283,0.07910128682851791,9.808559566736221,0.6130349729210138,0.07910128682851791,2.454620838165283
oklu5ZJD_2U_1,oklu5ZJD_2U,10-20s,124.0,16.0,8,layer1,-2.310328722000122,-2.1811163425445557,0.10145910829305649,12.580929428339005,0.7863080892711878,0.10145910829305649,2.1811163425445557
oklu5ZJD_2U_1,oklu5ZJD_2U,10-20s,124.0,16.0,8,layer2,-1.534767746925354,-2.175581693649292,0.1019647940993309,12.643634468317032,0.7902271542698145,0.1019647940993309,2.175581693649292
onBZOH88OYs_1,onBZOH88OYs,20s+,227.0,25.0,6,layer1,-3.5269272327423096,-1.8466334342956543,0.13626864552497864,30.93298253417015,1.237319301366806,0.13626864552497864,1.8466334342956543
onBZOH88OYs_1,onBZOH88OYs,20s+,227.0,25.0,6,layer2,-2.0208306312561035,-2.0385375022888184,0.1152157261967659,26.15396984666586,1.0461587938666344,0.1152157261967659,2.0385375022888184
os_2U4xqTqw_1,os_2U4xqTqw,2-5s,223.0,3.0,4,layer1,-0.35521504282951355,-2.8800010681152344,0.05315108224749565,11.85269134119153,3.9508971137305102,0.05315108224749565,2.8800010681152344
os_2U4xqTqw_1,os_2U4xqTqw,2-5s,223.0,3.0,4,layer2,-1.5839381217956543,-3.7051022052764893,0.02400718256831169,5.353601712733507,1.7845339042445023,0.02400718256831169,3.7051022052764893
os_2U4xqTqw_1,os_2U4xqTqw,2-5s,223.0,3.0,7,layer1,-3.956566572189331,-2.2891087532043457,0.09202899783849716,20.522466517984867,6.840822172661622,0.09202899783849716,2.2891087532043457
os_2U4xqTqw_1,os_2U4xqTqw,2-5s,223.0,3.0,7,layer2,-1.631566047668457,-2.6445810794830322,0.06632378697395325,14.790204495191574,4.930068165063858,0.06632378697395325,2.6445810794830322
os_2U4xqTqw_2,os_2U4xqTqw,2-5s,223.0,3.0,1,layer1,-2.205857515335083,-2.9470200538635254,0.04987753927707672,11.122691258788109,3.7075637529293695,0.04987753927707672,2.9470200538635254
os_2U4xqTqw_2,os_2U4xqTqw,2-5s,223.0,3.0,1,layer2,-1.302498459815979,-2.8770899772644043,0.053297776728868484,11.885404210537672,3.9618014035125575,0.053297776728868484,2.8770899772644043
pCQEWAFGEjc_1,pCQEWAFGEjc,2-5s,299.0,3.0,9,layer1,-4.060183525085449,-3.3514187335968018,0.03384873643517494,10.120772194117308,3.373590731372436,0.03384873643517494,3.3514187335968018
pCQEWAFGEjc_1,pCQEWAFGEjc,2-5s,299.0,3.0,9,layer2,-1.149737000465393,-3.2271718978881836,0.03815590217709541,11.408614750951529,3.8028715836505094,0.03815590217709541,3.2271718978881836
pHNMcX-9FDs_1,pHNMcX-9FDs,10-20s,300.0,14.0,1,layer1,-2.5965144634246826,-3.337677001953125,0.034301020205020905,10.290306061506271,0.7350218615361622,0.034301020205020905,3.337677001953125
pHNMcX-9FDs_1,pHNMcX-9FDs,10-20s,300.0,14.0,1,layer2,-0.860862135887146,-3.1044507026672363,0.04292403906583786,12.877211719751358,0.919800837125097,0.04292403906583786,3.1044507026672363
pI_kPedctoo_1,pI_kPedctoo,0-2s,76.0,1.0,2,layer1,-4.401495456695557,-4.0277509689331055,0.0175025537610054,1.3301940858364105,1.3301940858364105,0.0175025537610054,4.0277509689331055
pI_kPedctoo_1,pI_kPedctoo,0-2s,76.0,1.0,2,layer2,-0.9333006739616394,-4.217477321624756,0.014521781355142593,1.103655382990837,1.103655382990837,0.014521781355142593,4.217477321624756
pI_kPedctoo_1,pI_kPedctoo,0-2s,76.0,1.0,3,layer1,-3.267397403717041,-3.303304672241211,0.03545799478888512,2.694807603955269,2.694807603955269,0.03545799478888512,3.303304672241211
pI_kPedctoo_1,pI_kPedctoo,0-2s,76.0,1.0,3,layer2,-1.3817065954208374,-3.8566699028015137,0.020700698718428612,1.5732531026005745,1.5732531026005745,0.020700698718428612,3.8566699028015137
pI_kPedctoo_1,pI_kPedctoo,0-2s,76.0,1.0,5,layer1,-3.2706472873687744,-3.489072799682617,0.02962474711239338,2.251480780541897,2.251480780541897,0.02962474711239338,3.489072799682617
pI_kPedctoo_1,pI_kPedctoo,0-2s,76.0,1.0,5,layer2,-1.3016046285629272,-3.9313225746154785,0.019240260124206543,1.4622597694396973,1.4622597694396973,0.019240260124206543,3.9313225746154785
pO8kbg9IJnc_1,pO8kbg9IJnc,5-10s,131.0,5.0,0,layer1,-1.8178874254226685,-3.272214412689209,0.036536797881126404,4.786320522427559,0.9572641044855118,0.036536797881126404,3.272214412689209
pO8kbg9IJnc_1,pO8kbg9IJnc,5-10s,131.0,5.0,0,layer2,-1.2328566312789917,-3.129945755004883,0.041888780891895294,5.4874302968382835,1.0974860593676568,0.041888780891895294,3.129945755004883
pO8kbg9IJnc_1,pO8kbg9IJnc,5-10s,131.0,5.0,7,layer1,-4.835170745849609,-3.167712926864624,0.040398985147476196,5.292267054319382,1.0584534108638763,0.040398985147476196,3.167712926864624
pO8kbg9IJnc_1,pO8kbg9IJnc,5-10s,131.0,5.0,7,layer2,-1.8977773189544678,-3.4508252143859863,0.03074425831437111,4.027497839182615,0.8054995678365231,0.03074425831437111,3.4508252143859863
pO8kbg9IJnc_2,pO8kbg9IJnc,2-5s,131.0,4.0,1,layer1,-2.322828769683838,-3.0639913082122803,0.04461725801229477,5.844860799610615,1.4612151999026537,0.04461725801229477,3.0639913082122803
pO8kbg9IJnc_2,pO8kbg9IJnc,2-5s,131.0,4.0,1,layer2,-1.2945637702941895,-3.038118600845337,0.04573320597410202,5.991049982607365,1.4977624956518412,0.04573320597410202,3.038118600845337
pO8kbg9IJnc_3,pO8kbg9IJnc,2-5s,131.0,2.0,2,layer1,-4.0501251220703125,-3.6763808727264404,0.02468942478299141,3.2343146465718746,1.6171573232859373,0.02468942478299141,3.6763808727264404
pO8kbg9IJnc_3,pO8kbg9IJnc,2-5s,131.0,2.0,2,layer2,-1.0059490203857422,-3.479257345199585,0.02990822121500969,3.9179769791662693,1.9589884895831347,0.02990822121500969,3.479257345199585
pO8kbg9IJnc_3,pO8kbg9IJnc,2-5s,131.0,2.0,4,layer1,-1.1326357126235962,-3.657421588897705,0.025150099769234657,3.29466306976974,1.64733153488487,0.025150099769234657,3.657421588897705
pO8kbg9IJnc_3,pO8kbg9IJnc,2-5s,131.0,2.0,4,layer2,-1.1845687627792358,-3.5628390312194824,0.02757618948817253,3.6124808229506016,1.8062404114753008,0.02757618948817253,3.5628390312194824
paetCbEqp2w_1,paetCbEqp2w,5-10s,84.0,5.0,3,layer1,-3.0236828327178955,-3.0595901012420654,0.044805243611335754,3.7636404633522034,0.7527280926704407,0.044805243611335754,3.0595901012420654
paetCbEqp2w_1,paetCbEqp2w,5-10s,84.0,5.0,3,layer2,-1.0891627073287964,-2.7799553871154785,0.05841701105237007,4.907028928399086,0.9814057856798172,0.05841701105237007,2.7799553871154785
paetCbEqp2w_1,paetCbEqp2w,5-10s,84.0,5.0,9,layer1,-3.2868845462799072,-2.5781197547912598,0.07055994123220444,5.927035063505173,1.1854070127010345,0.07055994123220444,2.5781197547912598
paetCbEqp2w_1,paetCbEqp2w,5-10s,84.0,5.0,9,layer2,-1.3542261123657227,-3.0394246578216553,0.04567624256014824,3.836804375052452,0.7673608750104904,0.04567624256014824,3.0394246578216553
paetCbEqp2w_2,paetCbEqp2w,5-10s,84.0,7.0,3,layer1,-3.1651217937469482,-3.201029062271118,0.03912701457738876,3.286669224500656,0.46952417492866516,0.03912701457738876,3.201029062271118
paetCbEqp2w_2,paetCbEqp2w,5-10s,84.0,7.0,3,layer2,-0.6266363263130188,-3.0174386501312256,0.046644240617752075,3.9181162118911743,0.5597308874130249,0.046644240617752075,3.0174386501312256
paetCbEqp2w_2,paetCbEqp2w,5-10s,84.0,7.0,8,layer1,-2.6670923233032227,-2.5378799438476562,0.07324495166540146,6.1525759398937225,0.8789394199848175,0.07324495166540146,2.5378799438476562
paetCbEqp2w_2,paetCbEqp2w,5-10s,84.0,7.0,8,layer2,-1.6862999200820923,-2.6365058422088623,0.06682559847831726,5.61335027217865,0.8019071817398071,0.06682559847831726,2.6365058422088623
paetCbEqp2w_2,paetCbEqp2w,5-10s,84.0,7.0,9,layer1,-3.4209814071655273,-2.71221661567688,0.06225632131099701,5.229530990123749,0.7470758557319641,0.06225632131099701,2.71221661567688
paetCbEqp2w_2,paetCbEqp2w,5-10s,84.0,7.0,9,layer2,-1.3150547742843628,-2.5245213508605957,0.07415692508220673,6.229181706905365,0.8898831009864807,0.07415692508220673,2.5245213508605957
pgq2KPX5_SA_1,pgq2KPX5_SA,5-10s,208.0,8.0,4,layer1,-0.1437659114599228,-2.6685519218444824,0.06485474109649658,13.489786148071289,1.6862232685089111,0.06485474109649658,2.6685519218444824
pgq2KPX5_SA_1,pgq2KPX5_SA,5-10s,208.0,8.0,4,layer2,-1.0526310205459595,-2.5179755687713623,0.07460759580135345,15.518379926681519,1.9397974908351898,0.07460759580135345,2.5179755687713623
pgq2KPX5_SA_1,pgq2KPX5_SA,5-10s,208.0,8.0,6,layer1,-4.5852437019348145,-2.904949903488159,0.051909416913986206,10.79715871810913,1.3496448397636414,0.051909416913986206,2.904949903488159
pgq2KPX5_SA_1,pgq2KPX5_SA,5-10s,208.0,8.0,6,layer2,-1.920043706893921,-3.0654330253601074,0.04455583915114403,9.267614543437958,1.1584518179297447,0.04455583915114403,3.0654330253601074
pgq2KPX5_SA_1,pgq2KPX5_SA,5-10s,208.0,8.0,7,layer1,-4.486974716186523,-2.819516897201538,0.05627858638763428,11.70594596862793,1.4632432460784912,0.05627858638763428,2.819516897201538
pgq2KPX5_SA_1,pgq2KPX5_SA,5-10s,208.0,8.0,7,layer2,-1.5809272527694702,-2.6716389656066895,0.06466776877641678,13.45089590549469,1.6813619881868362,0.06466776877641678,2.6716389656066895
pgq2KPX5_SA_1,pgq2KPX5_SA,5-10s,208.0,8.0,8,layer1,-2.6374382972717285,-2.508225917816162,0.07528351992368698,15.658972144126892,1.9573715180158615,0.07528351992368698,2.508225917816162
pgq2KPX5_SA_1,pgq2KPX5_SA,5-10s,208.0,8.0,8,layer2,-1.6402817964553833,-2.457176685333252,0.0789153128862381,16.414385080337524,2.0517981350421906,0.0789153128862381,2.457176685333252
pgq2KPX5_SA_3,pgq2KPX5_SA,5-10s,208.0,8.0,5,layer1,-3.161250352859497,-3.37967586517334,0.032936714589595795,6.850836634635925,0.8563545793294907,0.032936714589595795,3.37967586517334
pgq2KPX5_SA_3,pgq2KPX5_SA,5-10s,208.0,8.0,5,layer2,-1.0630055665969849,-3.058255672454834,0.04486238956451416,9.331377029418945,1.1664221286773682,0.04486238956451416,3.058255672454834
pgq2KPX5_SA_4,pgq2KPX5_SA,2-5s,208.0,2.0,3,layer1,-3.4197678565979004,-3.4556751251220703,0.030600065365433693,6.364813596010208,3.182406798005104,0.030600065365433693,3.4556751251220703
pgq2KPX5_SA_4,pgq2KPX5_SA,2-5s,208.0,2.0,3,layer2,-0.7355708479881287,-3.4487342834472656,0.03080662712454796,6.407778441905975,3.2038892209529877,0.03080662712454796,3.4487342834472656
ptIksg9KEac_1,ptIksg9KEac,10-20s,133.0,11.0,6,layer1,-4.911600589752197,-3.231306791305542,0.03800444304943085,5.054590925574303,0.45950826596130023,0.03800444304943085,3.231306791305542
ptIksg9KEac_1,ptIksg9KEac,10-20s,133.0,11.0,6,layer2,-1.9421206712722778,-3.476815700531006,0.029979145154356956,3.987226305529475,0.3624751186844977,0.029979145154356956,3.476815700531006
ptIksg9KEac_1,ptIksg9KEac,10-20s,133.0,11.0,7,layer1,-4.679988861083984,-3.012531042098999,0.04686296358704567,6.232774157077074,0.5666158324615522,0.04686296358704567,3.012531042098999
ptIksg9KEac_1,ptIksg9KEac,10-20s,133.0,11.0,7,layer2,-1.647018313407898,-2.9200663566589355,0.0511704757809639,6.805673278868198,0.6186975708061998,0.0511704757809639,2.9200663566589355
q1ivQ_2fddk_2,q1ivQ_2fddk,20s+,167.0,26.0,9,layer1,-3.052994966506958,-2.3442301750183105,0.08752547949552536,14.616755075752735,0.5621828875289514,0.08752547949552536,2.3442301750183105
q1ivQ_2fddk_2,q1ivQ_2fddk,20s+,167.0,26.0,9,layer2,-0.947347104549408,-2.1065878868103027,0.10845816135406494,18.112512946128845,0.6966351133126479,0.10845816135406494,2.1065878868103027
q3SEOW2m4WY_1,q3SEOW2m4WY,2-5s,62.0,2.0,1,layer1,-2.836772918701172,-3.5779354572296143,0.027174243703484535,1.6848031096160412,0.8424015548080206,0.027174243703484535,3.5779354572296143
q3SEOW2m4WY_1,q3SEOW2m4WY,2-5s,62.0,2.0,1,layer2,-1.9001723527908325,-4.467765808105469,0.011342785321176052,0.7032526899129152,0.3516263449564576,0.011342785321176052,4.467765808105469
q3SEOW2m4WY_1,q3SEOW2m4WY,2-5s,62.0,2.0,6,layer1,-5.186283111572266,-3.5059893131256104,0.02914229780435562,1.8068224638700485,0.9034112319350243,0.02914229780435562,3.5059893131256104
q3SEOW2m4WY_1,q3SEOW2m4WY,2-5s,62.0,2.0,6,layer2,-1.6215955018997192,-4.0221943855285645,0.017598362639546394,1.0910984836518764,0.5455492418259382,0.017598362639546394,4.0221943855285645
q3SEOW2m4WY_1,q3SEOW2m4WY,2-5s,62.0,2.0,8,layer1,-2.7707340717315674,-2.641521692276001,0.06651349365711212,4.1238366067409515,2.0619183033704758,0.06651349365711212,2.641521692276001
q3SEOW2m4WY_1,q3SEOW2m4WY,2-5s,62.0,2.0,8,layer2,-1.9586853981018066,-3.721377372741699,0.023628778755664825,1.4649842828512192,0.7324921414256096,0.023628778755664825,3.721377372741699
q3SEOW2m4WY_1,q3SEOW2m4WY,2-5s,62.0,2.0,9,layer1,-4.052126884460449,-3.3433620929718018,0.03411320596933365,2.115018770098686,1.057509385049343,0.03411320596933365,3.3433620929718018
q3SEOW2m4WY_1,q3SEOW2m4WY,2-5s,62.0,2.0,9,layer2,-1.272064447402954,-3.4310643672943115,0.03133860602974892,1.9429935738444328,0.9714967869222164,0.03133860602974892,3.4310643672943115
q3SEOW2m4WY_2,q3SEOW2m4WY,10-20s,62.0,17.0,1,layer1,-2.529042959213257,-3.270205497741699,0.03660757839679718,2.269669860601425,0.13350999180008383,0.03660757839679718,3.270205497741699
q3SEOW2m4WY_2,q3SEOW2m4WY,10-20s,62.0,17.0,1,layer2,-1.1669248342514038,-3.052910804748535,0.04509197548031807,2.7957024797797203,0.1644530870458659,0.04509197548031807,3.052910804748535
q3SEOW2m4WY_2,q3SEOW2m4WY,10-20s,62.0,17.0,6,layer1,-4.973807334899902,-3.293513536453247,0.03579438477754593,2.2192518562078476,0.13054422683575573,0.03579438477754593,3.293513536453247
q3SEOW2m4WY_2,q3SEOW2m4WY,10-20s,62.0,17.0,6,layer2,-1.4891055822372437,-3.1181774139404297,0.04236365109682083,2.6265463680028915,0.15450272752958186,0.04236365109682083,3.1181774139404297
q3SEOW2m4WY_3,q3SEOW2m4WY,0-2s,62.0,1.0,8,layer1,-3.5337343215942383,-3.404521942138672,0.03215444087982178,1.9935753345489502,1.9935753345489502,0.03215444087982178,3.404521942138672
q3SEOW2m4WY_3,q3SEOW2m4WY,0-2s,62.0,1.0,8,layer2,-1.7040923833847046,-3.295858860015869,0.03571352735161781,2.2142386958003044,2.2142386958003044,0.03571352735161781,3.295858860015869
q4YFJA5pFXc_1,q4YFJA5pFXc,10-20s,222.0,10.0,1,layer1,-2.5090487003326416,-3.250211238861084,0.03731929883360863,8.284884341061115,0.8284884341061115,0.03731929883360863,3.250211238861084
q4YFJA5pFXc_1,q4YFJA5pFXc,10-20s,222.0,10.0,1,layer2,-1.9424693584442139,-4.124017715454102,0.01592177525162697,3.534634105861187,0.3534634105861187,0.01592177525162697,4.124017715454102
q4YFJA5pFXc_1,q4YFJA5pFXc,10-20s,222.0,10.0,6,layer1,-3.4932239055633545,-1.8129301071166992,0.14028437435626984,31.143131107091904,3.1143131107091904,0.14028437435626984,1.8129301071166992
q4YFJA5pFXc_1,q4YFJA5pFXc,10-20s,222.0,10.0,6,layer2,-2.1082589626312256,-2.8201522827148438,0.056244850158691406,12.486356735229492,1.2486356735229491,0.056244850158691406,2.8201522827148438
q4YFJA5pFXc_1,q4YFJA5pFXc,10-20s,222.0,10.0,7,layer1,-3.8867688179016113,-2.219310998916626,0.09802970290184021,21.762594044208527,2.1762594044208527,0.09802970290184021,2.219310998916626
q4YFJA5pFXc_1,q4YFJA5pFXc,10-20s,222.0,10.0,7,layer2,-2.110609769821167,-3.004580020904541,0.04721939191222191,10.482705004513264,1.0482705004513264,0.04721939191222191,3.004580020904541
qeSl7YZAfs4_1,qeSl7YZAfs4,20s+,299.0,47.0,4,layer1,-0.3676204979419708,-2.892406463623047,0.05253022164106369,15.706536270678043,0.3341816227803839,0.05253022164106369,2.892406463623047
qeSl7YZAfs4_1,qeSl7YZAfs4,20s+,299.0,47.0,4,layer2,-0.2924059331417084,-2.6976311206817627,0.06311327964067459,18.870870612561703,0.40150788537365323,0.06311327964067459,2.6976311206817627
rE6BJ0Bo4w4_4,rE6BJ0Bo4w4,2-5s,242.0,3.0,5,layer1,-3.021392583847046,-3.2398180961608887,0.03769448399543762,9.122065126895905,3.040688375631968,0.03769448399543762,3.2398180961608887
rE6BJ0Bo4w4_4,rE6BJ0Bo4w4,2-5s,242.0,3.0,5,layer2,-1.301131010055542,-3.0702974796295166,0.044349219650030136,10.732511155307293,3.5775037184357643,0.044349219650030136,3.0702974796295166
rPkCYq4Zjwk_2,rPkCYq4Zjwk,2-5s,203.0,3.0,7,layer1,-2.5035009384155273,-0.836043119430542,0.30236878991127014,61.38086435198784,20.46028811732928,0.30236878991127014,0.836043119430542
rPkCYq4Zjwk_2,rPkCYq4Zjwk,2-5s,203.0,3.0,7,layer2,-1.4671186208724976,-1.0146639347076416,0.26606810092926025,54.01182448863983,18.003941496213276,0.26606810092926025,1.0146639347076416
rbO727iF03I_1,rbO727iF03I,5-10s,142.0,9.0,6,layer1,-4.529309272766113,-2.849015474319458,0.054732225835323334,7.771976068615913,0.8635528965128793,0.054732225835323334,2.849015474319458
rbO727iF03I_1,rbO727iF03I,5-10s,142.0,9.0,6,layer2,-1.4101258516311646,-2.624701738357544,0.06756547838449478,9.594297930598259,1.0660331033998065,0.06756547838449478,2.624701738357544
rbO727iF03I_1,rbO727iF03I,5-10s,142.0,9.0,9,layer1,-3.6945462226867676,-2.98578143119812,0.04807237163186073,6.826276771724224,0.7584751968582472,0.04807237163186073,2.98578143119812
rbO727iF03I_1,rbO727iF03I,5-10s,142.0,9.0,9,layer2,-1.110549807548523,-3.1377201080322266,0.04157787188887596,5.9040578082203865,0.6560064231355985,0.04157787188887596,3.1377201080322266
riM7b5bJ9KQ_3,riM7b5bJ9KQ,2-5s,74.0,2.0,0,layer1,-2.112015962600708,-3.566342830657959,0.02748238854110241,2.0336967520415783,1.0168483760207891,0.02748238854110241,3.566342830657959
riM7b5bJ9KQ_3,riM7b5bJ9KQ,2-5s,74.0,2.0,0,layer2,-0.9386186599731445,-3.436767578125,0.031165938824415207,2.3062794730067253,1.1531397365033627,0.031165938824415207,3.436767578125
riM7b5bJ9KQ_3,riM7b5bJ9KQ,2-5s,74.0,2.0,5,layer1,-2.8731462955474854,-3.091571807861328,0.04345624893903732,3.215762421488762,1.607881210744381,0.04345624893903732,3.091571807861328
riM7b5bJ9KQ_3,riM7b5bJ9KQ,2-5s,74.0,2.0,5,layer2,-1.2702646255493164,-2.788984775543213,0.057922326028347015,4.286252126097679,2.1431260630488396,0.057922326028347015,2.788984775543213
rvtA7c1I4xo_2,rvtA7c1I4xo,2-5s,130.0,4.0,1,layer1,-2.570897340774536,-3.3120598793029785,0.035159774124622345,4.570770636200905,1.1426926590502262,0.035159774124622345,3.3120598793029785
rvtA7c1I4xo_2,rvtA7c1I4xo,2-5s,130.0,4.0,1,layer2,-1.6349331140518188,-3.83723783493042,0.021098319441080093,2.742781527340412,0.685695381835103,0.021098319441080093,3.83723783493042
rvtA7c1I4xo_3,rvtA7c1I4xo,2-5s,130.0,2.0,9,layer1,-3.6572482585906982,-2.948483467102051,0.049808233976364136,6.475070416927338,3.237535208463669,0.049808233976364136,2.948483467102051
rvtA7c1I4xo_3,rvtA7c1I4xo,2-5s,130.0,2.0,9,layer2,-1.34652841091156,-2.9837751388549805,0.04816426336765289,6.261354237794876,3.130677118897438,0.04816426336765289,2.9837751388549805
rvtA7c1I4xo_4,rvtA7c1I4xo,2-5s,130.0,3.0,3,layer1,-3.353353261947632,-3.3892605304718018,0.03263279050588608,4.24226276576519,1.4140875885883968,0.03263279050588608,3.3892605304718018
rvtA7c1I4xo_4,rvtA7c1I4xo,2-5s,130.0,3.0,3,layer2,-0.6536973714828491,-3.170365333557129,0.0402962863445282,5.238517224788666,1.7461724082628887,0.0402962863445282,3.170365333557129
sI7_ycEYzAY_1,sI7_ycEYzAY,20s+,63.0,20.0,0,layer1,-1.8399829864501953,-3.2943098545074463,0.03576691076159477,2.2533153779804707,0.11266576889902354,0.03576691076159477,3.2943098545074463
sI7_ycEYzAY_1,sI7_ycEYzAY,20s+,63.0,20.0,0,layer2,-0.8104599118232727,-3.287188768386841,0.03601331636309624,2.268838930875063,0.11344194654375314,0.03601331636309624,3.287188768386841
sI7_ycEYzAY_1,sI7_ycEYzAY,20s+,63.0,20.0,7,layer1,-2.477919340133667,-0.8104615211486816,0.30779215693473816,19.390905886888504,0.9695452943444252,0.30779215693473816,0.8104615211486816
sI7_ycEYzAY_1,sI7_ycEYzAY,20s+,63.0,20.0,7,layer2,-1.1328516006469727,-0.25888270139694214,0.4356383681297302,27.445217192173004,1.3722608596086503,0.4356383681297302,0.25888270139694214
sJrFyjfrL-g_1,sJrFyjfrL-g,20s+,188.0,23.0,9,layer1,-3.130699634552002,-2.4219348430633545,0.08151527494192123,15.324871689081192,0.6662987690904866,0.08151527494192123,2.4219348430633545
sJrFyjfrL-g_1,sJrFyjfrL-g,20s+,188.0,23.0,9,layer2,-1.598649501800537,-2.557375431060791,0.07193255424499512,13.523320198059082,0.5879704433938732,0.07193255424499512,2.557375431060791
sTMKled6Q1M_3,sTMKled6Q1M,2-5s,300.0,3.0,3,layer1,-3.362067699432373,-3.397974967956543,0.032358814030885696,9.707644209265709,3.2358814030885696,0.032358814030885696,3.397974967956543
sTMKled6Q1M_3,sTMKled6Q1M,2-5s,300.0,3.0,3,layer2,-1.0403083562850952,-3.4810867309570312,0.029855189844965935,8.95655695348978,2.9855189844965935,0.029855189844965935,3.4810867309570312
sVYTOURVsQ0_1,sVYTOURVsQ0,20s+,71.0,32.0,2,layer1,-3.2622835636138916,-2.8885393142700195,0.05272302031517029,3.7433344423770905,0.11697920132428408,0.05272302031517029,2.8885393142700195
sVYTOURVsQ0_1,sVYTOURVsQ0,20s+,71.0,32.0,2,layer2,-1.121923565864563,-4.519750595092773,0.01077438797801733,0.7649815464392304,0.02390567332622595,0.01077438797801733,4.519750595092773
sVYTOURVsQ0_1,sVYTOURVsQ0,20s+,71.0,32.0,3,layer1,-3.5753653049468994,-3.6112725734710693,0.026306701824069023,1.8677758295089006,0.058367994672153145,0.026306701824069023,3.6112725734710693
sVYTOURVsQ0_1,sVYTOURVsQ0,20s+,71.0,32.0,3,layer2,-0.5694513916969299,-3.359114408493042,0.03359796479344368,2.3854555003345013,0.07454548438545316,0.03359796479344368,3.359114408493042
sVYTOURVsQ0_1,sVYTOURVsQ0,20s+,71.0,32.0,5,layer1,-2.2026875019073486,-2.4211130142211914,0.08157683163881302,5.791955046355724,0.18099859519861639,0.08157683163881302,2.4211130142211914
sVYTOURVsQ0_1,sVYTOURVsQ0,20s+,71.0,32.0,5,layer2,-0.5065556764602661,-2.1138548851013184,0.10775747150182724,7.650780476629734,0.2390868898946792,0.10775747150182724,2.1138548851013184
sVYTOURVsQ0_3,sVYTOURVsQ0,20s+,71.0,39.0,5,layer1,0.8560329079627991,0.6376073360443115,0.6542123556137085,46.4490772485733,1.1910019807326488,0.3457876443862915,0.6376073360443115
sVYTOURVsQ0_3,sVYTOURVsQ0,20s+,71.0,39.0,5,layer2,0.0019538113847374916,0.20801745355129242,0.5518176555633545,39.17905354499817,1.0045911165384145,0.4481823444366455,0.20801745355129242
s_EWjoiVfzo_2,s_EWjoiVfzo,20s+,300.0,25.0,7,layer1,-4.339547157287598,-2.6720893383026123,0.06464052945375443,19.392158836126328,0.7756863534450531,0.06464052945375443,2.6720893383026123
s_EWjoiVfzo_2,s_EWjoiVfzo,20s+,300.0,25.0,7,layer2,-1.6872919797897339,-2.72552490234375,0.06148388981819153,18.44516694545746,0.7378066778182983,0.06148388981819153,2.72552490234375
sl_Pxpc7beo_1,sl_Pxpc7beo,2-5s,74.0,2.0,1,layer1,-2.801981210708618,-3.5431437492370605,0.028109274804592133,2.080086335539818,1.040043167769909,0.028109274804592133,3.5431437492370605
sl_Pxpc7beo_1,sl_Pxpc7beo,2-5s,74.0,2.0,1,layer2,-1.5541749000549316,-3.9953322410583496,0.018068840727210045,1.3370942138135433,0.6685471069067717,0.018068840727210045,3.9953322410583496
sl_Pxpc7beo_1,sl_Pxpc7beo,2-5s,74.0,2.0,7,layer1,-4.967225074768066,-3.299767255783081,0.035579174757003784,2.63285893201828,1.31642946600914,0.035579174757003784,3.299767255783081
sl_Pxpc7beo_1,sl_Pxpc7beo,2-5s,74.0,2.0,7,layer2,-1.601836919784546,-3.796956777572632,0.02194649912416935,1.6240409351885319,0.8120204675942659,0.02194649912416935,3.796956777572632
sl_Pxpc7beo_1,sl_Pxpc7beo,2-5s,74.0,2.0,9,layer1,-3.8127601146698,-3.1039953231811523,0.042942751199007034,3.1777635887265205,1.5888817943632603,0.042942751199007034,3.1039953231811523
sl_Pxpc7beo_1,sl_Pxpc7beo,2-5s,74.0,2.0,9,layer2,-1.0431185960769653,-3.214822769165039,0.03861171007156372,2.8572665452957153,1.4286332726478577,0.03861171007156372,3.214822769165039
sqWyxUObwkw_3,sqWyxUObwkw,5-10s,274.0,6.0,2,layer1,-4.286178112030029,-3.9124338626861572,0.019599946215748787,5.370385263115168,0.8950642105191946,0.019599946215748787,3.9124338626861572
sqWyxUObwkw_3,sqWyxUObwkw,5-10s,274.0,6.0,2,layer2,-0.641692042350769,-3.755380630493164,0.02285688742995262,6.262787155807018,1.0437978593011696,0.02285688742995262,3.755380630493164
sqsI2UyrcBQ_2,sqsI2UyrcBQ,20s+,67.0,50.0,4,layer1,1.889330267906189,-0.6354557275772095,0.3462744951248169,23.200391173362732,0.46400782346725467,0.3462744951248169,0.6354557275772095
sqsI2UyrcBQ_2,sqsI2UyrcBQ,20s+,67.0,50.0,4,layer2,0.1822836846113205,-0.6528835892677307,0.34234002232551575,22.936781495809555,0.4587356299161911,0.34234002232551575,0.6528835892677307
szkiW0GXEOI_1,szkiW0GXEOI,2-5s,148.0,3.0,5,layer1,-3.1096746921539307,-3.3281002044677734,0.03461966663599014,5.123710662126541,1.7079035540421803,0.03461966663599014,3.3281002044677734
szkiW0GXEOI_1,szkiW0GXEOI,2-5s,148.0,3.0,5,layer2,-1.2739962339401245,-2.9849634170532227,0.04810981824994087,7.120253100991249,2.373417700330416,0.04810981824994087,2.9849634170532227
t1hj7se76wQ_2,t1hj7se76wQ,2-5s,119.0,2.0,7,layer1,-3.5008480548858643,-1.833390235900879,0.13783489167690277,16.40235210955143,8.201176054775715,0.13783489167690277,1.833390235900879
t1hj7se76wQ_2,t1hj7se76wQ,2-5s,119.0,2.0,7,layer2,-1.2732609510421753,-1.387825846672058,0.19975507259368896,23.770853638648987,11.885426819324493,0.19975507259368896,1.387825846672058
t4prXmPwthg_1,t4prXmPwthg,5-10s,249.0,8.0,5,layer1,-2.8574059009552,-3.075831413269043,0.04411526769399643,10.984701655805111,1.3730877069756389,0.04411526769399643,3.075831413269043
t4prXmPwthg_1,t4prXmPwthg,5-10s,249.0,8.0,5,layer2,-0.6343023180961609,-2.8293845653533936,0.055756788700819016,13.883440386503935,1.7354300483129919,0.055756788700819016,2.8293845653533936
t4prXmPwthg_1,t4prXmPwthg,5-10s,249.0,8.0,6,layer1,-4.482498645782471,-2.8022048473358154,0.05720514431595802,14.244080934673548,1.7805101168341935,0.05720514431595802,2.8022048473358154
t4prXmPwthg_1,t4prXmPwthg,5-10s,249.0,8.0,6,layer2,-2.2195286750793457,-3.163268566131592,0.040571630001068115,10.10233587026596,1.262791983783245,0.040571630001068115,3.163268566131592
t4prXmPwthg_1,t4prXmPwthg,5-10s,249.0,8.0,8,layer1,-3.1138741970062256,-2.984661817550659,0.04812363162636757,11.982784274965525,1.4978480343706906,0.04812363162636757,2.984661817550659
t4prXmPwthg_1,t4prXmPwthg,5-10s,249.0,8.0,8,layer2,-1.8141058683395386,-3.0209877490997314,0.04648667201399803,11.57518133148551,1.4468976664356887,0.04648667201399803,3.0209877490997314
tB8TiiXwKmA_1,tB8TiiXwKmA,10-20s,70.0,13.0,0,layer1,-2.4412519931793213,-3.8955788612365723,0.019926464185118675,1.3948524929583073,0.10729634561217748,0.019926464185118675,3.8955788612365723
tB8TiiXwKmA_1,tB8TiiXwKmA,10-20s,70.0,13.0,0,layer2,-0.5459966659545898,-3.718630075454712,0.023692244663834572,1.65845712646842,0.1275736251129554,0.023692244663834572,3.718630075454712
tB8TiiXwKmA_1,tB8TiiXwKmA,10-20s,70.0,13.0,3,layer1,-3.0729782581329346,-3.1088855266571045,0.04274221882224083,2.991955317556858,0.23015040904283524,0.04274221882224083,3.1088855266571045
tB8TiiXwKmA_1,tB8TiiXwKmA,10-20s,70.0,13.0,3,layer2,-1.093551754951477,-2.788148880004883,0.057967957109212875,4.057756997644901,0.3121351536649924,0.057967957109212875,2.788148880004883
tIM-H2rdq8U_2,tIM-H2rdq8U,2-5s,105.0,4.0,4,layer1,-0.22907178103923798,-2.7538578510284424,0.05986914411187172,6.2862601317465305,1.5715650329366326,0.05986914411187172,2.7538578510284424
tIM-H2rdq8U_2,tIM-H2rdq8U,2-5s,105.0,4.0,4,layer2,-0.9564502239227295,-2.7261178493499756,0.061449673026800156,6.452215667814016,1.613053916953504,0.061449673026800156,2.7261178493499756
tIM-H2rdq8U_2,tIM-H2rdq8U,2-5s,105.0,4.0,6,layer1,-4.395174980163574,-2.714881181716919,0.06210093945264816,6.520598642528057,1.6301496606320143,0.06210093945264816,2.714881181716919
tIM-H2rdq8U_2,tIM-H2rdq8U,2-5s,105.0,4.0,6,layer2,-1.6632803678512573,-2.496201515197754,0.0761248990893364,7.9931144043803215,1.9982786010950804,0.0761248990893364,2.496201515197754
tIM-H2rdq8U_2,tIM-H2rdq8U,2-5s,105.0,4.0,8,layer1,-3.1239235401153564,-2.99471116065979,0.04766537621617317,5.004864502698183,1.2512161256745458,0.04766537621617317,2.99471116065979
tIM-H2rdq8U_2,tIM-H2rdq8U,2-5s,105.0,4.0,8,layer2,-1.3883202075958252,-2.6535391807556152,0.0657712072134018,6.905976757407188,1.726494189351797,0.0657712072134018,2.6535391807556152
tJhVH3VIrnE_1,tJhVH3VIrnE,5-10s,89.0,6.0,9,layer1,-3.265901803970337,-2.5571370124816895,0.07194847613573074,6.403414376080036,1.0672357293466728,0.07194847613573074,2.5571370124816895
tJhVH3VIrnE_1,tJhVH3VIrnE,5-10s,89.0,6.0,9,layer2,-0.903752863407135,-2.6175663471221924,0.06801639497280121,6.053459152579308,1.008909858763218,0.06801639497280121,2.6175663471221924
taYKM1OSTwE_1,taYKM1OSTwE,2-5s,220.0,4.0,9,layer1,-4.249380111694336,-3.5406153202056885,0.028178434818983078,6.199255660176277,1.5498139150440693,0.028178434818983078,3.5406153202056885
taYKM1OSTwE_1,taYKM1OSTwE,2-5s,220.0,4.0,9,layer2,-1.3408218622207642,-3.876244068145752,0.02030758745968342,4.467669241130352,1.116917310282588,0.02030758745968342,3.876244068145752
tdpiXW68adA_2,tdpiXW68adA,20s+,299.0,240.0,4,layer1,0.8172793984413147,-1.7075066566467285,0.1534873992204666,45.89273236691952,0.191219718195498,0.1534873992204666,1.7075066566467285
tdpiXW68adA_2,tdpiXW68adA,20s+,299.0,240.0,4,layer2,-0.4070482552051544,-1.6067017316818237,0.16704703867435455,49.94706456363201,0.20811276901513337,0.16704703867435455,1.6067017316818237
tfOIhQpYYe8_1,tfOIhQpYYe8,2-5s,109.0,3.0,1,layer1,-2.254747152328491,-2.9959096908569336,0.04761100560426712,5.189599610865116,1.7298665369550388,0.04761100560426712,2.9959096908569336
tfOIhQpYYe8_1,tfOIhQpYYe8,2-5s,109.0,3.0,1,layer2,-2.1644399166107178,-4.332345962524414,0.012966357171535492,1.4133329316973686,0.4711109772324562,0.012966357171535492,4.332345962524414
tfOIhQpYYe8_1,tfOIhQpYYe8,2-5s,109.0,3.0,2,layer1,-3.702284097671509,-3.3285398483276367,0.03460497781634331,3.7719425819814205,1.2573141939938068,0.03460497781634331,3.3285398483276367
tfOIhQpYYe8_1,tfOIhQpYYe8,2-5s,109.0,3.0,2,layer2,-1.497167944908142,-4.888844013214111,0.0074738431721925735,0.8146489057689905,0.2715496352563302,0.0074738431721925735,4.888844013214111
tfOIhQpYYe8_1,tfOIhQpYYe8,2-5s,109.0,3.0,3,layer1,-3.525024890899658,-3.560932159423828,0.02762736938893795,3.0113832633942366,1.0037944211314123,0.02762736938893795,3.560932159423828
tfOIhQpYYe8_1,tfOIhQpYYe8,2-5s,109.0,3.0,3,layer2,-1.1377297639846802,-4.152758598327637,0.015477664768695831,1.6870654597878456,0.5623551532626152,0.015477664768695831,4.152758598327637
tfOIhQpYYe8_1,tfOIhQpYYe8,2-5s,109.0,3.0,7,layer1,-3.9858694076538086,-2.3184115886688232,0.0896095559000969,9.767441593110561,3.2558138643701873,0.0896095559000969,2.3184115886688232
tfOIhQpYYe8_1,tfOIhQpYYe8,2-5s,109.0,3.0,7,layer2,-2.271228551864624,-3.6001224517822266,0.026593821123242378,2.8987265024334192,0.9662421674778064,0.026593821123242378,3.6001224517822266
tfOIhQpYYe8_1,tfOIhQpYYe8,2-5s,109.0,3.0,9,layer1,-3.9871063232421875,-3.27834153175354,0.036321721971035004,3.9590676948428154,1.3196892316142719,0.036321721971035004,3.27834153175354
tfOIhQpYYe8_1,tfOIhQpYYe8,2-5s,109.0,3.0,9,layer2,-1.4607940912246704,-3.821059226989746,0.02143505960702896,2.3364214971661568,0.7788071657220522,0.02143505960702896,3.821059226989746
tjCNwdOUiGc_1,tjCNwdOUiGc,2-5s,299.0,3.0,1,layer1,-2.5555827617645264,-3.2967453002929688,0.03568301349878311,10.66922103613615,3.5564070120453835,0.03568301349878311,3.2967453002929688
tjCNwdOUiGc_1,tjCNwdOUiGc,2-5s,299.0,3.0,1,layer2,-2.209974527359009,-4.4778594970703125,0.011230150237679482,3.357814921066165,1.1192716403553884,0.011230150237679482,4.4778594970703125
tjCNwdOUiGc_1,tjCNwdOUiGc,2-5s,299.0,3.0,7,layer1,-3.6446192264556885,-1.9771614074707031,0.1216217502951622,36.3649033382535,12.1216344460845,0.1216217502951622,1.9771614074707031
tjCNwdOUiGc_1,tjCNwdOUiGc,2-5s,299.0,3.0,7,layer2,-2.0418612957000732,-2.917536735534668,0.05129343643784523,15.336737494915724,5.112245831638575,0.05129343643784523,2.917536735534668
tmLAXm1WlnE_1,tmLAXm1WlnE,20s+,188.0,99.0,4,layer1,-0.08138067275285721,-2.6061666011810303,0.06874259561300278,12.923607975244522,0.13054149469943963,0.06874259561300278,2.6061666011810303
tmLAXm1WlnE_1,tmLAXm1WlnE,20s+,188.0,99.0,4,layer2,-0.8525597453117371,-2.5626041889190674,0.07158427685499191,13.45784404873848,0.13593781867412605,0.07158427685499191,2.5626041889190674
tmLAXm1WlnE_2,tmLAXm1WlnE,10-20s,188.0,16.0,2,layer1,-4.434150695800781,-4.06040620803833,0.016949765384197235,3.18655589222908,0.1991597432643175,0.016949765384197235,4.06040620803833
tmLAXm1WlnE_2,tmLAXm1WlnE,10-20s,188.0,16.0,2,layer2,-1.0215755701065063,-4.375016689300537,0.012431446462869644,2.337111935019493,0.14606949593871832,0.012431446462869644,4.375016689300537
tmLAXm1WlnE_2,tmLAXm1WlnE,10-20s,188.0,16.0,5,layer1,-3.092501401901245,-3.310926914215088,0.03519823029637337,6.617267295718193,0.41357920598238707,0.03519823029637337,3.310926914215088
tmLAXm1WlnE_2,tmLAXm1WlnE,10-20s,188.0,16.0,5,layer2,-0.7761146426200867,-2.9569156169891357,0.04941067844629288,9.289207547903061,0.5805754717439413,0.04941067844629288,2.9569156169891357
tpm5IOD5d4o_1,tpm5IOD5d4o,5-10s,85.0,5.0,0,layer1,-1.720469355583191,-3.1747961044311523,0.0401252843439579,3.4106491692364216,0.6821298338472843,0.0401252843439579,3.1747961044311523
tpm5IOD5d4o_1,tpm5IOD5d4o,5-10s,85.0,5.0,0,layer2,-1.3693201541900635,-3.2046446800231934,0.038991305977106094,3.314261008054018,0.6628522016108036,0.038991305977106094,3.2046446800231934
tpm5IOD5d4o_1,tpm5IOD5d4o,5-10s,85.0,5.0,6,layer1,-4.807334899902344,-3.1270411014556885,0.0420055128633976,3.570468593388796,0.7140937186777592,0.0420055128633976,3.1270411014556885
tpm5IOD5d4o_1,tpm5IOD5d4o,5-10s,85.0,5.0,6,layer2,-1.9298512935638428,-3.134751319885254,0.04169633612036705,3.5441885702311993,0.7088377140462399,0.04169633612036705,3.134751319885254
tpm5IOD5d4o_1,tpm5IOD5d4o,5-10s,85.0,5.0,9,layer1,-3.7119195461273193,-3.003154754638672,0.04728355631232262,4.019102286547422,0.8038204573094845,0.04728355631232262,3.003154754638672
tpm5IOD5d4o_1,tpm5IOD5d4o,5-10s,85.0,5.0,9,layer2,-1.3397239446640015,-3.0232250690460205,0.04638759791851044,3.942945823073387,0.7885891646146774,0.04638759791851044,3.0232250690460205
tpm5IOD5d4o_2,tpm5IOD5d4o,5-10s,85.0,9.0,0,layer1,-1.398292899131775,-2.8526196479797363,0.054546058177948,4.63641494512558,0.5151572161250644,0.054546058177948,2.8526196479797363
tpm5IOD5d4o_2,tpm5IOD5d4o,5-10s,85.0,9.0,0,layer2,-1.0421221256256104,-2.7040867805480957,0.06273263692855835,5.33227413892746,0.5924749043252733,0.06273263692855835,2.7040867805480957
tpm5IOD5d4o_2,tpm5IOD5d4o,5-10s,85.0,9.0,2,layer1,-4.399389266967773,-4.025644779205322,0.017538808286190033,1.4907987043261528,0.16564430048068365,0.017538808286190033,4.025644779205322
tpm5IOD5d4o_2,tpm5IOD5d4o,5-10s,85.0,9.0,2,layer2,-0.6069990992546082,-4.035991668701172,0.017361406236886978,1.4757195301353931,0.16396883668171036,0.017361406236886978,4.035991668701172
tpm5IOD5d4o_2,tpm5IOD5d4o,5-10s,85.0,9.0,5,layer1,-2.8494346141815186,-3.0678601264953613,0.04445263370871544,3.7784738652408123,0.41983042947120136,0.04445263370871544,3.0678601264953613
tpm5IOD5d4o_2,tpm5IOD5d4o,5-10s,85.0,9.0,5,layer2,-1.050705075263977,-2.670623302459717,0.0647292211651802,5.5019837990403175,0.611331533226702,0.0647292211651802,2.670623302459717
tpm5IOD5d4o_2,tpm5IOD5d4o,5-10s,85.0,9.0,6,layer1,-4.381588935852051,-2.7012951374053955,0.0628969743847847,5.346242822706699,0.5940269803007444,0.0628969743847847,2.7012951374053955
tpm5IOD5d4o_2,tpm5IOD5d4o,5-10s,85.0,9.0,6,layer2,-1.610070824623108,-2.6552505493164062,0.06566613167524338,5.581621192395687,0.6201801324884096,0.06566613167524338,2.6552505493164062
tpm5IOD5d4o_2,tpm5IOD5d4o,5-10s,85.0,9.0,7,layer1,-4.269620418548584,-2.6021625995635986,0.06899937242269516,5.864946655929089,0.6516607395476766,0.06899937242269516,2.6021625995635986
tpm5IOD5d4o_2,tpm5IOD5d4o,5-10s,85.0,9.0,7,layer2,-1.6629234552383423,-2.591033697128296,0.06971771270036697,5.926005579531193,0.6584450643923547,0.06971771270036697,2.591033697128296
tpm5IOD5d4o_2,tpm5IOD5d4o,5-10s,85.0,9.0,9,layer1,-3.503216028213501,-2.7944512367248535,0.057624753564596176,4.898104052990675,0.5442337836656306,0.057624753564596176,2.7944512367248535
tpm5IOD5d4o_2,tpm5IOD5d4o,5-10s,85.0,9.0,9,layer2,-1.2865684032440186,-2.9175591468811035,0.05129234492778778,4.359849318861961,0.48442770209577346,0.05129234492778778,2.9175591468811035
tpm5IOD5d4o_3,tpm5IOD5d4o,5-10s,85.0,6.0,1,layer1,-2.3782708644866943,-3.1194334030151367,0.04231272637844086,3.596581742167473,0.5994302903612455,0.04231272637844086,3.1194334030151367
tpm5IOD5d4o_3,tpm5IOD5d4o,5-10s,85.0,6.0,1,layer2,-1.4984389543533325,-3.252349853515625,0.03724254295229912,3.165616150945425,0.5276026918242375,0.03724254295229912,3.252349853515625
tpm5IOD5d4o_3,tpm5IOD5d4o,5-10s,85.0,6.0,4,layer1,-0.25541332364082336,-2.7801992893218994,0.05840359255671501,4.964305367320776,0.827384227886796,0.05840359255671501,2.7801992893218994
tpm5IOD5d4o_3,tpm5IOD5d4o,5-10s,85.0,6.0,4,layer2,-1.3981443643569946,-2.8728225231170654,0.05351351201534271,4.5486485213041306,0.7581080868840218,0.05351351201534271,2.8728225231170654
twFypUcdgRc_1,twFypUcdgRc,10-20s,269.0,12.0,1,layer1,-2.829960584640503,-3.5711231231689453,0.02735491469502449,7.358472052961588,0.6132060044134656,0.02735491469502449,3.5711231231689453
twFypUcdgRc_1,twFypUcdgRc,10-20s,269.0,12.0,1,layer2,-0.895830512046814,-3.329690933227539,0.034566543996334076,9.298400335013866,0.7748666945844889,0.034566543996334076,3.329690933227539
twFypUcdgRc_2,twFypUcdgRc,10-20s,269.0,15.0,3,layer1,-3.127890110015869,-3.163797378540039,0.04055105149745941,10.908232852816582,0.7272155235211054,0.04055105149745941,3.163797378540039
twFypUcdgRc_2,twFypUcdgRc,10-20s,269.0,15.0,3,layer2,-1.1483043432235718,-3.0464768409729004,0.04536982253193855,12.20448226109147,0.8136321507394314,0.04536982253193855,3.0464768409729004
txeXrpoMST4_2,txeXrpoMST4,10-20s,300.0,11.0,3,layer1,-2.932811737060547,-2.968719005584717,0.04885921999812126,14.657765999436378,1.3325241817669435,0.04885921999812126,2.968719005584717
txeXrpoMST4_2,txeXrpoMST4,10-20s,300.0,11.0,3,layer2,-1.3927522897720337,-2.993447780609131,0.04772275686264038,14.316827058792114,1.3015297326174649,0.04772275686264038,2.993447780609131
txeXrpoMST4_2,txeXrpoMST4,10-20s,300.0,11.0,6,layer1,-4.2005615234375,-2.5202677249908447,0.07444949448108673,22.33484834432602,2.0304407585750925,0.07444949448108673,2.5202677249908447
txeXrpoMST4_2,txeXrpoMST4,10-20s,300.0,11.0,6,layer2,-2.0436859130859375,-2.7706339359283447,0.05893184617161751,17.679553851485252,1.6072321683168411,0.05893184617161751,2.7706339359283447
txeXrpoMST4_2,txeXrpoMST4,10-20s,300.0,11.0,7,layer1,-3.9047014713287354,-2.23724365234375,0.09645549952983856,28.93664985895157,2.6306045326319607,0.09645549952983856,2.23724365234375
txeXrpoMST4_2,txeXrpoMST4,10-20s,300.0,11.0,7,layer2,-1.9076911211013794,-2.3379690647125244,0.08802682161331177,26.40804648399353,2.4007314985448662,0.08802682161331177,2.3379690647125244
txeXrpoMST4_3,txeXrpoMST4,20s+,300.0,25.0,3,layer1,-2.871650457382202,-2.907557725906372,0.051781218498945236,15.53436554968357,0.6213746219873428,0.051781218498945236,2.907557725906372
txeXrpoMST4_3,txeXrpoMST4,20s+,300.0,25.0,3,layer2,-1.3210097551345825,-3.0981369018554688,0.04318416863679886,12.955250591039658,0.5182100236415863,0.04318416863679886,3.0981369018554688
uhSDBwVrEdo_1,uhSDBwVrEdo,10-20s,86.0,12.0,3,layer1,-2.9630608558654785,-2.9989681243896484,0.0474725142121315,4.082636222243309,0.3402196851869424,0.0474725142121315,2.9989681243896484
uhSDBwVrEdo_1,uhSDBwVrEdo,10-20s,86.0,12.0,3,layer2,-1.2681559324264526,-3.5313215255737305,0.028434056788682938,2.4453288838267326,0.20377740698556104,0.028434056788682938,3.5313215255737305
uhSDBwVrEdo_2,uhSDBwVrEdo,2-5s,86.0,2.0,1,layer1,-2.691765785217285,-3.4329283237457275,0.03128207102417946,2.6902581080794334,1.3451290540397167,0.03128207102417946,3.4329283237457275
uhSDBwVrEdo_2,uhSDBwVrEdo,2-5s,86.0,2.0,1,layer2,-1.0558491945266724,-3.2451119422912598,0.03750292956829071,3.225251942873001,1.6126259714365005,0.03750292956829071,3.2451119422912598
uhSDBwVrEdo_3,uhSDBwVrEdo,20s+,86.0,52.0,7,layer1,-3.949002504348755,-2.2815446853637695,0.0926629975438118,7.969017788767815,0.15325034209168875,0.0926629975438118,2.2815446853637695
uhSDBwVrEdo_3,uhSDBwVrEdo,20s+,86.0,52.0,7,layer2,-1.4581310749053955,-1.876758098602295,0.13276168704032898,11.417505085468292,0.21956740548977485,0.13276168704032898,1.876758098602295
up2PpjTzyyc_1,up2PpjTzyyc,2-5s,299.0,4.0,7,layer1,-4.792328834533691,-3.124871015548706,0.04209292680025101,12.585785113275051,3.146446278318763,0.04209292680025101,3.124871015548706
up2PpjTzyyc_1,up2PpjTzyyc,2-5s,299.0,4.0,7,layer2,-1.0282951593399048,-2.9108781814575195,0.05161842703819275,15.433909684419632,3.858477421104908,0.05161842703819275,2.9108781814575195
v7BaYF0kagM_1,v7BaYF0kagM,20s+,299.0,57.0,9,layer1,-3.313387393951416,-2.6046226024627686,0.06884150952100754,20.583611346781254,0.36111598854002197,0.06884150952100754,2.6046226024627686
v7BaYF0kagM_1,v7BaYF0kagM,20s+,299.0,57.0,9,layer2,-0.6309793591499329,-2.4769201278686523,0.07749208807945251,23.170134335756302,0.4064935848378299,0.07749208807945251,2.4769201278686523
vruDH_YLaPI_1,vruDH_YLaPI,0-2s,125.0,1.0,7,layer1,-5.169425010681152,-3.501967191696167,0.029256310313940048,3.657038789242506,3.657038789242506,0.029256310313940048,3.501967191696167
vruDH_YLaPI_1,vruDH_YLaPI,0-2s,125.0,1.0,7,layer2,-1.2690629959106445,-4.106472969055176,0.0161990188062191,2.0248773507773876,2.0248773507773876,0.0161990188062191,4.106472969055176
vruDH_YLaPI_1,vruDH_YLaPI,0-2s,125.0,1.0,9,layer1,-4.361762523651123,-3.6529977321624756,0.02525879256427288,3.15734907053411,3.15734907053411,0.02525879256427288,3.6529977321624756
vruDH_YLaPI_1,vruDH_YLaPI,0-2s,125.0,1.0,9,layer2,-1.1641374826431274,-3.627379894256592,0.025897251442074776,3.237156430259347,3.237156430259347,0.025897251442074776,3.627379894256592
vruDH_YLaPI_2,vruDH_YLaPI,2-5s,125.0,3.0,7,layer1,-3.98136305809021,-2.3139052391052246,0.08997786045074463,11.247232556343079,3.7490775187810264,0.08997786045074463,2.3139052391052246
vruDH_YLaPI_2,vruDH_YLaPI,2-5s,125.0,3.0,7,layer2,-2.1686575412750244,-2.8149662017822266,0.056520767509937286,7.065095938742161,2.3550319795807204,0.056520767509937286,2.8149662017822266
vruDH_YLaPI_2,vruDH_YLaPI,2-5s,125.0,3.0,9,layer1,-3.153345823287964,-2.4445810317993164,0.07983572781085968,9.97946597635746,3.32648865878582,0.07983572781085968,2.4445810317993164
vruDH_YLaPI_2,vruDH_YLaPI,2-5s,125.0,3.0,9,layer2,-1.7008609771728516,-3.043365955352783,0.045504748821258545,5.688093602657318,1.8960312008857727,0.045504748821258545,3.043365955352783
wFiCblfZ-vg_2,wFiCblfZ-vg,10-20s,162.0,11.0,3,layer1,-1.925403356552124,-1.961310625076294,0.12332525849342346,19.9786918759346,1.8162447159940547,0.12332525849342346,1.961310625076294
wFiCblfZ-vg_2,wFiCblfZ-vg,10-20s,162.0,11.0,3,layer2,-0.1046852394938469,-1.8041112422943115,0.14135132730007172,22.898915022611618,2.081719547510147,0.14135132730007172,1.8041112422943115
wNiYSYJXssA_2,wNiYSYJXssA,10-20s,299.0,12.0,0,layer1,-1.9762898683547974,-3.430616855621338,0.03135219216346741,9.374305456876755,0.7811921214063963,0.03135219216346741,3.430616855621338
wNiYSYJXssA_2,wNiYSYJXssA,10-20s,299.0,12.0,0,layer2,-1.0116349458694458,-3.196422576904297,0.039300572127103806,11.750871066004038,0.9792392555003365,0.039300572127103806,3.196422576904297
woadpeAGHUQ_1,woadpeAGHUQ,0-2s,97.0,1.0,7,layer1,-4.828879356384277,-3.161421537399292,0.040643591433763504,3.94242836907506,3.94242836907506,0.040643591433763504,3.161421537399292
woadpeAGHUQ_1,woadpeAGHUQ,0-2s,97.0,1.0,7,layer2,-1.4763270616531372,-3.595949649810791,0.02670205757021904,2.590099584311247,2.590099584311247,0.02670205757021904,3.595949649810791
x5AH2gW_8S4_1,x5AH2gW_8S4,5-10s,110.0,5.0,5,layer1,-3.2233572006225586,-3.4417827129364014,0.03101486526429653,3.4116351790726185,0.6823270358145237,0.03101486526429653,3.4417827129364014
x5AH2gW_8S4_1,x5AH2gW_8S4,5-10s,110.0,5.0,5,layer2,-1.1156257390975952,-3.110682487487793,0.04266875609755516,4.693563170731068,0.9387126341462135,0.04266875609755516,3.110682487487793
x5AH2gW_8S4_1,x5AH2gW_8S4,5-10s,110.0,5.0,9,layer1,-3.997185230255127,-3.2884204387664795,0.03597057983279228,3.956763781607151,0.7913527563214302,0.03597057983279228,3.2884204387664795
x5AH2gW_8S4_1,x5AH2gW_8S4,5-10s,110.0,5.0,9,layer2,-1.520523190498352,-3.3857431411743164,0.03274401277303696,3.6018414050340652,0.720368281006813,0.03274401277303696,3.3857431411743164
x5AH2gW_8S4_3,x5AH2gW_8S4,10-20s,110.0,19.0,0,layer1,-2.1003308296203613,-3.5546576976776123,0.0277964286506176,3.057607151567936,0.1609266921877861,0.0277964286506176,3.5546576976776123
x5AH2gW_8S4_3,x5AH2gW_8S4,10-20s,110.0,19.0,0,layer2,-0.6975975036621094,-3.077118396759033,0.044061027467250824,4.846713021397591,0.2550901590209258,0.044061027467250824,3.077118396759033
x5AH2gW_8S4_3,x5AH2gW_8S4,10-20s,110.0,19.0,2,layer1,-3.9264233112335205,-3.5526790618896484,0.027849946171045303,3.0634940788149834,0.16123653046394648,0.027849946171045303,3.5526790618896484
x5AH2gW_8S4_3,x5AH2gW_8S4,10-20s,110.0,19.0,2,layer2,-1.1923178434371948,-3.5237927436828613,0.02864278480410576,3.1507063284516335,0.16582664886587545,0.02864278480410576,3.5237927436828613
x5AH2gW_8S4_3,x5AH2gW_8S4,10-20s,110.0,19.0,3,layer1,-3.2210679054260254,-3.2569751739501953,0.037077050656080246,4.078475572168827,0.2146566090615172,0.037077050656080246,3.2569751739501953
x5AH2gW_8S4_3,x5AH2gW_8S4,10-20s,110.0,19.0,3,layer2,-1.0896492004394531,-3.0150957107543945,0.04674853757023811,5.1423391327261925,0.2706494280382207,0.04674853757023811,3.0150957107543945
xBZnvfniA1c_1,xBZnvfniA1c,10-20s,199.0,10.0,9,layer1,-3.5301196575164795,-2.821354866027832,0.05618104711174965,11.18002837523818,1.118002837523818,0.05618104711174965,2.821354866027832
xBZnvfniA1c_1,xBZnvfniA1c,10-20s,199.0,10.0,9,layer2,-0.9389839172363281,-2.9012160301208496,0.05209348350763321,10.366603218019009,1.0366603218019008,0.05209348350763321,2.9012160301208496
xBZnvfniA1c_3,xBZnvfniA1c,10-20s,199.0,15.0,3,layer1,-2.758599042892456,-2.794506311416626,0.05762176588177681,11.466731410473585,0.764448760698239,0.05762176588177681,2.794506311416626
xBZnvfniA1c_3,xBZnvfniA1c,10-20s,199.0,15.0,3,layer2,-0.4885266125202179,-2.5923094749450684,0.06963501125574112,13.857367239892483,0.9238244826594989,0.06963501125574112,2.5923094749450684
xBZnvfniA1c_3,xBZnvfniA1c,10-20s,199.0,15.0,6,layer1,-2.6576316356658936,-0.9773378372192383,0.2734203338623047,54.41064643859863,3.627376429239909,0.2734203338623047,0.9773378372192383
xBZnvfniA1c_3,xBZnvfniA1c,10-20s,199.0,15.0,6,layer2,-1.0954806804656982,-1.0470513105392456,0.2597917318344116,51.69855463504791,3.446570309003194,0.2597917318344116,1.0470513105392456
xUWSHYoslPQ_1,xUWSHYoslPQ,5-10s,115.0,5.0,4,layer1,-1.1609982252120972,-3.685784339904785,0.02446400374174118,2.8133604303002357,0.5626720860600471,0.02446400374174118,3.685784339904785
xUWSHYoslPQ_1,xUWSHYoslPQ,5-10s,115.0,5.0,4,layer2,-1.718578815460205,-5.056848526000977,0.0063253240659832954,0.727412267588079,0.1454824535176158,0.0063253240659832954,5.056848526000977
xUWSHYoslPQ_1,xUWSHYoslPQ,5-10s,115.0,5.0,8,layer1,-2.9711759090423584,-2.841963529586792,0.05509822070598602,6.336295381188393,1.2672590762376785,0.05509822070598602,2.841963529586792
xUWSHYoslPQ_1,xUWSHYoslPQ,5-10s,115.0,5.0,8,layer2,-0.9554031491279602,-2.8791589736938477,0.05319347605109215,6.117249745875597,1.2234499491751194,0.05319347605109215,2.8791589736938477
xbLW9Wt1Jsg_1,xbLW9Wt1Jsg,5-10s,300.0,5.0,1,layer1,-2.970087766647339,-3.7112503051757812,0.023863546550273895,7.159063965082169,1.4318127930164337,0.023863546550273895,3.7112503051757812
xbLW9Wt1Jsg_1,xbLW9Wt1Jsg,5-10s,300.0,5.0,1,layer2,-2.393138885498047,-5.045539855957031,0.0063968016766011715,1.9190405029803514,0.3838081005960703,0.0063968016766011715,5.045539855957031
xbLW9Wt1Jsg_1,xbLW9Wt1Jsg,5-10s,300.0,5.0,9,layer1,-4.361827373504639,-3.653062582015991,0.02525719441473484,7.577158324420452,1.5154316648840904,0.02525719441473484,3.653062582015991
xbLW9Wt1Jsg_1,xbLW9Wt1Jsg,5-10s,300.0,5.0,9,layer2,-1.2067586183547974,-3.6473846435546875,0.02539735846221447,7.619207538664341,1.5238415077328682,0.02539735846221447,3.6473846435546875
xbLW9Wt1Jsg_2,xbLW9Wt1Jsg,10-20s,300.0,14.0,3,layer1,-3.041229486465454,-3.077136754989624,0.04406025633215904,13.218076899647713,0.9441483499748367,0.04406025633215904,3.077136754989624
xbLW9Wt1Jsg_2,xbLW9Wt1Jsg,10-20s,300.0,14.0,3,layer2,-0.5321416258811951,-2.890483856201172,0.05262599140405655,15.787797421216965,1.1276998158012117,0.05262599140405655,2.890483856201172
xbLW9Wt1Jsg_2,xbLW9Wt1Jsg,10-20s,300.0,14.0,5,layer1,-1.3721710443496704,-1.5905966758728027,0.16929996013641357,50.78998804092407,3.627856288637434,0.16929996013641357,1.5905966758728027
xbLW9Wt1Jsg_2,xbLW9Wt1Jsg,10-20s,300.0,14.0,5,layer2,-0.7868304252624512,-1.7457818984985352,0.14858001470565796,44.57400441169739,3.1838574579783847,0.14858001470565796,1.7457818984985352
xbLW9Wt1Jsg_2,xbLW9Wt1Jsg,10-20s,300.0,14.0,7,layer1,-4.394940376281738,-2.727482557296753,0.06137101724743843,18.41130517423153,1.3150932267308235,0.06137101724743843,2.727482557296753
xbLW9Wt1Jsg_2,xbLW9Wt1Jsg,10-20s,300.0,14.0,7,layer2,-1.3447662591934204,-2.8408899307250977,0.055154141038656235,16.54624231159687,1.1818744508283479,0.055154141038656235,2.8408899307250977
xpZna_FwDhI_1,xpZna_FwDhI,10-20s,291.0,15.0,1,layer1,-2.6631133556365967,-3.404275894165039,0.032162100076675415,9.359171122312546,0.623944741487503,0.032162100076675415,3.404275894165039
xpZna_FwDhI_1,xpZna_FwDhI,10-20s,291.0,15.0,1,layer2,-1.52799391746521,-3.4306955337524414,0.03134980425238609,9.122793037444353,0.6081862024962902,0.03134980425238609,3.4306955337524414
y93cZqNCtks_1,y93cZqNCtks,20s+,300.0,25.0,7,layer1,-4.683387756347656,-3.015929937362671,0.046711377799510956,14.013413339853287,0.5605365335941315,0.046711377799510956,3.015929937362671
y93cZqNCtks_1,y93cZqNCtks,20s+,300.0,25.0,7,layer2,-1.6020835638046265,-2.724278688430786,0.061555828899145126,18.466748669743538,0.7386699467897415,0.061555828899145126,2.724278688430786
yRoKi7rhSRo_1,yRoKi7rhSRo,5-10s,60.0,5.0,0,layer1,-2.1051037311553955,-3.5594305992126465,0.027667736634612083,1.660064198076725,0.332012839615345,0.027667736634612083,3.5594305992126465
yRoKi7rhSRo_1,yRoKi7rhSRo,5-10s,60.0,5.0,0,layer2,-1.3829001188278198,-3.6638035774230957,0.024994103237986565,1.4996461942791939,0.2999292388558388,0.024994103237986565,3.6638035774230957
yRoKi7rhSRo_1,yRoKi7rhSRo,5-10s,60.0,5.0,1,layer1,-2.151129961013794,-2.8922924995422363,0.05253588780760765,3.152153268456459,0.6304306536912918,0.05253588780760765,2.8922924995422363
yRoKi7rhSRo_1,yRoKi7rhSRo,5-10s,60.0,5.0,1,layer2,-1.3802558183670044,-2.6851563453674316,0.06385494768619537,3.8312968611717224,0.7662593722343445,0.06385494768619537,2.6851563453674316
yRoKi7rhSRo_1,yRoKi7rhSRo,5-10s,60.0,5.0,3,layer1,-2.9359991550445557,-2.9719064235687256,0.04871130362153053,2.922678217291832,0.5845356434583664,0.04871130362153053,2.9719064235687256
yRoKi7rhSRo_1,yRoKi7rhSRo,5-10s,60.0,5.0,3,layer2,-1.2340763807296753,-2.739943504333496,0.06065712124109268,3.639427274465561,0.7278854548931122,0.06065712124109268,2.739943504333496
yRoKi7rhSRo_1,yRoKi7rhSRo,5-10s,60.0,5.0,5,layer1,-2.959376573562622,-3.177802085876465,0.040009669959545135,2.400580197572708,0.4801160395145416,0.040009669959545135,3.177802085876465
yRoKi7rhSRo_1,yRoKi7rhSRo,5-10s,60.0,5.0,5,layer2,-1.7300944328308105,-3.3461809158325195,0.03402044624090195,2.041226774454117,0.40824535489082336,0.03402044624090195,3.3461809158325195
yVVLq4ao1Ck_1,yVVLq4ao1Ck,20s+,157.0,76.0,7,layer1,-3.0372250080108643,-1.369767189025879,0.20265747606754303,31.817223742604256,0.4186476808237402,0.20265747606754303,1.369767189025879
yVVLq4ao1Ck_1,yVVLq4ao1Ck,20s+,157.0,76.0,7,layer2,-1.9487111568450928,-2.1415045261383057,0.10512776672840118,16.505059376358986,0.21717183389946035,0.10512776672840118,2.1415045261383057
yVVLq4ao1Ck_3,yVVLq4ao1Ck,20s+,157.0,21.0,8,layer1,-0.968912661075592,-0.8397003412246704,0.3015978932380676,47.35086923837662,2.2548032970655534,0.3015978932380676,0.8397003412246704
yVVLq4ao1Ck_3,yVVLq4ao1Ck,20s+,157.0,21.0,8,layer2,-0.8450170159339905,-0.5941187143325806,0.3556903898715973,55.843391209840775,2.659209105230513,0.3556903898715973,0.5941187143325806
yhDw7PZje3g_1,yhDw7PZje3g,10-20s,299.0,16.0,9,layer1,-3.0486786365509033,-2.339913845062256,0.08787082880735397,26.273377813398838,1.6420861133374274,0.08787082880735397,2.339913845062256
yhDw7PZje3g_1,yhDw7PZje3g,10-20s,299.0,16.0,9,layer2,-0.9788167476654053,-2.13769793510437,0.1054864153265953,31.540438182651997,1.9712773864157498,0.1054864153265953,2.13769793510437
yhDw7PZje3g_3,yhDw7PZje3g,20s+,299.0,41.0,3,layer1,-3.6027557849884033,-3.6386630535125732,0.025614134967327118,7.658626355230808,0.18679576476172702,0.025614134967327118,3.6386630535125732
yhDw7PZje3g_3,yhDw7PZje3g,20s+,299.0,41.0,3,layer2,-0.7448026537895203,-3.2989723682403564,0.03560645878314972,10.646331176161766,0.259666614052726,0.03560645878314972,3.2989723682403564
yrxa6_P2I80_1,yrxa6_P2I80,5-10s,240.0,5.0,7,layer1,-5.1789751052856445,-3.511517286300659,0.02898629941046238,6.956711858510971,1.3913423717021942,0.02898629941046238,3.511517286300659
yrxa6_P2I80_1,yrxa6_P2I80,5-10s,240.0,5.0,7,layer2,-0.8772637844085693,-3.1468491554260254,0.04121560603380203,9.891745448112488,1.9783490896224976,0.04121560603380203,3.1468491554260254
z1ax0QPpd14_3,z1ax0QPpd14,0-2s,183.0,1.0,5,layer1,-2.745469808578491,-2.963895320892334,0.049083877354860306,8.982349555939436,8.982349555939436,0.049083877354860306,2.963895320892334
z1ax0QPpd14_3,z1ax0QPpd14,0-2s,183.0,1.0,5,layer2,-1.0797690153121948,-2.863579750061035,0.05398359149694443,9.87899724394083,9.87899724394083,0.05398359149694443,2.863579750061035
zBXoaQ1GVlc_2,zBXoaQ1GVlc,20s+,300.0,61.0,8,layer1,-2.740750551223755,-2.6115381717681885,0.06839952617883682,20.519857853651047,0.3363911123549352,0.06839952617883682,2.6115381717681885
zBXoaQ1GVlc_2,zBXoaQ1GVlc,20s+,300.0,61.0,8,layer2,-1.4341033697128296,-2.6544137001037598,0.06571748852729797,19.715246558189392,0.32320076324900643,0.06571748852729797,2.6544137001037598
zEaGx6an4es_1,zEaGx6an4es,20s+,299.0,35.0,1,layer1,-1.917817234992981,-2.658979654312134,0.0654376968741417,19.565871365368366,0.5590248961533819,0.0654376968741417,2.658979654312134
zEaGx6an4es_1,zEaGx6an4es,20s+,299.0,35.0,1,layer2,-1.5866339206695557,-2.8299241065979004,0.05572838708758354,16.66278773918748,0.4760796496910708,0.05572838708758354,2.8299241065979004
zEaGx6an4es_1,zEaGx6an4es,20s+,299.0,35.0,3,layer1,-1.8535081148147583,-1.8894153833389282,0.13131113350391388,39.26202891767025,1.1217722547905786,0.13131113350391388,1.8894153833389282
zEaGx6an4es_1,zEaGx6an4es,20s+,299.0,35.0,3,layer2,-0.8612629771232605,-2.088547468185425,0.11021494120359421,32.95426741987467,0.9415504977107048,0.11021494120359421,2.088547468185425
zF3xXn6NTyU_1,zF3xXn6NTyU,20s+,297.0,37.0,5,layer1,-1.9127253293991089,-2.131150960922241,0.10610577464103699,31.513415068387985,0.8517139207672428,0.10610577464103699,2.131150960922241
zF3xXn6NTyU_1,zF3xXn6NTyU,20s+,297.0,37.0,5,layer2,-0.8322941064834595,-2.2988786697387695,0.09121587127447128,27.09111376851797,0.7321922640139992,0.09121587127447128,2.2988786697387695
zIgGMlZENTs_1,zIgGMlZENTs,5-10s,273.0,9.0,4,layer1,-0.779745876789093,-3.3045318126678467,0.035416048020124435,9.66858110949397,1.0742867899437745,0.035416048020124435,3.3045318126678467
zIgGMlZENTs_1,zIgGMlZENTs,5-10s,273.0,9.0,4,layer2,-0.7443755269050598,-3.0715298652648926,0.04429701343178749,12.093084666877985,1.343676074097554,0.04429701343178749,3.0715298652648926
zoctgurhvHE_1,zoctgurhvHE,2-5s,299.0,4.0,1,layer1,-2.814783811569214,-3.5559463500976562,0.02776162512600422,8.300725912675261,2.0751814781688154,0.02776162512600422,3.5559463500976562
zoctgurhvHE_1,zoctgurhvHE,2-5s,299.0,4.0,1,layer2,-1.6660610437393188,-3.6587767601013184,0.025116896256804466,7.509951980784535,1.8774879951961339,0.025116896256804466,3.6587767601013184
ztSjcZNUY7A_1,ztSjcZNUY7A,20s+,83.0,41.0,3,layer1,-2.081801652908325,-2.117708921432495,0.1073874905705452,8.913161717355251,0.21739418822817685,0.1073874905705452,2.117708921432495
ztSjcZNUY7A_1,ztSjcZNUY7A,20s+,83.0,41.0,3,layer2,-0.6975447535514832,-2.0076959133148193,0.11839726567268372,9.826973050832748,0.23968226953250607,0.11839726567268372,2.0076959133148193
ztSjcZNUY7A_2,ztSjcZNUY7A,2-5s,83.0,3.0,3,layer1,-2.3977668285369873,-2.4336740970611572,0.08064065128564835,6.693174056708813,2.2310580189029374,0.08064065128564835,2.4336740970611572
ztSjcZNUY7A_2,ztSjcZNUY7A,2-5s,83.0,3.0,3,layer2,-0.8032397627830505,-2.1732611656188965,0.10217747092247009,8.480730086565018,2.8269100288550058,0.10217747092247009,2.1732611656188965
ztSjcZNUY7A_2,ztSjcZNUY7A,2-5s,83.0,3.0,4,layer1,-0.7414968609809875,-3.266282796859741,0.03674617409706116,3.049932450056076,1.016644150018692,0.03674617409706116,3.266282796859741
ztSjcZNUY7A_2,ztSjcZNUY7A,2-5s,83.0,3.0,4,layer2,-0.4330773949623108,-2.6796441078186035,0.0641852468252182,5.327375486493111,1.7757918288310368,0.0641852468252182,2.6796441078186035
ztSjcZNUY7A_2,ztSjcZNUY7A,2-5s,83.0,3.0,5,layer1,-1.9520540237426758,-2.1704795360565186,0.10243294388055801,8.501934342086315,2.833978114028772,0.10243294388055801,2.1704795360565186
ztSjcZNUY7A_2,ztSjcZNUY7A,2-5s,83.0,3.0,5,layer2,-1.0206331014633179,-1.9390547275543213,0.12575174868106842,10.437395140528679,3.4791317135095596,0.12575174868106842,1.9390547275543213
zwoqJY03yHE_2,zwoqJY03yHE,2-5s,300.0,4.0,6,layer1,-5.270208358764648,-3.589914560317993,0.026859352365136147,8.057805709540844,2.014451427385211,0.026859352365136147,3.589914560317993
zwoqJY03yHE_2,zwoqJY03yHE,2-5s,300.0,4.0,6,layer2,-1.0076066255569458,-3.279010772705078,0.03629830479621887,10.889491438865662,2.7223728597164154,0.03629830479621887,3.279010772705078
zwoqJY03yHE_3,zwoqJY03yHE,10-20s,300.0,14.0,1,layer1,-2.706313371658325,-3.4474759101867676,0.030844222754240036,9.25326682627201,0.6609476304480008,0.030844222754240036,3.4474759101867676
zwoqJY03yHE_3,zwoqJY03yHE,10-20s,300.0,14.0,1,layer2,-0.9336013793945312,-3.253357172012329,0.037206441164016724,11.161932349205017,0.7972808820860726,0.037206441164016724,3.253357172012329
zwoqJY03yHE_3,zwoqJY03yHE,10-20s,300.0,14.0,2,layer1,-4.174860000610352,-3.8011157512664795,0.021857403218746185,6.557220965623856,0.4683729261159897,0.021857403218746185,3.8011157512664795
zwoqJY03yHE_3,zwoqJY03yHE,10-20s,300.0,14.0,2,layer2,-1.0888375043869019,-4.020685195922852,0.017624471336603165,5.287341400980949,0.37766724292721066,0.017624471336603165,4.020685195922852
