qid,vid,duration_bin,gt_duration_sec,audio_duration_sec,hard_center_hit10_2s,random25_center_hit10_2s_mean,hard_minus_random_center,cohort,query,p3_location_failure,gt_windows,hard_selected_token_count,hard_peak_token,hard_peak_component_size,hard_peak_token_indices,hard_peak_start_sec,hard_peak_end_sec,hard_peak_center_sec,hard_peak_to_gt_interval_gap_sec,hard_peak_to_gt_center_sec,hard_peak_geometry_class,hard_peak_overlaps_gt_plus_minus_2s,hard_peak_saliency,gt_max_saliency,selection_conditioned_note
--0w1YA1Hm4_1,--0w1YA1Hm4,0-2s,1.0,299.0,0.0,0.7,-0.7,harmful,A car horn blares,0,"[[27.0, 28.0], [289.0, 290.0], [291.0, 292.0]]",74,52,1,[52],52.0,53.0,52.5,24.0,25.0,remote,0,-11.60609245300293,-12.610330581665039,HARD_25 selected by full-access saliency; saliency is not independent evidence
--0w1YA1Hm4_2,--0w1YA1Hm4,2-5s,4.0,299.0,0.0,0.8,-0.8,harmful,A phone beeps as a call is made,0,"[[72.0, 76.0]]",74,297,3,"[296, 297, 298]",296.0,299.0,297.5,220.0,223.5,remote,0,-11.629486083984375,-12.31116771697998,HARD_25 selected by full-access saliency; saliency is not independent evidence
--0w1YA1Hm4_3,--0w1YA1Hm4,2-5s,2.0,299.0,1.0,1.0,0.0,control,A car door slams shut,0,"[[297.0, 298.0], [290.0, 291.0], [292.0, 294.0]]",74,109,4,"[109, 110, 111, 112]",109.0,113.0,111.0,177.0,179.5,remote,0,-11.591835021972656,-10.418338775634766,HARD_25 selected by full-access saliency; saliency is not independent evidence
-FW109cbv0g_1,-FW109cbv0g,2-5s,3.0,96.0,1.0,1.0,0.0,control,Someone sneezes,0,"[[28.0, 29.0], [74.0, 76.0], [43.0, 45.0], [5.0, 6.0], [61.0, 64.0], [93.0, 95.0], [36.0, 38.0], [15.0, 16.0], [50.0, 52.0]]",20,16,1,[16],16.0,17.0,16.5,0.0,1.0,adjacent,1,-11.156972885131836,-10.800151824951172,HARD_25 selected by full-access saliency; saliency is not independent evidence
-FW109cbv0g_3,-FW109cbv0g,2-5s,3.0,96.0,1.0,1.0,0.0,control,Someone spits,0,"[[20.0, 23.0], [86.0, 87.0]]",23,24,1,[24],24.0,25.0,24.5,1.0,3.0,adjacent,1,-11.917862892150879,-11.846023559570312,HARD_25 selected by full-access saliency; saliency is not independent evidence
-FW109cbv0g_4,-FW109cbv0g,2-5s,2.0,96.0,0.0,1.0,-1.0,harmful,A man laughs,0,"[[52.0, 53.0], [95.0, 97.0], [45.0, 46.0], [55.0, 57.0], [30.0, 31.0], [79.0, 80.0]]",23,14,2,"[14, 15]",14.0,16.0,15.0,14.0,15.5,remote,0,-11.874818801879883,-12.212343215942383,HARD_25 selected by full-access saliency; saliency is not independent evidence
-FW109cbv0g_5,-FW109cbv0g,2-5s,3.0,96.0,0.0,0.9,-0.9,harmful,Someone coughs,0,"[[82.0, 85.0], [90.0, 91.0]]",23,5,2,"[5, 6]",5.0,7.0,6.0,75.0,77.5,remote,0,-10.604019165039062,-11.48317813873291,HARD_25 selected by full-access saliency; saliency is not independent evidence
-NrFeH-kBSM_2,-NrFeH-kBSM,0-2s,1.0,300.0,0.0,0.0,0.0,control,An animal calls out,0,"[[158.0, 159.0], [161.0, 162.0]]",75,8,3,"[7, 8, 9]",7.0,10.0,8.5,148.0,150.0,remote,0,-11.270428657531738,-11.896604537963867,HARD_25 selected by full-access saliency; saliency is not independent evidence
-NrFeH-kBSM_4,-NrFeH-kBSM,2-5s,4.0,300.0,0.0,0.4,-0.4,harmful,A received call tone rings amid sound effects,0,"[[198.0, 202.0]]",74,7,8,"[1, 2, 3, 4, 5, 6, 7, 8]",1.0,9.0,5.0,189.0,195.0,remote,0,-10.906510353088379,-11.558052062988281,HARD_25 selected by full-access saliency; saliency is not independent evidence
-mhFGevxLUg_3,-mhFGevxLUg,2-5s,4.0,300.0,0.0,0.0,0.0,control,Someone coughs as a man talks,1,"[[184.0, 188.0]]",74,22,3,"[21, 22, 23]",21.0,24.0,22.5,160.0,163.5,remote,0,-10.871458053588867,-11.354047775268555,HARD_25 selected by full-access saliency; saliency is not independent evidence
-nQHwrRLfc0_2,-nQHwrRLfc0,0-2s,1.0,165.0,0.0,0.7,-0.7,harmful,A button clicks,0,"[[12.0, 13.0]]",41,0,12,"[0, 1, 2, 3, 4, 5, 6, 7, 8, 9, 10, 11]",0.0,12.0,6.0,0.0,6.5,adjacent,1,-11.003355026245117,-11.019416809082031,HARD_25 selected by full-access saliency; saliency is not independent evidence
-oy0BkpMGAk_1,-oy0BkpMGAk,2-5s,4.0,80.0,1.0,1.0,0.0,control,"Engines roar, brakes screech, and voices rise",0,"[[14.0, 18.0]]",19,5,9,"[5, 6, 7, 8, 9, 10, 11, 12, 13]",5.0,14.0,9.5,0.0,6.5,adjacent,1,-10.504180908203125,-10.524215698242188,HARD_25 selected by full-access saliency; saliency is not independent evidence
-oy0BkpMGAk_3,-oy0BkpMGAk,2-5s,2.0,80.0,0.0,0.0,0.0,control,"Engines roar, brakes screech, applause bursts out, and whistling echoes",1,"[[74.0, 76.0]]",20,25,5,"[24, 25, 26, 27, 28]",24.0,29.0,26.5,45.0,48.5,remote,0,-11.556425094604492,-11.916547775268555,HARD_25 selected by full-access saliency; saliency is not independent evidence
096oTVzc5Gs_4,096oTVzc5Gs,0-2s,1.0,129.0,0.0,0.0,0.0,control,A man talks as someone whistles,0,"[[70.0, 71.0]]",32,0,7,"[0, 1, 2, 3, 4, 5, 6]",0.0,7.0,3.5,63.0,67.0,remote,0,-10.75925064086914,-11.742115020751953,HARD_25 selected by full-access saliency; saliency is not independent evidence
0AsXkZkqelg_1,0AsXkZkqelg,2-5s,4.0,172.0,0.0,0.8,-0.8,harmful,Something explodes and burns,0,"[[0.0, 4.0]]",42,4,24,"[4, 5, 6, 7, 8, 9, 10, 11, 12, 13, 14, 15, 16, 17, 18, 19, 20, 21, 22, 23, 24, 25, 26, 27]",4.0,28.0,16.0,0.0,14.0,adjacent,1,-10.982280731201172,-11.047986030578613,HARD_25 selected by full-access saliency; saliency is not independent evidence
0AsXkZkqelg_2,0AsXkZkqelg,2-5s,3.0,172.0,1.0,1.0,0.0,control,A car engine starts up,0,"[[11.0, 14.0]]",43,40,32,"[14, 15, 16, 17, 18, 19, 20, 21, 22, 23, 24, 25, 26, 27, 28, 29, 30, 31, 32, 33, 34, 35, 36, 37, 38, 39, 40, 41, 42, 43, 44, 45]",14.0,46.0,30.0,0.0,17.5,adjacent,1,-10.638309478759766,-10.394340515136719,HARD_25 selected by full-access saliency; saliency is not independent evidence
0_K6OKtoBBU_1,0_K6OKtoBBU,2-5s,2.0,61.0,1.0,1.0,0.0,control,Door opens and closes,0,"[[6.0, 8.0], [26.0, 28.0]]",15,17,1,[17],17.0,18.0,17.5,8.0,9.5,remote,0,-10.896764755249023,-10.25162124633789,HARD_25 selected by full-access saliency; saliency is not independent evidence
0_K6OKtoBBU_3,0_K6OKtoBBU,2-5s,2.0,61.0,1.0,1.0,0.0,control,A cat meows,0,"[[22.0, 24.0], [37.0, 39.0]]",15,17,6,"[16, 17, 18, 19, 20, 21]",16.0,22.0,19.0,0.0,4.0,adjacent,1,-11.697249412536621,-11.615612030029297,HARD_25 selected by full-access saliency; saliency is not independent evidence
0a9wVat2PWk_2,0a9wVat2PWk,2-5s,4.0,300.0,0.0,0.5,-0.5,harmful,Machines operate in the background as a bell rings out,1,"[[18.0, 20.0], [0.0, 4.0]]",74,111,4,"[109, 110, 111, 112]",109.0,113.0,111.0,89.0,92.0,remote,0,-10.32235336303711,-10.711689949035645,HARD_25 selected by full-access saliency; saliency is not independent evidence
0a9wVat2PWk_3,0a9wVat2PWk,2-5s,3.0,300.0,1.0,1.0,0.0,control,Machines operate in the background as a horn blares,0,"[[110.0, 113.0], [118.0, 121.0], [228.0, 231.0]]",73,2,6,"[0, 1, 2, 3, 4, 5]",0.0,6.0,3.0,104.0,108.5,remote,0,-10.203788757324219,-10.171873092651367,HARD_25 selected by full-access saliency; saliency is not independent evidence
0a9wVat2PWk_4,0a9wVat2PWk,2-5s,4.0,300.0,0.0,0.6,-0.6,harmful,Machines operate as an in-car melody plays and a woman makes an announcement,0,"[[257.0, 261.0]]",74,111,3,"[110, 111, 112]",110.0,113.0,111.5,144.0,147.5,remote,0,-10.02720832824707,-11.069317817687988,HARD_25 selected by full-access saliency; saliency is not independent evidence
0fMXnvD38zI_1,0fMXnvD38zI,2-5s,2.0,300.0,0.0,0.0,0.0,control,"Birds chirp, wind blows, waves lap, and wood creaks",1,"[[14.0, 16.0]]",75,203,3,"[201, 202, 203]",201.0,204.0,202.5,185.0,187.5,remote,0,-12.413518905639648,-12.971049308776855,HARD_25 selected by full-access saliency; saliency is not independent evidence
0yETgW44MZU_2,0yETgW44MZU,2-5s,4.0,90.0,1.0,0.7,0.30000000000000004,control,A train rumbles while a horn blows,1,"[[58.0, 60.0], [82.0, 86.0]]",21,11,6,"[8, 9, 10, 11, 12, 13]",8.0,14.0,11.0,44.0,48.0,remote,0,-10.234485626220703,-11.029062271118164,HARD_25 selected by full-access saliency; saliency is not independent evidence
14izd_i3ryE_3,14izd_i3ryE,2-5s,2.0,299.0,0.0,0.4,-0.4,harmful,"As the wind blows, a man talks while horses gallop and a horn blares",1,"[[234.0, 236.0], [251.0, 253.0], [267.0, 268.0]]",74,47,11,"[41, 42, 43, 44, 45, 46, 47, 48, 49, 50, 51]",41.0,52.0,46.5,182.0,188.5,remote,0,-10.970073699951172,-11.233091354370117,HARD_25 selected by full-access saliency; saliency is not independent evidence
1FNJbN-eHY4_1,1FNJbN-eHY4,2-5s,4.0,177.0,0.0,0.7,-0.7,harmful,Many people talk as someone burps,1,"[[28.0, 32.0], [61.0, 63.0], [76.0, 80.0], [95.0, 97.0], [150.0, 153.0]]",41,11,28,"[0, 1, 2, 3, 4, 5, 6, 7, 8, 9, 10, 11, 12, 13, 14, 15, 16, 17, 18, 19, 20, 21, 22, 23, 24, 25, 26, 27]",0.0,28.0,14.0,0.0,16.0,adjacent,1,-10.707521438598633,-10.9904203414917,HARD_25 selected by full-access saliency; saliency is not independent evidence
1GgEpRZDWN0_1,1GgEpRZDWN0,2-5s,2.0,300.0,0.0,0.6,-0.6,harmful,Music plays while dogs bark in the background,1,"[[3.0, 5.0]]",75,24,4,"[21, 22, 23, 24]",21.0,25.0,23.0,16.0,19.0,remote,0,-11.632786750793457,-12.007755279541016,HARD_25 selected by full-access saliency; saliency is not independent evidence
1IoHRTUp86c_3,1IoHRTUp86c,2-5s,2.0,226.0,1.0,0.5,0.5,control,An engine roars as a woman talks,1,"[[46.0, 48.0], [69.0, 71.0]]",56,25,2,"[24, 25]",24.0,26.0,25.0,20.0,22.0,remote,0,-11.088935852050781,-11.233388900756836,HARD_25 selected by full-access saliency; saliency is not independent evidence
1Og2TJ3bXW0_1,1Og2TJ3bXW0,2-5s,2.0,300.0,0.0,0.0,0.0,control,A chime sounds with background noise,1,"[[50.0, 52.0]]",75,73,35,"[52, 53, 54, 55, 56, 57, 58, 59, 60, 61, 62, 63, 64, 65, 66, 67, 68, 69, 70, 71, 72, 73, 74, 75, 76, 77, 78, 79, 80, 81, 82, 83, 84, 85, 86]",52.0,87.0,69.5,0.0,18.5,adjacent,1,-10.653037071228027,-11.920587539672852,HARD_25 selected by full-access saliency; saliency is not independent evidence
1Og2TJ3bXW0_2,1Og2TJ3bXW0,2-5s,3.0,300.0,0.0,0.2,-0.2,harmful,A woman talks as background noise fills the air,1,"[[59.0, 62.0]]",75,73,6,"[71, 72, 73, 74, 75, 76]",71.0,77.0,74.0,9.0,13.5,remote,0,-9.55560302734375,-12.217777252197266,HARD_25 selected by full-access saliency; saliency is not independent evidence
1Og2TJ3bXW0_4,1Og2TJ3bXW0,2-5s,2.0,300.0,1.0,1.0,0.0,control,Someone sneezes amid background noise,0,"[[129.0, 131.0], [224.0, 225.0], [134.0, 135.0]]",74,76,23,"[54, 55, 56, 57, 58, 59, 60, 61, 62, 63, 64, 65, 66, 67, 68, 69, 70, 71, 72, 73, 74, 75, 76]",54.0,77.0,65.5,52.0,64.5,remote,0,-10.914384841918945,-10.92523193359375,HARD_25 selected by full-access saliency; saliency is not independent evidence
1WTSW96XP6E_2,1WTSW96XP6E,2-5s,2.0,300.0,0.0,0.1,-0.1,harmful,A horn blares,1,"[[163.0, 165.0]]",75,126,2,"[126, 127]",126.0,128.0,127.0,35.0,37.0,remote,0,-12.758009910583496,-14.013822555541992,HARD_25 selected by full-access saliency; saliency is not independent evidence
1slvoNgzBLE_2,1slvoNgzBLE,2-5s,3.0,299.0,1.0,1.0,0.0,control,A train warning tone rings out,0,"[[92.0, 95.0], [298.0, 300.0], [143.0, 145.0], [37.0, 40.0], [206.0, 207.0], [166.0, 168.0], [63.0, 65.0], [98.0, 100.0], [78.0, 81.0], [185.0, 187.0], [19.0, 21.0], [282.0, 285.0], [217.0, 219.0], [196.0, 197.0]]",68,58,6,"[55, 56, 57, 58, 59, 60]",55.0,61.0,58.0,2.0,6.0,moderately_near,0,-10.130926132202148,-10.089653968811035,HARD_25 selected by full-access saliency; saliency is not independent evidence
1slvoNgzBLE_4,1slvoNgzBLE,2-5s,3.0,299.0,1.0,0.6,0.4,control,A train whistle blows,1,"[[245.0, 247.0], [227.0, 228.0], [249.0, 251.0], [263.0, 265.0], [239.0, 242.0], [270.0, 273.0]]",72,92,2,"[92, 93]",92.0,94.0,93.0,133.0,134.5,remote,0,-10.102892875671387,-10.379266738891602,HARD_25 selected by full-access saliency; saliency is not independent evidence
1vCYiVvZ7VE_1,1vCYiVvZ7VE,2-5s,3.0,296.0,1.0,0.5,0.5,control,A baby makes sounds,1,"[[174.0, 175.0], [167.0, 169.0], [122.0, 124.0], [94.0, 97.0], [80.0, 83.0]]",72,186,2,"[186, 187]",186.0,188.0,187.0,11.0,12.5,remote,0,-11.7211332321167,-12.551468849182129,HARD_25 selected by full-access saliency; saliency is not independent evidence
1vCYiVvZ7VE_2,1vCYiVvZ7VE,2-5s,2.0,296.0,1.0,0.7,0.30000000000000004,control,A machine runs as a woman talks,0,"[[179.0, 181.0], [186.0, 188.0], [215.0, 217.0], [219.0, 221.0]]",72,194,1,[194],194.0,195.0,194.5,6.0,7.5,remote,0,-13.224117279052734,-12.661139488220215,HARD_25 selected by full-access saliency; saliency is not independent evidence
27HIamF8pKo_1,27HIamF8pKo,2-5s,3.0,140.0,1.0,1.0,0.0,control,A train rumbles by as its whistle blows,0,"[[16.0, 18.0], [54.0, 56.0], [116.0, 119.0]]",34,126,16,"[119, 120, 121, 122, 123, 124, 125, 126, 127, 128, 129, 130, 131, 132, 133, 134]",119.0,135.0,127.0,0.0,9.5,adjacent,1,-10.800630569458008,-10.012063980102539,HARD_25 selected by full-access saliency; saliency is not independent evidence
27HIamF8pKo_3,27HIamF8pKo,0-2s,1.0,140.0,0.0,0.7,-0.7,harmful,A train rumbles by as something sprays out,0,"[[126.0, 127.0]]",35,17,15,"[8, 9, 10, 11, 12, 13, 14, 15, 16, 17, 18, 19, 20, 21, 22]",8.0,23.0,15.5,103.0,111.0,remote,0,-11.186527252197266,-11.873879432678223,HARD_25 selected by full-access saliency; saliency is not independent evidence
2JutOgAnqWA_2,2JutOgAnqWA,2-5s,4.0,214.0,0.0,0.0,0.0,control,An engine passes as metal clangs,1,"[[3.0, 7.0]]",53,50,21,"[48, 49, 50, 51, 52, 53, 54, 55, 56, 57, 58, 59, 60, 61, 62, 63, 64, 65, 66, 67, 68]",48.0,69.0,58.5,41.0,53.5,remote,0,-10.2906494140625,-10.812400817871094,HARD_25 selected by full-access saliency; saliency is not independent evidence
2KEfkDO6hlA_1,2KEfkDO6hlA,2-5s,3.0,233.0,1.0,0.5,0.5,control,"An engine hums as a zipper closes, metal clangs, and a man speaks",1,"[[19.0, 22.0]]",58,22,6,"[22, 23, 24, 25, 26, 27]",22.0,28.0,25.0,0.0,4.5,adjacent,1,-10.409943580627441,-11.282535552978516,HARD_25 selected by full-access saliency; saliency is not independent evidence
2KR0C5ysO8o_1,2KR0C5ysO8o,2-5s,4.0,137.0,1.0,1.0,0.0,control,An engine runs as a man talks,0,"[[22.0, 26.0], [40.0, 41.0], [60.0, 62.0], [121.0, 122.0], [66.0, 68.0]]",32,39,6,"[34, 35, 36, 37, 38, 39]",34.0,40.0,37.0,0.0,3.5,adjacent,1,-10.025163650512695,-9.798674583435059,HARD_25 selected by full-access saliency; saliency is not independent evidence
2KR0C5ysO8o_2,2KR0C5ysO8o,2-5s,2.0,137.0,1.0,0.8,0.19999999999999996,control,Water flows as a man talks,0,"[[75.0, 77.0]]",34,24,14,"[12, 13, 14, 15, 16, 17, 18, 19, 20, 21, 22, 23, 24, 25]",12.0,26.0,19.0,49.0,57.0,remote,0,-9.585241317749023,-10.184822082519531,HARD_25 selected by full-access saliency; saliency is not independent evidence
2RjqBRzmxaM_3,2RjqBRzmxaM,2-5s,2.0,122.0,1.0,0.8,0.19999999999999996,control,An engine revs,1,"[[61.0, 63.0]]",30,13,16,"[0, 1, 2, 3, 4, 5, 6, 7, 8, 9, 10, 11, 12, 13, 14, 15]",0.0,16.0,8.0,45.0,54.0,remote,0,-11.32979965209961,-11.464152336120605,HARD_25 selected by full-access saliency; saliency is not independent evidence
2RjqBRzmxaM_4,2RjqBRzmxaM,2-5s,4.0,122.0,1.0,0.9,0.09999999999999998,control,"As music plays, metal clangs",0,"[[113.0, 117.0]]",30,104,5,"[103, 104, 105, 106, 107]",103.0,108.0,105.5,5.0,9.5,moderately_near,0,-10.681001663208008,-10.50391674041748,HARD_25 selected by full-access saliency; saliency is not independent evidence
2RjqBRzmxaM_5,2RjqBRzmxaM,2-5s,2.0,122.0,1.0,1.0,0.0,control,"As rain falls and music plays, a man talks",0,"[[46.0, 47.0], [56.0, 57.0], [72.0, 74.0]]",30,17,25,"[13, 14, 15, 16, 17, 18, 19, 20, 21, 22, 23, 24, 25, 26, 27, 28, 29, 30, 31, 32, 33, 34, 35, 36, 37]",13.0,38.0,25.5,8.0,21.0,remote,0,-10.531295776367188,-11.058509826660156,HARD_25 selected by full-access saliency; saliency is not independent evidence
2a6GNu6uCDE_3,2a6GNu6uCDE,2-5s,3.0,299.0,1.0,0.9,0.09999999999999998,control,A woman laughs as the audience cheers and claps,0,"[[177.0, 180.0]]",74,205,5,"[204, 205, 206, 207, 208]",204.0,209.0,206.5,24.0,28.0,remote,0,-12.23965072631836,-12.235077857971191,HARD_25 selected by full-access saliency; saliency is not independent evidence
3RultJjvTWI_2,3RultJjvTWI,0-2s,1.0,299.0,0.0,0.1,-0.1,harmful,Bells are ringing,1,"[[24.0, 25.0]]",75,5,10,"[3, 4, 5, 6, 7, 8, 9, 10, 11, 12]",3.0,13.0,8.0,11.0,16.5,remote,0,-11.36253547668457,-13.287290573120117,HARD_25 selected by full-access saliency; saliency is not independent evidence
3VHpLxtd498_1,3VHpLxtd498,0-2s,1.0,242.0,0.0,0.0,0.0,control,A horn blares amid the hum of machines,1,"[[0.0, 1.0]]",61,122,1,[122],122.0,123.0,122.5,121.0,122.0,remote,0,-10.625107765197754,-11.39128303527832,HARD_25 selected by full-access saliency; saliency is not independent evidence
3VHpLxtd498_3,3VHpLxtd498,0-2s,1.0,242.0,0.0,0.3,-0.3,harmful,Someone coughs as machines hum,1,"[[97.0, 98.0]]",61,105,1,[105],105.0,106.0,105.5,7.0,8.0,remote,0,-10.171499252319336,-10.746688842773438,HARD_25 selected by full-access saliency; saliency is not independent evidence
3VHpLxtd498_4,3VHpLxtd498,2-5s,3.0,242.0,0.0,0.6,-0.6,harmful,Machines hum as people talk and hard objects collide,0,"[[72.0, 75.0], [85.0, 86.0], [165.0, 166.0]]",60,105,1,[105],105.0,106.0,105.5,19.0,20.0,remote,0,-11.30733585357666,-11.884923934936523,HARD_25 selected by full-access saliency; saliency is not independent evidence
3qTL7QRk-tg_4,3qTL7QRk-tg,2-5s,3.0,189.0,1.0,1.0,0.0,control,"While a man speaks, a camera shutter clicks",0,"[[118.0, 119.0], [128.0, 130.0], [138.0, 139.0], [152.0, 153.0], [171.0, 174.0]]",46,65,15,"[59, 60, 61, 62, 63, 64, 65, 66, 67, 68, 69, 70, 71, 72, 73]",59.0,74.0,66.5,44.0,52.0,remote,0,-12.020551681518555,-12.433608055114746,HARD_25 selected by full-access saliency; saliency is not independent evidence
3rna9zo5ZOs_2,3rna9zo5ZOs,2-5s,3.0,68.0,1.0,1.0,0.0,control,A crowd cheers as applause and whistling ring out,0,"[[53.0, 54.0], [16.0, 19.0], [3.0, 5.0]]",16,52,5,"[48, 49, 50, 51, 52]",48.0,53.0,50.5,0.0,3.0,adjacent,1,-10.864923477172852,-10.892298698425293,HARD_25 selected by full-access saliency; saliency is not independent evidence
3xDZ-kdGE3o_2,3xDZ-kdGE3o,2-5s,3.0,65.0,1.0,1.0,0.0,control,A door unlocks,0,"[[51.0, 53.0], [37.0, 38.0], [26.0, 29.0], [13.0, 16.0]]",14,4,3,"[3, 4, 5]",3.0,6.0,4.5,7.0,10.0,remote,0,-11.219453811645508,-11.45040512084961,HARD_25 selected by full-access saliency; saliency is not independent evidence
473wBEwC35M_1,473wBEwC35M,2-5s,2.0,300.0,0.0,0.3,-0.3,harmful,"A man speaks as vehicles pass by, a bicycle bell rings, and ambient sounds fill the air",1,"[[5.0, 7.0]]",75,78,2,"[77, 78]",77.0,79.0,78.0,70.0,72.0,remote,0,-12.497608184814453,-13.200421333312988,HARD_25 selected by full-access saliency; saliency is not independent evidence
4CAMv5nlr-0_1,4CAMv5nlr-0,2-5s,3.0,113.0,1.0,1.0,0.0,control,Cheers erupt as applause fills the air,0,"[[38.0, 40.0], [104.0, 107.0], [107.0, 109.0], [84.0, 86.0]]",26,40,17,"[40, 41, 42, 43, 44, 45, 46, 47, 48, 49, 50, 51, 52, 53, 54, 55, 56]",40.0,57.0,48.5,0.0,9.5,adjacent,1,-9.831281661987305,-9.745990753173828,HARD_25 selected by full-access saliency; saliency is not independent evidence
4CAMv5nlr-0_2,4CAMv5nlr-0,2-5s,3.0,113.0,1.0,1.0,0.0,control,A whistle sounds as applause breaks out,0,"[[48.0, 49.0], [111.0, 114.0], [40.0, 41.0], [86.0, 89.0], [107.0, 108.0], [56.0, 57.0]]",26,38,2,"[38, 39]",38.0,40.0,39.0,0.0,1.5,adjacent,1,-10.200732231140137,-10.388309478759766,HARD_25 selected by full-access saliency; saliency is not independent evidence
4IeDBwyQ9ZQ_4,4IeDBwyQ9ZQ,2-5s,3.0,300.0,1.0,0.9,0.09999999999999998,control,Something bursts out,0,"[[255.0, 257.0], [262.0, 263.0], [267.0, 270.0]]",74,177,4,"[175, 176, 177, 178]",175.0,179.0,177.0,76.0,79.0,remote,0,-10.981915473937988,-10.98495864868164,HARD_25 selected by full-access saliency; saliency is not independent evidence
4UPOUGVMlEs_3,4UPOUGVMlEs,2-5s,2.0,84.0,0.0,0.9,-0.9,harmful,A man talks as something is tapped and dogs pant,0,"[[74.0, 76.0]]",21,44,4,"[42, 43, 44, 45]",42.0,46.0,44.0,28.0,31.0,remote,0,-11.69735050201416,-12.784055709838867,HARD_25 selected by full-access saliency; saliency is not independent evidence
4_DjmCg8Ra8_1,4_DjmCg8Ra8,0-2s,1.0,196.0,0.0,0.0,0.0,control,"As wind blows, whistling and explosions break out",1,"[[123.0, 124.0]]",49,76,6,"[73, 74, 75, 76, 77, 78]",73.0,79.0,76.0,44.0,47.5,remote,0,-10.119878768920898,-10.581794738769531,HARD_25 selected by full-access saliency; saliency is not independent evidence
4ftDFi4684Y_1,4ftDFi4684Y,2-5s,2.0,115.0,1.0,0.6,0.4,control,A pendulum ticks as a switch flips,1,"[[71.0, 73.0]]",29,75,5,"[74, 75, 76, 77, 78]",74.0,79.0,76.5,1.0,4.5,adjacent,1,-12.192577362060547,-12.172891616821289,HARD_25 selected by full-access saliency; saliency is not independent evidence
4fz0-Kx2oNs_1,4fz0-Kx2oNs,2-5s,4.0,300.0,0.0,0.0,0.0,control,Machines hum in the background as light a gas stove,1,"[[0.0, 4.0]]",74,8,9,"[7, 8, 9, 10, 11, 12, 13, 14, 15]",7.0,16.0,11.5,3.0,9.5,moderately_near,0,-9.85049819946289,-9.659013748168945,HARD_25 selected by full-access saliency; saliency is not independent evidence
4fz0-Kx2oNs_3,4fz0-Kx2oNs,2-5s,2.0,300.0,1.0,1.0,0.0,control,"While sizzling fills the air, distorted audio crackles in the background",0,"[[133.0, 135.0], [159.0, 161.0], [195.0, 196.0], [296.0, 298.0]]",74,9,18,"[7, 8, 9, 10, 11, 12, 13, 14, 15, 16, 17, 18, 19, 20, 21, 22, 23, 24]",7.0,25.0,16.0,108.0,118.0,remote,0,-10.140066146850586,-10.770137786865234,HARD_25 selected by full-access saliency; saliency is not independent evidence
52IxrdTxGs4_2,52IxrdTxGs4,0-2s,1.0,213.0,0.0,0.9,-0.9,harmful,"Amid noise, deep tones resonate, a man speaks, and things bump",0,"[[54.0, 55.0]]",53,197,10,"[196, 197, 198, 199, 200, 201, 202, 203, 204, 205]",196.0,206.0,201.0,141.0,146.5,remote,0,-11.761534690856934,-11.863814353942871,HARD_25 selected by full-access saliency; saliency is not independent evidence
52IxrdTxGs4_3,52IxrdTxGs4,2-5s,2.0,213.0,1.0,0.5,0.5,control,"Amid noise, deep tones resonate, a man speaks, and light tapping occurs",1,"[[55.0, 57.0]]",53,140,2,"[139, 140]",139.0,141.0,140.0,82.0,84.0,remote,0,-11.436145782470703,-11.911579132080078,HARD_25 selected by full-access saliency; saliency is not independent evidence
52IxrdTxGs4_4,52IxrdTxGs4,0-2s,1.0,213.0,0.0,0.9,-0.9,harmful,"As low noise resonates, someone sniffs",0,"[[88.0, 89.0], [117.0, 118.0]]",53,1,29,"[0, 1, 2, 3, 4, 5, 6, 7, 8, 9, 10, 11, 12, 13, 14, 15, 16, 17, 18, 19, 20, 21, 22, 23, 24, 25, 26, 27, 28]",0.0,29.0,14.5,59.0,74.0,remote,0,-11.219805717468262,-11.601434707641602,HARD_25 selected by full-access saliency; saliency is not independent evidence
5G6b_QWL3nY_3,5G6b_QWL3nY,2-5s,4.0,246.0,0.0,1.0,-1.0,harmful,"As a woman speaks, food sizzles in hot oil",0,"[[62.0, 66.0]]",61,205,4,"[202, 203, 204, 205]",202.0,206.0,204.0,136.0,140.0,remote,0,-12.614988327026367,-12.941911697387695,HARD_25 selected by full-access saliency; saliency is not independent evidence
5G6b_QWL3nY_4,5G6b_QWL3nY,2-5s,2.0,246.0,0.0,0.0,0.0,control,"As a woman speaks, plastic rustles",1,"[[113.0, 115.0]]",61,33,26,"[11, 12, 13, 14, 15, 16, 17, 18, 19, 20, 21, 22, 23, 24, 25, 26, 27, 28, 29, 30, 31, 32, 33, 34, 35, 36]",11.0,37.0,24.0,76.0,90.0,remote,0,-11.537906646728516,-12.067434310913086,HARD_25 selected by full-access saliency; saliency is not independent evidence
5t6tSW0yT40_4,5t6tSW0yT40,0-2s,1.0,299.0,1.0,0.3,0.7,control,A man talks as gas hisses out,1,"[[267.0, 268.0]]",75,29,10,"[28, 29, 30, 31, 32, 33, 34, 35, 36, 37]",28.0,38.0,33.0,229.0,234.5,remote,0,-11.729728698730469,-12.175856590270996,HARD_25 selected by full-access saliency; saliency is not independent evidence
67BsqRkh-dU_2,67BsqRkh-dU,2-5s,4.0,62.0,1.0,0.7,0.30000000000000004,control,Footsteps echo while music plays,0,"[[24.0, 28.0]]",15,0,13,"[0, 1, 2, 3, 4, 5, 6, 7, 8, 9, 10, 11, 12]",0.0,13.0,6.5,11.0,19.5,remote,0,-10.973560333251953,-12.185588836669922,HARD_25 selected by full-access saliency; saliency is not independent evidence
6Nvu6EcpdE8_2,6Nvu6EcpdE8,0-2s,1.0,211.0,0.0,0.4,-0.4,harmful,An engine starts up,0,"[[45.0, 46.0]]",53,39,1,[39],39.0,40.0,39.5,5.0,6.0,moderately_near,0,-11.05660629272461,-10.219361305236816,HARD_25 selected by full-access saliency; saliency is not independent evidence
6Nvu6EcpdE8_3,6Nvu6EcpdE8,0-2s,1.0,211.0,0.0,0.3,-0.3,harmful,An engine roars in the background as it revs even louder,1,"[[175.0, 176.0]]",53,71,1,[71],71.0,72.0,71.5,103.0,104.0,remote,0,-11.954221725463867,-12.488741874694824,HARD_25 selected by full-access saliency; saliency is not independent evidence
6OlHuvJR_Dk_1,6OlHuvJR_Dk,2-5s,4.0,148.0,1.0,1.0,0.0,control,"Amid the noise, a motor hums as a man talks",0,"[[113.0, 117.0], [131.0, 134.0], [137.0, 141.0]]",35,146,7,"[141, 142, 143, 144, 145, 146, 147]",141.0,148.0,144.5,0.0,5.5,adjacent,1,-10.999557495117188,-10.396267890930176,HARD_25 selected by full-access saliency; saliency is not independent evidence
6ZwYgzcN6Is_2,6ZwYgzcN6Is,2-5s,3.0,97.0,1.0,1.0,0.0,control,A woman laughs while waves crash,0,"[[89.0, 92.0], [86.0, 88.0], [68.0, 70.0], [63.0, 66.0], [51.0, 53.0], [60.0, 62.0]]",21,41,1,[41],41.0,42.0,41.5,9.0,10.5,remote,0,-11.500121116638184,-11.548389434814453,HARD_25 selected by full-access saliency; saliency is not independent evidence
6pssFJ0m-kU_3,6pssFJ0m-kU,2-5s,4.0,140.0,1.0,0.9,0.09999999999999998,control,Two men share a laugh as birds chirp and insects buzz,0,"[[126.0, 130.0]]",34,27,11,"[19, 20, 21, 22, 23, 24, 25, 26, 27, 28, 29]",19.0,30.0,24.5,96.0,103.5,remote,0,-10.378692626953125,-11.103228569030762,HARD_25 selected by full-access saliency; saliency is not independent evidence
7JWHbs3gu1w_1,7JWHbs3gu1w,2-5s,2.0,296.0,0.0,0.6,-0.6,harmful,"As a train moves along, steam hisses",1,"[[61.0, 63.0], [102.0, 103.0], [238.0, 240.0]]",73,271,18,"[263, 264, 265, 266, 267, 268, 269, 270, 271, 272, 273, 274, 275, 276, 277, 278, 279, 280]",263.0,281.0,272.0,23.0,33.0,remote,0,-11.185723304748535,-11.461051940917969,HARD_25 selected by full-access saliency; saliency is not independent evidence
7JWHbs3gu1w_2,7JWHbs3gu1w,2-5s,2.0,296.0,1.0,1.0,0.0,control,"As a train moves along, a whistle blows",0,"[[183.0, 185.0]]",74,266,15,"[263, 264, 265, 266, 267, 268, 269, 270, 271, 272, 273, 274, 275, 276, 277]",263.0,278.0,270.5,78.0,86.5,remote,0,-10.806074142456055,-10.671854019165039,HARD_25 selected by full-access saliency; saliency is not independent evidence
7P0N61TVOxE_3,7P0N61TVOxE,2-5s,2.0,299.0,0.0,0.3,-0.3,harmful,Music is playing as glass gets stacked,1,"[[158.0, 160.0]]",75,34,19,"[34, 35, 36, 37, 38, 39, 40, 41, 42, 43, 44, 45, 46, 47, 48, 49, 50, 51, 52]",34.0,53.0,43.5,105.0,115.5,remote,0,-10.34312629699707,-11.581955909729004,HARD_25 selected by full-access saliency; saliency is not independent evidence
7P6lcyeDKNI_1,7P6lcyeDKNI,2-5s,2.0,98.0,0.0,0.3,-0.3,harmful,Loud noises fill the air as several people talk and someone coughs,1,"[[88.0, 90.0]]",24,20,1,[20],20.0,21.0,20.5,67.0,68.5,remote,0,-12.314891815185547,-13.29293441772461,HARD_25 selected by full-access saliency; saliency is not independent evidence
7XXSOzDQ2z0_2,7XXSOzDQ2z0,2-5s,4.0,297.0,0.0,0.0,0.0,control,Engines rumble in the background as tires squeal,1,"[[40.0, 44.0], [76.0, 77.0], [114.0, 116.0]]",73,93,19,"[80, 81, 82, 83, 84, 85, 86, 87, 88, 89, 90, 91, 92, 93, 94, 95, 96, 97, 98]",80.0,99.0,89.5,3.0,13.0,moderately_near,0,-11.562969207763672,-11.692673683166504,HARD_25 selected by full-access saliency; saliency is not independent evidence
7XXSOzDQ2z0_3,7XXSOzDQ2z0,2-5s,4.0,297.0,0.0,0.1,-0.1,harmful,A man shouts,1,"[[145.0, 149.0]]",74,260,4,"[257, 258, 259, 260]",257.0,261.0,259.0,108.0,112.0,remote,0,-12.672235488891602,-12.79179573059082,HARD_25 selected by full-access saliency; saliency is not independent evidence
7bO0AJI-ihs_1,7bO0AJI-ihs,2-5s,3.0,65.0,1.0,1.0,0.0,control,Hooves clatter as someone talks,0,"[[20.0, 23.0], [45.0, 47.0]]",15,23,9,"[23, 24, 25, 26, 27, 28, 29, 30, 31]",23.0,32.0,27.5,0.0,6.0,adjacent,1,-11.636260986328125,-11.835790634155273,HARD_25 selected by full-access saliency; saliency is not independent evidence
7bO0AJI-ihs_2,7bO0AJI-ihs,2-5s,4.0,65.0,1.0,1.0,0.0,control,Hooves clatter as an engine runs,0,"[[31.0, 35.0]]",16,19,8,"[18, 19, 20, 21, 22, 23, 24, 25]",18.0,26.0,22.0,5.0,11.0,moderately_near,0,-11.444316864013672,-11.54149055480957,HARD_25 selected by full-access saliency; saliency is not independent evidence
7upINC4seBw_1,7upINC4seBw,2-5s,3.0,182.0,1.0,1.0,0.0,control,"While a man speaks, something crashes",0,"[[53.0, 55.0], [143.0, 146.0], [152.0, 154.0], [83.0, 86.0], [77.0, 79.0]]",43,64,1,[64],64.0,65.0,64.5,9.0,10.5,remote,0,-11.036354064941406,-11.098160743713379,HARD_25 selected by full-access saliency; saliency is not independent evidence
83j4GgHXTLE_1,83j4GgHXTLE,2-5s,3.0,220.0,0.0,0.3,-0.3,harmful,A woman whispers softly and lets out a breath,0,"[[215.0, 218.0]]",55,95,6,"[90, 91, 92, 93, 94, 95]",90.0,96.0,93.0,119.0,123.5,remote,0,-11.630636215209961,-12.182344436645508,HARD_25 selected by full-access saliency; saliency is not independent evidence
8OTd45_6cvY_2,8OTd45_6cvY,2-5s,2.0,299.0,1.0,0.6,0.4,control,Footsteps echo and something is sprayed as rain falls,0,"[[18.0, 19.0], [22.0, 23.0], [34.0, 36.0], [38.0, 40.0], [43.0, 45.0]]",73,26,11,"[23, 24, 25, 26, 27, 28, 29, 30, 31, 32, 33]",23.0,34.0,28.5,0.0,6.0,adjacent,1,-9.96308708190918,-11.34830093383789,HARD_25 selected by full-access saliency; saliency is not independent evidence
8OTd45_6cvY_4,8OTd45_6cvY,2-5s,4.0,299.0,1.0,0.9,0.09999999999999998,control,A door opens and closes,0,"[[143.0, 144.0], [235.0, 238.0], [246.0, 250.0]]",73,172,4,"[172, 173, 174, 175]",172.0,176.0,174.0,28.0,30.5,remote,0,-11.004511833190918,-11.02791976928711,HARD_25 selected by full-access saliency; saliency is not independent evidence
8b9z7N25DmU_1,8b9z7N25DmU,2-5s,2.0,268.0,1.0,0.9,0.09999999999999998,control,Engine noise fills the air as steam hisses,0,"[[68.0, 70.0], [144.0, 146.0], [160.0, 162.0], [231.0, 233.0]]",65,56,11,"[55, 56, 57, 58, 59, 60, 61, 62, 63, 64, 65]",55.0,66.0,60.5,2.0,8.5,moderately_near,0,-11.183835983276367,-10.984053611755371,HARD_25 selected by full-access saliency; saliency is not independent evidence
8o-Y4QP8LWs_2,8o-Y4QP8LWs,2-5s,4.0,300.0,0.0,0.3,-0.3,harmful,Drawers open and close as metal clangs,1,"[[56.0, 60.0], [79.0, 83.0]]",73,49,8,"[48, 49, 50, 51, 52, 53, 54, 55]",48.0,56.0,52.0,0.0,6.0,adjacent,1,-11.071176528930664,-11.254554748535156,HARD_25 selected by full-access saliency; saliency is not independent evidence
8ycflE3dIHw_2,8ycflE3dIHw,2-5s,2.0,299.0,1.0,0.8,0.19999999999999996,control,A train blows its whistle,0,"[[165.0, 167.0]]",75,42,27,"[19, 20, 21, 22, 23, 24, 25, 26, 27, 28, 29, 30, 31, 32, 33, 34, 35, 36, 37, 38, 39, 40, 41, 42, 43, 44, 45]",19.0,46.0,32.5,119.0,133.5,remote,0,-9.98386001586914,-10.153650283813477,HARD_25 selected by full-access saliency; saliency is not independent evidence
9F3sutgYTvo_1,9F3sutgYTvo,2-5s,4.0,69.0,1.0,1.0,0.0,control,People chat as a child screams,0,"[[2.0, 6.0], [33.0, 36.0], [44.0, 46.0], [51.0, 54.0]]",15,0,2,"[0, 1]",0.0,2.0,1.0,0.0,3.0,adjacent,1,-10.852226257324219,-10.88601303100586,HARD_25 selected by full-access saliency; saliency is not independent evidence
9F3sutgYTvo_2,9F3sutgYTvo,2-5s,2.0,69.0,0.0,0.8,-0.8,harmful,People chat as bells ring,0,"[[45.0, 47.0]]",17,21,7,"[16, 17, 18, 19, 20, 21, 22]",16.0,23.0,19.5,22.0,26.5,remote,0,-10.732564926147461,-11.127595901489258,HARD_25 selected by full-access saliency; saliency is not independent evidence
9dLLsZVRSZI_1,9dLLsZVRSZI,0-2s,1.0,225.0,0.0,1.0,-1.0,harmful,An engine hums as a horn honks,0,"[[118.0, 119.0]]",56,119,1,[119],119.0,120.0,119.5,0.0,1.0,adjacent,1,-10.944103240966797,-10.205862045288086,HARD_25 selected by full-access saliency; saliency is not independent evidence
9ucb5HYO8ps_2,9ucb5HYO8ps,2-5s,2.0,238.0,0.0,1.0,-1.0,harmful,"As a woman laughs, something gets struck",0,"[[54.0, 56.0], [166.0, 168.0], [184.0, 186.0], [78.0, 80.0]]",58,17,43,"[11, 12, 13, 14, 15, 16, 17, 18, 19, 20, 21, 22, 23, 24, 25, 26, 27, 28, 29, 30, 31, 32, 33, 34, 35, 36, 37, 38, 39, 40, 41, 42, 43, 44, 45, 46, 47, 48, 49, 50, 51, 52, 53]",11.0,54.0,32.5,0.0,22.5,adjacent,1,-10.647900581359863,-11.154714584350586,HARD_25 selected by full-access saliency; saliency is not independent evidence
9vZDsGjyh5M_1,9vZDsGjyh5M,2-5s,2.0,117.0,0.0,0.9,-0.9,harmful,Something is thrown away as an engine hums,0,"[[79.0, 81.0]]",29,90,1,[90],90.0,91.0,90.5,9.0,10.5,remote,0,-11.689499855041504,-10.347707748413086,HARD_25 selected by full-access saliency; saliency is not independent evidence
9z2OwpftxUE_2,9z2OwpftxUE,2-5s,2.0,208.0,0.0,0.5,-0.5,harmful,Rain falls as people talk,1,"[[106.0, 107.0], [163.0, 165.0]]",52,10,1,[10],10.0,11.0,10.5,95.0,96.0,remote,0,-10.512029647827148,-10.808595657348633,HARD_25 selected by full-access saliency; saliency is not independent evidence
A61Mry8zBwE_1,A61Mry8zBwE,0-2s,1.0,132.0,0.0,0.0,0.0,control,"Amid the voices of a crowd, someone coughs",1,"[[27.0, 28.0]]",33,0,6,"[0, 1, 2, 3, 4, 5]",0.0,6.0,3.0,21.0,24.5,remote,0,-10.268529891967773,-10.961880683898926,HARD_25 selected by full-access saliency; saliency is not independent evidence
AI1OweEW8C0_1,AI1OweEW8C0,2-5s,2.0,205.0,1.0,0.1,0.9,control,Water flows while thunder rumbles,1,"[[56.0, 58.0]]",51,28,47,"[9, 10, 11, 12, 13, 14, 15, 16, 17, 18, 19, 20, 21, 22, 23, 24, 25, 26, 27, 28, 29, 30, 31, 32, 33, 34, 35, 36, 37, 38, 39, 40, 41, 42, 43, 44, 45, 46, 47, 48, 49, 50, 51, 52, 53, 54, 55]",9.0,56.0,32.5,0.0,24.5,adjacent,1,-10.586478233337402,-10.627421379089355,HARD_25 selected by full-access saliency; saliency is not independent evidence
AI1OweEW8C0_2,AI1OweEW8C0,2-5s,2.0,205.0,0.0,0.0,0.0,control,Something buzzes,1,"[[144.0, 146.0]]",51,0,30,"[0, 1, 2, 3, 4, 5, 6, 7, 8, 9, 10, 11, 12, 13, 14, 15, 16, 17, 18, 19, 20, 21, 22, 23, 24, 25, 26, 27, 28, 29]",0.0,30.0,15.0,114.0,130.0,remote,0,-11.214224815368652,-11.836127281188965,HARD_25 selected by full-access saliency; saliency is not independent evidence
AKHZMg9ba30_2,AKHZMg9ba30,2-5s,2.0,115.0,1.0,0.6,0.4,control,An engine starts up,1,"[[106.0, 108.0]]",29,98,7,"[93, 94, 95, 96, 97, 98, 99]",93.0,100.0,96.5,6.0,10.5,remote,0,-11.113594055175781,-12.204386711120605,HARD_25 selected by full-access saliency; saliency is not independent evidence
Aj_VMUSNjNM_2,Aj_VMUSNjNM,0-2s,1.0,150.0,1.0,1.0,0.0,control,An engine starts,0,"[[6.0, 7.0]]",38,0,6,"[0, 1, 2, 3, 4, 5]",0.0,6.0,3.0,0.0,3.5,adjacent,1,-10.273159980773926,-8.46853256225586,HARD_25 selected by full-access saliency; saliency is not independent evidence
AtkD-3GjXMw_1,AtkD-3GjXMw,2-5s,2.0,132.0,0.0,0.9,-0.9,harmful,A man's voice echoes with effects,0,"[[0.0, 2.0]]",33,131,2,"[130, 131]",130.0,132.0,131.0,128.0,130.0,remote,0,-11.801000595092773,-11.045282363891602,HARD_25 selected by full-access saliency; saliency is not independent evidence
Axd__X2rixk_1,Axd__X2rixk,2-5s,2.0,267.0,0.0,0.2,-0.2,harmful,Footsteps sound as a whip cracks,1,"[[141.0, 143.0]]",67,38,39,"[8, 9, 10, 11, 12, 13, 14, 15, 16, 17, 18, 19, 20, 21, 22, 23, 24, 25, 26, 27, 28, 29, 30, 31, 32, 33, 34, 35, 36, 37, 38, 39, 40, 41, 42, 43, 44, 45, 46]",8.0,47.0,27.5,94.0,114.5,remote,0,-10.301957130432129,-11.293632507324219,HARD_25 selected by full-access saliency; saliency is not independent evidence
BA-lFjpzad4_1,BA-lFjpzad4,2-5s,4.0,64.0,1.0,1.0,0.0,control,An engine runs as a woman speaks,0,"[[6.0, 10.0], [24.0, 26.0], [54.0, 56.0]]",14,1,6,"[0, 1, 2, 3, 4, 5]",0.0,6.0,3.0,0.0,5.0,adjacent,1,-11.657740592956543,-11.537273406982422,HARD_25 selected by full-access saliency; saliency is not independent evidence
BA-lFjpzad4_2,BA-lFjpzad4,0-2s,1.0,64.0,0.0,1.0,-1.0,harmful,An engine runs as electronic tones play,0,"[[12.0, 13.0]]",16,0,11,"[0, 1, 2, 3, 4, 5, 6, 7, 8, 9, 10]",0.0,11.0,5.5,1.0,7.0,adjacent,1,-11.509077072143555,-11.62399673461914,HARD_25 selected by full-access saliency; saliency is not independent evidence
BA-lFjpzad4_3,BA-lFjpzad4,2-5s,3.0,64.0,1.0,1.0,0.0,control,An engine runs as a woman laughs,0,"[[13.0, 14.0], [22.0, 24.0], [39.0, 41.0], [50.0, 53.0], [57.0, 60.0]]",14,7,5,"[6, 7, 8, 9, 10]",6.0,11.0,8.5,2.0,5.0,moderately_near,0,-12.209854125976562,-12.338134765625,HARD_25 selected by full-access saliency; saliency is not independent evidence
BA-lFjpzad4_4,BA-lFjpzad4,2-5s,2.0,64.0,1.0,1.0,0.0,control,An engine runs as a man speaks,0,"[[29.0, 31.0], [42.0, 44.0], [56.0, 58.0]]",15,7,11,"[0, 1, 2, 3, 4, 5, 6, 7, 8, 9, 10]",0.0,11.0,5.5,18.0,24.5,remote,0,-11.43991756439209,-11.908534049987793,HARD_25 selected by full-access saliency; saliency is not independent evidence
BDpU2Qh77NE_1,BDpU2Qh77NE,0-2s,1.0,248.0,0.0,0.8,-0.8,harmful,Cloth tears,1,"[[2.0, 3.0], [220.0, 221.0]]",62,26,9,"[24, 25, 26, 27, 28, 29, 30, 31, 32]",24.0,33.0,28.5,21.0,26.0,remote,0,-10.83397102355957,-10.595059394836426,HARD_25 selected by full-access saliency; saliency is not independent evidence
BDpU2Qh77NE_3,BDpU2Qh77NE,2-5s,4.0,248.0,1.0,1.0,0.0,control,A man speaks into a walkie-talkie,0,"[[80.0, 84.0], [135.0, 137.0]]",61,41,9,"[34, 35, 36, 37, 38, 39, 40, 41, 42]",34.0,43.0,38.5,37.0,43.5,remote,0,-11.432679176330566,-11.613330841064453,HARD_25 selected by full-access saliency; saliency is not independent evidence
BL8ksJ0sTXk_3,BL8ksJ0sTXk,0-2s,1.0,299.0,0.0,0.8,-0.8,harmful,Engine noise fills the air as a horn blares and a man speaks,1,"[[85.0, 86.0]]",75,86,2,"[86, 87]",86.0,88.0,87.0,0.0,1.5,adjacent,1,-10.90310287475586,-11.41804313659668,HARD_25 selected by full-access saliency; saliency is not independent evidence
BMayJId0X1s_1,BMayJId0X1s,2-5s,3.0,193.0,0.0,1.0,-1.0,harmful,A horn blares,0,"[[104.0, 107.0]]",48,146,1,[146],146.0,147.0,146.5,39.0,41.0,remote,0,-11.084397315979004,-11.119647979736328,HARD_25 selected by full-access saliency; saliency is not independent evidence
BUAPM4D3-h8_2,BUAPM4D3-h8,0-2s,1.0,299.0,0.0,0.0,0.0,control,Birds chirp,1,"[[299.0, 300.0]]",75,185,8,"[182, 183, 184, 185, 186, 187, 188, 189]",182.0,190.0,186.0,109.0,113.5,remote,0,-10.644466400146484,-12.228940963745117,HARD_25 selected by full-access saliency; saliency is not independent evidence
Ba92IrXFvJo_1,Ba92IrXFvJo,2-5s,2.0,246.0,0.0,0.0,0.0,control,An engine starts as the wind blows,1,"[[1.0, 3.0]]",61,0,1,[0],0.0,1.0,0.5,0.0,1.5,adjacent,1,-10.860782623291016,-10.319345474243164,HARD_25 selected by full-access saliency; saliency is not independent evidence
Bvw2gv1fcZw_2,Bvw2gv1fcZw,2-5s,3.0,290.0,1.0,1.0,0.0,control,Children shout,0,"[[210.0, 213.0]]",72,102,6,"[101, 102, 103, 104, 105, 106]",101.0,107.0,104.0,103.0,107.5,remote,0,-11.68392562866211,-11.739139556884766,HARD_25 selected by full-access saliency; saliency is not independent evidence
BzHTqyX69pI_2,BzHTqyX69pI,2-5s,2.0,230.0,1.0,0.0,1.0,control,A woman talks as a cat meows,1,"[[211.0, 213.0]]",57,85,5,"[82, 83, 84, 85, 86]",82.0,87.0,84.5,124.0,127.5,remote,0,-11.903593063354492,-12.77907943725586,HARD_25 selected by full-access saliency; saliency is not independent evidence
C5kmOK_l4jc_1,C5kmOK_l4jc,0-2s,1.0,79.0,1.0,0.7,0.30000000000000004,control,A baby screms,0,"[[31.0, 32.0]]",20,0,1,[0],0.0,1.0,0.5,30.0,31.0,remote,0,-11.050944328308105,-11.62297248840332,HARD_25 selected by full-access saliency; saliency is not independent evidence
C8kR19NvynA_1,C8kR19NvynA,2-5s,4.0,299.0,1.0,1.0,0.0,control,The audience applauds,0,"[[65.0, 68.0], [47.0, 50.0], [113.0, 117.0], [216.0, 219.0], [176.0, 180.0], [128.0, 131.0], [7.0, 10.0], [250.0, 252.0], [191.0, 195.0], [24.0, 27.0], [79.0, 82.0]]",66,13,14,"[10, 11, 12, 13, 14, 15, 16, 17, 18, 19, 20, 21, 22, 23]",10.0,24.0,17.0,0.0,8.5,adjacent,1,-10.426701545715332,-9.121484756469727,HARD_25 selected by full-access saliency; saliency is not independent evidence
CO6-i8NLbeo_1,CO6-i8NLbeo,2-5s,4.0,187.0,0.0,0.1,-0.1,harmful,A man speaks and an alarm sounds,0,"[[16.0, 20.0], [114.0, 116.0]]",46,0,10,"[0, 1, 2, 3, 4, 5, 6, 7, 8, 9]",0.0,10.0,5.0,6.0,13.0,remote,0,-10.423320770263672,-10.733173370361328,HARD_25 selected by full-access saliency; saliency is not independent evidence
CO6-i8NLbeo_2,CO6-i8NLbeo,2-5s,3.0,187.0,1.0,1.0,0.0,control,A goat bleats nearby,0,"[[12.0, 13.0], [66.0, 68.0], [58.0, 59.0], [74.0, 76.0], [14.0, 17.0], [80.0, 82.0]]",44,54,1,[54],54.0,55.0,54.5,3.0,4.0,moderately_near,0,-10.238077163696289,-9.831648826599121,HARD_25 selected by full-access saliency; saliency is not independent evidence
Cbe2B6ohBpw_1,Cbe2B6ohBpw,2-5s,3.0,60.0,1.0,1.0,0.0,control,Birds sing,0,"[[1.0, 4.0]]",15,0,1,[0],0.0,1.0,0.5,0.0,2.0,adjacent,1,-11.577221870422363,-11.142583847045898,HARD_25 selected by full-access saliency; saliency is not independent evidence
Cbe2B6ohBpw_2,Cbe2B6ohBpw,2-5s,2.0,60.0,1.0,0.8,0.19999999999999996,control,Ducks quack and wings flap,0,"[[29.0, 31.0]]",15,13,1,[13],13.0,14.0,13.5,15.0,16.5,remote,0,-10.868560791015625,-11.400680541992188,HARD_25 selected by full-access saliency; saliency is not independent evidence
CefFMA3klxk_1,CefFMA3klxk,0-2s,1.0,299.0,0.0,0.1,-0.1,harmful,"A car moves along, honking its horn",1,"[[8.0, 9.0], [154.0, 155.0]]",75,9,17,"[9, 10, 11, 12, 13, 14, 15, 16, 17, 18, 19, 20, 21, 22, 23, 24, 25]",9.0,26.0,17.5,0.0,9.0,adjacent,1,-10.440764427185059,-10.478006362915039,HARD_25 selected by full-access saliency; saliency is not independent evidence
CefFMA3klxk_3,CefFMA3klxk,2-5s,2.0,299.0,0.0,0.8,-0.8,harmful,A man's voice rises above the engine and alarm sounds,1,"[[172.0, 174.0]]",75,111,38,"[102, 103, 104, 105, 106, 107, 108, 109, 110, 111, 112, 113, 114, 115, 116, 117, 118, 119, 120, 121, 122, 123, 124, 125, 126, 127, 128, 129, 130, 131, 132, 133, 134, 135, 136, 137, 138, 139]",102.0,140.0,121.0,32.0,52.0,remote,0,-11.386516571044922,-12.12950325012207,HARD_25 selected by full-access saliency; saliency is not independent evidence
CvNAwby6Xos_1,CvNAwby6Xos,2-5s,4.0,299.0,0.0,0.9,-0.9,harmful,A stapler clicks,1,"[[71.0, 73.0], [241.0, 245.0], [177.0, 178.0], [145.0, 146.0], [52.0, 53.0], [54.0, 56.0], [189.0, 192.0], [133.0, 137.0], [117.0, 118.0]]",70,81,3,"[80, 81, 82]",80.0,83.0,81.5,7.0,9.5,remote,0,-10.714717864990234,-10.68443489074707,HARD_25 selected by full-access saliency; saliency is not independent evidence
D2Xc_jZllDY_2,D2Xc_jZllDY,2-5s,2.0,299.0,1.0,0.9,0.09999999999999998,control,Wind blows and a whistle blows,0,"[[110.0, 111.0], [146.0, 148.0], [228.0, 230.0], [179.0, 180.0], [112.0, 113.0], [150.0, 151.0], [218.0, 219.0], [215.0, 216.0], [278.0, 279.0], [156.0, 157.0], [163.0, 165.0]]",72,55,1,[55],55.0,56.0,55.5,54.0,55.0,remote,0,-12.1007080078125,-12.041221618652344,HARD_25 selected by full-access saliency; saliency is not independent evidence
Dc2WEiRk0rA_2,Dc2WEiRk0rA,2-5s,3.0,73.0,1.0,1.0,0.0,control,"As objects bump into each other, birds chirp, someone breathes, and a man speaks",0,"[[70.0, 73.0]]",18,2,15,"[0, 1, 2, 3, 4, 5, 6, 7, 8, 9, 10, 11, 12, 13, 14]",0.0,15.0,7.5,55.0,64.0,remote,0,-10.473072052001953,-13.052556991577148,HARD_25 selected by full-access saliency; saliency is not independent evidence
DjKGzOe_COc_1,DjKGzOe_COc,2-5s,3.0,113.0,1.0,0.1,0.9,control,A girl hums,1,"[[0.0, 3.0]]",28,63,2,"[62, 63]",62.0,64.0,63.0,59.0,61.5,remote,0,-12.18301010131836,-12.5556058883667,HARD_25 selected by full-access saliency; saliency is not independent evidence
Dn3buZWMzwY_1,Dn3buZWMzwY,2-5s,2.0,99.0,1.0,0.8,0.19999999999999996,control,"Someone snores as screaming, objects bumping into each other, and laughter erupts",0,"[[44.0, 46.0]]",25,46,6,"[46, 47, 48, 49, 50, 51]",46.0,52.0,49.0,0.0,4.0,adjacent,1,-11.3722505569458,-11.285294532775879,HARD_25 selected by full-access saliency; saliency is not independent evidence
Dn3buZWMzwY_2,Dn3buZWMzwY,0-2s,1.0,99.0,1.0,0.9,0.09999999999999998,control,Someone talks as another person screams,0,"[[86.0, 87.0]]",25,97,3,"[96, 97, 98]",96.0,99.0,97.5,9.0,11.0,remote,0,-11.38387680053711,-11.770491600036621,HARD_25 selected by full-access saliency; saliency is not independent evidence
Dn3buZWMzwY_3,Dn3buZWMzwY,0-2s,1.0,99.0,1.0,1.0,0.0,control,Someone talks as another person sobs and door closes,0,"[[87.0, 88.0]]",25,84,3,"[84, 85, 86]",84.0,87.0,85.5,0.0,2.0,adjacent,1,-12.007669448852539,-12.049442291259766,HARD_25 selected by full-access saliency; saliency is not independent evidence
Dn3buZWMzwY_4,Dn3buZWMzwY,2-5s,2.0,99.0,0.0,0.8,-0.8,harmful,A man speaks as someone snores and a zipper slides,0,"[[25.0, 27.0]]",25,21,5,"[19, 20, 21, 22, 23]",19.0,24.0,21.5,1.0,4.5,adjacent,1,-11.161649703979492,-11.205039978027344,HARD_25 selected by full-access saliency; saliency is not independent evidence
E3D_z0aoUEg_4,E3D_z0aoUEg,2-5s,3.0,158.0,0.0,1.0,-1.0,harmful,Laughter breaks out,0,"[[155.0, 158.0]]",39,150,6,"[149, 150, 151, 152, 153, 154]",149.0,155.0,152.0,0.0,4.5,adjacent,1,-11.566543579101562,-11.479640007019043,HARD_25 selected by full-access saliency; saliency is not independent evidence
E3Q1jfTeuWs_1,E3Q1jfTeuWs,2-5s,2.0,60.0,1.0,0.9,0.09999999999999998,control,A girl laughs,1,"[[13.0, 14.0], [24.0, 26.0]]",15,0,7,"[0, 1, 2, 3, 4, 5, 6]",0.0,7.0,3.5,6.0,10.0,remote,0,-10.235973358154297,-11.276254653930664,HARD_25 selected by full-access saliency; saliency is not independent evidence
E3Q1jfTeuWs_2,E3Q1jfTeuWs,2-5s,2.0,60.0,1.0,0.9,0.09999999999999998,control,A boy cries,0,"[[29.0, 31.0]]",15,0,4,"[0, 1, 2, 3]",0.0,4.0,2.0,25.0,28.0,remote,0,-9.922447204589844,-10.911855697631836,HARD_25 selected by full-access saliency; saliency is not independent evidence
ECw5Yf7QoMo_3,ECw5Yf7QoMo,2-5s,2.0,299.0,0.0,0.1,-0.1,harmful,"As a man delivers a speech, someone coughs",1,"[[117.0, 119.0]]",75,31,26,"[13, 14, 15, 16, 17, 18, 19, 20, 21, 22, 23, 24, 25, 26, 27, 28, 29, 30, 31, 32, 33, 34, 35, 36, 37, 38]",13.0,39.0,26.0,78.0,92.0,remote,0,-10.910085678100586,-12.211027145385742,HARD_25 selected by full-access saliency; saliency is not independent evidence
ESjMIqrvRj4_2,ESjMIqrvRj4,2-5s,4.0,299.0,1.0,0.9,0.09999999999999998,control,Several people are talking,0,"[[115.0, 119.0]]",74,119,2,"[119, 120]",119.0,121.0,120.0,0.0,3.0,adjacent,1,-11.227285385131836,-10.977752685546875,HARD_25 selected by full-access saliency; saliency is not independent evidence
ESjMIqrvRj4_5,ESjMIqrvRj4,0-2s,1.0,299.0,1.0,0.5,0.5,control,An explosion goes off,0,"[[198.0, 199.0], [221.0, 222.0]]",75,164,13,"[162, 163, 164, 165, 166, 167, 168, 169, 170, 171, 172, 173, 174]",162.0,175.0,168.5,23.0,30.0,remote,0,-10.075201988220215,-10.900646209716797,HARD_25 selected by full-access saliency; saliency is not independent evidence
EUZaxaWqhwg_1,EUZaxaWqhwg,2-5s,4.0,165.0,0.0,0.0,0.0,control,Engines are running while a plane lands,1,"[[40.0, 44.0]]",41,36,13,"[27, 28, 29, 30, 31, 32, 33, 34, 35, 36, 37, 38, 39]",27.0,40.0,33.5,0.0,8.5,adjacent,1,-11.612445831298828,-11.640252113342285,HARD_25 selected by full-access saliency; saliency is not independent evidence
EcihYbSlyck_3,EcihYbSlyck,2-5s,2.0,157.0,0.0,0.3,-0.3,harmful,A woman talks as engines roar and sirens blare,1,"[[78.0, 80.0], [83.0, 85.0]]",39,16,6,"[14, 15, 16, 17, 18, 19]",14.0,20.0,17.0,58.0,62.0,remote,0,-10.889455795288086,-11.470968246459961,HARD_25 selected by full-access saliency; saliency is not independent evidence
ErxgH5g3Kx0_1,ErxgH5g3Kx0,0-2s,1.0,210.0,0.0,0.0,0.0,control,A dog barks,1,"[[1.0, 2.0]]",53,170,1,[170],170.0,171.0,170.5,168.0,169.0,remote,0,-12.112176895141602,-12.288368225097656,HARD_25 selected by full-access saliency; saliency is not independent evidence
ErxgH5g3Kx0_2,ErxgH5g3Kx0,2-5s,2.0,210.0,0.0,1.0,-1.0,harmful,Metal strikes and a horse neighs,0,"[[32.0, 34.0], [46.0, 48.0]]",52,97,30,"[95, 96, 97, 98, 99, 100, 101, 102, 103, 104, 105, 106, 107, 108, 109, 110, 111, 112, 113, 114, 115, 116, 117, 118, 119, 120, 121, 122, 123, 124]",95.0,125.0,110.0,47.0,63.0,remote,0,-11.448304176330566,-12.030963897705078,HARD_25 selected by full-access saliency; saliency is not independent evidence
EzWEO2WD_MM_1,EzWEO2WD_MM,2-5s,3.0,188.0,1.0,1.0,0.0,control,Electronic sounds play as objects collide,1,"[[24.0, 27.0]]",47,28,7,"[27, 28, 29, 30, 31, 32, 33]",27.0,34.0,30.5,0.0,5.0,adjacent,1,-11.741562843322754,-11.186447143554688,HARD_25 selected by full-access saliency; saliency is not independent evidence
EzWEO2WD_MM_2,EzWEO2WD_MM,2-5s,3.0,188.0,1.0,0.4,0.6,control,A motor is running while objects collide,0,"[[175.0, 176.0], [33.0, 34.0], [61.0, 64.0], [183.0, 184.0], [135.0, 136.0], [72.0, 74.0]]",45,79,26,"[77, 78, 79, 80, 81, 82, 83, 84, 85, 86, 87, 88, 89, 90, 91, 92, 93, 94, 95, 96, 97, 98, 99, 100, 101, 102]",77.0,103.0,90.0,3.0,17.0,moderately_near,0,-10.942708969116211,-10.985161781311035,HARD_25 selected by full-access saliency; saliency is not independent evidence
FDwK7T1JO_0_2,FDwK7T1JO_0,2-5s,3.0,202.0,1.0,0.9,0.09999999999999998,control,Ambient noise fills the air as laughter breaks out,0,"[[54.0, 56.0], [139.0, 141.0], [195.0, 198.0]]",49,118,5,"[114, 115, 116, 117, 118]",114.0,119.0,116.5,20.0,23.5,remote,0,-10.615449905395508,-10.076529502868652,HARD_25 selected by full-access saliency; saliency is not independent evidence
FR7BDRhMATo_2,FR7BDRhMATo,2-5s,4.0,299.0,0.0,0.0,0.0,control,"A train rumbles, crossing bells ring, insects buzzing",1,"[[296.0, 300.0]]",74,24,65,"[0, 1, 2, 3, 4, 5, 6, 7, 8, 9, 10, 11, 12, 13, 14, 15, 16, 17, 18, 19, 20, 21, 22, 23, 24, 25, 26, 27, 28, 29, 30, 31, 32, 33, 34, 35, 36, 37, 38, 39, 40, 41, 42, 43, 44, 45, 46, 47, 48, 49, 50, 51, 52, 53, 54, 55, 56, 57, 58, 59, 60, 61, 62, 63, 64]",0.0,65.0,32.5,231.0,265.5,remote,0,-10.495735168457031,-11.486282348632812,HARD_25 selected by full-access saliency; saliency is not independent evidence
FXdoNvmrYxo_2,FXdoNvmrYxo,2-5s,4.0,299.0,0.0,0.9,-0.9,harmful,Something rolls and bumps into things,0,"[[99.0, 103.0]]",74,107,7,"[107, 108, 109, 110, 111, 112, 113]",107.0,114.0,110.5,4.0,9.5,moderately_near,0,-11.745624542236328,-11.603853225708008,HARD_25 selected by full-access saliency; saliency is not independent evidence
Flk-X0gwjF4_1,Flk-X0gwjF4,2-5s,4.0,299.0,0.0,0.0,0.0,control,Two men sing as birds chirp,1,"[[0.0, 4.0]]",74,15,16,"[13, 14, 15, 16, 17, 18, 19, 20, 21, 22, 23, 24, 25, 26, 27, 28]",13.0,29.0,21.0,9.0,19.0,remote,0,-11.24151611328125,-11.20511245727539,HARD_25 selected by full-access saliency; saliency is not independent evidence
G3YO2unWz7k_1,G3YO2unWz7k,0-2s,1.0,299.0,0.0,0.0,0.0,control,A man speaks and clears his throat,1,"[[191.0, 192.0]]",75,19,24,"[12, 13, 14, 15, 16, 17, 18, 19, 20, 21, 22, 23, 24, 25, 26, 27, 28, 29, 30, 31, 32, 33, 34, 35]",12.0,36.0,24.0,155.0,167.5,remote,0,-11.42805290222168,-12.229235649108887,HARD_25 selected by full-access saliency; saliency is not independent evidence
GGgQR7aIofY_1,GGgQR7aIofY,2-5s,2.0,168.0,1.0,1.0,0.0,control,Someone clears their throat,0,"[[30.0, 32.0]]",42,38,4,"[38, 39, 40, 41]",38.0,42.0,40.0,6.0,9.0,remote,0,-11.492009162902832,-11.256387710571289,HARD_25 selected by full-access saliency; saliency is not independent evidence
GGgQR7aIofY_3,GGgQR7aIofY,2-5s,3.0,168.0,0.0,0.6,-0.6,harmful,A car drives by as air brakes hiss,1,"[[88.0, 91.0]]",42,59,20,"[53, 54, 55, 56, 57, 58, 59, 60, 61, 62, 63, 64, 65, 66, 67, 68, 69, 70, 71, 72]",53.0,73.0,63.0,15.0,26.5,remote,0,-11.17310905456543,-11.259806632995605,HARD_25 selected by full-access saliency; saliency is not independent evidence
GOD8Bt5LfDE_2,GOD8Bt5LfDE,2-5s,3.0,129.0,0.0,0.2,-0.2,harmful,Machinery runs as a woman talks,1,"[[97.0, 100.0]]",32,120,1,[120],120.0,121.0,120.5,20.0,22.0,remote,0,-12.217620849609375,-12.624698638916016,HARD_25 selected by full-access saliency; saliency is not independent evidence
GOD8Bt5LfDE_3,GOD8Bt5LfDE,2-5s,2.0,129.0,1.0,0.7,0.30000000000000004,control,"As a woman screams, a child laughs",1,"[[105.0, 107.0]]",32,7,4,"[5, 6, 7, 8]",5.0,9.0,7.0,96.0,99.0,remote,0,-9.643536567687988,-10.329228401184082,HARD_25 selected by full-access saliency; saliency is not independent evidence
Gkb4f6yodPE_2,Gkb4f6yodPE,2-5s,3.0,299.0,0.0,0.8,-0.8,harmful,Electronic beeps chime,1,"[[191.0, 194.0]]",74,296,5,"[294, 295, 296, 297, 298]",294.0,299.0,296.5,100.0,104.0,remote,0,-11.624910354614258,-11.943998336791992,HARD_25 selected by full-access saliency; saliency is not independent evidence
H7-orYrKBeo_1,H7-orYrKBeo,2-5s,4.0,93.0,1.0,0.6,0.4,control,Women argue as a man speaks,1,"[[21.0, 25.0], [34.0, 38.0]]",22,1,21,"[0, 1, 2, 3, 4, 5, 6, 7, 8, 9, 10, 11, 12, 13, 14, 15, 16, 17, 18, 19, 20]",0.0,21.0,10.5,0.0,12.5,adjacent,1,-10.752838134765625,-11.493062973022461,HARD_25 selected by full-access saliency; saliency is not independent evidence
H7rd9bZtbgc_1,H7rd9bZtbgc,2-5s,3.0,299.0,1.0,1.0,0.0,control,Footsteps echo,1,"[[4.0, 7.0]]",74,14,3,"[12, 13, 14]",12.0,15.0,13.5,5.0,8.0,moderately_near,0,-13.06069564819336,-12.746219635009766,HARD_25 selected by full-access saliency; saliency is not independent evidence
H7rd9bZtbgc_2,H7rd9bZtbgc,0-2s,1.0,299.0,1.0,0.0,1.0,control,A horn blares,1,"[[13.0, 14.0], [103.0, 104.0]]",75,141,4,"[139, 140, 141, 142]",139.0,143.0,141.0,35.0,37.5,remote,0,-10.097424507141113,-10.753754615783691,HARD_25 selected by full-access saliency; saliency is not independent evidence
HVz-FJBf_iM_1,HVz-FJBf_iM,0-2s,1.0,67.0,1.0,1.0,0.0,control,A switch clicks,0,"[[9.0, 10.0], [39.0, 40.0]]",17,8,3,"[6, 7, 8]",6.0,9.0,7.5,0.0,2.0,adjacent,1,-11.250391006469727,-11.316755294799805,HARD_25 selected by full-access saliency; saliency is not independent evidence
HdPSebdDxe4_1,HdPSebdDxe4,2-5s,2.0,121.0,1.0,1.0,0.0,control,Alarms sound,0,"[[26.0, 27.0], [92.0, 94.0], [35.0, 36.0], [2.0, 4.0], [68.0, 70.0], [15.0, 17.0]]",28,22,4,"[21, 22, 23, 24]",21.0,25.0,23.0,1.0,3.5,adjacent,1,-11.572311401367188,-11.009307861328125,HARD_25 selected by full-access saliency; saliency is not independent evidence
HdPSebdDxe4_4,HdPSebdDxe4,2-5s,4.0,121.0,1.0,0.9,0.09999999999999998,control,Music plays,0,"[[111.0, 115.0]]",30,2,2,"[2, 3]",2.0,4.0,3.0,107.0,110.0,remote,0,-9.513629913330078,-11.466733932495117,HARD_25 selected by full-access saliency; saliency is not independent evidence
Hdxfbpnd2-8_3,Hdxfbpnd2-8,2-5s,2.0,299.0,0.0,0.9,-0.9,harmful,Someone whistles,1,"[[148.0, 150.0]]",75,0,44,"[0, 1, 2, 3, 4, 5, 6, 7, 8, 9, 10, 11, 12, 13, 14, 15, 16, 17, 18, 19, 20, 21, 22, 23, 24, 25, 26, 27, 28, 29, 30, 31, 32, 33, 34, 35, 36, 37, 38, 39, 40, 41, 42, 43]",0.0,44.0,22.0,104.0,127.0,remote,0,-10.051432609558105,-10.67221450805664,HARD_25 selected by full-access saliency; saliency is not independent evidence
Hdxfbpnd2-8_4,Hdxfbpnd2-8,0-2s,1.0,299.0,0.0,0.3,-0.3,harmful,Someone snaps their fingers,0,"[[159.0, 160.0]]",75,53,2,"[52, 53]",52.0,54.0,53.0,105.0,106.5,remote,0,-11.713937759399414,-12.886362075805664,HARD_25 selected by full-access saliency; saliency is not independent evidence
HxZADVzNIqs_2,HxZADVzNIqs,2-5s,4.0,299.0,0.0,0.0,0.0,control,Frogs and birds call and water flows,1,"[[214.0, 218.0], [239.0, 243.0]]",73,1,53,"[0, 1, 2, 3, 4, 5, 6, 7, 8, 9, 10, 11, 12, 13, 14, 15, 16, 17, 18, 19, 20, 21, 22, 23, 24, 25, 26, 27, 28, 29, 30, 31, 32, 33, 34, 35, 36, 37, 38, 39, 40, 41, 42, 43, 44, 45, 46, 47, 48, 49, 50, 51, 52]",0.0,53.0,26.5,161.0,189.5,remote,0,-10.744935035705566,-11.849984169006348,HARD_25 selected by full-access saliency; saliency is not independent evidence
HxZADVzNIqs_3,HxZADVzNIqs,2-5s,3.0,299.0,0.0,0.0,0.0,control,"Water flows, birds chirp, and bees buzz",1,"[[220.0, 223.0]]",74,11,24,"[1, 2, 3, 4, 5, 6, 7, 8, 9, 10, 11, 12, 13, 14, 15, 16, 17, 18, 19, 20, 21, 22, 23, 24]",1.0,25.0,13.0,195.0,208.5,remote,0,-11.196880340576172,-11.52104377746582,HARD_25 selected by full-access saliency; saliency is not independent evidence
I4HpYGMMsz4_1,I4HpYGMMsz4,2-5s,4.0,238.0,0.0,0.1,-0.1,harmful,A man is talking as vehicles pass by,1,"[[195.0, 199.0]]",59,9,35,"[8, 9, 10, 11, 12, 13, 14, 15, 16, 17, 18, 19, 20, 21, 22, 23, 24, 25, 26, 27, 28, 29, 30, 31, 32, 33, 34, 35, 36, 37, 38, 39, 40, 41, 42]",8.0,43.0,25.5,152.0,171.5,remote,0,-12.256284713745117,-13.00439739227295,HARD_25 selected by full-access saliency; saliency is not independent evidence
IJ6pm5Kns8A_1,IJ6pm5Kns8A,2-5s,2.0,209.0,0.0,0.2,-0.2,harmful,A notification chime goes off,1,"[[48.0, 50.0], [91.0, 93.0], [171.0, 172.0], [208.0, 209.0]]",51,83,5,"[79, 80, 81, 82, 83]",79.0,84.0,81.5,7.0,10.5,remote,0,-11.377388000488281,-12.04170036315918,HARD_25 selected by full-access saliency; saliency is not independent evidence
IJ6pm5Kns8A_2,IJ6pm5Kns8A,2-5s,2.0,209.0,1.0,1.0,0.0,control,Rhythmic tapping fills the space,0,"[[114.0, 116.0], [173.0, 175.0], [78.0, 80.0], [92.0, 94.0]]",51,105,3,"[104, 105, 106]",104.0,107.0,105.5,7.0,9.5,remote,0,-11.337814331054688,-11.206174850463867,HARD_25 selected by full-access saliency; saliency is not independent evidence
IsUG5SKWNZA_2,IsUG5SKWNZA,2-5s,2.0,134.0,0.0,0.2,-0.2,harmful,A child laughs while talking,0,"[[132.0, 134.0]]",33,52,1,[52],52.0,53.0,52.5,79.0,80.5,remote,0,-11.133021354675293,-11.48866081237793,HARD_25 selected by full-access saliency; saliency is not independent evidence
ItS07xtdi4s_3,ItS07xtdi4s,2-5s,2.0,160.0,1.0,1.0,0.0,control,Engines are running while people are screaming,0,"[[45.0, 47.0], [59.0, 61.0], [81.0, 83.0], [71.0, 73.0]]",38,34,1,[34],34.0,35.0,34.5,10.0,11.5,remote,0,-11.123133659362793,-10.898652076721191,HARD_25 selected by full-access saliency; saliency is not independent evidence
ItS07xtdi4s_5,ItS07xtdi4s,0-2s,1.0,160.0,0.0,0.4,-0.4,harmful,A horn is honking,0,"[[63.0, 64.0]]",40,82,2,"[81, 82]",81.0,83.0,82.0,17.0,18.5,remote,0,-10.311286926269531,-11.75943374633789,HARD_25 selected by full-access saliency; saliency is not independent evidence
JC2ZrXzCX4Y_2,JC2ZrXzCX4Y,2-5s,2.0,209.0,0.0,0.0,0.0,control,"Amid noise and conversation, a woman laughs",1,"[[77.0, 79.0]]",52,89,6,"[89, 90, 91, 92, 93, 94]",89.0,95.0,92.0,10.0,14.0,remote,0,-11.275081634521484,-11.82978630065918,HARD_25 selected by full-access saliency; saliency is not independent evidence
JZloTOdIY_c_3,JZloTOdIY_c,2-5s,3.0,88.0,0.0,0.2,-0.2,harmful,Echoes ring out,1,"[[13.0, 16.0]]",22,18,4,"[16, 17, 18, 19]",16.0,20.0,18.0,0.0,3.5,adjacent,1,-10.326852798461914,-10.509549140930176,HARD_25 selected by full-access saliency; saliency is not independent evidence
JmWaRt8-u0s_1,JmWaRt8-u0s,2-5s,4.0,300.0,0.0,0.4,-0.4,harmful,A woman talks,1,"[[26.0, 30.0]]",74,6,26,"[0, 1, 2, 3, 4, 5, 6, 7, 8, 9, 10, 11, 12, 13, 14, 15, 16, 17, 18, 19, 20, 21, 22, 23, 24, 25]",0.0,26.0,13.0,0.0,15.0,adjacent,1,-9.297528266906738,-9.260448455810547,HARD_25 selected by full-access saliency; saliency is not independent evidence
K-7Y8yhcUiw_3,K-7Y8yhcUiw,2-5s,3.0,85.0,0.0,0.5,-0.5,harmful,People laugh,1,"[[72.0, 75.0]]",21,81,2,"[81, 82]",81.0,83.0,82.0,6.0,8.5,remote,0,-11.577438354492188,-12.731606483459473,HARD_25 selected by full-access saliency; saliency is not independent evidence
K03ydb1uaoQ_1,K03ydb1uaoQ,2-5s,3.0,71.0,1.0,1.0,0.0,control,Something is snoring,0,"[[58.0, 61.0], [51.0, 54.0], [25.0, 28.0], [46.0, 48.0], [19.0, 22.0], [42.0, 45.0], [1.0, 3.0], [6.0, 8.0], [32.0, 34.0], [37.0, 39.0], [12.0, 14.0]]",11,8,2,"[8, 9]",8.0,10.0,9.0,0.0,2.0,adjacent,1,-11.615678787231445,-10.9994478225708,HARD_25 selected by full-access saliency; saliency is not independent evidence
KJhGuhNHToA_1,KJhGuhNHToA,2-5s,2.0,66.0,1.0,0.7,0.30000000000000004,control,Metal clangs,1,"[[0.0, 2.0], [55.0, 56.0]]",16,11,3,"[11, 12, 13]",11.0,14.0,12.5,9.0,11.5,remote,0,-10.848016738891602,-10.887955665588379,HARD_25 selected by full-access saliency; saliency is not independent evidence
KJhGuhNHToA_2,KJhGuhNHToA,2-5s,3.0,66.0,1.0,0.9,0.09999999999999998,control,Objects bump together and metal resonates,0,"[[11.0, 14.0]]",16,1,3,"[0, 1, 2]",0.0,3.0,1.5,8.0,11.0,remote,0,-11.202352523803711,-11.289362907409668,HARD_25 selected by full-access saliency; saliency is not independent evidence
KJhGuhNHToA_4,KJhGuhNHToA,2-5s,3.0,66.0,1.0,1.0,0.0,control,Something is rubbed,0,"[[39.0, 42.0], [58.0, 60.0]]",16,57,4,"[54, 55, 56, 57]",54.0,58.0,56.0,0.0,3.0,adjacent,1,-11.368392944335938,-11.366621017456055,HARD_25 selected by full-access saliency; saliency is not independent evidence
K_Vre_-4KqU_2,K_Vre_-4KqU,2-5s,4.0,177.0,1.0,1.0,0.0,control,A man talks as an engine runs,0,"[[32.0, 36.0]]",44,55,2,"[54, 55]",54.0,56.0,55.0,18.0,21.0,remote,0,-10.920343399047852,-10.373023986816406,HARD_25 selected by full-access saliency; saliency is not independent evidence
Kel-hfZ_9h8_4,Kel-hfZ_9h8,0-2s,1.0,147.0,0.0,0.6,-0.6,harmful,A man's shout carries on the wind,1,"[[85.0, 86.0], [131.0, 132.0]]",37,50,3,"[48, 49, 50]",48.0,51.0,49.5,34.0,36.0,remote,0,-10.31472396850586,-11.250697135925293,HARD_25 selected by full-access saliency; saliency is not independent evidence
KnsKf9KoNds_1,KnsKf9KoNds,0-2s,1.0,299.0,0.0,0.4,-0.4,harmful,Someone clears their throat,1,"[[34.0, 35.0]]",75,0,3,"[0, 1, 2]",0.0,3.0,1.5,31.0,33.0,remote,0,-11.220565795898438,-12.621628761291504,HARD_25 selected by full-access saliency; saliency is not independent evidence
KnsKf9KoNds_2,KnsKf9KoNds,2-5s,3.0,299.0,0.0,0.0,0.0,control,Machine noise hums as one man talks and another laughs,1,"[[141.0, 142.0], [188.0, 191.0]]",74,86,2,"[86, 87]",86.0,88.0,87.0,53.0,54.5,remote,0,-11.809314727783203,-12.593775749206543,HARD_25 selected by full-access saliency; saliency is not independent evidence
KvrcRMfFzOE_1,KvrcRMfFzOE,2-5s,4.0,186.0,0.0,1.0,-1.0,harmful,"As wind blows, a button clicks",0,"[[11.0, 15.0]]",46,183,5,"[181, 182, 183, 184, 185]",181.0,186.0,183.5,166.0,170.5,remote,0,-11.380412101745605,-10.966283798217773,HARD_25 selected by full-access saliency; saliency is not independent evidence
LB6CZ0x-kns_1,LB6CZ0x-kns,2-5s,2.0,138.0,1.0,1.0,0.0,control,Engines hum as steam hisses,0,"[[4.0, 5.0], [58.0, 59.0], [68.0, 70.0]]",34,2,1,[2],2.0,3.0,2.5,1.0,2.0,adjacent,1,-11.834915161132812,-11.918325424194336,HARD_25 selected by full-access saliency; saliency is not independent evidence
LCwSUVuTyvg_2,LCwSUVuTyvg,2-5s,4.0,300.0,0.0,0.4,-0.4,harmful,"As several people walk, metal clangs",0,"[[151.0, 155.0], [165.0, 168.0]]",74,32,35,"[21, 22, 23, 24, 25, 26, 27, 28, 29, 30, 31, 32, 33, 34, 35, 36, 37, 38, 39, 40, 41, 42, 43, 44, 45, 46, 47, 48, 49, 50, 51, 52, 53, 54, 55]",21.0,56.0,38.5,95.0,114.5,remote,0,-10.081888198852539,-11.250055313110352,HARD_25 selected by full-access saliency; saliency is not independent evidence
LP_DzNUkAKY_1,LP_DzNUkAKY,0-2s,1.0,300.0,0.0,1.0,-1.0,harmful,"As engines rumble and vibrate, horns honk",0,"[[1.0, 2.0], [81.0, 82.0], [98.0, 99.0], [132.0, 133.0]]",74,122,3,"[121, 122, 123]",121.0,124.0,122.5,8.0,10.0,remote,0,-10.862594604492188,-11.00390625,HARD_25 selected by full-access saliency; saliency is not independent evidence
LP_DzNUkAKY_2,LP_DzNUkAKY,2-5s,4.0,300.0,0.0,1.0,-1.0,harmful,"As engines rumble and vibrate, a man talks",0,"[[62.0, 63.0], [212.0, 215.0], [220.0, 221.0], [273.0, 274.0], [71.0, 75.0]]",73,122,2,"[122, 123]",122.0,124.0,123.0,47.0,50.0,remote,0,-10.828113555908203,-10.73676872253418,HARD_25 selected by full-access saliency; saliency is not independent evidence
LVvS3s9dFKw_2,LVvS3s9dFKw,2-5s,3.0,226.0,0.0,0.5,-0.5,harmful,"Amid the noise, someone eats",1,"[[38.0, 39.0], [58.0, 61.0], [87.0, 89.0]]",55,173,3,"[173, 174, 175]",173.0,176.0,174.5,84.0,86.5,remote,0,-11.8125,-11.902177810668945,HARD_25 selected by full-access saliency; saliency is not independent evidence
LVvS3s9dFKw_3,LVvS3s9dFKw,2-5s,2.0,226.0,1.0,0.5,0.5,control,A woman laughs,1,"[[139.0, 141.0]]",56,14,3,"[14, 15, 16]",14.0,17.0,15.5,122.0,124.5,remote,0,-11.100702285766602,-11.26995849609375,HARD_25 selected by full-access saliency; saliency is not independent evidence
LvMA1Wcgu3w_1,LvMA1Wcgu3w,2-5s,2.0,282.0,0.0,1.0,-1.0,harmful,Something pops,0,"[[47.0, 48.0], [95.0, 96.0], [154.0, 156.0]]",70,94,1,[94],94.0,95.0,94.5,0.0,1.0,adjacent,1,-11.240585327148438,-11.03123950958252,HARD_25 selected by full-access saliency; saliency is not independent evidence
MBP4RcnwGZw_1,MBP4RcnwGZw,2-5s,3.0,61.0,1.0,1.0,0.0,control,Cars pass as people chat and a woman talks,0,"[[2.0, 5.0], [40.0, 43.0], [49.0, 52.0], [13.0, 15.0], [16.0, 18.0]]",12,1,2,"[0, 1]",0.0,2.0,1.0,0.0,2.5,adjacent,1,-11.203015327453613,-11.147896766662598,HARD_25 selected by full-access saliency; saliency is not independent evidence
MPLZUg89y5U_2,MPLZUg89y5U,0-2s,1.0,300.0,1.0,0.0,1.0,control,A man talks as noise fills the air and a switch clicks,1,"[[175.0, 176.0]]",75,134,6,"[133, 134, 135, 136, 137, 138]",133.0,139.0,136.0,36.0,39.5,remote,0,-11.930049896240234,-12.060821533203125,HARD_25 selected by full-access saliency; saliency is not independent evidence
MVGhC-xB79s_2,MVGhC-xB79s,2-5s,2.0,268.0,1.0,0.3,0.7,control,"As whistling drifts, a dog barks",1,"[[201.0, 203.0]]",67,60,4,"[59, 60, 61, 62]",59.0,63.0,61.0,138.0,141.0,remote,0,-10.714226722717285,-11.745265007019043,HARD_25 selected by full-access saliency; saliency is not independent evidence
MdlEswBfZMQ_2,MdlEswBfZMQ,2-5s,2.0,120.0,0.0,0.0,0.0,control,A car horn sounds,1,"[[44.0, 46.0]]",30,9,6,"[8, 9, 10, 11, 12, 13]",8.0,14.0,11.0,30.0,34.0,remote,0,-10.626046180725098,-11.257858276367188,HARD_25 selected by full-access saliency; saliency is not independent evidence
MkbP_8zJwXU_2,MkbP_8zJwXU,2-5s,2.0,99.0,0.0,0.9,-0.9,harmful,"Birds call, ducks quack, things bump, and wings flutter",0,"[[87.0, 89.0], [92.0, 94.0]]",24,0,12,"[0, 1, 2, 3, 4, 5, 6, 7, 8, 9, 10, 11]",0.0,12.0,6.0,75.0,82.0,remote,0,-10.815397262573242,-12.340450286865234,HARD_25 selected by full-access saliency; saliency is not independent evidence
MvHpNzDpC6Q_1,MvHpNzDpC6Q,2-5s,2.0,82.0,1.0,1.0,0.0,control,A man burps as a car drives by,0,"[[81.0, 83.0], [34.0, 35.0], [16.0, 17.0], [6.0, 8.0], [72.0, 74.0], [76.0, 78.0], [47.0, 49.0], [54.0, 56.0], [59.0, 61.0], [41.0, 42.0], [23.0, 25.0]]",16,17,2,"[17, 18]",17.0,19.0,18.0,0.0,1.5,adjacent,1,-10.499691009521484,-10.3340425491333,HARD_25 selected by full-access saliency; saliency is not independent evidence
N_s9F4CI_98_2,N_s9F4CI_98,2-5s,3.0,299.0,1.0,1.0,0.0,control,Wings flutter nearby,0,"[[269.0, 270.0], [222.0, 223.0], [200.0, 202.0], [280.0, 283.0], [247.0, 249.0], [72.0, 73.0], [137.0, 138.0], [183.0, 184.0], [45.0, 46.0], [293.0, 295.0], [276.0, 277.0], [175.0, 177.0], [235.0, 238.0], [132.0, 134.0]]",69,100,2,"[100, 101]",100.0,102.0,101.0,27.0,28.5,remote,0,-11.150188446044922,-11.605731010437012,HARD_25 selected by full-access saliency; saliency is not independent evidence
NeWW30WZjPc_1,NeWW30WZjPc,0-2s,1.0,128.0,0.0,0.0,0.0,control,A woman is talking,1,"[[73.0, 74.0]]",32,0,1,[0],0.0,1.0,0.5,72.0,73.0,remote,0,-11.171594619750977,-11.593315124511719,HARD_25 selected by full-access saliency; saliency is not independent evidence
Ni3dIj90Oa4_2,Ni3dIj90Oa4,2-5s,3.0,299.0,0.0,0.2,-0.2,harmful,Gunshots ring out,1,"[[9.0, 12.0]]",74,21,18,"[12, 13, 14, 15, 16, 17, 18, 19, 20, 21, 22, 23, 24, 25, 26, 27, 28, 29]",12.0,30.0,21.0,0.0,10.5,adjacent,1,-10.443965911865234,-10.67615032196045,HARD_25 selected by full-access saliency; saliency is not independent evidence
NlKlRKz8OKI_1,NlKlRKz8OKI,2-5s,4.0,299.0,1.0,1.0,0.0,control,A woman speaks while wings flap nearby,0,"[[21.0, 23.0], [41.0, 44.0], [63.0, 64.0], [106.0, 110.0], [238.0, 240.0]]",72,61,11,"[52, 53, 54, 55, 56, 57, 58, 59, 60, 61, 62]",52.0,63.0,57.5,0.0,6.0,adjacent,1,-11.544525146484375,-11.527775764465332,HARD_25 selected by full-access saliency; saliency is not independent evidence
NlKlRKz8OKI_2,NlKlRKz8OKI,2-5s,2.0,299.0,0.0,0.9,-0.9,harmful,Someone smacks their lips,0,"[[190.0, 192.0], [231.0, 232.0], [249.0, 250.0]]",74,214,1,[214],214.0,215.0,214.5,16.0,17.0,remote,0,-11.38988971710205,-11.19759464263916,HARD_25 selected by full-access saliency; saliency is not independent evidence
OMGHnJV0l2U_1,OMGHnJV0l2U,2-5s,2.0,299.0,1.0,0.3,0.7,control,Sounds of wood scraping against wood,1,"[[49.0, 51.0], [137.0, 139.0]]",74,215,31,"[197, 198, 199, 200, 201, 202, 203, 204, 205, 206, 207, 208, 209, 210, 211, 212, 213, 214, 215, 216, 217, 218, 219, 220, 221, 222, 223, 224, 225, 226, 227]",197.0,228.0,212.5,58.0,74.5,remote,0,-11.018880844116211,-12.007295608520508,HARD_25 selected by full-access saliency; saliency is not independent evidence
OUUckswAaNI_4,OUUckswAaNI,0-2s,1.0,260.0,1.0,0.7,0.30000000000000004,control,A woman screams,0,"[[157.0, 158.0]]",65,74,8,"[73, 74, 75, 76, 77, 78, 79, 80]",73.0,81.0,77.0,76.0,80.5,remote,0,-10.274577140808105,-11.32323932647705,HARD_25 selected by full-access saliency; saliency is not independent evidence
ObWjGBJF_94_1,ObWjGBJF_94,2-5s,2.0,299.0,0.0,0.1,-0.1,harmful,An electronic sound plays with a background hum,1,"[[5.0, 7.0], [45.0, 46.0]]",74,67,7,"[61, 62, 63, 64, 65, 66, 67]",61.0,68.0,64.5,15.0,19.0,remote,0,-13.126174926757812,-13.091073989868164,HARD_25 selected by full-access saliency; saliency is not independent evidence
OpiWMltpj44_1,OpiWMltpj44,2-5s,3.0,77.0,0.0,0.9,-0.9,harmful,Chickens cluck,0,"[[15.0, 18.0], [51.0, 54.0]]",18,41,7,"[40, 41, 42, 43, 44, 45, 46]",40.0,47.0,43.5,4.0,9.0,moderately_near,0,-11.973103523254395,-11.890047073364258,HARD_25 selected by full-access saliency; saliency is not independent evidence
OpiWMltpj44_3,OpiWMltpj44,0-2s,1.0,77.0,1.0,0.9,0.09999999999999998,control,Birds call and wings flap,0,"[[66.0, 67.0]]",19,69,3,"[69, 70, 71]",69.0,72.0,70.5,2.0,4.0,moderately_near,0,-11.81711483001709,-12.383147239685059,HARD_25 selected by full-access saliency; saliency is not independent evidence
OpiWMltpj44_4,OpiWMltpj44,2-5s,2.0,77.0,1.0,1.0,0.0,control,Water splashes,0,"[[68.0, 70.0]]",19,12,6,"[10, 11, 12, 13, 14, 15]",10.0,16.0,13.0,52.0,56.0,remote,0,-11.481176376342773,-11.139059066772461,HARD_25 selected by full-access saliency; saliency is not independent evidence
Ot0bN_hz2ec_3,Ot0bN_hz2ec,2-5s,3.0,268.0,1.0,0.9,0.09999999999999998,control,An announcement plays as birds chirp,0,"[[130.0, 133.0], [139.0, 142.0], [148.0, 151.0]]",65,147,3,"[145, 146, 147]",145.0,148.0,146.5,0.0,3.0,adjacent,1,-11.094131469726562,-10.824007034301758,HARD_25 selected by full-access saliency; saliency is not independent evidence
PO8Nu3F8mkA_1,PO8Nu3F8mkA,2-5s,3.0,164.0,1.0,1.0,0.0,control,Gunshots fire and something slams,0,"[[15.0, 18.0], [84.0, 87.0], [132.0, 134.0], [99.0, 100.0], [28.0, 30.0], [89.0, 91.0], [10.0, 11.0], [102.0, 103.0], [93.0, 95.0], [112.0, 115.0], [137.0, 138.0], [117.0, 119.0], [123.0, 125.0]]",35,11,1,[11],11.0,12.0,11.5,0.0,1.0,adjacent,1,-10.738672256469727,-10.578752517700195,HARD_25 selected by full-access saliency; saliency is not independent evidence
PTyFYxXdut4_2,PTyFYxXdut4,2-5s,4.0,300.0,1.0,0.4,0.6,control,A woman talks as waves crash and an engine hums,0,"[[30.0, 32.0], [153.0, 157.0], [5.0, 8.0]]",73,4,5,"[0, 1, 2, 3, 4]",0.0,5.0,2.5,0.0,4.0,adjacent,1,-9.52170467376709,-9.4982328414917,HARD_25 selected by full-access saliency; saliency is not independent evidence
PYP-r0nvbFk_2,PYP-r0nvbFk,0-2s,1.0,121.0,0.0,0.1,-0.1,harmful,A door is closing while the wind is blowing,1,"[[14.0, 15.0]]",30,43,1,[43],43.0,44.0,43.5,28.0,29.0,remote,0,-11.20863151550293,-12.09147834777832,HARD_25 selected by full-access saliency; saliency is not independent evidence
PYP-r0nvbFk_3,PYP-r0nvbFk,0-2s,1.0,121.0,0.0,0.9,-0.9,harmful,Someone is clapping while engines are running and the wind is blowing,0,"[[27.0, 28.0]]",30,28,2,"[28, 29]",28.0,30.0,29.0,0.0,1.5,adjacent,1,-11.181848526000977,-11.279685974121094,HARD_25 selected by full-access saliency; saliency is not independent evidence
Pb6MqpdX5Jw_4,Pb6MqpdX5Jw,2-5s,2.0,120.0,1.0,1.0,0.0,control,"Music plays as rain falls, wind blows, and a horse neighs",0,"[[30.0, 31.0], [74.0, 76.0]]",30,28,11,"[19, 20, 21, 22, 23, 24, 25, 26, 27, 28, 29]",19.0,30.0,24.5,0.0,6.0,adjacent,1,-10.047636032104492,-10.237224578857422,HARD_25 selected by full-access saliency; saliency is not independent evidence
Pb6MqpdX5Jw_5,Pb6MqpdX5Jw,2-5s,2.0,120.0,1.0,0.9,0.09999999999999998,control,An explosion erupts as music plays,0,"[[56.0, 58.0], [88.0, 90.0], [115.0, 117.0]]",29,74,5,"[74, 75, 76, 77, 78]",74.0,79.0,76.5,9.0,12.5,remote,0,-9.879130363464355,-10.48681354522705,HARD_25 selected by full-access saliency; saliency is not independent evidence
QHfyKaOHSz4_2,QHfyKaOHSz4,2-5s,3.0,82.0,0.0,0.7,-0.7,harmful,Bees buzz as rhythmic tapping occurs,1,"[[17.0, 20.0]]",20,47,1,[47],47.0,48.0,47.5,27.0,29.0,remote,0,-12.42656421661377,-12.791520118713379,HARD_25 selected by full-access saliency; saliency is not independent evidence
QKHpSAAjakY_1,QKHpSAAjakY,0-2s,1.0,94.0,1.0,1.0,0.0,control,Someone coughs,0,"[[48.0, 49.0]]",24,14,5,"[12, 13, 14, 15, 16]",12.0,17.0,14.5,31.0,34.0,remote,0,-11.91257381439209,-12.212285995483398,HARD_25 selected by full-access saliency; saliency is not independent evidence
QKHpSAAjakY_3,QKHpSAAjakY,2-5s,2.0,94.0,0.0,0.4,-0.4,harmful,An engine hums as a horn blares,0,"[[76.0, 78.0]]",23,78,7,"[78, 79, 80, 81, 82, 83, 84]",78.0,85.0,81.5,0.0,4.5,adjacent,1,-12.877950668334961,-13.544849395751953,HARD_25 selected by full-access saliency; saliency is not independent evidence
QOmV7O9mFwg_1,QOmV7O9mFwg,2-5s,4.0,260.0,1.0,1.0,0.0,control,People talk as a woman laughs,0,"[[249.0, 253.0], [160.0, 162.0], [138.0, 139.0], [234.0, 236.0], [225.0, 227.0], [30.0, 33.0], [55.0, 57.0], [21.0, 25.0], [93.0, 95.0], [133.0, 134.0], [86.0, 87.0], [104.0, 106.0], [45.0, 46.0], [207.0, 208.0], [256.0, 257.0], [39.0, 41.0]]",58,171,3,"[170, 171, 172]",170.0,173.0,171.5,8.0,10.5,remote,0,-11.870109558105469,-11.774457931518555,HARD_25 selected by full-access saliency; saliency is not independent evidence
QOmV7O9mFwg_2,QOmV7O9mFwg,2-5s,3.0,260.0,0.0,0.6,-0.6,harmful,People talk as a man laughs,0,"[[44.0, 45.0], [74.0, 75.0], [205.0, 208.0]]",64,45,2,"[45, 46]",45.0,47.0,46.0,0.0,1.5,adjacent,1,-11.68027114868164,-11.93147087097168,HARD_25 selected by full-access saliency; saliency is not independent evidence
QOmV7O9mFwg_3,QOmV7O9mFwg,2-5s,2.0,260.0,1.0,1.0,0.0,control,Someone shouts,0,"[[73.0, 74.0], [229.0, 231.0], [233.0, 235.0]]",64,133,1,[133],133.0,134.0,133.5,59.0,60.0,remote,0,-10.768669128417969,-10.78552532196045,HARD_25 selected by full-access saliency; saliency is not independent evidence
QRtuOWWya30_1,QRtuOWWya30,2-5s,2.0,299.0,0.0,1.0,-1.0,harmful,"As music plays, a phone rings",1,"[[10.0, 12.0]]",75,3,10,"[0, 1, 2, 3, 4, 5, 6, 7, 8, 9]",0.0,10.0,5.0,0.0,6.0,adjacent,1,-9.626886367797852,-9.819967269897461,HARD_25 selected by full-access saliency; saliency is not independent evidence
QvATUKXYFBs_2,QvATUKXYFBs,2-5s,3.0,119.0,0.0,0.8,-0.8,harmful,A camera shutter clicks as the wind blows,1,"[[30.0, 33.0]]",29,26,14,"[16, 17, 18, 19, 20, 21, 22, 23, 24, 25, 26, 27, 28, 29]",16.0,30.0,23.0,0.0,8.5,adjacent,1,-10.847427368164062,-11.0672607421875,HARD_25 selected by full-access saliency; saliency is not independent evidence
QvATUKXYFBs_4,QvATUKXYFBs,2-5s,4.0,119.0,1.0,1.0,0.0,control,Bells ring and train whistles blow as a train rumbles by in the wind,0,"[[49.0, 51.0], [56.0, 58.0], [60.0, 64.0], [68.0, 69.0]]",28,34,17,"[32, 33, 34, 35, 36, 37, 38, 39, 40, 41, 42, 43, 44, 45, 46, 47, 48]",32.0,49.0,40.5,0.0,9.5,adjacent,1,-9.832971572875977,-9.951292037963867,HARD_25 selected by full-access saliency; saliency is not independent evidence
R4fXcbWFhJg_1,R4fXcbWFhJg,2-5s,3.0,133.0,1.0,1.0,0.0,control,A woman screams,0,"[[12.0, 15.0], [34.0, 37.0], [20.0, 22.0], [29.0, 31.0]]",31,19,5,"[15, 16, 17, 18, 19]",15.0,20.0,17.5,0.0,3.5,adjacent,1,-11.094079971313477,-10.531187057495117,HARD_25 selected by full-access saliency; saliency is not independent evidence
R4fXcbWFhJg_2,R4fXcbWFhJg,2-5s,3.0,133.0,0.0,0.6,-0.6,harmful,"While a woman talks, an animal pants as footsteps and scraping sounds echo",0,"[[47.0, 50.0], [38.0, 40.0]]",32,9,19,"[7, 8, 9, 10, 11, 12, 13, 14, 15, 16, 17, 18, 19, 20, 21, 22, 23, 24, 25]",7.0,26.0,16.5,12.0,22.5,remote,0,-10.859766006469727,-12.047125816345215,HARD_25 selected by full-access saliency; saliency is not independent evidence
RNBoH2LHQEM_2,RNBoH2LHQEM,2-5s,4.0,299.0,1.0,0.9,0.09999999999999998,control,Applause breaks out,0,"[[296.0, 300.0]]",74,163,1,[163],163.0,164.0,163.5,132.0,134.5,remote,0,-11.464286804199219,-10.20694637298584,HARD_25 selected by full-access saliency; saliency is not independent evidence
RfGapDlAYoQ_1,RfGapDlAYoQ,2-5s,3.0,150.0,0.0,0.8,-0.8,harmful,A whistle blows as a man laughs,0,"[[9.0, 10.0], [43.0, 46.0]]",37,115,6,"[113, 114, 115, 116, 117, 118]",113.0,119.0,116.0,67.0,71.5,remote,0,-10.527963638305664,-11.523788452148438,HARD_25 selected by full-access saliency; saliency is not independent evidence
RfGapDlAYoQ_2,RfGapDlAYoQ,0-2s,1.0,150.0,0.0,0.1,-0.1,harmful,A whistle blows as a dog barks,1,"[[42.0, 43.0], [51.0, 52.0]]",37,115,6,"[113, 114, 115, 116, 117, 118]",113.0,119.0,116.0,61.0,64.5,remote,0,-10.704925537109375,-11.167384147644043,HARD_25 selected by full-access saliency; saliency is not independent evidence
RfGapDlAYoQ_3,RfGapDlAYoQ,2-5s,4.0,150.0,0.0,0.3,-0.3,harmful,A whistle blows as cheers erupt,1,"[[113.0, 117.0]]",37,20,9,"[16, 17, 18, 19, 20, 21, 22, 23, 24]",16.0,25.0,20.5,88.0,94.5,remote,0,-11.773408889770508,-12.134918212890625,HARD_25 selected by full-access saliency; saliency is not independent evidence
Rp4Ct_TQvAM_2,Rp4Ct_TQvAM,2-5s,2.0,299.0,0.0,0.3,-0.3,harmful,A man talks and a door closes with background noise,1,"[[236.0, 238.0]]",75,277,23,"[265, 266, 267, 268, 269, 270, 271, 272, 273, 274, 275, 276, 277, 278, 279, 280, 281, 282, 283, 284, 285, 286, 287]",265.0,288.0,276.5,27.0,39.5,remote,0,-11.876791000366211,-13.110210418701172,HARD_25 selected by full-access saliency; saliency is not independent evidence
RrmBGjJqlEo_1,RrmBGjJqlEo,2-5s,2.0,300.0,0.0,1.0,-1.0,harmful,Someone sniffles,0,"[[297.0, 298.0], [77.0, 79.0], [121.0, 122.0], [245.0, 246.0], [186.0, 187.0], [109.0, 111.0]]",73,95,17,"[85, 86, 87, 88, 89, 90, 91, 92, 93, 94, 95, 96, 97, 98, 99, 100, 101]",85.0,102.0,93.5,6.0,15.5,remote,0,-11.30007553100586,-11.150678634643555,HARD_25 selected by full-access saliency; saliency is not independent evidence
S0SQyFXbqF8_2,S0SQyFXbqF8,2-5s,2.0,96.0,1.0,0.7,0.30000000000000004,control,A child talks as a frog croaks,0,"[[27.0, 29.0], [43.0, 44.0], [63.0, 64.0]]",23,12,15,"[8, 9, 10, 11, 12, 13, 14, 15, 16, 17, 18, 19, 20, 21, 22]",8.0,23.0,15.5,4.0,12.5,moderately_near,0,-11.30197525024414,-12.165496826171875,HARD_25 selected by full-access saliency; saliency is not independent evidence
SQHYl2Kp5ww_2,SQHYl2Kp5ww,2-5s,4.0,300.0,1.0,0.7,0.30000000000000004,control,"As music plays, cars pass by and a man talks",1,"[[201.0, 205.0], [219.0, 223.0], [236.0, 237.0], [255.0, 259.0], [296.0, 298.0]]",72,241,8,"[237, 238, 239, 240, 241, 242, 243, 244]",237.0,245.0,241.0,0.0,4.5,adjacent,1,-11.634132385253906,-11.652596473693848,HARD_25 selected by full-access saliency; saliency is not independent evidence
T32kii824pA_2,T32kii824pA,2-5s,2.0,299.0,1.0,0.6,0.4,control,"While a man was speaking, a notification sound rings out",1,"[[289.0, 291.0]]",75,90,1,[90],90.0,91.0,90.5,198.0,199.5,remote,0,-10.706342697143555,-12.144762992858887,HARD_25 selected by full-access saliency; saliency is not independent evidence
T9_ep-3BZDY_1,T9_ep-3BZDY,0-2s,1.0,299.0,1.0,0.4,0.6,control,A woman clears her throat,1,"[[61.0, 62.0], [119.0, 120.0], [282.0, 283.0]]",74,178,1,[178],178.0,179.0,178.5,58.0,59.0,remote,0,-11.319689750671387,-12.023341178894043,HARD_25 selected by full-access saliency; saliency is not independent evidence
T9_ep-3BZDY_2,T9_ep-3BZDY,0-2s,1.0,299.0,0.0,0.2,-0.2,harmful,A zipper slides open and closed,1,"[[67.0, 68.0]]",75,23,10,"[18, 19, 20, 21, 22, 23, 24, 25, 26, 27]",18.0,28.0,23.0,39.0,44.5,remote,0,-10.801498413085938,-11.462331771850586,HARD_25 selected by full-access saliency; saliency is not independent evidence
Tgxst7Ft9js_1,Tgxst7Ft9js,2-5s,4.0,225.0,1.0,1.0,0.0,control,Music is playing,0,"[[0.0, 4.0], [137.0, 141.0], [222.0, 226.0]]",54,4,32,"[4, 5, 6, 7, 8, 9, 10, 11, 12, 13, 14, 15, 16, 17, 18, 19, 20, 21, 22, 23, 24, 25, 26, 27, 28, 29, 30, 31, 32, 33, 34, 35]",4.0,36.0,20.0,0.0,18.0,adjacent,1,-10.69943618774414,-9.130965232849121,HARD_25 selected by full-access saliency; saliency is not independent evidence
TtRtURWVYBE_2,TtRtURWVYBE,2-5s,3.0,67.0,1.0,1.0,0.0,control,A button clicks,0,"[[36.0, 37.0], [22.0, 23.0], [53.0, 56.0], [61.0, 62.0], [12.0, 14.0], [4.0, 6.0], [63.0, 64.0]]",14,0,4,"[0, 1, 2, 3]",0.0,4.0,2.0,0.0,3.0,adjacent,1,-11.694032669067383,-11.59759521484375,HARD_25 selected by full-access saliency; saliency is not independent evidence
U3CAjsm1sec_1,U3CAjsm1sec,2-5s,4.0,89.0,0.0,0.1,-0.1,harmful,Singing fills the air,1,"[[38.0, 42.0]]",22,3,5,"[1, 2, 3, 4, 5]",1.0,6.0,3.5,32.0,36.5,remote,0,-9.83279800415039,-10.949230194091797,HARD_25 selected by full-access saliency; saliency is not independent evidence
U5ij0M7T-hk_1,U5ij0M7T-hk,2-5s,3.0,223.0,1.0,1.0,0.0,control,A door opens and closes,0,"[[25.0, 28.0], [142.0, 144.0], [148.0, 150.0]]",54,107,3,"[106, 107, 108]",106.0,109.0,107.5,33.0,35.5,remote,0,-11.644083976745605,-11.562789916992188,HARD_25 selected by full-access saliency; saliency is not independent evidence
U90e2P9jy30_1,U90e2P9jy30,2-5s,2.0,300.0,0.0,0.9,-0.9,harmful,"As people play basketball, a dog barks",0,"[[52.0, 53.0], [110.0, 112.0], [225.0, 226.0], [238.0, 239.0], [243.0, 244.0]]",74,144,32,"[115, 116, 117, 118, 119, 120, 121, 122, 123, 124, 125, 126, 127, 128, 129, 130, 131, 132, 133, 134, 135, 136, 137, 138, 139, 140, 141, 142, 143, 144, 145, 146]",115.0,147.0,131.0,3.0,20.0,moderately_near,0,-10.263940811157227,-11.024585723876953,HARD_25 selected by full-access saliency; saliency is not independent evidence
U90e2P9jy30_2,U90e2P9jy30,2-5s,3.0,300.0,0.0,0.0,0.0,control,"As people play basketball, men talk and clapping breaks out",1,"[[212.0, 214.0], [246.0, 249.0]]",74,144,16,"[131, 132, 133, 134, 135, 136, 137, 138, 139, 140, 141, 142, 143, 144, 145, 146]",131.0,147.0,139.0,65.0,74.0,remote,0,-11.46889877319336,-12.043310165405273,HARD_25 selected by full-access saliency; saliency is not independent evidence
UAmDLPjNyMg_1,UAmDLPjNyMg,2-5s,2.0,137.0,1.0,1.0,0.0,control,Wind blows as a plane taxis and someone sniffs,0,"[[35.0, 37.0], [43.0, 44.0], [61.0, 62.0], [71.0, 72.0], [87.0, 88.0]]",33,55,2,"[55, 56]",55.0,57.0,56.0,4.0,5.5,moderately_near,0,-9.958563804626465,-9.975912094116211,HARD_25 selected by full-access saliency; saliency is not independent evidence
UE3XnVFodMI_1,UE3XnVFodMI,2-5s,4.0,249.0,0.0,0.2,-0.2,harmful,"As music plays, a woman speaks",1,"[[25.0, 29.0]]",62,4,18,"[0, 1, 2, 3, 4, 5, 6, 7, 8, 9, 10, 11, 12, 13, 14, 15, 16, 17]",0.0,18.0,9.0,7.0,18.0,remote,0,-11.21111011505127,-11.572486877441406,HARD_25 selected by full-access saliency; saliency is not independent evidence
UQtBt6CQpwg_1,UQtBt6CQpwg,2-5s,2.0,59.0,1.0,1.0,0.0,control,A man talks,0,"[[27.0, 29.0], [30.0, 31.0]]",14,8,1,[8],8.0,9.0,8.5,18.0,19.5,remote,0,-11.545129776000977,-9.357465744018555,HARD_25 selected by full-access saliency; saliency is not independent evidence
UXGzbBGbqAA_2,UXGzbBGbqAA,2-5s,3.0,113.0,1.0,0.9,0.09999999999999998,control,People shout,0,"[[86.0, 87.0], [98.0, 100.0], [104.0, 107.0]]",27,79,6,"[76, 77, 78, 79, 80, 81]",76.0,82.0,79.0,4.0,7.5,moderately_near,0,-10.314569473266602,-10.595495223999023,HARD_25 selected by full-access saliency; saliency is not independent evidence
V4PLSw_WzVw_1,V4PLSw_WzVw,2-5s,4.0,82.0,0.0,0.5,-0.5,harmful,A man speaks,0,"[[79.0, 83.0]]",20,77,14,"[65, 66, 67, 68, 69, 70, 71, 72, 73, 74, 75, 76, 77, 78]",65.0,79.0,72.0,0.0,9.0,adjacent,1,-10.092857360839844,-10.33279800415039,HARD_25 selected by full-access saliency; saliency is not independent evidence
V4PLSw_WzVw_2,V4PLSw_WzVw,2-5s,2.0,82.0,1.0,1.0,0.0,control,A man talks as a horn blares,0,"[[78.0, 80.0]]",20,16,4,"[15, 16, 17, 18]",15.0,19.0,17.0,59.0,62.0,remote,0,-10.855342864990234,-11.621011734008789,HARD_25 selected by full-access saliency; saliency is not independent evidence
V8A0VRGdgwM_1,V8A0VRGdgwM,2-5s,4.0,77.0,1.0,1.0,0.0,control,"While people talk, A goat bleats",0,"[[48.0, 50.0], [76.0, 78.0], [56.0, 60.0], [40.0, 42.0], [20.0, 22.0], [66.0, 67.0], [4.0, 6.0], [13.0, 14.0]]",16,1,4,"[0, 1, 2, 3]",0.0,4.0,2.0,0.0,3.0,adjacent,1,-10.37293815612793,-10.343341827392578,HARD_25 selected by full-access saliency; saliency is not independent evidence
V8A0VRGdgwM_2,V8A0VRGdgwM,2-5s,2.0,77.0,0.0,0.6,-0.6,harmful,"While people talk, a loud crash erupts",1,"[[73.0, 75.0]]",19,13,2,"[13, 14]",13.0,15.0,14.0,58.0,60.0,remote,0,-11.439737319946289,-11.921354293823242,HARD_25 selected by full-access saliency; saliency is not independent evidence
VE6Ku0-ucUM_1,VE6Ku0-ucUM,2-5s,2.0,66.0,1.0,1.0,0.0,control,Keys clack,0,"[[0.0, 2.0]]",16,4,13,"[2, 3, 4, 5, 6, 7, 8, 9, 10, 11, 12, 13, 14]",2.0,15.0,8.5,0.0,7.5,adjacent,1,-10.99681282043457,-9.763744354248047,HARD_25 selected by full-access saliency; saliency is not independent evidence
VE6Ku0-ucUM_2,VE6Ku0-ucUM,2-5s,3.0,66.0,1.0,1.0,0.0,control,Electronic beeps play,0,"[[2.0, 5.0]]",16,63,4,"[62, 63, 64, 65]",62.0,66.0,64.0,57.0,60.5,remote,0,-11.316890716552734,-11.361927032470703,HARD_25 selected by full-access saliency; saliency is not independent evidence
VE6Ku0-ucUM_3,VE6Ku0-ucUM,2-5s,2.0,66.0,1.0,0.9,0.09999999999999998,control,"A car accelerates, its engine revs and wind rushes by",0,"[[65.0, 67.0]]",17,15,3,"[15, 16, 17]",15.0,18.0,16.5,47.0,49.5,remote,0,-10.858112335205078,-11.850593566894531,HARD_25 selected by full-access saliency; saliency is not independent evidence
VZLZ08k3YeA_1,VZLZ08k3YeA,2-5s,2.0,142.0,1.0,1.0,0.0,control,Someone is laughing,0,"[[93.0, 95.0], [98.0, 99.0], [126.0, 128.0]]",35,22,10,"[13, 14, 15, 16, 17, 18, 19, 20, 21, 22]",13.0,23.0,18.0,70.0,76.0,remote,0,-10.291666984558105,-10.96896743774414,HARD_25 selected by full-access saliency; saliency is not independent evidence
VZLZ08k3YeA_3,VZLZ08k3YeA,0-2s,1.0,142.0,0.0,0.5,-0.5,harmful,People are screaming,1,"[[122.0, 123.0]]",36,2,4,"[0, 1, 2, 3]",0.0,4.0,2.0,118.0,120.5,remote,0,-9.650178909301758,-11.009248733520508,HARD_25 selected by full-access saliency; saliency is not independent evidence
VZLZ08k3YeA_4,VZLZ08k3YeA,2-5s,4.0,142.0,1.0,1.0,0.0,control,Someone is walking,0,"[[136.0, 140.0]]",35,12,8,"[7, 8, 9, 10, 11, 12, 13, 14]",7.0,15.0,11.0,121.0,127.0,remote,0,-10.260481834411621,-11.543073654174805,HARD_25 selected by full-access saliency; saliency is not independent evidence
VjSEIRnLAh8_2,VjSEIRnLAh8,2-5s,2.0,300.0,0.0,0.0,0.0,control,Five short electronic beeps sound,1,"[[160.0, 162.0]]",75,5,41,"[0, 1, 2, 3, 4, 5, 6, 7, 8, 9, 10, 11, 12, 13, 14, 15, 16, 17, 18, 19, 20, 21, 22, 23, 24, 25, 26, 27, 28, 29, 30, 31, 32, 33, 34, 35, 36, 37, 38, 39, 40]",0.0,41.0,20.5,119.0,140.5,remote,0,-11.268461227416992,-13.9075345993042,HARD_25 selected by full-access saliency; saliency is not independent evidence
VjSEIRnLAh8_4,VjSEIRnLAh8,2-5s,2.0,300.0,0.0,0.2,-0.2,harmful,A woman talks while a phone vibrates,1,"[[266.0, 268.0]]",75,6,43,"[0, 1, 2, 3, 4, 5, 6, 7, 8, 9, 10, 11, 12, 13, 14, 15, 16, 17, 18, 19, 20, 21, 22, 23, 24, 25, 26, 27, 28, 29, 30, 31, 32, 33, 34, 35, 36, 37, 38, 39, 40, 41, 42]",0.0,43.0,21.5,223.0,245.5,remote,0,-11.004283905029297,-12.881633758544922,HARD_25 selected by full-access saliency; saliency is not independent evidence
WCYfCfW9NA0_4,WCYfCfW9NA0,2-5s,3.0,281.0,1.0,1.0,0.0,control,Several men talk as objects bump together and camera shutters click,0,"[[273.0, 276.0]]",70,241,5,"[241, 242, 243, 244, 245]",241.0,246.0,243.5,27.0,31.0,remote,0,-11.692514419555664,-11.663740158081055,HARD_25 selected by full-access saliency; saliency is not independent evidence
WUpeplQr3A4_1,WUpeplQr3A4,2-5s,2.0,300.0,0.0,0.3,-0.3,harmful,Something heavy thuds,0,"[[19.0, 21.0], [81.0, 82.0], [144.0, 146.0], [176.0, 177.0]]",74,18,12,"[7, 8, 9, 10, 11, 12, 13, 14, 15, 16, 17, 18]",7.0,19.0,13.0,0.0,7.0,adjacent,1,-10.804746627807617,-12.011993408203125,HARD_25 selected by full-access saliency; saliency is not independent evidence
WUyeFOyKIg0_1,WUyeFOyKIg0,2-5s,2.0,299.0,0.0,0.3,-0.3,harmful,Someone blows a whistle as the wind blows,1,"[[199.0, 201.0], [202.0, 204.0]]",74,293,2,"[293, 294]",293.0,295.0,294.0,89.0,91.0,remote,0,-10.613232612609863,-11.216646194458008,HARD_25 selected by full-access saliency; saliency is not independent evidence
WUyeFOyKIg0_2,WUyeFOyKIg0,2-5s,3.0,299.0,1.0,1.0,0.0,control,A horn blares as the wind blows,0,"[[222.0, 225.0], [256.0, 258.0], [293.0, 295.0]]",73,104,5,"[102, 103, 104, 105, 106]",102.0,107.0,104.5,115.0,119.0,remote,0,-10.309321403503418,-10.469691276550293,HARD_25 selected by full-access saliency; saliency is not independent evidence
Wq4OD3olO2w_1,Wq4OD3olO2w,2-5s,2.0,299.0,1.0,1.0,0.0,control,A child shouts at the top of their lungs,0,"[[91.0, 93.0], [94.0, 96.0], [88.0, 90.0]]",74,51,2,"[51, 52]",51.0,53.0,52.0,35.0,37.0,remote,0,-11.357301712036133,-11.487119674682617,HARD_25 selected by full-access saliency; saliency is not independent evidence
WqXFAY4k79s_1,WqXFAY4k79s,2-5s,3.0,300.0,1.0,1.0,0.0,control,A girl screams while background noise fill the air,0,"[[61.0, 64.0], [184.0, 187.0], [188.0, 190.0], [210.0, 212.0], [103.0, 105.0], [172.0, 175.0], [42.0, 43.0], [5.0, 7.0], [70.0, 71.0], [199.0, 201.0], [96.0, 99.0]]",69,12,3,"[12, 13, 14]",12.0,15.0,13.5,5.0,7.5,moderately_near,0,-9.674196243286133,-10.162169456481934,HARD_25 selected by full-access saliency; saliency is not independent evidence
XZTt1xdK8uQ_1,XZTt1xdK8uQ,0-2s,1.0,140.0,1.0,0.0,1.0,control,Engine sounds mix with something dropping into water,1,"[[66.0, 67.0]]",35,108,3,"[106, 107, 108]",106.0,109.0,107.5,39.0,41.0,remote,0,-10.595921516418457,-11.171188354492188,HARD_25 selected by full-access saliency; saliency is not independent evidence
YflmW68gL4E_2,YflmW68gL4E,2-5s,2.0,285.0,1.0,1.0,0.0,control,Someone burps,0,"[[200.0, 202.0], [189.0, 191.0], [30.0, 32.0], [89.0, 90.0], [278.0, 280.0], [94.0, 95.0], [160.0, 161.0], [24.0, 25.0]]",69,5,1,[5],5.0,6.0,5.5,18.0,19.0,remote,0,-10.255295753479004,-10.221410751342773,HARD_25 selected by full-access saliency; saliency is not independent evidence
Z1Cyj4N05lk_3,Z1Cyj4N05lk,2-5s,2.0,299.0,0.0,0.0,0.0,control,Mechanical buzzers and toys make noise as a dog barks,1,"[[175.0, 177.0]]",75,147,1,[147],147.0,148.0,147.5,27.0,28.5,remote,0,-11.915058135986328,-11.947925567626953,HARD_25 selected by full-access saliency; saliency is not independent evidence
Z3wDry8nnJs_1,Z3wDry8nnJs,2-5s,3.0,90.0,1.0,1.0,0.0,control,A girl talks while water flows,0,"[[29.0, 32.0], [47.0, 49.0], [59.0, 62.0]]",21,9,14,"[8, 9, 10, 11, 12, 13, 14, 15, 16, 17, 18, 19, 20, 21]",8.0,22.0,15.0,7.0,15.5,remote,0,-11.44139289855957,-11.707525253295898,HARD_25 selected by full-access saliency; saliency is not independent evidence
Z3wDry8nnJs_3,Z3wDry8nnJs,2-5s,2.0,90.0,1.0,1.0,0.0,control,A girl spits,0,"[[43.0, 44.0], [56.0, 58.0], [67.0, 69.0]]",22,30,3,"[30, 31, 32]",30.0,33.0,31.5,10.0,12.0,remote,0,-10.95414924621582,-10.87458324432373,HARD_25 selected by full-access saliency; saliency is not independent evidence
ZBtgrP4vU_w_2,ZBtgrP4vU_w,2-5s,2.0,300.0,0.0,0.1,-0.1,harmful,gunshots sound,1,"[[7.0, 9.0]]",75,115,6,"[115, 116, 117, 118, 119, 120]",115.0,121.0,118.0,106.0,110.0,remote,0,-12.35626220703125,-12.212056159973145,HARD_25 selected by full-access saliency; saliency is not independent evidence
ZTYAQBnU4GM_1,ZTYAQBnU4GM,2-5s,2.0,114.0,1.0,1.0,0.0,control,A door shuts,0,"[[41.0, 43.0]]",28,18,19,"[9, 10, 11, 12, 13, 14, 15, 16, 17, 18, 19, 20, 21, 22, 23, 24, 25, 26, 27]",9.0,28.0,18.5,13.0,23.5,remote,0,-10.770227432250977,-10.62210464477539,HARD_25 selected by full-access saliency; saliency is not independent evidence
ZUmZgPL0ges_3,ZUmZgPL0ges,2-5s,2.0,168.0,1.0,1.0,0.0,control,"Amid the noise, a dog barks",0,"[[137.0, 138.0], [142.0, 143.0], [157.0, 158.0], [159.0, 160.0], [164.0, 166.0]]",41,135,9,"[128, 129, 130, 131, 132, 133, 134, 135, 136]",128.0,137.0,132.5,0.0,5.0,adjacent,1,-10.728069305419922,-10.865171432495117,HARD_25 selected by full-access saliency; saliency is not independent evidence
Z_smJ66Tb3c_1,Z_smJ66Tb3c,2-5s,4.0,201.0,1.0,1.0,0.0,control,Wings flap and someone whistles,0,"[[10.0, 14.0], [68.0, 71.0], [111.0, 112.0], [15.0, 16.0], [38.0, 42.0]]",47,6,10,"[0, 1, 2, 3, 4, 5, 6, 7, 8, 9]",0.0,10.0,5.0,0.0,7.0,adjacent,1,-11.644901275634766,-11.685733795166016,HARD_25 selected by full-access saliency; saliency is not independent evidence
Z_smJ66Tb3c_3,Z_smJ66Tb3c,0-2s,1.0,201.0,0.0,0.0,0.0,control,Birds chirp and something bumps into another object,1,"[[88.0, 89.0]]",50,15,29,"[0, 1, 2, 3, 4, 5, 6, 7, 8, 9, 10, 11, 12, 13, 14, 15, 16, 17, 18, 19, 20, 21, 22, 23, 24, 25, 26, 27, 28]",0.0,29.0,14.5,59.0,74.0,remote,0,-9.761331558227539,-11.598808288574219,HARD_25 selected by full-access saliency; saliency is not independent evidence
Zsf2YvJfCKw_1,Zsf2YvJfCKw,2-5s,2.0,135.0,1.0,1.0,0.0,control,Something crashes,0,"[[6.0, 8.0], [74.0, 75.0], [98.0, 100.0]]",33,21,3,"[19, 20, 21]",19.0,22.0,20.5,11.0,13.5,remote,0,-11.139117240905762,-11.661470413208008,HARD_25 selected by full-access saliency; saliency is not independent evidence
_AcJVyToQUQ_1,_AcJVyToQUQ,2-5s,2.0,115.0,1.0,1.0,0.0,control,Men and women pretend to sneeze,0,"[[65.0, 66.0], [7.0, 9.0], [90.0, 91.0], [77.0, 79.0], [102.0, 104.0], [1.0, 2.0], [39.0, 41.0], [17.0, 18.0], [26.0, 27.0], [58.0, 59.0]]",26,5,5,"[2, 3, 4, 5, 6]",2.0,7.0,4.5,0.0,3.0,adjacent,1,-10.596778869628906,-10.641313552856445,HARD_25 selected by full-access saliency; saliency is not independent evidence
_BSmz3SEW1w_1,_BSmz3SEW1w,2-5s,2.0,133.0,1.0,0.8,0.19999999999999996,control,Wings flap,1,"[[58.0, 59.0], [82.0, 84.0], [103.0, 104.0]]",33,86,2,"[86, 87]",86.0,88.0,87.0,2.0,4.0,moderately_near,0,-11.452531814575195,-11.793203353881836,HARD_25 selected by full-access saliency; saliency is not independent evidence
_BSmz3SEW1w_2,_BSmz3SEW1w,2-5s,3.0,133.0,1.0,1.0,0.0,control,Doves coo as wings flap,0,"[[82.0, 84.0], [103.0, 104.0], [130.0, 133.0]]",32,3,14,"[0, 1, 2, 3, 4, 5, 6, 7, 8, 9, 10, 11, 12, 13]",0.0,14.0,7.0,68.0,76.0,remote,0,-10.548032760620117,-11.199494361877441,HARD_25 selected by full-access saliency; saliency is not independent evidence
_C2HinL8VlM_1,_C2HinL8VlM,2-5s,4.0,73.0,1.0,1.0,0.0,control,An alarm blares and sirens wail,0,"[[16.0, 20.0], [36.0, 40.0], [47.0, 49.0], [70.0, 72.0]]",16,20,5,"[20, 21, 22, 23, 24]",20.0,25.0,22.5,0.0,4.5,adjacent,1,-10.911809921264648,-10.246358871459961,HARD_25 selected by full-access saliency; saliency is not independent evidence
_YS5uKWoB6g_2,_YS5uKWoB6g,0-2s,1.0,237.0,0.0,0.6,-0.6,harmful,Electronic sound,1,"[[13.0, 14.0]]",59,0,13,"[0, 1, 2, 3, 4, 5, 6, 7, 8, 9, 10, 11, 12]",0.0,13.0,6.5,0.0,7.0,adjacent,1,-10.496039390563965,-10.985970497131348,HARD_25 selected by full-access saliency; saliency is not independent evidence
_YS5uKWoB6g_5,_YS5uKWoB6g,0-2s,1.0,237.0,0.0,0.0,0.0,control,Coughing sounds,1,"[[59.0, 60.0]]",59,8,33,"[0, 1, 2, 3, 4, 5, 6, 7, 8, 9, 10, 11, 12, 13, 14, 15, 16, 17, 18, 19, 20, 21, 22, 23, 24, 25, 26, 27, 28, 29, 30, 31, 32]",0.0,33.0,16.5,26.0,43.0,remote,0,-10.64539909362793,-11.715564727783203,HARD_25 selected by full-access saliency; saliency is not independent evidence
_ezm-TpKj1w_1,_ezm-TpKj1w,2-5s,2.0,130.0,1.0,1.0,0.0,control,"As music plays, an announcement rings out",0,"[[128.0, 130.0]]",32,0,26,"[0, 1, 2, 3, 4, 5, 6, 7, 8, 9, 10, 11, 12, 13, 14, 15, 16, 17, 18, 19, 20, 21, 22, 23, 24, 25]",0.0,26.0,13.0,102.0,116.0,remote,0,-13.116277694702148,-14.254119873046875,HARD_25 selected by full-access saliency; saliency is not independent evidence
_oKXrY5Ff0g_3,_oKXrY5Ff0g,2-5s,2.0,82.0,0.0,0.7,-0.7,harmful,People talk and laugh as a dog barks,1,"[[69.0, 71.0]]",20,6,2,"[6, 7]",6.0,8.0,7.0,61.0,63.0,remote,0,-11.10759162902832,-12.023580551147461,HARD_25 selected by full-access saliency; saliency is not independent evidence
aMhu5eMQAsI_3,aMhu5eMQAsI,2-5s,3.0,170.0,0.0,0.9,-0.9,harmful,"Amid the commotion, a man announces, an engine hums, and music plays",1,"[[133.0, 136.0]]",42,29,22,"[20, 21, 22, 23, 24, 25, 26, 27, 28, 29, 30, 31, 32, 33, 34, 35, 36, 37, 38, 39, 40, 41]",20.0,42.0,31.0,91.0,103.5,remote,0,-10.59068489074707,-11.390527725219727,HARD_25 selected by full-access saliency; saliency is not independent evidence
aZAXO2WZn84_2,aZAXO2WZn84,2-5s,4.0,300.0,1.0,0.9,0.09999999999999998,control,People are talking as a steam whistle blows,0,"[[153.0, 154.0], [50.0, 54.0], [270.0, 271.0], [191.0, 192.0], [58.0, 60.0], [284.0, 285.0], [289.0, 291.0], [131.0, 133.0], [235.0, 237.0], [64.0, 67.0], [38.0, 41.0]]",70,5,25,"[0, 1, 2, 3, 4, 5, 6, 7, 8, 9, 10, 11, 12, 13, 14, 15, 16, 17, 18, 19, 20, 21, 22, 23, 24]",0.0,25.0,12.5,13.0,27.0,remote,0,-9.847214698791504,-10.15784740447998,HARD_25 selected by full-access saliency; saliency is not independent evidence
aZAXO2WZn84_4,aZAXO2WZn84,2-5s,3.0,300.0,1.0,0.1,0.9,control,People are talking as a bell rings,1,"[[113.0, 115.0], [255.0, 258.0]]",74,5,18,"[2, 3, 4, 5, 6, 7, 8, 9, 10, 11, 12, 13, 14, 15, 16, 17, 18, 19]",2.0,20.0,11.0,93.0,103.0,remote,0,-11.471527099609375,-11.85749626159668,HARD_25 selected by full-access saliency; saliency is not independent evidence
aZAXO2WZn84_5,aZAXO2WZn84,0-2s,1.0,300.0,0.0,0.6,-0.6,harmful,People are talking as a horn honks,0,"[[176.0, 177.0], [230.0, 231.0]]",75,5,21,"[0, 1, 2, 3, 4, 5, 6, 7, 8, 9, 10, 11, 12, 13, 14, 15, 16, 17, 18, 19, 20]",0.0,21.0,10.5,155.0,166.0,remote,0,-10.491720199584961,-11.111475944519043,HARD_25 selected by full-access saliency; saliency is not independent evidence
ajheseWZmmU_2,ajheseWZmmU,2-5s,2.0,122.0,1.0,0.9,0.09999999999999998,control,Electronic tones ring out,0,"[[88.0, 90.0]]",30,113,1,[113],113.0,114.0,113.5,23.0,24.5,remote,0,-11.619217872619629,-11.630979537963867,HARD_25 selected by full-access saliency; saliency is not independent evidence
b1PXsfgQw5w_1,b1PXsfgQw5w,0-2s,1.0,297.0,1.0,0.9,0.09999999999999998,control,Someone slaps their hand as people laugh,0,"[[13.0, 14.0], [269.0, 270.0]]",74,219,2,"[219, 220]",219.0,221.0,220.0,48.0,49.5,remote,0,-11.79593276977539,-11.735299110412598,HARD_25 selected by full-access saliency; saliency is not independent evidence
b1PXsfgQw5w_2,b1PXsfgQw5w,0-2s,1.0,297.0,0.0,0.0,0.0,control,A man clears his throat as a woman talks,1,"[[182.0, 183.0]]",74,4,4,"[2, 3, 4, 5]",2.0,6.0,4.0,176.0,178.5,remote,0,-11.533945083618164,-11.854558944702148,HARD_25 selected by full-access saliency; saliency is not independent evidence
bUTOsLXYyxg_1,bUTOsLXYyxg,2-5s,2.0,300.0,0.0,0.3,-0.3,harmful,A short electronic beep sounds,1,"[[28.0, 29.0], [38.0, 40.0]]",75,10,7,"[8, 9, 10, 11, 12, 13, 14]",8.0,15.0,11.5,13.0,17.0,remote,0,-11.018181800842285,-11.475536346435547,HARD_25 selected by full-access saliency; saliency is not independent evidence
bX2vDaHL26U_1,bX2vDaHL26U,2-5s,3.0,74.0,1.0,1.0,0.0,control,"As an engine hums, people talk and hands clap",0,"[[56.0, 59.0]]",18,21,2,"[21, 22]",21.0,23.0,22.0,33.0,35.5,remote,0,-12.093132019042969,-12.460022926330566,HARD_25 selected by full-access saliency; saliency is not independent evidence
bX2vDaHL26U_2,bX2vDaHL26U,0-2s,1.0,74.0,1.0,1.0,0.0,control,"As an engine hums, tires screech",0,"[[45.0, 46.0], [63.0, 64.0]]",18,47,1,[47],47.0,48.0,47.5,1.0,2.0,adjacent,1,-10.519540786743164,-10.710655212402344,HARD_25 selected by full-access saliency; saliency is not independent evidence
bgbnu5YKTDg_4,bgbnu5YKTDg,2-5s,3.0,198.0,1.0,1.0,0.0,control,Someone speaks over the radio as an explosion goes off,0,"[[81.0, 84.0], [110.0, 113.0], [125.0, 127.0], [119.0, 120.0], [48.0, 50.0], [20.0, 22.0], [72.0, 74.0], [68.0, 70.0]]",46,15,5,"[14, 15, 16, 17, 18]",14.0,19.0,16.5,1.0,4.5,adjacent,1,-10.41586685180664,-10.481111526489258,HARD_25 selected by full-access saliency; saliency is not independent evidence
bpv_LneHmfU_1,bpv_LneHmfU,2-5s,3.0,138.0,1.0,0.9,0.09999999999999998,control,A man speaks as engines hum in the background,0,"[[0.0, 3.0]]",34,62,14,"[59, 60, 61, 62, 63, 64, 65, 66, 67, 68, 69, 70, 71, 72]",59.0,73.0,66.0,56.0,64.5,remote,0,-10.481324195861816,-11.952037811279297,HARD_25 selected by full-access saliency; saliency is not independent evidence
cPiSd5nJLrI_1,cPiSd5nJLrI,2-5s,2.0,60.0,0.0,0.8,-0.8,harmful,People chat as a man screams,1,"[[29.0, 31.0]]",15,2,8,"[2, 3, 4, 5, 6, 7, 8, 9]",2.0,10.0,6.0,19.0,24.0,remote,0,-10.969894409179688,-11.800619125366211,HARD_25 selected by full-access saliency; saliency is not independent evidence
cPiSd5nJLrI_2,cPiSd5nJLrI,2-5s,3.0,60.0,1.0,1.0,0.0,control,A woman screams and explosions rumble,0,"[[31.0, 34.0]]",15,23,2,"[23, 24]",23.0,25.0,24.0,6.0,8.5,remote,0,-10.51199722290039,-10.39736557006836,HARD_25 selected by full-access saliency; saliency is not independent evidence
cz0FSQDVBMw_2,cz0FSQDVBMw,0-2s,1.0,248.0,0.0,0.2,-0.2,harmful,A horn blares,1,"[[77.0, 78.0], [196.0, 197.0]]",62,140,6,"[137, 138, 139, 140, 141, 142]",137.0,143.0,140.0,53.0,56.5,remote,0,-10.686071395874023,-12.541742324829102,HARD_25 selected by full-access saliency; saliency is not independent evidence
d6gu2w19YQo_1,d6gu2w19YQo,2-5s,2.0,102.0,1.0,1.0,0.0,control,A baby laughs as a man screams,0,"[[22.0, 24.0], [46.0, 47.0], [58.0, 60.0], [87.0, 89.0]]",24,41,2,"[40, 41]",40.0,42.0,41.0,4.0,5.5,moderately_near,0,-10.845304489135742,-10.951202392578125,HARD_25 selected by full-access saliency; saliency is not independent evidence
dYvL6uEMl6E_1,dYvL6uEMl6E,0-2s,1.0,178.0,0.0,0.0,0.0,control,"As someone speaks, the engine roars",1,"[[178.0, 179.0]]",45,83,9,"[75, 76, 77, 78, 79, 80, 81, 82, 83]",75.0,84.0,79.5,94.0,99.0,remote,0,-12.99561882019043,-13.588529586791992,HARD_25 selected by full-access saliency; saliency is not independent evidence
dkiwn2FdDVw_2,dkiwn2FdDVw,2-5s,2.0,300.0,0.0,0.0,0.0,control,Someone uses a spray,1,"[[87.0, 89.0]]",75,66,13,"[61, 62, 63, 64, 65, 66, 67, 68, 69, 70, 71, 72, 73]",61.0,74.0,67.5,13.0,20.5,remote,0,-10.924030303955078,-11.070061683654785,HARD_25 selected by full-access saliency; saliency is not independent evidence
dkiwn2FdDVw_3,dkiwn2FdDVw,0-2s,1.0,300.0,1.0,0.3,0.7,control,A shutter clicks,1,"[[112.0, 113.0], [103.0, 104.0]]",75,61,13,"[61, 62, 63, 64, 65, 66, 67, 68, 69, 70, 71, 72, 73]",61.0,74.0,67.5,29.0,36.0,remote,0,-10.725013732910156,-11.002443313598633,HARD_25 selected by full-access saliency; saliency is not independent evidence
dkiwn2FdDVw_4,dkiwn2FdDVw,2-5s,3.0,300.0,0.0,0.6,-0.6,harmful,Water sounds as a child's voice is heard,1,"[[185.0, 188.0], [191.0, 194.0], [197.0, 199.0], [201.0, 203.0]]",73,68,20,"[58, 59, 60, 61, 62, 63, 64, 65, 66, 67, 68, 69, 70, 71, 72, 73, 74, 75, 76, 77]",58.0,78.0,68.0,107.0,118.5,remote,0,-10.406208038330078,-10.833908081054688,HARD_25 selected by full-access saliency; saliency is not independent evidence
e2rScj9UyMs_2,e2rScj9UyMs,0-2s,1.0,225.0,0.0,0.3,-0.3,harmful,Birds coo as a bell rings,0,"[[161.0, 162.0]]",56,224,1,[224],224.0,225.0,224.5,62.0,63.0,remote,0,-11.683282852172852,-11.80927848815918,HARD_25 selected by full-access saliency; saliency is not independent evidence
eRU-rABp8nk_2,eRU-rABp8nk,2-5s,2.0,299.0,0.0,0.9,-0.9,harmful,"As people laugh together, a burst of steam hisses",0,"[[202.0, 204.0]]",75,97,2,"[97, 98]",97.0,99.0,98.0,103.0,105.0,remote,0,-11.241891860961914,-11.276752471923828,HARD_25 selected by full-access saliency; saliency is not independent evidence
eRU-rABp8nk_3,eRU-rABp8nk,0-2s,1.0,299.0,0.0,0.0,0.0,control,"As steam hisses, someone clears their throat",1,"[[253.0, 254.0]]",75,117,2,"[116, 117]",116.0,118.0,117.0,135.0,136.5,remote,0,-11.692523956298828,-12.378929138183594,HARD_25 selected by full-access saliency; saliency is not independent evidence
eUecAF626A8_2,eUecAF626A8,2-5s,3.0,299.0,0.0,0.4,-0.4,harmful,"As engines hum, people cheer and applause erupts",1,"[[63.0, 66.0]]",74,51,41,"[20, 21, 22, 23, 24, 25, 26, 27, 28, 29, 30, 31, 32, 33, 34, 35, 36, 37, 38, 39, 40, 41, 42, 43, 44, 45, 46, 47, 48, 49, 50, 51, 52, 53, 54, 55, 56, 57, 58, 59, 60]",20.0,61.0,40.5,2.0,24.0,moderately_near,0,-10.692480087280273,-11.689814567565918,HARD_25 selected by full-access saliency; saliency is not independent evidence
eYbFtxZmKL4_1,eYbFtxZmKL4,2-5s,3.0,299.0,1.0,0.6,0.4,control,Wind blows as a horse gallops and neighs,1,"[[88.0, 90.0], [104.0, 106.0], [153.0, 155.0], [186.0, 189.0]]",73,94,1,[94],94.0,95.0,94.5,4.0,5.5,moderately_near,0,-10.362764358520508,-10.390016555786133,HARD_25 selected by full-access saliency; saliency is not independent evidence
elztUCeNQvQ_1,elztUCeNQvQ,2-5s,4.0,299.0,1.0,0.9,0.09999999999999998,control,A train whistles and passes by,0,"[[7.0, 11.0], [189.0, 193.0]]",73,66,11,"[62, 63, 64, 65, 66, 67, 68, 69, 70, 71, 72]",62.0,73.0,67.5,51.0,58.5,remote,0,-10.117307662963867,-9.496546745300293,HARD_25 selected by full-access saliency; saliency is not independent evidence
elztUCeNQvQ_2,elztUCeNQvQ,2-5s,3.0,299.0,0.0,0.5,-0.5,harmful,A woman speaks as a door slides open,0,"[[32.0, 34.0], [126.0, 129.0], [220.0, 222.0]]",73,64,30,"[43, 44, 45, 46, 47, 48, 49, 50, 51, 52, 53, 54, 55, 56, 57, 58, 59, 60, 61, 62, 63, 64, 65, 66, 67, 68, 69, 70, 71, 72]",43.0,73.0,58.0,9.0,25.0,remote,0,-11.980663299560547,-12.092609405517578,HARD_25 selected by full-access saliency; saliency is not independent evidence
elztUCeNQvQ_5,elztUCeNQvQ,2-5s,2.0,299.0,1.0,0.8,0.19999999999999996,control,A man is speaking,0,"[[271.0, 272.0], [153.0, 155.0], [80.0, 82.0], [296.0, 298.0], [195.0, 196.0], [252.0, 254.0], [107.0, 109.0]]",72,63,11,"[62, 63, 64, 65, 66, 67, 68, 69, 70, 71, 72]",62.0,73.0,67.5,7.0,13.5,remote,0,-9.063652992248535,-10.033750534057617,HARD_25 selected by full-access saliency; saliency is not independent evidence
emGPabOePzA_1,emGPabOePzA,2-5s,2.0,101.0,1.0,1.0,0.0,control,Someone burps,0,"[[87.0, 89.0], [5.0, 7.0]]",25,69,2,"[68, 69]",68.0,70.0,69.0,17.0,19.0,remote,0,-11.60928726196289,-11.66360855102539,HARD_25 selected by full-access saliency; saliency is not independent evidence
eu5bq0A3XVQ_2,eu5bq0A3XVQ,2-5s,2.0,300.0,0.0,0.8,-0.8,harmful,A plastic bottle of a fizzy drink pops open,0,"[[101.0, 103.0]]",75,125,16,"[110, 111, 112, 113, 114, 115, 116, 117, 118, 119, 120, 121, 122, 123, 124, 125]",110.0,126.0,118.0,7.0,16.0,remote,0,-11.355610847473145,-11.2156982421875,HARD_25 selected by full-access saliency; saliency is not independent evidence
eu5bq0A3XVQ_3,eu5bq0A3XVQ,2-5s,3.0,300.0,0.0,0.5,-0.5,harmful,A man talks and claps,0,"[[148.0, 151.0], [161.0, 164.0]]",74,9,9,"[8, 9, 10, 11, 12, 13, 14, 15, 16]",8.0,17.0,12.5,131.0,137.0,remote,0,-11.29013729095459,-12.078938484191895,HARD_25 selected by full-access saliency; saliency is not independent evidence
fGGYeXR_LS8_1,fGGYeXR_LS8,2-5s,4.0,127.0,1.0,1.0,0.0,control,Rain falls,0,"[[0.0, 4.0]]",31,17,20,"[4, 5, 6, 7, 8, 9, 10, 11, 12, 13, 14, 15, 16, 17, 18, 19, 20, 21, 22, 23]",4.0,24.0,14.0,0.0,12.0,adjacent,1,-12.803009033203125,-12.46998405456543,HARD_25 selected by full-access saliency; saliency is not independent evidence
fK4QBQZ6i7w_1,fK4QBQZ6i7w,2-5s,4.0,299.0,0.0,0.6,-0.6,harmful,A man and a woman chat and laugh as a loud electronic tone fills the air,0,"[[95.0, 99.0], [107.0, 111.0]]",73,131,3,"[129, 130, 131]",129.0,132.0,130.5,18.0,21.5,remote,0,-11.012542724609375,-11.027957916259766,HARD_25 selected by full-access saliency; saliency is not independent evidence
fPqj3nnwQOI_1,fPqj3nnwQOI,2-5s,3.0,280.0,1.0,1.0,0.0,control,Music plays and waves lap as a man shouts and groans,0,"[[45.0, 46.0], [148.0, 151.0], [229.0, 231.0], [133.0, 134.0], [35.0, 36.0], [56.0, 57.0], [92.0, 94.0]]",68,69,35,"[57, 58, 59, 60, 61, 62, 63, 64, 65, 66, 67, 68, 69, 70, 71, 72, 73, 74, 75, 76, 77, 78, 79, 80, 81, 82, 83, 84, 85, 86, 87, 88, 89, 90, 91]",57.0,92.0,74.5,0.0,18.0,adjacent,1,-10.741081237792969,-10.800236701965332,HARD_25 selected by full-access saliency; saliency is not independent evidence
fPqj3nnwQOI_2,fPqj3nnwQOI,2-5s,2.0,280.0,1.0,1.0,0.0,control,Music plays and waves lap as a man talks,0,"[[66.0, 68.0], [161.0, 163.0], [156.0, 158.0], [97.0, 99.0], [204.0, 205.0], [177.0, 178.0], [182.0, 184.0], [213.0, 214.0], [242.0, 243.0]]",67,92,29,"[68, 69, 70, 71, 72, 73, 74, 75, 76, 77, 78, 79, 80, 81, 82, 83, 84, 85, 86, 87, 88, 89, 90, 91, 92, 93, 94, 95, 96]",68.0,97.0,82.5,0.0,15.5,adjacent,1,-10.943283081054688,-10.703487396240234,HARD_25 selected by full-access saliency; saliency is not independent evidence
fPqj3nnwQOI_3,fPqj3nnwQOI,0-2s,1.0,280.0,0.0,0.7,-0.7,harmful,Music plays and waves lap as a man laughs,1,"[[78.0, 79.0], [110.0, 111.0], [202.0, 203.0], [222.0, 223.0], [234.0, 235.0]]",69,97,29,"[79, 80, 81, 82, 83, 84, 85, 86, 87, 88, 89, 90, 91, 92, 93, 94, 95, 96, 97, 98, 99, 100, 101, 102, 103, 104, 105, 106, 107]",79.0,108.0,93.5,0.0,15.0,adjacent,1,-10.396974563598633,-10.372162818908691,HARD_25 selected by full-access saliency; saliency is not independent evidence
fPqj3nnwQOI_4,fPqj3nnwQOI,0-2s,1.0,280.0,0.0,0.3,-0.3,harmful,Music plays and waves lap as a man whistles,1,"[[128.0, 129.0]]",70,49,21,"[45, 46, 47, 48, 49, 50, 51, 52, 53, 54, 55, 56, 57, 58, 59, 60, 61, 62, 63, 64, 65]",45.0,66.0,55.5,62.0,73.0,remote,0,-10.335535049438477,-11.203218460083008,HARD_25 selected by full-access saliency; saliency is not independent evidence
fWvWhLJ5Fow_1,fWvWhLJ5Fow,2-5s,4.0,128.0,1.0,1.0,0.0,control,Spray bursts,0,"[[18.0, 21.0], [39.0, 43.0], [65.0, 69.0], [94.0, 97.0], [119.0, 123.0]]",28,85,10,"[83, 84, 85, 86, 87, 88, 89, 90, 91, 92]",83.0,93.0,88.0,1.0,7.5,adjacent,1,-11.663626670837402,-11.857112884521484,HARD_25 selected by full-access saliency; saliency is not independent evidence
fWvWhLJ5Fow_3,fWvWhLJ5Fow,2-5s,4.0,128.0,1.0,0.7,0.30000000000000004,control,"As police sirens wail, horns blare and explosions thunder",0,"[[101.0, 105.0]]",31,96,6,"[95, 96, 97, 98, 99, 100]",95.0,101.0,98.0,0.0,5.0,adjacent,1,-13.468300819396973,-12.763223648071289,HARD_25 selected by full-access saliency; saliency is not independent evidence
fYTZVxQ8LJk_2,fYTZVxQ8LJk,2-5s,3.0,95.0,1.0,1.0,0.0,control,A man speaks,0,"[[36.0, 37.0], [50.0, 53.0], [67.0, 70.0], [88.0, 90.0]]",22,25,4,"[25, 26, 27, 28]",25.0,29.0,27.0,7.0,9.5,remote,0,-10.553995132446289,-10.870233535766602,HARD_25 selected by full-access saliency; saliency is not independent evidence
fYTZVxQ8LJk_3,fYTZVxQ8LJk,2-5s,2.0,95.0,1.0,0.9,0.09999999999999998,control,A child and man talk while a woman laughs,0,"[[76.0, 78.0], [83.0, 85.0], [90.0, 91.0]]",23,1,2,"[0, 1]",0.0,2.0,1.0,74.0,76.0,remote,0,-11.152408599853516,-11.477462768554688,HARD_25 selected by full-access saliency; saliency is not independent evidence
fmEft49sPfE_2,fmEft49sPfE,2-5s,3.0,300.0,1.0,0.7,0.30000000000000004,control,A man sings along with the music,1,"[[19.0, 22.0], [142.0, 144.0]]",74,12,19,"[0, 1, 2, 3, 4, 5, 6, 7, 8, 9, 10, 11, 12, 13, 14, 15, 16, 17, 18]",0.0,19.0,9.5,0.0,11.0,adjacent,1,-9.669930458068848,-9.882866859436035,HARD_25 selected by full-access saliency; saliency is not independent evidence
frOqlk0Wm5Y_1,frOqlk0Wm5Y,0-2s,1.0,109.0,1.0,1.0,0.0,control,Something is set down as a man talks,0,"[[12.0, 13.0], [80.0, 81.0], [90.0, 91.0]]",27,31,1,[31],31.0,32.0,31.5,18.0,19.0,remote,0,-12.011817932128906,-11.941944122314453,HARD_25 selected by full-access saliency; saliency is not independent evidence
frOqlk0Wm5Y_3,frOqlk0Wm5Y,2-5s,3.0,109.0,1.0,1.0,0.0,control,A man speaks while an engine roars,0,"[[105.0, 108.0]]",27,35,2,"[35, 36]",35.0,37.0,36.0,68.0,70.5,remote,0,-12.152053833007812,-11.594488143920898,HARD_25 selected by full-access saliency; saliency is not independent evidence
fwhkCnOeyC0_1,fwhkCnOeyC0,2-5s,2.0,299.0,1.0,1.0,0.0,control,"People applaud as a bell rings, a cat meows, and a dog barks",0,"[[31.0, 33.0], [49.0, 51.0], [101.0, 103.0], [214.0, 215.0], [269.0, 271.0]]",73,44,2,"[43, 44]",43.0,45.0,44.0,4.0,6.0,moderately_near,0,-10.523274421691895,-10.348336219787598,HARD_25 selected by full-access saliency; saliency is not independent evidence
fwhkCnOeyC0_3,fwhkCnOeyC0,2-5s,4.0,299.0,1.0,1.0,0.0,control,Music plays as a man speaks and laughter breaks out,0,"[[153.0, 156.0], [186.0, 188.0], [201.0, 204.0], [178.0, 180.0], [159.0, 162.0], [170.0, 174.0], [165.0, 168.0]]",70,32,5,"[30, 31, 32, 33, 34]",30.0,35.0,32.5,118.0,122.0,remote,0,-10.232486724853516,-11.19741439819336,HARD_25 selected by full-access saliency; saliency is not independent evidence
gW7s3YAthpI_1,gW7s3YAthpI,2-5s,4.0,299.0,0.0,0.2,-0.2,harmful,A man speaks softly while shaking a box containing liquid,1,"[[48.0, 52.0]]",74,16,33,"[15, 16, 17, 18, 19, 20, 21, 22, 23, 24, 25, 26, 27, 28, 29, 30, 31, 32, 33, 34, 35, 36, 37, 38, 39, 40, 41, 42, 43, 44, 45, 46, 47]",15.0,48.0,31.5,0.0,18.5,adjacent,1,-11.29952621459961,-11.710492134094238,HARD_25 selected by full-access saliency; saliency is not independent evidence
gW7s3YAthpI_2,gW7s3YAthpI,2-5s,3.0,299.0,0.0,0.3,-0.3,harmful,A man pours a drink,1,"[[61.0, 64.0]]",74,49,9,"[44, 45, 46, 47, 48, 49, 50, 51, 52]",44.0,53.0,48.5,8.0,14.0,remote,0,-10.510517120361328,-10.63516902923584,HARD_25 selected by full-access saliency; saliency is not independent evidence
gbi6MxPf3hA_1,gbi6MxPf3hA,2-5s,4.0,65.0,1.0,1.0,0.0,control,Someone walks while a man speaks and cars go by,0,"[[0.0, 4.0], [9.0, 13.0]]",15,58,11,"[53, 54, 55, 56, 57, 58, 59, 60, 61, 62, 63]",53.0,64.0,58.5,40.0,47.5,remote,0,-11.042698860168457,-11.692631721496582,HARD_25 selected by full-access saliency; saliency is not independent evidence
gbi6MxPf3hA_2,gbi6MxPf3hA,2-5s,4.0,65.0,1.0,1.0,0.0,control,"As cars go by, brakes squeal, paper rustles, someone walks, and a man speaks",0,"[[9.0, 13.0]]",16,1,8,"[1, 2, 3, 4, 5, 6, 7, 8]",1.0,9.0,5.0,0.0,6.0,adjacent,1,-10.901745796203613,-11.026947975158691,HARD_25 selected by full-access saliency; saliency is not independent evidence
gbi6MxPf3hA_3,gbi6MxPf3hA,2-5s,3.0,65.0,1.0,0.8,0.19999999999999996,control,Breathing mix with car sounds,0,"[[13.0, 16.0]]",16,3,8,"[1, 2, 3, 4, 5, 6, 7, 8]",1.0,9.0,5.0,4.0,9.5,moderately_near,0,-11.234962463378906,-11.233591079711914,HARD_25 selected by full-access saliency; saliency is not independent evidence
gbtcDoh0q3c_2,gbtcDoh0q3c,2-5s,4.0,240.0,0.0,0.1,-0.1,harmful,Insects sing as something gets tapped,1,"[[134.0, 136.0], [187.0, 191.0]]",59,94,2,"[94, 95]",94.0,96.0,95.0,38.0,40.0,remote,0,-11.210260391235352,-11.500385284423828,HARD_25 selected by full-access saliency; saliency is not independent evidence
gf6H_MWCqjw_4,gf6H_MWCqjw,2-5s,3.0,119.0,0.0,0.3,-0.3,harmful,Someone coughs,0,"[[114.0, 117.0]]",29,3,5,"[0, 1, 2, 3, 4]",0.0,5.0,2.5,109.0,113.0,remote,0,-10.684284210205078,-11.808632850646973,HARD_25 selected by full-access saliency; saliency is not independent evidence
gkWd1HugK2w_1,gkWd1HugK2w,2-5s,2.0,151.0,1.0,0.4,0.6,control,Pigeons and other birds call as someone clicks their tongue,1,"[[54.0, 56.0]]",38,67,8,"[64, 65, 66, 67, 68, 69, 70, 71]",64.0,72.0,68.0,8.0,13.0,remote,0,-10.572053909301758,-10.31222915649414,HARD_25 selected by full-access saliency; saliency is not independent evidence
glAeihz0NAM_1,glAeihz0NAM,2-5s,4.0,185.0,0.0,0.9,-0.9,harmful,"Amid the sound of wind and waves, women and children talk and laugh",0,"[[68.0, 72.0], [102.0, 104.0], [155.0, 156.0], [163.0, 164.0]]",45,44,5,"[43, 44, 45, 46, 47]",43.0,48.0,45.5,20.0,24.5,remote,0,-10.787667274475098,-11.25239372253418,HARD_25 selected by full-access saliency; saliency is not independent evidence
gr5Zss89yLQ_1,gr5Zss89yLQ,0-2s,1.0,106.0,0.0,1.0,-1.0,harmful,A car drives by as horns blare,0,"[[0.0, 1.0], [4.0, 5.0]]",26,30,3,"[29, 30, 31]",29.0,32.0,30.5,24.0,26.0,remote,0,-9.606603622436523,-9.638932228088379,HARD_25 selected by full-access saliency; saliency is not independent evidence
gr5Zss89yLQ_3,gr5Zss89yLQ,2-5s,2.0,106.0,1.0,1.0,0.0,control,A woman talks as a car drives by,0,"[[30.0, 32.0], [52.0, 53.0]]",26,51,1,[51],51.0,52.0,51.5,0.0,1.0,adjacent,1,-12.021101951599121,-10.882061004638672,HARD_25 selected by full-access saliency; saliency is not independent evidence
gr5Zss89yLQ_4,gr5Zss89yLQ,2-5s,4.0,106.0,1.0,1.0,0.0,control,A car drives by as the wind blows and an alarm rings,0,"[[50.0, 53.0], [74.0, 78.0]]",25,30,4,"[28, 29, 30, 31]",28.0,32.0,30.0,18.0,21.5,remote,0,-10.054342269897461,-10.1973876953125,HARD_25 selected by full-access saliency; saliency is not independent evidence
h3UhoHIMfpw_1,h3UhoHIMfpw,2-5s,2.0,130.0,0.0,1.0,-1.0,harmful,"As people talk, an explosion erupts",0,"[[65.0, 67.0]]",32,59,2,"[58, 59]",58.0,60.0,59.0,5.0,7.0,moderately_near,0,-11.171142578125,-10.906402587890625,HARD_25 selected by full-access saliency; saliency is not independent evidence
hDMHIDJdfDA_3,hDMHIDJdfDA,2-5s,2.0,76.0,0.0,0.1,-0.1,harmful,A man laughs,1,"[[47.0, 49.0]]",19,2,7,"[1, 2, 3, 4, 5, 6, 7]",1.0,8.0,4.5,39.0,43.5,remote,0,-11.151668548583984,-13.058212280273438,HARD_25 selected by full-access saliency; saliency is not independent evidence
hVUmQfBIYe8_1,hVUmQfBIYe8,2-5s,4.0,179.0,1.0,1.0,0.0,control,A door opens and closes,0,"[[119.0, 121.0], [45.0, 49.0], [84.0, 85.0], [150.0, 151.0], [32.0, 36.0], [104.0, 107.0]]",41,69,4,"[66, 67, 68, 69]",66.0,70.0,68.0,14.0,16.5,remote,0,-11.036397933959961,-11.128265380859375,HARD_25 selected by full-access saliency; saliency is not independent evidence
hmd6pa2e_rs_1,hmd6pa2e_rs,0-2s,1.0,242.0,0.0,0.0,0.0,control,"A bus moves, and people talk while horns honk several times",1,"[[47.0, 48.0]]",61,54,9,"[53, 54, 55, 56, 57, 58, 59, 60, 61]",53.0,62.0,57.5,5.0,10.0,moderately_near,0,-10.080753326416016,-10.887928009033203,HARD_25 selected by full-access saliency; saliency is not independent evidence
hmd6pa2e_rs_2,hmd6pa2e_rs,2-5s,2.0,242.0,0.0,0.2,-0.2,harmful,A bus moves and people talk as a woman laughs,1,"[[180.0, 182.0]]",60,54,16,"[46, 47, 48, 49, 50, 51, 52, 53, 54, 55, 56, 57, 58, 59, 60, 61]",46.0,62.0,54.0,118.0,127.0,remote,0,-10.079484939575195,-12.121332168579102,HARD_25 selected by full-access saliency; saliency is not independent evidence
hmd6pa2e_rs_3,hmd6pa2e_rs,2-5s,3.0,242.0,0.0,0.0,0.0,control,An engine revs,1,"[[240.0, 243.0]]",60,1,36,"[0, 1, 2, 3, 4, 5, 6, 7, 8, 9, 10, 11, 12, 13, 14, 15, 16, 17, 18, 19, 20, 21, 22, 23, 24, 25, 26, 27, 28, 29, 30, 31, 32, 33, 34, 35]",0.0,36.0,18.0,204.0,223.5,remote,0,-11.64466667175293,-12.951017379760742,HARD_25 selected by full-access saliency; saliency is not independent evidence
hzn_wGlzGpU_1,hzn_wGlzGpU,2-5s,2.0,126.0,0.0,1.0,-1.0,harmful,"As engines hum, a woman talks",0,"[[1.0, 3.0]]",31,124,2,"[124, 125]",124.0,126.0,125.0,121.0,123.0,remote,0,-10.514863967895508,-10.471071243286133,HARD_25 selected by full-access saliency; saliency is not independent evidence
hzn_wGlzGpU_2,hzn_wGlzGpU,0-2s,1.0,126.0,1.0,1.0,0.0,control,"As engines hum, objects collide",0,"[[6.0, 7.0], [33.0, 34.0], [12.0, 13.0]]",31,7,2,"[7, 8]",7.0,9.0,8.0,0.0,1.5,adjacent,1,-10.472663879394531,-9.66760540008545,HARD_25 selected by full-access saliency; saliency is not independent evidence
i6MQCm58zlY_3,i6MQCm58zlY,2-5s,3.0,247.0,0.0,1.0,-1.0,harmful,"As an animal cries out, a man speaks",0,"[[102.0, 105.0]]",61,74,5,"[70, 71, 72, 73, 74]",70.0,75.0,72.5,27.0,31.0,remote,0,-10.993671417236328,-11.166425704956055,HARD_25 selected by full-access saliency; saliency is not independent evidence
iOCpICiu4LA_2,iOCpICiu4LA,2-5s,3.0,299.0,0.0,0.0,0.0,control,Birds chirp as a man speaks and insects sing,1,"[[70.0, 73.0]]",74,62,4,"[60, 61, 62, 63]",60.0,64.0,62.0,6.0,9.5,remote,0,-10.602466583251953,-10.777749061584473,HARD_25 selected by full-access saliency; saliency is not independent evidence
ilspW7JRjAg_1,ilspW7JRjAg,0-2s,1.0,208.0,0.0,0.0,0.0,control,The engine rumbles to life,1,"[[25.0, 26.0]]",52,46,4,"[44, 45, 46, 47]",44.0,48.0,46.0,18.0,20.5,remote,0,-11.193437576293945,-11.706645011901855,HARD_25 selected by full-access saliency; saliency is not independent evidence
inSvboaSRwA_2,inSvboaSRwA,0-2s,1.0,299.0,0.0,0.5,-0.5,harmful,Coins scatter across the surface,0,"[[72.0, 73.0]]",75,69,2,"[68, 69]",68.0,70.0,69.0,2.0,3.5,moderately_near,0,-12.183456420898438,-11.801087379455566,HARD_25 selected by full-access saliency; saliency is not independent evidence
jid4t-FzUn0_1,jid4t-FzUn0,2-5s,2.0,163.0,1.0,0.9,0.09999999999999998,control,A man laughs while a sheep bleats,0,"[[72.0, 74.0], [22.0, 23.0], [66.0, 68.0], [78.0, 80.0]]",39,3,4,"[1, 2, 3, 4]",1.0,5.0,3.0,17.0,19.5,remote,0,-11.269638061523438,-11.606711387634277,HARD_25 selected by full-access saliency; saliency is not independent evidence
jid4t-FzUn0_3,jid4t-FzUn0,2-5s,3.0,163.0,1.0,0.9,0.09999999999999998,control,Deep bass drums thump,1,"[[114.0, 117.0]]",40,5,4,"[3, 4, 5, 6]",3.0,7.0,5.0,107.0,110.5,remote,0,-12.142910957336426,-12.351125717163086,HARD_25 selected by full-access saliency; saliency is not independent evidence
jjfUaMQaG1A_2,jjfUaMQaG1A,0-2s,1.0,300.0,0.0,0.7,-0.7,harmful,A man talks as someone clears their throat,1,"[[184.0, 185.0], [234.0, 235.0]]",75,6,6,"[1, 2, 3, 4, 5, 6]",1.0,7.0,4.0,177.0,180.5,remote,0,-11.270341873168945,-11.559080123901367,HARD_25 selected by full-access saliency; saliency is not independent evidence
jlwe9jtu5Gw_1,jlwe9jtu5Gw,2-5s,3.0,63.0,1.0,1.0,0.0,control,A child shouts,0,"[[2.0, 5.0]]",15,34,3,"[33, 34, 35]",33.0,36.0,34.5,28.0,31.0,remote,0,-10.904182434082031,-9.459160804748535,HARD_25 selected by full-access saliency; saliency is not independent evidence
jlwe9jtu5Gw_2,jlwe9jtu5Gw,2-5s,2.0,63.0,0.0,1.0,-1.0,harmful,Someone clicks their tongue and a child calls out,0,"[[17.0, 19.0], [26.0, 27.0]]",15,31,6,"[28, 29, 30, 31, 32, 33]",28.0,34.0,31.0,1.0,4.5,adjacent,1,-11.537663459777832,-11.951963424682617,HARD_25 selected by full-access saliency; saliency is not independent evidence
jlwe9jtu5Gw_3,jlwe9jtu5Gw,2-5s,3.0,63.0,1.0,1.0,0.0,control,Faint voices and noises fill the background as whistling joins in,0,"[[50.0, 53.0], [61.0, 64.0], [54.0, 57.0]]",14,2,3,"[2, 3, 4]",2.0,5.0,3.5,45.0,48.0,remote,0,-10.676790237426758,-10.883166313171387,HARD_25 selected by full-access saliency; saliency is not independent evidence
kHIe4CfaccQ_2,kHIe4CfaccQ,2-5s,2.0,112.0,1.0,0.8,0.19999999999999996,control,Wind blows as water flows,0,"[[33.0, 35.0]]",28,1,3,"[0, 1, 2]",0.0,3.0,1.5,30.0,32.5,remote,0,-12.761348724365234,-13.299697875976562,HARD_25 selected by full-access saliency; saliency is not independent evidence
kXjzsroVTtw_1,kXjzsroVTtw,0-2s,1.0,92.0,0.0,1.0,-1.0,harmful,Something collides with something while birds call,1,"[[58.0, 59.0]]",23,1,6,"[0, 1, 2, 3, 4, 5]",0.0,6.0,3.0,52.0,55.5,remote,0,-10.203166007995605,-11.299552917480469,HARD_25 selected by full-access saliency; saliency is not independent evidence
kdflh3akyH8_1,kdflh3akyH8,2-5s,2.0,99.0,1.0,0.6,0.4,control,A man talks and a dog barks,0,"[[58.0, 60.0]]",25,7,6,"[6, 7, 8, 9, 10, 11]",6.0,12.0,9.0,46.0,50.0,remote,0,-10.558008193969727,-11.341552734375,HARD_25 selected by full-access saliency; saliency is not independent evidence
lTfNLKEy1RU_2,lTfNLKEy1RU,2-5s,2.0,181.0,1.0,1.0,0.0,control,Someone blows their nose,0,"[[171.0, 173.0]]",45,6,6,"[2, 3, 4, 5, 6, 7]",2.0,8.0,5.0,163.0,167.0,remote,0,-13.051340103149414,-12.857805252075195,HARD_25 selected by full-access saliency; saliency is not independent evidence
lVr-PxhZo8s_1,lVr-PxhZo8s,2-5s,2.0,69.0,1.0,1.0,0.0,control,Electronic beeps play,0,"[[1.0, 3.0]]",17,0,1,[0],0.0,1.0,0.5,0.0,1.5,adjacent,1,-12.527606010437012,-12.884263038635254,HARD_25 selected by full-access saliency; saliency is not independent evidence
lVr-PxhZo8s_3,lVr-PxhZo8s,0-2s,1.0,69.0,0.0,0.8,-0.8,harmful,An engine starts,0,"[[3.0, 4.0]]",17,0,3,"[0, 1, 2]",0.0,3.0,1.5,0.0,2.0,adjacent,1,-10.419556617736816,-10.289509773254395,HARD_25 selected by full-access saliency; saliency is not independent evidence
lgwpIImXCWA_3,lgwpIImXCWA,2-5s,2.0,194.0,1.0,1.0,0.0,control,A drill whirs in the background,0,"[[133.0, 134.0], [136.0, 138.0]]",48,53,8,"[51, 52, 53, 54, 55, 56, 57, 58]",51.0,59.0,55.0,74.0,78.5,remote,0,-12.568678855895996,-12.86335563659668,HARD_25 selected by full-access saliency; saliency is not independent evidence
lh801oHGtD4_2,lh801oHGtD4,2-5s,3.0,97.0,1.0,1.0,0.0,control,Gears are turning and doors are opening and closing,0,"[[59.0, 61.0], [65.0, 67.0], [78.0, 81.0], [84.0, 85.0], [36.0, 37.0]]",22,68,2,"[68, 69]",68.0,70.0,69.0,1.0,3.0,adjacent,1,-11.861347198486328,-11.617860794067383,HARD_25 selected by full-access saliency; saliency is not independent evidence
lh801oHGtD4_3,lh801oHGtD4,2-5s,4.0,97.0,1.0,1.0,0.0,control,A man speaks as an alarm blares,0,"[[90.0, 94.0]]",24,5,18,"[1, 2, 3, 4, 5, 6, 7, 8, 9, 10, 11, 12, 13, 14, 15, 16, 17, 18]",1.0,19.0,10.0,71.0,82.0,remote,0,-11.381875991821289,-12.333724975585938,HARD_25 selected by full-access saliency; saliency is not independent evidence
lmPMhs-9IYE_2,lmPMhs-9IYE,2-5s,4.0,155.0,1.0,0.1,0.9,control,People cheer as an announcement rings out,1,"[[94.0, 98.0]]",38,122,9,"[114, 115, 116, 117, 118, 119, 120, 121, 122]",114.0,123.0,118.5,16.0,22.5,remote,0,-10.857933044433594,-11.034850120544434,HARD_25 selected by full-access saliency; saliency is not independent evidence
lrKGCtSsAkA_2,lrKGCtSsAkA,2-5s,2.0,240.0,0.0,0.0,0.0,control,A propeller spins as the wind blows and a baby makes noise,1,"[[17.0, 19.0]]",60,98,4,"[98, 99, 100, 101]",98.0,102.0,100.0,79.0,82.0,remote,0,-10.879508972167969,-11.434072494506836,HARD_25 selected by full-access saliency; saliency is not independent evidence
lrKGCtSsAkA_3,lrKGCtSsAkA,0-2s,1.0,240.0,0.0,0.8,-0.8,harmful,A propeller spins as the wind blows and a man talks,0,"[[22.0, 23.0]]",60,237,12,"[228, 229, 230, 231, 232, 233, 234, 235, 236, 237, 238, 239]",228.0,240.0,234.0,205.0,211.5,remote,0,-10.846616744995117,-11.524368286132812,HARD_25 selected by full-access saliency; saliency is not independent evidence
lrKGCtSsAkA_4,lrKGCtSsAkA,0-2s,1.0,240.0,1.0,1.0,0.0,control,Plastic gets crushed as the wind blows,0,"[[239.0, 240.0]]",60,231,8,"[231, 232, 233, 234, 235, 236, 237, 238]",231.0,239.0,235.0,0.0,4.5,adjacent,1,-12.048319816589355,-11.684762954711914,HARD_25 selected by full-access saliency; saliency is not independent evidence
mSF_FqBtRPs_1,mSF_FqBtRPs,2-5s,4.0,67.0,1.0,1.0,0.0,control,Electronic beeps play,0,"[[1.0, 5.0]]",16,21,3,"[19, 20, 21]",19.0,22.0,20.5,14.0,17.5,remote,0,-10.91861343383789,-10.377410888671875,HARD_25 selected by full-access saliency; saliency is not independent evidence
mWqH2xwjkYA_1,mWqH2xwjkYA,2-5s,4.0,118.0,1.0,1.0,0.0,control,Something gets spat out and people are laughing,0,"[[71.0, 73.0], [79.0, 81.0], [102.0, 104.0], [40.0, 42.0], [112.0, 115.0], [8.0, 11.0], [53.0, 55.0], [17.0, 21.0], [117.0, 119.0], [25.0, 28.0], [45.0, 47.0], [91.0, 93.0], [85.0, 88.0]]",22,6,2,"[6, 7]",6.0,8.0,7.0,0.0,2.5,adjacent,1,-11.410572052001953,-11.398138046264648,HARD_25 selected by full-access saliency; saliency is not independent evidence
m_U506sf9p4_2,m_U506sf9p4,2-5s,2.0,212.0,0.0,0.7,-0.7,harmful,A horn blares as several items drop into a bowl-like container,1,"[[58.0, 60.0]]",53,76,4,"[76, 77, 78, 79]",76.0,80.0,78.0,16.0,19.0,remote,0,-11.888662338256836,-12.135939598083496,HARD_25 selected by full-access saliency; saliency is not independent evidence
m_U506sf9p4_3,m_U506sf9p4,2-5s,2.0,212.0,0.0,1.0,-1.0,harmful,A horn blares as a metal object is set down and scrapes,1,"[[69.0, 71.0]]",53,59,8,"[53, 54, 55, 56, 57, 58, 59, 60]",53.0,61.0,57.0,8.0,13.0,remote,0,-10.663818359375,-10.933894157409668,HARD_25 selected by full-access saliency; saliency is not independent evidence
m_U506sf9p4_4,m_U506sf9p4,2-5s,3.0,212.0,1.0,1.0,0.0,control,Steam hisses,0,"[[76.0, 79.0]]",53,70,1,[70],70.0,71.0,70.5,5.0,7.0,moderately_near,0,-11.586456298828125,-11.39146614074707,HARD_25 selected by full-access saliency; saliency is not independent evidence
n-JyOqYSLQM_2,n-JyOqYSLQM,2-5s,2.0,299.0,1.0,0.1,0.9,control,A car horn blares,1,"[[148.0, 150.0]]",75,114,2,"[114, 115]",114.0,116.0,115.0,32.0,34.0,remote,0,-11.588414192199707,-12.229179382324219,HARD_25 selected by full-access saliency; saliency is not independent evidence
nLtNjMimLE0_1,nLtNjMimLE0,2-5s,4.0,299.0,0.0,0.3,-0.3,harmful,A man talks over the sound of an engine and water,1,"[[44.0, 48.0]]",74,72,36,"[64, 65, 66, 67, 68, 69, 70, 71, 72, 73, 74, 75, 76, 77, 78, 79, 80, 81, 82, 83, 84, 85, 86, 87, 88, 89, 90, 91, 92, 93, 94, 95, 96, 97, 98, 99]",64.0,100.0,82.0,16.0,36.0,remote,0,-10.654046058654785,-10.758260726928711,HARD_25 selected by full-access saliency; saliency is not independent evidence
nU-AI3Cmc3M_1,nU-AI3Cmc3M,2-5s,3.0,86.0,0.0,1.0,-1.0,harmful,Pigeons coo and flap their wings,0,"[[37.0, 40.0]]",21,1,4,"[0, 1, 2, 3]",0.0,4.0,2.0,33.0,36.5,remote,0,-11.35016918182373,-11.748600959777832,HARD_25 selected by full-access saliency; saliency is not independent evidence
nlC4UI4hZ60_2,nlC4UI4hZ60,2-5s,3.0,77.0,0.0,0.0,0.0,control,"As a man speaks, an engine hums",0,"[[67.0, 68.0], [36.0, 39.0]]",19,1,18,"[0, 1, 2, 3, 4, 5, 6, 7, 8, 9, 10, 11, 12, 13, 14, 15, 16, 17]",0.0,18.0,9.0,18.0,28.5,remote,0,-9.372671127319336,-12.320159912109375,HARD_25 selected by full-access saliency; saliency is not independent evidence
o7-X8DAToGc_1,o7-X8DAToGc,2-5s,2.0,300.0,1.0,0.0,1.0,control,"As engines roar, a man speaks in the background",1,"[[133.0, 135.0], [143.0, 145.0], [233.0, 235.0]]",74,108,1,[108],108.0,109.0,108.5,24.0,25.5,remote,0,-10.514921188354492,-11.081552505493164,HARD_25 selected by full-access saliency; saliency is not independent evidence
o7-X8DAToGc_2,o7-X8DAToGc,2-5s,2.0,300.0,0.0,0.0,0.0,control,"As engines roar, tires squeal",1,"[[46.0, 48.0], [101.0, 103.0]]",74,133,2,"[133, 134]",133.0,135.0,134.0,30.0,32.0,remote,0,-10.254135131835938,-10.371618270874023,HARD_25 selected by full-access saliency; saliency is not independent evidence
oN0IcZaHD_8_2,oN0IcZaHD_8,2-5s,2.0,299.0,1.0,1.0,0.0,control,Something is being hammered into wood,0,"[[36.0, 38.0], [39.0, 41.0], [42.0, 44.0], [46.0, 47.0]]",73,45,2,"[44, 45]",44.0,46.0,45.0,0.0,1.5,adjacent,1,-10.770295143127441,-10.78665828704834,HARD_25 selected by full-access saliency; saliency is not independent evidence
oNHCc_izsDE_1,oNHCc_izsDE,0-2s,1.0,106.0,0.0,1.0,-1.0,harmful,A man and a woman talk,0,"[[0.0, 1.0]]",27,1,1,[1],1.0,2.0,1.5,0.0,1.0,adjacent,1,-11.274852752685547,-11.123893737792969,HARD_25 selected by full-access saliency; saliency is not independent evidence
os_2U4xqTqw_1,os_2U4xqTqw,2-5s,3.0,223.0,1.0,1.0,0.0,control,Animals call,0,"[[21.0, 24.0], [54.0, 56.0], [78.0, 80.0], [80.0, 83.0]]",54,17,9,"[12, 13, 14, 15, 16, 17, 18, 19, 20]",12.0,21.0,16.5,0.0,6.0,adjacent,1,-11.218114852905273,-11.179428100585938,HARD_25 selected by full-access saliency; saliency is not independent evidence
os_2U4xqTqw_2,os_2U4xqTqw,2-5s,3.0,223.0,1.0,1.0,0.0,control,Lips buzz,0,"[[45.0, 46.0], [76.0, 77.0], [70.0, 72.0], [83.0, 85.0], [41.0, 43.0], [47.0, 50.0], [60.0, 62.0]]",53,19,7,"[15, 16, 17, 18, 19, 20, 21]",15.0,22.0,18.5,19.0,23.5,remote,0,-11.594062805175781,-11.63706111907959,HARD_25 selected by full-access saliency; saliency is not independent evidence
os_2U4xqTqw_3,os_2U4xqTqw,0-2s,1.0,223.0,1.0,1.0,0.0,control,Something squishes,0,"[[59.0, 60.0], [62.0, 63.0]]",56,60,1,[60],60.0,61.0,60.5,0.0,1.0,adjacent,1,-11.561492919921875,-11.549552917480469,HARD_25 selected by full-access saliency; saliency is not independent evidence
os_2U4xqTqw_4,os_2U4xqTqw,2-5s,4.0,223.0,0.0,0.7,-0.7,harmful,Footsteps echo,0,"[[101.0, 105.0]]",55,59,3,"[58, 59, 60]",58.0,61.0,59.5,40.0,43.5,remote,0,-10.73223876953125,-10.840105056762695,HARD_25 selected by full-access saliency; saliency is not independent evidence
p9qRTh4BmSE_1,p9qRTh4BmSE,2-5s,2.0,128.0,0.0,0.3,-0.3,harmful,"As gunshots and collisions erupt, someone coughs",1,"[[18.0, 20.0]]",32,21,7,"[20, 21, 22, 23, 24, 25, 26]",20.0,27.0,23.5,0.0,4.5,adjacent,1,-10.688695907592773,-10.87119197845459,HARD_25 selected by full-access saliency; saliency is not independent evidence
p9qRTh4BmSE_2,p9qRTh4BmSE,2-5s,2.0,128.0,1.0,0.9,0.09999999999999998,control,"As people talk, tape tears",0,"[[29.0, 30.0], [39.0, 41.0], [34.0, 35.0]]",31,0,26,"[0, 1, 2, 3, 4, 5, 6, 7, 8, 9, 10, 11, 12, 13, 14, 15, 16, 17, 18, 19, 20, 21, 22, 23, 24, 25]",0.0,26.0,13.0,3.0,16.5,moderately_near,0,-10.899669647216797,-11.188070297241211,HARD_25 selected by full-access saliency; saliency is not independent evidence
pCQEWAFGEjc_1,pCQEWAFGEjc,2-5s,3.0,299.0,1.0,1.0,0.0,control,Steam hisses while a whistle blows,0,"[[27.0, 29.0], [47.0, 49.0], [117.0, 120.0], [273.0, 274.0], [53.0, 54.0]]",73,41,8,"[39, 40, 41, 42, 43, 44, 45, 46]",39.0,47.0,43.0,0.0,5.0,adjacent,1,-10.315576553344727,-10.171252250671387,HARD_25 selected by full-access saliency; saliency is not independent evidence
pCQEWAFGEjc_2,pCQEWAFGEjc,2-5s,4.0,299.0,0.0,0.8,-0.8,harmful,Brakes screech,1,"[[186.0, 190.0]]",74,28,50,"[0, 1, 2, 3, 4, 5, 6, 7, 8, 9, 10, 11, 12, 13, 14, 15, 16, 17, 18, 19, 20, 21, 22, 23, 24, 25, 26, 27, 28, 29, 30, 31, 32, 33, 34, 35, 36, 37, 38, 39, 40, 41, 42, 43, 44, 45, 46, 47, 48, 49]",0.0,50.0,25.0,136.0,163.0,remote,0,-9.213234901428223,-10.739646911621094,HARD_25 selected by full-access saliency; saliency is not independent evidence
pHYkWkZ4guE_3,pHYkWkZ4guE,2-5s,2.0,300.0,0.0,0.9,-0.9,harmful,Train whistle blows,1,"[[66.0, 68.0], [201.0, 202.0], [223.0, 225.0]]",74,131,13,"[123, 124, 125, 126, 127, 128, 129, 130, 131, 132, 133, 134, 135]",123.0,136.0,129.5,55.0,62.5,remote,0,-9.917196273803711,-9.58277416229248,HARD_25 selected by full-access saliency; saliency is not independent evidence
pI_kPedctoo_1,pI_kPedctoo,0-2s,1.0,76.0,1.0,1.0,0.0,control,Brakes squeal,0,"[[73.0, 74.0]]",19,74,2,"[74, 75]",74.0,76.0,75.0,0.0,1.5,adjacent,1,-11.151824951171875,-10.932764053344727,HARD_25 selected by full-access saliency; saliency is not independent evidence
pO8kbg9IJnc_2,pO8kbg9IJnc,2-5s,4.0,131.0,1.0,1.0,0.0,control,Something clicks into place,0,"[[61.0, 62.0], [101.0, 105.0]]",32,67,7,"[66, 67, 68, 69, 70, 71, 72]",66.0,73.0,69.5,4.0,8.0,moderately_near,0,-11.405097961425781,-11.271950721740723,HARD_25 selected by full-access saliency; saliency is not independent evidence
pO8kbg9IJnc_3,pO8kbg9IJnc,2-5s,2.0,131.0,1.0,1.0,0.0,control,Water is flowing,0,"[[90.0, 92.0], [128.0, 130.0]]",32,61,1,[61],61.0,62.0,61.5,28.0,29.5,remote,0,-11.43342399597168,-10.628683090209961,HARD_25 selected by full-access saliency; saliency is not independent evidence
paf0nyjg1Js_1,paf0nyjg1Js,2-5s,4.0,299.0,0.0,0.4,-0.4,harmful,"As a woman speaks, background noise fills the air",1,"[[58.0, 62.0]]",74,67,22,"[63, 64, 65, 66, 67, 68, 69, 70, 71, 72, 73, 74, 75, 76, 77, 78, 79, 80, 81, 82, 83, 84]",63.0,85.0,74.0,1.0,14.0,adjacent,1,-10.928910255432129,-10.935186386108398,HARD_25 selected by full-access saliency; saliency is not independent evidence
paf0nyjg1Js_2,paf0nyjg1Js,2-5s,3.0,299.0,1.0,0.3,0.7,control,"As a woman speaks, something is being struck",1,"[[233.0, 236.0], [260.0, 262.0]]",74,174,4,"[174, 175, 176, 177]",174.0,178.0,176.0,55.0,58.5,remote,0,-11.305590629577637,-11.577615737915039,HARD_25 selected by full-access saliency; saliency is not independent evidence
pgq2KPX5_SA_2,pgq2KPX5_SA,2-5s,4.0,208.0,0.0,0.2,-0.2,harmful,A zipper opens,1,"[[66.0, 70.0]]",51,104,8,"[97, 98, 99, 100, 101, 102, 103, 104]",97.0,105.0,101.0,27.0,33.0,remote,0,-10.780038833618164,-11.185408592224121,HARD_25 selected by full-access saliency; saliency is not independent evidence
pgq2KPX5_SA_4,pgq2KPX5_SA,2-5s,2.0,208.0,1.0,1.0,0.0,control,Electronic sounds play,0,"[[195.0, 197.0]]",52,10,11,"[5, 6, 7, 8, 9, 10, 11, 12, 13, 14, 15]",5.0,16.0,10.5,179.0,185.5,remote,0,-12.08360481262207,-11.302519798278809,HARD_25 selected by full-access saliency; saliency is not independent evidence
ptIksg9KEac_2,ptIksg9KEac,2-5s,4.0,133.0,1.0,1.0,0.0,control,Toys squeak,0,"[[23.0, 27.0], [116.0, 118.0]]",32,18,11,"[12, 13, 14, 15, 16, 17, 18, 19, 20, 21, 22]",12.0,23.0,17.5,0.0,7.5,adjacent,1,-10.001482009887695,-11.029462814331055,HARD_25 selected by full-access saliency; saliency is not independent evidence
ptIksg9KEac_3,ptIksg9KEac,0-2s,1.0,133.0,1.0,1.0,0.0,control,A woman speaks,0,"[[124.0, 125.0]]",33,21,6,"[21, 22, 23, 24, 25, 26]",21.0,27.0,24.0,97.0,100.5,remote,0,-10.111385345458984,-10.303600311279297,HARD_25 selected by full-access saliency; saliency is not independent evidence
q1ivQ_2fddk_3,q1ivQ_2fddk,2-5s,2.0,167.0,0.0,0.9,-0.9,harmful,"While a man speaks, screams ring out",0,"[[22.0, 24.0]]",42,160,1,[160],160.0,161.0,160.5,136.0,137.5,remote,0,-10.609811782836914,-10.88079833984375,HARD_25 selected by full-access saliency; saliency is not independent evidence
q3SEOW2m4WY_1,q3SEOW2m4WY,2-5s,2.0,62.0,1.0,0.9,0.09999999999999998,control,An engine starts as something is bumped,0,"[[36.0, 38.0], [1.0, 3.0]]",15,0,1,[0],0.0,1.0,0.5,0.0,1.5,adjacent,1,-10.154718399047852,-10.916282653808594,HARD_25 selected by full-access saliency; saliency is not independent evidence
q3SEOW2m4WY_3,q3SEOW2m4WY,0-2s,1.0,62.0,1.0,1.0,0.0,control,A whistle blows,0,"[[27.0, 28.0]]",16,3,4,"[0, 1, 2, 3]",0.0,4.0,2.0,23.0,25.5,remote,0,-10.528578758239746,-9.752460479736328,HARD_25 selected by full-access saliency; saliency is not independent evidence
q3SEOW2m4WY_4,q3SEOW2m4WY,2-5s,4.0,62.0,1.0,1.0,0.0,control,A train rumbles by,0,"[[28.0, 32.0]]",15,3,14,"[0, 1, 2, 3, 4, 5, 6, 7, 8, 9, 10, 11, 12, 13]",0.0,14.0,7.0,14.0,23.0,remote,0,-11.041547775268555,-11.793987274169922,HARD_25 selected by full-access saliency; saliency is not independent evidence
qeSl7YZAfs4_2,qeSl7YZAfs4,2-5s,4.0,299.0,0.0,0.5,-0.5,harmful,A man speaks as water flows and something rubs against another object,0,"[[112.0, 116.0]]",74,29,52,"[20, 21, 22, 23, 24, 25, 26, 27, 28, 29, 30, 31, 32, 33, 34, 35, 36, 37, 38, 39, 40, 41, 42, 43, 44, 45, 46, 47, 48, 49, 50, 51, 52, 53, 54, 55, 56, 57, 58, 59, 60, 61, 62, 63, 64, 65, 66, 67, 68, 69, 70, 71]",20.0,72.0,46.0,40.0,68.0,remote,0,-9.955201148986816,-10.797466278076172,HARD_25 selected by full-access saliency; saliency is not independent evidence
r2KhpX_QgXA_1,r2KhpX_QgXA,2-5s,4.0,299.0,1.0,0.3,0.7,control,A man talks over the clang of metal,0,"[[139.0, 143.0], [171.0, 174.0]]",73,119,2,"[118, 119]",118.0,120.0,119.0,19.0,22.0,remote,0,-12.069000244140625,-11.631160736083984,HARD_25 selected by full-access saliency; saliency is not independent evidence
rE6BJ0Bo4w4_3,rE6BJ0Bo4w4,2-5s,4.0,242.0,1.0,1.0,0.0,control,Water flows,0,"[[147.0, 149.0], [200.0, 204.0]]",59,11,4,"[10, 11, 12, 13]",10.0,14.0,12.0,133.0,136.0,remote,0,-10.971720695495605,-9.466772079467773,HARD_25 selected by full-access saliency; saliency is not independent evidence
rE6BJ0Bo4w4_4,rE6BJ0Bo4w4,2-5s,3.0,242.0,1.0,0.8,0.19999999999999996,control,Light tapping sound,0,"[[207.0, 210.0]]",60,12,2,"[11, 12]",11.0,13.0,12.0,194.0,196.5,remote,0,-12.374444961547852,-11.916522979736328,HARD_25 selected by full-access saliency; saliency is not independent evidence
rPkCYq4Zjwk_1,rPkCYq4Zjwk,2-5s,3.0,203.0,0.0,0.6,-0.6,harmful,Electronic tones and a machine voice sound out,0,"[[4.0, 6.0], [200.0, 203.0]]",50,1,3,"[0, 1, 2]",0.0,3.0,1.5,1.0,3.5,adjacent,1,-11.782676696777344,-12.152944564819336,HARD_25 selected by full-access saliency; saliency is not independent evidence
rPkCYq4Zjwk_2,rPkCYq4Zjwk,2-5s,3.0,203.0,1.0,0.9,0.09999999999999998,control,Music plays while a woman talks,0,"[[24.0, 27.0], [34.0, 37.0], [41.0, 44.0]]",49,16,2,"[15, 16]",15.0,17.0,16.0,7.0,9.5,remote,0,-10.301556587219238,-10.34702205657959,HARD_25 selected by full-access saliency; saliency is not independent evidence
riM7b5bJ9KQ_1,riM7b5bJ9KQ,2-5s,3.0,74.0,1.0,1.0,0.0,control,Someone farts,0,"[[13.0, 16.0]]",18,21,1,[21],21.0,22.0,21.5,5.0,7.0,moderately_near,0,-11.495091438293457,-11.229874610900879,HARD_25 selected by full-access saliency; saliency is not independent evidence
riM7b5bJ9KQ_3,riM7b5bJ9KQ,2-5s,2.0,74.0,1.0,1.0,0.0,control,"As metal clangs, someone screams",0,"[[57.0, 59.0]]",18,17,1,[17],17.0,18.0,17.5,39.0,40.5,remote,0,-11.317747116088867,-10.442411422729492,HARD_25 selected by full-access saliency; saliency is not independent evidence
rvtA7c1I4xo_1,rvtA7c1I4xo,2-5s,3.0,130.0,1.0,0.9,0.09999999999999998,control,Wind whooshes as an effect,1,"[[0.0, 3.0]]",32,13,14,"[8, 9, 10, 11, 12, 13, 14, 15, 16, 17, 18, 19, 20, 21]",8.0,22.0,15.0,5.0,13.5,moderately_near,0,-10.532492637634277,-10.567026138305664,HARD_25 selected by full-access saliency; saliency is not independent evidence
rvtA7c1I4xo_2,rvtA7c1I4xo,2-5s,4.0,130.0,0.0,0.9,-0.9,harmful,A man talks as people chat and shoes squeak in the background,0,"[[5.0, 9.0]]",32,11,4,"[11, 12, 13, 14]",11.0,15.0,13.0,2.0,6.0,moderately_near,0,-13.09811019897461,-13.678983688354492,HARD_25 selected by full-access saliency; saliency is not independent evidence
rvtA7c1I4xo_3,rvtA7c1I4xo,2-5s,2.0,130.0,1.0,0.9,0.09999999999999998,control,"As music plays, a whistle sounds",0,"[[10.0, 11.0], [16.0, 18.0], [37.0, 38.0], [43.0, 45.0], [94.0, 95.0]]",31,14,4,"[12, 13, 14, 15]",12.0,16.0,14.0,0.0,3.0,adjacent,1,-10.834731101989746,-11.13107681274414,HARD_25 selected by full-access saliency; saliency is not independent evidence
rvtA7c1I4xo_4,rvtA7c1I4xo,2-5s,3.0,130.0,0.0,0.8,-0.8,harmful,"As music plays and people talk, applause breaks out",0,"[[124.0, 127.0]]",32,35,28,"[20, 21, 22, 23, 24, 25, 26, 27, 28, 29, 30, 31, 32, 33, 34, 35, 36, 37, 38, 39, 40, 41, 42, 43, 44, 45, 46, 47]",20.0,48.0,34.0,76.0,91.5,remote,0,-10.979251861572266,-11.487504959106445,HARD_25 selected by full-access saliency; saliency is not independent evidence
sTMKled6Q1M_1,sTMKled6Q1M,2-5s,4.0,300.0,1.0,1.0,0.0,control,"Birds chirp and wings flutter, with whistling from time to time",0,"[[140.0, 144.0], [12.0, 13.0], [59.0, 60.0], [282.0, 283.0], [17.0, 18.0], [73.0, 74.0], [293.0, 294.0], [55.0, 57.0], [68.0, 71.0], [31.0, 33.0], [90.0, 94.0], [287.0, 290.0], [42.0, 43.0]]",69,45,10,"[43, 44, 45, 46, 47, 48, 49, 50, 51, 52]",43.0,53.0,48.0,0.0,5.5,adjacent,1,-10.141013145446777,-10.340180397033691,HARD_25 selected by full-access saliency; saliency is not independent evidence
sTMKled6Q1M_2,sTMKled6Q1M,2-5s,3.0,300.0,1.0,0.2,0.8,control,Birds chirp as a man speaks,1,"[[105.0, 108.0], [185.0, 187.0], [198.0, 201.0], [249.0, 250.0], [268.0, 270.0]]",73,292,2,"[292, 293]",292.0,294.0,293.0,22.0,24.0,remote,0,-11.177732467651367,-11.657740592956543,HARD_25 selected by full-access saliency; saliency is not independent evidence
sTMKled6Q1M_3,sTMKled6Q1M,2-5s,3.0,300.0,0.0,0.9,-0.9,harmful,"A dog barks while birds chirp, wings flutter, and a man speaks",0,"[[290.0, 293.0]]",75,15,5,"[14, 15, 16, 17, 18]",14.0,19.0,16.5,271.0,275.0,remote,0,-11.004926681518555,-11.049047470092773,HARD_25 selected by full-access saliency; saliency is not independent evidence
sVYTOURVsQ0_2,sVYTOURVsQ0,0-2s,1.0,71.0,1.0,0.5,0.5,control,An engine runs,1,"[[32.0, 33.0]]",18,34,18,"[33, 34, 35, 36, 37, 38, 39, 40, 41, 42, 43, 44, 45, 46, 47, 48, 49, 50]",33.0,51.0,42.0,0.0,9.5,adjacent,1,-10.950225830078125,-11.392141342163086,HARD_25 selected by full-access saliency; saliency is not independent evidence
sl_Pxpc7beo_1,sl_Pxpc7beo,2-5s,2.0,74.0,1.0,1.0,0.0,control,Objects bump into each other and an alarm sounds,0,"[[1.0, 3.0]]",18,8,10,"[3, 4, 5, 6, 7, 8, 9, 10, 11, 12]",3.0,13.0,8.0,0.0,6.0,adjacent,1,-11.076698303222656,-10.944368362426758,HARD_25 selected by full-access saliency; saliency is not independent evidence
sqsI2UyrcBQ_1,sqsI2UyrcBQ,2-5s,2.0,67.0,0.0,1.0,-1.0,harmful,An engine rumbles as something is bumped,0,"[[4.0, 6.0]]",17,17,13,"[6, 7, 8, 9, 10, 11, 12, 13, 14, 15, 16, 17, 18]",6.0,19.0,12.5,0.0,7.5,adjacent,1,-11.03756046295166,-11.208779335021973,HARD_25 selected by full-access saliency; saliency is not independent evidence
szkiW0GXEOI_1,szkiW0GXEOI,2-5s,3.0,148.0,1.0,1.0,0.0,control,"Amid ambient noise, whistling blends with birdsong",0,"[[94.0, 96.0], [100.0, 102.0], [104.0, 106.0], [112.0, 113.0], [119.0, 122.0]]",35,102,1,[102],102.0,103.0,102.5,0.0,1.5,adjacent,1,-10.068445205688477,-10.091279983520508,HARD_25 selected by full-access saliency; saliency is not independent evidence
t1hj7se76wQ_2,t1hj7se76wQ,2-5s,2.0,119.0,1.0,1.0,0.0,control,The typewriter lever is moving,0,"[[73.0, 75.0], [98.0, 100.0], [53.0, 54.0], [63.0, 64.0], [28.0, 30.0], [10.0, 12.0], [87.0, 88.0]]",27,9,3,"[7, 8, 9]",7.0,10.0,8.5,0.0,2.5,adjacent,1,-10.825812339782715,-10.822538375854492,HARD_25 selected by full-access saliency; saliency is not independent evidence
t1hj7se76wQ_3,t1hj7se76wQ,2-5s,2.0,119.0,1.0,1.0,0.0,control,Machines are running while a bell is ringing,0,"[[61.0, 62.0], [96.0, 97.0], [24.0, 25.0], [39.0, 40.0], [52.0, 53.0], [70.0, 72.0]]",28,17,9,"[15, 16, 17, 18, 19, 20, 21, 22, 23]",15.0,24.0,19.5,0.0,5.0,adjacent,1,-11.672122955322266,-11.704888343811035,HARD_25 selected by full-access saliency; saliency is not independent evidence
t4prXmPwthg_2,t4prXmPwthg,2-5s,4.0,249.0,0.0,0.1,-0.1,harmful,"As a woman speaks, thread gets cut and plastic is set down",1,"[[162.0, 166.0]]",62,76,10,"[72, 73, 74, 75, 76, 77, 78, 79, 80, 81]",72.0,82.0,77.0,80.0,87.0,remote,0,-11.214096069335938,-11.70736312866211,HARD_25 selected by full-access saliency; saliency is not independent evidence
tIM-H2rdq8U_2,tIM-H2rdq8U,2-5s,4.0,105.0,1.0,1.0,0.0,control,Gunshots ring out as echoes fill the cave,0,"[[60.0, 63.0], [44.0, 47.0], [70.0, 72.0], [55.0, 58.0], [51.0, 54.0], [37.0, 41.0], [66.0, 68.0], [74.0, 77.0]]",21,27,10,"[27, 28, 29, 30, 31, 32, 33, 34, 35, 36]",27.0,37.0,32.0,0.0,7.0,adjacent,1,-10.760577201843262,-10.844003677368164,HARD_25 selected by full-access saliency; saliency is not independent evidence
tIM-H2rdq8U_3,tIM-H2rdq8U,0-2s,1.0,105.0,1.0,0.7,0.30000000000000004,control,A man speaks as a gun reloads,0,"[[68.0, 69.0]]",26,29,7,"[28, 29, 30, 31, 32, 33, 34]",28.0,35.0,31.5,33.0,37.0,remote,0,-11.922650337219238,-12.389655113220215,HARD_25 selected by full-access saliency; saliency is not independent evidence
tIM-H2rdq8U_4,tIM-H2rdq8U,2-5s,2.0,105.0,0.0,0.0,0.0,control,Gunshots ring out as a woman screams and echoes fill the cave,1,"[[36.0, 38.0]]",26,46,1,[46],46.0,47.0,46.5,8.0,9.5,remote,0,-11.215926170349121,-11.2941312789917,HARD_25 selected by full-access saliency; saliency is not independent evidence
taYKM1OSTwE_1,taYKM1OSTwE,2-5s,4.0,220.0,1.0,1.0,0.0,control,A woman talks as wind blows,0,"[[0.0, 4.0], [148.0, 150.0]]",54,4,26,"[4, 5, 6, 7, 8, 9, 10, 11, 12, 13, 14, 15, 16, 17, 18, 19, 20, 21, 22, 23, 24, 25, 26, 27, 28, 29]",4.0,30.0,17.0,0.0,15.0,adjacent,1,-10.14437484741211,-9.826353073120117,HARD_25 selected by full-access saliency; saliency is not independent evidence
taYKM1OSTwE_2,taYKM1OSTwE,0-2s,1.0,220.0,0.0,0.3,-0.3,harmful,A woman clears her throat,1,"[[151.0, 152.0]]",55,4,20,"[0, 1, 2, 3, 4, 5, 6, 7, 8, 9, 10, 11, 12, 13, 14, 15, 16, 17, 18, 19]",0.0,20.0,10.0,131.0,141.5,remote,0,-9.14808464050293,-11.349159240722656,HARD_25 selected by full-access saliency; saliency is not independent evidence
tfOIhQpYYe8_1,tfOIhQpYYe8,2-5s,3.0,109.0,1.0,1.0,0.0,control,Fast-paced music is playing,0,"[[0.0, 3.0], [107.0, 109.0]]",26,3,11,"[3, 4, 5, 6, 7, 8, 9, 10, 11, 12, 13]",3.0,14.0,8.5,0.0,7.0,adjacent,1,-10.380664825439453,-9.425384521484375,HARD_25 selected by full-access saliency; saliency is not independent evidence
tfOIhQpYYe8_2,tfOIhQpYYe8,2-5s,3.0,109.0,0.0,0.1,-0.1,harmful,A man speaks as wind blows and footsteps echo,1,"[[22.0, 25.0]]",27,6,18,"[4, 5, 6, 7, 8, 9, 10, 11, 12, 13, 14, 15, 16, 17, 18, 19, 20, 21]",4.0,22.0,13.0,0.0,10.5,adjacent,1,-11.149988174438477,-11.79376220703125,HARD_25 selected by full-access saliency; saliency is not independent evidence
tjCNwdOUiGc_1,tjCNwdOUiGc,2-5s,3.0,299.0,0.0,1.0,-1.0,harmful,Music is playing,0,"[[3.0, 6.0]]",74,1,3,"[0, 1, 2]",0.0,3.0,1.5,0.0,3.0,adjacent,1,-10.206443786621094,-10.320086479187012,HARD_25 selected by full-access saliency; saliency is not independent evidence
tjCNwdOUiGc_4,tjCNwdOUiGc,2-5s,3.0,299.0,0.0,0.0,0.0,control,"As cars pass by, a horn blares",1,"[[124.0, 127.0]]",74,2,5,"[0, 1, 2, 3, 4]",0.0,5.0,2.5,119.0,123.0,remote,0,-10.42538070678711,-11.457167625427246,HARD_25 selected by full-access saliency; saliency is not independent evidence
twFypUcdgRc_3,twFypUcdgRc,0-2s,1.0,269.0,1.0,0.2,0.8,control,A horn blares,1,"[[211.0, 212.0], [257.0, 258.0]]",67,184,2,"[184, 185]",184.0,186.0,185.0,25.0,26.5,remote,0,-12.267999649047852,-13.02271842956543,HARD_25 selected by full-access saliency; saliency is not independent evidence
txeXrpoMST4_1,txeXrpoMST4,2-5s,4.0,300.0,1.0,1.0,0.0,control,"Eerie music plays as a phone rings, a man groans, and electronic sounds chime",0,"[[2.0, 6.0]]",74,230,10,"[223, 224, 225, 226, 227, 228, 229, 230, 231, 232]",223.0,233.0,228.0,217.0,224.0,remote,0,-11.022331237792969,-11.3887939453125,HARD_25 selected by full-access saliency; saliency is not independent evidence
txeXrpoMST4_4,txeXrpoMST4,2-5s,4.0,300.0,1.0,0.7,0.30000000000000004,control,"A man screams as eerie, rhythmic music and sound effects play",1,"[[236.0, 237.0], [244.0, 248.0]]",74,230,11,"[222, 223, 224, 225, 226, 227, 228, 229, 230, 231, 232]",222.0,233.0,227.5,3.0,9.0,moderately_near,0,-11.009622573852539,-11.08310604095459,HARD_25 selected by full-access saliency; saliency is not independent evidence
uJzAf4PaExI_2,uJzAf4PaExI,0-2s,1.0,299.0,1.0,0.6,0.4,control,Coughing and voices blend with the wind,1,"[[169.0, 170.0], [236.0, 237.0], [289.0, 290.0]]",74,204,10,"[203, 204, 205, 206, 207, 208, 209, 210, 211, 212]",203.0,213.0,208.0,23.0,28.5,remote,0,-11.243675231933594,-11.707784652709961,HARD_25 selected by full-access saliency; saliency is not independent evidence
uJzAf4PaExI_3,uJzAf4PaExI,2-5s,4.0,299.0,0.0,0.4,-0.4,harmful,A notification-like sound rings out over the wind,1,"[[196.0, 200.0]]",74,204,12,"[201, 202, 203, 204, 205, 206, 207, 208, 209, 210, 211, 212]",201.0,213.0,207.0,1.0,9.0,adjacent,1,-12.081183433532715,-12.730674743652344,HARD_25 selected by full-access saliency; saliency is not independent evidence
uY4fe5DT1gI_1,uY4fe5DT1gI,2-5s,2.0,299.0,0.0,0.6,-0.6,harmful,Something is dropped and something is rubbed,1,"[[214.0, 216.0]]",75,147,6,"[147, 148, 149, 150, 151, 152]",147.0,153.0,150.0,61.0,65.0,remote,0,-11.173213958740234,-11.037449836730957,HARD_25 selected by full-access saliency; saliency is not independent evidence
uY4fe5DT1gI_2,uY4fe5DT1gI,2-5s,2.0,299.0,0.0,0.0,0.0,control,A woman talks,1,"[[216.0, 218.0]]",75,10,58,"[0, 1, 2, 3, 4, 5, 6, 7, 8, 9, 10, 11, 12, 13, 14, 15, 16, 17, 18, 19, 20, 21, 22, 23, 24, 25, 26, 27, 28, 29, 30, 31, 32, 33, 34, 35, 36, 37, 38, 39, 40, 41, 42, 43, 44, 45, 46, 47, 48, 49, 50, 51, 52, 53, 54, 55, 56, 57]",0.0,58.0,29.0,158.0,188.0,remote,0,-11.918760299682617,-13.50792121887207,HARD_25 selected by full-access saliency; saliency is not independent evidence
uhSDBwVrEdo_2,uhSDBwVrEdo,2-5s,2.0,86.0,1.0,0.8,0.19999999999999996,control,A deep breath is taken,0,"[[29.0, 31.0]]",21,13,2,"[13, 14]",13.0,15.0,14.0,14.0,16.0,remote,0,-11.94517707824707,-12.450927734375,HARD_25 selected by full-access saliency; saliency is not independent evidence
up2PpjTzyyc_1,up2PpjTzyyc,2-5s,4.0,299.0,1.0,0.3,0.7,control,"A cat meows, music plays, a man talks, and something makes a rubbing sound",1,"[[214.0, 215.0], [66.0, 69.0], [177.0, 178.0], [40.0, 43.0], [111.0, 114.0], [253.0, 257.0], [298.0, 300.0]]",71,176,7,"[170, 171, 172, 173, 174, 175, 176]",170.0,177.0,173.5,0.0,4.0,adjacent,1,-11.34341049194336,-11.753530502319336,HARD_25 selected by full-access saliency; saliency is not independent evidence
vfNKduToki4_1,vfNKduToki4,0-2s,1.0,217.0,0.0,0.4,-0.4,harmful,Steam hisses while an engine runs in the background,1,"[[12.0, 13.0]]",54,89,2,"[89, 90]",89.0,91.0,90.0,76.0,77.5,remote,0,-11.581851959228516,-11.841537475585938,HARD_25 selected by full-access saliency; saliency is not independent evidence
vigslb0kClE_2,vigslb0kClE,2-5s,3.0,137.0,0.0,1.0,-1.0,harmful,"Amid sheep and birds calling, something gets hammered, a dog whines, and people chat",1,"[[28.0, 31.0], [39.0, 42.0]]",33,38,8,"[31, 32, 33, 34, 35, 36, 37, 38]",31.0,39.0,35.0,0.0,5.5,adjacent,1,-10.764106750488281,-10.998298645019531,HARD_25 selected by full-access saliency; saliency is not independent evidence
vruDH_YLaPI_1,vruDH_YLaPI,0-2s,1.0,125.0,0.0,1.0,-1.0,harmful,A man is talking,0,"[[10.0, 11.0], [28.0, 29.0]]",31,68,2,"[68, 69]",68.0,70.0,69.0,39.0,40.5,remote,0,-10.0172119140625,-8.731383323669434,HARD_25 selected by full-access saliency; saliency is not independent evidence
vruDH_YLaPI_2,vruDH_YLaPI,2-5s,3.0,125.0,1.0,1.0,0.0,control,Small objects drop,0,"[[12.0, 14.0], [23.0, 25.0], [29.0, 31.0], [37.0, 40.0], [47.0, 49.0]]",29,18,4,"[17, 18, 19, 20]",17.0,21.0,19.0,2.0,5.0,moderately_near,0,-11.786966323852539,-10.915754318237305,HARD_25 selected by full-access saliency; saliency is not independent evidence
vruDH_YLaPI_3,vruDH_YLaPI,0-2s,1.0,125.0,1.0,0.9,0.09999999999999998,control,A gun slide is operated,0,"[[76.0, 77.0]]",31,13,2,"[12, 13]",12.0,14.0,13.0,62.0,63.5,remote,0,-11.14509391784668,-11.612520217895508,HARD_25 selected by full-access saliency; saliency is not independent evidence
wAZrOPvul4Y_1,wAZrOPvul4Y,2-5s,2.0,283.0,0.0,0.5,-0.5,harmful,A button clicks,1,"[[33.0, 35.0]]",71,87,10,"[78, 79, 80, 81, 82, 83, 84, 85, 86, 87]",78.0,88.0,83.0,43.0,49.0,remote,0,-11.143898010253906,-11.753632545471191,HARD_25 selected by full-access saliency; saliency is not independent evidence
wBs02amFGXs_2,wBs02amFGXs,2-5s,4.0,299.0,0.0,1.0,-1.0,harmful,A rooster crows and pigeons coo,0,"[[30.0, 34.0], [3.0, 7.0], [55.0, 59.0]]",72,2,3,"[0, 1, 2]",0.0,3.0,1.5,0.0,3.5,adjacent,1,-10.276546478271484,-10.087228775024414,HARD_25 selected by full-access saliency; saliency is not independent evidence
wnqUgK_-fo4_1,wnqUgK_-fo4,2-5s,2.0,103.0,1.0,1.0,0.0,control,Firecrackers are going off while people are shouting and sheep are bleating,1,"[[35.0, 37.0], [44.0, 45.0]]",25,31,4,"[31, 32, 33, 34]",31.0,35.0,33.0,0.0,3.0,adjacent,1,-10.449370384216309,-10.710612297058105,HARD_25 selected by full-access saliency; saliency is not independent evidence
woadpeAGHUQ_1,woadpeAGHUQ,0-2s,1.0,97.0,1.0,1.0,0.0,control,Engines are running while steam hisses and a door closes,0,"[[2.0, 3.0]]",24,0,2,"[0, 1]",0.0,2.0,1.0,0.0,1.5,adjacent,1,-11.810243606567383,-11.93725872039795,HARD_25 selected by full-access saliency; saliency is not independent evidence
x5AH2gW_8S4_2,x5AH2gW_8S4,0-2s,1.0,110.0,0.0,0.5,-0.5,harmful,A whistle sounds as wings flap,1,"[[74.0, 75.0]]",28,20,2,"[19, 20]",19.0,21.0,20.0,53.0,54.5,remote,0,-10.751337051391602,-11.228178977966309,HARD_25 selected by full-access saliency; saliency is not independent evidence
xUWSHYoslPQ_2,xUWSHYoslPQ,2-5s,4.0,115.0,0.0,0.8,-0.8,harmful,Water flows as a man talks,0,"[[32.0, 36.0]]",28,14,22,"[1, 2, 3, 4, 5, 6, 7, 8, 9, 10, 11, 12, 13, 14, 15, 16, 17, 18, 19, 20, 21, 22]",1.0,23.0,12.0,9.0,22.0,remote,0,-11.408299446105957,-11.730470657348633,HARD_25 selected by full-access saliency; saliency is not independent evidence
xbLW9Wt1Jsg_3,xbLW9Wt1Jsg,2-5s,4.0,300.0,1.0,0.6,0.4,control,"Machinery operates, electronic beeps sound, and gas hisses",0,"[[103.0, 107.0], [92.0, 93.0], [77.0, 79.0], [72.0, 73.0], [89.0, 90.0], [131.0, 133.0], [125.0, 128.0], [85.0, 87.0]]",71,148,3,"[147, 148, 149]",147.0,150.0,148.5,14.0,16.5,remote,0,-10.769536018371582,-10.778963088989258,HARD_25 selected by full-access saliency; saliency is not independent evidence
yfYNPWs7mWY_2,yfYNPWs7mWY,2-5s,2.0,300.0,1.0,0.5,0.5,control,A man is laughing,1,"[[52.0, 53.0], [67.0, 69.0]]",75,180,9,"[180, 181, 182, 183, 184, 185, 186, 187, 188]",180.0,189.0,184.5,111.0,116.5,remote,0,-11.607518196105957,-11.58121109008789,HARD_25 selected by full-access saliency; saliency is not independent evidence
yrxa6_P2I80_2,yrxa6_P2I80,0-2s,1.0,240.0,0.0,0.4,-0.4,harmful,Wings flap as air hisses,1,"[[69.0, 70.0]]",60,95,12,"[91, 92, 93, 94, 95, 96, 97, 98, 99, 100, 101, 102]",91.0,103.0,97.0,21.0,27.5,remote,0,-11.301759719848633,-11.474294662475586,HARD_25 selected by full-access saliency; saliency is not independent evidence
z1ax0QPpd14_1,z1ax0QPpd14,2-5s,3.0,183.0,0.0,0.6,-0.6,harmful,"A duck calls, water flows, and birds screech loudly",0,"[[10.0, 12.0], [167.0, 170.0]]",45,103,3,"[103, 104, 105]",103.0,106.0,104.5,61.0,64.0,remote,0,-11.912761688232422,-11.941566467285156,HARD_25 selected by full-access saliency; saliency is not independent evidence
z1ax0QPpd14_3,z1ax0QPpd14,0-2s,1.0,183.0,0.0,0.6,-0.6,harmful,Water flows as wings flap,0,"[[142.0, 143.0]]",46,25,20,"[14, 15, 16, 17, 18, 19, 20, 21, 22, 23, 24, 25, 26, 27, 28, 29, 30, 31, 32, 33]",14.0,34.0,24.0,108.0,118.5,remote,0,-10.873218536376953,-11.623912811279297,HARD_25 selected by full-access saliency; saliency is not independent evidence
zBXoaQ1GVlc_3,zBXoaQ1GVlc,2-5s,2.0,300.0,0.0,0.0,0.0,control,A woman talks with a crowd when suddenly a child cries out,1,"[[96.0, 98.0]]",75,19,67,"[0, 1, 2, 3, 4, 5, 6, 7, 8, 9, 10, 11, 12, 13, 14, 15, 16, 17, 18, 19, 20, 21, 22, 23, 24, 25, 26, 27, 28, 29, 30, 31, 32, 33, 34, 35, 36, 37, 38, 39, 40, 41, 42, 43, 44, 45, 46, 47, 48, 49, 50, 51, 52, 53, 54, 55, 56, 57, 58, 59, 60, 61, 62, 63, 64, 65, 66]",0.0,67.0,33.5,29.0,63.5,remote,0,-11.268049240112305,-11.779618263244629,HARD_25 selected by full-access saliency; saliency is not independent evidence
zoctgurhvHE_1,zoctgurhvHE,2-5s,4.0,299.0,1.0,0.6,0.4,control,A drill whirs,0,"[[98.0, 101.0], [140.0, 144.0], [81.0, 82.0], [94.0, 97.0], [90.0, 91.0], [109.0, 112.0]]",71,97,1,[97],97.0,98.0,97.5,0.0,2.0,adjacent,1,-11.637828826904297,-10.908742904663086,HARD_25 selected by full-access saliency; saliency is not independent evidence
ztSjcZNUY7A_2,ztSjcZNUY7A,2-5s,3.0,83.0,1.0,1.0,0.0,control,People talk as a woman speaks and a baby cries,0,"[[29.0, 31.0], [73.0, 74.0], [43.0, 45.0], [48.0, 50.0], [63.0, 66.0], [67.0, 69.0]]",18,10,1,[10],10.0,11.0,10.5,18.0,19.5,remote,0,-11.517026901245117,-11.638771057128906,HARD_25 selected by full-access saliency; saliency is not independent evidence
zwoqJY03yHE_1,zwoqJY03yHE,0-2s,1.0,300.0,0.0,0.1,-0.1,harmful,A woman is talking as a camera shutter clicks,1,"[[47.0, 48.0], [102.0, 103.0]]",75,82,19,"[67, 68, 69, 70, 71, 72, 73, 74, 75, 76, 77, 78, 79, 80, 81, 82, 83, 84, 85]",67.0,86.0,76.5,16.0,26.0,remote,0,-11.166915893554688,-11.219427108764648,HARD_25 selected by full-access saliency; saliency is not independent evidence
zwoqJY03yHE_2,zwoqJY03yHE,2-5s,4.0,300.0,1.0,1.0,0.0,control,A sheep bleats,0,"[[234.0, 235.0], [4.0, 5.0], [133.0, 135.0], [247.0, 248.0], [42.0, 44.0], [122.0, 124.0], [73.0, 75.0], [228.0, 230.0], [139.0, 140.0], [70.0, 72.0], [177.0, 179.0], [87.0, 88.0], [84.0, 86.0], [111.0, 115.0], [67.0, 68.0], [77.0, 80.0], [141.0, 142.0], [225.0, 227.0], [91.0, 93.0]]",67,210,10,"[204, 205, 206, 207, 208, 209, 210, 211, 212, 213]",204.0,214.0,209.0,11.0,17.0,remote,0,-9.866182327270508,-10.13902473449707,HARD_25 selected by full-access saliency; saliency is not independent evidence
zwoqJY03yHE_4,zwoqJY03yHE,2-5s,2.0,300.0,0.0,0.9,-0.9,harmful,Something winds up,0,"[[200.0, 202.0], [240.0, 242.0], [261.0, 263.0]]",74,229,3,"[227, 228, 229]",227.0,230.0,228.5,10.0,12.5,remote,0,-11.63967514038086,-12.002161026000977,HARD_25 selected by full-access saliency; saliency is not independent evidence
