qid,vid,duration_bin,cohort,p3_location_failure,hard_peak_start_sec,hard_peak_end_sec,hard_peak_center_sec,gt_duration_sec,window_length_sec,gt_window_center_sec,hard_window_center_sec,audio_path,status,blocked_reason,S_GT,S_HARD,S_GT_minus_S_HARD,comparison,native_pipeline
--0w1YA1Hm4_1,--0w1YA1Hm4,0-2s,harmful,0,52.0,53.0,52.5,1.0,,,52.5,raw_audio/--0w1YA1Hm4.wav,BLOCKED,original WAV unavailable; no stored-feature substitute allowed,,,,,official msclap CLAP audio_encoder/caption_encoder; L2-normalized projected vectors; logit_scale.exp() dot product
--0w1YA1Hm4_2,--0w1YA1Hm4,2-5s,harmful,0,296.0,299.0,297.5,4.0,,,297.5,raw_audio/--0w1YA1Hm4.wav,BLOCKED,original WAV unavailable; no stored-feature substitute allowed,,,,,official msclap CLAP audio_encoder/caption_encoder; L2-normalized projected vectors; logit_scale.exp() dot product
--0w1YA1Hm4_3,--0w1YA1Hm4,2-5s,control,0,109.0,113.0,111.0,2.0,,,111.0,raw_audio/--0w1YA1Hm4.wav,BLOCKED,original WAV unavailable; no stored-feature substitute allowed,,,,,official msclap CLAP audio_encoder/caption_encoder; L2-normalized projected vectors; logit_scale.exp() dot product
-FW109cbv0g_1,-FW109cbv0g,2-5s,control,0,16.0,17.0,16.5,3.0,,,16.5,raw_audio/-FW109cbv0g.wav,BLOCKED,original WAV unavailable; no stored-feature substitute allowed,,,,,official msclap CLAP audio_encoder/caption_encoder; L2-normalized projected vectors; logit_scale.exp() dot product
-FW109cbv0g_3,-FW109cbv0g,2-5s,control,0,24.0,25.0,24.5,3.0,,,24.5,raw_audio/-FW109cbv0g.wav,BLOCKED,original WAV unavailable; no stored-feature substitute allowed,,,,,official msclap CLAP audio_encoder/caption_encoder; L2-normalized projected vectors; logit_scale.exp() dot product
-FW109cbv0g_4,-FW109cbv0g,2-5s,harmful,0,14.0,16.0,15.0,2.0,,,15.0,raw_audio/-FW109cbv0g.wav,BLOCKED,original WAV unavailable; no stored-feature substitute allowed,,,,,official msclap CLAP audio_encoder/caption_encoder; L2-normalized projected vectors; logit_scale.exp() dot product
-FW109cbv0g_5,-FW109cbv0g,2-5s,harmful,0,5.0,7.0,6.0,3.0,,,6.0,raw_audio/-FW109cbv0g.wav,BLOCKED,original WAV unavailable; no stored-feature substitute allowed,,,,,official msclap CLAP audio_encoder/caption_encoder; L2-normalized projected vectors; logit_scale.exp() dot product
-NrFeH-kBSM_2,-NrFeH-kBSM,0-2s,control,0,7.0,10.0,8.5,1.0,,,8.5,raw_audio/-NrFeH-kBSM.wav,BLOCKED,original WAV unavailable; no stored-feature substitute allowed,,,,,official msclap CLAP audio_encoder/caption_encoder; L2-normalized projected vectors; logit_scale.exp() dot product
-NrFeH-kBSM_4,-NrFeH-kBSM,2-5s,harmful,0,1.0,9.0,5.0,4.0,,,5.0,raw_audio/-NrFeH-kBSM.wav,BLOCKED,original WAV unavailable; no stored-feature substitute allowed,,,,,official msclap CLAP audio_encoder/caption_encoder; L2-normalized projected vectors; logit_scale.exp() dot product
-mhFGevxLUg_3,-mhFGevxLUg,2-5s,control,1,21.0,24.0,22.5,4.0,,,22.5,raw_audio/-mhFGevxLUg.wav,BLOCKED,original WAV unavailable; no stored-feature substitute allowed,,,,,official msclap CLAP audio_encoder/caption_encoder; L2-normalized projected vectors; logit_scale.exp() dot product
-nQHwrRLfc0_2,-nQHwrRLfc0,0-2s,harmful,0,0.0,12.0,6.0,1.0,,,6.0,raw_audio/-nQHwrRLfc0.wav,BLOCKED,original WAV unavailable; no stored-feature substitute allowed,,,,,official msclap CLAP audio_encoder/caption_encoder; L2-normalized projected vectors; logit_scale.exp() dot product
-oy0BkpMGAk_1,-oy0BkpMGAk,2-5s,control,0,5.0,14.0,9.5,4.0,,,9.5,raw_audio/-oy0BkpMGAk.wav,BLOCKED,original WAV unavailable; no stored-feature substitute allowed,,,,,official msclap CLAP audio_encoder/caption_encoder; L2-normalized projected vectors; logit_scale.exp() dot product
-oy0BkpMGAk_3,-oy0BkpMGAk,2-5s,control,1,24.0,29.0,26.5,2.0,,,26.5,raw_audio/-oy0BkpMGAk.wav,BLOCKED,original WAV unavailable; no stored-feature substitute allowed,,,,,official msclap CLAP audio_encoder/caption_encoder; L2-normalized projected vectors; logit_scale.exp() dot product
096oTVzc5Gs_4,096oTVzc5Gs,0-2s,control,0,0.0,7.0,3.5,1.0,,,3.5,raw_audio/096oTVzc5Gs.wav,BLOCKED,original WAV unavailable; no stored-feature substitute allowed,,,,,official msclap CLAP audio_encoder/caption_encoder; L2-normalized projected vectors; logit_scale.exp() dot product
0AsXkZkqelg_1,0AsXkZkqelg,2-5s,harmful,0,4.0,28.0,16.0,4.0,,,16.0,raw_audio/0AsXkZkqelg.wav,BLOCKED,original WAV unavailable; no stored-feature substitute allowed,,,,,official msclap CLAP audio_encoder/caption_encoder; L2-normalized projected vectors; logit_scale.exp() dot product
0AsXkZkqelg_2,0AsXkZkqelg,2-5s,control,0,14.0,46.0,30.0,3.0,,,30.0,raw_audio/0AsXkZkqelg.wav,BLOCKED,original WAV unavailable; no stored-feature substitute allowed,,,,,official msclap CLAP audio_encoder/caption_encoder; L2-normalized projected vectors; logit_scale.exp() dot product
0_K6OKtoBBU_1,0_K6OKtoBBU,2-5s,control,0,17.0,18.0,17.5,2.0,,,17.5,raw_audio/0_K6OKtoBBU.wav,BLOCKED,original WAV unavailable; no stored-feature substitute allowed,,,,,official msclap CLAP audio_encoder/caption_encoder; L2-normalized projected vectors; logit_scale.exp() dot product
0_K6OKtoBBU_3,0_K6OKtoBBU,2-5s,control,0,16.0,22.0,19.0,2.0,,,19.0,raw_audio/0_K6OKtoBBU.wav,BLOCKED,original WAV unavailable; no stored-feature substitute allowed,,,,,official msclap CLAP audio_encoder/caption_encoder; L2-normalized projected vectors; logit_scale.exp() dot product
0a9wVat2PWk_2,0a9wVat2PWk,2-5s,harmful,1,109.0,113.0,111.0,4.0,,,111.0,raw_audio/0a9wVat2PWk.wav,BLOCKED,original WAV unavailable; no stored-feature substitute allowed,,,,,official msclap CLAP audio_encoder/caption_encoder; L2-normalized projected vectors; logit_scale.exp() dot product
0a9wVat2PWk_3,0a9wVat2PWk,2-5s,control,0,0.0,6.0,3.0,3.0,,,3.0,raw_audio/0a9wVat2PWk.wav,BLOCKED,original WAV unavailable; no stored-feature substitute allowed,,,,,official msclap CLAP audio_encoder/caption_encoder; L2-normalized projected vectors; logit_scale.exp() dot product
0a9wVat2PWk_4,0a9wVat2PWk,2-5s,harmful,0,110.0,113.0,111.5,4.0,,,111.5,raw_audio/0a9wVat2PWk.wav,BLOCKED,original WAV unavailable; no stored-feature substitute allowed,,,,,official msclap CLAP audio_encoder/caption_encoder; L2-normalized projected vectors; logit_scale.exp() dot product
0fMXnvD38zI_1,0fMXnvD38zI,2-5s,control,1,201.0,204.0,202.5,2.0,,,202.5,raw_audio/0fMXnvD38zI.wav,BLOCKED,original WAV unavailable; no stored-feature substitute allowed,,,,,official msclap CLAP audio_encoder/caption_encoder; L2-normalized projected vectors; logit_scale.exp() dot product
0yETgW44MZU_2,0yETgW44MZU,2-5s,control,1,8.0,14.0,11.0,4.0,,,11.0,raw_audio/0yETgW44MZU.wav,BLOCKED,original WAV unavailable; no stored-feature substitute allowed,,,,,official msclap CLAP audio_encoder/caption_encoder; L2-normalized projected vectors; logit_scale.exp() dot product
14izd_i3ryE_3,14izd_i3ryE,2-5s,harmful,1,41.0,52.0,46.5,2.0,,,46.5,raw_audio/14izd_i3ryE.wav,BLOCKED,original WAV unavailable; no stored-feature substitute allowed,,,,,official msclap CLAP audio_encoder/caption_encoder; L2-normalized projected vectors; logit_scale.exp() dot product
1FNJbN-eHY4_1,1FNJbN-eHY4,2-5s,harmful,1,0.0,28.0,14.0,4.0,,,14.0,raw_audio/1FNJbN-eHY4.wav,BLOCKED,original WAV unavailable; no stored-feature substitute allowed,,,,,official msclap CLAP audio_encoder/caption_encoder; L2-normalized projected vectors; logit_scale.exp() dot product
1GgEpRZDWN0_1,1GgEpRZDWN0,2-5s,harmful,1,21.0,25.0,23.0,2.0,,,23.0,raw_audio/1GgEpRZDWN0.wav,BLOCKED,original WAV unavailable; no stored-feature substitute allowed,,,,,official msclap CLAP audio_encoder/caption_encoder; L2-normalized projected vectors; logit_scale.exp() dot product
1IoHRTUp86c_3,1IoHRTUp86c,2-5s,control,1,24.0,26.0,25.0,2.0,,,25.0,raw_audio/1IoHRTUp86c.wav,BLOCKED,original WAV unavailable; no stored-feature substitute allowed,,,,,official msclap CLAP audio_encoder/caption_encoder; L2-normalized projected vectors; logit_scale.exp() dot product
1Og2TJ3bXW0_1,1Og2TJ3bXW0,2-5s,control,1,52.0,87.0,69.5,2.0,,,69.5,raw_audio/1Og2TJ3bXW0.wav,BLOCKED,original WAV unavailable; no stored-feature substitute allowed,,,,,official msclap CLAP audio_encoder/caption_encoder; L2-normalized projected vectors; logit_scale.exp() dot product
1Og2TJ3bXW0_2,1Og2TJ3bXW0,2-5s,harmful,1,71.0,77.0,74.0,3.0,,,74.0,raw_audio/1Og2TJ3bXW0.wav,BLOCKED,original WAV unavailable; no stored-feature substitute allowed,,,,,official msclap CLAP audio_encoder/caption_encoder; L2-normalized projected vectors; logit_scale.exp() dot product
1Og2TJ3bXW0_4,1Og2TJ3bXW0,2-5s,control,0,54.0,77.0,65.5,2.0,,,65.5,raw_audio/1Og2TJ3bXW0.wav,BLOCKED,original WAV unavailable; no stored-feature substitute allowed,,,,,official msclap CLAP audio_encoder/caption_encoder; L2-normalized projected vectors; logit_scale.exp() dot product
1WTSW96XP6E_2,1WTSW96XP6E,2-5s,harmful,1,126.0,128.0,127.0,2.0,,,127.0,raw_audio/1WTSW96XP6E.wav,BLOCKED,original WAV unavailable; no stored-feature substitute allowed,,,,,official msclap CLAP audio_encoder/caption_encoder; L2-normalized projected vectors; logit_scale.exp() dot product
1slvoNgzBLE_2,1slvoNgzBLE,2-5s,control,0,55.0,61.0,58.0,3.0,,,58.0,raw_audio/1slvoNgzBLE.wav,BLOCKED,original WAV unavailable; no stored-feature substitute allowed,,,,,official msclap CLAP audio_encoder/caption_encoder; L2-normalized projected vectors; logit_scale.exp() dot product
1slvoNgzBLE_4,1slvoNgzBLE,2-5s,control,1,92.0,94.0,93.0,3.0,,,93.0,raw_audio/1slvoNgzBLE.wav,BLOCKED,original WAV unavailable; no stored-feature substitute allowed,,,,,official msclap CLAP audio_encoder/caption_encoder; L2-normalized projected vectors; logit_scale.exp() dot product
1vCYiVvZ7VE_1,1vCYiVvZ7VE,2-5s,control,1,186.0,188.0,187.0,3.0,,,187.0,raw_audio/1vCYiVvZ7VE.wav,BLOCKED,original WAV unavailable; no stored-feature substitute allowed,,,,,official msclap CLAP audio_encoder/caption_encoder; L2-normalized projected vectors; logit_scale.exp() dot product
1vCYiVvZ7VE_2,1vCYiVvZ7VE,2-5s,control,0,194.0,195.0,194.5,2.0,,,194.5,raw_audio/1vCYiVvZ7VE.wav,BLOCKED,original WAV unavailable; no stored-feature substitute allowed,,,,,official msclap CLAP audio_encoder/caption_encoder; L2-normalized projected vectors; logit_scale.exp() dot product
27HIamF8pKo_1,27HIamF8pKo,2-5s,control,0,119.0,135.0,127.0,3.0,,,127.0,raw_audio/27HIamF8pKo.wav,BLOCKED,original WAV unavailable; no stored-feature substitute allowed,,,,,official msclap CLAP audio_encoder/caption_encoder; L2-normalized projected vectors; logit_scale.exp() dot product
27HIamF8pKo_3,27HIamF8pKo,0-2s,harmful,0,8.0,23.0,15.5,1.0,,,15.5,raw_audio/27HIamF8pKo.wav,BLOCKED,original WAV unavailable; no stored-feature substitute allowed,,,,,official msclap CLAP audio_encoder/caption_encoder; L2-normalized projected vectors; logit_scale.exp() dot product
2JutOgAnqWA_2,2JutOgAnqWA,2-5s,control,1,48.0,69.0,58.5,4.0,,,58.5,raw_audio/2JutOgAnqWA.wav,BLOCKED,original WAV unavailable; no stored-feature substitute allowed,,,,,official msclap CLAP audio_encoder/caption_encoder; L2-normalized projected vectors; logit_scale.exp() dot product
2KEfkDO6hlA_1,2KEfkDO6hlA,2-5s,control,1,22.0,28.0,25.0,3.0,,,25.0,raw_audio/2KEfkDO6hlA.wav,BLOCKED,original WAV unavailable; no stored-feature substitute allowed,,,,,official msclap CLAP audio_encoder/caption_encoder; L2-normalized projected vectors; logit_scale.exp() dot product
2KR0C5ysO8o_1,2KR0C5ysO8o,2-5s,control,0,34.0,40.0,37.0,4.0,,,37.0,raw_audio/2KR0C5ysO8o.wav,BLOCKED,original WAV unavailable; no stored-feature substitute allowed,,,,,official msclap CLAP audio_encoder/caption_encoder; L2-normalized projected vectors; logit_scale.exp() dot product
2KR0C5ysO8o_2,2KR0C5ysO8o,2-5s,control,0,12.0,26.0,19.0,2.0,,,19.0,raw_audio/2KR0C5ysO8o.wav,BLOCKED,original WAV unavailable; no stored-feature substitute allowed,,,,,official msclap CLAP audio_encoder/caption_encoder; L2-normalized projected vectors; logit_scale.exp() dot product
2RjqBRzmxaM_3,2RjqBRzmxaM,2-5s,control,1,0.0,16.0,8.0,2.0,,,8.0,raw_audio/2RjqBRzmxaM.wav,BLOCKED,original WAV unavailable; no stored-feature substitute allowed,,,,,official msclap CLAP audio_encoder/caption_encoder; L2-normalized projected vectors; logit_scale.exp() dot product
2RjqBRzmxaM_4,2RjqBRzmxaM,2-5s,control,0,103.0,108.0,105.5,4.0,,,105.5,raw_audio/2RjqBRzmxaM.wav,BLOCKED,original WAV unavailable; no stored-feature substitute allowed,,,,,official msclap CLAP audio_encoder/caption_encoder; L2-normalized projected vectors; logit_scale.exp() dot product
2RjqBRzmxaM_5,2RjqBRzmxaM,2-5s,control,0,13.0,38.0,25.5,2.0,,,25.5,raw_audio/2RjqBRzmxaM.wav,BLOCKED,original WAV unavailable; no stored-feature substitute allowed,,,,,official msclap CLAP audio_encoder/caption_encoder; L2-normalized projected vectors; logit_scale.exp() dot product
2a6GNu6uCDE_3,2a6GNu6uCDE,2-5s,control,0,204.0,209.0,206.5,3.0,,,206.5,raw_audio/2a6GNu6uCDE.wav,BLOCKED,original WAV unavailable; no stored-feature substitute allowed,,,,,official msclap CLAP audio_encoder/caption_encoder; L2-normalized projected vectors; logit_scale.exp() dot product
3RultJjvTWI_2,3RultJjvTWI,0-2s,harmful,1,3.0,13.0,8.0,1.0,,,8.0,raw_audio/3RultJjvTWI.wav,BLOCKED,original WAV unavailable; no stored-feature substitute allowed,,,,,official msclap CLAP audio_encoder/caption_encoder; L2-normalized projected vectors; logit_scale.exp() dot product
3VHpLxtd498_1,3VHpLxtd498,0-2s,control,1,122.0,123.0,122.5,1.0,1.0,0.5,122.5,raw_audio/3VHpLxtd498.wav,VALID,,7.380223751068115,8.105911254882812,-0.7256875038146973,HARD>GT,official msclap CLAP audio_encoder/caption_encoder; L2-normalized projected vectors; logit_scale.exp() dot product
3VHpLxtd498_3,3VHpLxtd498,0-2s,harmful,1,105.0,106.0,105.5,1.0,1.0,97.5,105.5,raw_audio/3VHpLxtd498.wav,VALID,,-1.2260767221450806,-1.8305163383483887,0.6044396162033081,GT>HARD,official msclap CLAP audio_encoder/caption_encoder; L2-normalized projected vectors; logit_scale.exp() dot product
3VHpLxtd498_4,3VHpLxtd498,2-5s,harmful,0,105.0,106.0,105.5,3.0,3.0,73.5,105.5,raw_audio/3VHpLxtd498.wav,VALID,,-1.1564730405807495,0.9390779733657837,-2.095551013946533,HARD>GT,official msclap CLAP audio_encoder/caption_encoder; L2-normalized projected vectors; logit_scale.exp() dot product
3qTL7QRk-tg_4,3qTL7QRk-tg,2-5s,control,0,59.0,74.0,66.5,3.0,,,66.5,raw_audio/3qTL7QRk-tg.wav,BLOCKED,original WAV unavailable; no stored-feature substitute allowed,,,,,official msclap CLAP audio_encoder/caption_encoder; L2-normalized projected vectors; logit_scale.exp() dot product
3rna9zo5ZOs_2,3rna9zo5ZOs,2-5s,control,0,48.0,53.0,50.5,3.0,,,50.5,raw_audio/3rna9zo5ZOs.wav,BLOCKED,original WAV unavailable; no stored-feature substitute allowed,,,,,official msclap CLAP audio_encoder/caption_encoder; L2-normalized projected vectors; logit_scale.exp() dot product
3xDZ-kdGE3o_2,3xDZ-kdGE3o,2-5s,control,0,3.0,6.0,4.5,3.0,,,4.5,raw_audio/3xDZ-kdGE3o.wav,BLOCKED,original WAV unavailable; no stored-feature substitute allowed,,,,,official msclap CLAP audio_encoder/caption_encoder; L2-normalized projected vectors; logit_scale.exp() dot product
473wBEwC35M_1,473wBEwC35M,2-5s,harmful,1,77.0,79.0,78.0,2.0,,,78.0,raw_audio/473wBEwC35M.wav,BLOCKED,original WAV unavailable; no stored-feature substitute allowed,,,,,official msclap CLAP audio_encoder/caption_encoder; L2-normalized projected vectors; logit_scale.exp() dot product
4CAMv5nlr-0_1,4CAMv5nlr-0,2-5s,control,0,40.0,57.0,48.5,3.0,,,48.5,raw_audio/4CAMv5nlr-0.wav,BLOCKED,original WAV unavailable; no stored-feature substitute allowed,,,,,official msclap CLAP audio_encoder/caption_encoder; L2-normalized projected vectors; logit_scale.exp() dot product
4CAMv5nlr-0_2,4CAMv5nlr-0,2-5s,control,0,38.0,40.0,39.0,3.0,,,39.0,raw_audio/4CAMv5nlr-0.wav,BLOCKED,original WAV unavailable; no stored-feature substitute allowed,,,,,official msclap CLAP audio_encoder/caption_encoder; L2-normalized projected vectors; logit_scale.exp() dot product
4IeDBwyQ9ZQ_4,4IeDBwyQ9ZQ,2-5s,control,0,175.0,179.0,177.0,3.0,,,177.0,raw_audio/4IeDBwyQ9ZQ.wav,BLOCKED,original WAV unavailable; no stored-feature substitute allowed,,,,,official msclap CLAP audio_encoder/caption_encoder; L2-normalized projected vectors; logit_scale.exp() dot product
4UPOUGVMlEs_3,4UPOUGVMlEs,2-5s,harmful,0,42.0,46.0,44.0,2.0,,,44.0,raw_audio/4UPOUGVMlEs.wav,BLOCKED,original WAV unavailable; no stored-feature substitute allowed,,,,,official msclap CLAP audio_encoder/caption_encoder; L2-normalized projected vectors; logit_scale.exp() dot product
4_DjmCg8Ra8_1,4_DjmCg8Ra8,0-2s,control,1,73.0,79.0,76.0,1.0,,,76.0,raw_audio/4_DjmCg8Ra8.wav,BLOCKED,original WAV unavailable; no stored-feature substitute allowed,,,,,official msclap CLAP audio_encoder/caption_encoder; L2-normalized projected vectors; logit_scale.exp() dot product
4ftDFi4684Y_1,4ftDFi4684Y,2-5s,control,1,74.0,79.0,76.5,2.0,,,76.5,raw_audio/4ftDFi4684Y.wav,BLOCKED,original WAV unavailable; no stored-feature substitute allowed,,,,,official msclap CLAP audio_encoder/caption_encoder; L2-normalized projected vectors; logit_scale.exp() dot product
4fz0-Kx2oNs_1,4fz0-Kx2oNs,2-5s,control,1,7.0,16.0,11.5,4.0,,,11.5,raw_audio/4fz0-Kx2oNs.wav,BLOCKED,original WAV unavailable; no stored-feature substitute allowed,,,,,official msclap CLAP audio_encoder/caption_encoder; L2-normalized projected vectors; logit_scale.exp() dot product
4fz0-Kx2oNs_3,4fz0-Kx2oNs,2-5s,control,0,7.0,25.0,16.0,2.0,,,16.0,raw_audio/4fz0-Kx2oNs.wav,BLOCKED,original WAV unavailable; no stored-feature substitute allowed,,,,,official msclap CLAP audio_encoder/caption_encoder; L2-normalized projected vectors; logit_scale.exp() dot product
52IxrdTxGs4_2,52IxrdTxGs4,0-2s,harmful,0,196.0,206.0,201.0,1.0,,,201.0,raw_audio/52IxrdTxGs4.wav,BLOCKED,original WAV unavailable; no stored-feature substitute allowed,,,,,official msclap CLAP audio_encoder/caption_encoder; L2-normalized projected vectors; logit_scale.exp() dot product
52IxrdTxGs4_3,52IxrdTxGs4,2-5s,control,1,139.0,141.0,140.0,2.0,,,140.0,raw_audio/52IxrdTxGs4.wav,BLOCKED,original WAV unavailable; no stored-feature substitute allowed,,,,,official msclap CLAP audio_encoder/caption_encoder; L2-normalized projected vectors; logit_scale.exp() dot product
52IxrdTxGs4_4,52IxrdTxGs4,0-2s,harmful,0,0.0,29.0,14.5,1.0,,,14.5,raw_audio/52IxrdTxGs4.wav,BLOCKED,original WAV unavailable; no stored-feature substitute allowed,,,,,official msclap CLAP audio_encoder/caption_encoder; L2-normalized projected vectors; logit_scale.exp() dot product
5G6b_QWL3nY_3,5G6b_QWL3nY,2-5s,harmful,0,202.0,206.0,204.0,4.0,4.0,64.0,204.0,raw_audio/5G6b_QWL3nY.wav,VALID,,8.951807975769043,1.0298402309417725,7.9219677448272705,GT>HARD,official msclap CLAP audio_encoder/caption_encoder; L2-normalized projected vectors; logit_scale.exp() dot product
5G6b_QWL3nY_4,5G6b_QWL3nY,2-5s,control,1,11.0,37.0,24.0,2.0,2.0,114.0,24.0,raw_audio/5G6b_QWL3nY.wav,VALID,,1.367661476135254,1.9750018119812012,-0.6073403358459473,HARD>GT,official msclap CLAP audio_encoder/caption_encoder; L2-normalized projected vectors; logit_scale.exp() dot product
5t6tSW0yT40_4,5t6tSW0yT40,0-2s,control,1,28.0,38.0,33.0,1.0,,,33.0,raw_audio/5t6tSW0yT40.wav,BLOCKED,original WAV unavailable; no stored-feature substitute allowed,,,,,official msclap CLAP audio_encoder/caption_encoder; L2-normalized projected vectors; logit_scale.exp() dot product
67BsqRkh-dU_2,67BsqRkh-dU,2-5s,control,0,0.0,13.0,6.5,4.0,,,6.5,raw_audio/67BsqRkh-dU.wav,BLOCKED,original WAV unavailable; no stored-feature substitute allowed,,,,,official msclap CLAP audio_encoder/caption_encoder; L2-normalized projected vectors; logit_scale.exp() dot product
6Nvu6EcpdE8_2,6Nvu6EcpdE8,0-2s,harmful,0,39.0,40.0,39.5,1.0,1.0,45.5,39.5,raw_audio/6Nvu6EcpdE8.wav,VALID,,1.8660575151443481,1.673685073852539,0.19237244129180908,GT>HARD,official msclap CLAP audio_encoder/caption_encoder; L2-normalized projected vectors; logit_scale.exp() dot product
6Nvu6EcpdE8_3,6Nvu6EcpdE8,0-2s,harmful,1,71.0,72.0,71.5,1.0,1.0,175.5,71.5,raw_audio/6Nvu6EcpdE8.wav,VALID,,12.087250709533691,11.604337692260742,0.4829130172729492,GT>HARD,official msclap CLAP audio_encoder/caption_encoder; L2-normalized projected vectors; logit_scale.exp() dot product
6OlHuvJR_Dk_1,6OlHuvJR_Dk,2-5s,control,0,141.0,148.0,144.5,4.0,,,144.5,raw_audio/6OlHuvJR_Dk.wav,BLOCKED,original WAV unavailable; no stored-feature substitute allowed,,,,,official msclap CLAP audio_encoder/caption_encoder; L2-normalized projected vectors; logit_scale.exp() dot product
6ZwYgzcN6Is_2,6ZwYgzcN6Is,2-5s,control,0,41.0,42.0,41.5,3.0,,,41.5,raw_audio/6ZwYgzcN6Is.wav,BLOCKED,original WAV unavailable; no stored-feature substitute allowed,,,,,official msclap CLAP audio_encoder/caption_encoder; L2-normalized projected vectors; logit_scale.exp() dot product
6pssFJ0m-kU_3,6pssFJ0m-kU,2-5s,control,0,19.0,30.0,24.5,4.0,,,24.5,raw_audio/6pssFJ0m-kU.wav,BLOCKED,original WAV unavailable; no stored-feature substitute allowed,,,,,official msclap CLAP audio_encoder/caption_encoder; L2-normalized projected vectors; logit_scale.exp() dot product
7JWHbs3gu1w_1,7JWHbs3gu1w,2-5s,harmful,1,263.0,281.0,272.0,2.0,2.0,62.0,272.0,raw_audio/7JWHbs3gu1w.wav,VALID,,-0.8129939436912537,-2.712310314178467,1.8993163704872131,GT>HARD,official msclap CLAP audio_encoder/caption_encoder; L2-normalized projected vectors; logit_scale.exp() dot product
7JWHbs3gu1w_2,7JWHbs3gu1w,2-5s,control,0,263.0,278.0,270.5,2.0,2.0,184.0,270.5,raw_audio/7JWHbs3gu1w.wav,VALID,,4.352488994598389,1.289931058883667,3.0625579357147217,GT>HARD,official msclap CLAP audio_encoder/caption_encoder; L2-normalized projected vectors; logit_scale.exp() dot product
7P0N61TVOxE_3,7P0N61TVOxE,2-5s,harmful,1,34.0,53.0,43.5,2.0,,,43.5,raw_audio/7P0N61TVOxE.wav,BLOCKED,original WAV unavailable; no stored-feature substitute allowed,,,,,official msclap CLAP audio_encoder/caption_encoder; L2-normalized projected vectors; logit_scale.exp() dot product
7P6lcyeDKNI_1,7P6lcyeDKNI,2-5s,harmful,1,20.0,21.0,20.5,2.0,,,20.5,raw_audio/7P6lcyeDKNI.wav,BLOCKED,original WAV unavailable; no stored-feature substitute allowed,,,,,official msclap CLAP audio_encoder/caption_encoder; L2-normalized projected vectors; logit_scale.exp() dot product
7XXSOzDQ2z0_2,7XXSOzDQ2z0,2-5s,control,1,80.0,99.0,89.5,4.0,,,89.5,raw_audio/7XXSOzDQ2z0.wav,BLOCKED,original WAV unavailable; no stored-feature substitute allowed,,,,,official msclap CLAP audio_encoder/caption_encoder; L2-normalized projected vectors; logit_scale.exp() dot product
7XXSOzDQ2z0_3,7XXSOzDQ2z0,2-5s,harmful,1,257.0,261.0,259.0,4.0,,,259.0,raw_audio/7XXSOzDQ2z0.wav,BLOCKED,original WAV unavailable; no stored-feature substitute allowed,,,,,official msclap CLAP audio_encoder/caption_encoder; L2-normalized projected vectors; logit_scale.exp() dot product
7bO0AJI-ihs_1,7bO0AJI-ihs,2-5s,control,0,23.0,32.0,27.5,3.0,,,27.5,raw_audio/7bO0AJI-ihs.wav,BLOCKED,original WAV unavailable; no stored-feature substitute allowed,,,,,official msclap CLAP audio_encoder/caption_encoder; L2-normalized projected vectors; logit_scale.exp() dot product
7bO0AJI-ihs_2,7bO0AJI-ihs,2-5s,control,0,18.0,26.0,22.0,4.0,,,22.0,raw_audio/7bO0AJI-ihs.wav,BLOCKED,original WAV unavailable; no stored-feature substitute allowed,,,,,official msclap CLAP audio_encoder/caption_encoder; L2-normalized projected vectors; logit_scale.exp() dot product
7upINC4seBw_1,7upINC4seBw,2-5s,control,0,64.0,65.0,64.5,3.0,,,64.5,raw_audio/7upINC4seBw.wav,BLOCKED,original WAV unavailable; no stored-feature substitute allowed,,,,,official msclap CLAP audio_encoder/caption_encoder; L2-normalized projected vectors; logit_scale.exp() dot product
83j4GgHXTLE_1,83j4GgHXTLE,2-5s,harmful,0,90.0,96.0,93.0,3.0,,,93.0,raw_audio/83j4GgHXTLE.wav,BLOCKED,original WAV unavailable; no stored-feature substitute allowed,,,,,official msclap CLAP audio_encoder/caption_encoder; L2-normalized projected vectors; logit_scale.exp() dot product
8OTd45_6cvY_2,8OTd45_6cvY,2-5s,control,0,23.0,34.0,28.5,2.0,,,28.5,raw_audio/8OTd45_6cvY.wav,BLOCKED,original WAV unavailable; no stored-feature substitute allowed,,,,,official msclap CLAP audio_encoder/caption_encoder; L2-normalized projected vectors; logit_scale.exp() dot product
8OTd45_6cvY_4,8OTd45_6cvY,2-5s,control,0,172.0,176.0,174.0,4.0,,,174.0,raw_audio/8OTd45_6cvY.wav,BLOCKED,original WAV unavailable; no stored-feature substitute allowed,,,,,official msclap CLAP audio_encoder/caption_encoder; L2-normalized projected vectors; logit_scale.exp() dot product
8b9z7N25DmU_1,8b9z7N25DmU,2-5s,control,0,55.0,66.0,60.5,2.0,,,60.5,raw_audio/8b9z7N25DmU.wav,BLOCKED,original WAV unavailable; no stored-feature substitute allowed,,,,,official msclap CLAP audio_encoder/caption_encoder; L2-normalized projected vectors; logit_scale.exp() dot product
8o-Y4QP8LWs_2,8o-Y4QP8LWs,2-5s,harmful,1,48.0,56.0,52.0,4.0,,,52.0,raw_audio/8o-Y4QP8LWs.wav,BLOCKED,original WAV unavailable; no stored-feature substitute allowed,,,,,official msclap CLAP audio_encoder/caption_encoder; L2-normalized projected vectors; logit_scale.exp() dot product
8ycflE3dIHw_2,8ycflE3dIHw,2-5s,control,0,19.0,46.0,32.5,2.0,,,32.5,raw_audio/8ycflE3dIHw.wav,BLOCKED,original WAV unavailable; no stored-feature substitute allowed,,,,,official msclap CLAP audio_encoder/caption_encoder; L2-normalized projected vectors; logit_scale.exp() dot product
9F3sutgYTvo_1,9F3sutgYTvo,2-5s,control,0,0.0,2.0,1.0,4.0,,,1.0,raw_audio/9F3sutgYTvo.wav,BLOCKED,original WAV unavailable; no stored-feature substitute allowed,,,,,official msclap CLAP audio_encoder/caption_encoder; L2-normalized projected vectors; logit_scale.exp() dot product
9F3sutgYTvo_2,9F3sutgYTvo,2-5s,harmful,0,16.0,23.0,19.5,2.0,,,19.5,raw_audio/9F3sutgYTvo.wav,BLOCKED,original WAV unavailable; no stored-feature substitute allowed,,,,,official msclap CLAP audio_encoder/caption_encoder; L2-normalized projected vectors; logit_scale.exp() dot product
9dLLsZVRSZI_1,9dLLsZVRSZI,0-2s,harmful,0,119.0,120.0,119.5,1.0,1.0,118.5,119.5,raw_audio/9dLLsZVRSZI.wav,VALID,,5.44989538192749,4.170536518096924,1.2793588638305664,GT>HARD,official msclap CLAP audio_encoder/caption_encoder; L2-normalized projected vectors; logit_scale.exp() dot product
9ucb5HYO8ps_2,9ucb5HYO8ps,2-5s,harmful,0,11.0,54.0,32.5,2.0,,,32.5,raw_audio/9ucb5HYO8ps.wav,BLOCKED,original WAV unavailable; no stored-feature substitute allowed,,,,,official msclap CLAP audio_encoder/caption_encoder; L2-normalized projected vectors; logit_scale.exp() dot product
9vZDsGjyh5M_1,9vZDsGjyh5M,2-5s,harmful,0,90.0,91.0,90.5,2.0,,,90.5,raw_audio/9vZDsGjyh5M.wav,BLOCKED,original WAV unavailable; no stored-feature substitute allowed,,,,,official msclap CLAP audio_encoder/caption_encoder; L2-normalized projected vectors; logit_scale.exp() dot product
9z2OwpftxUE_2,9z2OwpftxUE,2-5s,harmful,1,10.0,11.0,10.5,2.0,,,10.5,raw_audio/9z2OwpftxUE.wav,BLOCKED,original WAV unavailable; no stored-feature substitute allowed,,,,,official msclap CLAP audio_encoder/caption_encoder; L2-normalized projected vectors; logit_scale.exp() dot product
A61Mry8zBwE_1,A61Mry8zBwE,0-2s,control,1,0.0,6.0,3.0,1.0,,,3.0,raw_audio/A61Mry8zBwE.wav,BLOCKED,original WAV unavailable; no stored-feature substitute allowed,,,,,official msclap CLAP audio_encoder/caption_encoder; L2-normalized projected vectors; logit_scale.exp() dot product
AI1OweEW8C0_1,AI1OweEW8C0,2-5s,control,1,9.0,56.0,32.5,2.0,,,32.5,raw_audio/AI1OweEW8C0.wav,BLOCKED,original WAV unavailable; no stored-feature substitute allowed,,,,,official msclap CLAP audio_encoder/caption_encoder; L2-normalized projected vectors; logit_scale.exp() dot product
AI1OweEW8C0_2,AI1OweEW8C0,2-5s,control,1,0.0,30.0,15.0,2.0,,,15.0,raw_audio/AI1OweEW8C0.wav,BLOCKED,original WAV unavailable; no stored-feature substitute allowed,,,,,official msclap CLAP audio_encoder/caption_encoder; L2-normalized projected vectors; logit_scale.exp() dot product
AKHZMg9ba30_2,AKHZMg9ba30,2-5s,control,1,93.0,100.0,96.5,2.0,,,96.5,raw_audio/AKHZMg9ba30.wav,BLOCKED,original WAV unavailable; no stored-feature substitute allowed,,,,,official msclap CLAP audio_encoder/caption_encoder; L2-normalized projected vectors; logit_scale.exp() dot product
Aj_VMUSNjNM_2,Aj_VMUSNjNM,0-2s,control,0,0.0,6.0,3.0,1.0,,,3.0,raw_audio/Aj_VMUSNjNM.wav,BLOCKED,original WAV unavailable; no stored-feature substitute allowed,,,,,official msclap CLAP audio_encoder/caption_encoder; L2-normalized projected vectors; logit_scale.exp() dot product
AtkD-3GjXMw_1,AtkD-3GjXMw,2-5s,harmful,0,130.0,132.0,131.0,2.0,,,131.0,raw_audio/AtkD-3GjXMw.wav,BLOCKED,original WAV unavailable; no stored-feature substitute allowed,,,,,official msclap CLAP audio_encoder/caption_encoder; L2-normalized projected vectors; logit_scale.exp() dot product
Axd__X2rixk_1,Axd__X2rixk,2-5s,harmful,1,8.0,47.0,27.5,2.0,,,27.5,raw_audio/Axd__X2rixk.wav,BLOCKED,original WAV unavailable; no stored-feature substitute allowed,,,,,official msclap CLAP audio_encoder/caption_encoder; L2-normalized projected vectors; logit_scale.exp() dot product
BA-lFjpzad4_1,BA-lFjpzad4,2-5s,control,0,0.0,6.0,3.0,4.0,4.0,8.0,3.0,raw_audio/BA-lFjpzad4.wav,VALID,,3.650233507156372,3.711853265762329,-0.06161975860595703,HARD>GT,official msclap CLAP audio_encoder/caption_encoder; L2-normalized projected vectors; logit_scale.exp() dot product
BA-lFjpzad4_2,BA-lFjpzad4,0-2s,harmful,0,0.0,11.0,5.5,1.0,1.0,12.5,5.5,raw_audio/BA-lFjpzad4.wav,VALID,,6.664527893066406,6.287374019622803,0.3771538734436035,GT>HARD,official msclap CLAP audio_encoder/caption_encoder; L2-normalized projected vectors; logit_scale.exp() dot product
BA-lFjpzad4_3,BA-lFjpzad4,2-5s,control,0,6.0,11.0,8.5,3.0,3.0,51.5,8.5,raw_audio/BA-lFjpzad4.wav,VALID,,8.146967887878418,4.996884346008301,3.150083541870117,GT>HARD,official msclap CLAP audio_encoder/caption_encoder; L2-normalized projected vectors; logit_scale.exp() dot product
BA-lFjpzad4_4,BA-lFjpzad4,2-5s,control,0,0.0,11.0,5.5,2.0,2.0,30.0,5.5,raw_audio/BA-lFjpzad4.wav,VALID,,3.90665340423584,3.814683437347412,0.09196996688842773,GT>HARD,official msclap CLAP audio_encoder/caption_encoder; L2-normalized projected vectors; logit_scale.exp() dot product
BDpU2Qh77NE_1,BDpU2Qh77NE,0-2s,harmful,1,24.0,33.0,28.5,1.0,1.0,2.5,28.5,raw_audio/BDpU2Qh77NE.wav,VALID,,3.369886875152588,1.301240086555481,2.068646788597107,GT>HARD,official msclap CLAP audio_encoder/caption_encoder; L2-normalized projected vectors; logit_scale.exp() dot product
BDpU2Qh77NE_3,BDpU2Qh77NE,2-5s,control,0,34.0,43.0,38.5,4.0,4.0,82.0,38.5,raw_audio/BDpU2Qh77NE.wav,VALID,,11.613690376281738,4.2147722244262695,7.398918151855469,GT>HARD,official msclap CLAP audio_encoder/caption_encoder; L2-normalized projected vectors; logit_scale.exp() dot product
BL8ksJ0sTXk_3,BL8ksJ0sTXk,0-2s,harmful,1,86.0,88.0,87.0,1.0,,,87.0,raw_audio/BL8ksJ0sTXk.wav,BLOCKED,original WAV unavailable; no stored-feature substitute allowed,,,,,official msclap CLAP audio_encoder/caption_encoder; L2-normalized projected vectors; logit_scale.exp() dot product
BMayJId0X1s_1,BMayJId0X1s,2-5s,harmful,0,146.0,147.0,146.5,3.0,,,146.5,raw_audio/BMayJId0X1s.wav,BLOCKED,original WAV unavailable; no stored-feature substitute allowed,,,,,official msclap CLAP audio_encoder/caption_encoder; L2-normalized projected vectors; logit_scale.exp() dot product
BUAPM4D3-h8_2,BUAPM4D3-h8,0-2s,control,1,182.0,190.0,186.0,1.0,,,186.0,raw_audio/BUAPM4D3-h8.wav,BLOCKED,original WAV unavailable; no stored-feature substitute allowed,,,,,official msclap CLAP audio_encoder/caption_encoder; L2-normalized projected vectors; logit_scale.exp() dot product
Ba92IrXFvJo_1,Ba92IrXFvJo,2-5s,control,1,0.0,1.0,0.5,2.0,,,0.5,raw_audio/Ba92IrXFvJo.wav,BLOCKED,original WAV unavailable; no stored-feature substitute allowed,,,,,official msclap CLAP audio_encoder/caption_encoder; L2-normalized projected vectors; logit_scale.exp() dot product
Bvw2gv1fcZw_2,Bvw2gv1fcZw,2-5s,control,0,101.0,107.0,104.0,3.0,,,104.0,raw_audio/Bvw2gv1fcZw.wav,BLOCKED,original WAV unavailable; no stored-feature substitute allowed,,,,,official msclap CLAP audio_encoder/caption_encoder; L2-normalized projected vectors; logit_scale.exp() dot product
BzHTqyX69pI_2,BzHTqyX69pI,2-5s,control,1,82.0,87.0,84.5,2.0,,,84.5,raw_audio/BzHTqyX69pI.wav,BLOCKED,original WAV unavailable; no stored-feature substitute allowed,,,,,official msclap CLAP audio_encoder/caption_encoder; L2-normalized projected vectors; logit_scale.exp() dot product
C5kmOK_l4jc_1,C5kmOK_l4jc,0-2s,control,0,0.0,1.0,0.5,1.0,,,0.5,raw_audio/C5kmOK_l4jc.wav,BLOCKED,original WAV unavailable; no stored-feature substitute allowed,,,,,official msclap CLAP audio_encoder/caption_encoder; L2-normalized projected vectors; logit_scale.exp() dot product
C8kR19NvynA_1,C8kR19NvynA,2-5s,control,0,10.0,24.0,17.0,4.0,,,17.0,raw_audio/C8kR19NvynA.wav,BLOCKED,original WAV unavailable; no stored-feature substitute allowed,,,,,official msclap CLAP audio_encoder/caption_encoder; L2-normalized projected vectors; logit_scale.exp() dot product
CO6-i8NLbeo_1,CO6-i8NLbeo,2-5s,harmful,0,0.0,10.0,5.0,4.0,,,5.0,raw_audio/CO6-i8NLbeo.wav,BLOCKED,original WAV unavailable; no stored-feature substitute allowed,,,,,official msclap CLAP audio_encoder/caption_encoder; L2-normalized projected vectors; logit_scale.exp() dot product
CO6-i8NLbeo_2,CO6-i8NLbeo,2-5s,control,0,54.0,55.0,54.5,3.0,,,54.5,raw_audio/CO6-i8NLbeo.wav,BLOCKED,original WAV unavailable; no stored-feature substitute allowed,,,,,official msclap CLAP audio_encoder/caption_encoder; L2-normalized projected vectors; logit_scale.exp() dot product
Cbe2B6ohBpw_1,Cbe2B6ohBpw,2-5s,control,0,0.0,1.0,0.5,3.0,,,0.5,raw_audio/Cbe2B6ohBpw.wav,BLOCKED,original WAV unavailable; no stored-feature substitute allowed,,,,,official msclap CLAP audio_encoder/caption_encoder; L2-normalized projected vectors; logit_scale.exp() dot product
Cbe2B6ohBpw_2,Cbe2B6ohBpw,2-5s,control,0,13.0,14.0,13.5,2.0,,,13.5,raw_audio/Cbe2B6ohBpw.wav,BLOCKED,original WAV unavailable; no stored-feature substitute allowed,,,,,official msclap CLAP audio_encoder/caption_encoder; L2-normalized projected vectors; logit_scale.exp() dot product
CefFMA3klxk_1,CefFMA3klxk,0-2s,harmful,1,9.0,26.0,17.5,1.0,,,17.5,raw_audio/CefFMA3klxk.wav,BLOCKED,original WAV unavailable; no stored-feature substitute allowed,,,,,official msclap CLAP audio_encoder/caption_encoder; L2-normalized projected vectors; logit_scale.exp() dot product
CefFMA3klxk_3,CefFMA3klxk,2-5s,harmful,1,102.0,140.0,121.0,2.0,,,121.0,raw_audio/CefFMA3klxk.wav,BLOCKED,original WAV unavailable; no stored-feature substitute allowed,,,,,official msclap CLAP audio_encoder/caption_encoder; L2-normalized projected vectors; logit_scale.exp() dot product
CvNAwby6Xos_1,CvNAwby6Xos,2-5s,harmful,1,80.0,83.0,81.5,4.0,,,81.5,raw_audio/CvNAwby6Xos.wav,BLOCKED,original WAV unavailable; no stored-feature substitute allowed,,,,,official msclap CLAP audio_encoder/caption_encoder; L2-normalized projected vectors; logit_scale.exp() dot product
D2Xc_jZllDY_2,D2Xc_jZllDY,2-5s,control,0,55.0,56.0,55.5,2.0,,,55.5,raw_audio/D2Xc_jZllDY.wav,BLOCKED,original WAV unavailable; no stored-feature substitute allowed,,,,,official msclap CLAP audio_encoder/caption_encoder; L2-normalized projected vectors; logit_scale.exp() dot product
Dc2WEiRk0rA_2,Dc2WEiRk0rA,2-5s,control,0,0.0,15.0,7.5,3.0,3.0,71.5,7.5,raw_audio/Dc2WEiRk0rA.wav,VALID,,2.8438363075256348,-7.972558975219727,10.816395282745361,GT>HARD,official msclap CLAP audio_encoder/caption_encoder; L2-normalized projected vectors; logit_scale.exp() dot product
DjKGzOe_COc_1,DjKGzOe_COc,2-5s,control,1,62.0,64.0,63.0,3.0,,,63.0,raw_audio/DjKGzOe_COc.wav,BLOCKED,original WAV unavailable; no stored-feature substitute allowed,,,,,official msclap CLAP audio_encoder/caption_encoder; L2-normalized projected vectors; logit_scale.exp() dot product
Dn3buZWMzwY_1,Dn3buZWMzwY,2-5s,control,0,46.0,52.0,49.0,2.0,2.0,45.0,49.0,raw_audio/Dn3buZWMzwY.wav,VALID,,4.543914794921875,3.769289255142212,0.7746255397796631,GT>HARD,official msclap CLAP audio_encoder/caption_encoder; L2-normalized projected vectors; logit_scale.exp() dot product
Dn3buZWMzwY_2,Dn3buZWMzwY,0-2s,control,0,96.0,99.0,97.5,1.0,1.0,86.5,97.5,raw_audio/Dn3buZWMzwY.wav,VALID,,6.783506870269775,4.134928226470947,2.648578643798828,GT>HARD,official msclap CLAP audio_encoder/caption_encoder; L2-normalized projected vectors; logit_scale.exp() dot product
Dn3buZWMzwY_3,Dn3buZWMzwY,0-2s,control,0,84.0,87.0,85.5,1.0,1.0,87.5,85.5,raw_audio/Dn3buZWMzwY.wav,VALID,,2.244584321975708,3.38686203956604,-1.142277717590332,HARD>GT,official msclap CLAP audio_encoder/caption_encoder; L2-normalized projected vectors; logit_scale.exp() dot product
Dn3buZWMzwY_4,Dn3buZWMzwY,2-5s,harmful,0,19.0,24.0,21.5,2.0,2.0,26.0,21.5,raw_audio/Dn3buZWMzwY.wav,VALID,,1.3404580354690552,-0.4626120328903198,1.803070068359375,GT>HARD,official msclap CLAP audio_encoder/caption_encoder; L2-normalized projected vectors; logit_scale.exp() dot product
E3D_z0aoUEg_4,E3D_z0aoUEg,2-5s,harmful,0,149.0,155.0,152.0,3.0,,,152.0,raw_audio/E3D_z0aoUEg.wav,BLOCKED,original WAV unavailable; no stored-feature substitute allowed,,,,,official msclap CLAP audio_encoder/caption_encoder; L2-normalized projected vectors; logit_scale.exp() dot product
E3Q1jfTeuWs_1,E3Q1jfTeuWs,2-5s,control,1,0.0,7.0,3.5,2.0,,,3.5,raw_audio/E3Q1jfTeuWs.wav,BLOCKED,original WAV unavailable; no stored-feature substitute allowed,,,,,official msclap CLAP audio_encoder/caption_encoder; L2-normalized projected vectors; logit_scale.exp() dot product
E3Q1jfTeuWs_2,E3Q1jfTeuWs,2-5s,control,0,0.0,4.0,2.0,2.0,,,2.0,raw_audio/E3Q1jfTeuWs.wav,BLOCKED,original WAV unavailable; no stored-feature substitute allowed,,,,,official msclap CLAP audio_encoder/caption_encoder; L2-normalized projected vectors; logit_scale.exp() dot product
ECw5Yf7QoMo_3,ECw5Yf7QoMo,2-5s,harmful,1,13.0,39.0,26.0,2.0,,,26.0,raw_audio/ECw5Yf7QoMo.wav,BLOCKED,original WAV unavailable; no stored-feature substitute allowed,,,,,official msclap CLAP audio_encoder/caption_encoder; L2-normalized projected vectors; logit_scale.exp() dot product
ESjMIqrvRj4_2,ESjMIqrvRj4,2-5s,control,0,119.0,121.0,120.0,4.0,,,120.0,raw_audio/ESjMIqrvRj4.wav,BLOCKED,original WAV unavailable; no stored-feature substitute allowed,,,,,official msclap CLAP audio_encoder/caption_encoder; L2-normalized projected vectors; logit_scale.exp() dot product
ESjMIqrvRj4_5,ESjMIqrvRj4,0-2s,control,0,162.0,175.0,168.5,1.0,,,168.5,raw_audio/ESjMIqrvRj4.wav,BLOCKED,original WAV unavailable; no stored-feature substitute allowed,,,,,official msclap CLAP audio_encoder/caption_encoder; L2-normalized projected vectors; logit_scale.exp() dot product
EUZaxaWqhwg_1,EUZaxaWqhwg,2-5s,control,1,27.0,40.0,33.5,4.0,,,33.5,raw_audio/EUZaxaWqhwg.wav,BLOCKED,original WAV unavailable; no stored-feature substitute allowed,,,,,official msclap CLAP audio_encoder/caption_encoder; L2-normalized projected vectors; logit_scale.exp() dot product
EcihYbSlyck_3,EcihYbSlyck,2-5s,harmful,1,14.0,20.0,17.0,2.0,,,17.0,raw_audio/EcihYbSlyck.wav,BLOCKED,original WAV unavailable; no stored-feature substitute allowed,,,,,official msclap CLAP audio_encoder/caption_encoder; L2-normalized projected vectors; logit_scale.exp() dot product
ErxgH5g3Kx0_1,ErxgH5g3Kx0,0-2s,control,1,170.0,171.0,170.5,1.0,1.0,1.5,170.5,raw_audio/ErxgH5g3Kx0.wav,VALID,,0.8758292198181152,-0.17102530598640442,1.0468545258045197,GT>HARD,official msclap CLAP audio_encoder/caption_encoder; L2-normalized projected vectors; logit_scale.exp() dot product
ErxgH5g3Kx0_2,ErxgH5g3Kx0,2-5s,harmful,0,95.0,125.0,110.0,2.0,2.0,33.0,110.0,raw_audio/ErxgH5g3Kx0.wav,VALID,,2.689929723739624,0.9053778052330017,1.7845519185066223,GT>HARD,official msclap CLAP audio_encoder/caption_encoder; L2-normalized projected vectors; logit_scale.exp() dot product
EzWEO2WD_MM_1,EzWEO2WD_MM,2-5s,control,1,27.0,34.0,30.5,3.0,,,30.5,raw_audio/EzWEO2WD_MM.wav,BLOCKED,original WAV unavailable; no stored-feature substitute allowed,,,,,official msclap CLAP audio_encoder/caption_encoder; L2-normalized projected vectors; logit_scale.exp() dot product
EzWEO2WD_MM_2,EzWEO2WD_MM,2-5s,control,0,77.0,103.0,90.0,3.0,,,90.0,raw_audio/EzWEO2WD_MM.wav,BLOCKED,original WAV unavailable; no stored-feature substitute allowed,,,,,official msclap CLAP audio_encoder/caption_encoder; L2-normalized projected vectors; logit_scale.exp() dot product
FDwK7T1JO_0_2,FDwK7T1JO_0,2-5s,control,0,114.0,119.0,116.5,3.0,,,116.5,raw_audio/FDwK7T1JO_0.wav,BLOCKED,original WAV unavailable; no stored-feature substitute allowed,,,,,official msclap CLAP audio_encoder/caption_encoder; L2-normalized projected vectors; logit_scale.exp() dot product
FR7BDRhMATo_2,FR7BDRhMATo,2-5s,control,1,0.0,65.0,32.5,4.0,,,32.5,raw_audio/FR7BDRhMATo.wav,BLOCKED,original WAV unavailable; no stored-feature substitute allowed,,,,,official msclap CLAP audio_encoder/caption_encoder; L2-normalized projected vectors; logit_scale.exp() dot product
FXdoNvmrYxo_2,FXdoNvmrYxo,2-5s,harmful,0,107.0,114.0,110.5,4.0,,,110.5,raw_audio/FXdoNvmrYxo.wav,BLOCKED,original WAV unavailable; no stored-feature substitute allowed,,,,,official msclap CLAP audio_encoder/caption_encoder; L2-normalized projected vectors; logit_scale.exp() dot product
Flk-X0gwjF4_1,Flk-X0gwjF4,2-5s,control,1,13.0,29.0,21.0,4.0,,,21.0,raw_audio/Flk-X0gwjF4.wav,BLOCKED,original WAV unavailable; no stored-feature substitute allowed,,,,,official msclap CLAP audio_encoder/caption_encoder; L2-normalized projected vectors; logit_scale.exp() dot product
G3YO2unWz7k_1,G3YO2unWz7k,0-2s,control,1,12.0,36.0,24.0,1.0,,,24.0,raw_audio/G3YO2unWz7k.wav,BLOCKED,original WAV unavailable; no stored-feature substitute allowed,,,,,official msclap CLAP audio_encoder/caption_encoder; L2-normalized projected vectors; logit_scale.exp() dot product
GGgQR7aIofY_1,GGgQR7aIofY,2-5s,control,0,38.0,42.0,40.0,2.0,2.0,31.0,40.0,raw_audio/GGgQR7aIofY.wav,VALID,,3.317173480987549,-0.9163210988044739,4.233494579792023,GT>HARD,official msclap CLAP audio_encoder/caption_encoder; L2-normalized projected vectors; logit_scale.exp() dot product
GGgQR7aIofY_3,GGgQR7aIofY,2-5s,harmful,1,53.0,73.0,63.0,3.0,3.0,89.5,63.0,raw_audio/GGgQR7aIofY.wav,VALID,,4.340751647949219,1.380987524986267,2.9597641229629517,GT>HARD,official msclap CLAP audio_encoder/caption_encoder; L2-normalized projected vectors; logit_scale.exp() dot product
GOD8Bt5LfDE_2,GOD8Bt5LfDE,2-5s,harmful,1,120.0,121.0,120.5,3.0,,,120.5,raw_audio/GOD8Bt5LfDE.wav,BLOCKED,original WAV unavailable; no stored-feature substitute allowed,,,,,official msclap CLAP audio_encoder/caption_encoder; L2-normalized projected vectors; logit_scale.exp() dot product
GOD8Bt5LfDE_3,GOD8Bt5LfDE,2-5s,control,1,5.0,9.0,7.0,2.0,,,7.0,raw_audio/GOD8Bt5LfDE.wav,BLOCKED,original WAV unavailable; no stored-feature substitute allowed,,,,,official msclap CLAP audio_encoder/caption_encoder; L2-normalized projected vectors; logit_scale.exp() dot product
Gkb4f6yodPE_2,Gkb4f6yodPE,2-5s,harmful,1,294.0,299.0,296.5,3.0,,,296.5,raw_audio/Gkb4f6yodPE.wav,BLOCKED,original WAV unavailable; no stored-feature substitute allowed,,,,,official msclap CLAP audio_encoder/caption_encoder; L2-normalized projected vectors; logit_scale.exp() dot product
H7-orYrKBeo_1,H7-orYrKBeo,2-5s,control,1,0.0,21.0,10.5,4.0,,,10.5,raw_audio/H7-orYrKBeo.wav,BLOCKED,original WAV unavailable; no stored-feature substitute allowed,,,,,official msclap CLAP audio_encoder/caption_encoder; L2-normalized projected vectors; logit_scale.exp() dot product
H7rd9bZtbgc_1,H7rd9bZtbgc,2-5s,control,1,12.0,15.0,13.5,3.0,3.0,5.5,13.5,raw_audio/H7rd9bZtbgc.wav,VALID,,3.5486886501312256,2.3345870971679688,1.2141015529632568,GT>HARD,official msclap CLAP audio_encoder/caption_encoder; L2-normalized projected vectors; logit_scale.exp() dot product
H7rd9bZtbgc_2,H7rd9bZtbgc,0-2s,control,1,139.0,143.0,141.0,1.0,1.0,13.5,141.0,raw_audio/H7rd9bZtbgc.wav,VALID,,2.592498779296875,2.0577340126037598,0.5347647666931152,GT>HARD,official msclap CLAP audio_encoder/caption_encoder; L2-normalized projected vectors; logit_scale.exp() dot product
HVz-FJBf_iM_1,HVz-FJBf_iM,0-2s,control,0,6.0,9.0,7.5,1.0,1.0,9.5,7.5,raw_audio/HVz-FJBf_iM.wav,VALID,,-2.6287295818328857,-2.635133743286133,0.00640416145324707,GT>HARD,official msclap CLAP audio_encoder/caption_encoder; L2-normalized projected vectors; logit_scale.exp() dot product
HdPSebdDxe4_1,HdPSebdDxe4,2-5s,control,0,21.0,25.0,23.0,2.0,,,23.0,raw_audio/HdPSebdDxe4.wav,BLOCKED,original WAV unavailable; no stored-feature substitute allowed,,,,,official msclap CLAP audio_encoder/caption_encoder; L2-normalized projected vectors; logit_scale.exp() dot product
HdPSebdDxe4_4,HdPSebdDxe4,2-5s,control,0,2.0,4.0,3.0,4.0,,,3.0,raw_audio/HdPSebdDxe4.wav,BLOCKED,original WAV unavailable; no stored-feature substitute allowed,,,,,official msclap CLAP audio_encoder/caption_encoder; L2-normalized projected vectors; logit_scale.exp() dot product
Hdxfbpnd2-8_3,Hdxfbpnd2-8,2-5s,harmful,1,0.0,44.0,22.0,2.0,,,22.0,raw_audio/Hdxfbpnd2-8.wav,BLOCKED,original WAV unavailable; no stored-feature substitute allowed,,,,,official msclap CLAP audio_encoder/caption_encoder; L2-normalized projected vectors; logit_scale.exp() dot product
Hdxfbpnd2-8_4,Hdxfbpnd2-8,0-2s,harmful,0,52.0,54.0,53.0,1.0,,,53.0,raw_audio/Hdxfbpnd2-8.wav,BLOCKED,original WAV unavailable; no stored-feature substitute allowed,,,,,official msclap CLAP audio_encoder/caption_encoder; L2-normalized projected vectors; logit_scale.exp() dot product
HxZADVzNIqs_2,HxZADVzNIqs,2-5s,control,1,0.0,53.0,26.5,4.0,,,26.5,raw_audio/HxZADVzNIqs.wav,BLOCKED,original WAV unavailable; no stored-feature substitute allowed,,,,,official msclap CLAP audio_encoder/caption_encoder; L2-normalized projected vectors; logit_scale.exp() dot product
HxZADVzNIqs_3,HxZADVzNIqs,2-5s,control,1,1.0,25.0,13.0,3.0,,,13.0,raw_audio/HxZADVzNIqs.wav,BLOCKED,original WAV unavailable; no stored-feature substitute allowed,,,,,official msclap CLAP audio_encoder/caption_encoder; L2-normalized projected vectors; logit_scale.exp() dot product
I4HpYGMMsz4_1,I4HpYGMMsz4,2-5s,harmful,1,8.0,43.0,25.5,4.0,,,25.5,raw_audio/I4HpYGMMsz4.wav,BLOCKED,original WAV unavailable; no stored-feature substitute allowed,,,,,official msclap CLAP audio_encoder/caption_encoder; L2-normalized projected vectors; logit_scale.exp() dot product
IJ6pm5Kns8A_1,IJ6pm5Kns8A,2-5s,harmful,1,79.0,84.0,81.5,2.0,,,81.5,raw_audio/IJ6pm5Kns8A.wav,BLOCKED,original WAV unavailable; no stored-feature substitute allowed,,,,,official msclap CLAP audio_encoder/caption_encoder; L2-normalized projected vectors; logit_scale.exp() dot product
IJ6pm5Kns8A_2,IJ6pm5Kns8A,2-5s,control,0,104.0,107.0,105.5,2.0,,,105.5,raw_audio/IJ6pm5Kns8A.wav,BLOCKED,original WAV unavailable; no stored-feature substitute allowed,,,,,official msclap CLAP audio_encoder/caption_encoder; L2-normalized projected vectors; logit_scale.exp() dot product
IsUG5SKWNZA_2,IsUG5SKWNZA,2-5s,harmful,0,52.0,53.0,52.5,2.0,,,52.5,raw_audio/IsUG5SKWNZA.wav,BLOCKED,original WAV unavailable; no stored-feature substitute allowed,,,,,official msclap CLAP audio_encoder/caption_encoder; L2-normalized projected vectors; logit_scale.exp() dot product
ItS07xtdi4s_3,ItS07xtdi4s,2-5s,control,0,34.0,35.0,34.5,2.0,,,34.5,raw_audio/ItS07xtdi4s.wav,BLOCKED,original WAV unavailable; no stored-feature substitute allowed,,,,,official msclap CLAP audio_encoder/caption_encoder; L2-normalized projected vectors; logit_scale.exp() dot product
ItS07xtdi4s_5,ItS07xtdi4s,0-2s,harmful,0,81.0,83.0,82.0,1.0,,,82.0,raw_audio/ItS07xtdi4s.wav,BLOCKED,original WAV unavailable; no stored-feature substitute allowed,,,,,official msclap CLAP audio_encoder/caption_encoder; L2-normalized projected vectors; logit_scale.exp() dot product
JC2ZrXzCX4Y_2,JC2ZrXzCX4Y,2-5s,control,1,89.0,95.0,92.0,2.0,,,92.0,raw_audio/JC2ZrXzCX4Y.wav,BLOCKED,original WAV unavailable; no stored-feature substitute allowed,,,,,official msclap CLAP audio_encoder/caption_encoder; L2-normalized projected vectors; logit_scale.exp() dot product
JZloTOdIY_c_3,JZloTOdIY_c,2-5s,harmful,1,16.0,20.0,18.0,3.0,,,18.0,raw_audio/JZloTOdIY_c.wav,BLOCKED,original WAV unavailable; no stored-feature substitute allowed,,,,,official msclap CLAP audio_encoder/caption_encoder; L2-normalized projected vectors; logit_scale.exp() dot product
JmWaRt8-u0s_1,JmWaRt8-u0s,2-5s,harmful,1,0.0,26.0,13.0,4.0,,,13.0,raw_audio/JmWaRt8-u0s.wav,BLOCKED,original WAV unavailable; no stored-feature substitute allowed,,,,,official msclap CLAP audio_encoder/caption_encoder; L2-normalized projected vectors; logit_scale.exp() dot product
K-7Y8yhcUiw_3,K-7Y8yhcUiw,2-5s,harmful,1,81.0,83.0,82.0,3.0,,,82.0,raw_audio/K-7Y8yhcUiw.wav,BLOCKED,original WAV unavailable; no stored-feature substitute allowed,,,,,official msclap CLAP audio_encoder/caption_encoder; L2-normalized projected vectors; logit_scale.exp() dot product
K03ydb1uaoQ_1,K03ydb1uaoQ,2-5s,control,0,8.0,10.0,9.0,3.0,,,9.0,raw_audio/K03ydb1uaoQ.wav,BLOCKED,original WAV unavailable; no stored-feature substitute allowed,,,,,official msclap CLAP audio_encoder/caption_encoder; L2-normalized projected vectors; logit_scale.exp() dot product
KJhGuhNHToA_1,KJhGuhNHToA,2-5s,control,1,11.0,14.0,12.5,2.0,2.0,1.0,12.5,raw_audio/KJhGuhNHToA.wav,VALID,,2.318582057952881,1.4235461950302124,0.8950358629226685,GT>HARD,official msclap CLAP audio_encoder/caption_encoder; L2-normalized projected vectors; logit_scale.exp() dot product
KJhGuhNHToA_2,KJhGuhNHToA,2-5s,control,0,0.0,3.0,1.5,3.0,3.0,12.5,1.5,raw_audio/KJhGuhNHToA.wav,VALID,,5.920466899871826,5.693661689758301,0.2268052101135254,GT>HARD,official msclap CLAP audio_encoder/caption_encoder; L2-normalized projected vectors; logit_scale.exp() dot product
KJhGuhNHToA_4,KJhGuhNHToA,2-5s,control,0,54.0,58.0,56.0,3.0,3.0,40.5,56.0,raw_audio/KJhGuhNHToA.wav,VALID,,2.5085747241973877,0.5859460830688477,1.92262864112854,GT>HARD,official msclap CLAP audio_encoder/caption_encoder; L2-normalized projected vectors; logit_scale.exp() dot product
K_Vre_-4KqU_2,K_Vre_-4KqU,2-5s,control,0,54.0,56.0,55.0,4.0,,,55.0,raw_audio/K_Vre_-4KqU.wav,BLOCKED,original WAV unavailable; no stored-feature substitute allowed,,,,,official msclap CLAP audio_encoder/caption_encoder; L2-normalized projected vectors; logit_scale.exp() dot product
Kel-hfZ_9h8_4,Kel-hfZ_9h8,0-2s,harmful,1,48.0,51.0,49.5,1.0,,,49.5,raw_audio/Kel-hfZ_9h8.wav,BLOCKED,original WAV unavailable; no stored-feature substitute allowed,,,,,official msclap CLAP audio_encoder/caption_encoder; L2-normalized projected vectors; logit_scale.exp() dot product
KnsKf9KoNds_1,KnsKf9KoNds,0-2s,harmful,1,0.0,3.0,1.5,1.0,,,1.5,raw_audio/KnsKf9KoNds.wav,BLOCKED,original WAV unavailable; no stored-feature substitute allowed,,,,,official msclap CLAP audio_encoder/caption_encoder; L2-normalized projected vectors; logit_scale.exp() dot product
KnsKf9KoNds_2,KnsKf9KoNds,2-5s,control,1,86.0,88.0,87.0,3.0,,,87.0,raw_audio/KnsKf9KoNds.wav,BLOCKED,original WAV unavailable; no stored-feature substitute allowed,,,,,official msclap CLAP audio_encoder/caption_encoder; L2-normalized projected vectors; logit_scale.exp() dot product
KvrcRMfFzOE_1,KvrcRMfFzOE,2-5s,harmful,0,181.0,186.0,183.5,4.0,,,183.5,raw_audio/KvrcRMfFzOE.wav,BLOCKED,original WAV unavailable; no stored-feature substitute allowed,,,,,official msclap CLAP audio_encoder/caption_encoder; L2-normalized projected vectors; logit_scale.exp() dot product
LB6CZ0x-kns_1,LB6CZ0x-kns,2-5s,control,0,2.0,3.0,2.5,2.0,,,2.5,raw_audio/LB6CZ0x-kns.wav,BLOCKED,original WAV unavailable; no stored-feature substitute allowed,,,,,official msclap CLAP audio_encoder/caption_encoder; L2-normalized projected vectors; logit_scale.exp() dot product
LCwSUVuTyvg_2,LCwSUVuTyvg,2-5s,harmful,0,21.0,56.0,38.5,4.0,,,38.5,raw_audio/LCwSUVuTyvg.wav,BLOCKED,original WAV unavailable; no stored-feature substitute allowed,,,,,official msclap CLAP audio_encoder/caption_encoder; L2-normalized projected vectors; logit_scale.exp() dot product
LP_DzNUkAKY_1,LP_DzNUkAKY,0-2s,harmful,0,121.0,124.0,122.5,1.0,,,122.5,raw_audio/LP_DzNUkAKY.wav,BLOCKED,original WAV unavailable; no stored-feature substitute allowed,,,,,official msclap CLAP audio_encoder/caption_encoder; L2-normalized projected vectors; logit_scale.exp() dot product
LP_DzNUkAKY_2,LP_DzNUkAKY,2-5s,harmful,0,122.0,124.0,123.0,4.0,,,123.0,raw_audio/LP_DzNUkAKY.wav,BLOCKED,original WAV unavailable; no stored-feature substitute allowed,,,,,official msclap CLAP audio_encoder/caption_encoder; L2-normalized projected vectors; logit_scale.exp() dot product
LVvS3s9dFKw_2,LVvS3s9dFKw,2-5s,harmful,1,173.0,176.0,174.5,3.0,,,174.5,raw_audio/LVvS3s9dFKw.wav,BLOCKED,original WAV unavailable; no stored-feature substitute allowed,,,,,official msclap CLAP audio_encoder/caption_encoder; L2-normalized projected vectors; logit_scale.exp() dot product
LVvS3s9dFKw_3,LVvS3s9dFKw,2-5s,control,1,14.0,17.0,15.5,2.0,,,15.5,raw_audio/LVvS3s9dFKw.wav,BLOCKED,original WAV unavailable; no stored-feature substitute allowed,,,,,official msclap CLAP audio_encoder/caption_encoder; L2-normalized projected vectors; logit_scale.exp() dot product
LvMA1Wcgu3w_1,LvMA1Wcgu3w,2-5s,harmful,0,94.0,95.0,94.5,2.0,,,94.5,raw_audio/LvMA1Wcgu3w.wav,BLOCKED,original WAV unavailable; no stored-feature substitute allowed,,,,,official msclap CLAP audio_encoder/caption_encoder; L2-normalized projected vectors; logit_scale.exp() dot product
MBP4RcnwGZw_1,MBP4RcnwGZw,2-5s,control,0,0.0,2.0,1.0,3.0,,,1.0,raw_audio/MBP4RcnwGZw.wav,BLOCKED,original WAV unavailable; no stored-feature substitute allowed,,,,,official msclap CLAP audio_encoder/caption_encoder; L2-normalized projected vectors; logit_scale.exp() dot product
MPLZUg89y5U_2,MPLZUg89y5U,0-2s,control,1,133.0,139.0,136.0,1.0,,,136.0,raw_audio/MPLZUg89y5U.wav,BLOCKED,original WAV unavailable; no stored-feature substitute allowed,,,,,official msclap CLAP audio_encoder/caption_encoder; L2-normalized projected vectors; logit_scale.exp() dot product
MVGhC-xB79s_2,MVGhC-xB79s,2-5s,control,1,59.0,63.0,61.0,2.0,,,61.0,raw_audio/MVGhC-xB79s.wav,BLOCKED,original WAV unavailable; no stored-feature substitute allowed,,,,,official msclap CLAP audio_encoder/caption_encoder; L2-normalized projected vectors; logit_scale.exp() dot product
MdlEswBfZMQ_2,MdlEswBfZMQ,2-5s,control,1,8.0,14.0,11.0,2.0,,,11.0,raw_audio/MdlEswBfZMQ.wav,BLOCKED,original WAV unavailable; no stored-feature substitute allowed,,,,,official msclap CLAP audio_encoder/caption_encoder; L2-normalized projected vectors; logit_scale.exp() dot product
MkbP_8zJwXU_2,MkbP_8zJwXU,2-5s,harmful,0,0.0,12.0,6.0,2.0,,,6.0,raw_audio/MkbP_8zJwXU.wav,BLOCKED,original WAV unavailable; no stored-feature substitute allowed,,,,,official msclap CLAP audio_encoder/caption_encoder; L2-normalized projected vectors; logit_scale.exp() dot product
MvHpNzDpC6Q_1,MvHpNzDpC6Q,2-5s,control,0,17.0,19.0,18.0,2.0,,,18.0,raw_audio/MvHpNzDpC6Q.wav,BLOCKED,original WAV unavailable; no stored-feature substitute allowed,,,,,official msclap CLAP audio_encoder/caption_encoder; L2-normalized projected vectors; logit_scale.exp() dot product
N_s9F4CI_98_2,N_s9F4CI_98,2-5s,control,0,100.0,102.0,101.0,3.0,,,101.0,raw_audio/N_s9F4CI_98.wav,BLOCKED,original WAV unavailable; no stored-feature substitute allowed,,,,,official msclap CLAP audio_encoder/caption_encoder; L2-normalized projected vectors; logit_scale.exp() dot product
NeWW30WZjPc_1,NeWW30WZjPc,0-2s,control,1,0.0,1.0,0.5,1.0,,,0.5,raw_audio/NeWW30WZjPc.wav,BLOCKED,original WAV unavailable; no stored-feature substitute allowed,,,,,official msclap CLAP audio_encoder/caption_encoder; L2-normalized projected vectors; logit_scale.exp() dot product
Ni3dIj90Oa4_2,Ni3dIj90Oa4,2-5s,harmful,1,12.0,30.0,21.0,3.0,,,21.0,raw_audio/Ni3dIj90Oa4.wav,BLOCKED,original WAV unavailable; no stored-feature substitute allowed,,,,,official msclap CLAP audio_encoder/caption_encoder; L2-normalized projected vectors; logit_scale.exp() dot product
NlKlRKz8OKI_1,NlKlRKz8OKI,2-5s,control,0,52.0,63.0,57.5,4.0,,,57.5,raw_audio/NlKlRKz8OKI.wav,BLOCKED,original WAV unavailable; no stored-feature substitute allowed,,,,,official msclap CLAP audio_encoder/caption_encoder; L2-normalized projected vectors; logit_scale.exp() dot product
NlKlRKz8OKI_2,NlKlRKz8OKI,2-5s,harmful,0,214.0,215.0,214.5,2.0,,,214.5,raw_audio/NlKlRKz8OKI.wav,BLOCKED,original WAV unavailable; no stored-feature substitute allowed,,,,,official msclap CLAP audio_encoder/caption_encoder; L2-normalized projected vectors; logit_scale.exp() dot product
OMGHnJV0l2U_1,OMGHnJV0l2U,2-5s,control,1,197.0,228.0,212.5,2.0,,,212.5,raw_audio/OMGHnJV0l2U.wav,BLOCKED,original WAV unavailable; no stored-feature substitute allowed,,,,,official msclap CLAP audio_encoder/caption_encoder; L2-normalized projected vectors; logit_scale.exp() dot product
OUUckswAaNI_4,OUUckswAaNI,0-2s,control,0,73.0,81.0,77.0,1.0,,,77.0,raw_audio/OUUckswAaNI.wav,BLOCKED,original WAV unavailable; no stored-feature substitute allowed,,,,,official msclap CLAP audio_encoder/caption_encoder; L2-normalized projected vectors; logit_scale.exp() dot product
ObWjGBJF_94_1,ObWjGBJF_94,2-5s,harmful,1,61.0,68.0,64.5,2.0,,,64.5,raw_audio/ObWjGBJF_94.wav,BLOCKED,original WAV unavailable; no stored-feature substitute allowed,,,,,official msclap CLAP audio_encoder/caption_encoder; L2-normalized projected vectors; logit_scale.exp() dot product
OpiWMltpj44_1,OpiWMltpj44,2-5s,harmful,0,40.0,47.0,43.5,3.0,,,43.5,raw_audio/OpiWMltpj44.wav,BLOCKED,original WAV unavailable; no stored-feature substitute allowed,,,,,official msclap CLAP audio_encoder/caption_encoder; L2-normalized projected vectors; logit_scale.exp() dot product
OpiWMltpj44_3,OpiWMltpj44,0-2s,control,0,69.0,72.0,70.5,1.0,,,70.5,raw_audio/OpiWMltpj44.wav,BLOCKED,original WAV unavailable; no stored-feature substitute allowed,,,,,official msclap CLAP audio_encoder/caption_encoder; L2-normalized projected vectors; logit_scale.exp() dot product
OpiWMltpj44_4,OpiWMltpj44,2-5s,control,0,10.0,16.0,13.0,2.0,,,13.0,raw_audio/OpiWMltpj44.wav,BLOCKED,original WAV unavailable; no stored-feature substitute allowed,,,,,official msclap CLAP audio_encoder/caption_encoder; L2-normalized projected vectors; logit_scale.exp() dot product
Ot0bN_hz2ec_3,Ot0bN_hz2ec,2-5s,control,0,145.0,148.0,146.5,3.0,,,146.5,raw_audio/Ot0bN_hz2ec.wav,BLOCKED,original WAV unavailable; no stored-feature substitute allowed,,,,,official msclap CLAP audio_encoder/caption_encoder; L2-normalized projected vectors; logit_scale.exp() dot product
PO8Nu3F8mkA_1,PO8Nu3F8mkA,2-5s,control,0,11.0,12.0,11.5,3.0,3.0,16.5,11.5,raw_audio/PO8Nu3F8mkA.wav,VALID,,-2.860311985015869,-0.3561953008174896,-2.5041166841983795,HARD>GT,official msclap CLAP audio_encoder/caption_encoder; L2-normalized projected vectors; logit_scale.exp() dot product
PTyFYxXdut4_2,PTyFYxXdut4,2-5s,control,0,0.0,5.0,2.5,4.0,,,2.5,raw_audio/PTyFYxXdut4.wav,BLOCKED,original WAV unavailable; no stored-feature substitute allowed,,,,,official msclap CLAP audio_encoder/caption_encoder; L2-normalized projected vectors; logit_scale.exp() dot product
PYP-r0nvbFk_2,PYP-r0nvbFk,0-2s,harmful,1,43.0,44.0,43.5,1.0,,,43.5,raw_audio/PYP-r0nvbFk.wav,BLOCKED,original WAV unavailable; no stored-feature substitute allowed,,,,,official msclap CLAP audio_encoder/caption_encoder; L2-normalized projected vectors; logit_scale.exp() dot product
PYP-r0nvbFk_3,PYP-r0nvbFk,0-2s,harmful,0,28.0,30.0,29.0,1.0,,,29.0,raw_audio/PYP-r0nvbFk.wav,BLOCKED,original WAV unavailable; no stored-feature substitute allowed,,,,,official msclap CLAP audio_encoder/caption_encoder; L2-normalized projected vectors; logit_scale.exp() dot product
Pb6MqpdX5Jw_4,Pb6MqpdX5Jw,2-5s,control,0,19.0,30.0,24.5,2.0,,,24.5,raw_audio/Pb6MqpdX5Jw.wav,BLOCKED,original WAV unavailable; no stored-feature substitute allowed,,,,,official msclap CLAP audio_encoder/caption_encoder; L2-normalized projected vectors; logit_scale.exp() dot product
Pb6MqpdX5Jw_5,Pb6MqpdX5Jw,2-5s,control,0,74.0,79.0,76.5,2.0,,,76.5,raw_audio/Pb6MqpdX5Jw.wav,BLOCKED,original WAV unavailable; no stored-feature substitute allowed,,,,,official msclap CLAP audio_encoder/caption_encoder; L2-normalized projected vectors; logit_scale.exp() dot product
QHfyKaOHSz4_2,QHfyKaOHSz4,2-5s,harmful,1,47.0,48.0,47.5,3.0,,,47.5,raw_audio/QHfyKaOHSz4.wav,BLOCKED,original WAV unavailable; no stored-feature substitute allowed,,,,,official msclap CLAP audio_encoder/caption_encoder; L2-normalized projected vectors; logit_scale.exp() dot product
QKHpSAAjakY_1,QKHpSAAjakY,0-2s,control,0,12.0,17.0,14.5,1.0,,,14.5,raw_audio/QKHpSAAjakY.wav,BLOCKED,original WAV unavailable; no stored-feature substitute allowed,,,,,official msclap CLAP audio_encoder/caption_encoder; L2-normalized projected vectors; logit_scale.exp() dot product
QKHpSAAjakY_3,QKHpSAAjakY,2-5s,harmful,0,78.0,85.0,81.5,2.0,,,81.5,raw_audio/QKHpSAAjakY.wav,BLOCKED,original WAV unavailable; no stored-feature substitute allowed,,,,,official msclap CLAP audio_encoder/caption_encoder; L2-normalized projected vectors; logit_scale.exp() dot product
QOmV7O9mFwg_1,QOmV7O9mFwg,2-5s,control,0,170.0,173.0,171.5,4.0,,,171.5,raw_audio/QOmV7O9mFwg.wav,BLOCKED,original WAV unavailable; no stored-feature substitute allowed,,,,,official msclap CLAP audio_encoder/caption_encoder; L2-normalized projected vectors; logit_scale.exp() dot product
QOmV7O9mFwg_2,QOmV7O9mFwg,2-5s,harmful,0,45.0,47.0,46.0,3.0,,,46.0,raw_audio/QOmV7O9mFwg.wav,BLOCKED,original WAV unavailable; no stored-feature substitute allowed,,,,,official msclap CLAP audio_encoder/caption_encoder; L2-normalized projected vectors; logit_scale.exp() dot product
QOmV7O9mFwg_3,QOmV7O9mFwg,2-5s,control,0,133.0,134.0,133.5,2.0,,,133.5,raw_audio/QOmV7O9mFwg.wav,BLOCKED,original WAV unavailable; no stored-feature substitute allowed,,,,,official msclap CLAP audio_encoder/caption_encoder; L2-normalized projected vectors; logit_scale.exp() dot product
QRtuOWWya30_1,QRtuOWWya30,2-5s,harmful,1,0.0,10.0,5.0,2.0,,,5.0,raw_audio/QRtuOWWya30.wav,BLOCKED,original WAV unavailable; no stored-feature substitute allowed,,,,,official msclap CLAP audio_encoder/caption_encoder; L2-normalized projected vectors; logit_scale.exp() dot product
QvATUKXYFBs_2,QvATUKXYFBs,2-5s,harmful,1,16.0,30.0,23.0,3.0,,,23.0,raw_audio/QvATUKXYFBs.wav,BLOCKED,original WAV unavailable; no stored-feature substitute allowed,,,,,official msclap CLAP audio_encoder/caption_encoder; L2-normalized projected vectors; logit_scale.exp() dot product
QvATUKXYFBs_4,QvATUKXYFBs,2-5s,control,0,32.0,49.0,40.5,4.0,,,40.5,raw_audio/QvATUKXYFBs.wav,BLOCKED,original WAV unavailable; no stored-feature substitute allowed,,,,,official msclap CLAP audio_encoder/caption_encoder; L2-normalized projected vectors; logit_scale.exp() dot product
R4fXcbWFhJg_1,R4fXcbWFhJg,2-5s,control,0,15.0,20.0,17.5,3.0,,,17.5,raw_audio/R4fXcbWFhJg.wav,BLOCKED,original WAV unavailable; no stored-feature substitute allowed,,,,,official msclap CLAP audio_encoder/caption_encoder; L2-normalized projected vectors; logit_scale.exp() dot product
R4fXcbWFhJg_2,R4fXcbWFhJg,2-5s,harmful,0,7.0,26.0,16.5,3.0,,,16.5,raw_audio/R4fXcbWFhJg.wav,BLOCKED,original WAV unavailable; no stored-feature substitute allowed,,,,,official msclap CLAP audio_encoder/caption_encoder; L2-normalized projected vectors; logit_scale.exp() dot product
RNBoH2LHQEM_2,RNBoH2LHQEM,2-5s,control,0,163.0,164.0,163.5,4.0,,,163.5,raw_audio/RNBoH2LHQEM.wav,BLOCKED,original WAV unavailable; no stored-feature substitute allowed,,,,,official msclap CLAP audio_encoder/caption_encoder; L2-normalized projected vectors; logit_scale.exp() dot product
RfGapDlAYoQ_1,RfGapDlAYoQ,2-5s,harmful,0,113.0,119.0,116.0,3.0,,,116.0,raw_audio/RfGapDlAYoQ.wav,BLOCKED,original WAV unavailable; no stored-feature substitute allowed,,,,,official msclap CLAP audio_encoder/caption_encoder; L2-normalized projected vectors; logit_scale.exp() dot product
RfGapDlAYoQ_2,RfGapDlAYoQ,0-2s,harmful,1,113.0,119.0,116.0,1.0,,,116.0,raw_audio/RfGapDlAYoQ.wav,BLOCKED,original WAV unavailable; no stored-feature substitute allowed,,,,,official msclap CLAP audio_encoder/caption_encoder; L2-normalized projected vectors; logit_scale.exp() dot product
RfGapDlAYoQ_3,RfGapDlAYoQ,2-5s,harmful,1,16.0,25.0,20.5,4.0,,,20.5,raw_audio/RfGapDlAYoQ.wav,BLOCKED,original WAV unavailable; no stored-feature substitute allowed,,,,,official msclap CLAP audio_encoder/caption_encoder; L2-normalized projected vectors; logit_scale.exp() dot product
Rp4Ct_TQvAM_2,Rp4Ct_TQvAM,2-5s,harmful,1,265.0,288.0,276.5,2.0,,,276.5,raw_audio/Rp4Ct_TQvAM.wav,BLOCKED,original WAV unavailable; no stored-feature substitute allowed,,,,,official msclap CLAP audio_encoder/caption_encoder; L2-normalized projected vectors; logit_scale.exp() dot product
RrmBGjJqlEo_1,RrmBGjJqlEo,2-5s,harmful,0,85.0,102.0,93.5,2.0,,,93.5,raw_audio/RrmBGjJqlEo.wav,BLOCKED,original WAV unavailable; no stored-feature substitute allowed,,,,,official msclap CLAP audio_encoder/caption_encoder; L2-normalized projected vectors; logit_scale.exp() dot product
S0SQyFXbqF8_2,S0SQyFXbqF8,2-5s,control,0,8.0,23.0,15.5,2.0,,,15.5,raw_audio/S0SQyFXbqF8.wav,BLOCKED,original WAV unavailable; no stored-feature substitute allowed,,,,,official msclap CLAP audio_encoder/caption_encoder; L2-normalized projected vectors; logit_scale.exp() dot product
SQHYl2Kp5ww_2,SQHYl2Kp5ww,2-5s,control,1,237.0,245.0,241.0,4.0,,,241.0,raw_audio/SQHYl2Kp5ww.wav,BLOCKED,original WAV unavailable; no stored-feature substitute allowed,,,,,official msclap CLAP audio_encoder/caption_encoder; L2-normalized projected vectors; logit_scale.exp() dot product
T32kii824pA_2,T32kii824pA,2-5s,control,1,90.0,91.0,90.5,2.0,,,90.5,raw_audio/T32kii824pA.wav,BLOCKED,original WAV unavailable; no stored-feature substitute allowed,,,,,official msclap CLAP audio_encoder/caption_encoder; L2-normalized projected vectors; logit_scale.exp() dot product
T9_ep-3BZDY_1,T9_ep-3BZDY,0-2s,control,1,178.0,179.0,178.5,1.0,,,178.5,raw_audio/T9_ep-3BZDY.wav,BLOCKED,original WAV unavailable; no stored-feature substitute allowed,,,,,official msclap CLAP audio_encoder/caption_encoder; L2-normalized projected vectors; logit_scale.exp() dot product
T9_ep-3BZDY_2,T9_ep-3BZDY,0-2s,harmful,1,18.0,28.0,23.0,1.0,,,23.0,raw_audio/T9_ep-3BZDY.wav,BLOCKED,original WAV unavailable; no stored-feature substitute allowed,,,,,official msclap CLAP audio_encoder/caption_encoder; L2-normalized projected vectors; logit_scale.exp() dot product
Tgxst7Ft9js_1,Tgxst7Ft9js,2-5s,control,0,4.0,36.0,20.0,4.0,,,20.0,raw_audio/Tgxst7Ft9js.wav,BLOCKED,original WAV unavailable; no stored-feature substitute allowed,,,,,official msclap CLAP audio_encoder/caption_encoder; L2-normalized projected vectors; logit_scale.exp() dot product
TtRtURWVYBE_2,TtRtURWVYBE,2-5s,control,0,0.0,4.0,2.0,3.0,,,2.0,raw_audio/TtRtURWVYBE.wav,BLOCKED,original WAV unavailable; no stored-feature substitute allowed,,,,,official msclap CLAP audio_encoder/caption_encoder; L2-normalized projected vectors; logit_scale.exp() dot product
U3CAjsm1sec_1,U3CAjsm1sec,2-5s,harmful,1,1.0,6.0,3.5,4.0,,,3.5,raw_audio/U3CAjsm1sec.wav,BLOCKED,original WAV unavailable; no stored-feature substitute allowed,,,,,official msclap CLAP audio_encoder/caption_encoder; L2-normalized projected vectors; logit_scale.exp() dot product
U5ij0M7T-hk_1,U5ij0M7T-hk,2-5s,control,0,106.0,109.0,107.5,3.0,,,107.5,raw_audio/U5ij0M7T-hk.wav,BLOCKED,original WAV unavailable; no stored-feature substitute allowed,,,,,official msclap CLAP audio_encoder/caption_encoder; L2-normalized projected vectors; logit_scale.exp() dot product
U90e2P9jy30_1,U90e2P9jy30,2-5s,harmful,0,115.0,147.0,131.0,2.0,,,131.0,raw_audio/U90e2P9jy30.wav,BLOCKED,original WAV unavailable; no stored-feature substitute allowed,,,,,official msclap CLAP audio_encoder/caption_encoder; L2-normalized projected vectors; logit_scale.exp() dot product
U90e2P9jy30_2,U90e2P9jy30,2-5s,control,1,131.0,147.0,139.0,3.0,,,139.0,raw_audio/U90e2P9jy30.wav,BLOCKED,original WAV unavailable; no stored-feature substitute allowed,,,,,official msclap CLAP audio_encoder/caption_encoder; L2-normalized projected vectors; logit_scale.exp() dot product
UAmDLPjNyMg_1,UAmDLPjNyMg,2-5s,control,0,55.0,57.0,56.0,2.0,,,56.0,raw_audio/UAmDLPjNyMg.wav,BLOCKED,original WAV unavailable; no stored-feature substitute allowed,,,,,official msclap CLAP audio_encoder/caption_encoder; L2-normalized projected vectors; logit_scale.exp() dot product
UE3XnVFodMI_1,UE3XnVFodMI,2-5s,harmful,1,0.0,18.0,9.0,4.0,,,9.0,raw_audio/UE3XnVFodMI.wav,BLOCKED,original WAV unavailable; no stored-feature substitute allowed,,,,,official msclap CLAP audio_encoder/caption_encoder; L2-normalized projected vectors; logit_scale.exp() dot product
UQtBt6CQpwg_1,UQtBt6CQpwg,2-5s,control,0,8.0,9.0,8.5,2.0,,,8.5,raw_audio/UQtBt6CQpwg.wav,BLOCKED,original WAV unavailable; no stored-feature substitute allowed,,,,,official msclap CLAP audio_encoder/caption_encoder; L2-normalized projected vectors; logit_scale.exp() dot product
UXGzbBGbqAA_2,UXGzbBGbqAA,2-5s,control,0,76.0,82.0,79.0,3.0,,,79.0,raw_audio/UXGzbBGbqAA.wav,BLOCKED,original WAV unavailable; no stored-feature substitute allowed,,,,,official msclap CLAP audio_encoder/caption_encoder; L2-normalized projected vectors; logit_scale.exp() dot product
V4PLSw_WzVw_1,V4PLSw_WzVw,2-5s,harmful,0,65.0,79.0,72.0,4.0,,,72.0,raw_audio/V4PLSw_WzVw.wav,BLOCKED,original WAV unavailable; no stored-feature substitute allowed,,,,,official msclap CLAP audio_encoder/caption_encoder; L2-normalized projected vectors; logit_scale.exp() dot product
V4PLSw_WzVw_2,V4PLSw_WzVw,2-5s,control,0,15.0,19.0,17.0,2.0,,,17.0,raw_audio/V4PLSw_WzVw.wav,BLOCKED,original WAV unavailable; no stored-feature substitute allowed,,,,,official msclap CLAP audio_encoder/caption_encoder; L2-normalized projected vectors; logit_scale.exp() dot product
V8A0VRGdgwM_1,V8A0VRGdgwM,2-5s,control,0,0.0,4.0,2.0,4.0,,,2.0,raw_audio/V8A0VRGdgwM.wav,BLOCKED,original WAV unavailable; no stored-feature substitute allowed,,,,,official msclap CLAP audio_encoder/caption_encoder; L2-normalized projected vectors; logit_scale.exp() dot product
V8A0VRGdgwM_2,V8A0VRGdgwM,2-5s,harmful,1,13.0,15.0,14.0,2.0,,,14.0,raw_audio/V8A0VRGdgwM.wav,BLOCKED,original WAV unavailable; no stored-feature substitute allowed,,,,,official msclap CLAP audio_encoder/caption_encoder; L2-normalized projected vectors; logit_scale.exp() dot product
VE6Ku0-ucUM_1,VE6Ku0-ucUM,2-5s,control,0,2.0,15.0,8.5,2.0,,,8.5,raw_audio/VE6Ku0-ucUM.wav,BLOCKED,original WAV unavailable; no stored-feature substitute allowed,,,,,official msclap CLAP audio_encoder/caption_encoder; L2-normalized projected vectors; logit_scale.exp() dot product
VE6Ku0-ucUM_2,VE6Ku0-ucUM,2-5s,control,0,62.0,66.0,64.0,3.0,,,64.0,raw_audio/VE6Ku0-ucUM.wav,BLOCKED,original WAV unavailable; no stored-feature substitute allowed,,,,,official msclap CLAP audio_encoder/caption_encoder; L2-normalized projected vectors; logit_scale.exp() dot product
VE6Ku0-ucUM_3,VE6Ku0-ucUM,2-5s,control,0,15.0,18.0,16.5,2.0,,,16.5,raw_audio/VE6Ku0-ucUM.wav,BLOCKED,original WAV unavailable; no stored-feature substitute allowed,,,,,official msclap CLAP audio_encoder/caption_encoder; L2-normalized projected vectors; logit_scale.exp() dot product
VZLZ08k3YeA_1,VZLZ08k3YeA,2-5s,control,0,13.0,23.0,18.0,2.0,,,18.0,raw_audio/VZLZ08k3YeA.wav,BLOCKED,original WAV unavailable; no stored-feature substitute allowed,,,,,official msclap CLAP audio_encoder/caption_encoder; L2-normalized projected vectors; logit_scale.exp() dot product
VZLZ08k3YeA_3,VZLZ08k3YeA,0-2s,harmful,1,0.0,4.0,2.0,1.0,,,2.0,raw_audio/VZLZ08k3YeA.wav,BLOCKED,original WAV unavailable; no stored-feature substitute allowed,,,,,official msclap CLAP audio_encoder/caption_encoder; L2-normalized projected vectors; logit_scale.exp() dot product
VZLZ08k3YeA_4,VZLZ08k3YeA,2-5s,control,0,7.0,15.0,11.0,4.0,,,11.0,raw_audio/VZLZ08k3YeA.wav,BLOCKED,original WAV unavailable; no stored-feature substitute allowed,,,,,official msclap CLAP audio_encoder/caption_encoder; L2-normalized projected vectors; logit_scale.exp() dot product
VjSEIRnLAh8_2,VjSEIRnLAh8,2-5s,control,1,0.0,41.0,20.5,2.0,,,20.5,raw_audio/VjSEIRnLAh8.wav,BLOCKED,original WAV unavailable; no stored-feature substitute allowed,,,,,official msclap CLAP audio_encoder/caption_encoder; L2-normalized projected vectors; logit_scale.exp() dot product
VjSEIRnLAh8_4,VjSEIRnLAh8,2-5s,harmful,1,0.0,43.0,21.5,2.0,,,21.5,raw_audio/VjSEIRnLAh8.wav,BLOCKED,original WAV unavailable; no stored-feature substitute allowed,,,,,official msclap CLAP audio_encoder/caption_encoder; L2-normalized projected vectors; logit_scale.exp() dot product
WCYfCfW9NA0_4,WCYfCfW9NA0,2-5s,control,0,241.0,246.0,243.5,3.0,,,243.5,raw_audio/WCYfCfW9NA0.wav,BLOCKED,original WAV unavailable; no stored-feature substitute allowed,,,,,official msclap CLAP audio_encoder/caption_encoder; L2-normalized projected vectors; logit_scale.exp() dot product
WUpeplQr3A4_1,WUpeplQr3A4,2-5s,harmful,0,7.0,19.0,13.0,2.0,,,13.0,raw_audio/WUpeplQr3A4.wav,BLOCKED,original WAV unavailable; no stored-feature substitute allowed,,,,,official msclap CLAP audio_encoder/caption_encoder; L2-normalized projected vectors; logit_scale.exp() dot product
WUyeFOyKIg0_1,WUyeFOyKIg0,2-5s,harmful,1,293.0,295.0,294.0,2.0,,,294.0,raw_audio/WUyeFOyKIg0.wav,BLOCKED,original WAV unavailable; no stored-feature substitute allowed,,,,,official msclap CLAP audio_encoder/caption_encoder; L2-normalized projected vectors; logit_scale.exp() dot product
WUyeFOyKIg0_2,WUyeFOyKIg0,2-5s,control,0,102.0,107.0,104.5,3.0,,,104.5,raw_audio/WUyeFOyKIg0.wav,BLOCKED,original WAV unavailable; no stored-feature substitute allowed,,,,,official msclap CLAP audio_encoder/caption_encoder; L2-normalized projected vectors; logit_scale.exp() dot product
Wq4OD3olO2w_1,Wq4OD3olO2w,2-5s,control,0,51.0,53.0,52.0,2.0,,,52.0,raw_audio/Wq4OD3olO2w.wav,BLOCKED,original WAV unavailable; no stored-feature substitute allowed,,,,,official msclap CLAP audio_encoder/caption_encoder; L2-normalized projected vectors; logit_scale.exp() dot product
WqXFAY4k79s_1,WqXFAY4k79s,2-5s,control,0,12.0,15.0,13.5,3.0,,,13.5,raw_audio/WqXFAY4k79s.wav,BLOCKED,original WAV unavailable; no stored-feature substitute allowed,,,,,official msclap CLAP audio_encoder/caption_encoder; L2-normalized projected vectors; logit_scale.exp() dot product
XZTt1xdK8uQ_1,XZTt1xdK8uQ,0-2s,control,1,106.0,109.0,107.5,1.0,,,107.5,raw_audio/XZTt1xdK8uQ.wav,BLOCKED,original WAV unavailable; no stored-feature substitute allowed,,,,,official msclap CLAP audio_encoder/caption_encoder; L2-normalized projected vectors; logit_scale.exp() dot product
YflmW68gL4E_2,YflmW68gL4E,2-5s,control,0,5.0,6.0,5.5,2.0,,,5.5,raw_audio/YflmW68gL4E.wav,BLOCKED,original WAV unavailable; no stored-feature substitute allowed,,,,,official msclap CLAP audio_encoder/caption_encoder; L2-normalized projected vectors; logit_scale.exp() dot product
Z1Cyj4N05lk_3,Z1Cyj4N05lk,2-5s,control,1,147.0,148.0,147.5,2.0,,,147.5,raw_audio/Z1Cyj4N05lk.wav,BLOCKED,original WAV unavailable; no stored-feature substitute allowed,,,,,official msclap CLAP audio_encoder/caption_encoder; L2-normalized projected vectors; logit_scale.exp() dot product
Z3wDry8nnJs_1,Z3wDry8nnJs,2-5s,control,0,8.0,22.0,15.0,3.0,,,15.0,raw_audio/Z3wDry8nnJs.wav,BLOCKED,original WAV unavailable; no stored-feature substitute allowed,,,,,official msclap CLAP audio_encoder/caption_encoder; L2-normalized projected vectors; logit_scale.exp() dot product
Z3wDry8nnJs_3,Z3wDry8nnJs,2-5s,control,0,30.0,33.0,31.5,2.0,,,31.5,raw_audio/Z3wDry8nnJs.wav,BLOCKED,original WAV unavailable; no stored-feature substitute allowed,,,,,official msclap CLAP audio_encoder/caption_encoder; L2-normalized projected vectors; logit_scale.exp() dot product
ZBtgrP4vU_w_2,ZBtgrP4vU_w,2-5s,harmful,1,115.0,121.0,118.0,2.0,,,118.0,raw_audio/ZBtgrP4vU_w.wav,BLOCKED,original WAV unavailable; no stored-feature substitute allowed,,,,,official msclap CLAP audio_encoder/caption_encoder; L2-normalized projected vectors; logit_scale.exp() dot product
ZTYAQBnU4GM_1,ZTYAQBnU4GM,2-5s,control,0,9.0,28.0,18.5,2.0,,,18.5,raw_audio/ZTYAQBnU4GM.wav,BLOCKED,original WAV unavailable; no stored-feature substitute allowed,,,,,official msclap CLAP audio_encoder/caption_encoder; L2-normalized projected vectors; logit_scale.exp() dot product
ZUmZgPL0ges_3,ZUmZgPL0ges,2-5s,control,0,128.0,137.0,132.5,2.0,,,132.5,raw_audio/ZUmZgPL0ges.wav,BLOCKED,original WAV unavailable; no stored-feature substitute allowed,,,,,official msclap CLAP audio_encoder/caption_encoder; L2-normalized projected vectors; logit_scale.exp() dot product
Z_smJ66Tb3c_1,Z_smJ66Tb3c,2-5s,control,0,0.0,10.0,5.0,4.0,,,5.0,raw_audio/Z_smJ66Tb3c.wav,BLOCKED,original WAV unavailable; no stored-feature substitute allowed,,,,,official msclap CLAP audio_encoder/caption_encoder; L2-normalized projected vectors; logit_scale.exp() dot product
Z_smJ66Tb3c_3,Z_smJ66Tb3c,0-2s,control,1,0.0,29.0,14.5,1.0,,,14.5,raw_audio/Z_smJ66Tb3c.wav,BLOCKED,original WAV unavailable; no stored-feature substitute allowed,,,,,official msclap CLAP audio_encoder/caption_encoder; L2-normalized projected vectors; logit_scale.exp() dot product
Zsf2YvJfCKw_1,Zsf2YvJfCKw,2-5s,control,0,19.0,22.0,20.5,2.0,,,20.5,raw_audio/Zsf2YvJfCKw.wav,BLOCKED,original WAV unavailable; no stored-feature substitute allowed,,,,,official msclap CLAP audio_encoder/caption_encoder; L2-normalized projected vectors; logit_scale.exp() dot product
_AcJVyToQUQ_1,_AcJVyToQUQ,2-5s,control,0,2.0,7.0,4.5,2.0,,,4.5,raw_audio/_AcJVyToQUQ.wav,BLOCKED,original WAV unavailable; no stored-feature substitute allowed,,,,,official msclap CLAP audio_encoder/caption_encoder; L2-normalized projected vectors; logit_scale.exp() dot product
_BSmz3SEW1w_1,_BSmz3SEW1w,2-5s,control,1,86.0,88.0,87.0,2.0,,,87.0,raw_audio/_BSmz3SEW1w.wav,BLOCKED,original WAV unavailable; no stored-feature substitute allowed,,,,,official msclap CLAP audio_encoder/caption_encoder; L2-normalized projected vectors; logit_scale.exp() dot product
_BSmz3SEW1w_2,_BSmz3SEW1w,2-5s,control,0,0.0,14.0,7.0,3.0,,,7.0,raw_audio/_BSmz3SEW1w.wav,BLOCKED,original WAV unavailable; no stored-feature substitute allowed,,,,,official msclap CLAP audio_encoder/caption_encoder; L2-normalized projected vectors; logit_scale.exp() dot product
_C2HinL8VlM_1,_C2HinL8VlM,2-5s,control,0,20.0,25.0,22.5,4.0,,,22.5,raw_audio/_C2HinL8VlM.wav,BLOCKED,original WAV unavailable; no stored-feature substitute allowed,,,,,official msclap CLAP audio_encoder/caption_encoder; L2-normalized projected vectors; logit_scale.exp() dot product
_YS5uKWoB6g_2,_YS5uKWoB6g,0-2s,harmful,1,0.0,13.0,6.5,1.0,,,6.5,raw_audio/_YS5uKWoB6g.wav,BLOCKED,original WAV unavailable; no stored-feature substitute allowed,,,,,official msclap CLAP audio_encoder/caption_encoder; L2-normalized projected vectors; logit_scale.exp() dot product
_YS5uKWoB6g_5,_YS5uKWoB6g,0-2s,control,1,0.0,33.0,16.5,1.0,,,16.5,raw_audio/_YS5uKWoB6g.wav,BLOCKED,original WAV unavailable; no stored-feature substitute allowed,,,,,official msclap CLAP audio_encoder/caption_encoder; L2-normalized projected vectors; logit_scale.exp() dot product
_ezm-TpKj1w_1,_ezm-TpKj1w,2-5s,control,0,0.0,26.0,13.0,2.0,,,13.0,raw_audio/_ezm-TpKj1w.wav,BLOCKED,original WAV unavailable; no stored-feature substitute allowed,,,,,official msclap CLAP audio_encoder/caption_encoder; L2-normalized projected vectors; logit_scale.exp() dot product
_oKXrY5Ff0g_3,_oKXrY5Ff0g,2-5s,harmful,1,6.0,8.0,7.0,2.0,,,7.0,raw_audio/_oKXrY5Ff0g.wav,BLOCKED,original WAV unavailable; no stored-feature substitute allowed,,,,,official msclap CLAP audio_encoder/caption_encoder; L2-normalized projected vectors; logit_scale.exp() dot product
aMhu5eMQAsI_3,aMhu5eMQAsI,2-5s,harmful,1,20.0,42.0,31.0,3.0,,,31.0,raw_audio/aMhu5eMQAsI.wav,BLOCKED,original WAV unavailable; no stored-feature substitute allowed,,,,,official msclap CLAP audio_encoder/caption_encoder; L2-normalized projected vectors; logit_scale.exp() dot product
aZAXO2WZn84_2,aZAXO2WZn84,2-5s,control,0,0.0,25.0,12.5,4.0,,,12.5,raw_audio/aZAXO2WZn84.wav,BLOCKED,original WAV unavailable; no stored-feature substitute allowed,,,,,official msclap CLAP audio_encoder/caption_encoder; L2-normalized projected vectors; logit_scale.exp() dot product
aZAXO2WZn84_4,aZAXO2WZn84,2-5s,control,1,2.0,20.0,11.0,3.0,,,11.0,raw_audio/aZAXO2WZn84.wav,BLOCKED,original WAV unavailable; no stored-feature substitute allowed,,,,,official msclap CLAP audio_encoder/caption_encoder; L2-normalized projected vectors; logit_scale.exp() dot product
aZAXO2WZn84_5,aZAXO2WZn84,0-2s,harmful,0,0.0,21.0,10.5,1.0,,,10.5,raw_audio/aZAXO2WZn84.wav,BLOCKED,original WAV unavailable; no stored-feature substitute allowed,,,,,official msclap CLAP audio_encoder/caption_encoder; L2-normalized projected vectors; logit_scale.exp() dot product
ajheseWZmmU_2,ajheseWZmmU,2-5s,control,0,113.0,114.0,113.5,2.0,,,113.5,raw_audio/ajheseWZmmU.wav,BLOCKED,original WAV unavailable; no stored-feature substitute allowed,,,,,official msclap CLAP audio_encoder/caption_encoder; L2-normalized projected vectors; logit_scale.exp() dot product
b1PXsfgQw5w_1,b1PXsfgQw5w,0-2s,control,0,219.0,221.0,220.0,1.0,,,220.0,raw_audio/b1PXsfgQw5w.wav,BLOCKED,original WAV unavailable; no stored-feature substitute allowed,,,,,official msclap CLAP audio_encoder/caption_encoder; L2-normalized projected vectors; logit_scale.exp() dot product
b1PXsfgQw5w_2,b1PXsfgQw5w,0-2s,control,1,2.0,6.0,4.0,1.0,,,4.0,raw_audio/b1PXsfgQw5w.wav,BLOCKED,original WAV unavailable; no stored-feature substitute allowed,,,,,official msclap CLAP audio_encoder/caption_encoder; L2-normalized projected vectors; logit_scale.exp() dot product
bUTOsLXYyxg_1,bUTOsLXYyxg,2-5s,harmful,1,8.0,15.0,11.5,2.0,,,11.5,raw_audio/bUTOsLXYyxg.wav,BLOCKED,original WAV unavailable; no stored-feature substitute allowed,,,,,official msclap CLAP audio_encoder/caption_encoder; L2-normalized projected vectors; logit_scale.exp() dot product
bX2vDaHL26U_1,bX2vDaHL26U,2-5s,control,0,21.0,23.0,22.0,3.0,,,22.0,raw_audio/bX2vDaHL26U.wav,BLOCKED,original WAV unavailable; no stored-feature substitute allowed,,,,,official msclap CLAP audio_encoder/caption_encoder; L2-normalized projected vectors; logit_scale.exp() dot product
bX2vDaHL26U_2,bX2vDaHL26U,0-2s,control,0,47.0,48.0,47.5,1.0,,,47.5,raw_audio/bX2vDaHL26U.wav,BLOCKED,original WAV unavailable; no stored-feature substitute allowed,,,,,official msclap CLAP audio_encoder/caption_encoder; L2-normalized projected vectors; logit_scale.exp() dot product
bgbnu5YKTDg_4,bgbnu5YKTDg,2-5s,control,0,14.0,19.0,16.5,3.0,,,16.5,raw_audio/bgbnu5YKTDg.wav,BLOCKED,original WAV unavailable; no stored-feature substitute allowed,,,,,official msclap CLAP audio_encoder/caption_encoder; L2-normalized projected vectors; logit_scale.exp() dot product
bpv_LneHmfU_1,bpv_LneHmfU,2-5s,control,0,59.0,73.0,66.0,3.0,,,66.0,raw_audio/bpv_LneHmfU.wav,BLOCKED,original WAV unavailable; no stored-feature substitute allowed,,,,,official msclap CLAP audio_encoder/caption_encoder; L2-normalized projected vectors; logit_scale.exp() dot product
cPiSd5nJLrI_1,cPiSd5nJLrI,2-5s,harmful,1,2.0,10.0,6.0,2.0,,,6.0,raw_audio/cPiSd5nJLrI.wav,BLOCKED,original WAV unavailable; no stored-feature substitute allowed,,,,,official msclap CLAP audio_encoder/caption_encoder; L2-normalized projected vectors; logit_scale.exp() dot product
cPiSd5nJLrI_2,cPiSd5nJLrI,2-5s,control,0,23.0,25.0,24.0,3.0,,,24.0,raw_audio/cPiSd5nJLrI.wav,BLOCKED,original WAV unavailable; no stored-feature substitute allowed,,,,,official msclap CLAP audio_encoder/caption_encoder; L2-normalized projected vectors; logit_scale.exp() dot product
cz0FSQDVBMw_2,cz0FSQDVBMw,0-2s,harmful,1,137.0,143.0,140.0,1.0,1.0,77.5,140.0,raw_audio/cz0FSQDVBMw.wav,VALID,,-1.4042304754257202,4.734170913696289,-6.138401389122009,HARD>GT,official msclap CLAP audio_encoder/caption_encoder; L2-normalized projected vectors; logit_scale.exp() dot product
d6gu2w19YQo_1,d6gu2w19YQo,2-5s,control,0,40.0,42.0,41.0,2.0,,,41.0,raw_audio/d6gu2w19YQo.wav,BLOCKED,original WAV unavailable; no stored-feature substitute allowed,,,,,official msclap CLAP audio_encoder/caption_encoder; L2-normalized projected vectors; logit_scale.exp() dot product
dYvL6uEMl6E_1,dYvL6uEMl6E,0-2s,control,1,75.0,84.0,79.5,1.0,,,79.5,raw_audio/dYvL6uEMl6E.wav,BLOCKED,original WAV unavailable; no stored-feature substitute allowed,,,,,official msclap CLAP audio_encoder/caption_encoder; L2-normalized projected vectors; logit_scale.exp() dot product
dkiwn2FdDVw_2,dkiwn2FdDVw,2-5s,control,1,61.0,74.0,67.5,2.0,,,67.5,raw_audio/dkiwn2FdDVw.wav,BLOCKED,original WAV unavailable; no stored-feature substitute allowed,,,,,official msclap CLAP audio_encoder/caption_encoder; L2-normalized projected vectors; logit_scale.exp() dot product
dkiwn2FdDVw_3,dkiwn2FdDVw,0-2s,control,1,61.0,74.0,67.5,1.0,,,67.5,raw_audio/dkiwn2FdDVw.wav,BLOCKED,original WAV unavailable; no stored-feature substitute allowed,,,,,official msclap CLAP audio_encoder/caption_encoder; L2-normalized projected vectors; logit_scale.exp() dot product
dkiwn2FdDVw_4,dkiwn2FdDVw,2-5s,harmful,1,58.0,78.0,68.0,3.0,,,68.0,raw_audio/dkiwn2FdDVw.wav,BLOCKED,original WAV unavailable; no stored-feature substitute allowed,,,,,official msclap CLAP audio_encoder/caption_encoder; L2-normalized projected vectors; logit_scale.exp() dot product
e2rScj9UyMs_2,e2rScj9UyMs,0-2s,harmful,0,224.0,225.0,224.5,1.0,,,224.5,raw_audio/e2rScj9UyMs.wav,BLOCKED,original WAV unavailable; no stored-feature substitute allowed,,,,,official msclap CLAP audio_encoder/caption_encoder; L2-normalized projected vectors; logit_scale.exp() dot product
eRU-rABp8nk_2,eRU-rABp8nk,2-5s,harmful,0,97.0,99.0,98.0,2.0,,,98.0,raw_audio/eRU-rABp8nk.wav,BLOCKED,original WAV unavailable; no stored-feature substitute allowed,,,,,official msclap CLAP audio_encoder/caption_encoder; L2-normalized projected vectors; logit_scale.exp() dot product
eRU-rABp8nk_3,eRU-rABp8nk,0-2s,control,1,116.0,118.0,117.0,1.0,,,117.0,raw_audio/eRU-rABp8nk.wav,BLOCKED,original WAV unavailable; no stored-feature substitute allowed,,,,,official msclap CLAP audio_encoder/caption_encoder; L2-normalized projected vectors; logit_scale.exp() dot product
eUecAF626A8_2,eUecAF626A8,2-5s,harmful,1,20.0,61.0,40.5,3.0,,,40.5,raw_audio/eUecAF626A8.wav,BLOCKED,original WAV unavailable; no stored-feature substitute allowed,,,,,official msclap CLAP audio_encoder/caption_encoder; L2-normalized projected vectors; logit_scale.exp() dot product
eYbFtxZmKL4_1,eYbFtxZmKL4,2-5s,control,1,94.0,95.0,94.5,3.0,,,94.5,raw_audio/eYbFtxZmKL4.wav,BLOCKED,original WAV unavailable; no stored-feature substitute allowed,,,,,official msclap CLAP audio_encoder/caption_encoder; L2-normalized projected vectors; logit_scale.exp() dot product
elztUCeNQvQ_1,elztUCeNQvQ,2-5s,control,0,62.0,73.0,67.5,4.0,,,67.5,raw_audio/elztUCeNQvQ.wav,BLOCKED,original WAV unavailable; no stored-feature substitute allowed,,,,,official msclap CLAP audio_encoder/caption_encoder; L2-normalized projected vectors; logit_scale.exp() dot product
elztUCeNQvQ_2,elztUCeNQvQ,2-5s,harmful,0,43.0,73.0,58.0,3.0,,,58.0,raw_audio/elztUCeNQvQ.wav,BLOCKED,original WAV unavailable; no stored-feature substitute allowed,,,,,official msclap CLAP audio_encoder/caption_encoder; L2-normalized projected vectors; logit_scale.exp() dot product
elztUCeNQvQ_5,elztUCeNQvQ,2-5s,control,0,62.0,73.0,67.5,2.0,,,67.5,raw_audio/elztUCeNQvQ.wav,BLOCKED,original WAV unavailable; no stored-feature substitute allowed,,,,,official msclap CLAP audio_encoder/caption_encoder; L2-normalized projected vectors; logit_scale.exp() dot product
emGPabOePzA_1,emGPabOePzA,2-5s,control,0,68.0,70.0,69.0,2.0,2.0,88.0,69.0,raw_audio/emGPabOePzA.wav,VALID,,-4.319229602813721,-1.6051290035247803,-2.7141005992889404,HARD>GT,official msclap CLAP audio_encoder/caption_encoder; L2-normalized projected vectors; logit_scale.exp() dot product
eu5bq0A3XVQ_2,eu5bq0A3XVQ,2-5s,harmful,0,110.0,126.0,118.0,2.0,,,118.0,raw_audio/eu5bq0A3XVQ.wav,BLOCKED,original WAV unavailable; no stored-feature substitute allowed,,,,,official msclap CLAP audio_encoder/caption_encoder; L2-normalized projected vectors; logit_scale.exp() dot product
eu5bq0A3XVQ_3,eu5bq0A3XVQ,2-5s,harmful,0,8.0,17.0,12.5,3.0,,,12.5,raw_audio/eu5bq0A3XVQ.wav,BLOCKED,original WAV unavailable; no stored-feature substitute allowed,,,,,official msclap CLAP audio_encoder/caption_encoder; L2-normalized projected vectors; logit_scale.exp() dot product
fGGYeXR_LS8_1,fGGYeXR_LS8,2-5s,control,0,4.0,24.0,14.0,4.0,,,14.0,raw_audio/fGGYeXR_LS8.wav,BLOCKED,original WAV unavailable; no stored-feature substitute allowed,,,,,official msclap CLAP audio_encoder/caption_encoder; L2-normalized projected vectors; logit_scale.exp() dot product
fK4QBQZ6i7w_1,fK4QBQZ6i7w,2-5s,harmful,0,129.0,132.0,130.5,4.0,,,130.5,raw_audio/fK4QBQZ6i7w.wav,BLOCKED,original WAV unavailable; no stored-feature substitute allowed,,,,,official msclap CLAP audio_encoder/caption_encoder; L2-normalized projected vectors; logit_scale.exp() dot product
fPqj3nnwQOI_1,fPqj3nnwQOI,2-5s,control,0,57.0,92.0,74.5,3.0,,,74.5,raw_audio/fPqj3nnwQOI.wav,BLOCKED,original WAV unavailable; no stored-feature substitute allowed,,,,,official msclap CLAP audio_encoder/caption_encoder; L2-normalized projected vectors; logit_scale.exp() dot product
fPqj3nnwQOI_2,fPqj3nnwQOI,2-5s,control,0,68.0,97.0,82.5,2.0,,,82.5,raw_audio/fPqj3nnwQOI.wav,BLOCKED,original WAV unavailable; no stored-feature substitute allowed,,,,,official msclap CLAP audio_encoder/caption_encoder; L2-normalized projected vectors; logit_scale.exp() dot product
fPqj3nnwQOI_3,fPqj3nnwQOI,0-2s,harmful,1,79.0,108.0,93.5,1.0,,,93.5,raw_audio/fPqj3nnwQOI.wav,BLOCKED,original WAV unavailable; no stored-feature substitute allowed,,,,,official msclap CLAP audio_encoder/caption_encoder; L2-normalized projected vectors; logit_scale.exp() dot product
fPqj3nnwQOI_4,fPqj3nnwQOI,0-2s,harmful,1,45.0,66.0,55.5,1.0,,,55.5,raw_audio/fPqj3nnwQOI.wav,BLOCKED,original WAV unavailable; no stored-feature substitute allowed,,,,,official msclap CLAP audio_encoder/caption_encoder; L2-normalized projected vectors; logit_scale.exp() dot product
fWvWhLJ5Fow_1,fWvWhLJ5Fow,2-5s,control,0,83.0,93.0,88.0,4.0,,,88.0,raw_audio/fWvWhLJ5Fow.wav,BLOCKED,original WAV unavailable; no stored-feature substitute allowed,,,,,official msclap CLAP audio_encoder/caption_encoder; L2-normalized projected vectors; logit_scale.exp() dot product
fWvWhLJ5Fow_3,fWvWhLJ5Fow,2-5s,control,0,95.0,101.0,98.0,4.0,,,98.0,raw_audio/fWvWhLJ5Fow.wav,BLOCKED,original WAV unavailable; no stored-feature substitute allowed,,,,,official msclap CLAP audio_encoder/caption_encoder; L2-normalized projected vectors; logit_scale.exp() dot product
fYTZVxQ8LJk_2,fYTZVxQ8LJk,2-5s,control,0,25.0,29.0,27.0,3.0,,,27.0,raw_audio/fYTZVxQ8LJk.wav,BLOCKED,original WAV unavailable; no stored-feature substitute allowed,,,,,official msclap CLAP audio_encoder/caption_encoder; L2-normalized projected vectors; logit_scale.exp() dot product
fYTZVxQ8LJk_3,fYTZVxQ8LJk,2-5s,control,0,0.0,2.0,1.0,2.0,,,1.0,raw_audio/fYTZVxQ8LJk.wav,BLOCKED,original WAV unavailable; no stored-feature substitute allowed,,,,,official msclap CLAP audio_encoder/caption_encoder; L2-normalized projected vectors; logit_scale.exp() dot product
fmEft49sPfE_2,fmEft49sPfE,2-5s,control,1,0.0,19.0,9.5,3.0,,,9.5,raw_audio/fmEft49sPfE.wav,BLOCKED,original WAV unavailable; no stored-feature substitute allowed,,,,,official msclap CLAP audio_encoder/caption_encoder; L2-normalized projected vectors; logit_scale.exp() dot product
frOqlk0Wm5Y_1,frOqlk0Wm5Y,0-2s,control,0,31.0,32.0,31.5,1.0,,,31.5,raw_audio/frOqlk0Wm5Y.wav,BLOCKED,original WAV unavailable; no stored-feature substitute allowed,,,,,official msclap CLAP audio_encoder/caption_encoder; L2-normalized projected vectors; logit_scale.exp() dot product
frOqlk0Wm5Y_3,frOqlk0Wm5Y,2-5s,control,0,35.0,37.0,36.0,3.0,,,36.0,raw_audio/frOqlk0Wm5Y.wav,BLOCKED,original WAV unavailable; no stored-feature substitute allowed,,,,,official msclap CLAP audio_encoder/caption_encoder; L2-normalized projected vectors; logit_scale.exp() dot product
fwhkCnOeyC0_1,fwhkCnOeyC0,2-5s,control,0,43.0,45.0,44.0,2.0,,,44.0,raw_audio/fwhkCnOeyC0.wav,BLOCKED,original WAV unavailable; no stored-feature substitute allowed,,,,,official msclap CLAP audio_encoder/caption_encoder; L2-normalized projected vectors; logit_scale.exp() dot product
fwhkCnOeyC0_3,fwhkCnOeyC0,2-5s,control,0,30.0,35.0,32.5,4.0,,,32.5,raw_audio/fwhkCnOeyC0.wav,BLOCKED,original WAV unavailable; no stored-feature substitute allowed,,,,,official msclap CLAP audio_encoder/caption_encoder; L2-normalized projected vectors; logit_scale.exp() dot product
gW7s3YAthpI_1,gW7s3YAthpI,2-5s,harmful,1,15.0,48.0,31.5,4.0,,,31.5,raw_audio/gW7s3YAthpI.wav,BLOCKED,original WAV unavailable; no stored-feature substitute allowed,,,,,official msclap CLAP audio_encoder/caption_encoder; L2-normalized projected vectors; logit_scale.exp() dot product
gW7s3YAthpI_2,gW7s3YAthpI,2-5s,harmful,1,44.0,53.0,48.5,3.0,,,48.5,raw_audio/gW7s3YAthpI.wav,BLOCKED,original WAV unavailable; no stored-feature substitute allowed,,,,,official msclap CLAP audio_encoder/caption_encoder; L2-normalized projected vectors; logit_scale.exp() dot product
gbi6MxPf3hA_1,gbi6MxPf3hA,2-5s,control,0,53.0,64.0,58.5,4.0,,,58.5,raw_audio/gbi6MxPf3hA.wav,BLOCKED,original WAV unavailable; no stored-feature substitute allowed,,,,,official msclap CLAP audio_encoder/caption_encoder; L2-normalized projected vectors; logit_scale.exp() dot product
gbi6MxPf3hA_2,gbi6MxPf3hA,2-5s,control,0,1.0,9.0,5.0,4.0,,,5.0,raw_audio/gbi6MxPf3hA.wav,BLOCKED,original WAV unavailable; no stored-feature substitute allowed,,,,,official msclap CLAP audio_encoder/caption_encoder; L2-normalized projected vectors; logit_scale.exp() dot product
gbi6MxPf3hA_3,gbi6MxPf3hA,2-5s,control,0,1.0,9.0,5.0,3.0,,,5.0,raw_audio/gbi6MxPf3hA.wav,BLOCKED,original WAV unavailable; no stored-feature substitute allowed,,,,,official msclap CLAP audio_encoder/caption_encoder; L2-normalized projected vectors; logit_scale.exp() dot product
gbtcDoh0q3c_2,gbtcDoh0q3c,2-5s,harmful,1,94.0,96.0,95.0,4.0,,,95.0,raw_audio/gbtcDoh0q3c.wav,BLOCKED,original WAV unavailable; no stored-feature substitute allowed,,,,,official msclap CLAP audio_encoder/caption_encoder; L2-normalized projected vectors; logit_scale.exp() dot product
gf6H_MWCqjw_4,gf6H_MWCqjw,2-5s,harmful,0,0.0,5.0,2.5,3.0,3.0,115.5,2.5,raw_audio/gf6H_MWCqjw.wav,VALID,,6.898577690124512,2.463365316390991,4.4352123737335205,GT>HARD,official msclap CLAP audio_encoder/caption_encoder; L2-normalized projected vectors; logit_scale.exp() dot product
gkWd1HugK2w_1,gkWd1HugK2w,2-5s,control,1,64.0,72.0,68.0,2.0,,,68.0,raw_audio/gkWd1HugK2w.wav,BLOCKED,original WAV unavailable; no stored-feature substitute allowed,,,,,official msclap CLAP audio_encoder/caption_encoder; L2-normalized projected vectors; logit_scale.exp() dot product
glAeihz0NAM_1,glAeihz0NAM,2-5s,harmful,0,43.0,48.0,45.5,4.0,,,45.5,raw_audio/glAeihz0NAM.wav,BLOCKED,original WAV unavailable; no stored-feature substitute allowed,,,,,official msclap CLAP audio_encoder/caption_encoder; L2-normalized projected vectors; logit_scale.exp() dot product
gr5Zss89yLQ_1,gr5Zss89yLQ,0-2s,harmful,0,29.0,32.0,30.5,1.0,,,30.5,raw_audio/gr5Zss89yLQ.wav,BLOCKED,original WAV unavailable; no stored-feature substitute allowed,,,,,official msclap CLAP audio_encoder/caption_encoder; L2-normalized projected vectors; logit_scale.exp() dot product
gr5Zss89yLQ_3,gr5Zss89yLQ,2-5s,control,0,51.0,52.0,51.5,2.0,,,51.5,raw_audio/gr5Zss89yLQ.wav,BLOCKED,original WAV unavailable; no stored-feature substitute allowed,,,,,official msclap CLAP audio_encoder/caption_encoder; L2-normalized projected vectors; logit_scale.exp() dot product
gr5Zss89yLQ_4,gr5Zss89yLQ,2-5s,control,0,28.0,32.0,30.0,4.0,,,30.0,raw_audio/gr5Zss89yLQ.wav,BLOCKED,original WAV unavailable; no stored-feature substitute allowed,,,,,official msclap CLAP audio_encoder/caption_encoder; L2-normalized projected vectors; logit_scale.exp() dot product
h3UhoHIMfpw_1,h3UhoHIMfpw,2-5s,harmful,0,58.0,60.0,59.0,2.0,,,59.0,raw_audio/h3UhoHIMfpw.wav,BLOCKED,original WAV unavailable; no stored-feature substitute allowed,,,,,official msclap CLAP audio_encoder/caption_encoder; L2-normalized projected vectors; logit_scale.exp() dot product
hDMHIDJdfDA_3,hDMHIDJdfDA,2-5s,harmful,1,1.0,8.0,4.5,2.0,,,4.5,raw_audio/hDMHIDJdfDA.wav,BLOCKED,original WAV unavailable; no stored-feature substitute allowed,,,,,official msclap CLAP audio_encoder/caption_encoder; L2-normalized projected vectors; logit_scale.exp() dot product
hVUmQfBIYe8_1,hVUmQfBIYe8,2-5s,control,0,66.0,70.0,68.0,4.0,,,68.0,raw_audio/hVUmQfBIYe8.wav,BLOCKED,original WAV unavailable; no stored-feature substitute allowed,,,,,official msclap CLAP audio_encoder/caption_encoder; L2-normalized projected vectors; logit_scale.exp() dot product
hmd6pa2e_rs_1,hmd6pa2e_rs,0-2s,control,1,53.0,62.0,57.5,1.0,1.0,47.5,57.5,raw_audio/hmd6pa2e_rs.wav,VALID,,-0.4018826484680176,0.0247812382876873,-0.4266638867557049,HARD>GT,official msclap CLAP audio_encoder/caption_encoder; L2-normalized projected vectors; logit_scale.exp() dot product
hmd6pa2e_rs_2,hmd6pa2e_rs,2-5s,harmful,1,46.0,62.0,54.0,2.0,2.0,181.0,54.0,raw_audio/hmd6pa2e_rs.wav,VALID,,0.28056952357292175,2.2617080211639404,-1.9811384975910187,HARD>GT,official msclap CLAP audio_encoder/caption_encoder; L2-normalized projected vectors; logit_scale.exp() dot product
hmd6pa2e_rs_3,hmd6pa2e_rs,2-5s,control,1,0.0,36.0,18.0,3.0,3.0,241.5,18.0,raw_audio/hmd6pa2e_rs.wav,VALID,,-1.0383813381195068,-2.1103978157043457,1.0720164775848389,GT>HARD,official msclap CLAP audio_encoder/caption_encoder; L2-normalized projected vectors; logit_scale.exp() dot product
hzn_wGlzGpU_1,hzn_wGlzGpU,2-5s,harmful,0,124.0,126.0,125.0,2.0,,,125.0,raw_audio/hzn_wGlzGpU.wav,BLOCKED,original WAV unavailable; no stored-feature substitute allowed,,,,,official msclap CLAP audio_encoder/caption_encoder; L2-normalized projected vectors; logit_scale.exp() dot product
hzn_wGlzGpU_2,hzn_wGlzGpU,0-2s,control,0,7.0,9.0,8.0,1.0,,,8.0,raw_audio/hzn_wGlzGpU.wav,BLOCKED,original WAV unavailable; no stored-feature substitute allowed,,,,,official msclap CLAP audio_encoder/caption_encoder; L2-normalized projected vectors; logit_scale.exp() dot product
i6MQCm58zlY_3,i6MQCm58zlY,2-5s,harmful,0,70.0,75.0,72.5,3.0,,,72.5,raw_audio/i6MQCm58zlY.wav,BLOCKED,original WAV unavailable; no stored-feature substitute allowed,,,,,official msclap CLAP audio_encoder/caption_encoder; L2-normalized projected vectors; logit_scale.exp() dot product
iOCpICiu4LA_2,iOCpICiu4LA,2-5s,control,1,60.0,64.0,62.0,3.0,,,62.0,raw_audio/iOCpICiu4LA.wav,BLOCKED,original WAV unavailable; no stored-feature substitute allowed,,,,,official msclap CLAP audio_encoder/caption_encoder; L2-normalized projected vectors; logit_scale.exp() dot product
ilspW7JRjAg_1,ilspW7JRjAg,0-2s,control,1,44.0,48.0,46.0,1.0,,,46.0,raw_audio/ilspW7JRjAg.wav,BLOCKED,original WAV unavailable; no stored-feature substitute allowed,,,,,official msclap CLAP audio_encoder/caption_encoder; L2-normalized projected vectors; logit_scale.exp() dot product
inSvboaSRwA_2,inSvboaSRwA,0-2s,harmful,0,68.0,70.0,69.0,1.0,,,69.0,raw_audio/inSvboaSRwA.wav,BLOCKED,original WAV unavailable; no stored-feature substitute allowed,,,,,official msclap CLAP audio_encoder/caption_encoder; L2-normalized projected vectors; logit_scale.exp() dot product
jid4t-FzUn0_1,jid4t-FzUn0,2-5s,control,0,1.0,5.0,3.0,2.0,,,3.0,raw_audio/jid4t-FzUn0.wav,BLOCKED,original WAV unavailable; no stored-feature substitute allowed,,,,,official msclap CLAP audio_encoder/caption_encoder; L2-normalized projected vectors; logit_scale.exp() dot product
jid4t-FzUn0_3,jid4t-FzUn0,2-5s,control,1,3.0,7.0,5.0,3.0,,,5.0,raw_audio/jid4t-FzUn0.wav,BLOCKED,original WAV unavailable; no stored-feature substitute allowed,,,,,official msclap CLAP audio_encoder/caption_encoder; L2-normalized projected vectors; logit_scale.exp() dot product
jjfUaMQaG1A_2,jjfUaMQaG1A,0-2s,harmful,1,1.0,7.0,4.0,1.0,,,4.0,raw_audio/jjfUaMQaG1A.wav,BLOCKED,original WAV unavailable; no stored-feature substitute allowed,,,,,official msclap CLAP audio_encoder/caption_encoder; L2-normalized projected vectors; logit_scale.exp() dot product
jlwe9jtu5Gw_1,jlwe9jtu5Gw,2-5s,control,0,33.0,36.0,34.5,3.0,,,34.5,raw_audio/jlwe9jtu5Gw.wav,BLOCKED,original WAV unavailable; no stored-feature substitute allowed,,,,,official msclap CLAP audio_encoder/caption_encoder; L2-normalized projected vectors; logit_scale.exp() dot product
jlwe9jtu5Gw_2,jlwe9jtu5Gw,2-5s,harmful,0,28.0,34.0,31.0,2.0,,,31.0,raw_audio/jlwe9jtu5Gw.wav,BLOCKED,original WAV unavailable; no stored-feature substitute allowed,,,,,official msclap CLAP audio_encoder/caption_encoder; L2-normalized projected vectors; logit_scale.exp() dot product
jlwe9jtu5Gw_3,jlwe9jtu5Gw,2-5s,control,0,2.0,5.0,3.5,3.0,,,3.5,raw_audio/jlwe9jtu5Gw.wav,BLOCKED,original WAV unavailable; no stored-feature substitute allowed,,,,,official msclap CLAP audio_encoder/caption_encoder; L2-normalized projected vectors; logit_scale.exp() dot product
kHIe4CfaccQ_2,kHIe4CfaccQ,2-5s,control,0,0.0,3.0,1.5,2.0,,,1.5,raw_audio/kHIe4CfaccQ.wav,BLOCKED,original WAV unavailable; no stored-feature substitute allowed,,,,,official msclap CLAP audio_encoder/caption_encoder; L2-normalized projected vectors; logit_scale.exp() dot product
kXjzsroVTtw_1,kXjzsroVTtw,0-2s,harmful,1,0.0,6.0,3.0,1.0,,,3.0,raw_audio/kXjzsroVTtw.wav,BLOCKED,original WAV unavailable; no stored-feature substitute allowed,,,,,official msclap CLAP audio_encoder/caption_encoder; L2-normalized projected vectors; logit_scale.exp() dot product
kdflh3akyH8_1,kdflh3akyH8,2-5s,control,0,6.0,12.0,9.0,2.0,,,9.0,raw_audio/kdflh3akyH8.wav,BLOCKED,original WAV unavailable; no stored-feature substitute allowed,,,,,official msclap CLAP audio_encoder/caption_encoder; L2-normalized projected vectors; logit_scale.exp() dot product
lTfNLKEy1RU_2,lTfNLKEy1RU,2-5s,control,0,2.0,8.0,5.0,2.0,,,5.0,raw_audio/lTfNLKEy1RU.wav,BLOCKED,original WAV unavailable; no stored-feature substitute allowed,,,,,official msclap CLAP audio_encoder/caption_encoder; L2-normalized projected vectors; logit_scale.exp() dot product
lVr-PxhZo8s_1,lVr-PxhZo8s,2-5s,control,0,0.0,1.0,0.5,2.0,,,0.5,raw_audio/lVr-PxhZo8s.wav,BLOCKED,original WAV unavailable; no stored-feature substitute allowed,,,,,official msclap CLAP audio_encoder/caption_encoder; L2-normalized projected vectors; logit_scale.exp() dot product
lVr-PxhZo8s_3,lVr-PxhZo8s,0-2s,harmful,0,0.0,3.0,1.5,1.0,,,1.5,raw_audio/lVr-PxhZo8s.wav,BLOCKED,original WAV unavailable; no stored-feature substitute allowed,,,,,official msclap CLAP audio_encoder/caption_encoder; L2-normalized projected vectors; logit_scale.exp() dot product
lgwpIImXCWA_3,lgwpIImXCWA,2-5s,control,0,51.0,59.0,55.0,2.0,,,55.0,raw_audio/lgwpIImXCWA.wav,BLOCKED,original WAV unavailable; no stored-feature substitute allowed,,,,,official msclap CLAP audio_encoder/caption_encoder; L2-normalized projected vectors; logit_scale.exp() dot product
lh801oHGtD4_2,lh801oHGtD4,2-5s,control,0,68.0,70.0,69.0,3.0,,,69.0,raw_audio/lh801oHGtD4.wav,BLOCKED,original WAV unavailable; no stored-feature substitute allowed,,,,,official msclap CLAP audio_encoder/caption_encoder; L2-normalized projected vectors; logit_scale.exp() dot product
lh801oHGtD4_3,lh801oHGtD4,2-5s,control,0,1.0,19.0,10.0,4.0,,,10.0,raw_audio/lh801oHGtD4.wav,BLOCKED,original WAV unavailable; no stored-feature substitute allowed,,,,,official msclap CLAP audio_encoder/caption_encoder; L2-normalized projected vectors; logit_scale.exp() dot product
lmPMhs-9IYE_2,lmPMhs-9IYE,2-5s,control,1,114.0,123.0,118.5,4.0,,,118.5,raw_audio/lmPMhs-9IYE.wav,BLOCKED,original WAV unavailable; no stored-feature substitute allowed,,,,,official msclap CLAP audio_encoder/caption_encoder; L2-normalized projected vectors; logit_scale.exp() dot product
lrKGCtSsAkA_2,lrKGCtSsAkA,2-5s,control,1,98.0,102.0,100.0,2.0,,,100.0,raw_audio/lrKGCtSsAkA.wav,BLOCKED,original WAV unavailable; no stored-feature substitute allowed,,,,,official msclap CLAP audio_encoder/caption_encoder; L2-normalized projected vectors; logit_scale.exp() dot product
lrKGCtSsAkA_3,lrKGCtSsAkA,0-2s,harmful,0,228.0,240.0,234.0,1.0,,,234.0,raw_audio/lrKGCtSsAkA.wav,BLOCKED,original WAV unavailable; no stored-feature substitute allowed,,,,,official msclap CLAP audio_encoder/caption_encoder; L2-normalized projected vectors; logit_scale.exp() dot product
lrKGCtSsAkA_4,lrKGCtSsAkA,0-2s,control,0,231.0,239.0,235.0,1.0,,,235.0,raw_audio/lrKGCtSsAkA.wav,BLOCKED,original WAV unavailable; no stored-feature substitute allowed,,,,,official msclap CLAP audio_encoder/caption_encoder; L2-normalized projected vectors; logit_scale.exp() dot product
mSF_FqBtRPs_1,mSF_FqBtRPs,2-5s,control,0,19.0,22.0,20.5,4.0,,,20.5,raw_audio/mSF_FqBtRPs.wav,BLOCKED,original WAV unavailable; no stored-feature substitute allowed,,,,,official msclap CLAP audio_encoder/caption_encoder; L2-normalized projected vectors; logit_scale.exp() dot product
mWqH2xwjkYA_1,mWqH2xwjkYA,2-5s,control,0,6.0,8.0,7.0,4.0,,,7.0,raw_audio/mWqH2xwjkYA.wav,BLOCKED,original WAV unavailable; no stored-feature substitute allowed,,,,,official msclap CLAP audio_encoder/caption_encoder; L2-normalized projected vectors; logit_scale.exp() dot product
m_U506sf9p4_2,m_U506sf9p4,2-5s,harmful,1,76.0,80.0,78.0,2.0,,,78.0,raw_audio/m_U506sf9p4.wav,BLOCKED,original WAV unavailable; no stored-feature substitute allowed,,,,,official msclap CLAP audio_encoder/caption_encoder; L2-normalized projected vectors; logit_scale.exp() dot product
m_U506sf9p4_3,m_U506sf9p4,2-5s,harmful,1,53.0,61.0,57.0,2.0,,,57.0,raw_audio/m_U506sf9p4.wav,BLOCKED,original WAV unavailable; no stored-feature substitute allowed,,,,,official msclap CLAP audio_encoder/caption_encoder; L2-normalized projected vectors; logit_scale.exp() dot product
m_U506sf9p4_4,m_U506sf9p4,2-5s,control,0,70.0,71.0,70.5,3.0,,,70.5,raw_audio/m_U506sf9p4.wav,BLOCKED,original WAV unavailable; no stored-feature substitute allowed,,,,,official msclap CLAP audio_encoder/caption_encoder; L2-normalized projected vectors; logit_scale.exp() dot product
n-JyOqYSLQM_2,n-JyOqYSLQM,2-5s,control,1,114.0,116.0,115.0,2.0,,,115.0,raw_audio/n-JyOqYSLQM.wav,BLOCKED,original WAV unavailable; no stored-feature substitute allowed,,,,,official msclap CLAP audio_encoder/caption_encoder; L2-normalized projected vectors; logit_scale.exp() dot product
nLtNjMimLE0_1,nLtNjMimLE0,2-5s,harmful,1,64.0,100.0,82.0,4.0,,,82.0,raw_audio/nLtNjMimLE0.wav,BLOCKED,original WAV unavailable; no stored-feature substitute allowed,,,,,official msclap CLAP audio_encoder/caption_encoder; L2-normalized projected vectors; logit_scale.exp() dot product
nU-AI3Cmc3M_1,nU-AI3Cmc3M,2-5s,harmful,0,0.0,4.0,2.0,3.0,,,2.0,raw_audio/nU-AI3Cmc3M.wav,BLOCKED,original WAV unavailable; no stored-feature substitute allowed,,,,,official msclap CLAP audio_encoder/caption_encoder; L2-normalized projected vectors; logit_scale.exp() dot product
nlC4UI4hZ60_2,nlC4UI4hZ60,2-5s,control,0,0.0,18.0,9.0,3.0,3.0,37.5,9.0,raw_audio/nlC4UI4hZ60.wav,VALID,,8.777084350585938,6.797708988189697,1.9793753623962402,GT>HARD,official msclap CLAP audio_encoder/caption_encoder; L2-normalized projected vectors; logit_scale.exp() dot product
o7-X8DAToGc_1,o7-X8DAToGc,2-5s,control,1,108.0,109.0,108.5,2.0,2.0,134.0,108.5,raw_audio/o7-X8DAToGc.wav,VALID,,2.909843921661377,2.759620189666748,0.1502237319946289,GT>HARD,official msclap CLAP audio_encoder/caption_encoder; L2-normalized projected vectors; logit_scale.exp() dot product
o7-X8DAToGc_2,o7-X8DAToGc,2-5s,control,1,133.0,135.0,134.0,2.0,2.0,47.0,134.0,raw_audio/o7-X8DAToGc.wav,VALID,,2.464670181274414,2.149505138397217,0.31516504287719727,GT>HARD,official msclap CLAP audio_encoder/caption_encoder; L2-normalized projected vectors; logit_scale.exp() dot product
oN0IcZaHD_8_2,oN0IcZaHD_8,2-5s,control,0,44.0,46.0,45.0,2.0,,,45.0,raw_audio/oN0IcZaHD_8.wav,BLOCKED,original WAV unavailable; no stored-feature substitute allowed,,,,,official msclap CLAP audio_encoder/caption_encoder; L2-normalized projected vectors; logit_scale.exp() dot product
oNHCc_izsDE_1,oNHCc_izsDE,0-2s,harmful,0,1.0,2.0,1.5,1.0,,,1.5,raw_audio/oNHCc_izsDE.wav,BLOCKED,original WAV unavailable; no stored-feature substitute allowed,,,,,official msclap CLAP audio_encoder/caption_encoder; L2-normalized projected vectors; logit_scale.exp() dot product
os_2U4xqTqw_1,os_2U4xqTqw,2-5s,control,0,12.0,21.0,16.5,3.0,3.0,22.5,16.5,raw_audio/os_2U4xqTqw.wav,VALID,,4.23640251159668,2.1273462772369385,2.109056234359741,GT>HARD,official msclap CLAP audio_encoder/caption_encoder; L2-normalized projected vectors; logit_scale.exp() dot product
os_2U4xqTqw_2,os_2U4xqTqw,2-5s,control,0,15.0,22.0,18.5,3.0,3.0,48.5,18.5,raw_audio/os_2U4xqTqw.wav,VALID,,5.1298418045043945,5.331613063812256,-0.20177125930786133,HARD>GT,official msclap CLAP audio_encoder/caption_encoder; L2-normalized projected vectors; logit_scale.exp() dot product
os_2U4xqTqw_3,os_2U4xqTqw,0-2s,control,0,60.0,61.0,60.5,1.0,1.0,59.5,60.5,raw_audio/os_2U4xqTqw.wav,VALID,,-1.1763768196105957,0.16940179467201233,-1.345778614282608,HARD>GT,official msclap CLAP audio_encoder/caption_encoder; L2-normalized projected vectors; logit_scale.exp() dot product
os_2U4xqTqw_4,os_2U4xqTqw,2-5s,harmful,0,58.0,61.0,59.5,4.0,4.0,103.0,59.5,raw_audio/os_2U4xqTqw.wav,VALID,,8.27278995513916,-1.6037713289260864,9.876561284065247,GT>HARD,official msclap CLAP audio_encoder/caption_encoder; L2-normalized projected vectors; logit_scale.exp() dot product
p9qRTh4BmSE_1,p9qRTh4BmSE,2-5s,harmful,1,20.0,27.0,23.5,2.0,,,23.5,raw_audio/p9qRTh4BmSE.wav,BLOCKED,original WAV unavailable; no stored-feature substitute allowed,,,,,official msclap CLAP audio_encoder/caption_encoder; L2-normalized projected vectors; logit_scale.exp() dot product
p9qRTh4BmSE_2,p9qRTh4BmSE,2-5s,control,0,0.0,26.0,13.0,2.0,,,13.0,raw_audio/p9qRTh4BmSE.wav,BLOCKED,original WAV unavailable; no stored-feature substitute allowed,,,,,official msclap CLAP audio_encoder/caption_encoder; L2-normalized projected vectors; logit_scale.exp() dot product
pCQEWAFGEjc_1,pCQEWAFGEjc,2-5s,control,0,39.0,47.0,43.0,3.0,,,43.0,raw_audio/pCQEWAFGEjc.wav,BLOCKED,original WAV unavailable; no stored-feature substitute allowed,,,,,official msclap CLAP audio_encoder/caption_encoder; L2-normalized projected vectors; logit_scale.exp() dot product
pCQEWAFGEjc_2,pCQEWAFGEjc,2-5s,harmful,1,0.0,50.0,25.0,4.0,,,25.0,raw_audio/pCQEWAFGEjc.wav,BLOCKED,original WAV unavailable; no stored-feature substitute allowed,,,,,official msclap CLAP audio_encoder/caption_encoder; L2-normalized projected vectors; logit_scale.exp() dot product
pHYkWkZ4guE_3,pHYkWkZ4guE,2-5s,harmful,1,123.0,136.0,129.5,2.0,,,129.5,raw_audio/pHYkWkZ4guE.wav,BLOCKED,original WAV unavailable; no stored-feature substitute allowed,,,,,official msclap CLAP audio_encoder/caption_encoder; L2-normalized projected vectors; logit_scale.exp() dot product
pI_kPedctoo_1,pI_kPedctoo,0-2s,control,0,74.0,76.0,75.0,1.0,,,75.0,raw_audio/pI_kPedctoo.wav,BLOCKED,original WAV unavailable; no stored-feature substitute allowed,,,,,official msclap CLAP audio_encoder/caption_encoder; L2-normalized projected vectors; logit_scale.exp() dot product
pO8kbg9IJnc_2,pO8kbg9IJnc,2-5s,control,0,66.0,73.0,69.5,4.0,4.0,103.0,69.5,raw_audio/pO8kbg9IJnc.wav,VALID,,7.452956676483154,5.53373384475708,1.9192228317260742,GT>HARD,official msclap CLAP audio_encoder/caption_encoder; L2-normalized projected vectors; logit_scale.exp() dot product
pO8kbg9IJnc_3,pO8kbg9IJnc,2-5s,control,0,61.0,62.0,61.5,2.0,2.0,91.0,61.5,raw_audio/pO8kbg9IJnc.wav,VALID,,1.5547986030578613,-0.9499144554138184,2.5047130584716797,GT>HARD,official msclap CLAP audio_encoder/caption_encoder; L2-normalized projected vectors; logit_scale.exp() dot product
paf0nyjg1Js_1,paf0nyjg1Js,2-5s,harmful,1,63.0,85.0,74.0,4.0,,,74.0,raw_audio/paf0nyjg1Js.wav,BLOCKED,original WAV unavailable; no stored-feature substitute allowed,,,,,official msclap CLAP audio_encoder/caption_encoder; L2-normalized projected vectors; logit_scale.exp() dot product
paf0nyjg1Js_2,paf0nyjg1Js,2-5s,control,1,174.0,178.0,176.0,3.0,,,176.0,raw_audio/paf0nyjg1Js.wav,BLOCKED,original WAV unavailable; no stored-feature substitute allowed,,,,,official msclap CLAP audio_encoder/caption_encoder; L2-normalized projected vectors; logit_scale.exp() dot product
pgq2KPX5_SA_2,pgq2KPX5_SA,2-5s,harmful,1,97.0,105.0,101.0,4.0,,,101.0,raw_audio/pgq2KPX5_SA.wav,BLOCKED,original WAV unavailable; no stored-feature substitute allowed,,,,,official msclap CLAP audio_encoder/caption_encoder; L2-normalized projected vectors; logit_scale.exp() dot product
pgq2KPX5_SA_4,pgq2KPX5_SA,2-5s,control,0,5.0,16.0,10.5,2.0,,,10.5,raw_audio/pgq2KPX5_SA.wav,BLOCKED,original WAV unavailable; no stored-feature substitute allowed,,,,,official msclap CLAP audio_encoder/caption_encoder; L2-normalized projected vectors; logit_scale.exp() dot product
ptIksg9KEac_2,ptIksg9KEac,2-5s,control,0,12.0,23.0,17.5,4.0,,,17.5,raw_audio/ptIksg9KEac.wav,BLOCKED,original WAV unavailable; no stored-feature substitute allowed,,,,,official msclap CLAP audio_encoder/caption_encoder; L2-normalized projected vectors; logit_scale.exp() dot product
ptIksg9KEac_3,ptIksg9KEac,0-2s,control,0,21.0,27.0,24.0,1.0,,,24.0,raw_audio/ptIksg9KEac.wav,BLOCKED,original WAV unavailable; no stored-feature substitute allowed,,,,,official msclap CLAP audio_encoder/caption_encoder; L2-normalized projected vectors; logit_scale.exp() dot product
q1ivQ_2fddk_3,q1ivQ_2fddk,2-5s,harmful,0,160.0,161.0,160.5,2.0,,,160.5,raw_audio/q1ivQ_2fddk.wav,BLOCKED,original WAV unavailable; no stored-feature substitute allowed,,,,,official msclap CLAP audio_encoder/caption_encoder; L2-normalized projected vectors; logit_scale.exp() dot product
q3SEOW2m4WY_1,q3SEOW2m4WY,2-5s,control,0,0.0,1.0,0.5,2.0,,,0.5,raw_audio/q3SEOW2m4WY.wav,BLOCKED,original WAV unavailable; no stored-feature substitute allowed,,,,,official msclap CLAP audio_encoder/caption_encoder; L2-normalized projected vectors; logit_scale.exp() dot product
q3SEOW2m4WY_3,q3SEOW2m4WY,0-2s,control,0,0.0,4.0,2.0,1.0,,,2.0,raw_audio/q3SEOW2m4WY.wav,BLOCKED,original WAV unavailable; no stored-feature substitute allowed,,,,,official msclap CLAP audio_encoder/caption_encoder; L2-normalized projected vectors; logit_scale.exp() dot product
q3SEOW2m4WY_4,q3SEOW2m4WY,2-5s,control,0,0.0,14.0,7.0,4.0,,,7.0,raw_audio/q3SEOW2m4WY.wav,BLOCKED,original WAV unavailable; no stored-feature substitute allowed,,,,,official msclap CLAP audio_encoder/caption_encoder; L2-normalized projected vectors; logit_scale.exp() dot product
qeSl7YZAfs4_2,qeSl7YZAfs4,2-5s,harmful,0,20.0,72.0,46.0,4.0,,,46.0,raw_audio/qeSl7YZAfs4.wav,BLOCKED,original WAV unavailable; no stored-feature substitute allowed,,,,,official msclap CLAP audio_encoder/caption_encoder; L2-normalized projected vectors; logit_scale.exp() dot product
r2KhpX_QgXA_1,r2KhpX_QgXA,2-5s,control,0,118.0,120.0,119.0,4.0,,,119.0,raw_audio/r2KhpX_QgXA.wav,BLOCKED,original WAV unavailable; no stored-feature substitute allowed,,,,,official msclap CLAP audio_encoder/caption_encoder; L2-normalized projected vectors; logit_scale.exp() dot product
rE6BJ0Bo4w4_3,rE6BJ0Bo4w4,2-5s,control,0,10.0,14.0,12.0,4.0,,,12.0,raw_audio/rE6BJ0Bo4w4.wav,BLOCKED,original WAV unavailable; no stored-feature substitute allowed,,,,,official msclap CLAP audio_encoder/caption_encoder; L2-normalized projected vectors; logit_scale.exp() dot product
rE6BJ0Bo4w4_4,rE6BJ0Bo4w4,2-5s,control,0,11.0,13.0,12.0,3.0,,,12.0,raw_audio/rE6BJ0Bo4w4.wav,BLOCKED,original WAV unavailable; no stored-feature substitute allowed,,,,,official msclap CLAP audio_encoder/caption_encoder; L2-normalized projected vectors; logit_scale.exp() dot product
rPkCYq4Zjwk_1,rPkCYq4Zjwk,2-5s,harmful,0,0.0,3.0,1.5,3.0,,,1.5,raw_audio/rPkCYq4Zjwk.wav,BLOCKED,original WAV unavailable; no stored-feature substitute allowed,,,,,official msclap CLAP audio_encoder/caption_encoder; L2-normalized projected vectors; logit_scale.exp() dot product
rPkCYq4Zjwk_2,rPkCYq4Zjwk,2-5s,control,0,15.0,17.0,16.0,3.0,,,16.0,raw_audio/rPkCYq4Zjwk.wav,BLOCKED,original WAV unavailable; no stored-feature substitute allowed,,,,,official msclap CLAP audio_encoder/caption_encoder; L2-normalized projected vectors; logit_scale.exp() dot product
riM7b5bJ9KQ_1,riM7b5bJ9KQ,2-5s,control,0,21.0,22.0,21.5,3.0,,,21.5,raw_audio/riM7b5bJ9KQ.wav,BLOCKED,original WAV unavailable; no stored-feature substitute allowed,,,,,official msclap CLAP audio_encoder/caption_encoder; L2-normalized projected vectors; logit_scale.exp() dot product
riM7b5bJ9KQ_3,riM7b5bJ9KQ,2-5s,control,0,17.0,18.0,17.5,2.0,,,17.5,raw_audio/riM7b5bJ9KQ.wav,BLOCKED,original WAV unavailable; no stored-feature substitute allowed,,,,,official msclap CLAP audio_encoder/caption_encoder; L2-normalized projected vectors; logit_scale.exp() dot product
rvtA7c1I4xo_1,rvtA7c1I4xo,2-5s,control,1,8.0,22.0,15.0,3.0,3.0,1.5,15.0,raw_audio/rvtA7c1I4xo.wav,VALID,,3.728431463241577,-0.41027921438217163,4.138710677623749,GT>HARD,official msclap CLAP audio_encoder/caption_encoder; L2-normalized projected vectors; logit_scale.exp() dot product
rvtA7c1I4xo_2,rvtA7c1I4xo,2-5s,harmful,0,11.0,15.0,13.0,4.0,4.0,7.0,13.0,raw_audio/rvtA7c1I4xo.wav,VALID,,4.237622261047363,-0.5115368962287903,4.749159157276154,GT>HARD,official msclap CLAP audio_encoder/caption_encoder; L2-normalized projected vectors; logit_scale.exp() dot product
rvtA7c1I4xo_3,rvtA7c1I4xo,2-5s,control,0,12.0,16.0,14.0,2.0,2.0,17.0,14.0,raw_audio/rvtA7c1I4xo.wav,VALID,,0.8172577023506165,-2.6992616653442383,3.5165193676948547,GT>HARD,official msclap CLAP audio_encoder/caption_encoder; L2-normalized projected vectors; logit_scale.exp() dot product
rvtA7c1I4xo_4,rvtA7c1I4xo,2-5s,harmful,0,20.0,48.0,34.0,3.0,3.0,125.5,34.0,raw_audio/rvtA7c1I4xo.wav,VALID,,1.1657404899597168,-0.6134980320930481,1.779238522052765,GT>HARD,official msclap CLAP audio_encoder/caption_encoder; L2-normalized projected vectors; logit_scale.exp() dot product
sTMKled6Q1M_1,sTMKled6Q1M,2-5s,control,0,43.0,53.0,48.0,4.0,,,48.0,raw_audio/sTMKled6Q1M.wav,BLOCKED,original WAV unavailable; no stored-feature substitute allowed,,,,,official msclap CLAP audio_encoder/caption_encoder; L2-normalized projected vectors; logit_scale.exp() dot product
sTMKled6Q1M_2,sTMKled6Q1M,2-5s,control,1,292.0,294.0,293.0,3.0,,,293.0,raw_audio/sTMKled6Q1M.wav,BLOCKED,original WAV unavailable; no stored-feature substitute allowed,,,,,official msclap CLAP audio_encoder/caption_encoder; L2-normalized projected vectors; logit_scale.exp() dot product
sTMKled6Q1M_3,sTMKled6Q1M,2-5s,harmful,0,14.0,19.0,16.5,3.0,,,16.5,raw_audio/sTMKled6Q1M.wav,BLOCKED,original WAV unavailable; no stored-feature substitute allowed,,,,,official msclap CLAP audio_encoder/caption_encoder; L2-normalized projected vectors; logit_scale.exp() dot product
sVYTOURVsQ0_2,sVYTOURVsQ0,0-2s,control,1,33.0,51.0,42.0,1.0,,,42.0,raw_audio/sVYTOURVsQ0.wav,BLOCKED,original WAV unavailable; no stored-feature substitute allowed,,,,,official msclap CLAP audio_encoder/caption_encoder; L2-normalized projected vectors; logit_scale.exp() dot product
sl_Pxpc7beo_1,sl_Pxpc7beo,2-5s,control,0,3.0,13.0,8.0,2.0,,,8.0,raw_audio/sl_Pxpc7beo.wav,BLOCKED,original WAV unavailable; no stored-feature substitute allowed,,,,,official msclap CLAP audio_encoder/caption_encoder; L2-normalized projected vectors; logit_scale.exp() dot product
sqsI2UyrcBQ_1,sqsI2UyrcBQ,2-5s,harmful,0,6.0,19.0,12.5,2.0,,,12.5,raw_audio/sqsI2UyrcBQ.wav,BLOCKED,original WAV unavailable; no stored-feature substitute allowed,,,,,official msclap CLAP audio_encoder/caption_encoder; L2-normalized projected vectors; logit_scale.exp() dot product
szkiW0GXEOI_1,szkiW0GXEOI,2-5s,control,0,102.0,103.0,102.5,3.0,,,102.5,raw_audio/szkiW0GXEOI.wav,BLOCKED,original WAV unavailable; no stored-feature substitute allowed,,,,,official msclap CLAP audio_encoder/caption_encoder; L2-normalized projected vectors; logit_scale.exp() dot product
t1hj7se76wQ_2,t1hj7se76wQ,2-5s,control,0,7.0,10.0,8.5,2.0,,,8.5,raw_audio/t1hj7se76wQ.wav,BLOCKED,original WAV unavailable; no stored-feature substitute allowed,,,,,official msclap CLAP audio_encoder/caption_encoder; L2-normalized projected vectors; logit_scale.exp() dot product
t1hj7se76wQ_3,t1hj7se76wQ,2-5s,control,0,15.0,24.0,19.5,2.0,,,19.5,raw_audio/t1hj7se76wQ.wav,BLOCKED,original WAV unavailable; no stored-feature substitute allowed,,,,,official msclap CLAP audio_encoder/caption_encoder; L2-normalized projected vectors; logit_scale.exp() dot product
t4prXmPwthg_2,t4prXmPwthg,2-5s,harmful,1,72.0,82.0,77.0,4.0,,,77.0,raw_audio/t4prXmPwthg.wav,BLOCKED,original WAV unavailable; no stored-feature substitute allowed,,,,,official msclap CLAP audio_encoder/caption_encoder; L2-normalized projected vectors; logit_scale.exp() dot product
tIM-H2rdq8U_2,tIM-H2rdq8U,2-5s,control,0,27.0,37.0,32.0,4.0,,,32.0,raw_audio/tIM-H2rdq8U.wav,BLOCKED,original WAV unavailable; no stored-feature substitute allowed,,,,,official msclap CLAP audio_encoder/caption_encoder; L2-normalized projected vectors; logit_scale.exp() dot product
tIM-H2rdq8U_3,tIM-H2rdq8U,0-2s,control,0,28.0,35.0,31.5,1.0,,,31.5,raw_audio/tIM-H2rdq8U.wav,BLOCKED,original WAV unavailable; no stored-feature substitute allowed,,,,,official msclap CLAP audio_encoder/caption_encoder; L2-normalized projected vectors; logit_scale.exp() dot product
tIM-H2rdq8U_4,tIM-H2rdq8U,2-5s,control,1,46.0,47.0,46.5,2.0,,,46.5,raw_audio/tIM-H2rdq8U.wav,BLOCKED,original WAV unavailable; no stored-feature substitute allowed,,,,,official msclap CLAP audio_encoder/caption_encoder; L2-normalized projected vectors; logit_scale.exp() dot product
taYKM1OSTwE_1,taYKM1OSTwE,2-5s,control,0,4.0,30.0,17.0,4.0,,,17.0,raw_audio/taYKM1OSTwE.wav,BLOCKED,original WAV unavailable; no stored-feature substitute allowed,,,,,official msclap CLAP audio_encoder/caption_encoder; L2-normalized projected vectors; logit_scale.exp() dot product
taYKM1OSTwE_2,taYKM1OSTwE,0-2s,harmful,1,0.0,20.0,10.0,1.0,,,10.0,raw_audio/taYKM1OSTwE.wav,BLOCKED,original WAV unavailable; no stored-feature substitute allowed,,,,,official msclap CLAP audio_encoder/caption_encoder; L2-normalized projected vectors; logit_scale.exp() dot product
tfOIhQpYYe8_1,tfOIhQpYYe8,2-5s,control,0,3.0,14.0,8.5,3.0,,,8.5,raw_audio/tfOIhQpYYe8.wav,BLOCKED,original WAV unavailable; no stored-feature substitute allowed,,,,,official msclap CLAP audio_encoder/caption_encoder; L2-normalized projected vectors; logit_scale.exp() dot product
tfOIhQpYYe8_2,tfOIhQpYYe8,2-5s,harmful,1,4.0,22.0,13.0,3.0,,,13.0,raw_audio/tfOIhQpYYe8.wav,BLOCKED,original WAV unavailable; no stored-feature substitute allowed,,,,,official msclap CLAP audio_encoder/caption_encoder; L2-normalized projected vectors; logit_scale.exp() dot product
tjCNwdOUiGc_1,tjCNwdOUiGc,2-5s,harmful,0,0.0,3.0,1.5,3.0,,,1.5,raw_audio/tjCNwdOUiGc.wav,BLOCKED,original WAV unavailable; no stored-feature substitute allowed,,,,,official msclap CLAP audio_encoder/caption_encoder; L2-normalized projected vectors; logit_scale.exp() dot product
tjCNwdOUiGc_4,tjCNwdOUiGc,2-5s,control,1,0.0,5.0,2.5,3.0,,,2.5,raw_audio/tjCNwdOUiGc.wav,BLOCKED,original WAV unavailable; no stored-feature substitute allowed,,,,,official msclap CLAP audio_encoder/caption_encoder; L2-normalized projected vectors; logit_scale.exp() dot product
twFypUcdgRc_3,twFypUcdgRc,0-2s,control,1,184.0,186.0,185.0,1.0,1.0,211.5,185.0,raw_audio/twFypUcdgRc.wav,VALID,,3.0253515243530273,3.5804848670959473,-0.5551333427429199,HARD>GT,official msclap CLAP audio_encoder/caption_encoder; L2-normalized projected vectors; logit_scale.exp() dot product
txeXrpoMST4_1,txeXrpoMST4,2-5s,control,0,223.0,233.0,228.0,4.0,,,228.0,raw_audio/txeXrpoMST4.wav,BLOCKED,original WAV unavailable; no stored-feature substitute allowed,,,,,official msclap CLAP audio_encoder/caption_encoder; L2-normalized projected vectors; logit_scale.exp() dot product
txeXrpoMST4_4,txeXrpoMST4,2-5s,control,1,222.0,233.0,227.5,4.0,,,227.5,raw_audio/txeXrpoMST4.wav,BLOCKED,original WAV unavailable; no stored-feature substitute allowed,,,,,official msclap CLAP audio_encoder/caption_encoder; L2-normalized projected vectors; logit_scale.exp() dot product
uJzAf4PaExI_2,uJzAf4PaExI,0-2s,control,1,203.0,213.0,208.0,1.0,,,208.0,raw_audio/uJzAf4PaExI.wav,BLOCKED,original WAV unavailable; no stored-feature substitute allowed,,,,,official msclap CLAP audio_encoder/caption_encoder; L2-normalized projected vectors; logit_scale.exp() dot product
uJzAf4PaExI_3,uJzAf4PaExI,2-5s,harmful,1,201.0,213.0,207.0,4.0,,,207.0,raw_audio/uJzAf4PaExI.wav,BLOCKED,original WAV unavailable; no stored-feature substitute allowed,,,,,official msclap CLAP audio_encoder/caption_encoder; L2-normalized projected vectors; logit_scale.exp() dot product
uY4fe5DT1gI_1,uY4fe5DT1gI,2-5s,harmful,1,147.0,153.0,150.0,2.0,,,150.0,raw_audio/uY4fe5DT1gI.wav,BLOCKED,original WAV unavailable; no stored-feature substitute allowed,,,,,official msclap CLAP audio_encoder/caption_encoder; L2-normalized projected vectors; logit_scale.exp() dot product
uY4fe5DT1gI_2,uY4fe5DT1gI,2-5s,control,1,0.0,58.0,29.0,2.0,,,29.0,raw_audio/uY4fe5DT1gI.wav,BLOCKED,original WAV unavailable; no stored-feature substitute allowed,,,,,official msclap CLAP audio_encoder/caption_encoder; L2-normalized projected vectors; logit_scale.exp() dot product
uhSDBwVrEdo_2,uhSDBwVrEdo,2-5s,control,0,13.0,15.0,14.0,2.0,,,14.0,raw_audio/uhSDBwVrEdo.wav,BLOCKED,original WAV unavailable; no stored-feature substitute allowed,,,,,official msclap CLAP audio_encoder/caption_encoder; L2-normalized projected vectors; logit_scale.exp() dot product
up2PpjTzyyc_1,up2PpjTzyyc,2-5s,control,1,170.0,177.0,173.5,4.0,,,173.5,raw_audio/up2PpjTzyyc.wav,BLOCKED,original WAV unavailable; no stored-feature substitute allowed,,,,,official msclap CLAP audio_encoder/caption_encoder; L2-normalized projected vectors; logit_scale.exp() dot product
vfNKduToki4_1,vfNKduToki4,0-2s,harmful,1,89.0,91.0,90.0,1.0,,,90.0,raw_audio/vfNKduToki4.wav,BLOCKED,original WAV unavailable; no stored-feature substitute allowed,,,,,official msclap CLAP audio_encoder/caption_encoder; L2-normalized projected vectors; logit_scale.exp() dot product
vigslb0kClE_2,vigslb0kClE,2-5s,harmful,1,31.0,39.0,35.0,3.0,,,35.0,raw_audio/vigslb0kClE.wav,BLOCKED,original WAV unavailable; no stored-feature substitute allowed,,,,,official msclap CLAP audio_encoder/caption_encoder; L2-normalized projected vectors; logit_scale.exp() dot product
vruDH_YLaPI_1,vruDH_YLaPI,0-2s,harmful,0,68.0,70.0,69.0,1.0,,,69.0,raw_audio/vruDH_YLaPI.wav,BLOCKED,original WAV unavailable; no stored-feature substitute allowed,,,,,official msclap CLAP audio_encoder/caption_encoder; L2-normalized projected vectors; logit_scale.exp() dot product
vruDH_YLaPI_2,vruDH_YLaPI,2-5s,control,0,17.0,21.0,19.0,3.0,,,19.0,raw_audio/vruDH_YLaPI.wav,BLOCKED,original WAV unavailable; no stored-feature substitute allowed,,,,,official msclap CLAP audio_encoder/caption_encoder; L2-normalized projected vectors; logit_scale.exp() dot product
vruDH_YLaPI_3,vruDH_YLaPI,0-2s,control,0,12.0,14.0,13.0,1.0,,,13.0,raw_audio/vruDH_YLaPI.wav,BLOCKED,original WAV unavailable; no stored-feature substitute allowed,,,,,official msclap CLAP audio_encoder/caption_encoder; L2-normalized projected vectors; logit_scale.exp() dot product
wAZrOPvul4Y_1,wAZrOPvul4Y,2-5s,harmful,1,78.0,88.0,83.0,2.0,,,83.0,raw_audio/wAZrOPvul4Y.wav,BLOCKED,original WAV unavailable; no stored-feature substitute allowed,,,,,official msclap CLAP audio_encoder/caption_encoder; L2-normalized projected vectors; logit_scale.exp() dot product
wBs02amFGXs_2,wBs02amFGXs,2-5s,harmful,0,0.0,3.0,1.5,4.0,,,1.5,raw_audio/wBs02amFGXs.wav,BLOCKED,original WAV unavailable; no stored-feature substitute allowed,,,,,official msclap CLAP audio_encoder/caption_encoder; L2-normalized projected vectors; logit_scale.exp() dot product
wnqUgK_-fo4_1,wnqUgK_-fo4,2-5s,control,1,31.0,35.0,33.0,2.0,,,33.0,raw_audio/wnqUgK_-fo4.wav,BLOCKED,original WAV unavailable; no stored-feature substitute allowed,,,,,official msclap CLAP audio_encoder/caption_encoder; L2-normalized projected vectors; logit_scale.exp() dot product
woadpeAGHUQ_1,woadpeAGHUQ,0-2s,control,0,0.0,2.0,1.0,1.0,,,1.0,raw_audio/woadpeAGHUQ.wav,BLOCKED,original WAV unavailable; no stored-feature substitute allowed,,,,,official msclap CLAP audio_encoder/caption_encoder; L2-normalized projected vectors; logit_scale.exp() dot product
x5AH2gW_8S4_2,x5AH2gW_8S4,0-2s,harmful,1,19.0,21.0,20.0,1.0,1.0,74.5,20.0,raw_audio/x5AH2gW_8S4.wav,VALID,,-0.6704810857772827,-1.5877748727798462,0.9172937870025635,GT>HARD,official msclap CLAP audio_encoder/caption_encoder; L2-normalized projected vectors; logit_scale.exp() dot product
xUWSHYoslPQ_2,xUWSHYoslPQ,2-5s,harmful,0,1.0,23.0,12.0,4.0,,,12.0,raw_audio/xUWSHYoslPQ.wav,BLOCKED,original WAV unavailable; no stored-feature substitute allowed,,,,,official msclap CLAP audio_encoder/caption_encoder; L2-normalized projected vectors; logit_scale.exp() dot product
xbLW9Wt1Jsg_3,xbLW9Wt1Jsg,2-5s,control,0,147.0,150.0,148.5,4.0,,,148.5,raw_audio/xbLW9Wt1Jsg.wav,BLOCKED,original WAV unavailable; no stored-feature substitute allowed,,,,,official msclap CLAP audio_encoder/caption_encoder; L2-normalized projected vectors; logit_scale.exp() dot product
yfYNPWs7mWY_2,yfYNPWs7mWY,2-5s,control,1,180.0,189.0,184.5,2.0,2.0,68.0,184.5,raw_audio/yfYNPWs7mWY.wav,VALID,,5.758788108825684,5.510982990264893,0.24780511856079102,GT>HARD,official msclap CLAP audio_encoder/caption_encoder; L2-normalized projected vectors; logit_scale.exp() dot product
yrxa6_P2I80_2,yrxa6_P2I80,0-2s,harmful,1,91.0,103.0,97.0,1.0,,,97.0,raw_audio/yrxa6_P2I80.wav,BLOCKED,original WAV unavailable; no stored-feature substitute allowed,,,,,official msclap CLAP audio_encoder/caption_encoder; L2-normalized projected vectors; logit_scale.exp() dot product
z1ax0QPpd14_1,z1ax0QPpd14,2-5s,harmful,0,103.0,106.0,104.5,3.0,,,104.5,raw_audio/z1ax0QPpd14.wav,BLOCKED,original WAV unavailable; no stored-feature substitute allowed,,,,,official msclap CLAP audio_encoder/caption_encoder; L2-normalized projected vectors; logit_scale.exp() dot product
z1ax0QPpd14_3,z1ax0QPpd14,0-2s,harmful,0,14.0,34.0,24.0,1.0,,,24.0,raw_audio/z1ax0QPpd14.wav,BLOCKED,original WAV unavailable; no stored-feature substitute allowed,,,,,official msclap CLAP audio_encoder/caption_encoder; L2-normalized projected vectors; logit_scale.exp() dot product
zBXoaQ1GVlc_3,zBXoaQ1GVlc,2-5s,control,1,0.0,67.0,33.5,2.0,,,33.5,raw_audio/zBXoaQ1GVlc.wav,BLOCKED,original WAV unavailable; no stored-feature substitute allowed,,,,,official msclap CLAP audio_encoder/caption_encoder; L2-normalized projected vectors; logit_scale.exp() dot product
zoctgurhvHE_1,zoctgurhvHE,2-5s,control,0,97.0,98.0,97.5,4.0,,,97.5,raw_audio/zoctgurhvHE.wav,BLOCKED,original WAV unavailable; no stored-feature substitute allowed,,,,,official msclap CLAP audio_encoder/caption_encoder; L2-normalized projected vectors; logit_scale.exp() dot product
ztSjcZNUY7A_2,ztSjcZNUY7A,2-5s,control,0,10.0,11.0,10.5,3.0,,,10.5,raw_audio/ztSjcZNUY7A.wav,BLOCKED,original WAV unavailable; no stored-feature substitute allowed,,,,,official msclap CLAP audio_encoder/caption_encoder; L2-normalized projected vectors; logit_scale.exp() dot product
zwoqJY03yHE_1,zwoqJY03yHE,0-2s,harmful,1,67.0,86.0,76.5,1.0,,,76.5,raw_audio/zwoqJY03yHE.wav,BLOCKED,original WAV unavailable; no stored-feature substitute allowed,,,,,official msclap CLAP audio_encoder/caption_encoder; L2-normalized projected vectors; logit_scale.exp() dot product
zwoqJY03yHE_2,zwoqJY03yHE,2-5s,control,0,204.0,214.0,209.0,4.0,,,209.0,raw_audio/zwoqJY03yHE.wav,BLOCKED,original WAV unavailable; no stored-feature substitute allowed,,,,,official msclap CLAP audio_encoder/caption_encoder; L2-normalized projected vectors; logit_scale.exp() dot product
zwoqJY03yHE_4,zwoqJY03yHE,2-5s,harmful,0,227.0,230.0,228.5,2.0,,,228.5,raw_audio/zwoqJY03yHE.wav,BLOCKED,original WAV unavailable; no stored-feature substitute allowed,,,,,official msclap CLAP audio_encoder/caption_encoder; L2-normalized projected vectors; logit_scale.exp() dot product
