qid,vid,duration_bin,gt_duration_sec,audio_duration_sec,hard_center_hit10_2s,random25_center_hit10_2s_mean,hard_minus_random_center,cohort,p3_location_failure,query_conditioned_memory_score_status,query_conditioned_memory_score_reason,full_best_gt_center_rank,full_best_hard_center_rank,full_gt_center_density_top10,full_hard_center_density_top10,full_top1_center_sec,full_top1_width_gt_ratio,hard25_best_gt_center_rank,hard25_best_hard_center_rank,hard25_gt_center_density_top10,hard25_hard_center_density_top10,hard25_top1_center_sec,hard25_top1_width_gt_ratio,full_attn_l0_total,full_attn_l0_gt_mass,full_attn_l0_hard_peak_mass,full_attn_l0_other_mass,full_attn_l1_total,full_attn_l1_gt_mass,full_attn_l1_hard_peak_mass,full_attn_l1_other_mass,hard25_attn_l0_total,hard25_attn_l0_gt_mass,hard25_attn_l0_hard_peak_mass,hard25_attn_l0_other_mass,hard25_attn_l1_total,hard25_attn_l1_gt_mass,hard25_attn_l1_hard_peak_mass,hard25_attn_l1_other_mass
--0w1YA1Hm4_1,--0w1YA1Hm4,0-2s,1.0,299.0,0.0,0.7,-0.7,harmful,0,BLOCKED,No official common QD query-memory score; stored 768-D audio/text features are not compared.,10,11,1,0,72.0,10.0,11,11,0,0,149.5,11.0,1.0,0.01349947601556778,0.010736385360360146,0.9757641553878784,1.0,0.0031006650533527136,0.017767474055290222,0.9791319370269775,1.0,0.19234612584114075,0.017305925488471985,0.7903479337692261,1.0,0.029269903898239136,0.022412002086639404,0.9483181238174438
--0w1YA1Hm4_2,--0w1YA1Hm4,2-5s,4.0,299.0,0.0,0.8,-0.8,harmful,0,BLOCKED,No official common QD query-memory score; stored 768-D audio/text features are not compared.,2,11,1,0,294.5,1.75,11,11,0,0,43.5,2.75,0.9999999403953552,0.009299570694565773,0.06980612128973007,0.9208942651748657,1.0,0.003549444954842329,0.22609983384609222,0.7703506946563721,1.0,0.0899854451417923,0.19623160362243652,0.7137829065322876,1.0,0.04857524856925011,0.10677483677864075,0.8446499109268188
--0w1YA1Hm4_3,--0w1YA1Hm4,2-5s,2.0,299.0,1.0,1.0,0.0,control,0,BLOCKED,No official common QD query-memory score; stored 768-D audio/text features are not compared.,1,11,1,0,296.0,3.0,1,2,1,1,293.0,2.0,1.0,0.10565844178199768,0.008684627711772919,0.8856568932533264,1.0,0.2356274574995041,0.013022726401686668,0.7513498067855835,0.9999999403953552,0.18972575664520264,0.07437581568956375,0.7358983755111694,1.0,0.30053868889808655,0.08045823872089386,0.6190029978752136
-FW109cbv0g_1,-FW109cbv0g,2-5s,3.0,96.0,1.0,1.0,0.0,control,0,BLOCKED,No official common QD query-memory score; stored 768-D audio/text features are not compared.,1,2,6,1,6.0,1.3333333333333333,1,2,5,1,6.0,2.0,1.0,0.3379383087158203,0.019011730328202248,0.6430500149726868,1.0,0.2457297146320343,0.021349182352423668,0.7329211235046387,1.0,0.6765210628509521,0.028317604213953018,0.29516130685806274,1.0,0.6973782181739807,0.020908085629343987,0.28171366453170776
-FW109cbv0g_3,-FW109cbv0g,2-5s,3.0,96.0,1.0,1.0,0.0,control,0,BLOCKED,No official common QD query-memory score; stored 768-D audio/text features are not compared.,1,11,2,0,20.5,1.0,1,11,2,0,21.5,1.0,1.0,0.05709952116012573,0.008366473950445652,0.934533953666687,0.9999999403953552,0.24213308095932007,0.11262968182563782,0.6452372074127197,1.0,0.28601139783859253,0.018424471840262413,0.6955640912055969,1.0,0.3018835783004761,0.13515277206897736,0.5629636645317078
-FW109cbv0g_4,-FW109cbv0g,2-5s,2.0,96.0,0.0,1.0,-1.0,harmful,0,BLOCKED,No official common QD query-memory score; stored 768-D audio/text features are not compared.,2,11,3,0,37.0,2.0,11,3,0,1,26.0,2.0,1.0,0.0306843388825655,0.03047189489006996,0.9388437867164612,1.0,0.0671280026435852,0.006910322234034538,0.9259617328643799,0.9999999403953552,0.126994788646698,0.059936150908470154,0.8130689859390259,1.0,0.14760825037956238,0.013419901952147484,0.8389719128608704
-FW109cbv0g_5,-FW109cbv0g,2-5s,3.0,96.0,0.0,0.9,-0.9,harmful,0,BLOCKED,No official common QD query-memory score; stored 768-D audio/text features are not compared.,9,2,1,1,15.5,1.6666666666666667,11,1,0,1,4.0,1.3333333333333333,1.0,0.08536360412836075,0.030026085674762726,0.8846103549003601,1.0,0.027507059276103973,0.10830150544643402,0.8641915321350098,1.0,0.44072556495666504,0.05129399523139,0.5079804062843323,0.9999999403953552,0.07173259556293488,0.23564545810222626,0.6926218867301941
-NrFeH-kBSM_2,-NrFeH-kBSM,0-2s,1.0,300.0,0.0,0.0,0.0,control,0,BLOCKED,No official common QD query-memory score; stored 768-D audio/text features are not compared.,11,1,0,1,9.5,9.0,11,11,0,0,78.5,31.0,1.0,0.001261988072656095,0.10932589322328568,0.8894121646881104,1.0,0.0005079518887214363,0.12854734063148499,0.870944619178772,0.9999999403953552,0.05130452662706375,0.13823063671588898,0.8104647994041443,1.0000001192092896,0.046886101365089417,0.18235458433628082,0.7707592844963074
-NrFeH-kBSM_4,-NrFeH-kBSM,2-5s,4.0,300.0,0.0,0.4,-0.4,harmful,0,BLOCKED,No official common QD query-memory score; stored 768-D audio/text features are not compared.,2,11,1,0,11.0,2.5,11,11,0,0,210.0,3.0,1.0,0.014026324264705181,0.2063133716583252,0.7796603441238403,1.0000001192092896,0.007824881933629513,0.3417821228504181,0.6503930687904358,1.0,0.13973349332809448,0.24041825532913208,0.6198482513427734,1.0,0.04381422698497772,0.3662835359573364,0.5899022221565247
-mhFGevxLUg_3,-mhFGevxLUg,2-5s,4.0,300.0,0.0,0.0,0.0,control,1,BLOCKED,No official common QD query-memory score; stored 768-D audio/text features are not compared.,11,11,0,0,216.5,2.75,11,11,0,0,13.0,2.5,1.0,0.013760039582848549,0.08410806953907013,0.9021319150924683,1.0,0.015250775963068008,0.0043034725822508335,0.9804457426071167,1.0,0.023797672241926193,0.274458110332489,0.7017441987991333,1.0,0.026912709698081017,0.10608812421560287,0.8669991493225098
-nQHwrRLfc0_2,-nQHwrRLfc0,0-2s,1.0,165.0,0.0,0.7,-0.7,harmful,0,BLOCKED,No official common QD query-memory score; stored 768-D audio/text features are not compared.,6,1,1,1,4.5,7.0,11,1,0,1,5.5,9.0,1.0,0.040675610303878784,0.16832779347896576,0.7909966111183167,1.0,0.021222446113824844,0.5863136053085327,0.3924638628959656,1.0,0.04170659929513931,0.18671914935112,0.7715742588043213,1.0,0.028353340923786163,0.548585057258606,0.4230616092681885
-oy0BkpMGAk_1,-oy0BkpMGAk,2-5s,4.0,80.0,1.0,1.0,0.0,control,0,BLOCKED,No official common QD query-memory score; stored 768-D audio/text features are not compared.,1,11,1,0,15.0,1.0,2,1,1,1,9.0,2.0,1.0,0.04260203614830971,0.09485191106796265,0.8625460863113403,0.9999999403953552,0.19029715657234192,0.27746739983558655,0.5322354435920715,1.0,0.1246708333492279,0.28245633840560913,0.5928727984428406,1.0,0.13426010310649872,0.3724129796028137,0.49332693219184875
-oy0BkpMGAk_3,-oy0BkpMGAk,2-5s,2.0,80.0,0.0,0.0,0.0,control,1,BLOCKED,No official common QD query-memory score; stored 768-D audio/text features are not compared.,11,7,0,1,71.5,1.5,11,6,0,1,56.0,0.0,1.0,0.03219617158174515,0.01880733296275139,0.9489965438842773,0.9999999403953552,0.038706324994564056,0.06411460787057877,0.8971790671348572,1.0,0.2285468578338623,0.20777615904808044,0.5636770129203796,1.0,0.0024920871946960688,0.16961050033569336,0.8278974294662476
096oTVzc5Gs_4,096oTVzc5Gs,0-2s,1.0,129.0,0.0,0.0,0.0,control,0,BLOCKED,No official common QD query-memory score; stored 768-D audio/text features are not compared.,7,1,1,2,2.0,4.0,11,1,0,2,2.5,5.0,1.0,0.002316246507689357,0.26950106024742126,0.7281826734542847,1.0,0.0021419727709144354,0.5657353401184082,0.43212276697158813,1.0,0.022951407358050346,0.3333088457584381,0.6437397599220276,1.0,0.011316651478409767,0.5752518177032471,0.4134315252304077
0AsXkZkqelg_1,0AsXkZkqelg,2-5s,4.0,172.0,0.0,0.8,-0.8,harmful,0,BLOCKED,No official common QD query-memory score; stored 768-D audio/text features are not compared.,1,11,1,0,4.0,2.0,11,11,0,0,9.0,4.5,1.0,0.07032626867294312,0.2930300831794739,0.636643648147583,0.9999999403953552,0.3766101598739624,0.24989889562129974,0.37349092960357666,1.0,0.07081092894077301,0.3083440661430359,0.6208450198173523,0.9999999403953552,0.2390829175710678,0.46941256523132324,0.29150447249412537
0AsXkZkqelg_2,0AsXkZkqelg,2-5s,3.0,172.0,1.0,1.0,0.0,control,0,BLOCKED,No official common QD query-memory score; stored 768-D audio/text features are not compared.,1,11,2,0,14.0,3.3333333333333335,4,11,1,0,158.0,2.6666666666666665,1.0,0.10611921548843384,0.0850052610039711,0.808875560760498,1.0000001192092896,0.06646376103162766,0.15122517943382263,0.7823110818862915,1.0,0.20133420825004578,0.5778934359550476,0.22077229619026184,1.0,0.07421556860208511,0.40159446001052856,0.5241899490356445
0_K6OKtoBBU_1,0_K6OKtoBBU,2-5s,2.0,61.0,1.0,1.0,0.0,control,0,BLOCKED,No official common QD query-memory score; stored 768-D audio/text features are not compared.,1,4,4,1,6.5,1.5,1,11,2,0,7.5,2.5,1.0,0.24414654076099396,0.0006316759390756488,0.7552217841148376,1.0,0.16295960545539856,0.0223916657269001,0.8146486878395081,1.0,0.5835205316543579,0.007207668386399746,0.40927183628082275,1.0,0.4229128360748291,0.018083671107888222,0.559003472328186
0_K6OKtoBBU_3,0_K6OKtoBBU,2-5s,2.0,61.0,1.0,1.0,0.0,control,0,BLOCKED,No official common QD query-memory score; stored 768-D audio/text features are not compared.,1,2,3,2,22.5,1.5,1,5,3,1,22.5,0.5,1.0,0.10073600709438324,0.04802156239748001,0.8512424230575562,1.0,0.2507248520851135,0.20469963550567627,0.5445754528045654,1.0,0.3581607937812805,0.0874100923538208,0.5544291138648987,1.0,0.36653512716293335,0.2107054740190506,0.42275941371917725
0a9wVat2PWk_2,0a9wVat2PWk,2-5s,4.0,300.0,0.0,0.5,-0.5,harmful,1,BLOCKED,No official common QD query-memory score; stored 768-D audio/text features are not compared.,5,1,1,2,111.0,2.5,11,11,0,0,120.0,4.0,1.0,0.1331450343132019,0.056520625948905945,0.810334324836731,1.0,0.024434208869934082,0.21815365552902222,0.7574121952056885,1.0,0.1816905289888382,0.06553591042757034,0.7527735829353333,1.0,0.03137504309415817,0.20697766542434692,0.7616473436355591
0a9wVat2PWk_3,0a9wVat2PWk,2-5s,3.0,300.0,1.0,1.0,0.0,control,0,BLOCKED,No official common QD query-memory score; stored 768-D audio/text features are not compared.,1,11,4,0,111.5,3.0,11,11,0,0,142.5,9.0,1.0,0.2335941195487976,0.13860401511192322,0.6278018951416016,1.0,0.36466944217681885,0.01626652665436268,0.6190640330314636,1.0,0.49634984135627747,0.15185169875621796,0.35179847478866577,0.9999998807907104,0.8074324131011963,0.013004071079194546,0.1795634925365448
0a9wVat2PWk_4,0a9wVat2PWk,2-5s,4.0,300.0,0.0,0.6,-0.6,harmful,0,BLOCKED,No official common QD query-memory score; stored 768-D audio/text features are not compared.,11,1,0,1,112.5,2.75,11,3,0,1,146.0,5.0,0.9999999403953552,0.004060553386807442,0.06098078563809395,0.9349586963653564,1.0,0.003697405569255352,0.19533070921897888,0.8009719252586365,1.0,0.0641455128788948,0.07194516062736511,0.8639093041419983,1.0,0.026642363518476486,0.2706330418586731,0.7027245759963989
0fMXnvD38zI_1,0fMXnvD38zI,2-5s,2.0,300.0,0.0,0.0,0.0,control,1,BLOCKED,No official common QD query-memory score; stored 768-D audio/text features are not compared.,11,11,0,0,22.0,7.0,11,11,0,0,31.5,10.5,1.0,0.02009681612253189,0.020885489881038666,0.9590177536010742,1.0,0.03020467981696129,0.0014290371909737587,0.968366265296936,1.0,0.06839879602193832,0.05855512619018555,0.8730461001396179,1.0,0.10421764105558395,0.0017855872865766287,0.8939967751502991
0yETgW44MZU_2,0yETgW44MZU,2-5s,4.0,90.0,1.0,0.7,0.30000000000000004,control,1,BLOCKED,No official common QD query-memory score; stored 768-D audio/text features are not compared.,11,2,0,1,24.5,4.75,6,11,2,0,14.0,4.0,1.0,0.08003195375204086,0.08148755878210068,0.8384804725646973,1.0,0.0703064501285553,0.09288216382265091,0.836811363697052,1.0,0.6205629110336304,0.19555237889289856,0.1838846504688263,1.0,0.3402528762817383,0.31486400961875916,0.3448830842971802
14izd_i3ryE_3,14izd_i3ryE,2-5s,2.0,299.0,0.0,0.4,-0.4,harmful,1,BLOCKED,No official common QD query-memory score; stored 768-D audio/text features are not compared.,5,1,1,1,46.5,6.5,6,11,1,0,51.5,8.5,0.9999999403953552,0.024062898010015488,0.05522884801030159,0.9207082986831665,1.0,0.0025790734216570854,0.18596471846103668,0.8114562630653381,1.0,0.10617890954017639,0.1103527769446373,0.7834683060646057,1.0,0.014253566041588783,0.21313245594501495,0.7726139426231384
1FNJbN-eHY4_1,1FNJbN-eHY4,2-5s,4.0,177.0,0.0,0.7,-0.7,harmful,1,BLOCKED,No official common QD query-memory score; stored 768-D audio/text features are not compared.,11,11,0,0,6.5,1.75,11,11,0,0,7.5,2.25,1.0,0.030037259683012962,0.3564380705356598,0.6135246753692627,1.0,0.033439841121435165,0.6257323622703552,0.34082773327827454,1.0,0.45335668325424194,0.37050148844718933,0.17614182829856873,0.9999999403953552,0.32924884557724,0.6284297704696655,0.04232143983244896
1GgEpRZDWN0_1,1GgEpRZDWN0,2-5s,2.0,300.0,0.0,0.6,-0.6,harmful,1,BLOCKED,No official common QD query-memory score; stored 768-D audio/text features are not compared.,11,11,0,0,18.0,5.0,11,11,0,0,250.5,13.5,1.0,0.023097768425941467,0.041321516036987305,0.9355807304382324,0.9999999403953552,0.06892161071300507,0.07445405423641205,0.8566243052482605,1.0,0.02769153192639351,0.06389755755662918,0.908410906791687,1.0,0.07143305987119675,0.08748048543930054,0.8410864472389221
1IoHRTUp86c_3,1IoHRTUp86c,2-5s,2.0,226.0,1.0,0.5,0.5,control,1,BLOCKED,No official common QD query-memory score; stored 768-D audio/text features are not compared.,8,11,1,0,191.5,9.5,1,11,2,0,70.5,9.5,1.0,0.010054155252873898,0.045690763741731644,0.9442550539970398,0.9999999403953552,0.0023803305812180042,0.006456405855715275,0.9911632537841797,1.0000001192092896,0.015431016683578491,0.0670369490981102,0.9175320267677307,1.0,0.007952086627483368,0.03534570708870888,0.9567022323608398
1Og2TJ3bXW0_1,1Og2TJ3bXW0,2-5s,2.0,300.0,0.0,0.0,0.0,control,1,BLOCKED,No official common QD query-memory score; stored 768-D audio/text features are not compared.,11,11,0,0,73.5,4.5,11,11,0,0,202.0,34.0,1.0,0.006914351601153612,0.10769405961036682,0.8853916525840759,1.0,0.007570486981421709,0.512930691242218,0.47949880361557007,1.0,0.016318220645189285,0.33113718032836914,0.6525444984436035,1.0,0.009981399402022362,0.2958643436431885,0.6941542625427246
1Og2TJ3bXW0_2,1Og2TJ3bXW0,2-5s,3.0,300.0,0.0,0.2,-0.2,harmful,1,BLOCKED,No official common QD query-memory score; stored 768-D audio/text features are not compared.,11,1,0,1,73.5,1.6666666666666667,11,11,0,0,142.0,14.666666666666666,1.0,0.00912492722272873,0.08335225284099579,0.9075227975845337,1.0,0.0194060318171978,0.32228270173072815,0.6583111882209778,1.0,0.030025528743863106,0.2015824317932129,0.7683919668197632,1.0,0.008394811302423477,0.17188726365566254,0.8197179436683655
1Og2TJ3bXW0_4,1Og2TJ3bXW0,2-5s,2.0,300.0,1.0,1.0,0.0,control,0,BLOCKED,No official common QD query-memory score; stored 768-D audio/text features are not compared.,2,11,2,0,72.5,3.5,2,9,1,1,168.5,5.5,1.0,0.022760847583413124,0.08985654264688492,0.8873826265335083,1.0,0.0012949082301929593,0.45869895815849304,0.5400061011314392,1.0,0.4782680869102478,0.18925824761390686,0.33247363567352295,1.0,0.13138744235038757,0.480771541595459,0.38784101605415344
1WTSW96XP6E_2,1WTSW96XP6E,2-5s,2.0,300.0,0.0,0.1,-0.1,harmful,1,BLOCKED,No official common QD query-memory score; stored 768-D audio/text features are not compared.,11,2,0,1,196.0,5.0,11,11,0,0,124.5,4.5,1.0,0.0009646237012930214,0.0007847631350159645,0.9982506036758423,1.0,0.004821018315851688,0.005778005346655846,0.9894010424613953,1.0,0.0025400728918612003,0.003058101050555706,0.9944018125534058,1.0,0.0025721313431859016,0.010770300403237343,0.9866575598716736
1slvoNgzBLE_2,1slvoNgzBLE,2-5s,3.0,299.0,1.0,1.0,0.0,control,0,BLOCKED,No official common QD query-memory score; stored 768-D audio/text features are not compared.,1,11,4,0,39.5,7.666666666666667,1,11,3,0,77.5,6.333333333333333,1.0,0.15787208080291748,0.01920805498957634,0.8229198455810547,1.0,0.16816271841526031,0.07581157237291336,0.7560257315635681,1.0,0.3284701108932495,0.02855178341269493,0.6429781913757324,1.0,0.2864502966403961,0.10281183570623398,0.6107379198074341
1slvoNgzBLE_4,1slvoNgzBLE,2-5s,3.0,299.0,1.0,0.6,0.4,control,1,BLOCKED,No official common QD query-memory score; stored 768-D audio/text features are not compared.,11,11,0,0,99.0,4.666666666666667,7,1,1,1,93.5,5.0,1.0,0.10249937325716019,0.012861941941082478,0.8846386671066284,1.0,0.054557058960199356,0.04657553508877754,0.8988673686981201,1.0,0.2744383215904236,0.01855941116809845,0.7070022821426392,1.0,0.11472949385643005,0.09761218726634979,0.7876583337783813
1vCYiVvZ7VE_1,1vCYiVvZ7VE,2-5s,3.0,296.0,1.0,0.5,0.5,control,1,BLOCKED,No official common QD query-memory score; stored 768-D audio/text features are not compared.,11,1,0,1,188.0,3.3333333333333335,10,1,1,1,188.5,2.3333333333333335,1.0000001192092896,0.02826346829533577,0.0182352215051651,0.9535013437271118,0.9999999403953552,0.0347086638212204,0.10563939064741135,0.8596519231796265,1.0,0.12683698534965515,0.026583677157759666,0.846579372882843,1.0,0.16932342946529388,0.13534501194953918,0.6953315734863281
1vCYiVvZ7VE_2,1vCYiVvZ7VE,2-5s,2.0,296.0,1.0,0.7,0.30000000000000004,control,0,BLOCKED,No official common QD query-memory score; stored 768-D audio/text features are not compared.,1,11,1,0,189.0,4.0,2,11,1,0,251.5,4.5,0.9999999403953552,0.03798998147249222,0.0013636198127642274,0.960646390914917,1.0,0.1446748971939087,0.03602143004536629,0.8193036317825317,1.0,0.0871887058019638,0.0031767883338034153,0.9096344709396362,0.9999999403953552,0.20550991594791412,0.03395048901438713,0.7605395317077637
27HIamF8pKo_1,27HIamF8pKo,2-5s,3.0,140.0,1.0,1.0,0.0,control,0,BLOCKED,No official common QD query-memory score; stored 768-D audio/text features are not compared.,1,11,4,0,118.0,1.3333333333333333,1,11,6,0,118.5,1.0,1.0,0.15673966705799103,0.10475270450115204,0.7385076284408569,1.0,0.334882527589798,0.023943137377500534,0.64117431640625,1.0,0.3863682150840759,0.2093965709209442,0.40423524379730225,1.0,0.5951352119445801,0.07718754559755325,0.32767727971076965
27HIamF8pKo_3,27HIamF8pKo,0-2s,1.0,140.0,0.0,0.7,-0.7,harmful,0,BLOCKED,No official common QD query-memory score; stored 768-D audio/text features are not compared.,1,11,1,0,126.5,13.0,11,11,0,0,93.0,4.0,1.0,0.007071952801197767,0.26998627185821533,0.7229417562484741,1.0,0.02458352968096733,0.12315976619720459,0.852256715297699,1.0,0.12703125178813934,0.4690432846546173,0.40392550826072693,0.9999999403953552,0.13222870230674744,0.35370370745658875,0.514067530632019
2JutOgAnqWA_2,2JutOgAnqWA,2-5s,4.0,214.0,0.0,0.0,0.0,control,1,BLOCKED,No official common QD query-memory score; stored 768-D audio/text features are not compared.,11,1,0,2,59.0,5.0,11,11,0,0,71.0,11.5,0.9999999403953552,0.00922917015850544,0.05274420231580734,0.9380266666412354,1.0,0.043616317212581635,0.14019891619682312,0.8161847591400146,1.0,0.11676830053329468,0.1393035352230072,0.7439281940460205,1.0,0.2281075417995453,0.2460801601409912,0.5258122682571411
2KEfkDO6hlA_1,2KEfkDO6hlA,2-5s,3.0,233.0,1.0,0.5,0.5,control,1,BLOCKED,No official common QD query-memory score; stored 768-D audio/text features are not compared.,11,4,0,1,16.5,2.3333333333333335,2,11,1,0,171.5,3.0,1.0,0.03972037881612778,0.13986113667488098,0.8204184770584106,1.0,0.050963860005140305,0.045518044382333755,0.9035180807113647,1.0,0.0417836531996727,0.16229841113090515,0.7959179878234863,1.0,0.07454938441514969,0.07479275017976761,0.8506578803062439
2KR0C5ysO8o_1,2KR0C5ysO8o,2-5s,4.0,137.0,1.0,1.0,0.0,control,0,BLOCKED,No official common QD query-memory score; stored 768-D audio/text features are not compared.,1,3,4,1,65.0,1.5,1,11,4,0,60.0,2.5,1.0,0.2039320468902588,0.011205941438674927,0.7848620414733887,1.0,0.34526923298835754,0.06061239168047905,0.5941183567047119,1.0,0.3742861747741699,0.03789052367210388,0.5878232717514038,1.0,0.5586048364639282,0.02167617529630661,0.41971898078918457
2KR0C5ysO8o_2,2KR0C5ysO8o,2-5s,2.0,137.0,1.0,0.8,0.19999999999999996,control,0,BLOCKED,No official common QD query-memory score; stored 768-D audio/text features are not compared.,3,8,1,1,65.5,2.5,7,11,1,0,27.0,6.0,1.0000001192092896,0.029527628794312477,0.11455507576465607,0.8559172749519348,1.0,0.013759045861661434,0.10286559909582138,0.8833752870559692,1.0,0.07302917540073395,0.23458272218704224,0.692388117313385,1.0,0.12795455753803253,0.20961293578147888,0.6624325513839722
2RjqBRzmxaM_3,2RjqBRzmxaM,2-5s,2.0,122.0,1.0,0.8,0.19999999999999996,control,1,BLOCKED,No official common QD query-memory score; stored 768-D audio/text features are not compared.,11,11,0,0,66.5,2.5,6,11,1,0,94.0,19.0,1.0,0.01124807633459568,0.6251936554908752,0.36355823278427124,1.0,0.04138084501028061,0.12633566558361053,0.8322835564613342,1.0,0.018583176657557487,0.634608268737793,0.3468084931373596,1.0,0.0794922336935997,0.17063717544078827,0.7498705983161926
2RjqBRzmxaM_4,2RjqBRzmxaM,2-5s,4.0,122.0,1.0,0.9,0.09999999999999998,control,0,BLOCKED,No official common QD query-memory score; stored 768-D audio/text features are not compared.,2,1,1,1,106.5,1.25,1,2,1,1,113.0,1.0,1.0,0.09429685771465302,0.0824672281742096,0.8232359290122986,1.0,0.019905339926481247,0.3163754642009735,0.6637191772460938,1.0,0.11895697563886642,0.11163744330406189,0.7694056034088135,1.0,0.016531284898519516,0.3389567732810974,0.644511878490448
2RjqBRzmxaM_5,2RjqBRzmxaM,2-5s,2.0,122.0,1.0,1.0,0.0,control,0,BLOCKED,No official common QD query-memory score; stored 768-D audio/text features are not compared.,8,1,1,1,26.5,12.5,2,11,1,0,17.0,13.0,1.0,0.01995868608355522,0.1380014568567276,0.8420398831367493,1.0,0.014839936047792435,0.33981528878211975,0.6453447341918945,1.0,0.49568700790405273,0.41045063734054565,0.09386240690946579,1.0,0.27370476722717285,0.5989977717399597,0.12729747593402863
2a6GNu6uCDE_3,2a6GNu6uCDE,2-5s,3.0,299.0,1.0,0.9,0.09999999999999998,control,0,BLOCKED,No official common QD query-memory score; stored 768-D audio/text features are not compared.,1,3,1,1,178.0,3.3333333333333335,1,2,1,1,179.5,3.0,1.0,0.0321238711476326,0.0013996300986036658,0.966476559638977,1.0,0.0707223117351532,0.010170596651732922,0.9191070795059204,1.0,0.04004606604576111,0.005743475630879402,0.9542104601860046,1.0,0.08674083650112152,0.03575673699378967,0.87750244140625
3RultJjvTWI_2,3RultJjvTWI,0-2s,1.0,299.0,0.0,0.1,-0.1,harmful,1,BLOCKED,No official common QD query-memory score; stored 768-D audio/text features are not compared.,11,1,0,1,8.0,10.0,11,11,0,0,11.0,14.0,0.9999998807907104,0.007063433527946472,0.1922098696231842,0.8007266521453857,1.0,0.004595012869685888,0.31908878684043884,0.6763162016868591,1.0,0.03271802142262459,0.2650699317455292,0.7022120356559753,1.0,0.00738802133128047,0.3974631726741791,0.5951488614082336
3VHpLxtd498_1,3VHpLxtd498,0-2s,1.0,242.0,0.0,0.0,0.0,control,1,BLOCKED,No official common QD query-memory score; stored 768-D audio/text features are not compared.,11,11,0,0,146.0,14.0,11,11,0,0,195.0,32.0,1.0,0.04048081487417221,0.0016910381382331252,0.957828164100647,0.9999999403953552,0.004928074777126312,0.0498153418302536,0.9452565908432007,0.9999999403953552,0.06430762261152267,0.0024889346677809954,0.9332034587860107,0.9999999403953552,0.016039976850152016,0.01701309345662594,0.9669468998908997
3VHpLxtd498_3,3VHpLxtd498,0-2s,1.0,242.0,0.0,0.3,-0.3,harmful,1,BLOCKED,No official common QD query-memory score; stored 768-D audio/text features are not compared.,11,2,0,1,143.0,12.0,11,11,0,0,102.5,11.0,0.9999999403953552,7.265135081979679e-06,2.548460088291904e-06,0.9999901652336121,0.9999999403953552,0.010859404690563679,0.037559278309345245,0.9515812993049622,1.0,0.0004493725427892059,4.378486846690066e-05,0.9995068311691284,1.0,0.029974941164255142,0.039068661630153656,0.9309563636779785
3VHpLxtd498_4,3VHpLxtd498,2-5s,3.0,242.0,0.0,0.6,-0.6,harmful,0,BLOCKED,No official common QD query-memory score; stored 768-D audio/text features are not compared.,11,11,0,0,142.0,5.333333333333333,10,11,1,0,142.0,4.666666666666667,1.0,0.0028118728660047054,9.026017323776614e-06,0.9971790909767151,1.0,0.02397756651043892,0.040205445140600204,0.9358169436454773,1.0,0.048236798495054245,0.00015025417087599635,0.9516128897666931,1.0,0.08974537998437881,0.04231485351920128,0.8679397702217102
3qTL7QRk-tg_4,3qTL7QRk-tg,2-5s,3.0,189.0,1.0,1.0,0.0,control,0,BLOCKED,No official common QD query-memory score; stored 768-D audio/text features are not compared.,1,11,2,0,118.0,3.3333333333333335,1,11,2,0,118.0,3.3333333333333335,1.0,0.014496085233986378,0.006711096037179232,0.9787928462028503,1.0,0.03538941591978073,0.1220843642950058,0.8425261974334717,1.0000001192092896,0.11872278898954391,0.04103490710258484,0.8402423858642578,1.0,0.1927315592765808,0.2115563154220581,0.5957121253013611
3rna9zo5ZOs_2,3rna9zo5ZOs,2-5s,3.0,68.0,1.0,1.0,0.0,control,0,BLOCKED,No official common QD query-memory score; stored 768-D audio/text features are not compared.,1,5,6,1,54.0,0.6666666666666666,2,4,4,1,57.5,1.0,1.0,0.17954833805561066,0.14538294076919556,0.6750686764717102,1.0,0.16226831078529358,0.2012404501438141,0.6364912986755371,1.0,0.2520650029182434,0.2520137131214142,0.4959212839603424,1.0,0.2737364172935486,0.08811166882514954,0.6381519436836243
3xDZ-kdGE3o_2,3xDZ-kdGE3o,2-5s,3.0,65.0,1.0,1.0,0.0,control,0,BLOCKED,No official common QD query-memory score; stored 768-D audio/text features are not compared.,1,4,5,1,16.0,0.6666666666666666,2,4,4,1,18.5,1.0,1.0,0.12714892625808716,0.014022277668118477,0.8588287830352783,1.0,0.21626828610897064,0.09247761964797974,0.6912541389465332,1.0,0.5090359449386597,0.07480762898921967,0.4161564111709595,1.0,0.3756358027458191,0.17882902920246124,0.44553518295288086
473wBEwC35M_1,473wBEwC35M,2-5s,2.0,300.0,0.0,0.3,-0.3,harmful,1,BLOCKED,No official common QD query-memory score; stored 768-D audio/text features are not compared.,9,11,1,0,88.5,7.5,11,11,0,0,275.0,15.0,1.0,0.006424413528293371,0.008043043315410614,0.9855325222015381,1.0,0.009310141205787659,0.024775760248303413,0.9659141302108765,0.9999999403953552,0.08478139340877533,0.02684534341096878,0.8883732557296753,1.0,0.11456058919429779,0.03430422022938728,0.8511351943016052
4CAMv5nlr-0_1,4CAMv5nlr-0,2-5s,3.0,113.0,1.0,1.0,0.0,control,0,BLOCKED,No official common QD query-memory score; stored 768-D audio/text features are not compared.,4,1,2,1,50.5,1.6666666666666667,2,11,2,0,51.5,0.3333333333333333,1.0,0.1656167060136795,0.1892116665840149,0.645171582698822,1.0,0.09964291751384735,0.4011175036430359,0.49923956394195557,1.0,0.42895960807800293,0.3781210780143738,0.19291934370994568,1.0,0.39267823100090027,0.5264759659767151,0.08084578812122345
4CAMv5nlr-0_2,4CAMv5nlr-0,2-5s,3.0,113.0,1.0,1.0,0.0,control,0,BLOCKED,No official common QD query-memory score; stored 768-D audio/text features are not compared.,4,5,3,1,51.5,1.0,4,11,2,0,18.0,0.6666666666666666,1.0,0.10555173456668854,0.027195703238248825,0.8672525882720947,1.0,0.11143283545970917,0.08894112706184387,0.7996260523796082,1.0,0.22176936268806458,0.23719577491283417,0.5410348176956177,0.9999999403953552,0.21911828219890594,0.33374297618865967,0.4471386969089508
4IeDBwyQ9ZQ_4,4IeDBwyQ9ZQ,2-5s,3.0,300.0,1.0,0.9,0.09999999999999998,control,0,BLOCKED,No official common QD query-memory score; stored 768-D audio/text features are not compared.,2,4,1,1,259.5,3.0,1,11,2,0,269.5,3.6666666666666665,1.0,0.11122511327266693,0.015541063621640205,0.8732338547706604,1.0,0.2728196084499359,0.0009219983476214111,0.726258397102356,1.0,0.20545390248298645,0.026171043515205383,0.7683750987052917,1.0,0.30268076062202454,0.0008271849947050214,0.696492075920105
4UPOUGVMlEs_3,4UPOUGVMlEs,2-5s,2.0,84.0,0.0,0.9,-0.9,harmful,0,BLOCKED,No official common QD query-memory score; stored 768-D audio/text features are not compared.,3,1,1,1,43.5,1.5,11,6,0,1,38.0,1.0,1.0,0.009703453630208969,0.09946972876787186,0.8908268213272095,1.0,0.004482541233301163,0.2323121279478073,0.7632054090499878,1.0,0.02809387817978859,0.17590202391147614,0.7960041165351868,1.0,0.0009597087046131492,0.33240798115730286,0.6666322946548462
4_DjmCg8Ra8_1,4_DjmCg8Ra8,0-2s,1.0,196.0,0.0,0.0,0.0,control,1,BLOCKED,No official common QD query-memory score; stored 768-D audio/text features are not compared.,11,11,0,0,166.0,8.0,11,7,0,1,165.5,3.0,1.0,0.0026053618639707565,0.004668555688112974,0.9927260875701904,1.0,0.002242183778434992,0.017561664804816246,0.9801961183547974,1.0,0.011922060512006283,0.10283689945936203,0.8852410316467285,1.0,0.0016135647892951965,0.026837952435016632,0.9715484976768494
4ftDFi4684Y_1,4ftDFi4684Y,2-5s,2.0,115.0,1.0,0.6,0.4,control,1,BLOCKED,No official common QD query-memory score; stored 768-D audio/text features are not compared.,11,11,0,0,60.0,3.0,10,11,1,0,26.0,4.0,1.0,0.02253461442887783,0.04665423184633255,0.9308111071586609,1.0,0.004523630253970623,0.020272832363843918,0.9752035140991211,1.0,0.05207947641611099,0.1436852365732193,0.8042353391647339,1.0,0.0017216489650309086,0.0167106781154871,0.9815676212310791
4fz0-Kx2oNs_1,4fz0-Kx2oNs,2-5s,4.0,300.0,0.0,0.0,0.0,control,1,BLOCKED,No official common QD query-memory score; stored 768-D audio/text features are not compared.,11,1,0,1,10.0,3.0,11,11,0,0,15.5,7.75,0.9999999403953552,0.07955974340438843,0.14994190633296967,0.7704982757568359,1.0000001192092896,0.24032455682754517,0.1910112053155899,0.5686641931533813,1.0,0.11158977448940277,0.1942550539970398,0.694155216217041,1.0,0.14274698495864868,0.2440408617258072,0.6132121682167053
4fz0-Kx2oNs_3,4fz0-Kx2oNs,2-5s,2.0,300.0,1.0,1.0,0.0,control,0,BLOCKED,No official common QD query-memory score; stored 768-D audio/text features are not compared.,10,11,1,0,9.5,7.5,2,11,2,0,9.5,8.5,1.0,0.038600239902734756,0.2740161716938019,0.6873836517333984,0.9999999403953552,0.04116023704409599,0.2980993688106537,0.6607403755187988,0.9999999403953552,0.27956920862197876,0.30435600876808167,0.4160747826099396,1.0,0.2924825847148895,0.3783732056617737,0.3291442096233368
52IxrdTxGs4_2,52IxrdTxGs4,0-2s,1.0,213.0,0.0,0.9,-0.9,harmful,0,BLOCKED,No official common QD query-memory score; stored 768-D audio/text features are not compared.,6,1,1,1,199.5,7.0,11,10,0,1,68.0,8.0,1.0,0.00352655746974051,0.11919699609279633,0.8772764205932617,1.0,0.0012362789129838347,0.2864948809146881,0.7122688293457031,1.0,0.059313319623470306,0.19365857541561127,0.747028112411499,1.0,0.03492848575115204,0.12953026592731476,0.8355412483215332
52IxrdTxGs4_3,52IxrdTxGs4,2-5s,2.0,213.0,1.0,0.5,0.5,control,1,BLOCKED,No official common QD query-memory score; stored 768-D audio/text features are not compared.,11,1,0,1,141.5,4.5,11,2,0,1,70.5,4.5,1.0,7.926093530841172e-05,0.0014756119344383478,0.9984451532363892,1.0,0.010459920391440392,0.07717753946781158,0.9123625755310059,1.0,0.19190675020217896,0.004014330916106701,0.8040788769721985,0.9999999403953552,0.08246409893035889,0.12247838079929352,0.795057475566864
52IxrdTxGs4_4,52IxrdTxGs4,0-2s,1.0,213.0,0.0,0.9,-0.9,harmful,0,BLOCKED,No official common QD query-memory score; stored 768-D audio/text features are not compared.,4,11,1,0,6.0,10.0,11,11,0,0,141.5,7.0,1.0000001192092896,0.0007338974974118173,0.3378640115261078,0.6614021062850952,1.0,0.008318851701915264,0.6231717467308044,0.3685093820095062,1.0,0.03963787853717804,0.395580917596817,0.5647812485694885,0.9999999403953552,0.11294720321893692,0.6327430605888367,0.2543097734451294
5G6b_QWL3nY_3,5G6b_QWL3nY,2-5s,4.0,246.0,0.0,1.0,-1.0,harmful,0,BLOCKED,No official common QD query-memory score; stored 768-D audio/text features are not compared.,6,11,1,0,207.5,2.25,11,1,0,1,206.0,3.0,0.9999999403953552,0.0017385041574016213,0.04187813401222229,0.9563833475112915,1.0,0.017474722117185593,0.11329061537981033,0.8692346811294556,0.9999999403953552,0.014462451450526714,0.1124987006187439,0.8730388283729553,1.0,0.026330063119530678,0.22884757816791534,0.7448223829269409
5G6b_QWL3nY_4,5G6b_QWL3nY,2-5s,2.0,246.0,0.0,0.0,0.0,control,1,BLOCKED,No official common QD query-memory score; stored 768-D audio/text features are not compared.,11,11,0,0,66.0,6.0,11,11,0,0,202.0,13.0,1.0,0.0010075329337269068,0.06651579588651657,0.9324766993522644,1.0,0.006493408232927322,0.12827560305595398,0.865230917930603,1.0,0.033046018332242966,0.22184120118618011,0.7451127767562866,0.9999999403953552,0.02600093185901642,0.20711562037467957,0.7668834328651428
5t6tSW0yT40_4,5t6tSW0yT40,0-2s,1.0,299.0,1.0,0.3,0.7,control,1,BLOCKED,No official common QD query-memory score; stored 768-D audio/text features are not compared.,11,11,0,0,30.0,14.0,11,11,0,0,29.0,16.0,1.0,0.008216353133320808,0.18454325199127197,0.8072404265403748,1.0,0.001232700888067484,0.1715134233236313,0.8272539377212524,0.9999999403953552,0.033018842339515686,0.22518278658390045,0.7417983412742615,1.0,0.005433982238173485,0.29302340745925903,0.7015426158905029
67BsqRkh-dU_2,67BsqRkh-dU,2-5s,4.0,62.0,1.0,0.7,0.30000000000000004,control,0,BLOCKED,No official common QD query-memory score; stored 768-D audio/text features are not compared.,6,1,1,3,4.5,2.25,4,1,1,1,5.0,2.5,1.0,0.004177344497293234,0.3698936700820923,0.6259289383888245,1.0,0.029007576406002045,0.7149792313575745,0.25601327419281006,1.0,0.26805540919303894,0.6665340065956116,0.06541061401367188,1.0,0.19460946321487427,0.7481366991996765,0.05725378170609474
6Nvu6EcpdE8_2,6Nvu6EcpdE8,0-2s,1.0,211.0,0.0,0.4,-0.4,harmful,0,BLOCKED,No official common QD query-memory score; stored 768-D audio/text features are not compared.,1,11,1,0,44.0,4.0,11,4,0,1,175.5,13.0,1.0,0.02937905862927437,0.01861550658941269,0.9520054459571838,1.0,0.20137961208820343,0.06631927192211151,0.7323011159896851,1.0,0.041000474244356155,0.023039719089865685,0.9359598159790039,1.0,0.1533285230398178,0.07421953976154327,0.7724519968032837
6Nvu6EcpdE8_3,6Nvu6EcpdE8,0-2s,1.0,211.0,0.0,0.3,-0.3,harmful,1,BLOCKED,No official common QD query-memory score; stored 768-D audio/text features are not compared.,11,5,0,1,114.0,12.0,11,6,0,1,113.0,12.0,1.0,0.005181227345019579,0.0024466856848448515,0.9923721551895142,1.0,0.007859906181693077,0.014862000942230225,0.9772781133651733,1.0,0.04271041229367256,0.006616039201617241,0.950673520565033,1.0000001192092896,0.11561466753482819,0.03275168687105179,0.8516336679458618
6OlHuvJR_Dk_1,6OlHuvJR_Dk,2-5s,4.0,148.0,1.0,1.0,0.0,control,0,BLOCKED,No official common QD query-memory score; stored 768-D audio/text features are not compared.,1,5,3,1,133.0,1.0,1,7,3,1,132.5,1.25,0.9999999403953552,0.25141966342926025,0.03732160106301308,0.7112587690353394,0.9999999403953552,0.34695208072662354,0.0007146436255425215,0.6523332595825195,0.9999999403953552,0.2859145998954773,0.04423515126109123,0.6698501706123352,1.0,0.3515784740447998,0.00022891485423315316,0.6481925845146179
6ZwYgzcN6Is_2,6ZwYgzcN6Is,2-5s,3.0,97.0,1.0,1.0,0.0,control,0,BLOCKED,No official common QD query-memory score; stored 768-D audio/text features are not compared.,1,11,4,0,69.5,1.0,2,1,5,1,43.0,1.3333333333333333,0.9999999403953552,0.15886430442333221,0.0008068860042840242,0.8403288125991821,1.0,0.17974941432476044,0.00967718567699194,0.810573399066925,1.0,0.23133350908756256,0.0019758387934416533,0.7666906118392944,1.0000001192092896,0.19974547624588013,0.01893973909318447,0.7813148498535156
6pssFJ0m-kU_3,6pssFJ0m-kU,2-5s,4.0,140.0,1.0,0.9,0.09999999999999998,control,0,BLOCKED,No official common QD query-memory score; stored 768-D audio/text features are not compared.,3,2,1,1,10.5,2.25,5,11,1,0,31.5,3.25,1.0,0.13371394574642181,0.06547564268112183,0.8008103966712952,1.0,0.02208453044295311,0.12771114706993103,0.8502042889595032,1.0,0.4315618872642517,0.07322252541780472,0.4952155649662018,1.0,0.09665698558092117,0.1747717559337616,0.7285712361335754
7JWHbs3gu1w_1,7JWHbs3gu1w,2-5s,2.0,296.0,0.0,0.6,-0.6,harmful,1,BLOCKED,No official common QD query-memory score; stored 768-D audio/text features are not compared.,11,11,0,0,268.5,6.5,11,11,0,0,96.5,5.5,0.9999999403953552,0.009940551593899727,0.13219398260116577,0.8578655123710632,1.0,0.006240196991711855,0.33446991443634033,0.6592899560928345,0.9999999403953552,0.03596863895654678,0.24585312604904175,0.7181781530380249,1.0,0.11952410638332367,0.3398790657520294,0.5405968427658081
7JWHbs3gu1w_2,7JWHbs3gu1w,2-5s,2.0,296.0,1.0,1.0,0.0,control,0,BLOCKED,No official common QD query-memory score; stored 768-D audio/text features are not compared.,5,4,1,1,266.5,3.5,1,11,1,0,183.5,3.5,1.0,0.002545212861150503,0.145996555685997,0.8514581918716431,1.0,1.9548990167095326e-05,0.2246423214673996,0.7753381729125977,1.0,0.0036824136041104794,0.23842129111289978,0.7578962445259094,1.0,0.019099310040473938,0.23534950613975525,0.7455511093139648
7P0N61TVOxE_3,7P0N61TVOxE,2-5s,2.0,299.0,0.0,0.3,-0.3,harmful,1,BLOCKED,No official common QD query-memory score; stored 768-D audio/text features are not compared.,11,11,0,0,58.5,6.5,11,11,0,0,131.5,9.5,0.9999999403953552,0.004020547494292259,0.05827758461236954,0.9377018809318542,1.0,0.0020571411587297916,0.1966816633939743,0.801261305809021,1.0,0.22665049135684967,0.17377404868602753,0.599575400352478,1.0,0.12406766414642334,0.3333079516887665,0.5426244139671326
7P6lcyeDKNI_1,7P6lcyeDKNI,2-5s,2.0,98.0,0.0,0.3,-0.3,harmful,1,BLOCKED,No official common QD query-memory score; stored 768-D audio/text features are not compared.,11,2,0,1,68.5,4.5,11,2,0,1,72.0,8.0,1.0,0.010546533390879631,0.0028604597318917513,0.9865929484367371,1.0,0.005496217869222164,0.007259035017341375,0.987244725227356,1.0,0.08327040076255798,0.03006189875304699,0.8866677284240723,1.0,0.0073690349236130714,0.022005533799529076,0.9706254601478577
7XXSOzDQ2z0_2,7XXSOzDQ2z0,2-5s,4.0,297.0,0.0,0.0,0.0,control,1,BLOCKED,No official common QD query-memory score; stored 768-D audio/text features are not compared.,11,11,0,0,93.0,7.0,11,11,0,0,186.0,5.5,1.0,0.018295636400580406,0.052859190851449966,0.928845226764679,0.9999999403953552,0.03279150277376175,0.1372004896402359,0.8300079703330994,1.0,0.08230137079954147,0.16779431700706482,0.7499043345451355,1.0,0.09829550981521606,0.1534426063299179,0.7482619285583496
7XXSOzDQ2z0_3,7XXSOzDQ2z0,2-5s,4.0,297.0,0.0,0.1,-0.1,harmful,1,BLOCKED,No official common QD query-memory score; stored 768-D audio/text features are not compared.,11,11,0,0,142.5,2.75,11,11,0,0,144.0,3.5,1.0,0.02138959802687168,0.02509469911456108,0.9535157680511475,0.9999998807907104,0.07770761102437973,0.004914945922791958,0.9173773527145386,1.0,0.044479914009571075,0.06349284946918488,0.8920271992683411,1.0,0.11424294114112854,0.025604065507650375,0.8601529598236084
7bO0AJI-ihs_1,7bO0AJI-ihs,2-5s,3.0,65.0,1.0,1.0,0.0,control,0,BLOCKED,No official common QD query-memory score; stored 768-D audio/text features are not compared.,5,1,3,2,25.5,1.6666666666666667,6,1,1,2,28.5,0.3333333333333333,1.0,0.12929457426071167,0.060524433851242065,0.8101810216903687,1.0,0.13128501176834106,0.2676555812358856,0.6010594367980957,1.0,0.4111139476299286,0.22922389209270477,0.35966217517852783,1.0,0.36694231629371643,0.24549128115177155,0.3875664174556732
7bO0AJI-ihs_2,7bO0AJI-ihs,2-5s,4.0,65.0,1.0,1.0,0.0,control,0,BLOCKED,No official common QD query-memory score; stored 768-D audio/text features are not compared.,1,4,2,2,32.5,1.25,5,3,1,1,38.5,0.25,1.0,0.07642047107219696,0.05593537911772728,0.867644190788269,1.0,0.17456260323524475,0.17155644297599792,0.6538809537887573,1.0,0.17691868543624878,0.4088171422481537,0.41426417231559753,1.0,0.23904679715633392,0.48728540539741516,0.2736678123474121
7upINC4seBw_1,7upINC4seBw,2-5s,3.0,182.0,1.0,1.0,0.0,control,0,BLOCKED,No official common QD query-memory score; stored 768-D audio/text features are not compared.,2,11,2,0,61.0,2.0,3,1,1,1,63.5,2.3333333333333335,1.0,0.0744786486029625,0.008335060440003872,0.9171863794326782,1.0,0.0736839696764946,0.07078985124826431,0.8555262684822083,1.0,0.4839824438095093,0.014260463416576385,0.5017570853233337,1.0000001192092896,0.24289299547672272,0.08916482329368591,0.6679421663284302
83j4GgHXTLE_1,83j4GgHXTLE,2-5s,3.0,220.0,0.0,0.3,-0.3,harmful,0,BLOCKED,No official common QD query-memory score; stored 768-D audio/text features are not compared.,10,1,1,1,92.5,3.0,11,2,0,1,83.0,4.0,1.0,0.0006398471305146813,0.021042736247181892,0.978317379951477,1.0,0.00013069662963971496,0.10526588559150696,0.894603431224823,1.0,0.046817392110824585,0.04046347364783287,0.9127190709114075,1.0,0.004956675693392754,0.1699438989162445,0.8250994086265564
8OTd45_6cvY_2,8OTd45_6cvY,2-5s,2.0,299.0,1.0,0.6,0.4,control,0,BLOCKED,No official common QD query-memory score; stored 768-D audio/text features are not compared.,2,11,1,0,14.0,4.0,6,11,1,0,12.5,7.5,1.0,0.027193423360586166,0.1121533140540123,0.860653281211853,0.9999999403953552,0.014960608445107937,0.034579552710056305,0.9504597783088684,1.0,0.07101525366306305,0.13595837354660034,0.7930263876914978,1.0,0.03739803284406662,0.08231201767921448,0.8802899718284607
8OTd45_6cvY_4,8OTd45_6cvY,2-5s,4.0,299.0,1.0,0.9,0.09999999999999998,control,0,BLOCKED,No official common QD query-memory score; stored 768-D audio/text features are not compared.,6,11,1,0,216.0,2.5,3,11,1,0,216.0,1.0,1.0,0.04432931914925575,0.0054845320992171764,0.9501861333847046,1.0,0.02095440775156021,0.009336177259683609,0.9697093963623047,0.9999999403953552,0.08124963194131851,0.0069578867405653,0.911792516708374,1.0,0.0077623710967600346,0.03219689428806305,0.9600407481193542
8b9z7N25DmU_1,8b9z7N25DmU,2-5s,2.0,268.0,1.0,0.9,0.09999999999999998,control,0,BLOCKED,No official common QD query-memory score; stored 768-D audio/text features are not compared.,2,11,1,0,125.0,9.0,11,11,0,0,207.0,28.0,1.0,0.031262606382369995,0.007968150079250336,0.9607692360877991,1.0,0.06633438169956207,0.05998342111706734,0.8736822009086609,0.9999999403953552,0.27355626225471497,0.07007422298192978,0.6563695073127747,0.9999999403953552,0.29580429196357727,0.0969896987080574,0.6072059869766235
8o-Y4QP8LWs_2,8o-Y4QP8LWs,2-5s,4.0,300.0,0.0,0.3,-0.3,harmful,1,BLOCKED,No official common QD query-memory score; stored 768-D audio/text features are not compared.,11,11,0,0,55.0,3.0,11,11,0,0,65.5,8.75,1.0,0.02135109342634678,0.036511559039354324,0.9421373605728149,0.9999999403953552,0.07523876428604126,0.14773468673229218,0.7770265340805054,1.0,0.05227696895599365,0.07585947960615158,0.8718634843826294,0.9999998807907104,0.07072436064481735,0.08165143430233002,0.8476241827011108
8ycflE3dIHw_2,8ycflE3dIHw,2-5s,2.0,299.0,1.0,0.8,0.19999999999999996,control,0,BLOCKED,No official common QD query-memory score; stored 768-D audio/text features are not compared.,1,11,1,0,166.5,2.5,2,11,1,0,176.5,2.5,1.0,0.09370219707489014,0.13215701282024384,0.7741408348083496,0.9999999403953552,0.21600933372974396,0.05384756997227669,0.7301430702209473,1.0,0.11880025267601013,0.21142475306987762,0.6697750091552734,1.0,0.4059239625930786,0.04112889617681503,0.5529471635818481
9F3sutgYTvo_1,9F3sutgYTvo,2-5s,4.0,69.0,1.0,1.0,0.0,control,0,BLOCKED,No official common QD query-memory score; stored 768-D audio/text features are not compared.,1,11,5,0,5.5,1.75,1,11,3,0,35.5,1.25,1.0,0.23512768745422363,0.11836261302232742,0.6465097069740295,0.9999999403953552,0.28867948055267334,0.15266120433807373,0.5586593151092529,1.0,0.5823186039924622,0.1320454180240631,0.28563597798347473,1.0,0.382367879152298,0.141159325838089,0.47647279500961304
9F3sutgYTvo_2,9F3sutgYTvo,2-5s,2.0,69.0,0.0,0.8,-0.8,harmful,0,BLOCKED,No official common QD query-memory score; stored 768-D audio/text features are not compared.,4,3,1,1,39.0,3.0,11,4,0,1,40.5,3.5,1.0,0.008720993995666504,0.0019684089347720146,0.989310622215271,1.0,0.018577326089143753,0.1681107133626938,0.8133119940757751,1.0,0.1635814607143402,0.01002789568156004,0.8263906240463257,1.0,0.19133177399635315,0.20633557438850403,0.602332592010498
9dLLsZVRSZI_1,9dLLsZVRSZI,0-2s,1.0,225.0,0.0,1.0,-1.0,harmful,0,BLOCKED,No official common QD query-memory score; stored 768-D audio/text features are not compared.,1,1,2,2,119.0,4.0,11,11,0,0,111.5,13.0,1.0,0.09464292228221893,0.02340739034116268,0.8819496631622314,1.0,0.11034540832042694,0.026927119120955467,0.8627274632453918,1.0,0.17681366205215454,0.07780521363019943,0.7453811168670654,1.0,0.22186928987503052,0.10001207888126373,0.6781185865402222
9ucb5HYO8ps_2,9ucb5HYO8ps,2-5s,2.0,238.0,0.0,1.0,-1.0,harmful,0,BLOCKED,No official common QD query-memory score; stored 768-D audio/text features are not compared.,5,11,2,0,16.0,5.0,11,11,0,0,15.5,4.5,1.0,0.03722009062767029,0.309305876493454,0.653473973274231,0.9999999403953552,0.0178615003824234,0.363665372133255,0.6184730529785156,0.9999998807907104,0.4811471700668335,0.4112365245819092,0.10761620849370956,1.0,0.19905556738376617,0.3684024214744568,0.43254202604293823
9vZDsGjyh5M_1,9vZDsGjyh5M,2-5s,2.0,117.0,0.0,0.9,-0.9,harmful,0,BLOCKED,No official common QD query-memory score; stored 768-D audio/text features are not compared.,1,11,2,0,80.5,1.5,11,3,0,1,61.0,1.0,1.0,0.1150059700012207,0.004217262379825115,0.8807768225669861,0.9999999403953552,0.1366707682609558,0.005591210909187794,0.8577380180358887,1.0,0.221828892827034,0.02954592928290367,0.7486251592636108,1.0,0.05697561055421829,0.018107926473021507,0.9249164462089539
9z2OwpftxUE_2,9z2OwpftxUE,2-5s,2.0,208.0,0.0,0.5,-0.5,harmful,1,BLOCKED,No official common QD query-memory score; stored 768-D audio/text features are not compared.,11,1,0,1,10.5,8.5,11,1,0,1,10.0,9.0,1.0,0.015275835990905762,0.09556464105844498,0.8891595602035522,1.0,0.008303958922624588,0.038148775696754456,0.9535472989082336,0.9999999403953552,0.3738028407096863,0.14741286635398865,0.4787842631340027,1.0,0.08366452157497406,0.09944066405296326,0.8168947696685791
A61Mry8zBwE_1,A61Mry8zBwE,0-2s,1.0,132.0,0.0,0.0,0.0,control,1,BLOCKED,No official common QD query-memory score; stored 768-D audio/text features are not compared.,11,1,0,1,3.0,4.0,11,7,0,1,40.0,10.0,1.0,0.0007105057593435049,0.22921308875083923,0.7700764536857605,1.0,0.00032663499587215483,0.4920339286327362,0.507639467716217,1.0,0.006282771937549114,0.2838367521762848,0.7098804712295532,1.0,0.00213113846257329,0.5015931725502014,0.49627572298049927
AI1OweEW8C0_1,AI1OweEW8C0,2-5s,2.0,205.0,1.0,0.1,0.9,control,1,BLOCKED,No official common QD query-memory score; stored 768-D audio/text features are not compared.,11,11,0,0,39.5,10.5,1,2,1,1,58.0,58.0,1.0,0.0022391811944544315,0.20820492506027222,0.7895559072494507,1.0000001192092896,0.009367359802126884,0.5231597423553467,0.4674728810787201,1.0,0.029926033690571785,0.6468158960342407,0.3232581615447998,1.0,0.0592256560921669,0.7675724029541016,0.1732020378112793
AI1OweEW8C0_2,AI1OweEW8C0,2-5s,2.0,205.0,0.0,0.0,0.0,control,1,BLOCKED,No official common QD query-memory score; stored 768-D audio/text features are not compared.,11,1,0,1,15.5,13.5,11,11,0,0,140.5,50.5,1.0,0.05838560312986374,0.32485324144363403,0.6167612075805664,1.0,0.002469148952513933,0.6426078677177429,0.3549230098724365,1.0,0.45037293434143066,0.46961072087287903,0.0800163596868515,1.0,0.19269782304763794,0.567692756652832,0.23960942029953003
AKHZMg9ba30_2,AKHZMg9ba30,2-5s,2.0,115.0,1.0,0.6,0.4,control,1,BLOCKED,No official common QD query-memory score; stored 768-D audio/text features are not compared.,11,1,0,2,98.0,2.0,9,2,1,1,100.5,0.5,1.0,0.01922249048948288,0.1647302657365799,0.816047191619873,0.9999999403953552,0.0003551532281562686,0.3414258658885956,0.6582189798355103,1.0,0.03418956324458122,0.2611141502857208,0.7046962976455688,1.0,7.320629435980663e-08,0.16206035017967224,0.8379395008087158
Aj_VMUSNjNM_2,Aj_VMUSNjNM,0-2s,1.0,150.0,1.0,1.0,0.0,control,0,BLOCKED,No official common QD query-memory score; stored 768-D audio/text features are not compared.,1,3,5,4,6.5,5.0,1,3,4,4,7.0,6.0,1.0,0.21946071088314056,0.032176870852708817,0.7483624815940857,1.0,0.0998896062374115,0.47122180461883545,0.42888855934143066,0.9999999403953552,0.2994256913661957,0.033649444580078125,0.6669248938560486,0.9999999403953552,0.09353497624397278,0.4653226137161255,0.4411424398422241
AtkD-3GjXMw_1,AtkD-3GjXMw,2-5s,2.0,132.0,0.0,0.9,-0.9,harmful,0,BLOCKED,No official common QD query-memory score; stored 768-D audio/text features are not compared.,1,10,1,1,1.5,1.5,11,10,0,1,4.0,4.0,1.0,0.21778883039951324,0.012805714271962643,0.7694054841995239,1.0000001192092896,0.4310872256755829,5.638964353238407e-07,0.568912148475647,1.0,0.295692503452301,0.043717965483665466,0.6605895161628723,0.9999998807907104,0.5416639447212219,0.00014186440967023373,0.45819416642189026
Axd__X2rixk_1,Axd__X2rixk,2-5s,2.0,267.0,0.0,0.2,-0.2,harmful,1,BLOCKED,No official common QD query-memory score; stored 768-D audio/text features are not compared.,11,11,0,0,16.0,4.0,11,11,0,0,21.5,7.5,1.0,0.0006516675930470228,0.2745576500892639,0.7247907519340515,0.9999999403953552,0.0066938940435647964,0.3606291115283966,0.6326770186424255,1.0,0.3663633465766907,0.4925819933414459,0.14105473458766937,1.0,0.15788856148719788,0.6792739033699036,0.1628374457359314
BA-lFjpzad4_1,BA-lFjpzad4,2-5s,4.0,64.0,1.0,1.0,0.0,control,0,BLOCKED,No official common QD query-memory score; stored 768-D audio/text features are not compared.,1,2,3,1,8.5,1.75,1,4,3,1,53.5,3.25,0.9999999403953552,0.1163865178823471,0.08845838904380798,0.7951550483703613,1.0,0.2860358953475952,0.22211940586566925,0.4918447434902191,1.0,0.6753343939781189,0.165625661611557,0.15903997421264648,1.0,0.4832875430583954,0.17433097958564758,0.34238144755363464
BA-lFjpzad4_2,BA-lFjpzad4,0-2s,1.0,64.0,0.0,1.0,-1.0,harmful,0,BLOCKED,No official common QD query-memory score; stored 768-D audio/text features are not compared.,4,11,1,0,3.0,4.0,11,3,0,1,58.0,10.0,1.0,0.0037123525980859995,0.3605976998806,0.6356899738311768,1.0,0.009624822065234184,0.6355820298194885,0.35479310154914856,0.9999999403953552,0.01121257059276104,0.5842746496200562,0.40451276302337646,1.0,0.026476120576262474,0.7799053192138672,0.19361859560012817
BA-lFjpzad4_3,BA-lFjpzad4,2-5s,3.0,64.0,1.0,1.0,0.0,control,0,BLOCKED,No official common QD query-memory score; stored 768-D audio/text features are not compared.,3,2,6,1,3.5,1.0,3,2,5,1,3.5,1.0,1.0,0.11668068170547485,0.09347012639045715,0.7898491621017456,1.0,0.08221130818128586,0.07761698216199875,0.8401716947555542,1.0,0.6199240684509277,0.1023251861333847,0.27775073051452637,1.0,0.25362324714660645,0.09493806213140488,0.6514387130737305
BA-lFjpzad4_4,BA-lFjpzad4,2-5s,2.0,64.0,1.0,1.0,0.0,control,0,BLOCKED,No official common QD query-memory score; stored 768-D audio/text features are not compared.,5,4,3,1,8.5,3.5,2,3,3,1,9.5,3.5,1.0,0.1048799455165863,0.2005699723958969,0.6945500373840332,0.9999999403953552,0.026619788259267807,0.5168143510818481,0.456565797328949,1.0,0.6438068747520447,0.308218777179718,0.047974348068237305,1.0,0.18249595165252686,0.5238401293754578,0.293663889169693
BDpU2Qh77NE_1,BDpU2Qh77NE,0-2s,1.0,248.0,0.0,0.8,-0.8,harmful,1,BLOCKED,No official common QD query-memory score; stored 768-D audio/text features are not compared.,11,11,0,0,25.5,13.0,11,11,0,0,25.5,17.0,1.0,0.15740810334682465,0.08709520846605301,0.7554967403411865,1.0,0.13714733719825745,0.14255185425281525,0.7203008532524109,1.0,0.22337237000465393,0.10367584973573685,0.6729518175125122,1.0,0.15082383155822754,0.29602062702178955,0.5531555414199829
BDpU2Qh77NE_3,BDpU2Qh77NE,2-5s,4.0,248.0,1.0,1.0,0.0,control,0,BLOCKED,No official common QD query-memory score; stored 768-D audio/text features are not compared.,3,11,1,0,31.0,4.0,1,11,2,0,81.0,3.5,1.0,0.005552256945520639,0.08505498617887497,0.909392774105072,1.0000001192092896,0.008751070126891136,0.11887755990028381,0.8723713755607605,1.0,0.08041837811470032,0.10586201399564743,0.813719630241394,0.9999999403953552,0.04194369539618492,0.1726035475730896,0.7854528427124023
BL8ksJ0sTXk_3,BL8ksJ0sTXk,0-2s,1.0,299.0,0.0,0.8,-0.8,harmful,1,BLOCKED,No official common QD query-memory score; stored 768-D audio/text features are not compared.,11,2,0,1,12.0,10.0,11,11,0,0,157.5,15.0,1.0,9.856334509095177e-05,0.00043744922732003033,0.9994640350341797,1.0,0.005695221479982138,0.020777910947799683,0.9735269546508789,1.0,0.0002654701529536396,0.0007957699126563966,0.9989387392997742,1.0,0.016480395570397377,0.054125696420669556,0.9293938875198364
BMayJId0X1s_1,BMayJId0X1s,2-5s,3.0,193.0,0.0,1.0,-1.0,harmful,0,BLOCKED,No official common QD query-memory score; stored 768-D audio/text features are not compared.,4,11,2,0,115.0,4.0,11,11,0,0,103.0,5.333333333333333,1.0,0.06330014020204544,0.0018866867758333683,0.9348131418228149,1.0,0.12258847057819366,0.004107268527150154,0.8733043074607849,1.0,0.14120346307754517,0.0050005605444312096,0.8537960052490234,1.0,0.2594156563282013,0.00640625087544322,0.7341780662536621
BUAPM4D3-h8_2,BUAPM4D3-h8,0-2s,1.0,299.0,0.0,0.0,0.0,control,1,BLOCKED,No official common QD query-memory score; stored 768-D audio/text features are not compared.,11,11,0,0,183.5,13.0,11,1,0,1,184.5,11.0,1.0,1.957893573489855e-06,0.05849437415599823,0.9415037035942078,1.0,0.00012312359467614442,0.19275866448879242,0.8071181774139404,1.0000001192092896,5.435288585431408e-06,0.0628741979598999,0.9371204376220703,1.0000001192092896,0.00011183058813912794,0.257605642080307,0.7422826290130615
Ba92IrXFvJo_1,Ba92IrXFvJo,2-5s,2.0,246.0,0.0,0.0,0.0,control,1,BLOCKED,No official common QD query-memory score; stored 768-D audio/text features are not compared.,11,11,0,0,5.5,4.5,11,11,0,0,10.5,10.5,1.0,0.13241998851299286,0.004527111072093248,0.8630528450012207,1.0,0.19505274295806885,0.07364222407341003,0.7313050031661987,1.0,0.13653229176998138,0.006423364859074354,0.8570443391799927,1.0,0.10656924545764923,0.031833842396736145,0.861596941947937
Bvw2gv1fcZw_2,Bvw2gv1fcZw,2-5s,3.0,290.0,1.0,1.0,0.0,control,0,BLOCKED,No official common QD query-memory score; stored 768-D audio/text features are not compared.,2,1,1,1,102.0,2.6666666666666665,2,1,1,1,105.5,3.0,1.0,0.021017540246248245,0.06078973412513733,0.9181927442550659,0.9999998807907104,0.00834274385124445,0.2088344395160675,0.782822847366333,1.0,0.06983453035354614,0.08033324778079987,0.8498322367668152,1.0,0.01884315349161625,0.2376178354024887,0.7435389757156372
BzHTqyX69pI_2,BzHTqyX69pI,2-5s,2.0,230.0,1.0,0.0,1.0,control,1,BLOCKED,No official common QD query-memory score; stored 768-D audio/text features are not compared.,11,11,0,0,90.0,6.0,9,11,1,0,78.0,6.0,1.0,0.00325195025652647,0.029443364590406418,0.9673047065734863,1.0,0.000980252749286592,0.0949019119143486,0.9041178226470947,1.0,0.10007074475288391,0.051535606384277344,0.8483936190605164,1.0,0.03658667206764221,0.1252450793981552,0.838168203830719
C5kmOK_l4jc_1,C5kmOK_l4jc,0-2s,1.0,79.0,1.0,0.7,0.30000000000000004,control,0,BLOCKED,No official common QD query-memory score; stored 768-D audio/text features are not compared.,3,11,1,0,25.0,4.0,5,11,1,0,26.0,6.0,1.0,0.004168416373431683,0.0036352272145450115,0.9921963810920715,1.0,0.00993033405393362,0.03150708228349686,0.9585624933242798,1.0,0.04033304750919342,0.02061404474079609,0.939052939414978,1.0,0.024286508560180664,0.05740981549024582,0.9183036684989929
C8kR19NvynA_1,C8kR19NvynA,2-5s,4.0,299.0,1.0,1.0,0.0,control,0,BLOCKED,No official common QD query-memory score; stored 768-D audio/text features are not compared.,5,11,1,0,12.5,1.75,1,5,2,1,68.5,1.75,1.0,0.37649500370025635,0.05611615628004074,0.5673888325691223,1.0,0.31548771262168884,0.0815674215555191,0.6029448509216309,1.0,0.6671363711357117,0.10443858802318573,0.2284250557422638,1.0,0.5101755857467651,0.10232099890708923,0.387503445148468
CO6-i8NLbeo_1,CO6-i8NLbeo,2-5s,4.0,187.0,0.0,0.1,-0.1,harmful,0,BLOCKED,No official common QD query-memory score; stored 768-D audio/text features are not compared.,9,1,1,1,6.5,2.75,11,11,0,0,7.5,2.75,1.0,0.040262117981910706,0.23462633788585663,0.7251116037368774,0.9999999403953552,0.06508488953113556,0.44814902544021606,0.48676609992980957,0.9999999403953552,0.30579274892807007,0.2646010220050812,0.42960619926452637,1.0,0.14174491167068481,0.45463359355926514,0.40362149477005005
CO6-i8NLbeo_2,CO6-i8NLbeo,2-5s,3.0,187.0,1.0,1.0,0.0,control,0,BLOCKED,No official common QD query-memory score; stored 768-D audio/text features are not compared.,1,11,3,0,74.5,1.6666666666666667,1,4,4,1,75.0,2.0,1.0,0.16518905758857727,0.0046303789131343365,0.8301805257797241,0.9999999403953552,0.2724233567714691,0.03677859529852867,0.6907980442047119,1.0,0.33209532499313354,0.005682703573256731,0.6622220277786255,1.0,0.39570528268814087,0.04417106509208679,0.56012362241745
Cbe2B6ohBpw_1,Cbe2B6ohBpw,2-5s,3.0,60.0,1.0,1.0,0.0,control,0,BLOCKED,No official common QD query-memory score; stored 768-D audio/text features are not compared.,1,1,1,1,2.0,1.3333333333333333,1,11,1,0,3.0,2.0,1.0,0.23560194671154022,0.012934678234159946,0.7514634132385254,1.0,0.2835298478603363,0.27214184403419495,0.44432830810546875,1.0,0.24170012772083282,0.016909364610910416,0.7413905262947083,1.0,0.33025360107421875,0.19628939032554626,0.4734570384025574
Cbe2B6ohBpw_2,Cbe2B6ohBpw,2-5s,2.0,60.0,1.0,0.8,0.19999999999999996,control,0,BLOCKED,No official common QD query-memory score; stored 768-D audio/text features are not compared.,5,3,1,1,3.5,1.5,7,1,1,1,13.0,1.0,1.0,0.006421699188649654,0.002996145747601986,0.9905821681022644,1.0,0.025582600384950638,0.014673731289803982,0.9597437381744385,1.0,0.14954954385757446,0.0042562466114759445,0.8461942076683044,0.9999999403953552,0.0872744619846344,0.039009492844343185,0.8737160563468933
CefFMA3klxk_1,CefFMA3klxk,0-2s,1.0,299.0,0.0,0.1,-0.1,harmful,1,BLOCKED,No official common QD query-memory score; stored 768-D audio/text features are not compared.,11,5,0,1,123.0,10.0,11,11,0,0,130.0,10.0,1.0,0.016525067389011383,0.14729908108711243,0.8361758589744568,1.0,0.009099230170249939,0.09195205569267273,0.8989486694335938,1.0,0.0686815157532692,0.2940721809864044,0.637246310710907,1.0,0.024118509143590927,0.20280054211616516,0.7730809450149536
CefFMA3klxk_3,CefFMA3klxk,2-5s,2.0,299.0,0.0,0.8,-0.8,harmful,1,BLOCKED,No official common QD query-memory score; stored 768-D audio/text features are not compared.,5,11,1,0,114.0,6.0,11,1,0,2,121.0,8.0,1.0,0.00445916224271059,0.12243884056806564,0.8731020092964172,1.0,0.006542596034705639,0.4244765341281891,0.5689809322357178,1.0,0.07396741956472397,0.23652184009552002,0.689510703086853,0.9999998807907104,0.031431056559085846,0.7039434909820557,0.26462531089782715
CvNAwby6Xos_1,CvNAwby6Xos,2-5s,4.0,299.0,0.0,0.9,-0.9,harmful,1,BLOCKED,No official common QD query-memory score; stored 768-D audio/text features are not compared.,11,11,0,0,63.0,2.0,11,11,0,0,65.5,2.25,1.0,0.11068018525838852,0.008741132915019989,0.8805786967277527,1.0,0.17998795211315155,0.10718884319067001,0.712823212146759,1.0,0.326752245426178,0.01690322905778885,0.6563445329666138,1.0,0.22606916725635529,0.14147794246673584,0.6324529051780701
D2Xc_jZllDY_2,D2Xc_jZllDY,2-5s,2.0,299.0,1.0,0.9,0.09999999999999998,control,0,BLOCKED,No official common QD query-memory score; stored 768-D audio/text features are not compared.,1,11,4,0,152.0,4.0,2,1,3,1,56.5,3.5,1.0,0.09444170445203781,0.0012971176765859127,0.9042611718177795,1.0,0.20447026193141937,0.0017557615647092462,0.7937740087509155,0.9999999403953552,0.18470969796180725,0.008744052611291409,0.8065462112426758,1.0,0.3103176951408386,0.009600789286196232,0.6800816059112549
Dc2WEiRk0rA_2,Dc2WEiRk0rA,2-5s,3.0,73.0,1.0,1.0,0.0,control,0,BLOCKED,No official common QD query-memory score; stored 768-D audio/text features are not compared.,6,11,1,0,3.0,1.3333333333333333,8,9,1,1,2.5,1.0,1.0,0.045567288994789124,0.3599680960178375,0.5944646596908569,0.9999999403953552,6.415396637748927e-05,0.626430332660675,0.37350553274154663,1.0000001192092896,0.36865127086639404,0.3928796052932739,0.23846910893917084,1.0,0.004651850555092096,0.6473405957221985,0.34800755977630615
DjKGzOe_COc_1,DjKGzOe_COc,2-5s,3.0,113.0,1.0,0.1,0.9,control,1,BLOCKED,No official common QD query-memory score; stored 768-D audio/text features are not compared.,11,4,0,1,95.0,6.666666666666667,10,4,1,1,99.5,9.0,1.0,0.1938876062631607,0.005980021320283413,0.8001323938369751,1.0,0.1020183339715004,0.000909219088498503,0.897072434425354,1.0,0.4940160810947418,0.018704839050769806,0.48727911710739136,1.0,0.24985143542289734,0.001620556111447513,0.748528003692627
Dn3buZWMzwY_1,Dn3buZWMzwY,2-5s,2.0,99.0,1.0,0.8,0.19999999999999996,control,0,BLOCKED,No official common QD query-memory score; stored 768-D audio/text features are not compared.,3,2,1,1,56.5,1.5,4,11,1,0,74.0,2.0,1.0,0.00019203244301024824,0.008272185921669006,0.9915357828140259,1.0,0.05749722197651863,0.09267283231019974,0.8498299717903137,1.0,0.002840522676706314,0.044185057282447815,0.9529744386672974,1.0,0.04296710714697838,0.11040745675563812,0.8466254472732544
Dn3buZWMzwY_2,Dn3buZWMzwY,0-2s,1.0,99.0,1.0,0.9,0.09999999999999998,control,0,BLOCKED,No official common QD query-memory score; stored 768-D audio/text features are not compared.,2,3,1,1,91.0,6.0,2,11,1,0,76.5,5.0,1.0,0.016669029369950294,0.0860169380903244,0.8973140120506287,1.0,0.01348218321800232,0.11619177460670471,0.870326042175293,1.0,0.023003187030553818,0.18373820185661316,0.7932586669921875,1.0,0.04499681293964386,0.06240278482437134,0.892600417137146
Dn3buZWMzwY_3,Dn3buZWMzwY,0-2s,1.0,99.0,1.0,1.0,0.0,control,0,BLOCKED,No official common QD query-memory score; stored 768-D audio/text features are not compared.,2,2,1,1,90.5,9.0,2,11,1,0,82.5,5.0,0.9999999403953552,0.016656754538416862,0.032149896025657654,0.9511933326721191,1.0,0.026151787489652634,0.033223751932382584,0.940624475479126,1.0,0.023753587156534195,0.06301037222146988,0.9132360219955444,0.9999999403953552,0.048056118190288544,0.06773242354393005,0.8842114210128784
Dn3buZWMzwY_4,Dn3buZWMzwY,2-5s,2.0,99.0,0.0,0.8,-0.8,harmful,0,BLOCKED,No official common QD query-memory score; stored 768-D audio/text features are not compared.,1,2,1,1,27.5,8.5,11,11,0,0,77.5,14.5,1.0,0.014027876779437065,0.04951515793800354,0.9364569783210754,1.0,0.01574060507118702,0.0520983450114727,0.9321610331535339,1.0,0.05521053075790405,0.145791158080101,0.7989983558654785,1.0,0.023440908640623093,0.09188172221183777,0.8846772909164429
E3D_z0aoUEg_4,E3D_z0aoUEg,2-5s,3.0,158.0,0.0,1.0,-1.0,harmful,0,BLOCKED,No official common QD query-memory score; stored 768-D audio/text features are not compared.,3,1,1,1,153.5,1.6666666666666667,11,1,0,2,152.5,0.3333333333333333,1.0,0.09729425609111786,0.043924733996391296,0.8587810397148132,1.0,0.16975660622119904,0.15995454788208008,0.6702888607978821,1.0,0.19782257080078125,0.2881496250629425,0.5140277743339539,1.0,0.14207014441490173,0.18412499129772186,0.6738048195838928
E3Q1jfTeuWs_1,E3Q1jfTeuWs,2-5s,2.0,60.0,1.0,0.9,0.09999999999999998,control,1,BLOCKED,No official common QD query-memory score; stored 768-D audio/text features are not compared.,11,1,0,1,1.5,1.5,3,1,2,1,2.0,1.0,1.0,0.003998972475528717,0.30505073070526123,0.6909502744674683,1.0,0.02964917942881584,0.6245047450065613,0.3458460569381714,1.0,0.1992139369249344,0.4194839298725128,0.3813021183013916,0.9999999403953552,0.3151342272758484,0.6252577304840088,0.05960801988840103
E3Q1jfTeuWs_2,E3Q1jfTeuWs,2-5s,2.0,60.0,1.0,0.9,0.09999999999999998,control,0,BLOCKED,No official common QD query-memory score; stored 768-D audio/text features are not compared.,6,1,1,1,1.5,1.5,8,1,1,1,2.5,1.5,1.0000001192092896,0.009662861004471779,0.2768924832344055,0.713444709777832,0.9999999403953552,0.015353718772530556,0.6002128720283508,0.384433388710022,1.0,0.13495545089244843,0.3803666830062866,0.48467785120010376,1.0,0.18936623632907867,0.6183026432991028,0.19233115017414093
ECw5Yf7QoMo_3,ECw5Yf7QoMo,2-5s,2.0,299.0,0.0,0.1,-0.1,harmful,1,BLOCKED,No official common QD query-memory score; stored 768-D audio/text features are not compared.,11,11,0,0,5.0,5.0,11,11,0,0,7.0,6.0,1.0,9.790693002287298e-05,0.11263526976108551,0.8872668147087097,1.0,0.006787357851862907,0.14436869323253632,0.8488439321517944,1.0,0.013412988744676113,0.19723954796791077,0.7893475294113159,1.0,0.03087548539042473,0.1664895862340927,0.8026349544525146
ESjMIqrvRj4_2,ESjMIqrvRj4,2-5s,4.0,299.0,1.0,0.9,0.09999999999999998,control,0,BLOCKED,No official common QD query-memory score; stored 768-D audio/text features are not compared.,1,11,2,0,115.5,3.75,1,2,2,1,117.0,4.5,0.9999999403953552,0.06336706876754761,0.03205879032611847,0.9045741558074951,1.0,0.20107343792915344,0.0667659267783165,0.7321606874465942,1.0,0.14000454545021057,0.0448138564825058,0.8151816129684448,0.9999999403953552,0.14184385538101196,0.04626131430268288,0.8118947744369507
ESjMIqrvRj4_5,ESjMIqrvRj4,0-2s,1.0,299.0,1.0,0.5,0.5,control,0,BLOCKED,No official common QD query-memory score; stored 768-D audio/text features are not compared.,4,11,1,0,156.0,12.0,5,11,1,0,143.5,1.0,1.0,0.007384533528238535,0.04512390121817589,0.9474915266036987,1.0,0.002793604042381048,0.09001258760690689,0.9071937799453735,1.0,0.03481753170490265,0.1070721298456192,0.8581103086471558,1.0,0.005686987191438675,0.11607246845960617,0.8782405853271484
EUZaxaWqhwg_1,EUZaxaWqhwg,2-5s,4.0,165.0,0.0,0.0,0.0,control,1,BLOCKED,No official common QD query-memory score; stored 768-D audio/text features are not compared.,11,2,0,1,11.5,4.25,11,11,0,0,88.5,27.25,1.0,0.0007260236889123917,0.0136511055752635,0.9856228828430176,1.0,0.012384124100208282,0.04727592319250107,0.940339982509613,0.9999999403953552,0.022113647311925888,0.12551157176494598,0.852374792098999,1.0,0.030125178396701813,0.19419018924236298,0.7756845951080322
EcihYbSlyck_3,EcihYbSlyck,2-5s,2.0,157.0,0.0,0.3,-0.3,harmful,1,BLOCKED,No official common QD query-memory score; stored 768-D audio/text features are not compared.,11,11,0,0,44.0,5.0,11,11,0,0,12.0,6.0,1.0,0.011861402541399002,0.009706374257802963,0.9784321784973145,1.0,0.005934558343142271,0.09361512213945389,0.9004502296447754,1.0,0.3170804977416992,0.08965727686882019,0.5932621955871582,1.0,0.2825163006782532,0.1667328029870987,0.5507509112358093
ErxgH5g3Kx0_1,ErxgH5g3Kx0,0-2s,1.0,210.0,0.0,0.0,0.0,control,1,BLOCKED,No official common QD query-memory score; stored 768-D audio/text features are not compared.,11,1,0,1,168.5,5.0,11,1,0,1,169.0,12.0,0.9999999403953552,0.025344569236040115,0.03210049867630005,0.9425548315048218,1.0,0.015305683948099613,0.19372260570526123,0.7909716963768005,1.0,0.04067378491163254,0.15169429779052734,0.8076319098472595,1.0,0.015356861986219883,0.3550412952899933,0.6296018362045288
ErxgH5g3Kx0_2,ErxgH5g3Kx0,2-5s,2.0,210.0,0.0,1.0,-1.0,harmful,0,BLOCKED,No official common QD query-memory score; stored 768-D audio/text features are not compared.,9,2,1,1,69.5,3.5,11,5,0,1,73.0,4.0,1.0,0.013325605541467667,0.08128282427787781,0.9053915739059448,1.0,0.020649483427405357,0.1140124574303627,0.8653380870819092,0.9999999403953552,0.2419559508562088,0.2485063225030899,0.5095376968383789,1.0,0.23857244849205017,0.1970500648021698,0.56437748670578
EzWEO2WD_MM_1,EzWEO2WD_MM,2-5s,3.0,188.0,1.0,1.0,0.0,control,1,BLOCKED,No official common QD query-memory score; stored 768-D audio/text features are not compared.,11,11,0,0,20.5,1.6666666666666667,7,11,1,0,23.0,1.3333333333333333,0.9999999403953552,0.10922212898731232,0.03516929969191551,0.8556085824966431,0.9999999403953552,0.08677220344543457,0.031595148146152496,0.8816326260566711,1.0,0.1100553572177887,0.04517382010817528,0.8447708487510681,1.0,0.11829580366611481,0.05125079303979874,0.8304534554481506
EzWEO2WD_MM_2,EzWEO2WD_MM,2-5s,3.0,188.0,1.0,0.4,0.6,control,0,BLOCKED,No official common QD query-memory score; stored 768-D audio/text features are not compared.,3,11,3,0,141.0,28.666666666666668,10,11,1,0,116.0,52.0,1.0,0.03202452138066292,0.03535611554980278,0.9326193928718567,1.0,0.04462958127260208,0.014483209699392319,0.9408872127532959,0.9999999403953552,0.6152855157852173,0.14993880689144135,0.23477570712566376,1.0,0.662018895149231,0.12892432510852814,0.2090567946434021
FDwK7T1JO_0_2,FDwK7T1JO_0,2-5s,3.0,202.0,1.0,0.9,0.09999999999999998,control,0,BLOCKED,No official common QD query-memory score; stored 768-D audio/text features are not compared.,1,2,2,1,57.0,2.0,1,11,2,0,55.0,2.6666666666666665,1.0,0.06486550718545914,0.023614056408405304,0.9115204215049744,1.0,0.19498638808727264,0.01800599694252014,0.7870076894760132,1.0,0.24583734571933746,0.07957187294960022,0.6745907664299011,1.0,0.2549218237400055,0.025242269039154053,0.7198359370231628
FR7BDRhMATo_2,FR7BDRhMATo,2-5s,4.0,299.0,0.0,0.0,0.0,control,1,BLOCKED,No official common QD query-memory score; stored 768-D audio/text features are not compared.,11,1,0,1,31.5,11.25,11,11,0,0,39.0,19.5,1.0,0.006364776752889156,0.3724640905857086,0.621171236038208,1.0,0.008182709105312824,0.7397677302360535,0.2520495653152466,1.0,0.46401041746139526,0.4768548905849457,0.05913473665714264,1.0,0.20645612478256226,0.7647552490234375,0.028788581490516663
FXdoNvmrYxo_2,FXdoNvmrYxo,2-5s,4.0,299.0,0.0,0.9,-0.9,harmful,0,BLOCKED,No official common QD query-memory score; stored 768-D audio/text features are not compared.,3,11,1,0,104.0,2.5,11,2,0,1,176.0,3.0,1.0,0.05048340931534767,0.05753031745553017,0.8919863104820251,1.0,0.1167495846748352,0.17483538389205933,0.7084150314331055,1.0,0.12426750361919403,0.14330609142780304,0.7324264049530029,1.0,0.15687617659568787,0.21382993459701538,0.6292938590049744
Flk-X0gwjF4_1,Flk-X0gwjF4,2-5s,4.0,299.0,0.0,0.0,0.0,control,1,BLOCKED,No official common QD query-memory score; stored 768-D audio/text features are not compared.,11,11,0,0,15.0,7.0,11,11,0,0,110.0,55.0,1.0,0.03772339969873428,0.1962561011314392,0.7660205364227295,1.0,0.21843791007995605,0.19236305356025696,0.5891990661621094,1.0,0.061375945806503296,0.28504568338394165,0.6535784006118774,0.9999999403953552,0.10315291583538055,0.33872419595718384,0.5581228733062744
G3YO2unWz7k_1,G3YO2unWz7k,0-2s,1.0,299.0,0.0,0.0,0.0,control,1,BLOCKED,No official common QD query-memory score; stored 768-D audio/text features are not compared.,11,11,0,0,14.5,9.0,11,11,0,0,15.0,10.0,0.9999999403953552,0.00326010980643332,0.2086394727230072,0.7881004214286804,1.0,0.003237109398469329,0.20959974825382233,0.7871630787849426,1.0,0.11084367334842682,0.2652623653411865,0.6238939762115479,1.0,0.022891618311405182,0.25706231594085693,0.7200460433959961
GGgQR7aIofY_1,GGgQR7aIofY,2-5s,2.0,168.0,1.0,1.0,0.0,control,0,BLOCKED,No official common QD query-memory score; stored 768-D audio/text features are not compared.,1,11,2,0,32.5,2.5,1,3,1,1,32.0,2.0,1.0,0.028897935524582863,0.0361771322786808,0.9349249601364136,1.0,0.18733221292495728,0.12909312546253204,0.6835746765136719,0.9999999403953552,0.04183432459831238,0.07053426653146744,0.8876314163208008,0.9999999403953552,0.21718019247055054,0.20821622014045715,0.5746035575866699
GGgQR7aIofY_3,GGgQR7aIofY,2-5s,3.0,168.0,0.0,0.6,-0.6,harmful,1,BLOCKED,No official common QD query-memory score; stored 768-D audio/text features are not compared.,11,2,0,1,41.5,2.3333333333333335,11,3,0,1,42.5,2.3333333333333335,1.0,0.011860564351081848,0.06707503646612167,0.9210643768310547,1.0,0.015456410124897957,0.4188004732131958,0.565743088722229,1.0,0.03755246102809906,0.19730833172798157,0.7651392221450806,0.9999999403953552,0.02954983524978161,0.47166314721107483,0.4987870156764984
GOD8Bt5LfDE_2,GOD8Bt5LfDE,2-5s,3.0,129.0,0.0,0.2,-0.2,harmful,1,BLOCKED,No official common QD query-memory score; stored 768-D audio/text features are not compared.,11,11,0,0,115.5,2.3333333333333335,11,11,0,0,112.0,4.0,1.0,0.02106866054236889,0.01781214214861393,0.9611192345619202,1.0,0.006656507961452007,0.049480684101581573,0.943862795829773,1.0,0.12701700627803802,0.08445286005735397,0.788530170917511,1.0,0.021642139181494713,0.18658436834812164,0.7917734384536743
GOD8Bt5LfDE_3,GOD8Bt5LfDE,2-5s,2.0,129.0,1.0,0.7,0.30000000000000004,control,1,BLOCKED,No official common QD query-memory score; stored 768-D audio/text features are not compared.,11,3,0,1,111.0,2.0,6,3,1,1,112.0,3.0,0.9999999403953552,0.027279237285256386,0.3852351903915405,0.5874856114387512,1.0,0.0684582069516182,0.04405447468161583,0.8874872922897339,1.0,0.06099701672792435,0.46703171730041504,0.4719712734222412,1.0,0.04712294042110443,0.16274157166481018,0.7901355028152466
Gkb4f6yodPE_2,Gkb4f6yodPE,2-5s,3.0,299.0,0.0,0.8,-0.8,harmful,1,BLOCKED,No official common QD query-memory score; stored 768-D audio/text features are not compared.,11,8,0,1,273.5,4.333333333333333,11,11,0,0,185.0,4.666666666666667,1.0,0.0026883650571107864,0.05568105727434158,0.9416306018829346,0.9999999403953552,0.0010446871165186167,0.009683875367045403,0.9892714023590088,1.0,0.006900586187839508,0.08905625343322754,0.9040431976318359,1.0,0.030857712030410767,0.010876022279262543,0.9582661986351013
H7-orYrKBeo_1,H7-orYrKBeo,2-5s,4.0,93.0,1.0,0.6,0.4,control,1,BLOCKED,No official common QD query-memory score; stored 768-D audio/text features are not compared.,11,1,0,1,11.0,5.5,2,1,2,1,9.5,4.75,1.0,0.005011923145502806,0.38227567076683044,0.6127123832702637,1.0,0.030375830829143524,0.7333006858825684,0.23632347583770752,1.0,0.32339155673980713,0.632103681564331,0.04450475424528122,1.0,0.18434561789035797,0.8088486194610596,0.006805718876421452
H7rd9bZtbgc_1,H7rd9bZtbgc,2-5s,3.0,299.0,1.0,1.0,0.0,control,1,BLOCKED,No official common QD query-memory score; stored 768-D audio/text features are not compared.,11,11,0,0,8.0,3.3333333333333335,1,11,1,0,6.0,2.6666666666666665,1.0,0.046321380883455276,0.02233012765645981,0.9313485026359558,1.0,0.10162682086229324,0.05056116729974747,0.8478119969367981,1.0,0.09238461405038834,0.04452124238014221,0.86309415102005,1.0000001192092896,0.1401878148317337,0.06964339315891266,0.790168821811676
H7rd9bZtbgc_2,H7rd9bZtbgc,0-2s,1.0,299.0,1.0,0.0,1.0,control,1,BLOCKED,No official common QD query-memory score; stored 768-D audio/text features are not compared.,11,11,0,0,213.5,155.0,9,11,1,0,34.0,68.0,1.0,0.01447328645735979,0.006264881230890751,0.9792618751525879,1.0,0.0025744466111063957,0.003095681080594659,0.9943298697471619,0.9999999403953552,0.15030546486377716,0.019626770168542862,0.8300677537918091,1.0,0.11122278869152069,0.008982878178358078,0.8797943592071533
HVz-FJBf_iM_1,HVz-FJBf_iM,0-2s,1.0,67.0,1.0,1.0,0.0,control,0,BLOCKED,No official common QD query-memory score; stored 768-D audio/text features are not compared.,3,3,2,1,26.0,4.0,3,3,2,1,25.0,8.0,1.0,0.023228947073221207,0.09068284928798676,0.8860882520675659,1.0,0.020306743681430817,0.0384836383163929,0.9412096738815308,1.0,0.14065146446228027,0.20237937569618225,0.6569691300392151,1.0,0.10298541188240051,0.09826458990573883,0.7987499833106995
HdPSebdDxe4_1,HdPSebdDxe4,2-5s,2.0,121.0,1.0,1.0,0.0,control,0,BLOCKED,No official common QD query-memory score; stored 768-D audio/text features are not compared.,1,11,4,0,5.0,2.0,1,11,4,0,5.0,3.0,1.0,0.2589505910873413,0.00916488841176033,0.7318844795227051,1.0,0.35310932993888855,0.013626327738165855,0.6332643628120422,1.0,0.4125879108905792,0.09952393174171448,0.4878881871700287,0.9999999403953552,0.6644437313079834,0.022739648818969727,0.31281664967536926
HdPSebdDxe4_4,HdPSebdDxe4,2-5s,4.0,121.0,1.0,0.9,0.09999999999999998,control,0,BLOCKED,No official common QD query-memory score; stored 768-D audio/text features are not compared.,2,1,1,1,2.5,0.75,3,1,1,1,2.5,0.75,1.0,0.010831236839294434,0.2612326741218567,0.7279360890388489,1.0000001192092896,7.0806836447445676e-06,0.23802010715007782,0.7619727849960327,0.9999999403953552,0.18560642004013062,0.2826966643333435,0.5316969156265259,1.0,0.0001718591374810785,0.31148087978363037,0.6883472204208374
Hdxfbpnd2-8_3,Hdxfbpnd2-8,2-5s,2.0,299.0,0.0,0.9,-0.9,harmful,1,BLOCKED,No official common QD query-memory score; stored 768-D audio/text features are not compared.,11,11,0,0,3.5,3.5,11,11,0,0,140.5,7.5,1.0,0.0016681533306837082,0.33330217003822327,0.6650296449661255,0.9999999403953552,0.0022680051624774933,0.6249892115592957,0.3727427124977112,0.9999998807907104,0.11126179248094559,0.5313872694969177,0.3573508858680725,1.0000001192092896,0.07880376279354095,0.6372860670089722,0.28391018509864807
Hdxfbpnd2-8_4,Hdxfbpnd2-8,0-2s,1.0,299.0,0.0,0.3,-0.3,harmful,0,BLOCKED,No official common QD query-memory score; stored 768-D audio/text features are not compared.,7,11,1,0,218.0,12.0,11,11,0,0,50.5,9.0,1.0,0.00010424901120131835,0.002464307239279151,0.9974315166473389,1.0,0.0008970907656475902,0.0032061608508229256,0.9958968162536621,1.0,0.0004064312088303268,0.062110401690006256,0.9374831914901733,0.9999999403953552,0.0014044165145605803,0.019250113517045975,0.979345440864563
HxZADVzNIqs_2,HxZADVzNIqs,2-5s,4.0,299.0,0.0,0.0,0.0,control,1,BLOCKED,No official common QD query-memory score; stored 768-D audio/text features are not compared.,9,1,1,1,28.0,14.0,11,1,0,1,24.5,12.25,1.0,0.0386635884642601,0.3656667172908783,0.5956696271896362,1.0,0.004466602113097906,0.6981413960456848,0.29739198088645935,0.9999999403953552,0.5990345478057861,0.38114476203918457,0.019820667803287506,1.0,0.1251026839017868,0.7496089339256287,0.12528839707374573
HxZADVzNIqs_3,HxZADVzNIqs,2-5s,3.0,299.0,0.0,0.0,0.0,control,1,BLOCKED,No official common QD query-memory score; stored 768-D audio/text features are not compared.,11,11,0,0,281.0,8.666666666666666,11,11,0,0,71.5,26.333333333333332,1.0,0.006962547078728676,0.38201743364334106,0.611020028591156,1.0,0.0016917942557483912,0.27409154176712036,0.724216639995575,1.0,0.12156348675489426,0.48668110370635986,0.3917554020881653,1.0,0.04989071190357208,0.34754878282546997,0.6025604605674744
I4HpYGMMsz4_1,I4HpYGMMsz4,2-5s,4.0,238.0,0.0,0.1,-0.1,harmful,1,BLOCKED,No official common QD query-memory score; stored 768-D audio/text features are not compared.,11,1,0,1,23.5,9.25,7,1,1,1,25.0,12.5,1.0,0.012613225728273392,0.3475278317928314,0.6398589015007019,1.0,0.003231683047488332,0.5922608375549316,0.40450745820999146,1.0,0.4203244149684906,0.4082735776901245,0.17140203714370728,0.9999999403953552,0.0473160445690155,0.7456444501876831,0.2070395052433014
IJ6pm5Kns8A_1,IJ6pm5Kns8A,2-5s,2.0,209.0,0.0,0.2,-0.2,harmful,1,BLOCKED,No official common QD query-memory score; stored 768-D audio/text features are not compared.,11,1,0,2,82.5,3.5,11,2,0,1,154.0,4.0,1.0,0.01831904985010624,0.017357051372528076,0.9643239974975586,1.0,0.022247759625315666,0.19445258378982544,0.7832996845245361,0.9999999403953552,0.15973533689975739,0.03227200359106064,0.8079926371574402,1.0,0.055399879813194275,0.27450835704803467,0.6700918078422546
IJ6pm5Kns8A_2,IJ6pm5Kns8A,2-5s,2.0,209.0,1.0,1.0,0.0,control,0,BLOCKED,No official common QD query-memory score; stored 768-D audio/text features are not compared.,1,11,1,0,173.0,3.0,4,9,1,1,18.0,5.0,0.9999999403953552,0.04936559498310089,0.008414700627326965,0.9422197341918945,1.0,0.18959882855415344,0.006420496851205826,0.8039806485176086,1.0,0.11676141619682312,0.018689796328544617,0.8645488023757935,1.0,0.2802965044975281,0.010710835456848145,0.708992600440979
IsUG5SKWNZA_2,IsUG5SKWNZA,2-5s,2.0,134.0,0.0,0.2,-0.2,harmful,0,BLOCKED,No official common QD query-memory score; stored 768-D audio/text features are not compared.,9,1,1,1,50.5,2.5,11,2,0,1,41.5,2.5,0.9999999403953552,0.0035872708540409803,0.04170482978224754,0.9547078609466553,1.0,0.0006625438691116869,0.1119081899523735,0.8874292969703674,0.9999999403953552,0.005282402038574219,0.057131145149469376,0.9375864267349243,1.0,0.001050940016284585,0.14861544966697693,0.850333571434021
ItS07xtdi4s_3,ItS07xtdi4s,2-5s,2.0,160.0,1.0,1.0,0.0,control,0,BLOCKED,No official common QD query-memory score; stored 768-D audio/text features are not compared.,1,11,2,0,81.0,3.0,1,11,3,0,81.5,2.5,1.0,0.0865393728017807,0.0012342524714767933,0.9122263789176941,1.0,0.3048001229763031,0.0027482903096824884,0.6924515962600708,1.0,0.13084368407726288,0.0068260664120316505,0.8623301982879639,1.0,0.3849225640296936,0.01224158052355051,0.6028358936309814
ItS07xtdi4s_5,ItS07xtdi4s,0-2s,1.0,160.0,0.0,0.4,-0.4,harmful,0,BLOCKED,No official common QD query-memory score; stored 768-D audio/text features are not compared.,6,2,1,1,102.0,4.0,11,1,0,1,80.5,5.0,1.0,0.0003526558284647763,0.005985458847135305,0.9936618804931641,1.0,0.008183945901691914,0.01692345179617405,0.9748926162719727,1.0,0.0291773471981287,0.00696150865405798,0.9638612270355225,1.0,0.020876340568065643,0.00551460450515151,0.9736089706420898
JC2ZrXzCX4Y_2,JC2ZrXzCX4Y,2-5s,2.0,209.0,0.0,0.0,0.0,control,1,BLOCKED,No official common QD query-memory score; stored 768-D audio/text features are not compared.,11,11,0,0,139.5,7.5,11,11,0,0,88.0,5.0,1.0,0.0006556420121341944,0.013955746777355671,0.9853886365890503,1.0,0.005170295014977455,0.018541919067502022,0.9762877821922302,1.0,0.01958654820919037,0.024804532527923584,0.9556089639663696,1.0,0.025366757065057755,0.03876262903213501,0.9358706474304199
JZloTOdIY_c_3,JZloTOdIY_c,2-5s,3.0,88.0,0.0,0.2,-0.2,harmful,1,BLOCKED,No official common QD query-memory score; stored 768-D audio/text features are not compared.,11,2,0,1,8.0,3.3333333333333335,11,11,0,0,21.0,1.3333333333333333,1.0,0.02458895929157734,0.036365095525979996,0.9390459656715393,1.0,0.06188657879829407,0.05765414610505104,0.8804592490196228,1.0,0.052258748561143875,0.11839406937360764,0.8293471336364746,1.0,0.048355378210544586,0.05526130646467209,0.8963833451271057
JmWaRt8-u0s_1,JmWaRt8-u0s,2-5s,4.0,300.0,0.0,0.4,-0.4,harmful,1,BLOCKED,No official common QD query-memory score; stored 768-D audio/text features are not compared.,10,1,1,1,11.0,4.5,11,5,0,2,9.0,4.0,1.0,0.04570848494768143,0.21093082427978516,0.743360698223114,1.0,0.03170449659228325,0.5835095047950745,0.3847860097885132,0.9999999403953552,0.07617424428462982,0.245096355676651,0.6787294149398804,1.0,0.028233669698238373,0.5865479707717896,0.38521838188171387
K-7Y8yhcUiw_3,K-7Y8yhcUiw,2-5s,3.0,85.0,0.0,0.5,-0.5,harmful,1,BLOCKED,No official common QD query-memory score; stored 768-D audio/text features are not compared.,11,1,0,2,81.5,1.0,11,1,0,2,83.0,0.6666666666666666,0.9999999403953552,0.03820756822824478,0.1504446268081665,0.8113477230072021,1.0,0.00171559676527977,0.31672006845474243,0.6815643310546875,1.0,0.08454878628253937,0.1919616162776947,0.7234895825386047,1.0,0.008199471980333328,0.22624610364437103,0.7655544281005859
K03ydb1uaoQ_1,K03ydb1uaoQ,2-5s,3.0,71.0,1.0,1.0,0.0,control,0,BLOCKED,No official common QD query-memory score; stored 768-D audio/text features are not compared.,1,1,9,1,8.0,3.3333333333333335,1,2,9,1,4.0,2.0,1.0,0.4519575834274292,0.015153029933571815,0.5328894257545471,1.0,0.4456438720226288,0.11330331116914749,0.4410528242588043,1.0,0.9056515097618103,0.026944942772388458,0.06740350276231766,1.0,0.8203884959220886,0.05011668801307678,0.1294948309659958
KJhGuhNHToA_1,KJhGuhNHToA,2-5s,2.0,66.0,1.0,0.7,0.30000000000000004,control,1,BLOCKED,No official common QD query-memory score; stored 768-D audio/text features are not compared.,11,4,0,1,24.5,1.5,8,1,1,1,13.5,3.5,1.0,0.25407689809799194,0.0148254269734025,0.7310976386070251,1.0,0.029130559414625168,0.03695831447839737,0.9339110851287842,1.0,0.46189624071121216,0.01824982278048992,0.5198538899421692,1.0,0.11275314539670944,0.05723097547888756,0.8300158977508545
KJhGuhNHToA_2,KJhGuhNHToA,2-5s,3.0,66.0,1.0,0.9,0.09999999999999998,control,0,BLOCKED,No official common QD query-memory score; stored 768-D audio/text features are not compared.,4,11,1,0,24.0,2.0,1,11,1,0,13.5,2.3333333333333335,1.0,0.052690211683511734,0.006280652247369289,0.9410291910171509,0.9999999403953552,0.04408310353755951,0.06821653246879578,0.8877003788948059,1.0,0.09240502864122391,0.18807539343833923,0.7195196151733398,0.9999999403953552,0.13171404600143433,0.23443490266799927,0.6338509917259216
KJhGuhNHToA_4,KJhGuhNHToA,2-5s,3.0,66.0,1.0,1.0,0.0,control,0,BLOCKED,No official common QD query-memory score; stored 768-D audio/text features are not compared.,2,2,2,1,49.0,1.3333333333333333,1,1,2,1,57.5,1.0,1.0,0.07551393657922745,0.05814965069293976,0.866336464881897,1.0,0.08934196084737778,0.023745238780975342,0.8869128227233887,1.0,0.10713355243206024,0.09839586913585663,0.7944705486297607,1.0,0.1281205415725708,0.00010563496471149847,0.8717738389968872
K_Vre_-4KqU_2,K_Vre_-4KqU,2-5s,4.0,177.0,1.0,1.0,0.0,control,0,BLOCKED,No official common QD query-memory score; stored 768-D audio/text features are not compared.,1,11,1,0,33.5,1.25,1,4,1,1,33.0,1.5,1.0,0.10253266245126724,0.003966790158301592,0.893500566482544,1.0,0.2922361195087433,0.018791692331433296,0.6889722943305969,0.9999999403953552,0.12170244008302689,0.007852619513869286,0.8704449534416199,1.0,0.339330792427063,0.05185139551758766,0.6088178157806396
Kel-hfZ_9h8_4,Kel-hfZ_9h8,0-2s,1.0,147.0,0.0,0.6,-0.6,harmful,1,BLOCKED,No official common QD query-memory score; stored 768-D audio/text features are not compared.,11,1,0,2,51.0,4.0,11,2,0,1,57.5,5.0,1.0,0.022888291627168655,0.08179758489131927,0.89531409740448,1.0,0.009498205035924911,0.20040163397789001,0.79010009765625,1.0,0.04853206127882004,0.10830791294574738,0.8431600332260132,1.0,0.03594597056508064,0.4310738444328308,0.53298020362854
KnsKf9KoNds_1,KnsKf9KoNds,0-2s,1.0,299.0,0.0,0.4,-0.4,harmful,1,BLOCKED,No official common QD query-memory score; stored 768-D audio/text features are not compared.,11,11,0,0,8.5,9.0,11,11,0,0,8.5,9.0,1.0,0.0024943826720118523,0.08689674735069275,0.9106088280677795,1.0000001192092896,0.004022296518087387,0.30225637555122375,0.6937214136123657,1.0,0.004771173931658268,0.10424381494522095,0.8909850120544434,1.0,0.006095480639487505,0.330982506275177,0.6629220247268677
KnsKf9KoNds_2,KnsKf9KoNds,2-5s,3.0,299.0,0.0,0.0,0.0,control,1,BLOCKED,No official common QD query-memory score; stored 768-D audio/text features are not compared.,11,11,0,0,81.0,3.3333333333333335,11,1,0,1,85.0,4.0,1.0,0.010772466659545898,0.021818701177835464,0.9674088358879089,0.9999999403953552,0.004143834114074707,0.06795118749141693,0.9279049634933472,0.9999998807907104,0.0990222916007042,0.03948863595724106,0.861488938331604,1.0,0.04117788374423981,0.11871686577796936,0.8401052355766296
KvrcRMfFzOE_1,KvrcRMfFzOE,2-5s,4.0,186.0,0.0,1.0,-1.0,harmful,0,BLOCKED,No official common QD query-memory score; stored 768-D audio/text features are not compared.,1,9,2,1,11.5,1.25,11,10,0,1,9.0,2.0,1.0,0.15147577226161957,0.038589008152484894,0.8099352121353149,1.0,0.148255854845047,2.83859478145132e-08,0.8517441749572754,1.0,0.2938046455383301,0.05593675747513771,0.6502585411071777,0.9999999403953552,0.4853328466415405,0.0009838000405579805,0.5136833190917969
LB6CZ0x-kns_1,LB6CZ0x-kns,2-5s,2.0,138.0,1.0,1.0,0.0,control,0,BLOCKED,No official common QD query-memory score; stored 768-D audio/text features are not compared.,1,11,1,0,6.5,3.5,4,11,1,0,73.0,59.0,1.0,0.04918358847498894,0.07229502499103546,0.8785213828086853,1.0,0.051733165979385376,0.08374087512493134,0.8645260334014893,0.9999999403953552,0.11765465885400772,0.12282595783472061,0.7595193982124329,1.0,0.1759556233882904,0.23772373795509338,0.5863205790519714
LCwSUVuTyvg_2,LCwSUVuTyvg,2-5s,4.0,300.0,0.0,0.4,-0.4,harmful,0,BLOCKED,No official common QD query-memory score; stored 768-D audio/text features are not compared.,11,11,0,0,52.0,3.5,11,11,0,0,59.5,4.75,1.0,0.013457772321999073,0.15514066815376282,0.8314014673233032,1.0,0.007808071561157703,0.32676976919174194,0.6654222011566162,1.0,0.4453382194042206,0.34451526403427124,0.21014650166034698,1.0,0.1321718394756317,0.3286731243133545,0.5391550064086914
LP_DzNUkAKY_1,LP_DzNUkAKY,0-2s,1.0,300.0,0.0,1.0,-1.0,harmful,0,BLOCKED,No official common QD query-memory score; stored 768-D audio/text features are not compared.,2,3,1,1,92.0,12.0,11,3,0,1,247.0,30.0,0.9999999403953552,0.00987973716109991,0.003991642501205206,0.9861286282539368,1.0,0.03972546383738518,0.022239096462726593,0.9380354285240173,1.0,0.022642582654953003,0.01450994424521923,0.9628474712371826,1.0,0.05143360421061516,0.03167721629142761,0.9168892502784729
LP_DzNUkAKY_2,LP_DzNUkAKY,2-5s,4.0,300.0,0.0,1.0,-1.0,harmful,0,BLOCKED,No official common QD query-memory score; stored 768-D audio/text features are not compared.,7,2,1,1,217.0,2.5,4,11,2,0,224.5,3.25,1.0,0.05147901177406311,0.00023904969566501677,0.94828200340271,1.0,0.21200717985630035,0.005736345425248146,0.7822564840316772,1.0,0.2515943646430969,0.001362048671580851,0.7470436096191406,1.0,0.4284890294075012,0.0086141312494874,0.5628968477249146
LVvS3s9dFKw_2,LVvS3s9dFKw,2-5s,3.0,226.0,0.0,0.5,-0.5,harmful,1,BLOCKED,No official common QD query-memory score; stored 768-D audio/text features are not compared.,11,11,0,0,169.0,3.3333333333333335,11,1,0,1,173.5,3.6666666666666665,1.0,0.0042536621913313866,0.03027588501572609,0.9654704332351685,1.0,0.026859423145651817,0.08324722945690155,0.8898933529853821,1.0,0.3928961157798767,0.0659283995628357,0.5411754846572876,1.0,0.3142903447151184,0.019625484943389893,0.6660841107368469
LVvS3s9dFKw_3,LVvS3s9dFKw,2-5s,2.0,226.0,1.0,0.5,0.5,control,1,BLOCKED,No official common QD query-memory score; stored 768-D audio/text features are not compared.,11,8,0,1,187.0,5.0,6,11,1,0,92.5,5.5,1.0,0.006294294260442257,0.07888666540384293,0.9148190021514893,1.0,0.005224976688623428,0.013374416157603264,0.9814006090164185,1.0,0.0240766704082489,0.15478533506393433,0.8211380243301392,1.0,0.026212310418486595,0.04733444005250931,0.9264532923698425
LvMA1Wcgu3w_1,LvMA1Wcgu3w,2-5s,2.0,282.0,0.0,1.0,-1.0,harmful,0,BLOCKED,No official common QD query-memory score; stored 768-D audio/text features are not compared.,1,3,2,1,155.0,5.0,11,11,0,0,30.0,4.0,1.0,0.015482660382986069,0.0027942706365138292,0.9817230105400085,1.0,0.11116881668567657,0.01333559025079012,0.8754956722259521,1.0,0.10151959955692291,0.0058815679512917995,0.8925988674163818,1.0,0.2507786154747009,0.01723380945622921,0.7319875955581665
MBP4RcnwGZw_1,MBP4RcnwGZw,2-5s,3.0,61.0,1.0,1.0,0.0,control,0,BLOCKED,No official common QD query-memory score; stored 768-D audio/text features are not compared.,1,1,3,1,2.5,1.6666666666666667,1,1,3,1,2.0,1.3333333333333333,1.0,0.3198493719100952,0.14919394254684448,0.5309566259384155,1.0,0.26342248916625977,0.4020540118217468,0.3345234990119934,1.0000001192092896,0.7549048066139221,0.14939314126968384,0.09570208191871643,1.0,0.46391206979751587,0.4282488226890564,0.10783915221691132
MPLZUg89y5U_2,MPLZUg89y5U,0-2s,1.0,300.0,1.0,0.0,1.0,control,1,BLOCKED,No official common QD query-memory score; stored 768-D audio/text features are not compared.,11,11,0,0,109.0,32.0,11,6,0,1,34.5,35.0,1.0,0.003908664453774691,0.0048603094182908535,0.9912310838699341,1.0,0.0009715063497424126,0.019734341651201248,0.9792941808700562,1.0,0.040860723704099655,0.04575641080737114,0.913382887840271,1.0,0.015193045139312744,0.020248878747224808,0.9645581245422363
MVGhC-xB79s_2,MVGhC-xB79s,2-5s,2.0,268.0,1.0,0.3,0.7,control,1,BLOCKED,No official common QD query-memory score; stored 768-D audio/text features are not compared.,11,11,0,0,91.0,5.0,8,11,1,0,116.0,5.0,1.0,0.01124473474919796,0.02872825786471367,0.9600270390510559,0.9999999403953552,0.004561187699437141,0.03519398719072342,0.9602447748184204,1.0,0.14568936824798584,0.04579295590519905,0.8085176944732666,1.0,0.02451520785689354,0.04720684885978699,0.9282779693603516
MdlEswBfZMQ_2,MdlEswBfZMQ,2-5s,2.0,120.0,0.0,0.0,0.0,control,1,BLOCKED,No official common QD query-memory score; stored 768-D audio/text features are not compared.,11,11,0,0,8.5,1.5,11,1,0,1,9.5,3.5,1.0,0.0003513729607220739,0.22530117630958557,0.7743475437164307,0.9999999403953552,0.015601672232151031,0.19616270065307617,0.7882356643676758,1.0,0.04548466205596924,0.29485562443733215,0.659659743309021,1.0,0.012155404314398766,0.4304005801677704,0.5574440956115723
MkbP_8zJwXU_2,MkbP_8zJwXU,2-5s,2.0,99.0,0.0,0.9,-0.9,harmful,0,BLOCKED,No official common QD query-memory score; stored 768-D audio/text features are not compared.,11,11,0,0,2.5,2.5,6,11,1,0,2.5,2.5,0.9999999403953552,0.06604491174221039,0.30649736523628235,0.6274577379226685,1.0,0.0011138514382764697,0.6244614124298096,0.3744247853755951,1.0,0.6192060112953186,0.3177187740802765,0.0630752295255661,1.0,0.17085537314414978,0.6264731287956238,0.20267149806022644
MvHpNzDpC6Q_1,MvHpNzDpC6Q,2-5s,2.0,82.0,1.0,1.0,0.0,control,0,BLOCKED,No official common QD query-memory score; stored 768-D audio/text features are not compared.,1,2,9,1,60.5,1.5,2,3,8,1,64.5,2.5,1.0,0.3673376739025116,0.005326429847627878,0.6273359060287476,1.0,0.43453097343444824,0.04085014387965202,0.524618923664093,0.9999999403953552,0.9307324290275574,0.01944025233387947,0.04982730746269226,1.0,0.745917022228241,0.09001937508583069,0.16406360268592834
N_s9F4CI_98_2,N_s9F4CI_98,2-5s,3.0,299.0,1.0,1.0,0.0,control,0,BLOCKED,No official common QD query-memory score; stored 768-D audio/text features are not compared.,4,5,1,1,212.5,3.0,7,11,2,0,212.5,1.6666666666666667,1.0,0.11445649713277817,0.002677807118743658,0.8828656673431396,1.0,0.09323330223560333,0.0015429777558892965,0.9052237272262573,1.0,0.5641348958015442,0.013075185939669609,0.42278990149497986,1.0,0.5131356120109558,0.00033174155396409333,0.48653268814086914
NeWW30WZjPc_1,NeWW30WZjPc,0-2s,1.0,128.0,0.0,0.0,0.0,control,1,BLOCKED,No official common QD query-memory score; stored 768-D audio/text features are not compared.,11,11,0,0,9.0,6.0,11,11,0,0,10.0,8.0,1.0,0.0051304372027516365,0.03260428458452225,0.9622652530670166,1.0,0.0029016342014074326,0.06274648010730743,0.934351921081543,1.0,0.24477800726890564,0.0528879277408123,0.7023341059684753,1.0,0.14083737134933472,0.08349847048521042,0.7756640911102295
Ni3dIj90Oa4_2,Ni3dIj90Oa4,2-5s,3.0,299.0,0.0,0.2,-0.2,harmful,1,BLOCKED,No official common QD query-memory score; stored 768-D audio/text features are not compared.,11,11,0,0,18.5,4.333333333333333,11,11,0,0,184.0,4.0,1.0,0.11922222375869751,0.11343346536159515,0.7673442959785461,0.9999999403953552,0.13037514686584473,0.2135404795408249,0.6560843586921692,1.0,0.12034805119037628,0.1612800657749176,0.7183719277381897,0.9999999403953552,0.1066971868276596,0.23314401507377625,0.6601588129997253
NlKlRKz8OKI_1,NlKlRKz8OKI,2-5s,4.0,299.0,1.0,1.0,0.0,control,0,BLOCKED,No official common QD query-memory score; stored 768-D audio/text features are not compared.,5,11,2,0,74.0,3.0,4,11,2,0,174.0,4.0,1.0,0.033571187406778336,0.037307217717170715,0.9291216135025024,1.0,0.07257701456546783,0.04376090317964554,0.8836621046066284,1.0,0.48618441820144653,0.0733276754617691,0.44048792123794556,1.0,0.32936015725135803,0.05135856568813324,0.6192812919616699
NlKlRKz8OKI_2,NlKlRKz8OKI,2-5s,2.0,299.0,0.0,0.9,-0.9,harmful,0,BLOCKED,No official common QD query-memory score; stored 768-D audio/text features are not compared.,1,11,1,0,190.5,4.5,11,1,0,1,216.0,3.0,1.0,0.02059616707265377,0.0008070011390373111,0.9785968661308289,1.0,0.10940224677324295,0.0027655414305627346,0.8878322243690491,1.0,0.05519374459981918,0.0033972542732954025,0.9414089918136597,1.0,0.09580300748348236,0.0071817380376160145,0.8970152139663696
OMGHnJV0l2U_1,OMGHnJV0l2U,2-5s,2.0,299.0,1.0,0.3,0.7,control,1,BLOCKED,No official common QD query-memory score; stored 768-D audio/text features are not compared.,11,1,0,1,211.5,11.5,8,11,1,0,254.0,9.0,1.0,0.007350672036409378,0.19136975705623627,0.8012795448303223,1.0,0.006163795478641987,0.3874514102935791,0.606384813785553,1.0,0.16446515917778015,0.27766039967536926,0.5578744411468506,1.0,0.24173082411289215,0.48769572377204895,0.2705734670162201
OUUckswAaNI_4,OUUckswAaNI,0-2s,1.0,260.0,1.0,0.7,0.30000000000000004,control,0,BLOCKED,No official common QD query-memory score; stored 768-D audio/text features are not compared.,5,6,1,1,132.0,6.0,7,6,1,1,129.0,10.0,1.0,0.005153315607458353,0.0171195175498724,0.9777271747589111,1.0,0.0005338572082109749,0.11538007855415344,0.8840860724449158,1.0,0.032745856791734695,0.04413606971502304,0.9231181144714355,1.0,0.027417942881584167,0.10914278030395508,0.8634392619132996
ObWjGBJF_94_1,ObWjGBJF_94,2-5s,2.0,299.0,0.0,0.1,-0.1,harmful,1,BLOCKED,No official common QD query-memory score; stored 768-D audio/text features are not compared.,11,2,0,2,16.0,8.0,11,2,0,1,19.0,7.0,1.0,0.047372955828905106,0.008409833535552025,0.9442172050476074,1.0,0.08163245767354965,0.020296044647693634,0.8980715274810791,1.0,0.05601732060313225,0.013994449749588966,0.9299882650375366,1.0000001192092896,0.07106145471334457,0.03903457149863243,0.8899039626121521
OpiWMltpj44_1,OpiWMltpj44,2-5s,3.0,77.0,0.0,0.9,-0.9,harmful,0,BLOCKED,No official common QD query-memory score; stored 768-D audio/text features are not compared.,6,4,1,1,66.5,5.0,11,11,0,0,21.0,2.0,1.0,0.08658786118030548,0.009721084497869015,0.9036910533905029,1.0,0.007113384082913399,0.0035768444649875164,0.9893097877502441,1.0,0.5740622282028198,0.0586056262254715,0.3673321604728699,1.0,0.3647761344909668,0.029383406043052673,0.6058404445648193
OpiWMltpj44_3,OpiWMltpj44,0-2s,1.0,77.0,1.0,0.9,0.09999999999999998,control,0,BLOCKED,No official common QD query-memory score; stored 768-D audio/text features are not compared.,6,4,1,1,20.5,7.0,3,10,1,1,21.0,8.0,1.0,0.01852373220026493,0.09466671943664551,0.8868095874786377,1.0,0.01065889559686184,0.023155322298407555,0.9661858081817627,0.9999999403953552,0.1066007986664772,0.38437414169311523,0.5090250968933105,1.0,0.06422039866447449,0.13743740320205688,0.7983421683311462
OpiWMltpj44_4,OpiWMltpj44,2-5s,2.0,77.0,1.0,1.0,0.0,control,0,BLOCKED,No official common QD query-memory score; stored 768-D audio/text features are not compared.,1,5,2,1,70.0,1.0,3,11,1,0,72.5,1.5,1.0,0.09048393368721008,0.058318816125392914,0.8511972427368164,1.0,0.2358761876821518,0.03149595856666565,0.7326278686523438,1.0,0.3017503619194031,0.10936728864908218,0.5888823866844177,0.9999999403953552,0.3701380491256714,0.04355558753013611,0.5863063335418701
Ot0bN_hz2ec_3,Ot0bN_hz2ec,2-5s,3.0,268.0,1.0,0.9,0.09999999999999998,control,0,BLOCKED,No official common QD query-memory score; stored 768-D audio/text features are not compared.,11,11,0,0,137.0,4.666666666666667,2,11,1,0,136.5,7.666666666666667,1.0,0.1875145435333252,0.01905553787946701,0.7934298515319824,1.0,0.181313619017601,0.018508749082684517,0.8001776337623596,1.0,0.27201399207115173,0.048557013273239136,0.6794290542602539,1.0,0.22862249612808228,0.026535190641880035,0.7448423504829407
PO8Nu3F8mkA_1,PO8Nu3F8mkA,2-5s,3.0,164.0,1.0,1.0,0.0,control,0,BLOCKED,No official common QD query-memory score; stored 768-D audio/text features are not compared.,3,4,6,1,53.0,2.6666666666666665,1,1,5,1,10.0,3.3333333333333335,1.0,0.1650339961051941,0.0014442714164033532,0.8335217237472534,1.0,0.15023350715637207,0.01991080678999424,0.8298556208610535,1.0,0.567690908908844,0.007255117874592543,0.4250539541244507,1.0,0.27354612946510315,0.05110037699341774,0.6753535270690918
PTyFYxXdut4_2,PTyFYxXdut4,2-5s,4.0,300.0,1.0,0.4,0.6,control,0,BLOCKED,No official common QD query-memory score; stored 768-D audio/text features are not compared.,11,11,0,0,25.5,6.25,2,11,1,0,123.0,61.5,1.0,0.08525976538658142,0.05536842718720436,0.8593717813491821,1.0,0.1251360923051834,0.1897588074207306,0.6851050853729248,1.0,0.4240540564060211,0.11439179629087448,0.4615541398525238,1.0,0.3773588538169861,0.1489333212375641,0.47370779514312744
PYP-r0nvbFk_2,PYP-r0nvbFk,0-2s,1.0,121.0,0.0,0.1,-0.1,harmful,1,BLOCKED,No official common QD query-memory score; stored 768-D audio/text features are not compared.,11,11,0,0,49.0,4.0,11,11,0,0,80.0,4.0,1.0,0.01048384141176939,0.016628514975309372,0.9728876352310181,1.0,0.006813507992774248,0.03340182453393936,0.9597846269607544,1.0,0.4522051513195038,0.023484008386731148,0.524310827255249,1.0000001192092896,0.21343570947647095,0.0819474458694458,0.7046168446540833
PYP-r0nvbFk_3,PYP-r0nvbFk,0-2s,1.0,121.0,0.0,0.9,-0.9,harmful,0,BLOCKED,No official common QD query-memory score; stored 768-D audio/text features are not compared.,5,5,1,1,48.5,5.0,11,9,0,1,53.5,7.0,1.0,0.0008947114110924304,0.0018164149951189756,0.9972888231277466,0.9999998807907104,0.012374023906886578,0.025608770549297333,0.9620171785354614,1.0,0.0029943203553557396,0.004802783485502005,0.992202877998352,1.0,0.01057420764118433,0.023758821189403534,0.9656670093536377
Pb6MqpdX5Jw_4,Pb6MqpdX5Jw,2-5s,2.0,120.0,1.0,1.0,0.0,control,0,BLOCKED,No official common QD query-memory score; stored 768-D audio/text features are not compared.,1,11,2,0,29.5,3.5,7,11,1,0,6.0,3.0,1.0,0.027164630591869354,0.08577729761600494,0.8870580792427063,1.0,0.04094178229570389,0.23337671160697937,0.725681483745575,1.0,0.5193722248077393,0.24168506264686584,0.2389426827430725,0.9999999403953552,0.1267094761133194,0.4135752022266388,0.45971524715423584
Pb6MqpdX5Jw_5,Pb6MqpdX5Jw,2-5s,2.0,120.0,1.0,0.9,0.09999999999999998,control,0,BLOCKED,No official common QD query-memory score; stored 768-D audio/text features are not compared.,10,11,1,0,80.0,3.0,8,2,1,1,23.5,3.5,0.9999998807907104,0.01943245343863964,0.09078999608755112,0.8897774815559387,1.0,0.03290591761469841,0.18958353996276855,0.7775105237960815,1.0,0.08474472165107727,0.14227163791656494,0.7729836702346802,1.0,0.19474820792675018,0.14078816771507263,0.6644636392593384
QHfyKaOHSz4_2,QHfyKaOHSz4,2-5s,3.0,82.0,0.0,0.7,-0.7,harmful,1,BLOCKED,No official common QD query-memory score; stored 768-D audio/text features are not compared.,11,9,0,1,32.0,1.3333333333333333,11,11,0,0,50.5,1.6666666666666667,1.0,0.015058585442602634,0.0028035109862685204,0.98213791847229,1.0,0.04388541355729103,0.0026474324986338615,0.9534671306610107,1.0,0.47074809670448303,0.010096386075019836,0.5191555619239807,1.0,0.28659093379974365,0.019498685374855995,0.6939104795455933
QKHpSAAjakY_1,QKHpSAAjakY,0-2s,1.0,94.0,1.0,1.0,0.0,control,0,BLOCKED,No official common QD query-memory score; stored 768-D audio/text features are not compared.,2,1,1,1,13.5,3.0,3,2,1,1,7.5,3.0,1.0,0.004453914240002632,0.07215947657823563,0.9233865737915039,1.0,0.00933299120515585,0.2433263510465622,0.7473406791687012,1.0,0.026019461452960968,0.1262534111738205,0.8477271795272827,1.0,0.027583636343479156,0.32792606949806213,0.6444903612136841
QKHpSAAjakY_3,QKHpSAAjakY,2-5s,2.0,94.0,0.0,0.4,-0.4,harmful,0,BLOCKED,No official common QD query-memory score; stored 768-D audio/text features are not compared.,1,2,1,1,76.0,3.0,11,11,0,0,52.0,0.0,1.0,0.0167592391371727,0.1247265562415123,0.8585141897201538,1.0,0.0500950887799263,0.20668984949588776,0.7432150840759277,0.9999999403953552,0.026829715818166733,0.1936415284872055,0.7795287370681763,1.0,0.00037854115362279117,0.000704740232322365,0.9989166855812073
QOmV7O9mFwg_1,QOmV7O9mFwg,2-5s,4.0,260.0,1.0,1.0,0.0,control,0,BLOCKED,No official common QD query-memory score; stored 768-D audio/text features are not compared.,1,11,3,0,160.5,3.75,3,11,6,0,62.0,5.5,1.0000001192092896,0.058164823800325394,0.0025843512266874313,0.9392508268356323,1.0,0.14228078722953796,0.045071519911289215,0.8126477003097534,1.0,0.15014193952083588,0.006668527610599995,0.843189537525177,1.0,0.31926751136779785,0.0850185677409172,0.5957139730453491
QOmV7O9mFwg_2,QOmV7O9mFwg,2-5s,3.0,260.0,0.0,0.6,-0.6,harmful,0,BLOCKED,No official common QD query-memory score; stored 768-D audio/text features are not compared.,11,5,0,1,215.0,6.666666666666667,11,11,0,0,52.0,6.0,0.9999999403953552,0.018396057188510895,0.0023349933326244354,0.9792689681053162,1.0,0.0372132807970047,0.003732256358489394,0.9590544700622559,1.0,0.07767008244991302,0.005309431813657284,0.9170204401016235,0.9999999403953552,0.11629648506641388,0.008374650962650776,0.8753288984298706
QOmV7O9mFwg_3,QOmV7O9mFwg,2-5s,2.0,260.0,1.0,1.0,0.0,control,0,BLOCKED,No official common QD query-memory score; stored 768-D audio/text features are not compared.,3,5,1,1,183.5,4.5,5,11,1,0,186.5,5.5,0.9999999403953552,0.04082154855132103,0.0014334338484331965,0.9577449560165405,1.0000001192092896,0.0074082594364881516,0.0014274162240326405,0.9911643266677856,1.0,0.0703815370798111,0.0019164045806974173,0.9277020692825317,1.0,0.040588341653347015,0.004671589471399784,0.954740047454834
QRtuOWWya30_1,QRtuOWWya30,2-5s,2.0,299.0,0.0,1.0,-1.0,harmful,1,BLOCKED,No official common QD query-memory score; stored 768-D audio/text features are not compared.,2,11,4,0,8.0,8.0,11,11,0,0,7.5,7.5,1.0,0.019010186195373535,0.17173229157924652,0.8092575073242188,1.0,0.028591642156243324,0.44248440861701965,0.5289239883422852,1.0,0.01914491504430771,0.1731894612312317,0.8076655864715576,1.0000001192092896,0.03114042803645134,0.4349122941493988,0.5339472889900208
QvATUKXYFBs_2,QvATUKXYFBs,2-5s,3.0,119.0,0.0,0.8,-0.8,harmful,1,BLOCKED,No official common QD query-memory score; stored 768-D audio/text features are not compared.,11,2,0,1,27.5,1.0,11,11,0,0,26.5,1.6666666666666667,1.0,0.023216813802719116,0.11452119052410126,0.8622620105743408,0.9999998807907104,0.12262053042650223,0.2327435463666916,0.6446359157562256,1.0,0.05437430739402771,0.23375745117664337,0.7118682265281677,1.0,0.3539743423461914,0.2493949979543686,0.3966306746006012
QvATUKXYFBs_4,QvATUKXYFBs,2-5s,4.0,119.0,1.0,1.0,0.0,control,0,BLOCKED,No official common QD query-memory score; stored 768-D audio/text features are not compared.,2,11,2,0,46.5,6.25,3,11,2,0,37.5,6.25,1.0,0.0382622592151165,0.15001671016216278,0.8117210865020752,1.0,0.058227431029081345,0.17818468809127808,0.7635878324508667,0.9999999403953552,0.274681031703949,0.3020707964897156,0.42324814200401306,1.0,0.22698083519935608,0.28928273916244507,0.48373639583587646
R4fXcbWFhJg_1,R4fXcbWFhJg,2-5s,3.0,133.0,1.0,1.0,0.0,control,0,BLOCKED,No official common QD query-memory score; stored 768-D audio/text features are not compared.,1,11,5,0,14.5,1.6666666666666667,2,1,1,1,16.0,4.0,1.0,0.21725615859031677,0.02779546007514,0.7549483776092529,1.0,0.2653491795063019,0.0526077076792717,0.6820431351661682,1.0,0.32367053627967834,0.07112898677587509,0.605200469493866,1.0,0.28882721066474915,0.12290318310260773,0.5882696509361267
R4fXcbWFhJg_2,R4fXcbWFhJg,2-5s,3.0,133.0,0.0,0.6,-0.6,harmful,0,BLOCKED,No official common QD query-memory score; stored 768-D audio/text features are not compared.,2,5,2,2,10.0,2.0,11,11,0,0,9.0,4.0,1.0,0.0014742383500561118,0.2511928379535675,0.7473329305648804,0.9999999403953552,0.01820075884461403,0.3129516839981079,0.6688475608825684,1.0,0.09962742775678635,0.516196072101593,0.3841765522956848,1.0,0.10037031024694443,0.7010157704353333,0.19861391186714172
RNBoH2LHQEM_2,RNBoH2LHQEM,2-5s,4.0,299.0,1.0,0.9,0.09999999999999998,control,0,BLOCKED,No official common QD query-memory score; stored 768-D audio/text features are not compared.,2,11,1,0,294.0,1.5,1,11,1,0,296.5,1.75,1.0,0.135972261428833,0.00035704983747564256,0.8636707067489624,1.0,0.2892589569091797,0.0035527145955711603,0.7071882486343384,1.0,0.2004580795764923,0.0032704344484955072,0.7962714433670044,1.0,0.2739681601524353,0.010982703417539597,0.715049147605896
RfGapDlAYoQ_1,RfGapDlAYoQ,2-5s,3.0,150.0,0.0,0.8,-0.8,harmful,0,BLOCKED,No official common QD query-memory score; stored 768-D audio/text features are not compared.,4,1,2,1,116.0,1.3333333333333333,11,1,0,1,115.5,1.6666666666666667,1.0,0.026830554008483887,0.09392839670181274,0.8792409896850586,1.0,0.01788955368101597,0.3002972900867462,0.68181312084198,1.0000001192092896,0.12331801652908325,0.14392244815826416,0.7327595949172974,0.9999999403953552,0.22163449227809906,0.3779371678829193,0.4004283845424652
RfGapDlAYoQ_2,RfGapDlAYoQ,0-2s,1.0,150.0,0.0,0.1,-0.1,harmful,1,BLOCKED,No official common QD query-memory score; stored 768-D audio/text features are not compared.,11,1,0,1,115.5,5.0,11,1,0,1,115.0,6.0,1.0,0.0010206470033153892,0.0745653435587883,0.9244140386581421,0.9999999403953552,0.016313642263412476,0.2245442271232605,0.7591421008110046,1.0,0.0037689870223402977,0.18472132086753845,0.8115097880363464,1.0,0.11098328232765198,0.3706178665161133,0.5183988809585571
RfGapDlAYoQ_3,RfGapDlAYoQ,2-5s,4.0,150.0,0.0,0.3,-0.3,harmful,1,BLOCKED,No official common QD query-memory score; stored 768-D audio/text features are not compared.,11,11,0,0,35.0,1.5,11,11,0,0,129.5,1.75,0.9999999403953552,0.038037996739149094,0.06297030299901962,0.8989917635917664,1.0000001192092896,0.0008700450416654348,0.05866207927465439,0.940467894077301,1.0,0.22516033053398132,0.16216295957565308,0.612676739692688,1.0,0.007595265284180641,0.14148661494255066,0.850918173789978
Rp4Ct_TQvAM_2,Rp4Ct_TQvAM,2-5s,2.0,299.0,0.0,0.3,-0.3,harmful,1,BLOCKED,No official common QD query-memory score; stored 768-D audio/text features are not compared.,11,1,0,1,278.0,6.0,11,11,0,0,272.0,8.0,1.0,0.0039353156462311745,0.15812771022319794,0.8379369974136353,1.0000001192092896,0.0009161143098026514,0.32741543650627136,0.6716684699058533,1.0,0.010681767016649246,0.2237209528684616,0.7655972838401794,1.0,0.004003236535936594,0.4022519886493683,0.5937447547912598
RrmBGjJqlEo_1,RrmBGjJqlEo,2-5s,2.0,300.0,0.0,1.0,-1.0,harmful,0,BLOCKED,No official common QD query-memory score; stored 768-D audio/text features are not compared.,3,11,1,0,97.5,5.5,11,11,0,0,190.5,5.5,1.0,0.027122072875499725,0.10467829555273056,0.8681995868682861,1.0,0.0888146162033081,0.2213497906923294,0.6898356080055237,1.0,0.13020746409893036,0.16366612911224365,0.7061264514923096,0.9999999403953552,0.1742880791425705,0.22068357467651367,0.6050283908843994
S0SQyFXbqF8_2,S0SQyFXbqF8,2-5s,2.0,96.0,1.0,0.7,0.30000000000000004,control,0,BLOCKED,No official common QD query-memory score; stored 768-D audio/text features are not compared.,3,2,2,1,10.0,3.0,8,2,1,1,9.5,3.5,1.0000001192092896,0.008000330999493599,0.2611071765422821,0.7308924198150635,1.0,0.014838114380836487,0.32784026861190796,0.6573216319084167,1.0,0.34274739027023315,0.4329717755317688,0.22428086400032043,1.0,0.14771488308906555,0.5076102018356323,0.3446749150753021
SQHYl2Kp5ww_2,SQHYl2Kp5ww,2-5s,4.0,300.0,1.0,0.7,0.30000000000000004,control,1,BLOCKED,No official common QD query-memory score; stored 768-D audio/text features are not compared.,11,11,0,0,247.5,14.75,6,7,2,1,111.0,33.5,1.0,0.06432623416185379,0.04485553875565529,0.890818178653717,1.0,0.13225027918815613,0.08460994064807892,0.7831397652626038,1.0,0.12115504592657089,0.06430359184741974,0.8145414590835571,1.0,0.1360289752483368,0.13405853509902954,0.729912519454956
T32kii824pA_2,T32kii824pA,2-5s,2.0,299.0,1.0,0.6,0.4,control,1,BLOCKED,No official common QD query-memory score; stored 768-D audio/text features are not compared.,11,11,0,0,71.5,4.5,10,1,1,1,89.0,4.0,0.9999998807907104,0.013994636945426464,0.004933960735797882,0.9810713529586792,1.0000001192092896,4.974656621925533e-05,0.06695597618818283,0.9329942464828491,1.0,0.05292963609099388,0.006319296546280384,0.9407510757446289,1.0,8.940818361224956e-07,0.08582999557256699,0.9141690731048584
T9_ep-3BZDY_1,T9_ep-3BZDY,0-2s,1.0,299.0,1.0,0.4,0.6,control,1,BLOCKED,No official common QD query-memory score; stored 768-D audio/text features are not compared.,11,1,0,1,177.5,9.0,6,11,1,0,176.0,10.0,1.0,0.0003971995902247727,0.04040294140577316,0.9591999053955078,1.0,0.011107325553894043,0.10429871827363968,0.8845939636230469,1.0,0.0049352156929671764,0.06000971421599388,0.9350550174713135,1.0,0.03900294750928879,0.1699434071779251,0.7910536527633667
T9_ep-3BZDY_2,T9_ep-3BZDY,0-2s,1.0,299.0,0.0,0.2,-0.2,harmful,1,BLOCKED,No official common QD query-memory score; stored 768-D audio/text features are not compared.,11,11,0,0,29.0,14.0,11,11,0,0,77.0,34.0,1.0,0.0002870101307053119,0.13567377626895905,0.8640391826629639,1.0,0.0022252206690609455,0.14253884553909302,0.8552359342575073,1.0,0.002179675968363881,0.2197132706642151,0.7781070470809937,1.0,0.00706806406378746,0.1537540853023529,0.8391778469085693
Tgxst7Ft9js_1,Tgxst7Ft9js,2-5s,4.0,225.0,1.0,1.0,0.0,control,0,BLOCKED,No official common QD query-memory score; stored 768-D audio/text features are not compared.,1,11,3,0,2.0,1.0,1,9,4,1,2.0,1.0,1.0,0.3439524173736572,0.10925768315792084,0.5467898845672607,0.9999999403953552,0.522556722164154,0.14270246028900146,0.33474087715148926,0.9999999403953552,0.4467659592628479,0.16275806725025177,0.39047592878341675,1.0000001192092896,0.6366496682167053,0.21096639335155487,0.1523839682340622
TtRtURWVYBE_2,TtRtURWVYBE,2-5s,3.0,67.0,1.0,1.0,0.0,control,0,BLOCKED,No official common QD query-memory score; stored 768-D audio/text features are not compared.,1,6,9,1,37.5,1.0,1,11,4,0,21.5,2.3333333333333335,1.0,0.16407664120197296,0.43683862686157227,0.3990846872329712,0.9999999403953552,0.1479443460702896,0.09026793390512466,0.7617877125740051,1.0,0.2572835087776184,0.4860680103302002,0.2566484808921814,1.0,0.3638739287853241,0.09793179482221603,0.5381942391395569
U3CAjsm1sec_1,U3CAjsm1sec,2-5s,4.0,89.0,0.0,0.1,-0.1,harmful,1,BLOCKED,No official common QD query-memory score; stored 768-D audio/text features are not compared.,11,1,0,1,3.5,0.75,11,1,0,1,5.5,2.25,1.0,0.0021944858599454165,0.2324894666671753,0.7653160095214844,1.0,0.008478292264044285,0.42916518449783325,0.5623565316200256,1.0,0.42657235264778137,0.29930123686790466,0.27412641048431396,1.0,0.2364153265953064,0.5082573890686035,0.2553273141384125
U5ij0M7T-hk_1,U5ij0M7T-hk,2-5s,3.0,223.0,1.0,1.0,0.0,control,0,BLOCKED,No official common QD query-memory score; stored 768-D audio/text features are not compared.,1,11,1,0,148.0,2.0,1,11,2,0,149.5,2.3333333333333335,1.0,0.1261802762746811,0.0023823161609470844,0.8714374303817749,1.0,0.18505793809890747,0.004459502641111612,0.8104825019836426,0.9999999403953552,0.2813130021095276,0.004831763915717602,0.7138551473617554,1.0,0.23288099467754364,0.008370473980903625,0.7587485313415527
U90e2P9jy30_1,U90e2P9jy30,2-5s,2.0,300.0,0.0,0.9,-0.9,harmful,0,BLOCKED,No official common QD query-memory score; stored 768-D audio/text features are not compared.,7,1,1,1,130.5,5.5,11,11,0,0,270.0,7.0,1.0,0.016529591754078865,0.0951269343495369,0.8883435130119324,1.0,0.032323651015758514,0.4118322730064392,0.5558440685272217,1.0,0.09687300026416779,0.1457500159740448,0.7573769092559814,1.0,0.0781889408826828,0.5719716548919678,0.349839448928833
U90e2P9jy30_2,U90e2P9jy30,2-5s,3.0,300.0,0.0,0.0,0.0,control,1,BLOCKED,No official common QD query-memory score; stored 768-D audio/text features are not compared.,11,3,0,1,270.5,5.0,6,11,1,0,268.0,2.0,1.0,0.010661774314939976,0.01835697703063488,0.970981240272522,1.0,0.006990050431340933,0.004564995877444744,0.9884449243545532,1.0,0.037062160670757294,0.16585469245910645,0.7970831394195557,1.0,0.018075700849294662,0.0786081850528717,0.9033161401748657
UAmDLPjNyMg_1,UAmDLPjNyMg,2-5s,2.0,137.0,1.0,1.0,0.0,control,0,BLOCKED,No official common QD query-memory score; stored 768-D audio/text features are not compared.,1,5,2,1,62.0,3.0,10,6,1,1,66.0,3.0,1.0,0.027275312691926956,0.02641412802040577,0.9463105201721191,1.0,0.09060342609882355,0.0565863773226738,0.8528101444244385,1.0,0.131039559841156,0.04180261865258217,0.8271578550338745,1.0,0.11723458766937256,0.055662307888269424,0.8271030783653259
UE3XnVFodMI_1,UE3XnVFodMI,2-5s,4.0,249.0,0.0,0.2,-0.2,harmful,1,BLOCKED,No official common QD query-memory score; stored 768-D audio/text features are not compared.,11,6,0,1,3.0,1.5,11,5,0,1,148.5,5.75,1.0,0.05899979919195175,0.1776985079050064,0.7633017301559448,1.0,0.001651498838327825,0.6136893630027771,0.3846591114997864,0.9999999403953552,0.07213616371154785,0.3425915837287903,0.5852722525596619,1.0,0.04493037611246109,0.5631816983222961,0.391887903213501
UQtBt6CQpwg_1,UQtBt6CQpwg,2-5s,2.0,59.0,1.0,1.0,0.0,control,0,BLOCKED,No official common QD query-memory score; stored 768-D audio/text features are not compared.,1,11,3,0,28.5,1.5,2,11,3,0,22.5,1.5,1.0,0.2286882996559143,0.011958022601902485,0.7593536972999573,1.0,0.275221049785614,0.01252281479537487,0.7122561931610107,1.0,0.3586057126522064,0.28174006938934326,0.3596542477607727,1.0,0.6254558563232422,0.20794498920440674,0.16659915447235107
UXGzbBGbqAA_2,UXGzbBGbqAA,2-5s,3.0,113.0,1.0,0.9,0.09999999999999998,control,0,BLOCKED,No official common QD query-memory score; stored 768-D audio/text features are not compared.,2,1,3,1,78.5,2.3333333333333335,4,1,1,2,81.0,1.3333333333333333,0.9999999403953552,0.09333732724189758,0.11435608565807343,0.7923066020011902,1.0,0.02465973049402237,0.3251919746398926,0.6501482725143433,1.0,0.10727542638778687,0.14726890623569489,0.7454556226730347,1.0,0.010956643149256706,0.4457080364227295,0.5433353185653687
V4PLSw_WzVw_1,V4PLSw_WzVw,2-5s,4.0,82.0,0.0,0.5,-0.5,harmful,0,BLOCKED,No official common QD query-memory score; stored 768-D audio/text features are not compared.,1,11,1,0,79.0,0.5,11,11,0,0,43.0,0.0,1.0,0.10532067716121674,0.28689756989479065,0.607781708240509,1.0,0.18502992391586304,0.1899675577878952,0.6250025629997253,0.9999999403953552,0.15122509002685547,0.4116278290748596,0.4371471107006073,0.9999999403953552,1.0487291035587987e-09,0.37493181228637695,0.625068187713623
V4PLSw_WzVw_2,V4PLSw_WzVw,2-5s,2.0,82.0,1.0,1.0,0.0,control,0,BLOCKED,No official common QD query-memory score; stored 768-D audio/text features are not compared.,7,1,1,1,15.5,1.5,10,1,1,1,16.0,2.0,1.0,0.041802264750003815,0.0550728403031826,0.9031249284744263,1.0,0.032401084899902344,0.25165078043937683,0.7159481048583984,1.0,0.3266410827636719,0.11899848282337189,0.5543603897094727,1.0,0.10892549902200699,0.40109264850616455,0.48998191952705383
V8A0VRGdgwM_1,V8A0VRGdgwM,2-5s,4.0,77.0,1.0,1.0,0.0,control,0,BLOCKED,No official common QD query-memory score; stored 768-D audio/text features are not compared.,1,3,10,1,57.5,1.25,2,8,5,1,23.5,1.25,0.9999999403953552,0.39130356907844543,0.25835466384887695,0.3503417372703552,1.0,0.4481690227985382,0.11430701613426208,0.4375239610671997,1.0,0.4976435601711273,0.2714998126029968,0.23085664212703705,1.0,0.6608636379241943,0.1393752098083496,0.19976118206977844
V8A0VRGdgwM_2,V8A0VRGdgwM,2-5s,2.0,77.0,0.0,0.6,-0.6,harmful,1,BLOCKED,No official common QD query-memory score; stored 768-D audio/text features are not compared.,11,6,0,1,41.0,2.0,11,5,0,1,61.5,4.5,1.0,0.014305208809673786,0.005514006596058607,0.9801807403564453,1.0,0.0016176417702808976,0.009488096460700035,0.9888942837715149,1.0000001192092896,0.05351649597287178,0.01372064370661974,0.9327629804611206,1.0,0.010686095803976059,0.08359020948410034,0.9057236909866333
VE6Ku0-ucUM_1,VE6Ku0-ucUM,2-5s,2.0,66.0,1.0,1.0,0.0,control,0,BLOCKED,No official common QD query-memory score; stored 768-D audio/text features are not compared.,1,11,5,0,1.0,1.0,1,11,5,0,1.0,1.0,0.9999999403953552,0.2371405065059662,0.12644897401332855,0.6364105343818665,1.0,0.4776786267757416,0.1566561460494995,0.3656652569770813,1.0,0.24042007327079773,0.22849971055984497,0.5310801863670349,0.9999999403953552,0.4778641164302826,0.20052994787693024,0.32160595059394836
VE6Ku0-ucUM_2,VE6Ku0-ucUM,2-5s,3.0,66.0,1.0,1.0,0.0,control,0,BLOCKED,No official common QD query-memory score; stored 768-D audio/text features are not compared.,2,1,1,3,63.5,1.0,6,5,1,1,55.5,1.0,1.0,0.36507850885391235,0.17703001201152802,0.45789143443107605,0.9999999403953552,0.13025200366973877,0.34628504514694214,0.5234629511833191,1.0,0.3832143545150757,0.3148312568664551,0.30195438861846924,1.0,0.13328610360622406,0.4927864074707031,0.373927503824234
VE6Ku0-ucUM_3,VE6Ku0-ucUM,2-5s,2.0,66.0,1.0,0.9,0.09999999999999998,control,0,BLOCKED,No official common QD query-memory score; stored 768-D audio/text features are not compared.,10,4,1,1,52.0,5.0,10,1,1,1,15.0,6.0,1.0,0.008472859859466553,0.01250407937914133,0.9790230393409729,1.0,0.046617649495601654,0.00021184913930483162,0.9531705379486084,1.0,0.12767155468463898,0.03754595294594765,0.8347824811935425,1.0,0.21277086436748505,0.005970383994281292,0.781258761882782
VZLZ08k3YeA_1,VZLZ08k3YeA,2-5s,2.0,142.0,1.0,1.0,0.0,control,0,BLOCKED,No official common QD query-memory score; stored 768-D audio/text features are not compared.,4,11,1,0,21.0,2.0,4,11,2,0,26.0,2.0,1.0000001192092896,0.04720018804073334,0.12165279686450958,0.8311470150947571,1.0,0.013525479473173618,0.257575124502182,0.728899359703064,0.9999999403953552,0.373775839805603,0.16544771194458008,0.4607764482498169,1.0,0.0856638103723526,0.21613328158855438,0.6982029676437378
VZLZ08k3YeA_3,VZLZ08k3YeA,0-2s,1.0,142.0,0.0,0.5,-0.5,harmful,1,BLOCKED,No official common QD query-memory score; stored 768-D audio/text features are not compared.,11,1,0,1,1.5,3.0,11,1,0,1,2.0,4.0,1.0,0.051962610334157944,0.24173444509506226,0.7063030004501343,0.9999999403953552,2.542998345234082e-07,0.5819317102432251,0.418067991733551,1.0,0.18476681411266327,0.2506445646286011,0.5645886063575745,1.0,3.971268597524613e-06,0.6089049577713013,0.39109107851982117
VZLZ08k3YeA_4,VZLZ08k3YeA,2-5s,4.0,142.0,1.0,1.0,0.0,control,0,BLOCKED,No official common QD query-memory score; stored 768-D audio/text features are not compared.,7,11,2,0,18.0,1.5,8,11,1,0,94.5,2.75,1.0,0.05466403812170029,0.0322740264236927,0.9130619764328003,1.0,0.028865959495306015,0.16379079222679138,0.8073432445526123,1.0,0.4831050634384155,0.0922464057803154,0.42464858293533325,1.0,0.12435385584831238,0.21798856556415558,0.6576575040817261
VjSEIRnLAh8_2,VjSEIRnLAh8,2-5s,2.0,300.0,0.0,0.0,0.0,control,1,BLOCKED,No official common QD query-memory score; stored 768-D audio/text features are not compared.,11,11,0,0,15.5,7.5,11,11,0,0,14.5,6.5,1.0,0.0034621579106897116,0.32284626364707947,0.6736916303634644,1.0,0.004546107724308968,0.6237984299659729,0.37165552377700806,1.0,0.3124866485595703,0.36171743273735046,0.3257959187030792,1.0,0.16242122650146484,0.6261001825332642,0.21147862076759338
VjSEIRnLAh8_4,VjSEIRnLAh8,2-5s,2.0,300.0,0.0,0.2,-0.2,harmful,1,BLOCKED,No official common QD query-memory score; stored 768-D audio/text features are not compared.,11,11,0,0,18.5,13.5,11,11,0,0,18.0,11.0,0.9999999403953552,0.009191451594233513,0.32934433221817017,0.6614642143249512,1.0,0.0026830644346773624,0.6308931708335876,0.36642366647720337,1.0,0.5754513740539551,0.349500834941864,0.07504774630069733,1.0,0.20252972841262817,0.6348201632499695,0.1626501977443695
WCYfCfW9NA0_4,WCYfCfW9NA0,2-5s,3.0,281.0,1.0,1.0,0.0,control,0,BLOCKED,No official common QD query-memory score; stored 768-D audio/text features are not compared.,4,11,1,0,146.0,4.0,11,11,0,0,110.0,4.666666666666667,0.9999999403953552,0.016258126124739647,0.023104704916477203,0.960637092590332,1.0,0.000688359490595758,0.0060100252740085125,0.9933016300201416,1.0,0.027079371735453606,0.051961977034807205,0.9209586381912231,1.0,0.003142685629427433,0.027932533994317055,0.9689247608184814
WUpeplQr3A4_1,WUpeplQr3A4,2-5s,2.0,300.0,0.0,0.3,-0.3,harmful,0,BLOCKED,No official common QD query-memory score; stored 768-D audio/text features are not compared.,5,1,1,1,13.5,4.5,11,1,0,1,13.5,4.5,0.9999999403953552,0.01225686352699995,0.24266202747821808,0.7450811266899109,0.9999999403953552,0.012969599105417728,0.26163846254348755,0.7253918647766113,0.9999999403953552,0.04728484898805618,0.29715076088905334,0.6555643677711487,1.0,0.07989963889122009,0.2995193600654602,0.6205810308456421
WUyeFOyKIg0_1,WUyeFOyKIg0,2-5s,2.0,299.0,0.0,0.3,-0.3,harmful,1,BLOCKED,No official common QD query-memory score; stored 768-D audio/text features are not compared.,11,8,0,1,229.0,4.0,11,11,0,0,234.5,4.5,1.0,0.01039393525570631,0.03713756054639816,0.9524685144424438,1.0,0.009392401203513145,1.6413096091127954e-06,0.9906059503555298,1.0,0.01786835864186287,0.05178307741880417,0.9303485751152039,1.0,0.0024750600568950176,1.43644160743861e-06,0.9975235462188721
WUyeFOyKIg0_2,WUyeFOyKIg0,2-5s,3.0,299.0,1.0,1.0,0.0,control,0,BLOCKED,No official common QD query-memory score; stored 768-D audio/text features are not compared.,10,11,1,0,229.0,3.3333333333333335,9,11,1,0,236.0,3.3333333333333335,1.0,0.032225701957941055,0.0018738990183919668,0.9659004211425781,1.0,0.040359318256378174,0.0035630573984235525,0.9560776352882385,1.0,0.06860959529876709,0.007218499667942524,0.9241719245910645,1.0,0.02421225607395172,0.013873249292373657,0.9619144201278687
Wq4OD3olO2w_1,Wq4OD3olO2w,2-5s,2.0,299.0,1.0,1.0,0.0,control,0,BLOCKED,No official common QD query-memory score; stored 768-D audio/text features are not compared.,1,11,1,0,89.0,3.0,2,11,1,0,238.5,3.5,1.0,0.04630912095308304,0.00487907137721777,0.9488117694854736,1.0,0.1443832814693451,0.02501455508172512,0.8306021690368652,1.0,0.0795750617980957,0.01674353890120983,0.9036813974380493,1.0,0.2025916874408722,0.031319744884967804,0.766088604927063
WqXFAY4k79s_1,WqXFAY4k79s,2-5s,3.0,300.0,1.0,1.0,0.0,control,0,BLOCKED,No official common QD query-memory score; stored 768-D audio/text features are not compared.,5,11,2,0,22.5,4.333333333333333,3,11,2,0,20.0,4.0,1.0,0.05812909081578255,0.04303959384560585,0.8988313674926758,1.0,0.09938063472509384,0.0687142014503479,0.8319051861763,1.0,0.30332648754119873,0.047268494963645935,0.6494050025939941,1.0,0.30927807092666626,0.11814673990011215,0.5725751519203186
XZTt1xdK8uQ_1,XZTt1xdK8uQ,0-2s,1.0,140.0,1.0,0.0,1.0,control,1,BLOCKED,No official common QD query-memory score; stored 768-D audio/text features are not compared.,11,2,0,1,115.0,8.0,8,2,1,1,115.5,13.0,1.0,0.0011772762518376112,0.03528837114572525,0.9635343551635742,1.0,0.00041715058614499867,0.06370632350444794,0.9358765482902527,1.0,0.008213591761887074,0.1173984557390213,0.8743879199028015,0.9999999403953552,0.002032877877354622,0.16555310785770416,0.8324140310287476
YflmW68gL4E_2,YflmW68gL4E,2-5s,2.0,285.0,1.0,1.0,0.0,control,0,BLOCKED,No official common QD query-memory score; stored 768-D audio/text features are not compared.,2,11,4,0,168.5,3.5,2,11,4,0,217.0,5.0,1.0,0.046293940395116806,0.1850910186767578,0.7686150670051575,1.0,0.08710499852895737,0.014494889415800571,0.8984001278877258,0.9999999403953552,0.08977223187685013,0.23839986324310303,0.6718278527259827,1.0,0.10826567560434341,0.039553090929985046,0.8521811962127686
Z1Cyj4N05lk_3,Z1Cyj4N05lk,2-5s,2.0,299.0,0.0,0.0,0.0,control,1,BLOCKED,No official common QD query-memory score; stored 768-D audio/text features are not compared.,11,11,0,0,246.0,8.0,11,11,0,0,243.0,7.0,1.0,0.0025829318910837173,0.0011424146359786391,0.9962746500968933,1.0,0.0024438234977424145,0.0002751885331235826,0.997281014919281,0.9999999403953552,0.0076865279115736485,0.0042777517810463905,0.9880356788635254,1.0,0.006573237478733063,0.004168431740254164,0.9892582893371582
Z3wDry8nnJs_1,Z3wDry8nnJs,2-5s,3.0,90.0,1.0,1.0,0.0,control,0,BLOCKED,No official common QD query-memory score; stored 768-D audio/text features are not compared.,4,2,4,1,9.5,1.6666666666666667,7,3,1,1,7.0,2.6666666666666665,1.0,0.01962793804705143,0.1334497183561325,0.8469223976135254,0.9999998807907104,0.046751901507377625,0.26517653465270996,0.6880715489387512,1.0,0.5582691431045532,0.2574686110019684,0.18426227569580078,0.9999999403953552,0.2589243948459625,0.31652694940567017,0.4245486855506897
Z3wDry8nnJs_3,Z3wDry8nnJs,2-5s,2.0,90.0,1.0,1.0,0.0,control,0,BLOCKED,No official common QD query-memory score; stored 768-D audio/text features are not compared.,1,8,3,1,56.5,1.5,1,9,2,1,56.0,2.0,1.0,0.036018818616867065,0.0006620334461331367,0.9633191227912903,0.9999999403953552,0.21720100939273834,0.03362071514129639,0.7491782903671265,1.0,0.168197900056839,0.018593480810523033,0.8132086396217346,1.0,0.39688900113105774,0.018230050802230835,0.5848810076713562
ZBtgrP4vU_w_2,ZBtgrP4vU_w,2-5s,2.0,300.0,0.0,0.1,-0.1,harmful,1,BLOCKED,No official common QD query-memory score; stored 768-D audio/text features are not compared.,11,11,0,0,3.0,3.0,11,11,0,0,110.0,7.0,1.0,0.11048577725887299,0.0014735291479155421,0.8880406618118286,1.0,0.07392001152038574,0.03919313848018646,0.8868868350982666,1.0,0.16142982244491577,0.004739941097795963,0.8338302373886108,0.9999999403953552,0.11744602024555206,0.09946580976247787,0.7830880880355835
ZTYAQBnU4GM_1,ZTYAQBnU4GM,2-5s,2.0,114.0,1.0,1.0,0.0,control,0,BLOCKED,No official common QD query-memory score; stored 768-D audio/text features are not compared.,2,1,3,1,18.0,3.0,1,2,1,1,42.5,2.5,1.0,0.011439432390034199,0.16216729581356049,0.8263932466506958,0.9999999403953552,0.027041658759117126,0.47614505887031555,0.49681326746940613,1.0,0.09676185250282288,0.29167985916137695,0.6115582585334778,1.0,0.061454638838768005,0.5751694440841675,0.36337584257125854
ZUmZgPL0ges_3,ZUmZgPL0ges,2-5s,2.0,168.0,1.0,1.0,0.0,control,0,BLOCKED,No official common QD query-memory score; stored 768-D audio/text features are not compared.,1,11,3,0,138.0,3.0,1,11,3,0,157.0,0.0,1.0,0.07299210876226425,0.10376808047294617,0.8232398629188538,0.9999998807907104,0.08205311745405197,0.15685153007507324,0.7610952854156494,1.0,0.08132661879062653,0.12043798714876175,0.7982354164123535,1.0,0.0070487079210579395,0.09514449536800385,0.8978068232536316
Z_smJ66Tb3c_1,Z_smJ66Tb3c,2-5s,4.0,201.0,1.0,1.0,0.0,control,0,BLOCKED,No official common QD query-memory score; stored 768-D audio/text features are not compared.,1,11,4,0,13.5,1.25,1,11,3,0,15.0,1.5,1.0,0.1480318009853363,0.11323349922895432,0.7387347221374512,1.0,0.20908010005950928,0.32631707191467285,0.46460282802581787,1.0,0.21348264813423157,0.1856783777475357,0.6008388996124268,1.0,0.28877171874046326,0.30459320545196533,0.406635046005249
Z_smJ66Tb3c_3,Z_smJ66Tb3c,0-2s,1.0,201.0,0.0,0.0,0.0,control,1,BLOCKED,No official common QD query-memory score; stored 768-D audio/text features are not compared.,11,1,0,1,12.5,9.0,7,1,1,1,12.5,11.0,1.0,0.0003796710807364434,0.34572821855545044,0.6538920998573303,1.0,0.005733796861022711,0.6251288652420044,0.36913731694221497,1.0,0.2429872751235962,0.6275671124458313,0.1294456422328949,1.0,0.16679486632347107,0.7004678845405579,0.13273726403713226
Zsf2YvJfCKw_1,Zsf2YvJfCKw,2-5s,2.0,135.0,1.0,1.0,0.0,control,0,BLOCKED,No official common QD query-memory score; stored 768-D audio/text features are not compared.,8,2,1,1,101.5,2.5,4,1,3,1,20.5,1.5,1.0,0.06798706203699112,0.031273894011974335,0.9007390141487122,1.0,0.08795765787363052,0.015518471598625183,0.8965238332748413,1.0,0.18417488038539886,0.044523466378450394,0.7713016271591187,1.0,0.07988417893648148,0.042738158255815506,0.8773776292800903
_AcJVyToQUQ_1,_AcJVyToQUQ,2-5s,2.0,115.0,1.0,1.0,0.0,control,0,BLOCKED,No official common QD query-memory score; stored 768-D audio/text features are not compared.,1,1,5,1,6.0,3.0,1,1,3,1,6.0,3.0,1.0,0.19504964351654053,0.1608353704214096,0.6441149711608887,1.0,0.2726934850215912,0.26337581872940063,0.4639306664466858,1.0,0.7124580144882202,0.16954241693019867,0.11799968034029007,1.0,0.4635412395000458,0.2865382432937622,0.24992048740386963
_BSmz3SEW1w_1,_BSmz3SEW1w,2-5s,2.0,133.0,1.0,0.8,0.19999999999999996,control,1,BLOCKED,No official common QD query-memory score; stored 768-D audio/text features are not compared.,11,2,0,1,114.5,2.5,8,3,1,1,113.0,2.0,1.0,0.009232070297002792,0.005881074815988541,0.984886884689331,1.0,0.0148013262078166,0.00779067724943161,0.9774079322814941,1.0,0.05656808614730835,0.017796427011489868,0.9256354570388794,1.0,0.04340053349733353,0.002921794541180134,0.953677773475647
_BSmz3SEW1w_2,_BSmz3SEW1w,2-5s,3.0,133.0,1.0,1.0,0.0,control,0,BLOCKED,No official common QD query-memory score; stored 768-D audio/text features are not compared.,10,3,1,1,36.0,3.3333333333333335,10,4,1,1,38.5,3.6666666666666665,0.9999999403953552,0.05516132712364197,0.1268201768398285,0.8180184960365295,1.0,0.028936516493558884,0.18009722232818604,0.790966272354126,0.9999999403953552,0.5351231098175049,0.19858494400978088,0.26629194617271423,1.0,0.26063239574432373,0.23064227402210236,0.5087253451347351
_C2HinL8VlM_1,_C2HinL8VlM,2-5s,4.0,73.0,1.0,1.0,0.0,control,0,BLOCKED,No official common QD query-memory score; stored 768-D audio/text features are not compared.,1,4,6,1,38.5,0.75,1,11,5,0,38.0,1.0,1.0,0.27892735600471497,0.01607244648039341,0.7050001621246338,0.9999999403953552,0.45359206199645996,0.053830038756132126,0.4925778806209564,1.0,0.5412987470626831,0.04827117919921875,0.41043007373809814,1.0,0.5742003917694092,0.07443685084581375,0.35136276483535767
_YS5uKWoB6g_2,_YS5uKWoB6g,0-2s,1.0,237.0,0.0,0.6,-0.6,harmful,1,BLOCKED,No official common QD query-memory score; stored 768-D audio/text features are not compared.,11,11,0,0,10.5,17.0,11,11,0,0,72.5,77.0,1.0000001192092896,0.0026535813231021166,0.20478470623493195,0.7925617694854736,1.0,0.005845300853252411,0.48811104893684387,0.5060436725616455,1.0,0.018023908138275146,0.2566077411174774,0.7253683805465698,0.9999999403953552,0.013341575860977173,0.3204456865787506,0.6662127375602722
_YS5uKWoB6g_5,_YS5uKWoB6g,0-2s,1.0,237.0,0.0,0.0,0.0,control,1,BLOCKED,No official common QD query-memory score; stored 768-D audio/text features are not compared.,11,11,0,0,8.0,12.0,11,11,0,0,63.0,28.0,0.9999999403953552,5.1541042921599e-05,0.3548126816749573,0.645135760307312,1.0,0.0005585001781582832,0.6252342462539673,0.3742072582244873,1.0,0.0018475480610504746,0.3639741539955139,0.6341782808303833,1.0,0.0038182097487151623,0.6421507596969604,0.3540310263633728
_ezm-TpKj1w_1,_ezm-TpKj1w,2-5s,2.0,130.0,1.0,1.0,0.0,control,0,BLOCKED,No official common QD query-memory score; stored 768-D audio/text features are not compared.,8,9,1,1,4.0,4.0,8,11,1,0,4.0,4.0,1.0,0.04161561280488968,0.3629772961139679,0.5954070687294006,1.0,0.0016627690056338906,0.6312097311019897,0.36712753772735596,1.0,0.17679452896118164,0.3904447853565216,0.43276068568229675,1.0,0.05710314214229584,0.7103980779647827,0.23249882459640503
_oKXrY5Ff0g_3,_oKXrY5Ff0g,2-5s,2.0,82.0,0.0,0.7,-0.7,harmful,1,BLOCKED,No official common QD query-memory score; stored 768-D audio/text features are not compared.,11,1,0,1,5.0,2.0,11,1,0,1,5.0,2.0,1.0,0.03681197762489319,0.15776237845420837,0.8054256439208984,1.0,0.0014524622820317745,0.1055179312825203,0.8930295705795288,0.9999999403953552,0.19046896696090698,0.22428613901138306,0.5852448344230652,0.9999999403953552,0.016312142834067345,0.18394213914871216,0.7997456789016724
aMhu5eMQAsI_3,aMhu5eMQAsI,2-5s,3.0,170.0,0.0,0.9,-0.9,harmful,1,BLOCKED,No official common QD query-memory score; stored 768-D audio/text features are not compared.,11,11,0,0,23.5,3.0,3,11,1,0,97.0,2.6666666666666665,1.0,0.03174102306365967,0.12528331577777863,0.8429756760597229,1.0,0.011227170936763287,0.2956024408340454,0.6931703686714172,0.9999998807907104,0.1592593938112259,0.19777733087539673,0.6429632902145386,1.0,0.015025582164525986,0.3563601076602936,0.6286143064498901
aZAXO2WZn84_2,aZAXO2WZn84,2-5s,4.0,300.0,1.0,0.9,0.09999999999999998,control,0,BLOCKED,No official common QD query-memory score; stored 768-D audio/text features are not compared.,6,11,1,0,8.5,3.25,8,1,1,1,11.5,3.75,1.0,0.06850241124629974,0.27717992663383484,0.6543176770210266,1.0,0.022207533940672874,0.5708366632461548,0.4069558382034302,1.0,0.34688228368759155,0.3834376931190491,0.26968008279800415,1.0,0.14279909431934357,0.5490427613258362,0.30815812945365906
aZAXO2WZn84_4,aZAXO2WZn84,2-5s,3.0,300.0,1.0,0.1,0.9,control,1,BLOCKED,No official common QD query-memory score; stored 768-D audio/text features are not compared.,11,11,0,0,7.5,5.0,11,1,0,1,13.0,8.666666666666666,1.0,0.02164449915289879,0.23284687101840973,0.74550861120224,1.0,0.011808646842837334,0.4683612287044525,0.5198301672935486,1.0,0.45159152150154114,0.3334237337112427,0.21498475968837738,0.9999999403953552,0.10713616013526917,0.5558786392211914,0.33698517084121704
aZAXO2WZn84_5,aZAXO2WZn84,0-2s,1.0,300.0,0.0,0.6,-0.6,harmful,0,BLOCKED,No official common QD query-memory score; stored 768-D audio/text features are not compared.,11,11,0,0,8.0,14.0,4,11,1,0,14.5,21.0,0.9999999403953552,0.004766102414578199,0.2629770040512085,0.7322568297386169,1.0,0.005058035720139742,0.5705368518829346,0.42440518736839294,1.0,0.05380351096391678,0.4132446050643921,0.5329518914222717,1.0,0.0180651918053627,0.5522823333740234,0.42965248227119446
ajheseWZmmU_2,ajheseWZmmU,2-5s,2.0,122.0,1.0,0.9,0.09999999999999998,control,0,BLOCKED,No official common QD query-memory score; stored 768-D audio/text features are not compared.,1,11,1,0,89.0,2.0,1,7,1,1,89.0,2.0,0.9999999403953552,0.12007810175418854,0.009187906980514526,0.8707339763641357,1.0,0.21381214261054993,0.0003769060713239014,0.7858109474182129,1.0,0.1595872938632965,0.014737529680132866,0.8256751298904419,1.0,0.30303144454956055,0.0007889885455369949,0.6961795687675476
b1PXsfgQw5w_1,b1PXsfgQw5w,0-2s,1.0,297.0,1.0,0.9,0.09999999999999998,control,0,BLOCKED,No official common QD query-memory score; stored 768-D audio/text features are not compared.,5,1,1,1,221.0,10.0,4,11,1,0,19.5,13.0,1.0,0.03509178385138512,0.017040524631738663,0.9478676319122314,0.9999999403953552,0.0029244648758322,0.08816078305244446,0.9089147448539734,1.0,0.4424448013305664,0.03323674947023392,0.5243184566497803,1.0,0.14260569214820862,0.1208188533782959,0.7365754246711731
b1PXsfgQw5w_2,b1PXsfgQw5w,0-2s,1.0,297.0,0.0,0.0,0.0,control,1,BLOCKED,No official common QD query-memory score; stored 768-D audio/text features are not compared.,11,11,0,0,220.0,14.0,11,11,0,0,44.0,12.0,0.9999999403953552,0.0023099910467863083,0.07471805810928345,0.9229719042778015,1.0,0.0020623235031962395,0.020942432805895805,0.9769952297210693,1.0,0.004598549567162991,0.23599599301815033,0.7594054937362671,1.0,0.005008852109313011,0.0651780515909195,0.9298130869865417
bUTOsLXYyxg_1,bUTOsLXYyxg,2-5s,2.0,300.0,0.0,0.3,-0.3,harmful,1,BLOCKED,No official common QD query-memory score; stored 768-D audio/text features are not compared.,11,11,0,0,21.5,5.5,11,11,0,0,212.0,6.0,1.0000001192092896,0.016069721430540085,0.13905009627342224,0.8448801636695862,1.0,0.05270456522703171,0.15565916895866394,0.7916362881660461,1.0,0.023014569655060768,0.16771793365478516,0.809267520904541,0.9999999403953552,0.07514362037181854,0.16952863335609436,0.7553277611732483
bX2vDaHL26U_1,bX2vDaHL26U,2-5s,3.0,74.0,1.0,1.0,0.0,control,0,BLOCKED,No official common QD query-memory score; stored 768-D audio/text features are not compared.,3,6,1,2,38.5,1.0,2,8,2,1,38.0,0.6666666666666666,0.9999999403953552,0.0737229734659195,0.013799155130982399,0.9124778509140015,1.0,0.02652503363788128,0.08316226303577423,0.890312671661377,1.0,0.1900251805782318,0.033183686435222626,0.7767910957336426,1.0,0.08203868567943573,0.1683848798274994,0.7495764493942261
bX2vDaHL26U_2,bX2vDaHL26U,0-2s,1.0,74.0,1.0,1.0,0.0,control,0,BLOCKED,No official common QD query-memory score; stored 768-D audio/text features are not compared.,3,3,3,1,50.0,4.0,4,1,3,2,48.0,0.0,1.0,0.039233412593603134,0.0271094162017107,0.933657169342041,1.0,0.04895271733403206,0.08156594634056091,0.8694813251495361,1.0,0.08390700817108154,0.03607606887817383,0.8800169825553894,1.0,0.0332636721432209,0.059489715844392776,0.9072465896606445
bgbnu5YKTDg_4,bgbnu5YKTDg,2-5s,3.0,198.0,1.0,1.0,0.0,control,0,BLOCKED,No official common QD query-memory score; stored 768-D audio/text features are not compared.,1,11,5,0,69.5,5.666666666666667,1,11,5,0,70.0,4.666666666666667,1.0,0.07227019965648651,0.009309178218245506,0.9184206128120422,1.0,0.11145532876253128,0.06833254545927048,0.8202121257781982,1.0,0.3375750780105591,0.034788668155670166,0.6276362538337708,1.0,0.30141717195510864,0.09261880815029144,0.6059640645980835
bpv_LneHmfU_1,bpv_LneHmfU,2-5s,3.0,138.0,1.0,0.9,0.09999999999999998,control,0,BLOCKED,No official common QD query-memory score; stored 768-D audio/text features are not compared.,11,11,0,0,68.5,1.6666666666666667,11,11,0,0,61.0,2.6666666666666665,1.0,0.08693481981754303,0.1777210682630539,0.7353441119194031,1.0000001192092896,0.016158828511834145,0.345749169588089,0.6380919814109802,1.0,0.3643767833709717,0.27646127343177795,0.35916194319725037,1.0,0.1304410696029663,0.4188714921474457,0.450687438249588
cPiSd5nJLrI_1,cPiSd5nJLrI,2-5s,2.0,60.0,0.0,0.8,-0.8,harmful,1,BLOCKED,No official common QD query-memory score; stored 768-D audio/text features are not compared.,11,1,0,3,7.0,7.0,11,1,0,1,5.5,4.5,1.0,0.0036517202388495207,0.2729175090789795,0.7234308123588562,1.0,0.003187062218785286,0.435186505317688,0.5616264343261719,1.0,0.29774513840675354,0.49707460403442383,0.20518028736114502,1.0,0.16559302806854248,0.706238329410553,0.12816870212554932
cPiSd5nJLrI_2,cPiSd5nJLrI,2-5s,3.0,60.0,1.0,1.0,0.0,control,0,BLOCKED,No official common QD query-memory score; stored 768-D audio/text features are not compared.,1,3,2,2,32.5,1.0,1,2,1,1,32.5,1.0,1.0,0.07856982201337814,0.049584317952394485,0.8718458414077759,1.0,0.20954062044620514,0.08909909427165985,0.7013602256774902,1.0,0.1349298357963562,0.06612809747457504,0.7989420890808105,1.0,0.2866697907447815,0.17744764685630798,0.5358825922012329
cz0FSQDVBMw_2,cz0FSQDVBMw,0-2s,1.0,248.0,0.0,0.2,-0.2,harmful,1,BLOCKED,No official common QD query-memory score; stored 768-D audio/text features are not compared.,11,1,0,1,138.0,8.0,8,2,1,1,130.0,20.0,1.0,0.002374697243794799,0.11514384299516678,0.8824813961982727,1.0,0.007322828285396099,0.21681156754493713,0.7758656740188599,1.0,0.0609884038567543,0.16581925749778748,0.773192286491394,1.0,0.03721161186695099,0.33825814723968506,0.6245302557945251
d6gu2w19YQo_1,d6gu2w19YQo,2-5s,2.0,102.0,1.0,1.0,0.0,control,0,BLOCKED,No official common QD query-memory score; stored 768-D audio/text features are not compared.,3,1,2,1,40.0,2.0,2,1,1,1,41.5,1.5,1.0,0.034294500946998596,0.048271797597408295,0.9174337387084961,1.0,0.09177803248167038,0.16159528493881226,0.7466267347335815,1.0,0.09876524657011032,0.059584684669971466,0.8416500687599182,1.0,0.15800899267196655,0.18939949572086334,0.6525915265083313
dYvL6uEMl6E_1,dYvL6uEMl6E,0-2s,1.0,178.0,0.0,0.0,0.0,control,1,BLOCKED,No official common QD query-memory score; stored 768-D audio/text features are not compared.,11,11,0,0,75.5,5.0,11,11,0,0,76.5,3.0,1.0,0.00375425536185503,0.04705945402383804,0.9491862654685974,1.0,1.0637725608830806e-05,0.1959810107946396,0.8040083050727844,1.0,0.11090318858623505,0.1496509462594986,0.7394459247589111,1.0,5.654636879626196e-06,0.2809412181377411,0.7190530896186829
dkiwn2FdDVw_2,dkiwn2FdDVw,2-5s,2.0,300.0,0.0,0.0,0.0,control,1,BLOCKED,No official common QD query-memory score; stored 768-D audio/text features are not compared.,11,1,0,1,69.0,7.0,11,11,0,0,216.5,8.5,1.0,0.0017651987727731466,0.05032963678240776,0.9479051828384399,0.9999999403953552,0.030079957097768784,0.18379315733909607,0.7861269116401672,1.0,0.00735226646065712,0.10949286818504333,0.8831548690795898,1.0,0.0270113255828619,0.09183458238840103,0.8811540007591248
dkiwn2FdDVw_3,dkiwn2FdDVw,0-2s,1.0,300.0,1.0,0.3,0.7,control,1,BLOCKED,No official common QD query-memory score; stored 768-D audio/text features are not compared.,11,11,0,0,88.0,12.0,2,11,1,0,65.0,26.0,1.0,0.002496617380529642,0.04602609574794769,0.9514772891998291,0.9999999403953552,0.022523505613207817,0.0617937371134758,0.9156827926635742,1.0,0.028524186462163925,0.12491773813962936,0.8465580940246582,1.0,0.02587742730975151,0.03145638480782509,0.9426661133766174
dkiwn2FdDVw_4,dkiwn2FdDVw,2-5s,3.0,300.0,0.0,0.6,-0.6,harmful,1,BLOCKED,No official common QD query-memory score; stored 768-D audio/text features are not compared.,6,1,1,1,67.5,4.333333333333333,11,11,0,0,162.0,5.333333333333333,1.0,0.039802249521017075,0.06005783751606941,0.9001399278640747,1.0,0.01066736038774252,0.262551873922348,0.7267807722091675,1.0,0.32441359758377075,0.1279662400484085,0.5476201772689819,1.0,0.12248948216438293,0.28354698419570923,0.5939635634422302
e2rScj9UyMs_2,e2rScj9UyMs,0-2s,1.0,225.0,0.0,0.3,-0.3,harmful,0,BLOCKED,No official common QD query-memory score; stored 768-D audio/text features are not compared.,2,9,1,1,8.5,9.0,11,10,0,1,170.5,79.0,0.9999999403953552,0.033729422837495804,0.09149142354726791,0.8747791051864624,1.0,0.0017240553861483932,0.00038450746797025204,0.9978914856910706,1.0,0.11695245653390884,0.11763648688793182,0.7654110789299011,0.9999999403953552,0.006808087229728699,0.004467749036848545,0.9887241125106812
eRU-rABp8nk_2,eRU-rABp8nk,2-5s,2.0,299.0,0.0,0.9,-0.9,harmful,0,BLOCKED,No official common QD query-memory score; stored 768-D audio/text features are not compared.,4,11,1,0,243.0,5.0,11,11,0,0,243.5,3.5,1.0,0.004032050725072622,0.0009458402637392282,0.9950221180915833,1.0,0.0029565487056970596,0.006444047670811415,0.9905993938446045,1.0,0.008008459582924843,0.015618011355400085,0.976373553276062,1.0,0.0017534466460347176,0.01662943884730339,0.9816170930862427
eRU-rABp8nk_3,eRU-rABp8nk,0-2s,1.0,299.0,0.0,0.0,0.0,control,1,BLOCKED,No official common QD query-memory score; stored 768-D audio/text features are not compared.,11,11,0,0,245.0,12.0,11,11,0,0,244.5,9.0,1.0,0.003514166921377182,0.0011799103813245893,0.9953059554100037,1.0,0.007032826077193022,0.00039749289862811565,0.9925696849822998,1.0,0.01553124375641346,0.014637064188718796,0.9698317050933838,1.0,0.0010787559440359473,0.02103499509394169,0.9778862595558167
eUecAF626A8_2,eUecAF626A8,2-5s,3.0,299.0,0.0,0.4,-0.4,harmful,1,BLOCKED,No official common QD query-memory score; stored 768-D audio/text features are not compared.,11,11,0,0,48.5,3.0,11,11,0,0,49.5,5.0,1.0,0.003083439776673913,0.14553770422935486,0.8513787984848022,1.0,0.012796496041119099,0.46926024556159973,0.517943263053894,1.0,0.01682586967945099,0.41244372725486755,0.5707303881645203,1.0,0.03019281104207039,0.5660915374755859,0.4037156403064728
eYbFtxZmKL4_1,eYbFtxZmKL4,2-5s,3.0,299.0,1.0,0.6,0.4,control,1,BLOCKED,No official common QD query-memory score; stored 768-D audio/text features are not compared.,11,11,0,0,239.5,3.6666666666666665,2,1,1,1,94.0,3.3333333333333335,1.0,0.011997162364423275,0.0006384120206348598,0.9873644113540649,1.0,0.024703651666641235,0.0033106692135334015,0.9719856977462769,1.0,0.0406375452876091,0.00435623386874795,0.9550062417984009,1.0,0.10198304802179337,0.016864847391843796,0.8811520934104919
elztUCeNQvQ_1,elztUCeNQvQ,2-5s,4.0,299.0,1.0,0.9,0.09999999999999998,control,0,BLOCKED,No official common QD query-memory score; stored 768-D audio/text features are not compared.,2,11,2,0,12.5,2.25,1,11,2,0,189.0,2.0,0.9999998807907104,0.28730493783950806,0.0026708408258855343,0.7100241780281067,1.0,0.31822454929351807,0.01335592195391655,0.6684195399284363,1.0,0.37865233421325684,0.008551745675504208,0.612795889377594,0.9999999403953552,0.35436710715293884,0.05307840555906296,0.59255450963974
elztUCeNQvQ_2,elztUCeNQvQ,2-5s,3.0,299.0,0.0,0.5,-0.5,harmful,0,BLOCKED,No official common QD query-memory score; stored 768-D audio/text features are not compared.,9,11,1,0,63.5,2.3333333333333335,1,11,1,0,220.0,4.0,1.0,0.017999067902565002,0.10968416929244995,0.872316837310791,1.0,0.014992346987128258,0.45234373211860657,0.5326639413833618,1.0,0.05631650611758232,0.2442905455827713,0.6993929147720337,1.0,0.03268802538514137,0.5202714204788208,0.4470406174659729
elztUCeNQvQ_5,elztUCeNQvQ,2-5s,2.0,299.0,1.0,0.8,0.19999999999999996,control,0,BLOCKED,No official common QD query-memory score; stored 768-D audio/text features are not compared.,2,11,2,0,61.0,4.0,2,11,1,0,54.0,5.0,1.0,0.15475480258464813,0.09614061564207077,0.7491046190261841,1.0,0.03458612784743309,0.39881348609924316,0.5666004419326782,0.9999999403953552,0.28374776244163513,0.1658180207014084,0.5504342317581177,1.0,0.08054948598146439,0.48563411831855774,0.43381640315055847
emGPabOePzA_1,emGPabOePzA,2-5s,2.0,101.0,1.0,1.0,0.0,control,0,BLOCKED,No official common QD query-memory score; stored 768-D audio/text features are not compared.,6,11,2,0,27.5,5.5,5,7,2,2,29.5,6.5,1.0,0.057882145047187805,0.031239990144968033,0.9108778238296509,1.0,0.06380850821733475,0.0054252007976174355,0.9307662844657898,1.0,0.22741997241973877,0.09144863486289978,0.6811313629150391,1.0,0.3006677031517029,0.01294333953410387,0.6863889694213867
eu5bq0A3XVQ_2,eu5bq0A3XVQ,2-5s,2.0,300.0,0.0,0.8,-0.8,harmful,0,BLOCKED,No official common QD query-memory score; stored 768-D audio/text features are not compared.,3,11,1,0,114.5,5.5,11,1,0,1,118.0,6.0,1.0,0.019863063469529152,0.07320825755596161,0.9069287180900574,1.0,0.06585746258497238,0.3023468852043152,0.6317956447601318,0.9999999403953552,0.02261810004711151,0.09307528287172318,0.8843066096305847,1.0,0.05499649420380592,0.401737779378891,0.5432658195495605
eu5bq0A3XVQ_3,eu5bq0A3XVQ,2-5s,3.0,300.0,0.0,0.5,-0.5,harmful,0,BLOCKED,No official common QD query-memory score; stored 768-D audio/text features are not compared.,6,1,1,1,13.5,3.0,11,3,0,1,209.0,4.666666666666667,1.0,0.006937600672245026,0.1791696399450302,0.8138927221298218,1.0,0.01401560753583908,0.266554057598114,0.7194303274154663,1.0,0.06819949299097061,0.23666255176067352,0.6951379776000977,0.9999999403953552,0.039851315319538116,0.38567638397216797,0.5744722485542297
fGGYeXR_LS8_1,fGGYeXR_LS8,2-5s,4.0,127.0,1.0,1.0,0.0,control,0,BLOCKED,No official common QD query-memory score; stored 768-D audio/text features are not compared.,1,11,1,0,1.5,0.75,1,11,1,0,2.0,1.0,0.9999999403953552,0.12812095880508423,0.23843412101268768,0.6334449052810669,1.0,0.4445810914039612,0.2003069818019867,0.35511186718940735,1.0,0.13606864213943481,0.28221553564071655,0.5817157626152039,1.0,0.44037240743637085,0.23805536329746246,0.3215722143650055
fK4QBQZ6i7w_1,fK4QBQZ6i7w,2-5s,4.0,299.0,0.0,0.6,-0.6,harmful,0,BLOCKED,No official common QD query-memory score; stored 768-D audio/text features are not compared.,11,11,0,0,236.5,4.25,11,11,0,0,118.0,3.0,0.9999998807907104,0.007057856302708387,0.004199036862701178,0.9887430667877197,1.0000001192092896,0.006006307899951935,0.00045573327224701643,0.9935380220413208,1.0,0.03004748374223709,0.010942688211798668,0.9590098857879639,1.0,0.059968385845422745,0.002381717087700963,0.9376498460769653
fPqj3nnwQOI_1,fPqj3nnwQOI,2-5s,3.0,280.0,1.0,1.0,0.0,control,0,BLOCKED,No official common QD query-memory score; stored 768-D audio/text features are not compared.,2,11,2,0,63.5,7.666666666666667,3,11,1,0,23.0,5.333333333333333,1.0,0.03788691759109497,0.05786195397377014,0.9042510986328125,1.0,0.04970414936542511,0.26932138204574585,0.6809744834899902,1.0,0.580528736114502,0.1837611198425293,0.23571011424064636,1.0,0.21694546937942505,0.354912668466568,0.42814189195632935
fPqj3nnwQOI_2,fPqj3nnwQOI,2-5s,2.0,280.0,1.0,1.0,0.0,control,0,BLOCKED,No official common QD query-memory score; stored 768-D audio/text features are not compared.,4,11,2,0,95.5,20.5,5,11,2,0,25.0,11.0,1.0,0.07960960268974304,0.06856782734394073,0.8518226146697998,1.0,0.046541325747966766,0.13184836506843567,0.8216102719306946,1.0,0.5321948528289795,0.17594072222709656,0.2918644845485687,1.0,0.31133517622947693,0.21389538049697876,0.4747694432735443
fPqj3nnwQOI_3,fPqj3nnwQOI,0-2s,1.0,280.0,0.0,0.7,-0.7,harmful,1,BLOCKED,No official common QD query-memory score; stored 768-D audio/text features are not compared.,11,1,0,1,92.0,26.0,5,11,2,0,143.5,21.0,0.9999999403953552,0.052710093557834625,0.059095144271850586,0.8881947994232178,1.0,0.029414448887109756,0.207855686545372,0.7627299427986145,1.0,0.533784806728363,0.18124936521053314,0.2849658727645874,1.0000001192092896,0.16120244562625885,0.5548780560493469,0.2839195728302002
fPqj3nnwQOI_4,fPqj3nnwQOI,0-2s,1.0,280.0,0.0,0.3,-0.3,harmful,1,BLOCKED,No official common QD query-memory score; stored 768-D audio/text features are not compared.,11,11,0,0,62.0,32.0,11,11,0,0,106.0,88.0,1.0,0.0007453488651663065,0.06401011347770691,0.935244619846344,1.0,0.0028392227832227945,0.19107013940811157,0.8060905933380127,1.0,0.20705413818359375,0.19848157465457916,0.5944643020629883,1.0,0.2111799269914627,0.21394339203834534,0.5748766660690308
fWvWhLJ5Fow_1,fWvWhLJ5Fow,2-5s,4.0,128.0,1.0,1.0,0.0,control,0,BLOCKED,No official common QD query-memory score; stored 768-D audio/text features are not compared.,4,1,2,2,87.5,1.25,4,1,1,1,88.0,1.0,1.0,0.08433845639228821,0.1172601506114006,0.798401415348053,1.0,0.10176080465316772,0.3765415549278259,0.5216976404190063,1.0,0.20151568949222565,0.1545868068933487,0.6438974738121033,0.9999999403953552,0.21345047652721405,0.42773520946502686,0.3588142991065979
fWvWhLJ5Fow_3,fWvWhLJ5Fow,2-5s,4.0,128.0,1.0,0.7,0.30000000000000004,control,0,BLOCKED,No official common QD query-memory score; stored 768-D audio/text features are not compared.,1,11,1,0,102.0,2.0,1,11,1,0,103.5,2.25,1.0,0.10445022583007812,0.059909239411354065,0.835640549659729,1.0,0.24305500090122223,0.13245655596256256,0.6244884729385376,1.0,0.16006410121917725,0.11107900738716125,0.7288569211959839,1.0,0.2948467433452606,0.1570165604352951,0.5481367111206055
fYTZVxQ8LJk_2,fYTZVxQ8LJk,2-5s,3.0,95.0,1.0,1.0,0.0,control,0,BLOCKED,No official common QD query-memory score; stored 768-D audio/text features are not compared.,4,1,1,1,26.0,1.3333333333333333,9,1,2,1,27.5,3.0,1.0,0.08102189749479294,0.08223360776901245,0.836744487285614,1.0,0.05318930000066757,0.3080132305622101,0.6387975215911865,0.9999998807907104,0.2930196523666382,0.11090335249900818,0.5960769653320312,0.9999999403953552,0.11038436740636826,0.2675575613975525,0.622058093547821
fYTZVxQ8LJk_3,fYTZVxQ8LJk,2-5s,2.0,95.0,1.0,0.9,0.09999999999999998,control,0,BLOCKED,No official common QD query-memory score; stored 768-D audio/text features are not compared.,5,11,2,0,5.5,1.5,5,11,2,0,6.0,2.0,1.0000001192092896,0.10182854533195496,0.14649012684822083,0.7516813278198242,1.0,0.015635846182703972,0.3577848970890045,0.6265792846679688,1.0,0.14677828550338745,0.23122817277908325,0.6219935417175293,1.0,0.0280833151191473,0.407890260219574,0.564026415348053
fmEft49sPfE_2,fmEft49sPfE,2-5s,3.0,300.0,1.0,0.7,0.30000000000000004,control,1,BLOCKED,No official common QD query-memory score; stored 768-D audio/text features are not compared.,11,6,0,2,18.0,6.666666666666667,1,11,2,0,19.0,8.666666666666666,1.0,0.02238895185291767,0.15306568145751953,0.8245453834533691,1.0000001192092896,0.03318208083510399,0.5070986151695251,0.45971930027008057,1.0,0.04899454116821289,0.16690848767757416,0.7840969562530518,0.9999999403953552,0.05061943829059601,0.46676456928253174,0.48261600732803345
frOqlk0Wm5Y_1,frOqlk0Wm5Y,0-2s,1.0,109.0,1.0,1.0,0.0,control,0,BLOCKED,No official common QD query-memory score; stored 768-D audio/text features are not compared.,1,11,3,0,80.0,4.0,2,1,1,1,32.0,4.0,1.0,0.05405440554022789,0.0013733842642977834,0.9445722103118896,1.0,0.12164328992366791,0.00946393609046936,0.8688927292823792,1.0,0.5744695663452148,0.006757544353604317,0.4187728762626648,1.0000001192092896,0.31540513038635254,0.06337249279022217,0.6212223768234253
frOqlk0Wm5Y_3,frOqlk0Wm5Y,2-5s,3.0,109.0,1.0,1.0,0.0,control,0,BLOCKED,No official common QD query-memory score; stored 768-D audio/text features are not compared.,1,2,2,2,106.5,1.0,3,1,2,1,34.5,3.6666666666666665,1.0,0.11724565923213959,0.005167433526366949,0.877586841583252,1.0,0.27827292680740356,0.004099476151168346,0.7176275849342346,1.0,0.15296396613121033,0.02604544535279274,0.8209905624389648,1.0,0.2407994270324707,0.0662168338894844,0.6929837465286255
fwhkCnOeyC0_1,fwhkCnOeyC0,2-5s,2.0,299.0,1.0,1.0,0.0,control,0,BLOCKED,No official common QD query-memory score; stored 768-D audio/text features are not compared.,2,11,2,0,98.5,3.5,1,4,3,1,269.5,4.5,1.0,0.11337494105100632,0.005744297988712788,0.8808807730674744,1.0,0.17507316172122955,0.010141640901565552,0.8147851228713989,1.0,0.2064688503742218,0.02355664037168026,0.7699745893478394,1.0,0.28346434235572815,0.025257717818021774,0.6912779211997986
fwhkCnOeyC0_3,fwhkCnOeyC0,2-5s,4.0,299.0,1.0,1.0,0.0,control,0,BLOCKED,No official common QD query-memory score; stored 768-D audio/text features are not compared.,6,11,2,0,47.0,1.5,8,2,1,1,52.5,2.25,1.0,0.06581108272075653,0.023187842220067978,0.9110010862350464,1.0,0.062140267342329025,0.0683102160692215,0.8695495128631592,1.0,0.2378140091896057,0.059104759246110916,0.7030813097953796,0.9999999403953552,0.12456128001213074,0.10849645733833313,0.7669422626495361
gW7s3YAthpI_1,gW7s3YAthpI,2-5s,4.0,299.0,0.0,0.2,-0.2,harmful,1,BLOCKED,No official common QD query-memory score; stored 768-D audio/text features are not compared.,11,11,0,0,21.5,3.75,11,11,0,0,29.0,7.0,1.0,0.009187341667711735,0.24440430104732513,0.7464083433151245,1.0,0.0020730847027152777,0.25804293155670166,0.7398838996887207,0.9999999403953552,0.05390629917383194,0.3212801516056061,0.6248135566711426,1.0,0.04167340323328972,0.4827977418899536,0.4755288362503052
gW7s3YAthpI_2,gW7s3YAthpI,2-5s,3.0,299.0,0.0,0.3,-0.3,harmful,1,BLOCKED,No official common QD query-memory score; stored 768-D audio/text features are not compared.,11,11,0,0,35.5,4.333333333333333,11,11,0,0,250.0,8.0,1.0,0.005366525612771511,0.0706675574183464,0.9239659309387207,1.0,0.009595377370715141,0.08038094639778137,0.9100236892700195,0.9999998807907104,0.021198688074946404,0.11754985898733139,0.8612514138221741,1.0,0.023886119946837425,0.2103540450334549,0.7657598257064819
gbi6MxPf3hA_1,gbi6MxPf3hA,2-5s,4.0,65.0,1.0,1.0,0.0,control,0,BLOCKED,No official common QD query-memory score; stored 768-D audio/text features are not compared.,4,1,4,2,59.5,1.25,9,1,1,2,57.0,1.0,1.0,0.43879228830337524,0.21373331546783447,0.3474743962287903,1.0,0.2537961006164551,0.4454057514667511,0.3007981777191162,1.0,0.5835306644439697,0.33872702717781067,0.07774233818054199,1.0,0.4999573826789856,0.4723271429538727,0.027715541422367096
gbi6MxPf3hA_2,gbi6MxPf3hA,2-5s,4.0,65.0,1.0,1.0,0.0,control,0,BLOCKED,No official common QD query-memory score; stored 768-D audio/text features are not compared.,2,1,1,1,3.5,0.75,5,4,1,1,46.0,1.0,0.9999999403953552,0.09622914344072342,0.24309316277503967,0.6606776714324951,1.0,0.015976840630173683,0.5144263505935669,0.4695967435836792,1.0,0.10563374310731888,0.263356477022171,0.6310097575187683,1.0,0.09632258117198944,0.6030178666114807,0.30065953731536865
gbi6MxPf3hA_3,gbi6MxPf3hA,2-5s,3.0,65.0,1.0,0.8,0.19999999999999996,control,0,BLOCKED,No official common QD query-memory score; stored 768-D audio/text features are not compared.,2,1,1,1,4.0,0.6666666666666666,10,8,1,1,47.0,1.3333333333333333,1.0,0.008584762923419476,0.24450790882110596,0.7469073534011841,1.0,0.02436799928545952,0.4829518795013428,0.4926801323890686,1.0,0.08098135888576508,0.4315177798271179,0.4875008761882782,1.0,0.05451560765504837,0.6122214198112488,0.33326297998428345
gbtcDoh0q3c_2,gbtcDoh0q3c,2-5s,4.0,240.0,0.0,0.1,-0.1,harmful,1,BLOCKED,No official common QD query-memory score; stored 768-D audio/text features are not compared.,11,11,0,0,59.0,4.0,11,11,0,0,56.0,4.5,1.0,0.03789440169930458,0.0007387640071101487,0.9613668918609619,1.0,0.010064932517707348,0.007979199290275574,0.9819557666778564,1.0,0.34698599576950073,0.004678492899984121,0.6483355164527893,1.0,0.11865163594484329,0.018534472212195396,0.8628138303756714
gf6H_MWCqjw_4,gf6H_MWCqjw,2-5s,3.0,119.0,0.0,0.3,-0.3,harmful,0,BLOCKED,No official common QD query-memory score; stored 768-D audio/text features are not compared.,8,11,1,0,10.0,2.6666666666666665,11,11,0,0,74.5,1.6666666666666667,1.0,0.058098264038562775,0.2248910814523697,0.7170106768608093,1.0,0.00830206461250782,0.31432944536209106,0.6773684620857239,1.0,0.36124441027641296,0.24081313610076904,0.397942453622818,1.0,0.07025337964296341,0.28430429100990295,0.6454423666000366
gkWd1HugK2w_1,gkWd1HugK2w,2-5s,2.0,151.0,1.0,0.4,0.6,control,1,BLOCKED,No official common QD query-memory score; stored 768-D audio/text features are not compared.,11,1,0,1,67.5,7.5,11,11,0,0,51.5,7.5,1.0,0.012970048934221268,0.0687859058380127,0.9182440638542175,0.9999999403953552,0.010925054550170898,0.15259742736816406,0.836477518081665,1.0,0.04657474905252457,0.29992929100990295,0.6534959673881531,1.0,0.01273437961935997,0.28165262937545776,0.7056129574775696
glAeihz0NAM_1,glAeihz0NAM,2-5s,4.0,185.0,0.0,0.9,-0.9,harmful,0,BLOCKED,No official common QD query-memory score; stored 768-D audio/text features are not compared.,7,11,1,0,31.5,4.25,11,11,0,0,10.5,3.25,0.9999999403953552,0.034254953265190125,0.015184287913143635,0.9505607485771179,1.0,0.025954220443964005,0.0559302419424057,0.9181155562400818,1.0,0.5981831550598145,0.0315648689866066,0.37025201320648193,1.0,0.17116984724998474,0.07946760952472687,0.7493625283241272
gr5Zss89yLQ_1,gr5Zss89yLQ,0-2s,1.0,106.0,0.0,1.0,-1.0,harmful,0,BLOCKED,No official common QD query-memory score; stored 768-D audio/text features are not compared.,1,2,1,1,5.0,4.0,11,11,0,0,33.5,21.0,1.0,0.16754752397537231,0.0014039457309991121,0.8310484886169434,1.0,0.3067377805709839,0.08814772218465805,0.6051144599914551,1.0,0.17453911900520325,0.049057066440582275,0.7764038443565369,1.0,0.16982035338878632,0.06458038836717606,0.765599250793457
gr5Zss89yLQ_3,gr5Zss89yLQ,2-5s,2.0,106.0,1.0,1.0,0.0,control,0,BLOCKED,No official common QD query-memory score; stored 768-D audio/text features are not compared.,1,2,2,1,29.0,1.0,1,2,2,1,31.0,2.0,1.0,0.08005455136299133,0.0033756219781935215,0.9165698289871216,1.0,0.2548763155937195,0.011513098143041134,0.7336105704307556,1.0,0.16444195806980133,0.017163824290037155,0.8183943033218384,0.9999998807907104,0.4423742890357971,0.026102649047970772,0.5315229892730713
gr5Zss89yLQ_4,gr5Zss89yLQ,2-5s,4.0,106.0,1.0,1.0,0.0,control,0,BLOCKED,No official common QD query-memory score; stored 768-D audio/text features are not compared.,1,3,1,1,52.5,1.25,1,2,2,1,51.5,1.25,1.0,0.0864591971039772,0.010875352658331394,0.9026654958724976,1.0,0.12047668546438217,0.09969287365674973,0.7798304557800293,1.0,0.27247095108032227,0.062095776200294495,0.6654332280158997,1.0,0.25919315218925476,0.14980797469615936,0.5909988880157471
h3UhoHIMfpw_1,h3UhoHIMfpw,2-5s,2.0,130.0,0.0,1.0,-1.0,harmful,0,BLOCKED,No official common QD query-memory score; stored 768-D audio/text features are not compared.,1,2,1,2,68.0,3.0,11,11,0,0,63.0,3.0,0.9999999403953552,0.03509045019745827,0.03532537817955017,0.9295841455459595,1.0,0.0822083055973053,0.03989941254258156,0.8778923153877258,0.9999999403953552,0.10789152979850769,0.07838105410337448,0.8137273788452148,1.0,0.09511629492044449,0.06459292024374008,0.8402907848358154
hDMHIDJdfDA_3,hDMHIDJdfDA,2-5s,2.0,76.0,0.0,0.1,-0.1,harmful,1,BLOCKED,No official common QD query-memory score; stored 768-D audio/text features are not compared.,11,1,0,1,5.0,2.0,11,1,0,1,5.0,2.0,1.0,0.020292984321713448,0.26961058378219604,0.7100964784622192,1.0,0.01931435987353325,0.47795140743255615,0.5027341842651367,0.9999999403953552,0.4627463221549988,0.3287730813026428,0.2084805965423584,1.0,0.21483537554740906,0.5959151387214661,0.18924956023693085
hVUmQfBIYe8_1,hVUmQfBIYe8,2-5s,4.0,179.0,1.0,1.0,0.0,control,0,BLOCKED,No official common QD query-memory score; stored 768-D audio/text features are not compared.,5,11,3,0,139.5,1.75,2,11,3,0,140.5,1.25,1.0,0.04781229794025421,0.004177852068096399,0.9480098485946655,1.0,0.08448750525712967,0.007026907987892628,0.9084855914115906,1.0,0.5720633268356323,0.012343674898147583,0.4155930280685425,1.0,0.3418083190917969,0.045591142028570175,0.612600564956665
hmd6pa2e_rs_1,hmd6pa2e_rs,0-2s,1.0,242.0,0.0,0.0,0.0,control,1,BLOCKED,No official common QD query-memory score; stored 768-D audio/text features are not compared.,11,1,0,1,56.5,15.0,11,1,0,1,58.5,13.0,0.9999999403953552,0.0036123779136687517,0.06981221586465836,0.9265753030776978,1.0,0.008436032570898533,0.1993819922208786,0.7921819686889648,1.0,0.008759012445807457,0.11044258624315262,0.8807984590530396,0.9999999403953552,0.007777625694870949,0.312284916639328,0.679937481880188
hmd6pa2e_rs_2,hmd6pa2e_rs,2-5s,2.0,242.0,0.0,0.2,-0.2,harmful,1,BLOCKED,No official common QD query-memory score; stored 768-D audio/text features are not compared.,11,1,0,1,55.0,7.0,11,11,0,0,61.5,8.5,1.0,0.012390612624585629,0.08713269233703613,0.9004766941070557,1.0,0.0026520797982811928,0.22673854231834412,0.7706093788146973,1.0,0.2649461627006531,0.213733971118927,0.5213198661804199,1.0,0.16735920310020447,0.24359893798828125,0.5890418291091919
hmd6pa2e_rs_3,hmd6pa2e_rs,2-5s,3.0,242.0,0.0,0.0,0.0,control,1,BLOCKED,No official common QD query-memory score; stored 768-D audio/text features are not compared.,11,11,0,0,4.0,2.6666666666666665,11,11,0,0,5.0,3.3333333333333335,1.0,0.009625270962715149,0.3596310019493103,0.630743682384491,1.0000001192092896,1.163358547273674e-07,0.6370174884796143,0.3629823625087738,1.0,0.3399779796600342,0.3718303143978119,0.28819167613983154,1.0,8.479785901727155e-05,0.6373600363731384,0.3625551760196686
hzn_wGlzGpU_1,hzn_wGlzGpU,2-5s,2.0,126.0,0.0,1.0,-1.0,harmful,0,BLOCKED,No official common QD query-memory score; stored 768-D audio/text features are not compared.,1,2,1,2,3.0,3.0,11,2,0,1,4.5,3.5,1.0,0.1282566338777542,0.1172110065817833,0.7545323371887207,1.0,0.29131433367729187,6.371451945597073e-06,0.7086793184280396,1.0,0.13025344908237457,0.2406919151544571,0.6290546655654907,1.0000001192092896,0.2959621548652649,0.07937950640916824,0.6246583461761475
hzn_wGlzGpU_2,hzn_wGlzGpU,0-2s,1.0,126.0,1.0,1.0,0.0,control,0,BLOCKED,No official common QD query-memory score; stored 768-D audio/text features are not compared.,1,7,4,1,10.5,5.0,1,11,2,0,11.0,10.0,1.0,0.10114672034978867,0.04633517190814018,0.8525180816650391,1.0,0.1384446918964386,0.061319854110479355,0.8002354502677917,0.9999999403953552,0.18669123947620392,0.06085864454507828,0.7524500489234924,1.0,0.20989693701267242,0.0974198654294014,0.6926831603050232
i6MQCm58zlY_3,i6MQCm58zlY,2-5s,3.0,247.0,0.0,1.0,-1.0,harmful,0,BLOCKED,No official common QD query-memory score; stored 768-D audio/text features are not compared.,11,2,0,2,146.0,3.3333333333333335,11,1,0,1,72.5,3.6666666666666665,1.0,5.2780218538828194e-05,5.799891005153768e-05,0.9998893737792969,1.0,0.06307841837406158,0.05427737534046173,0.8826442360877991,1.0,0.0024597670417279005,0.0024605896323919296,0.9950796961784363,1.0,0.05399692803621292,0.17195945978164673,0.7740435600280762
iOCpICiu4LA_2,iOCpICiu4LA,2-5s,3.0,299.0,0.0,0.0,0.0,control,1,BLOCKED,No official common QD query-memory score; stored 768-D audio/text features are not compared.,11,11,0,0,57.5,4.333333333333333,11,11,0,0,56.0,4.666666666666667,1.0,0.008880137465894222,0.019022813066840172,0.9720970392227173,1.0,0.03919951617717743,0.06824095547199249,0.8925595283508301,1.0,0.03764556348323822,0.03116314299404621,0.9311913251876831,0.9999999403953552,0.055684756487607956,0.11451129615306854,0.8298039436340332
ilspW7JRjAg_1,ilspW7JRjAg,0-2s,1.0,208.0,0.0,0.0,0.0,control,1,BLOCKED,No official common QD query-memory score; stored 768-D audio/text features are not compared.,11,11,0,0,60.5,41.0,11,11,0,0,93.5,157.0,1.0,0.0042028059251606464,0.014541040174663067,0.9812561273574829,0.9999999403953552,0.00729345204308629,0.026884373277425766,0.9658221006393433,1.0,0.026239831000566483,0.060349490493535995,0.9134106636047363,1.0,0.09551750123500824,0.04183010756969452,0.8626524209976196
inSvboaSRwA_2,inSvboaSRwA,0-2s,1.0,299.0,0.0,0.5,-0.5,harmful,0,BLOCKED,No official common QD query-memory score; stored 768-D audio/text features are not compared.,11,5,0,1,288.0,10.0,11,11,0,0,58.0,16.0,1.0,0.0028800340369343758,0.0052953786216676235,0.9918245077133179,0.9999999403953552,0.0036996174603700638,0.0089556984603405,0.9873446822166443,1.0,0.007974174804985523,0.012160520069301128,0.9798652529716492,1.0,0.0014534922083839774,0.004178606905043125,0.9943678975105286
jid4t-FzUn0_1,jid4t-FzUn0,2-5s,2.0,163.0,1.0,0.9,0.09999999999999998,control,0,BLOCKED,No official common QD query-memory score; stored 768-D audio/text features are not compared.,5,11,2,0,10.0,3.0,5,11,1,0,10.5,3.5,1.0,0.016135049983859062,0.13648034632205963,0.8473846316337585,1.0,0.0188693106174469,0.30028894543647766,0.6808417439460754,1.0,0.04274414852261543,0.1543141007423401,0.8029418587684631,1.0,0.03935182839632034,0.28529417514801025,0.67535400390625
jid4t-FzUn0_3,jid4t-FzUn0,2-5s,3.0,163.0,1.0,0.9,0.09999999999999998,control,1,BLOCKED,No official common QD query-memory score; stored 768-D audio/text features are not compared.,11,1,0,1,5.0,1.3333333333333333,2,1,1,1,5.0,2.0,1.0,0.03130888193845749,0.12204344570636749,0.8466476798057556,1.0,0.011243113316595554,0.21259331703186035,0.7761635780334473,0.9999999403953552,0.13103258609771729,0.194837749004364,0.6741296052932739,1.0,0.018968796357512474,0.5339603424072266,0.447070837020874
jjfUaMQaG1A_2,jjfUaMQaG1A,0-2s,1.0,300.0,0.0,0.7,-0.7,harmful,1,BLOCKED,No official common QD query-memory score; stored 768-D audio/text features are not compared.,11,11,0,0,9.5,9.0,11,11,0,0,211.5,13.0,1.0,0.005529860034584999,0.1015525609254837,0.8929176330566406,1.0,0.0028164128307253122,0.3210722506046295,0.6761113405227661,1.0,0.02580626681447029,0.14598123729228973,0.8282124996185303,1.0000001192092896,0.012922852300107479,0.3526286482810974,0.6344485282897949
jlwe9jtu5Gw_1,jlwe9jtu5Gw,2-5s,3.0,63.0,1.0,1.0,0.0,control,0,BLOCKED,No official common QD query-memory score; stored 768-D audio/text features are not compared.,1,2,4,1,3.5,1.0,1,3,1,1,3.0,1.3333333333333333,0.9999998807907104,0.25311416387557983,0.02534398064017296,0.7215418219566345,0.9999999403953552,0.26355746388435364,0.04220835864543915,0.6942341327667236,1.0,0.37665197253227234,0.10049942880868912,0.5228486061096191,1.0,0.6263067126274109,0.09483524411916733,0.2788580358028412
jlwe9jtu5Gw_2,jlwe9jtu5Gw,2-5s,2.0,63.0,0.0,1.0,-1.0,harmful,0,BLOCKED,No official common QD query-memory score; stored 768-D audio/text features are not compared.,2,1,2,1,31.5,1.5,11,1,0,2,33.0,2.0,1.0,0.015343879349529743,0.1127496212720871,0.8719065189361572,1.0,0.120266392827034,0.26894453167915344,0.6107890605926514,0.9999999403953552,0.06961967796087265,0.22203248739242554,0.7083477973937988,1.0,0.1701316237449646,0.3279191553592682,0.5019491910934448
jlwe9jtu5Gw_3,jlwe9jtu5Gw,2-5s,3.0,63.0,1.0,1.0,0.0,control,0,BLOCKED,No official common QD query-memory score; stored 768-D audio/text features are not compared.,5,1,3,2,3.5,1.0,9,1,2,1,4.5,1.6666666666666667,1.0,0.15408536791801453,0.2924942970275879,0.55342036485672,1.0,0.06789086014032364,0.44893690943717957,0.4831722378730774,1.0,0.4209488332271576,0.3737184703350067,0.20533272624015808,1.0,0.11458812654018402,0.7482782602310181,0.13713359832763672
kHIe4CfaccQ_2,kHIe4CfaccQ,2-5s,2.0,112.0,1.0,0.8,0.19999999999999996,control,0,BLOCKED,No official common QD query-memory score; stored 768-D audio/text features are not compared.,4,7,1,1,99.5,7.5,6,9,1,1,88.5,17.5,1.0,0.0032711282838135958,0.2642604410648346,0.7324684858322144,0.9999999403953552,0.0007516550249420106,0.08012376725673676,0.9191245436668396,1.0,0.005780196748673916,0.33987903594970703,0.6543407440185547,1.0,0.0011340549681335688,0.13011902570724487,0.8687469363212585
kXjzsroVTtw_1,kXjzsroVTtw,0-2s,1.0,92.0,0.0,1.0,-1.0,harmful,1,BLOCKED,No official common QD query-memory score; stored 768-D audio/text features are not compared.,11,1,0,1,1.0,2.0,11,1,0,1,1.0,2.0,1.0,0.02772759459912777,0.249175027012825,0.7230974435806274,1.0,0.013992208987474442,0.4889621436595917,0.4970456659793854,1.0000001192092896,0.1759704351425171,0.300165057182312,0.5238645076751709,1.0,0.172541081905365,0.4892213046550751,0.33823758363723755
kdflh3akyH8_1,kdflh3akyH8,2-5s,2.0,99.0,1.0,0.6,0.4,control,0,BLOCKED,No official common QD query-memory score; stored 768-D audio/text features are not compared.,6,11,1,0,5.0,2.0,10,11,1,0,4.0,3.0,1.0,0.02074139378964901,0.1492372751235962,0.8300213813781738,1.0,0.03129013627767563,0.14033357799053192,0.828376293182373,1.0,0.21521979570388794,0.27194222807884216,0.5128380060195923,1.0,0.14089249074459076,0.2160518616437912,0.6430556774139404
lTfNLKEy1RU_2,lTfNLKEy1RU,2-5s,2.0,181.0,1.0,1.0,0.0,control,0,BLOCKED,No official common QD query-memory score; stored 768-D audio/text features are not compared.,2,1,1,1,6.5,2.5,2,11,1,0,7.5,2.5,1.0,0.054824333637952805,0.18895477056503296,0.7562209367752075,0.9999999403953552,8.343955641976208e-07,0.2903232276439667,0.7096759676933289,1.0,0.10903069376945496,0.24694934487342834,0.6440200209617615,1.0,9.57382217166014e-05,0.366457998752594,0.6334462761878967
lVr-PxhZo8s_1,lVr-PxhZo8s,2-5s,2.0,69.0,1.0,1.0,0.0,control,0,BLOCKED,No official common QD query-memory score; stored 768-D audio/text features are not compared.,1,1,1,1,1.0,1.0,1,1,1,1,1.0,1.0,0.9999999403953552,0.03605847805738449,0.09477543085813522,0.8691660761833191,1.0,0.13982363045215607,0.34430623054504395,0.5158701539039612,1.0,0.04397367313504219,0.10378760099411011,0.8522387742996216,1.0,0.14200961589813232,0.3399970531463623,0.5179933309555054
lVr-PxhZo8s_3,lVr-PxhZo8s,0-2s,1.0,69.0,0.0,0.8,-0.8,harmful,0,BLOCKED,No official common QD query-memory score; stored 768-D audio/text features are not compared.,7,11,1,0,6.0,6.0,11,11,0,0,8.5,17.0,1.0,0.1539137363433838,0.09193187952041626,0.7541543245315552,1.0,0.051933228969573975,0.4157533347606659,0.5323134064674377,1.0,0.2356637716293335,0.15171734988689423,0.6126189231872559,1.0,0.058166760951280594,0.3518257737159729,0.5900074243545532
lgwpIImXCWA_3,lgwpIImXCWA,2-5s,2.0,194.0,1.0,1.0,0.0,control,0,BLOCKED,No official common QD query-memory score; stored 768-D audio/text features are not compared.,2,11,1,0,52.5,2.5,1,2,1,1,131.5,3.5,1.0,0.030738849192857742,0.0508720688521862,0.918389081954956,1.0,0.000606913585215807,0.2461518794298172,0.753241240978241,1.0,0.10531118512153625,0.07411319017410278,0.8205756545066833,1.0,0.0037047381047159433,0.43627744913101196,0.5600177645683289
lh801oHGtD4_2,lh801oHGtD4,2-5s,3.0,97.0,1.0,1.0,0.0,control,0,BLOCKED,No official common QD query-memory score; stored 768-D audio/text features are not compared.,1,11,4,0,79.5,1.0,1,11,4,0,80.0,1.3333333333333333,1.0,0.1169489175081253,0.019905749708414078,0.8631453514099121,1.0,0.31744852662086487,0.009404953569173813,0.6731466054916382,1.0,0.2817361652851105,0.059613436460494995,0.6586503982543945,1.0,0.4300450384616852,0.024398332461714745,0.5455566644668579
lh801oHGtD4_3,lh801oHGtD4,2-5s,4.0,97.0,1.0,1.0,0.0,control,0,BLOCKED,No official common QD query-memory score; stored 768-D audio/text features are not compared.,11,11,0,0,7.0,2.0,9,11,1,0,6.0,1.5,1.0,0.07874053716659546,0.33658790588378906,0.5846715569496155,1.0,0.025315221399068832,0.5896462798118591,0.3850385248661041,1.0,0.576033890247345,0.37683776021003723,0.04712832719087601,1.0,0.12489663064479828,0.6625765562057495,0.21252676844596863
lmPMhs-9IYE_2,lmPMhs-9IYE,2-5s,4.0,155.0,1.0,0.1,0.9,control,1,BLOCKED,No official common QD query-memory score; stored 768-D audio/text features are not compared.,11,3,0,1,132.0,6.0,1,11,1,0,95.5,0.75,1.0,0.012654490768909454,0.08087129890918732,0.906474232673645,1.0,0.005524166859686375,0.064641572535038,0.9298343062400818,1.0,0.19497914612293243,0.14250536262989044,0.6625155210494995,1.0,0.11178118735551834,0.09570923447608948,0.7925095558166504
lrKGCtSsAkA_2,lrKGCtSsAkA,2-5s,2.0,240.0,0.0,0.0,0.0,control,1,BLOCKED,No official common QD query-memory score; stored 768-D audio/text features are not compared.,11,6,0,1,145.5,98.5,11,11,0,0,116.0,114.0,1.0,0.021918054670095444,0.01991180330514908,0.9581701755523682,1.0,0.011819982901215553,0.0073310695588588715,0.9808489084243774,1.0,0.25945234298706055,0.04410702735185623,0.6964406371116638,1.0,0.14197775721549988,0.03418930619955063,0.8238328695297241
lrKGCtSsAkA_3,lrKGCtSsAkA,0-2s,1.0,240.0,0.0,0.8,-0.8,harmful,0,BLOCKED,No official common QD query-memory score; stored 768-D audio/text features are not compared.,11,1,0,2,232.5,15.0,11,11,0,0,220.5,39.0,1.0,0.012907416559755802,0.1459818035364151,0.8411107659339905,1.0,0.003668305929750204,0.389777809381485,0.6065539121627808,1.0,0.10639485716819763,0.34772127866744995,0.5458838939666748,1.0,0.07976497709751129,0.5628228187561035,0.357412189245224
lrKGCtSsAkA_4,lrKGCtSsAkA,0-2s,1.0,240.0,1.0,1.0,0.0,control,0,BLOCKED,No official common QD query-memory score; stored 768-D audio/text features are not compared.,2,1,1,1,235.0,8.0,4,3,1,1,39.5,15.0,1.0,0.06393362581729889,0.1106753870844841,0.8253909945487976,1.0,0.11453503370285034,0.20463167130947113,0.6808332800865173,0.9999999403953552,0.08269374072551727,0.22044585645198822,0.6968603730201721,1.0,0.07293283939361572,0.2941319942474365,0.6329351663589478
mSF_FqBtRPs_1,mSF_FqBtRPs,2-5s,4.0,67.0,1.0,1.0,0.0,control,0,BLOCKED,No official common QD query-memory score; stored 768-D audio/text features are not compared.,1,3,1,1,4.0,0.5,1,9,1,1,3.5,0.75,0.9999999403953552,0.244174063205719,0.0063695767894387245,0.7494563460350037,1.0,0.4318554699420929,0.053741455078125,0.5144031047821045,0.9999999403953552,0.28553158044815063,0.01845713146030903,0.6960111856460571,1.0,0.41430267691612244,0.07682500779628754,0.508872389793396
mWqH2xwjkYA_1,mWqH2xwjkYA,2-5s,4.0,118.0,1.0,1.0,0.0,control,0,BLOCKED,No official common QD query-memory score; stored 768-D audio/text features are not compared.,2,11,5,0,16.0,1.5,2,11,3,0,15.0,1.5,1.0,0.3294364809989929,0.07043448090553284,0.6001290082931519,1.0,0.37482747435569763,0.06526047736406326,0.5599120855331421,1.0,0.6563201546669006,0.09173884987831116,0.251941055059433,1.0,0.5384440422058105,0.10827131569385529,0.353284627199173
m_U506sf9p4_2,m_U506sf9p4,2-5s,2.0,212.0,0.0,0.7,-0.7,harmful,1,BLOCKED,No official common QD query-memory score; stored 768-D audio/text features are not compared.,11,5,0,1,74.5,2.5,11,11,0,0,14.0,5.0,1.0,0.034050147980451584,0.028949454426765442,0.9370003938674927,1.0000001192092896,0.046835269778966904,0.1898002028465271,0.7633644938468933,1.0,0.055263541638851166,0.07505366951227188,0.869682788848877,1.0,0.04192674160003662,0.12732510268688202,0.8307481408119202
m_U506sf9p4_3,m_U506sf9p4,2-5s,2.0,212.0,0.0,1.0,-1.0,harmful,1,BLOCKED,No official common QD query-memory score; stored 768-D audio/text features are not compared.,11,11,0,0,74.5,3.5,2,11,2,0,62.0,3.0,1.0,0.031155984848737717,0.07679711282253265,0.8920469284057617,1.0,0.08254987001419067,0.07686596363782883,0.8405841588973999,1.0,0.051633112132549286,0.1439025104045868,0.8044643998146057,1.0,0.05616667866706848,0.10616627335548401,0.8376669883728027
m_U506sf9p4_4,m_U506sf9p4,2-5s,3.0,212.0,1.0,1.0,0.0,control,0,BLOCKED,No official common QD query-memory score; stored 768-D audio/text features are not compared.,2,11,1,0,134.5,3.6666666666666665,2,11,2,0,133.5,4.333333333333333,1.0,6.702134851366282e-05,1.849110412877053e-05,0.9999145269393921,1.0,0.022169888019561768,0.0038257359992712736,0.974004328250885,1.0,0.00048817123752087355,0.00019244849681854248,0.9993194341659546,1.0,0.06686097383499146,0.020104678347706795,0.9130343794822693
n-JyOqYSLQM_2,n-JyOqYSLQM,2-5s,2.0,299.0,1.0,0.1,0.9,control,1,BLOCKED,No official common QD query-memory score; stored 768-D audio/text features are not compared.,11,1,0,1,113.0,5.0,5,1,1,1,116.0,5.0,0.9999999403953552,0.0042004669085145,0.028438743203878403,0.9673607349395752,0.9999998807907104,0.01006939634680748,0.10235133767127991,0.8875792622566223,1.0,0.018852772191166878,0.04065880924463272,0.9404883980751038,1.0,0.028744801878929138,0.10949885845184326,0.8617563247680664
nLtNjMimLE0_1,nLtNjMimLE0,2-5s,4.0,299.0,0.0,0.3,-0.3,harmful,1,BLOCKED,No official common QD query-memory score; stored 768-D audio/text features are not compared.,11,11,0,0,228.5,6.25,11,11,0,0,249.0,20.5,1.0,0.01120000146329403,0.0375797338783741,0.9512202143669128,1.0,0.004651123657822609,0.09156179428100586,0.9037870764732361,1.0,0.022627968341112137,0.09223273396492004,0.8851393461227417,1.0,0.010268455371260643,0.086007259786129,0.9037243127822876
nU-AI3Cmc3M_1,nU-AI3Cmc3M,2-5s,3.0,86.0,0.0,1.0,-1.0,harmful,0,BLOCKED,No official common QD query-memory score; stored 768-D audio/text features are not compared.,8,1,1,1,2.0,1.3333333333333333,11,3,0,1,24.5,4.333333333333333,1.0,0.0054617286659777164,0.22321105003356934,0.7713272571563721,1.0000001192092896,0.028717488050460815,0.5036479234695435,0.4676345884799957,1.0,0.1020297035574913,0.3013377785682678,0.5966324806213379,1.0,0.12778934836387634,0.5415806770324707,0.33062994480133057
nlC4UI4hZ60_2,nlC4UI4hZ60,2-5s,3.0,77.0,0.0,0.0,0.0,control,0,BLOCKED,No official common QD query-memory score; stored 768-D audio/text features are not compared.,8,11,1,0,2.5,1.6666666666666667,11,11,0,0,2.5,1.6666666666666667,1.0,0.02198922634124756,0.3748936653137207,0.6031171083450317,1.0,0.018828360363841057,0.6539652347564697,0.32720643281936646,1.0000001192092896,0.4769734740257263,0.389925479888916,0.13310106098651886,1.0,0.24748441576957703,0.7404994368553162,0.012016115710139275
o7-X8DAToGc_1,o7-X8DAToGc,2-5s,2.0,300.0,1.0,0.0,1.0,control,1,BLOCKED,No official common QD query-memory score; stored 768-D audio/text features are not compared.,11,11,0,0,182.5,5.5,8,11,1,0,182.5,6.5,1.0,0.01492202840745449,0.00012327385775279254,0.9849547147750854,1.0,0.014155345037579536,0.003076974768191576,0.9827677011489868,0.9999998807907104,0.1093415915966034,0.000578146951738745,0.8900801539421082,1.0,0.053554046899080276,0.0030021185521036386,0.9434438347816467
o7-X8DAToGc_2,o7-X8DAToGc,2-5s,2.0,300.0,0.0,0.0,0.0,control,1,BLOCKED,No official common QD query-memory score; stored 768-D audio/text features are not compared.,11,11,0,0,116.5,7.5,11,11,0,0,90.0,10.0,0.9999999403953552,0.013523886911571026,0.0032825456000864506,0.9831935167312622,1.0,0.03324264660477638,0.015528948977589607,0.9512283802032471,1.0,0.05000891909003258,0.010368413291871548,0.939622700214386,1.0,0.03372254967689514,0.05009926110506058,0.9161782264709473
oN0IcZaHD_8_2,oN0IcZaHD_8,2-5s,2.0,299.0,1.0,1.0,0.0,control,0,BLOCKED,No official common QD query-memory score; stored 768-D audio/text features are not compared.,1,11,1,0,42.5,6.5,1,11,1,0,37.0,13.0,1.0,0.12944015860557556,0.010294654406607151,0.8602652549743652,1.0,0.1458192765712738,0.02773665450513363,0.8264440894126892,1.0,0.1560337394475937,0.017635440453886986,0.826330840587616,1.0,0.26463934779167175,0.04393978789448738,0.6914209127426147
oNHCc_izsDE_1,oNHCc_izsDE,0-2s,1.0,106.0,0.0,1.0,-1.0,harmful,0,BLOCKED,No official common QD query-memory score; stored 768-D audio/text features are not compared.,1,1,1,1,1.5,3.0,11,11,0,0,92.5,29.0,1.0,0.11076252162456512,0.03325069695711136,0.8559867143630981,1.0,0.26670435070991516,0.10773609578609467,0.6255595684051514,1.0,0.12619924545288086,0.04380849748849869,0.8299922347068787,1.0000001192092896,0.15051570534706116,0.09229020774364471,0.7571941018104553
os_2U4xqTqw_1,os_2U4xqTqw,2-5s,3.0,223.0,1.0,1.0,0.0,control,0,BLOCKED,No official common QD query-memory score; stored 768-D audio/text features are not compared.,1,11,3,0,22.0,4.666666666666667,4,3,1,1,158.5,35.0,1.0,0.017826838418841362,0.03818952292203903,0.9439836144447327,1.0,0.12807874381542206,0.184450164437294,0.6874710917472839,1.0,0.08676415681838989,0.0750432088971138,0.8381927013397217,0.9999999403953552,0.1265682876110077,0.16453060507774353,0.708901047706604
os_2U4xqTqw_2,os_2U4xqTqw,2-5s,3.0,223.0,1.0,1.0,0.0,control,0,BLOCKED,No official common QD query-memory score; stored 768-D audio/text features are not compared.,5,11,1,0,52.0,6.0,6,11,1,0,104.5,9.0,1.0,0.0289666336029768,0.029797516763210297,0.9412358999252319,1.0000001192092896,0.1445780098438263,0.08471088111400604,0.7707111239433289,0.9999999403953552,0.16219337284564972,0.08806987851858139,0.7497367262840271,1.0,0.15368525683879852,0.1581864058971405,0.6881283521652222
os_2U4xqTqw_3,os_2U4xqTqw,0-2s,1.0,223.0,1.0,1.0,0.0,control,0,BLOCKED,No official common QD query-memory score; stored 768-D audio/text features are not compared.,1,11,1,0,64.5,9.0,8,8,1,1,113.0,26.0,1.0,0.012178011238574982,0.008058481849730015,0.9797635078430176,1.0,0.045444224029779434,0.026392368599772453,0.9281634092330933,1.0,0.04272376000881195,0.027728937566280365,0.9295473098754883,1.0,0.016037173569202423,0.008326610550284386,0.9756362438201904
os_2U4xqTqw_4,os_2U4xqTqw,2-5s,4.0,223.0,0.0,0.7,-0.7,harmful,0,BLOCKED,No official common QD query-memory score; stored 768-D audio/text features are not compared.,6,1,1,2,58.5,2.25,11,9,0,1,88.0,4.5,0.9999999403953552,0.016864832490682602,0.018502127379179,0.9646329879760742,1.0,0.026564959436655045,0.08021619915962219,0.8932188153266907,1.0,0.24047580361366272,0.05262061208486557,0.7069035172462463,1.0,0.26389098167419434,0.048089709132909775,0.688019335269928
p9qRTh4BmSE_1,p9qRTh4BmSE,2-5s,2.0,128.0,0.0,0.3,-0.3,harmful,1,BLOCKED,No official common QD query-memory score; stored 768-D audio/text features are not compared.,11,1,0,1,21.5,3.5,11,7,0,1,96.0,5.0,1.0,0.014328818768262863,0.06126249581575394,0.9244086742401123,1.0,0.03461698815226555,0.19539237022399902,0.7699906229972839,1.0,0.031559981405735016,0.1446620225906372,0.8237779140472412,1.0,0.039482615888118744,0.23888008296489716,0.7216373085975647
p9qRTh4BmSE_2,p9qRTh4BmSE,2-5s,2.0,128.0,1.0,0.9,0.09999999999999998,control,0,BLOCKED,No official common QD query-memory score; stored 768-D audio/text features are not compared.,7,1,1,1,13.5,10.5,10,11,1,0,93.5,6.5,1.0,0.0007930131396278739,0.3707357347011566,0.6284712553024292,0.9999999403953552,0.019659709185361862,0.7364015579223633,0.24393871426582336,1.0,0.10696922242641449,0.6400436162948608,0.2529871463775635,1.0,0.03319181874394417,0.7997652292251587,0.1670430302619934
pCQEWAFGEjc_1,pCQEWAFGEjc,2-5s,3.0,299.0,1.0,1.0,0.0,control,0,BLOCKED,No official common QD query-memory score; stored 768-D audio/text features are not compared.,1,11,2,0,49.5,3.0,1,11,2,0,117.5,3.6666666666666665,1.0,0.05069547891616821,0.04750901460647583,0.901795506477356,1.0,0.16724948585033417,0.05020909756422043,0.7825413942337036,1.0,0.3591119349002838,0.0727013573050499,0.5681867003440857,0.9999999403953552,0.2258841097354889,0.07742278277873993,0.6966930031776428
pCQEWAFGEjc_2,pCQEWAFGEjc,2-5s,4.0,299.0,0.0,0.8,-0.8,harmful,1,BLOCKED,No official common QD query-memory score; stored 768-D audio/text features are not compared.,11,11,0,0,120.5,2.75,11,11,0,0,121.5,4.25,1.0,0.008126966655254364,0.38839399814605713,0.6034790277481079,1.0,0.013411812484264374,0.15794289112091064,0.8286453485488892,1.0,0.19994866847991943,0.48939451575279236,0.3106568455696106,1.0,0.11777007579803467,0.1874278038740158,0.6948021650314331
pHYkWkZ4guE_3,pHYkWkZ4guE,2-5s,2.0,300.0,0.0,0.9,-0.9,harmful,1,BLOCKED,No official common QD query-memory score; stored 768-D audio/text features are not compared.,11,3,0,1,161.5,4.5,11,11,0,0,123.5,7.5,1.0,0.012000875547528267,0.0011005915002897382,0.9868985414505005,1.0,0.020303765311837196,0.16643308103084564,0.8132631182670593,0.9999998807907104,0.09073075652122498,0.0168585404753685,0.8924106955528259,1.0,0.08164436370134354,0.23983952403068542,0.678516149520874
pI_kPedctoo_1,pI_kPedctoo,0-2s,1.0,76.0,1.0,1.0,0.0,control,0,BLOCKED,No official common QD query-memory score; stored 768-D audio/text features are not compared.,1,1,3,3,74.0,2.0,2,2,2,2,5.0,4.0,1.0,0.10937608778476715,0.10405705869197845,0.7865669131278992,0.9999999403953552,0.1853104531764984,0.09101317077875137,0.723676323890686,1.0,0.13145603239536285,0.13347971439361572,0.7350643277168274,1.0,0.15458561480045319,0.06609206646680832,0.7793223261833191
pO8kbg9IJnc_2,pO8kbg9IJnc,2-5s,4.0,131.0,1.0,1.0,0.0,control,0,BLOCKED,No official common QD query-memory score; stored 768-D audio/text features are not compared.,2,3,1,1,97.0,2.0,4,11,1,0,32.5,2.75,1.0,0.04006899893283844,0.00426908116787672,0.9556618928909302,1.0,0.06859543174505234,0.022365674376487732,0.9090389013290405,0.9999999403953552,0.1101691722869873,0.009556056931614876,0.8802747130393982,1.0,0.1450035125017166,0.05597823113203049,0.7990183234214783
pO8kbg9IJnc_3,pO8kbg9IJnc,2-5s,2.0,131.0,1.0,1.0,0.0,control,0,BLOCKED,No official common QD query-memory score; stored 768-D audio/text features are not compared.,1,6,3,2,92.0,2.0,1,10,3,1,92.5,2.5,1.0,0.0962197482585907,0.00010119400394614786,0.9036790728569031,0.9999999403953552,0.18680046498775482,0.007655839901417494,0.8055436611175537,1.0,0.13155542314052582,0.0014952154597267509,0.8669494390487671,1.0,0.3191014528274536,0.028105493634939194,0.6527930498123169
paf0nyjg1Js_1,paf0nyjg1Js,2-5s,4.0,299.0,0.0,0.4,-0.4,harmful,1,BLOCKED,No official common QD query-memory score; stored 768-D audio/text features are not compared.,11,11,0,0,64.5,5.25,11,11,0,0,105.5,21.75,1.0,0.012825097888708115,0.034864701330661774,0.9523102045059204,1.0,0.046712443232536316,0.2618408799171448,0.6914466619491577,1.0,0.04174397140741348,0.17500805854797363,0.7832479476928711,1.0,0.037491753697395325,0.210109680891037,0.7523985505104065
paf0nyjg1Js_2,paf0nyjg1Js,2-5s,3.0,299.0,1.0,0.3,0.7,control,1,BLOCKED,No official common QD query-memory score; stored 768-D audio/text features are not compared.,1,11,1,0,262.5,5.0,1,11,1,0,234.0,4.0,1.0,0.013223862275481224,0.0034530276898294687,0.9833230972290039,0.9999999403953552,0.03284759074449539,0.0035976702347397804,0.9635547399520874,1.0,0.05911116302013397,0.013757973909378052,0.9271308183670044,1.0,0.06875291466712952,0.015422778204083443,0.915824294090271
pgq2KPX5_SA_2,pgq2KPX5_SA,2-5s,4.0,208.0,0.0,0.2,-0.2,harmful,1,BLOCKED,No official common QD query-memory score; stored 768-D audio/text features are not compared.,11,11,0,0,50.5,2.75,11,11,0,0,52.0,4.0,1.0,0.0015238740015774965,0.018798954784870148,0.9796772003173828,1.0,0.030742648988962173,0.01940327323973179,0.9498540163040161,1.0,0.03659737482666969,0.061936650425195694,0.9014660120010376,1.0,0.05732399970293045,0.056686751544475555,0.8859891891479492
pgq2KPX5_SA_4,pgq2KPX5_SA,2-5s,2.0,208.0,1.0,1.0,0.0,control,0,BLOCKED,No official common QD query-memory score; stored 768-D audio/text features are not compared.,1,3,1,1,195.0,3.0,3,10,1,1,190.0,5.0,1.0,0.11849875003099442,0.32308557629585266,0.5584156513214111,1.0,0.2700629234313965,0.19444900751113892,0.5354881286621094,0.9999999403953552,0.17352023720741272,0.3974231779575348,0.4290565252304077,1.0,0.32417237758636475,0.27462321519851685,0.401204377412796
ptIksg9KEac_2,ptIksg9KEac,2-5s,4.0,133.0,1.0,1.0,0.0,control,0,BLOCKED,No official common QD query-memory score; stored 768-D audio/text features are not compared.,4,1,2,3,16.0,1.0,4,1,3,2,16.0,1.0,1.0,0.12719851732254028,0.2721657156944275,0.6006357669830322,1.0,0.03021930903196335,0.32063108682632446,0.6491495966911316,1.0,0.2514503598213196,0.33610227704048157,0.41244733333587646,0.9999999403953552,0.05433836579322815,0.3619629442691803,0.5836986303329468
ptIksg9KEac_3,ptIksg9KEac,0-2s,1.0,133.0,1.0,1.0,0.0,control,0,BLOCKED,No official common QD query-memory score; stored 768-D audio/text features are not compared.,3,2,1,1,14.5,9.0,4,2,1,1,15.0,8.0,1.0,0.07353398203849792,0.04734458401799202,0.8791214227676392,1.0,0.0028505725786089897,0.09031897038221359,0.9068305492401123,0.9999999403953552,0.1268463432788849,0.057646743953228,0.8155069351196289,1.0,0.004665815737098455,0.14787980914115906,0.8474543690681458
q1ivQ_2fddk_3,q1ivQ_2fddk,2-5s,2.0,167.0,0.0,0.9,-0.9,harmful,0,BLOCKED,No official common QD query-memory score; stored 768-D audio/text features are not compared.,9,3,1,1,10.0,4.0,11,3,0,1,53.5,3.5,1.0,0.013627009466290474,0.011379734613001347,0.9749932289123535,1.0,0.006877371110022068,0.00047110673040151596,0.9926515817642212,1.0,0.019911624491214752,0.028940103948116302,0.951148271560669,1.0,0.017280831933021545,0.0008497365633957088,0.9818694591522217
q3SEOW2m4WY_1,q3SEOW2m4WY,2-5s,2.0,62.0,1.0,0.9,0.09999999999999998,control,0,BLOCKED,No official common QD query-memory score; stored 768-D audio/text features are not compared.,1,1,5,4,1.0,1.0,1,1,4,2,1.5,1.5,1.0,0.07674624770879745,0.1591918021440506,0.7640619277954102,0.9999998807907104,0.18412941694259644,0.307321161031723,0.5085493922233582,0.9999999403953552,0.5234675407409668,0.17338791489601135,0.30314451456069946,1.0,0.4149518311023712,0.2594747543334961,0.3255733847618103
q3SEOW2m4WY_3,q3SEOW2m4WY,0-2s,1.0,62.0,1.0,1.0,0.0,control,0,BLOCKED,No official common QD query-memory score; stored 768-D audio/text features are not compared.,1,2,3,1,28.0,2.0,1,10,2,1,27.5,5.0,0.9999999403953552,0.14617903530597687,0.19901832938194275,0.654802680015564,1.0,0.27265214920043945,0.06358934193849564,0.6637585163116455,1.0,0.38252902030944824,0.37234604358673096,0.2451249063014984,1.0,0.5865146517753601,0.2382727563381195,0.17521262168884277
q3SEOW2m4WY_4,q3SEOW2m4WY,2-5s,4.0,62.0,1.0,1.0,0.0,control,0,BLOCKED,No official common QD query-memory score; stored 768-D audio/text features are not compared.,8,2,1,2,4.0,1.0,5,1,1,1,6.5,2.75,1.0,0.009666833095252514,0.3746282458305359,0.6157049536705017,0.9999999403953552,0.015612130053341389,0.6294786930084229,0.3549092411994934,1.0,0.43990373611450195,0.4342869222164154,0.12580934166908264,0.9999999403953552,0.06283491849899292,0.8585825562477112,0.07858256250619888
qeSl7YZAfs4_2,qeSl7YZAfs4,2-5s,4.0,299.0,0.0,0.5,-0.5,harmful,0,BLOCKED,No official common QD query-memory score; stored 768-D audio/text features are not compared.,6,11,1,0,39.0,9.0,11,11,0,0,35.0,17.5,0.9999999403953552,0.0003448938368819654,0.2298583984375,0.7697966694831848,1.0,0.004401153884828091,0.4858505129814148,0.5097483396530151,0.9999999403953552,0.19567373394966125,0.6364358067512512,0.16789045929908752,1.0,0.1057557463645935,0.787654459476471,0.10658975690603256
r2KhpX_QgXA_1,r2KhpX_QgXA,2-5s,4.0,299.0,1.0,0.3,0.7,control,0,BLOCKED,No official common QD query-memory score; stored 768-D audio/text features are not compared.,11,11,0,0,271.0,2.5,11,2,0,1,137.5,2.25,1.0,0.009785598143935204,0.0032705171033740044,0.9869438409805298,1.0,0.007446909788995981,0.00755750946700573,0.9849956035614014,1.0,0.16707679629325867,0.2587525248527527,0.5741706490516663,1.0,0.08164511620998383,0.503471851348877,0.414883017539978
rE6BJ0Bo4w4_3,rE6BJ0Bo4w4,2-5s,4.0,242.0,1.0,1.0,0.0,control,0,BLOCKED,No official common QD query-memory score; stored 768-D audio/text features are not compared.,1,11,1,0,200.5,0.75,2,11,2,0,194.5,1.75,1.0,0.12641389667987823,0.28371691703796387,0.5898692011833191,1.0,0.24001629650592804,0.02327832579612732,0.7367053031921387,1.0,0.3090364933013916,0.4997882843017578,0.19117523729801178,0.9999999403953552,0.2931807339191437,0.39015036821365356,0.31666889786720276
rE6BJ0Bo4w4_4,rE6BJ0Bo4w4,2-5s,3.0,242.0,1.0,0.8,0.19999999999999996,control,0,BLOCKED,No official common QD query-memory score; stored 768-D audio/text features are not compared.,1,6,1,1,209.0,3.3333333333333335,2,1,1,1,10.5,3.6666666666666665,0.9999999403953552,0.03203006461262703,0.03182116150856018,0.9361487627029419,1.0,0.13092297315597534,0.007380099035799503,0.8616969585418701,1.0,0.08732536435127258,0.39841556549072266,0.5142590999603271,0.9999999403953552,0.22437834739685059,0.17162153124809265,0.6040001511573792
rPkCYq4Zjwk_1,rPkCYq4Zjwk,2-5s,3.0,203.0,0.0,0.6,-0.6,harmful,0,BLOCKED,No official common QD query-memory score; stored 768-D audio/text features are not compared.,11,11,0,0,159.5,2.3333333333333335,11,11,0,0,107.5,3.0,1.0,0.07723985612392426,0.07933063805103302,0.8434295654296875,1.0,0.021472003310918808,0.0465177521109581,0.9320102334022522,1.0,0.19053077697753906,0.14816686511039734,0.6613023281097412,1.0,0.033533498644828796,0.06951860338449478,0.8969478607177734
rPkCYq4Zjwk_2,rPkCYq4Zjwk,2-5s,3.0,203.0,1.0,0.9,0.09999999999999998,control,0,BLOCKED,No official common QD query-memory score; stored 768-D audio/text features are not compared.,1,11,2,0,23.5,12.333333333333334,10,11,1,0,156.5,25.666666666666668,1.0,0.05200311541557312,0.03061733767390251,0.9173795580863953,0.9999999403953552,0.09680946171283722,0.04561574012041092,0.8575747013092041,1.0,0.09670544415712357,0.045485351234674454,0.8578091859817505,1.0,0.14372706413269043,0.06267400085926056,0.7935989499092102
riM7b5bJ9KQ_1,riM7b5bJ9KQ,2-5s,3.0,74.0,1.0,1.0,0.0,control,0,BLOCKED,No official common QD query-memory score; stored 768-D audio/text features are not compared.,1,3,1,1,16.0,1.3333333333333333,3,2,1,1,60.5,1.0,1.0,0.07201424986124039,0.0052286433055996895,0.922757089138031,1.0,0.1547718346118927,0.04161253571510315,0.8036155700683594,1.0,0.1414778083562851,0.00838552974164486,0.8501367568969727,1.0,0.20010237395763397,0.07962988317012787,0.7202677130699158
riM7b5bJ9KQ_3,riM7b5bJ9KQ,2-5s,2.0,74.0,1.0,1.0,0.0,control,0,BLOCKED,No official common QD query-memory score; stored 768-D audio/text features are not compared.,1,3,2,1,58.5,2.5,1,3,2,1,60.0,2.0,1.0,0.18451212346553802,0.003657874884083867,0.8118300437927246,1.0,0.36519289016723633,0.0034148464910686016,0.631392240524292,1.0,0.2504034638404846,0.012129460461437702,0.7374670505523682,1.0,0.38864123821258545,0.04035920649766922,0.5709995031356812
rvtA7c1I4xo_1,rvtA7c1I4xo,2-5s,3.0,130.0,1.0,0.9,0.09999999999999998,control,1,BLOCKED,No official common QD query-memory score; stored 768-D audio/text features are not compared.,11,11,0,0,4.0,2.0,11,11,0,0,109.0,4.0,1.0,0.08971686661243439,0.1721499264240265,0.7381331920623779,1.0,0.3893126845359802,0.13604339957237244,0.47464385628700256,1.0,0.10446012765169144,0.2526792287826538,0.6428605914115906,0.9999999403953552,0.3923197090625763,0.1930510252714157,0.4146292209625244
rvtA7c1I4xo_2,rvtA7c1I4xo,2-5s,4.0,130.0,0.0,0.9,-0.9,harmful,0,BLOCKED,No official common QD query-memory score; stored 768-D audio/text features are not compared.,8,11,1,0,2.0,1.0,11,11,0,0,3.0,1.0,1.0,0.11221682280302048,0.0706363245844841,0.8171468377113342,1.0,0.08504019677639008,0.04472091794013977,0.8702388405799866,1.0,0.17106914520263672,0.0819278284907341,0.7470030188560486,1.0,0.09936219453811646,0.13321800529956818,0.7674198150634766
rvtA7c1I4xo_3,rvtA7c1I4xo,2-5s,2.0,130.0,1.0,0.9,0.09999999999999998,control,0,BLOCKED,No official common QD query-memory score; stored 768-D audio/text features are not compared.,3,3,1,1,24.0,5.0,4,11,2,0,24.0,6.0,1.0000001192092896,0.04911194369196892,0.04886393994092941,0.9020241498947144,1.0000001192092896,0.07155291736125946,0.08384132385253906,0.8446057438850403,1.0,0.5416302680969238,0.06580054759979248,0.3925691843032837,1.0,0.24412015080451965,0.11713523417711258,0.6387446522712708
rvtA7c1I4xo_4,rvtA7c1I4xo,2-5s,3.0,130.0,0.0,0.8,-0.8,harmful,0,BLOCKED,No official common QD query-memory score; stored 768-D audio/text features are not compared.,8,2,1,1,43.0,2.0,11,6,0,1,46.0,2.0,1.0,0.04201411455869675,0.13506367802619934,0.8229221701622009,0.9999999403953552,0.014755130745470524,0.40063631534576416,0.5846085548400879,1.0,0.47686508297920227,0.4471825063228607,0.0759524554014206,1.0,0.12453684955835342,0.5796988010406494,0.29576435685157776
sTMKled6Q1M_1,sTMKled6Q1M,2-5s,4.0,300.0,1.0,1.0,0.0,control,0,BLOCKED,No official common QD query-memory score; stored 768-D audio/text features are not compared.,1,11,2,0,55.5,4.25,1,11,3,0,55.5,3.25,1.0,0.09178516268730164,0.04866880550980568,0.8595460653305054,1.0,0.1908741295337677,0.1037231907248497,0.705402672290802,1.0,0.4281807541847229,0.08680755645036697,0.4850116968154907,1.0,0.338510662317276,0.09520360827445984,0.5662857890129089
sTMKled6Q1M_2,sTMKled6Q1M,2-5s,3.0,300.0,1.0,0.2,0.8,control,1,BLOCKED,No official common QD query-memory score; stored 768-D audio/text features are not compared.,11,9,0,1,290.5,3.0,4,11,3,0,289.5,4.333333333333333,1.0,0.022106261923909187,0.05256529897451401,0.9253284931182861,1.0,0.010984836146235466,0.09987691789865494,0.8891382217407227,1.0,0.13954845070838928,0.06759798526763916,0.792853593826294,1.0,0.10283854603767395,0.06969265639781952,0.8274688124656677
sTMKled6Q1M_3,sTMKled6Q1M,2-5s,3.0,300.0,0.0,0.9,-0.9,harmful,0,BLOCKED,No official common QD query-memory score; stored 768-D audio/text features are not compared.,5,11,1,0,92.0,4.666666666666667,11,10,0,1,96.0,6.666666666666667,0.9999999403953552,0.036414049565792084,0.00955224595963955,0.9540337324142456,1.0,0.008422850631177425,0.032673053443431854,0.9589041471481323,1.0,0.17416685819625854,0.03928636014461517,0.7865467667579651,1.0,0.08602754771709442,0.051584821194410324,0.8623876571655273
sVYTOURVsQ0_2,sVYTOURVsQ0,0-2s,1.0,71.0,1.0,0.5,0.5,control,1,BLOCKED,No official common QD query-memory score; stored 768-D audio/text features are not compared.,11,4,0,1,49.5,37.0,9,4,1,2,45.5,49.0,1.0,0.0014327499084174633,0.22812537848949432,0.7704418897628784,1.0,0.0051129041239619255,0.2496243715286255,0.7452627420425415,1.0,0.19575238227844238,0.8042476773262024,0.0,1.0,0.22813105583190918,0.7718690037727356,0.0
sl_Pxpc7beo_1,sl_Pxpc7beo,2-5s,2.0,74.0,1.0,1.0,0.0,control,0,BLOCKED,No official common QD query-memory score; stored 768-D audio/text features are not compared.,1,11,4,0,2.5,1.5,1,11,2,0,4.0,3.0,1.0,0.11824516206979752,0.19356167316436768,0.688193142414093,0.9999999403953552,0.22553181648254395,0.1743309497833252,0.6001372337341309,1.0,0.13461747765541077,0.35355693101882935,0.5118255615234375,1.0,0.19993305206298828,0.4054564833641052,0.3946104645729065
sqsI2UyrcBQ_1,sqsI2UyrcBQ,2-5s,2.0,67.0,0.0,1.0,-1.0,harmful,0,BLOCKED,No official common QD query-memory score; stored 768-D audio/text features are not compared.,1,3,1,1,3.5,1.5,11,11,0,0,9.0,9.0,1.0,0.19073058664798737,0.08909575641155243,0.7201736569404602,1.0,0.09163092821836472,0.06259207427501678,0.8457770943641663,1.0,0.21692809462547302,0.6080188751220703,0.17505307495594025,1.0,0.13274112343788147,0.6152508854866028,0.25200799107551575
szkiW0GXEOI_1,szkiW0GXEOI,2-5s,3.0,148.0,1.0,1.0,0.0,control,0,BLOCKED,No official common QD query-memory score; stored 768-D audio/text features are not compared.,1,11,3,0,105.5,2.3333333333333335,1,2,3,1,119.0,2.6666666666666665,1.0,0.1418430358171463,0.010639575310051441,0.8475173711776733,0.9999999403953552,0.23853924870491028,0.02498459815979004,0.7364761233329773,1.0,0.18169882893562317,0.012646063230931759,0.8056551218032837,1.0,0.2369755506515503,0.016457216814160347,0.7465672492980957
t1hj7se76wQ_2,t1hj7se76wQ,2-5s,2.0,119.0,1.0,1.0,0.0,control,0,BLOCKED,No official common QD query-memory score; stored 768-D audio/text features are not compared.,1,11,1,0,28.0,12.0,1,11,3,0,30.0,12.0,0.9999999403953552,0.06638094037771225,0.02145501971244812,0.9121639728546143,1.0,0.09310755133628845,0.04484134912490845,0.8620511293411255,1.0,0.6496228575706482,0.05214756727218628,0.29822954535484314,1.0,0.4652698040008545,0.0968111902475357,0.43791908025741577
t1hj7se76wQ_3,t1hj7se76wQ,2-5s,2.0,119.0,1.0,1.0,0.0,control,0,BLOCKED,No official common QD query-memory score; stored 768-D audio/text features are not compared.,3,4,2,1,32.0,5.0,4,1,3,1,19.0,6.0,1.0,0.03720637783408165,0.07816780358552933,0.8846257925033569,1.0,0.040923815220594406,0.09059613198041916,0.8684800863265991,1.0,0.5357289910316467,0.2351209819316864,0.22915002703666687,1.0,0.32067298889160156,0.34504392743110657,0.3342830538749695
t4prXmPwthg_2,t4prXmPwthg,2-5s,4.0,249.0,0.0,0.1,-0.1,harmful,1,BLOCKED,No official common QD query-memory score; stored 768-D audio/text features are not compared.,11,9,0,1,231.5,2.25,11,11,0,0,227.5,2.75,1.0,0.0068618301302194595,0.0101804593577981,0.9829577207565308,1.0,2.7365160349290818e-05,0.020413942635059357,0.9795587062835693,1.0,0.025710202753543854,0.07992257177829742,0.8943672180175781,1.0,0.00015483507013414055,0.06804245710372925,0.9318027496337891
tIM-H2rdq8U_2,tIM-H2rdq8U,2-5s,4.0,105.0,1.0,1.0,0.0,control,0,BLOCKED,No official common QD query-memory score; stored 768-D audio/text features are not compared.,1,11,5,0,39.5,1.75,1,11,5,0,39.5,1.75,1.0,0.16698862612247467,0.0669674277305603,0.7660439014434814,1.0,0.19657035171985626,0.09317165613174438,0.7102580070495605,1.0,0.6481561660766602,0.1344309002161026,0.21741294860839844,1.0,0.45129117369651794,0.14040358364582062,0.40830522775650024
tIM-H2rdq8U_3,tIM-H2rdq8U,0-2s,1.0,105.0,1.0,0.7,0.30000000000000004,control,0,BLOCKED,No official common QD query-memory score; stored 768-D audio/text features are not compared.,6,11,1,0,26.0,6.0,7,11,1,0,45.5,5.0,1.0,0.018297219648957253,0.010132349096238613,0.9715704917907715,0.9999999403953552,0.0034563199151307344,0.1724909394979477,0.8240528106689453,1.0,0.518907904624939,0.0724581629037857,0.4086339473724365,1.0,0.12183886766433716,0.22746580839157104,0.6506953239440918
tIM-H2rdq8U_4,tIM-H2rdq8U,2-5s,2.0,105.0,0.0,0.0,0.0,control,1,BLOCKED,No official common QD query-memory score; stored 768-D audio/text features are not compared.,11,11,0,0,89.0,3.0,11,11,0,0,87.0,3.0,1.0,0.002552567981183529,0.0014687813818454742,0.9959786534309387,1.0,0.0020375868771225214,0.0015487223863601685,0.9964136481285095,1.0,0.01615328900516033,0.015642670914530754,0.9682040214538574,1.0,0.011147769168019295,0.012846557423472404,0.9760056734085083
taYKM1OSTwE_1,taYKM1OSTwE,2-5s,4.0,220.0,1.0,1.0,0.0,control,0,BLOCKED,No official common QD query-memory score; stored 768-D audio/text features are not compared.,1,11,1,0,2.0,1.0,1,11,1,0,2.0,1.0,1.0,0.13910283148288727,0.2010888010263443,0.6598083972930908,1.0,0.39414170384407043,0.25554341077804565,0.3503149151802063,0.9999999403953552,0.27996253967285156,0.29666370153427124,0.4233737587928772,1.0,0.48101145029067993,0.28577274084091187,0.23321588337421417
taYKM1OSTwE_2,taYKM1OSTwE,0-2s,1.0,220.0,0.0,0.3,-0.3,harmful,1,BLOCKED,No official common QD query-memory score; stored 768-D audio/text features are not compared.,11,11,0,0,2.5,5.0,11,11,0,0,3.0,6.0,1.0,0.011457303538918495,0.26235106587409973,0.7261916399002075,1.0,0.0022789142094552517,0.6183862090110779,0.3793348968029022,1.0,0.08507572114467621,0.37293773889541626,0.5419865250587463,1.0,0.02828109823167324,0.6151099801063538,0.3566090166568756
tfOIhQpYYe8_1,tfOIhQpYYe8,2-5s,3.0,109.0,1.0,1.0,0.0,control,0,BLOCKED,No official common QD query-memory score; stored 768-D audio/text features are not compared.,1,8,5,1,1.0,0.6666666666666666,1,5,4,1,1.0,0.6666666666666666,1.0,0.24842822551727295,0.12115631997585297,0.6304154396057129,0.9999999403953552,0.45759838819503784,0.1737869679927826,0.3686146140098572,0.9999999403953552,0.40070539712905884,0.1753394901752472,0.4239550828933716,1.0,0.4574447572231293,0.17404226958751678,0.36851298809051514
tfOIhQpYYe8_2,tfOIhQpYYe8,2-5s,3.0,109.0,0.0,0.1,-0.1,harmful,1,BLOCKED,No official common QD query-memory score; stored 768-D audio/text features are not compared.,11,11,0,0,8.5,2.3333333333333335,11,11,0,0,7.5,5.0,1.0,0.0018243144731968641,0.29289087653160095,0.7052847743034363,1.0,0.005518167279660702,0.3250267803668976,0.6694550514221191,1.0,0.061950378119945526,0.5151039361953735,0.42294564843177795,1.0,0.015421847812831402,0.7159655690193176,0.2686125934123993
tjCNwdOUiGc_1,tjCNwdOUiGc,2-5s,3.0,299.0,0.0,1.0,-1.0,harmful,0,BLOCKED,No official common QD query-memory score; stored 768-D audio/text features are not compared.,1,1,3,2,2.5,1.6666666666666667,11,1,0,1,2.0,1.3333333333333333,0.9999999403953552,0.10118038952350616,0.10260383784770966,0.7962157130241394,1.0,0.15011273324489594,0.26621297001838684,0.5836743116378784,1.0,0.15303611755371094,0.14607521891593933,0.7008886933326721,1.0,0.15806379914283752,0.28178030252456665,0.5601558685302734
tjCNwdOUiGc_4,tjCNwdOUiGc,2-5s,3.0,299.0,0.0,0.0,0.0,control,1,BLOCKED,No official common QD query-memory score; stored 768-D audio/text features are not compared.,11,11,0,0,105.5,10.333333333333334,11,11,0,0,243.0,18.666666666666668,0.9999999403953552,0.002150060376152396,0.005404380150139332,0.9924455285072327,1.0,0.013383131474256516,0.04313674941658974,0.9434801340103149,1.0,0.06404267251491547,0.043401509523391724,0.892555832862854,0.9999999403953552,0.06645368039608002,0.10274362564086914,0.8308027386665344
twFypUcdgRc_3,twFypUcdgRc,0-2s,1.0,269.0,1.0,0.2,0.8,control,1,BLOCKED,No official common QD query-memory score; stored 768-D audio/text features are not compared.,11,1,0,1,185.0,8.0,10,1,1,1,186.0,8.0,1.0,0.005834515206515789,0.06842651963233948,0.9257389307022095,0.9999999403953552,0.0011347205145284534,0.14218655228614807,0.8566786646842957,0.9999999403953552,0.024160992354154587,0.11734014004468918,0.8584988117218018,1.0,0.002115629380568862,0.1801101565361023,0.8177741765975952
txeXrpoMST4_1,txeXrpoMST4,2-5s,4.0,300.0,1.0,1.0,0.0,control,0,BLOCKED,No official common QD query-memory score; stored 768-D audio/text features are not compared.,4,11,1,0,271.0,1.5,11,11,0,0,270.0,2.5,1.0,0.16216659545898438,0.031246313825249672,0.8065871000289917,1.0,0.08165775239467621,0.0004489392158575356,0.9178932905197144,1.0,0.38341009616851807,0.09193123131990433,0.5246586203575134,1.0,0.21853603422641754,0.002753201173618436,0.7787107825279236
txeXrpoMST4_4,txeXrpoMST4,2-5s,4.0,300.0,1.0,0.7,0.30000000000000004,control,1,BLOCKED,No official common QD query-memory score; stored 768-D audio/text features are not compared.,11,11,0,0,270.5,1.25,4,11,1,0,271.0,2.0,1.0,0.027391355484724045,0.02989022806286812,0.942718505859375,1.0,0.02195780538022518,0.0006611665594391525,0.9773810505867004,1.0,0.04465961456298828,0.07884899526834488,0.8764914274215698,1.0,0.03132886439561844,0.0026850781869143248,0.9659860134124756
uJzAf4PaExI_2,uJzAf4PaExI,0-2s,1.0,299.0,1.0,0.6,0.4,control,1,BLOCKED,No official common QD query-memory score; stored 768-D audio/text features are not compared.,11,1,0,1,209.0,10.0,11,1,0,1,207.0,6.0,1.0,0.014595896005630493,0.11518720537424088,0.8702169060707092,1.0,0.004400292411446571,0.3074355721473694,0.6881641745567322,1.0,0.039801307022571564,0.18959207832813263,0.7706065773963928,1.0,0.007732714526355267,0.2589210867881775,0.7333462238311768
uJzAf4PaExI_3,uJzAf4PaExI,2-5s,4.0,299.0,0.0,0.4,-0.4,harmful,1,BLOCKED,No official common QD query-memory score; stored 768-D audio/text features are not compared.,11,1,0,1,207.5,3.25,11,1,0,2,208.0,3.0,1.0,0.012569248676300049,0.13251613080501556,0.8549146056175232,0.9999999403953552,0.025749610736966133,0.2800952196121216,0.6941551566123962,1.0,0.01710277982056141,0.19323241710662842,0.7896648645401001,1.0,0.02266370691359043,0.32708191871643066,0.6502543687820435
uY4fe5DT1gI_1,uY4fe5DT1gI,2-5s,2.0,299.0,0.0,0.6,-0.6,harmful,1,BLOCKED,No official common QD query-memory score; stored 768-D audio/text features are not compared.,11,11,0,0,222.0,8.0,11,11,0,0,219.0,4.0,1.0,0.03745003417134285,0.002019378589466214,0.9605305790901184,1.0,0.05305285006761551,0.014529106207191944,0.9324179887771606,1.0,0.08206704258918762,0.012967380695044994,0.9049655795097351,1.0,0.1269179731607437,0.0332506000995636,0.8398313522338867
uY4fe5DT1gI_2,uY4fe5DT1gI,2-5s,2.0,299.0,0.0,0.0,0.0,control,1,BLOCKED,No official common QD query-memory score; stored 768-D audio/text features are not compared.,11,11,0,0,17.5,13.5,11,11,0,0,20.5,17.5,1.0,0.00476771779358387,0.36897730827331543,0.6262548565864563,1.0,0.0025996100157499313,0.6688781380653381,0.32852232456207275,1.0,0.3186223804950714,0.48094886541366577,0.20042875409126282,1.0,0.07643592357635498,0.7308732271194458,0.19269083440303802
uhSDBwVrEdo_2,uhSDBwVrEdo,2-5s,2.0,86.0,1.0,0.8,0.19999999999999996,control,0,BLOCKED,No official common QD query-memory score; stored 768-D audio/text features are not compared.,3,1,1,1,13.5,1.5,5,1,1,1,14.0,2.0,1.0,0.0019283497240394354,0.03661679849028587,0.9614548683166504,1.0,0.028954409062862396,0.14362773299217224,0.8274179100990295,1.0,0.01811782270669937,0.08318464457988739,0.898697555065155,1.0,0.04393191635608673,0.2652316689491272,0.6908364295959473
up2PpjTzyyc_1,up2PpjTzyyc,2-5s,4.0,299.0,1.0,0.3,0.7,control,1,BLOCKED,No official common QD query-memory score; stored 768-D audio/text features are not compared.,8,2,1,1,191.5,3.25,11,2,0,1,241.5,3.25,1.0,0.02336175926029682,0.05381116271018982,0.9228270053863525,1.0,0.036086808890104294,0.037704210728406906,0.9262089729309082,1.0,0.7445679903030396,0.06371832638978958,0.1917136311531067,1.0,0.401583731174469,0.04786454886198044,0.55055171251297
vfNKduToki4_1,vfNKduToki4,0-2s,1.0,217.0,0.0,0.4,-0.4,harmful,1,BLOCKED,No official common QD query-memory score; stored 768-D audio/text features are not compared.,11,6,0,1,40.0,10.0,11,11,0,0,46.0,16.0,1.0,0.004633673466742039,0.0007579745724797249,0.9946084022521973,1.0,0.00782100111246109,0.004791221581399441,0.9873877763748169,1.0,0.0417005717754364,0.012278514914214611,0.9460209608078003,1.0,0.03837380185723305,0.01715455763041973,0.9444716572761536
vigslb0kClE_2,vigslb0kClE,2-5s,3.0,137.0,0.0,1.0,-1.0,harmful,1,BLOCKED,No official common QD query-memory score; stored 768-D audio/text features are not compared.,11,2,0,1,45.5,1.6666666666666667,11,2,0,1,47.5,1.6666666666666667,1.0,0.04030134156346321,0.052859969437122345,0.9068387150764465,1.0,0.08669475466012955,0.0824519693851471,0.830853283405304,1.0,0.08904995024204254,0.11880755424499512,0.7921425104141235,1.0,0.08224698156118393,0.0677763819694519,0.849976658821106
vruDH_YLaPI_1,vruDH_YLaPI,0-2s,1.0,125.0,0.0,1.0,-1.0,harmful,0,BLOCKED,No official common QD query-memory score; stored 768-D audio/text features are not compared.,1,3,2,1,10.5,3.0,11,11,0,0,66.0,6.0,1.0,0.16144753992557526,0.026516329497098923,0.8120361566543579,0.9999999403953552,0.158621147274971,0.004582551773637533,0.8367962837219238,1.0000001192092896,0.26197904348373413,0.29742899537086487,0.4405919909477234,1.0,0.18647140264511108,0.12782041728496552,0.6857081651687622
vruDH_YLaPI_2,vruDH_YLaPI,2-5s,3.0,125.0,1.0,1.0,0.0,control,0,BLOCKED,No official common QD query-memory score; stored 768-D audio/text features are not compared.,1,11,2,0,12.0,2.0,1,11,3,0,12.5,2.3333333333333335,1.0,0.17963209748268127,0.018986409530043602,0.8013814687728882,1.0,0.20980484783649445,0.052013084292411804,0.7381820678710938,1.0,0.2296711653470993,0.05486267805099487,0.7154662013053894,1.0,0.32574179768562317,0.043873488903045654,0.6303846836090088
vruDH_YLaPI_3,vruDH_YLaPI,0-2s,1.0,125.0,1.0,0.9,0.09999999999999998,control,0,BLOCKED,No official common QD query-memory score; stored 768-D audio/text features are not compared.,1,6,1,1,74.5,5.0,3,11,1,0,9.5,7.0,1.0,0.016389943659305573,0.08494433760643005,0.8986656665802002,1.0,0.07690677046775818,0.007960299029946327,0.915132999420166,1.0,0.019510217010974884,0.5792369246482849,0.4012528955936432,1.0,0.12468163669109344,0.13971783220767975,0.7356005311012268
wAZrOPvul4Y_1,wAZrOPvul4Y,2-5s,2.0,283.0,0.0,0.5,-0.5,harmful,1,BLOCKED,No official common QD query-memory score; stored 768-D audio/text features are not compared.,11,1,0,1,84.0,5.0,11,11,0,0,122.5,6.5,1.0,0.004464313387870789,0.05966923385858536,0.9358664155006409,1.0,0.00575898215174675,0.15608543157577515,0.8381556272506714,1.0,0.06173909083008766,0.11309463530778885,0.8251662254333496,1.0,0.04216134548187256,0.07165589928627014,0.8861827850341797
wBs02amFGXs_2,wBs02amFGXs,2-5s,4.0,299.0,0.0,1.0,-1.0,harmful,0,BLOCKED,No official common QD query-memory score; stored 768-D audio/text features are not compared.,2,11,2,0,8.5,3.75,11,11,0,0,9.5,4.75,1.0,0.16711704432964325,0.02098868414759636,0.8118942975997925,1.0,0.19682422280311584,0.19648462533950806,0.6066911816596985,1.0,0.171785369515419,0.02188246324658394,0.8063321709632874,1.0,0.21997980773448944,0.16970646381378174,0.6103136539459229
wnqUgK_-fo4_1,wnqUgK_-fo4,2-5s,2.0,103.0,1.0,1.0,0.0,control,1,BLOCKED,No official common QD query-memory score; stored 768-D audio/text features are not compared.,2,2,1,1,25.5,4.5,3,11,1,0,26.5,4.5,1.0,0.004091487731784582,0.0051108915358781815,0.9907975792884827,1.0,0.011692341417074203,0.029248179867863655,0.959059476852417,1.0,0.10176806896924973,0.06992840766906738,0.8283035159111023,1.0,0.06357508897781372,0.07297766208648682,0.8634471893310547
woadpeAGHUQ_1,woadpeAGHUQ,0-2s,1.0,97.0,1.0,1.0,0.0,control,0,BLOCKED,No official common QD query-memory score; stored 768-D audio/text features are not compared.,1,1,2,2,1.0,2.0,1,1,2,2,1.0,2.0,0.9999999403953552,0.07952497899532318,0.08159999549388885,0.8388749957084656,0.9999999403953552,0.06663684546947479,0.43741315603256226,0.49594998359680176,1.0,0.07977304607629776,0.08196619153022766,0.8382607698440552,1.0,0.0681302547454834,0.43422144651412964,0.49764832854270935
x5AH2gW_8S4_2,x5AH2gW_8S4,0-2s,1.0,110.0,0.0,0.5,-0.5,harmful,1,BLOCKED,No official common QD query-memory score; stored 768-D audio/text features are not compared.,11,11,0,0,86.0,4.0,11,11,0,0,60.0,4.0,1.0,0.0069770775735378265,0.009292098693549633,0.9837307929992676,1.0,0.008674460463225842,0.02119910903275013,0.9701263904571533,1.0,0.02279534749686718,0.04557594656944275,0.9316287040710449,1.0,0.009096686728298664,0.05248090624809265,0.9384223818778992
xUWSHYoslPQ_2,xUWSHYoslPQ,2-5s,4.0,115.0,0.0,0.8,-0.8,harmful,0,BLOCKED,No official common QD query-memory score; stored 768-D audio/text features are not compared.,2,11,1,0,8.0,3.0,11,1,0,1,11.0,5.5,1.0,0.0006513615371659398,0.3517026901245117,0.647645890712738,1.0,0.019932350143790245,0.6082951426506042,0.3717724680900574,1.0,0.2651434540748596,0.6459039449691772,0.08895255625247955,1.0,0.1392209529876709,0.7759488224983215,0.08483028411865234
xbLW9Wt1Jsg_3,xbLW9Wt1Jsg,2-5s,4.0,300.0,1.0,0.6,0.4,control,0,BLOCKED,No official common QD query-memory score; stored 768-D audio/text features are not compared.,11,11,0,0,97.0,3.0,5,11,1,0,226.5,4.25,1.0,0.04093487560749054,0.003294861176982522,0.9557702541351318,1.0,0.13711091876029968,0.012252746149897575,0.85063636302948,1.0,0.1292194426059723,0.056082986295223236,0.8146975636482239,1.0,0.19012600183486938,0.018234260380268097,0.7916398048400879
yfYNPWs7mWY_2,yfYNPWs7mWY,2-5s,2.0,300.0,1.0,0.5,0.5,control,1,BLOCKED,No official common QD query-memory score; stored 768-D audio/text features are not compared.,11,11,0,0,60.0,5.0,1,11,1,0,54.0,5.0,1.0,0.016877830028533936,0.04018201678991318,0.9429401755332947,0.9999999403953552,0.07208794355392456,0.017325960099697113,0.9105860590934753,1.0,0.02665676549077034,0.09498897194862366,0.8783543109893799,1.0,0.12263637781143188,0.06382790207862854,0.813535749912262
yrxa6_P2I80_2,yrxa6_P2I80,0-2s,1.0,240.0,0.0,0.4,-0.4,harmful,1,BLOCKED,No official common QD query-memory score; stored 768-D audio/text features are not compared.,11,11,0,0,156.5,9.0,11,11,0,0,161.5,1.0,1.0,0.00017908107838593423,0.006926754489541054,0.992894172668457,1.0,0.004470725543797016,0.039005063474178314,0.956524133682251,1.0,0.05525333434343338,0.03276420012116432,0.9119824767112732,0.9999999403953552,0.011344220489263535,1.495847648763475e-14,0.9886558055877686
z1ax0QPpd14_1,z1ax0QPpd14,2-5s,3.0,183.0,0.0,0.6,-0.6,harmful,0,BLOCKED,No official common QD query-memory score; stored 768-D audio/text features are not compared.,7,6,1,1,7.5,3.0,11,11,0,0,136.5,3.6666666666666665,1.0,0.07169212400913239,0.004914144519716501,0.923393726348877,1.0,0.051809076219797134,0.027216069400310516,0.9209747910499573,1.0,0.4310802221298218,0.1260797083377838,0.4428400695323944,1.0,0.13198140263557434,0.1456698179244995,0.7223487496376038
z1ax0QPpd14_3,z1ax0QPpd14,0-2s,1.0,183.0,0.0,0.6,-0.6,harmful,0,BLOCKED,No official common QD query-memory score; stored 768-D audio/text features are not compared.,9,11,1,0,49.5,11.0,11,11,0,0,58.5,13.0,1.0,0.012278974056243896,0.08808368444442749,0.8996372818946838,1.0,0.003393296618014574,0.13525937497615814,0.8613473773002625,1.0,0.42142075300216675,0.19428308308124542,0.384296178817749,1.0,0.24987351894378662,0.20641931891441345,0.5437071323394775
zBXoaQ1GVlc_3,zBXoaQ1GVlc,2-5s,2.0,300.0,0.0,0.0,0.0,control,1,BLOCKED,No official common QD query-memory score; stored 768-D audio/text features are not compared.,11,11,0,0,9.0,7.0,11,5,0,1,275.0,11.0,1.0,0.00010802832548506558,0.36608392000198364,0.6338080167770386,1.0,0.005687383934855461,0.6285424828529358,0.3657700717449188,1.0,0.14526522159576416,0.7212450504302979,0.1334896981716156,1.0,0.09799732267856598,0.8384140133857727,0.06358858942985535
zoctgurhvHE_1,zoctgurhvHE,2-5s,4.0,299.0,1.0,0.6,0.4,control,0,BLOCKED,No official common QD query-memory score; stored 768-D audio/text features are not compared.,2,11,1,0,104.5,1.75,1,11,2,0,111.5,1.25,0.9999999403953552,0.09365835785865784,0.004714065231382847,0.9016275405883789,0.9999999403953552,0.3521287143230438,0.015478481538593769,0.6323928236961365,1.0,0.16057366132736206,0.006626427173614502,0.8327999114990234,1.0,0.4289282560348511,0.013766810297966003,0.5573049187660217
ztSjcZNUY7A_2,ztSjcZNUY7A,2-5s,3.0,83.0,1.0,1.0,0.0,control,0,BLOCKED,No official common QD query-memory score; stored 768-D audio/text features are not compared.,3,11,3,0,7.5,3.6666666666666665,4,2,3,1,18.0,8.0,1.0,0.12367664277553558,0.01436802837997675,0.8619552850723267,1.0,0.03314867615699768,0.05074001103639603,0.9161113500595093,1.0,0.2820947468280792,0.04747011512517929,0.6704351305961609,1.0,0.06270848214626312,0.15568768978118896,0.7816038131713867
zwoqJY03yHE_1,zwoqJY03yHE,0-2s,1.0,300.0,0.0,0.1,-0.1,harmful,1,BLOCKED,No official common QD query-memory score; stored 768-D audio/text features are not compared.,2,11,1,0,84.5,13.0,11,11,0,0,106.5,73.0,0.9999999403953552,0.0033876728266477585,0.06934845447540283,0.9272638559341431,1.0000001192092896,0.018411263823509216,0.16591475903987885,0.8156740069389343,1.0,0.022653816267848015,0.20122522115707397,0.7761209607124329,1.0,0.023831740021705627,0.09108906984329224,0.8850791454315186
zwoqJY03yHE_2,zwoqJY03yHE,2-5s,4.0,300.0,1.0,1.0,0.0,control,0,BLOCKED,No official common QD query-memory score; stored 768-D audio/text features are not compared.,7,1,1,2,208.5,0.75,2,1,2,1,209.5,1.75,1.0,0.09147631376981735,0.0043669333681464195,0.9041568040847778,1.0,0.07671264559030533,0.30954602360725403,0.6137413382530212,1.0,0.5237997770309448,0.00945304986089468,0.46674710512161255,1.0,0.31128382682800293,0.3841404616832733,0.30457574129104614
zwoqJY03yHE_4,zwoqJY03yHE,2-5s,2.0,300.0,0.0,0.9,-0.9,harmful,0,BLOCKED,No official common QD query-memory score; stored 768-D audio/text features are not compared.,1,11,1,0,239.0,5.0,11,2,0,1,36.0,2.0,1.0,0.024721404537558556,0.03147369250655174,0.9438048601150513,0.9999999403953552,0.028868580237030983,0.06618105620145798,0.9049503803253174,1.0,0.06379037350416183,0.06718984246253967,0.8690198063850403,1.0,0.08942299336194992,0.0012731548631563783,0.9093039035797119
