qid,duration_bin,cohort,condition,replicate,full_hit,intervention_hit,transition
--0w1YA1Hm4_1,0-2s,harmful,REMOVE_RANDOM,0,1,1,both_hit
--0w1YA1Hm4_1,0-2s,harmful,REMOVE_RANDOM,1,1,1,both_hit
--0w1YA1Hm4_1,0-2s,harmful,REMOVE_RANDOM,2,1,1,both_hit
--0w1YA1Hm4_1,0-2s,harmful,REMOVE_RANDOM,3,1,1,both_hit
--0w1YA1Hm4_1,0-2s,harmful,REMOVE_RANDOM,4,1,1,both_hit
--0w1YA1Hm4_1,0-2s,harmful,REMOVE_RANDOM,5,1,1,both_hit
--0w1YA1Hm4_1,0-2s,harmful,REMOVE_RANDOM,6,1,1,both_hit
--0w1YA1Hm4_1,0-2s,harmful,REMOVE_RANDOM,7,1,1,both_hit
--0w1YA1Hm4_1,0-2s,harmful,REMOVE_RANDOM,8,1,1,both_hit
--0w1YA1Hm4_1,0-2s,harmful,REMOVE_RANDOM,9,1,1,both_hit
--0w1YA1Hm4_1,0-2s,harmful,REMOVE_HARD,0,1,1,both_hit
--0w1YA1Hm4_2,2-5s,harmful,REMOVE_RANDOM,0,1,1,both_hit
--0w1YA1Hm4_2,2-5s,harmful,REMOVE_RANDOM,1,1,1,both_hit
--0w1YA1Hm4_2,2-5s,harmful,REMOVE_RANDOM,2,1,1,both_hit
--0w1YA1Hm4_2,2-5s,harmful,REMOVE_RANDOM,3,1,1,both_hit
--0w1YA1Hm4_2,2-5s,harmful,REMOVE_RANDOM,4,1,1,both_hit
--0w1YA1Hm4_2,2-5s,harmful,REMOVE_RANDOM,5,1,1,both_hit
--0w1YA1Hm4_2,2-5s,harmful,REMOVE_RANDOM,6,1,1,both_hit
--0w1YA1Hm4_2,2-5s,harmful,REMOVE_RANDOM,7,1,1,both_hit
--0w1YA1Hm4_2,2-5s,harmful,REMOVE_RANDOM,8,1,1,both_hit
--0w1YA1Hm4_2,2-5s,harmful,REMOVE_RANDOM,9,1,1,both_hit
--0w1YA1Hm4_2,2-5s,harmful,REMOVE_HARD,0,1,1,both_hit
--0w1YA1Hm4_3,2-5s,control,REMOVE_RANDOM,0,1,1,both_hit
--0w1YA1Hm4_3,2-5s,control,REMOVE_RANDOM,1,1,1,both_hit
--0w1YA1Hm4_3,2-5s,control,REMOVE_RANDOM,2,1,1,both_hit
--0w1YA1Hm4_3,2-5s,control,REMOVE_RANDOM,3,1,1,both_hit
--0w1YA1Hm4_3,2-5s,control,REMOVE_RANDOM,4,1,1,both_hit
--0w1YA1Hm4_3,2-5s,control,REMOVE_RANDOM,5,1,1,both_hit
--0w1YA1Hm4_3,2-5s,control,REMOVE_RANDOM,6,1,1,both_hit
--0w1YA1Hm4_3,2-5s,control,REMOVE_RANDOM,7,1,1,both_hit
--0w1YA1Hm4_3,2-5s,control,REMOVE_RANDOM,8,1,1,both_hit
--0w1YA1Hm4_3,2-5s,control,REMOVE_RANDOM,9,1,1,both_hit
--0w1YA1Hm4_3,2-5s,control,REMOVE_HARD,0,1,1,both_hit
-FW109cbv0g_1,2-5s,control,REMOVE_RANDOM,0,1,1,both_hit
-FW109cbv0g_1,2-5s,control,REMOVE_RANDOM,1,1,1,both_hit
-FW109cbv0g_1,2-5s,control,REMOVE_RANDOM,2,1,1,both_hit
-FW109cbv0g_1,2-5s,control,REMOVE_RANDOM,3,1,1,both_hit
-FW109cbv0g_1,2-5s,control,REMOVE_RANDOM,4,1,1,both_hit
-FW109cbv0g_1,2-5s,control,REMOVE_RANDOM,5,1,1,both_hit
-FW109cbv0g_1,2-5s,control,REMOVE_RANDOM,6,1,1,both_hit
-FW109cbv0g_1,2-5s,control,REMOVE_RANDOM,7,1,1,both_hit
-FW109cbv0g_1,2-5s,control,REMOVE_RANDOM,8,1,1,both_hit
-FW109cbv0g_1,2-5s,control,REMOVE_RANDOM,9,1,1,both_hit
-FW109cbv0g_1,2-5s,control,REMOVE_HARD,0,1,1,both_hit
-FW109cbv0g_3,2-5s,control,REMOVE_RANDOM,0,1,1,both_hit
-FW109cbv0g_3,2-5s,control,REMOVE_RANDOM,1,1,1,both_hit
-FW109cbv0g_3,2-5s,control,REMOVE_RANDOM,2,1,1,both_hit
-FW109cbv0g_3,2-5s,control,REMOVE_RANDOM,3,1,1,both_hit
-FW109cbv0g_3,2-5s,control,REMOVE_RANDOM,4,1,1,both_hit
-FW109cbv0g_3,2-5s,control,REMOVE_RANDOM,5,1,1,both_hit
-FW109cbv0g_3,2-5s,control,REMOVE_RANDOM,6,1,1,both_hit
-FW109cbv0g_3,2-5s,control,REMOVE_RANDOM,7,1,1,both_hit
-FW109cbv0g_3,2-5s,control,REMOVE_RANDOM,8,1,1,both_hit
-FW109cbv0g_3,2-5s,control,REMOVE_RANDOM,9,1,1,both_hit
-FW109cbv0g_3,2-5s,control,REMOVE_HARD,0,1,1,both_hit
-FW109cbv0g_4,2-5s,harmful,REMOVE_RANDOM,0,1,1,both_hit
-FW109cbv0g_4,2-5s,harmful,REMOVE_RANDOM,1,1,1,both_hit
-FW109cbv0g_4,2-5s,harmful,REMOVE_RANDOM,2,1,1,both_hit
-FW109cbv0g_4,2-5s,harmful,REMOVE_RANDOM,3,1,1,both_hit
-FW109cbv0g_4,2-5s,harmful,REMOVE_RANDOM,4,1,1,both_hit
-FW109cbv0g_4,2-5s,harmful,REMOVE_RANDOM,5,1,1,both_hit
-FW109cbv0g_4,2-5s,harmful,REMOVE_RANDOM,6,1,1,both_hit
-FW109cbv0g_4,2-5s,harmful,REMOVE_RANDOM,7,1,1,both_hit
-FW109cbv0g_4,2-5s,harmful,REMOVE_RANDOM,8,1,1,both_hit
-FW109cbv0g_4,2-5s,harmful,REMOVE_RANDOM,9,1,1,both_hit
-FW109cbv0g_4,2-5s,harmful,REMOVE_HARD,0,1,1,both_hit
-FW109cbv0g_5,2-5s,harmful,REMOVE_RANDOM,0,1,1,both_hit
-FW109cbv0g_5,2-5s,harmful,REMOVE_RANDOM,1,1,1,both_hit
-FW109cbv0g_5,2-5s,harmful,REMOVE_RANDOM,2,1,1,both_hit
-FW109cbv0g_5,2-5s,harmful,REMOVE_RANDOM,3,1,1,both_hit
-FW109cbv0g_5,2-5s,harmful,REMOVE_RANDOM,4,1,1,both_hit
-FW109cbv0g_5,2-5s,harmful,REMOVE_RANDOM,5,1,1,both_hit
-FW109cbv0g_5,2-5s,harmful,REMOVE_RANDOM,6,1,1,both_hit
-FW109cbv0g_5,2-5s,harmful,REMOVE_RANDOM,7,1,1,both_hit
-FW109cbv0g_5,2-5s,harmful,REMOVE_RANDOM,8,1,1,both_hit
-FW109cbv0g_5,2-5s,harmful,REMOVE_RANDOM,9,1,1,both_hit
-FW109cbv0g_5,2-5s,harmful,REMOVE_HARD,0,1,1,both_hit
-NrFeH-kBSM_2,0-2s,control,REMOVE_RANDOM,0,0,0,both_miss
-NrFeH-kBSM_2,0-2s,control,REMOVE_RANDOM,1,0,0,both_miss
-NrFeH-kBSM_2,0-2s,control,REMOVE_RANDOM,2,0,0,both_miss
-NrFeH-kBSM_2,0-2s,control,REMOVE_RANDOM,3,0,0,both_miss
-NrFeH-kBSM_2,0-2s,control,REMOVE_RANDOM,4,0,0,both_miss
-NrFeH-kBSM_2,0-2s,control,REMOVE_RANDOM,5,0,0,both_miss
-NrFeH-kBSM_2,0-2s,control,REMOVE_RANDOM,6,0,0,both_miss
-NrFeH-kBSM_2,0-2s,control,REMOVE_RANDOM,7,0,0,both_miss
-NrFeH-kBSM_2,0-2s,control,REMOVE_RANDOM,8,0,0,both_miss
-NrFeH-kBSM_2,0-2s,control,REMOVE_RANDOM,9,0,0,both_miss
-NrFeH-kBSM_2,0-2s,control,REMOVE_HARD,0,0,0,both_miss
-NrFeH-kBSM_4,2-5s,harmful,REMOVE_RANDOM,0,1,1,both_hit
-NrFeH-kBSM_4,2-5s,harmful,REMOVE_RANDOM,1,1,1,both_hit
-NrFeH-kBSM_4,2-5s,harmful,REMOVE_RANDOM,2,1,1,both_hit
-NrFeH-kBSM_4,2-5s,harmful,REMOVE_RANDOM,3,1,1,both_hit
-NrFeH-kBSM_4,2-5s,harmful,REMOVE_RANDOM,4,1,1,both_hit
-NrFeH-kBSM_4,2-5s,harmful,REMOVE_RANDOM,5,1,1,both_hit
-NrFeH-kBSM_4,2-5s,harmful,REMOVE_RANDOM,6,1,1,both_hit
-NrFeH-kBSM_4,2-5s,harmful,REMOVE_RANDOM,7,1,1,both_hit
-NrFeH-kBSM_4,2-5s,harmful,REMOVE_RANDOM,8,1,1,both_hit
-NrFeH-kBSM_4,2-5s,harmful,REMOVE_RANDOM,9,1,1,both_hit
-NrFeH-kBSM_4,2-5s,harmful,REMOVE_HARD,0,1,1,both_hit
-mhFGevxLUg_3,2-5s,control,REMOVE_RANDOM,0,0,0,both_miss
-mhFGevxLUg_3,2-5s,control,REMOVE_RANDOM,1,0,0,both_miss
-mhFGevxLUg_3,2-5s,control,REMOVE_RANDOM,2,0,0,both_miss
-mhFGevxLUg_3,2-5s,control,REMOVE_RANDOM,3,0,0,both_miss
-mhFGevxLUg_3,2-5s,control,REMOVE_RANDOM,4,0,0,both_miss
-mhFGevxLUg_3,2-5s,control,REMOVE_RANDOM,5,0,0,both_miss
-mhFGevxLUg_3,2-5s,control,REMOVE_RANDOM,6,0,0,both_miss
-mhFGevxLUg_3,2-5s,control,REMOVE_RANDOM,7,0,0,both_miss
-mhFGevxLUg_3,2-5s,control,REMOVE_RANDOM,8,0,0,both_miss
-mhFGevxLUg_3,2-5s,control,REMOVE_RANDOM,9,0,0,both_miss
-mhFGevxLUg_3,2-5s,control,REMOVE_HARD,0,0,0,both_miss
-nQHwrRLfc0_2,0-2s,harmful,REMOVE_RANDOM,0,1,1,both_hit
-nQHwrRLfc0_2,0-2s,harmful,REMOVE_RANDOM,1,1,1,both_hit
-nQHwrRLfc0_2,0-2s,harmful,REMOVE_RANDOM,2,1,1,both_hit
-nQHwrRLfc0_2,0-2s,harmful,REMOVE_RANDOM,3,1,1,both_hit
-nQHwrRLfc0_2,0-2s,harmful,REMOVE_RANDOM,4,1,1,both_hit
-nQHwrRLfc0_2,0-2s,harmful,REMOVE_RANDOM,5,1,1,both_hit
-nQHwrRLfc0_2,0-2s,harmful,REMOVE_RANDOM,6,1,1,both_hit
-nQHwrRLfc0_2,0-2s,harmful,REMOVE_RANDOM,7,1,1,both_hit
-nQHwrRLfc0_2,0-2s,harmful,REMOVE_RANDOM,8,1,1,both_hit
-nQHwrRLfc0_2,0-2s,harmful,REMOVE_RANDOM,9,1,1,both_hit
-nQHwrRLfc0_2,0-2s,harmful,REMOVE_HARD,0,1,1,both_hit
-oy0BkpMGAk_1,2-5s,control,REMOVE_RANDOM,0,1,1,both_hit
-oy0BkpMGAk_1,2-5s,control,REMOVE_RANDOM,1,1,1,both_hit
-oy0BkpMGAk_1,2-5s,control,REMOVE_RANDOM,2,1,1,both_hit
-oy0BkpMGAk_1,2-5s,control,REMOVE_RANDOM,3,1,1,both_hit
-oy0BkpMGAk_1,2-5s,control,REMOVE_RANDOM,4,1,1,both_hit
-oy0BkpMGAk_1,2-5s,control,REMOVE_RANDOM,5,1,1,both_hit
-oy0BkpMGAk_1,2-5s,control,REMOVE_RANDOM,6,1,1,both_hit
-oy0BkpMGAk_1,2-5s,control,REMOVE_RANDOM,7,1,1,both_hit
-oy0BkpMGAk_1,2-5s,control,REMOVE_RANDOM,8,1,1,both_hit
-oy0BkpMGAk_1,2-5s,control,REMOVE_RANDOM,9,1,1,both_hit
-oy0BkpMGAk_1,2-5s,control,REMOVE_HARD,0,1,1,both_hit
-oy0BkpMGAk_3,2-5s,control,REMOVE_RANDOM,0,0,0,both_miss
-oy0BkpMGAk_3,2-5s,control,REMOVE_RANDOM,1,0,0,both_miss
-oy0BkpMGAk_3,2-5s,control,REMOVE_RANDOM,2,0,0,both_miss
-oy0BkpMGAk_3,2-5s,control,REMOVE_RANDOM,3,0,0,both_miss
-oy0BkpMGAk_3,2-5s,control,REMOVE_RANDOM,4,0,0,both_miss
-oy0BkpMGAk_3,2-5s,control,REMOVE_RANDOM,5,0,0,both_miss
-oy0BkpMGAk_3,2-5s,control,REMOVE_RANDOM,6,0,0,both_miss
-oy0BkpMGAk_3,2-5s,control,REMOVE_RANDOM,7,0,0,both_miss
-oy0BkpMGAk_3,2-5s,control,REMOVE_RANDOM,8,0,0,both_miss
-oy0BkpMGAk_3,2-5s,control,REMOVE_RANDOM,9,0,0,both_miss
-oy0BkpMGAk_3,2-5s,control,REMOVE_HARD,0,0,0,both_miss
096oTVzc5Gs_4,0-2s,control,REMOVE_RANDOM,0,1,1,both_hit
096oTVzc5Gs_4,0-2s,control,REMOVE_RANDOM,1,1,1,both_hit
096oTVzc5Gs_4,0-2s,control,REMOVE_RANDOM,2,1,1,both_hit
096oTVzc5Gs_4,0-2s,control,REMOVE_RANDOM,3,1,1,both_hit
096oTVzc5Gs_4,0-2s,control,REMOVE_RANDOM,4,1,1,both_hit
096oTVzc5Gs_4,0-2s,control,REMOVE_RANDOM,5,1,0,hit_to_miss
096oTVzc5Gs_4,0-2s,control,REMOVE_RANDOM,6,1,1,both_hit
096oTVzc5Gs_4,0-2s,control,REMOVE_RANDOM,7,1,1,both_hit
096oTVzc5Gs_4,0-2s,control,REMOVE_RANDOM,8,1,0,hit_to_miss
096oTVzc5Gs_4,0-2s,control,REMOVE_RANDOM,9,1,1,both_hit
096oTVzc5Gs_4,0-2s,control,REMOVE_HARD,0,1,0,hit_to_miss
0AsXkZkqelg_1,2-5s,harmful,REMOVE_RANDOM,0,1,1,both_hit
0AsXkZkqelg_1,2-5s,harmful,REMOVE_RANDOM,1,1,0,hit_to_miss
0AsXkZkqelg_1,2-5s,harmful,REMOVE_RANDOM,2,1,1,both_hit
0AsXkZkqelg_1,2-5s,harmful,REMOVE_RANDOM,3,1,1,both_hit
0AsXkZkqelg_1,2-5s,harmful,REMOVE_RANDOM,4,1,1,both_hit
0AsXkZkqelg_1,2-5s,harmful,REMOVE_RANDOM,5,1,1,both_hit
0AsXkZkqelg_1,2-5s,harmful,REMOVE_RANDOM,6,1,1,both_hit
0AsXkZkqelg_1,2-5s,harmful,REMOVE_RANDOM,7,1,1,both_hit
0AsXkZkqelg_1,2-5s,harmful,REMOVE_RANDOM,8,1,1,both_hit
0AsXkZkqelg_1,2-5s,harmful,REMOVE_RANDOM,9,1,1,both_hit
0AsXkZkqelg_1,2-5s,harmful,REMOVE_HARD,0,1,0,hit_to_miss
0AsXkZkqelg_2,2-5s,control,REMOVE_RANDOM,0,1,1,both_hit
0AsXkZkqelg_2,2-5s,control,REMOVE_RANDOM,1,1,1,both_hit
0AsXkZkqelg_2,2-5s,control,REMOVE_RANDOM,2,1,1,both_hit
0AsXkZkqelg_2,2-5s,control,REMOVE_RANDOM,3,1,1,both_hit
0AsXkZkqelg_2,2-5s,control,REMOVE_RANDOM,4,1,1,both_hit
0AsXkZkqelg_2,2-5s,control,REMOVE_RANDOM,5,1,1,both_hit
0AsXkZkqelg_2,2-5s,control,REMOVE_RANDOM,6,1,1,both_hit
0AsXkZkqelg_2,2-5s,control,REMOVE_RANDOM,7,1,1,both_hit
0AsXkZkqelg_2,2-5s,control,REMOVE_RANDOM,8,1,1,both_hit
0AsXkZkqelg_2,2-5s,control,REMOVE_RANDOM,9,1,1,both_hit
0AsXkZkqelg_2,2-5s,control,REMOVE_HARD,0,1,1,both_hit
0_K6OKtoBBU_1,2-5s,control,REMOVE_RANDOM,0,1,1,both_hit
0_K6OKtoBBU_1,2-5s,control,REMOVE_RANDOM,1,1,1,both_hit
0_K6OKtoBBU_1,2-5s,control,REMOVE_RANDOM,2,1,1,both_hit
0_K6OKtoBBU_1,2-5s,control,REMOVE_RANDOM,3,1,1,both_hit
0_K6OKtoBBU_1,2-5s,control,REMOVE_RANDOM,4,1,1,both_hit
0_K6OKtoBBU_1,2-5s,control,REMOVE_RANDOM,5,1,1,both_hit
0_K6OKtoBBU_1,2-5s,control,REMOVE_RANDOM,6,1,1,both_hit
0_K6OKtoBBU_1,2-5s,control,REMOVE_RANDOM,7,1,1,both_hit
0_K6OKtoBBU_1,2-5s,control,REMOVE_RANDOM,8,1,1,both_hit
0_K6OKtoBBU_1,2-5s,control,REMOVE_RANDOM,9,1,1,both_hit
0_K6OKtoBBU_1,2-5s,control,REMOVE_HARD,0,1,1,both_hit
0_K6OKtoBBU_3,2-5s,control,REMOVE_RANDOM,0,1,1,both_hit
0_K6OKtoBBU_3,2-5s,control,REMOVE_RANDOM,1,1,1,both_hit
0_K6OKtoBBU_3,2-5s,control,REMOVE_RANDOM,2,1,1,both_hit
0_K6OKtoBBU_3,2-5s,control,REMOVE_RANDOM,3,1,1,both_hit
0_K6OKtoBBU_3,2-5s,control,REMOVE_RANDOM,4,1,1,both_hit
0_K6OKtoBBU_3,2-5s,control,REMOVE_RANDOM,5,1,1,both_hit
0_K6OKtoBBU_3,2-5s,control,REMOVE_RANDOM,6,1,1,both_hit
0_K6OKtoBBU_3,2-5s,control,REMOVE_RANDOM,7,1,1,both_hit
0_K6OKtoBBU_3,2-5s,control,REMOVE_RANDOM,8,1,1,both_hit
0_K6OKtoBBU_3,2-5s,control,REMOVE_RANDOM,9,1,1,both_hit
0_K6OKtoBBU_3,2-5s,control,REMOVE_HARD,0,1,1,both_hit
0a9wVat2PWk_2,2-5s,harmful,REMOVE_RANDOM,0,1,1,both_hit
0a9wVat2PWk_2,2-5s,harmful,REMOVE_RANDOM,1,1,1,both_hit
0a9wVat2PWk_2,2-5s,harmful,REMOVE_RANDOM,2,1,1,both_hit
0a9wVat2PWk_2,2-5s,harmful,REMOVE_RANDOM,3,1,1,both_hit
0a9wVat2PWk_2,2-5s,harmful,REMOVE_RANDOM,4,1,1,both_hit
0a9wVat2PWk_2,2-5s,harmful,REMOVE_RANDOM,5,1,1,both_hit
0a9wVat2PWk_2,2-5s,harmful,REMOVE_RANDOM,6,1,1,both_hit
0a9wVat2PWk_2,2-5s,harmful,REMOVE_RANDOM,7,1,1,both_hit
0a9wVat2PWk_2,2-5s,harmful,REMOVE_RANDOM,8,1,1,both_hit
0a9wVat2PWk_2,2-5s,harmful,REMOVE_RANDOM,9,1,1,both_hit
0a9wVat2PWk_2,2-5s,harmful,REMOVE_HARD,0,1,1,both_hit
0a9wVat2PWk_3,2-5s,control,REMOVE_RANDOM,0,1,1,both_hit
0a9wVat2PWk_3,2-5s,control,REMOVE_RANDOM,1,1,1,both_hit
0a9wVat2PWk_3,2-5s,control,REMOVE_RANDOM,2,1,1,both_hit
0a9wVat2PWk_3,2-5s,control,REMOVE_RANDOM,3,1,1,both_hit
0a9wVat2PWk_3,2-5s,control,REMOVE_RANDOM,4,1,1,both_hit
0a9wVat2PWk_3,2-5s,control,REMOVE_RANDOM,5,1,1,both_hit
0a9wVat2PWk_3,2-5s,control,REMOVE_RANDOM,6,1,1,both_hit
0a9wVat2PWk_3,2-5s,control,REMOVE_RANDOM,7,1,1,both_hit
0a9wVat2PWk_3,2-5s,control,REMOVE_RANDOM,8,1,1,both_hit
0a9wVat2PWk_3,2-5s,control,REMOVE_RANDOM,9,1,1,both_hit
0a9wVat2PWk_3,2-5s,control,REMOVE_HARD,0,1,1,both_hit
0a9wVat2PWk_4,2-5s,harmful,REMOVE_RANDOM,0,0,0,both_miss
0a9wVat2PWk_4,2-5s,harmful,REMOVE_RANDOM,1,0,0,both_miss
0a9wVat2PWk_4,2-5s,harmful,REMOVE_RANDOM,2,0,0,both_miss
0a9wVat2PWk_4,2-5s,harmful,REMOVE_RANDOM,3,0,0,both_miss
0a9wVat2PWk_4,2-5s,harmful,REMOVE_RANDOM,4,0,0,both_miss
0a9wVat2PWk_4,2-5s,harmful,REMOVE_RANDOM,5,0,0,both_miss
0a9wVat2PWk_4,2-5s,harmful,REMOVE_RANDOM,6,0,0,both_miss
0a9wVat2PWk_4,2-5s,harmful,REMOVE_RANDOM,7,0,0,both_miss
0a9wVat2PWk_4,2-5s,harmful,REMOVE_RANDOM,8,0,0,both_miss
0a9wVat2PWk_4,2-5s,harmful,REMOVE_RANDOM,9,0,0,both_miss
0a9wVat2PWk_4,2-5s,harmful,REMOVE_HARD,0,0,0,both_miss
0fMXnvD38zI_1,2-5s,control,REMOVE_RANDOM,0,0,0,both_miss
0fMXnvD38zI_1,2-5s,control,REMOVE_RANDOM,1,0,0,both_miss
0fMXnvD38zI_1,2-5s,control,REMOVE_RANDOM,2,0,0,both_miss
0fMXnvD38zI_1,2-5s,control,REMOVE_RANDOM,3,0,0,both_miss
0fMXnvD38zI_1,2-5s,control,REMOVE_RANDOM,4,0,0,both_miss
0fMXnvD38zI_1,2-5s,control,REMOVE_RANDOM,5,0,0,both_miss
0fMXnvD38zI_1,2-5s,control,REMOVE_RANDOM,6,0,0,both_miss
0fMXnvD38zI_1,2-5s,control,REMOVE_RANDOM,7,0,0,both_miss
0fMXnvD38zI_1,2-5s,control,REMOVE_RANDOM,8,0,0,both_miss
0fMXnvD38zI_1,2-5s,control,REMOVE_RANDOM,9,0,0,both_miss
0fMXnvD38zI_1,2-5s,control,REMOVE_HARD,0,0,0,both_miss
0yETgW44MZU_2,2-5s,control,REMOVE_RANDOM,0,0,1,miss_to_hit
0yETgW44MZU_2,2-5s,control,REMOVE_RANDOM,1,0,1,miss_to_hit
0yETgW44MZU_2,2-5s,control,REMOVE_RANDOM,2,0,0,both_miss
0yETgW44MZU_2,2-5s,control,REMOVE_RANDOM,3,0,0,both_miss
0yETgW44MZU_2,2-5s,control,REMOVE_RANDOM,4,0,0,both_miss
0yETgW44MZU_2,2-5s,control,REMOVE_RANDOM,5,0,1,miss_to_hit
0yETgW44MZU_2,2-5s,control,REMOVE_RANDOM,6,0,1,miss_to_hit
0yETgW44MZU_2,2-5s,control,REMOVE_RANDOM,7,0,0,both_miss
0yETgW44MZU_2,2-5s,control,REMOVE_RANDOM,8,0,1,miss_to_hit
0yETgW44MZU_2,2-5s,control,REMOVE_RANDOM,9,0,1,miss_to_hit
0yETgW44MZU_2,2-5s,control,REMOVE_HARD,0,0,0,both_miss
14izd_i3ryE_3,2-5s,harmful,REMOVE_RANDOM,0,1,1,both_hit
14izd_i3ryE_3,2-5s,harmful,REMOVE_RANDOM,1,1,1,both_hit
14izd_i3ryE_3,2-5s,harmful,REMOVE_RANDOM,2,1,1,both_hit
14izd_i3ryE_3,2-5s,harmful,REMOVE_RANDOM,3,1,1,both_hit
14izd_i3ryE_3,2-5s,harmful,REMOVE_RANDOM,4,1,1,both_hit
14izd_i3ryE_3,2-5s,harmful,REMOVE_RANDOM,5,1,1,both_hit
14izd_i3ryE_3,2-5s,harmful,REMOVE_RANDOM,6,1,1,both_hit
14izd_i3ryE_3,2-5s,harmful,REMOVE_RANDOM,7,1,1,both_hit
14izd_i3ryE_3,2-5s,harmful,REMOVE_RANDOM,8,1,1,both_hit
14izd_i3ryE_3,2-5s,harmful,REMOVE_RANDOM,9,1,1,both_hit
14izd_i3ryE_3,2-5s,harmful,REMOVE_HARD,0,1,1,both_hit
1FNJbN-eHY4_1,2-5s,harmful,REMOVE_RANDOM,0,0,0,both_miss
1FNJbN-eHY4_1,2-5s,harmful,REMOVE_RANDOM,1,0,1,miss_to_hit
1FNJbN-eHY4_1,2-5s,harmful,REMOVE_RANDOM,2,0,1,miss_to_hit
1FNJbN-eHY4_1,2-5s,harmful,REMOVE_RANDOM,3,0,1,miss_to_hit
1FNJbN-eHY4_1,2-5s,harmful,REMOVE_RANDOM,4,0,0,both_miss
1FNJbN-eHY4_1,2-5s,harmful,REMOVE_RANDOM,5,0,0,both_miss
1FNJbN-eHY4_1,2-5s,harmful,REMOVE_RANDOM,6,0,1,miss_to_hit
1FNJbN-eHY4_1,2-5s,harmful,REMOVE_RANDOM,7,0,1,miss_to_hit
1FNJbN-eHY4_1,2-5s,harmful,REMOVE_RANDOM,8,0,0,both_miss
1FNJbN-eHY4_1,2-5s,harmful,REMOVE_RANDOM,9,0,1,miss_to_hit
1FNJbN-eHY4_1,2-5s,harmful,REMOVE_HARD,0,0,1,miss_to_hit
1GgEpRZDWN0_1,2-5s,harmful,REMOVE_RANDOM,0,0,0,both_miss
1GgEpRZDWN0_1,2-5s,harmful,REMOVE_RANDOM,1,0,0,both_miss
1GgEpRZDWN0_1,2-5s,harmful,REMOVE_RANDOM,2,0,0,both_miss
1GgEpRZDWN0_1,2-5s,harmful,REMOVE_RANDOM,3,0,0,both_miss
1GgEpRZDWN0_1,2-5s,harmful,REMOVE_RANDOM,4,0,0,both_miss
1GgEpRZDWN0_1,2-5s,harmful,REMOVE_RANDOM,5,0,0,both_miss
1GgEpRZDWN0_1,2-5s,harmful,REMOVE_RANDOM,6,0,0,both_miss
1GgEpRZDWN0_1,2-5s,harmful,REMOVE_RANDOM,7,0,0,both_miss
1GgEpRZDWN0_1,2-5s,harmful,REMOVE_RANDOM,8,0,0,both_miss
1GgEpRZDWN0_1,2-5s,harmful,REMOVE_RANDOM,9,0,0,both_miss
1GgEpRZDWN0_1,2-5s,harmful,REMOVE_HARD,0,0,0,both_miss
1IoHRTUp86c_3,2-5s,control,REMOVE_RANDOM,0,1,1,both_hit
1IoHRTUp86c_3,2-5s,control,REMOVE_RANDOM,1,1,1,both_hit
1IoHRTUp86c_3,2-5s,control,REMOVE_RANDOM,2,1,1,both_hit
1IoHRTUp86c_3,2-5s,control,REMOVE_RANDOM,3,1,1,both_hit
1IoHRTUp86c_3,2-5s,control,REMOVE_RANDOM,4,1,1,both_hit
1IoHRTUp86c_3,2-5s,control,REMOVE_RANDOM,5,1,1,both_hit
1IoHRTUp86c_3,2-5s,control,REMOVE_RANDOM,6,1,1,both_hit
1IoHRTUp86c_3,2-5s,control,REMOVE_RANDOM,7,1,1,both_hit
1IoHRTUp86c_3,2-5s,control,REMOVE_RANDOM,8,1,1,both_hit
1IoHRTUp86c_3,2-5s,control,REMOVE_RANDOM,9,1,1,both_hit
1IoHRTUp86c_3,2-5s,control,REMOVE_HARD,0,1,1,both_hit
1Og2TJ3bXW0_1,2-5s,control,REMOVE_RANDOM,0,0,0,both_miss
1Og2TJ3bXW0_1,2-5s,control,REMOVE_RANDOM,1,0,0,both_miss
1Og2TJ3bXW0_1,2-5s,control,REMOVE_RANDOM,2,0,0,both_miss
1Og2TJ3bXW0_1,2-5s,control,REMOVE_RANDOM,3,0,0,both_miss
1Og2TJ3bXW0_1,2-5s,control,REMOVE_RANDOM,4,0,0,both_miss
1Og2TJ3bXW0_1,2-5s,control,REMOVE_RANDOM,5,0,0,both_miss
1Og2TJ3bXW0_1,2-5s,control,REMOVE_RANDOM,6,0,0,both_miss
1Og2TJ3bXW0_1,2-5s,control,REMOVE_RANDOM,7,0,0,both_miss
1Og2TJ3bXW0_1,2-5s,control,REMOVE_RANDOM,8,0,0,both_miss
1Og2TJ3bXW0_1,2-5s,control,REMOVE_RANDOM,9,0,0,both_miss
1Og2TJ3bXW0_1,2-5s,control,REMOVE_HARD,0,0,0,both_miss
1Og2TJ3bXW0_2,2-5s,harmful,REMOVE_RANDOM,0,0,0,both_miss
1Og2TJ3bXW0_2,2-5s,harmful,REMOVE_RANDOM,1,0,0,both_miss
1Og2TJ3bXW0_2,2-5s,harmful,REMOVE_RANDOM,2,0,0,both_miss
1Og2TJ3bXW0_2,2-5s,harmful,REMOVE_RANDOM,3,0,0,both_miss
1Og2TJ3bXW0_2,2-5s,harmful,REMOVE_RANDOM,4,0,0,both_miss
1Og2TJ3bXW0_2,2-5s,harmful,REMOVE_RANDOM,5,0,0,both_miss
1Og2TJ3bXW0_2,2-5s,harmful,REMOVE_RANDOM,6,0,0,both_miss
1Og2TJ3bXW0_2,2-5s,harmful,REMOVE_RANDOM,7,0,0,both_miss
1Og2TJ3bXW0_2,2-5s,harmful,REMOVE_RANDOM,8,0,0,both_miss
1Og2TJ3bXW0_2,2-5s,harmful,REMOVE_RANDOM,9,0,0,both_miss
1Og2TJ3bXW0_2,2-5s,harmful,REMOVE_HARD,0,0,0,both_miss
1Og2TJ3bXW0_4,2-5s,control,REMOVE_RANDOM,0,1,1,both_hit
1Og2TJ3bXW0_4,2-5s,control,REMOVE_RANDOM,1,1,1,both_hit
1Og2TJ3bXW0_4,2-5s,control,REMOVE_RANDOM,2,1,1,both_hit
1Og2TJ3bXW0_4,2-5s,control,REMOVE_RANDOM,3,1,1,both_hit
1Og2TJ3bXW0_4,2-5s,control,REMOVE_RANDOM,4,1,1,both_hit
1Og2TJ3bXW0_4,2-5s,control,REMOVE_RANDOM,5,1,1,both_hit
1Og2TJ3bXW0_4,2-5s,control,REMOVE_RANDOM,6,1,1,both_hit
1Og2TJ3bXW0_4,2-5s,control,REMOVE_RANDOM,7,1,1,both_hit
1Og2TJ3bXW0_4,2-5s,control,REMOVE_RANDOM,8,1,1,both_hit
1Og2TJ3bXW0_4,2-5s,control,REMOVE_RANDOM,9,1,1,both_hit
1Og2TJ3bXW0_4,2-5s,control,REMOVE_HARD,0,1,1,both_hit
1WTSW96XP6E_2,2-5s,harmful,REMOVE_RANDOM,0,0,0,both_miss
1WTSW96XP6E_2,2-5s,harmful,REMOVE_RANDOM,1,0,0,both_miss
1WTSW96XP6E_2,2-5s,harmful,REMOVE_RANDOM,2,0,0,both_miss
1WTSW96XP6E_2,2-5s,harmful,REMOVE_RANDOM,3,0,0,both_miss
1WTSW96XP6E_2,2-5s,harmful,REMOVE_RANDOM,4,0,0,both_miss
1WTSW96XP6E_2,2-5s,harmful,REMOVE_RANDOM,5,0,0,both_miss
1WTSW96XP6E_2,2-5s,harmful,REMOVE_RANDOM,6,0,0,both_miss
1WTSW96XP6E_2,2-5s,harmful,REMOVE_RANDOM,7,0,0,both_miss
1WTSW96XP6E_2,2-5s,harmful,REMOVE_RANDOM,8,0,0,both_miss
1WTSW96XP6E_2,2-5s,harmful,REMOVE_RANDOM,9,0,0,both_miss
1WTSW96XP6E_2,2-5s,harmful,REMOVE_HARD,0,0,0,both_miss
1slvoNgzBLE_2,2-5s,control,REMOVE_RANDOM,0,1,1,both_hit
1slvoNgzBLE_2,2-5s,control,REMOVE_RANDOM,1,1,1,both_hit
1slvoNgzBLE_2,2-5s,control,REMOVE_RANDOM,2,1,1,both_hit
1slvoNgzBLE_2,2-5s,control,REMOVE_RANDOM,3,1,1,both_hit
1slvoNgzBLE_2,2-5s,control,REMOVE_RANDOM,4,1,1,both_hit
1slvoNgzBLE_2,2-5s,control,REMOVE_RANDOM,5,1,1,both_hit
1slvoNgzBLE_2,2-5s,control,REMOVE_RANDOM,6,1,1,both_hit
1slvoNgzBLE_2,2-5s,control,REMOVE_RANDOM,7,1,1,both_hit
1slvoNgzBLE_2,2-5s,control,REMOVE_RANDOM,8,1,1,both_hit
1slvoNgzBLE_2,2-5s,control,REMOVE_RANDOM,9,1,1,both_hit
1slvoNgzBLE_2,2-5s,control,REMOVE_HARD,0,1,1,both_hit
1slvoNgzBLE_4,2-5s,control,REMOVE_RANDOM,0,0,0,both_miss
1slvoNgzBLE_4,2-5s,control,REMOVE_RANDOM,1,0,0,both_miss
1slvoNgzBLE_4,2-5s,control,REMOVE_RANDOM,2,0,0,both_miss
1slvoNgzBLE_4,2-5s,control,REMOVE_RANDOM,3,0,0,both_miss
1slvoNgzBLE_4,2-5s,control,REMOVE_RANDOM,4,0,0,both_miss
1slvoNgzBLE_4,2-5s,control,REMOVE_RANDOM,5,0,0,both_miss
1slvoNgzBLE_4,2-5s,control,REMOVE_RANDOM,6,0,0,both_miss
1slvoNgzBLE_4,2-5s,control,REMOVE_RANDOM,7,0,0,both_miss
1slvoNgzBLE_4,2-5s,control,REMOVE_RANDOM,8,0,0,both_miss
1slvoNgzBLE_4,2-5s,control,REMOVE_RANDOM,9,0,0,both_miss
1slvoNgzBLE_4,2-5s,control,REMOVE_HARD,0,0,0,both_miss
1vCYiVvZ7VE_1,2-5s,control,REMOVE_RANDOM,0,0,0,both_miss
1vCYiVvZ7VE_1,2-5s,control,REMOVE_RANDOM,1,0,0,both_miss
1vCYiVvZ7VE_1,2-5s,control,REMOVE_RANDOM,2,0,0,both_miss
1vCYiVvZ7VE_1,2-5s,control,REMOVE_RANDOM,3,0,0,both_miss
1vCYiVvZ7VE_1,2-5s,control,REMOVE_RANDOM,4,0,0,both_miss
1vCYiVvZ7VE_1,2-5s,control,REMOVE_RANDOM,5,0,0,both_miss
1vCYiVvZ7VE_1,2-5s,control,REMOVE_RANDOM,6,0,0,both_miss
1vCYiVvZ7VE_1,2-5s,control,REMOVE_RANDOM,7,0,0,both_miss
1vCYiVvZ7VE_1,2-5s,control,REMOVE_RANDOM,8,0,0,both_miss
1vCYiVvZ7VE_1,2-5s,control,REMOVE_RANDOM,9,0,0,both_miss
1vCYiVvZ7VE_1,2-5s,control,REMOVE_HARD,0,0,0,both_miss
1vCYiVvZ7VE_2,2-5s,control,REMOVE_RANDOM,0,1,1,both_hit
1vCYiVvZ7VE_2,2-5s,control,REMOVE_RANDOM,1,1,1,both_hit
1vCYiVvZ7VE_2,2-5s,control,REMOVE_RANDOM,2,1,1,both_hit
1vCYiVvZ7VE_2,2-5s,control,REMOVE_RANDOM,3,1,1,both_hit
1vCYiVvZ7VE_2,2-5s,control,REMOVE_RANDOM,4,1,1,both_hit
1vCYiVvZ7VE_2,2-5s,control,REMOVE_RANDOM,5,1,1,both_hit
1vCYiVvZ7VE_2,2-5s,control,REMOVE_RANDOM,6,1,1,both_hit
1vCYiVvZ7VE_2,2-5s,control,REMOVE_RANDOM,7,1,1,both_hit
1vCYiVvZ7VE_2,2-5s,control,REMOVE_RANDOM,8,1,1,both_hit
1vCYiVvZ7VE_2,2-5s,control,REMOVE_RANDOM,9,1,1,both_hit
1vCYiVvZ7VE_2,2-5s,control,REMOVE_HARD,0,1,1,both_hit
27HIamF8pKo_1,2-5s,control,REMOVE_RANDOM,0,1,1,both_hit
27HIamF8pKo_1,2-5s,control,REMOVE_RANDOM,1,1,1,both_hit
27HIamF8pKo_1,2-5s,control,REMOVE_RANDOM,2,1,1,both_hit
27HIamF8pKo_1,2-5s,control,REMOVE_RANDOM,3,1,1,both_hit
27HIamF8pKo_1,2-5s,control,REMOVE_RANDOM,4,1,1,both_hit
27HIamF8pKo_1,2-5s,control,REMOVE_RANDOM,5,1,1,both_hit
27HIamF8pKo_1,2-5s,control,REMOVE_RANDOM,6,1,1,both_hit
27HIamF8pKo_1,2-5s,control,REMOVE_RANDOM,7,1,1,both_hit
27HIamF8pKo_1,2-5s,control,REMOVE_RANDOM,8,1,1,both_hit
27HIamF8pKo_1,2-5s,control,REMOVE_RANDOM,9,1,1,both_hit
27HIamF8pKo_1,2-5s,control,REMOVE_HARD,0,1,1,both_hit
27HIamF8pKo_3,0-2s,harmful,REMOVE_RANDOM,0,1,1,both_hit
27HIamF8pKo_3,0-2s,harmful,REMOVE_RANDOM,1,1,1,both_hit
27HIamF8pKo_3,0-2s,harmful,REMOVE_RANDOM,2,1,1,both_hit
27HIamF8pKo_3,0-2s,harmful,REMOVE_RANDOM,3,1,1,both_hit
27HIamF8pKo_3,0-2s,harmful,REMOVE_RANDOM,4,1,1,both_hit
27HIamF8pKo_3,0-2s,harmful,REMOVE_RANDOM,5,1,1,both_hit
27HIamF8pKo_3,0-2s,harmful,REMOVE_RANDOM,6,1,1,both_hit
27HIamF8pKo_3,0-2s,harmful,REMOVE_RANDOM,7,1,1,both_hit
27HIamF8pKo_3,0-2s,harmful,REMOVE_RANDOM,8,1,1,both_hit
27HIamF8pKo_3,0-2s,harmful,REMOVE_RANDOM,9,1,1,both_hit
27HIamF8pKo_3,0-2s,harmful,REMOVE_HARD,0,1,1,both_hit
2JutOgAnqWA_2,2-5s,control,REMOVE_RANDOM,0,0,0,both_miss
2JutOgAnqWA_2,2-5s,control,REMOVE_RANDOM,1,0,0,both_miss
2JutOgAnqWA_2,2-5s,control,REMOVE_RANDOM,2,0,0,both_miss
2JutOgAnqWA_2,2-5s,control,REMOVE_RANDOM,3,0,0,both_miss
2JutOgAnqWA_2,2-5s,control,REMOVE_RANDOM,4,0,0,both_miss
2JutOgAnqWA_2,2-5s,control,REMOVE_RANDOM,5,0,0,both_miss
2JutOgAnqWA_2,2-5s,control,REMOVE_RANDOM,6,0,0,both_miss
2JutOgAnqWA_2,2-5s,control,REMOVE_RANDOM,7,0,0,both_miss
2JutOgAnqWA_2,2-5s,control,REMOVE_RANDOM,8,0,0,both_miss
2JutOgAnqWA_2,2-5s,control,REMOVE_RANDOM,9,0,0,both_miss
2JutOgAnqWA_2,2-5s,control,REMOVE_HARD,0,0,0,both_miss
2KEfkDO6hlA_1,2-5s,control,REMOVE_RANDOM,0,0,0,both_miss
2KEfkDO6hlA_1,2-5s,control,REMOVE_RANDOM,1,0,0,both_miss
2KEfkDO6hlA_1,2-5s,control,REMOVE_RANDOM,2,0,0,both_miss
2KEfkDO6hlA_1,2-5s,control,REMOVE_RANDOM,3,0,0,both_miss
2KEfkDO6hlA_1,2-5s,control,REMOVE_RANDOM,4,0,0,both_miss
2KEfkDO6hlA_1,2-5s,control,REMOVE_RANDOM,5,0,0,both_miss
2KEfkDO6hlA_1,2-5s,control,REMOVE_RANDOM,6,0,0,both_miss
2KEfkDO6hlA_1,2-5s,control,REMOVE_RANDOM,7,0,0,both_miss
2KEfkDO6hlA_1,2-5s,control,REMOVE_RANDOM,8,0,0,both_miss
2KEfkDO6hlA_1,2-5s,control,REMOVE_RANDOM,9,0,0,both_miss
2KEfkDO6hlA_1,2-5s,control,REMOVE_HARD,0,0,0,both_miss
2KR0C5ysO8o_1,2-5s,control,REMOVE_RANDOM,0,1,1,both_hit
2KR0C5ysO8o_1,2-5s,control,REMOVE_RANDOM,1,1,1,both_hit
2KR0C5ysO8o_1,2-5s,control,REMOVE_RANDOM,2,1,1,both_hit
2KR0C5ysO8o_1,2-5s,control,REMOVE_RANDOM,3,1,1,both_hit
2KR0C5ysO8o_1,2-5s,control,REMOVE_RANDOM,4,1,1,both_hit
2KR0C5ysO8o_1,2-5s,control,REMOVE_RANDOM,5,1,1,both_hit
2KR0C5ysO8o_1,2-5s,control,REMOVE_RANDOM,6,1,1,both_hit
2KR0C5ysO8o_1,2-5s,control,REMOVE_RANDOM,7,1,1,both_hit
2KR0C5ysO8o_1,2-5s,control,REMOVE_RANDOM,8,1,1,both_hit
2KR0C5ysO8o_1,2-5s,control,REMOVE_RANDOM,9,1,1,both_hit
2KR0C5ysO8o_1,2-5s,control,REMOVE_HARD,0,1,1,both_hit
2KR0C5ysO8o_2,2-5s,control,REMOVE_RANDOM,0,1,1,both_hit
2KR0C5ysO8o_2,2-5s,control,REMOVE_RANDOM,1,1,1,both_hit
2KR0C5ysO8o_2,2-5s,control,REMOVE_RANDOM,2,1,1,both_hit
2KR0C5ysO8o_2,2-5s,control,REMOVE_RANDOM,3,1,1,both_hit
2KR0C5ysO8o_2,2-5s,control,REMOVE_RANDOM,4,1,1,both_hit
2KR0C5ysO8o_2,2-5s,control,REMOVE_RANDOM,5,1,1,both_hit
2KR0C5ysO8o_2,2-5s,control,REMOVE_RANDOM,6,1,1,both_hit
2KR0C5ysO8o_2,2-5s,control,REMOVE_RANDOM,7,1,1,both_hit
2KR0C5ysO8o_2,2-5s,control,REMOVE_RANDOM,8,1,1,both_hit
2KR0C5ysO8o_2,2-5s,control,REMOVE_RANDOM,9,1,1,both_hit
2KR0C5ysO8o_2,2-5s,control,REMOVE_HARD,0,1,1,both_hit
2RjqBRzmxaM_3,2-5s,control,REMOVE_RANDOM,0,0,0,both_miss
2RjqBRzmxaM_3,2-5s,control,REMOVE_RANDOM,1,0,0,both_miss
2RjqBRzmxaM_3,2-5s,control,REMOVE_RANDOM,2,0,0,both_miss
2RjqBRzmxaM_3,2-5s,control,REMOVE_RANDOM,3,0,0,both_miss
2RjqBRzmxaM_3,2-5s,control,REMOVE_RANDOM,4,0,0,both_miss
2RjqBRzmxaM_3,2-5s,control,REMOVE_RANDOM,5,0,0,both_miss
2RjqBRzmxaM_3,2-5s,control,REMOVE_RANDOM,6,0,0,both_miss
2RjqBRzmxaM_3,2-5s,control,REMOVE_RANDOM,7,0,0,both_miss
2RjqBRzmxaM_3,2-5s,control,REMOVE_RANDOM,8,0,0,both_miss
2RjqBRzmxaM_3,2-5s,control,REMOVE_RANDOM,9,0,0,both_miss
2RjqBRzmxaM_3,2-5s,control,REMOVE_HARD,0,0,1,miss_to_hit
2RjqBRzmxaM_4,2-5s,control,REMOVE_RANDOM,0,1,1,both_hit
2RjqBRzmxaM_4,2-5s,control,REMOVE_RANDOM,1,1,1,both_hit
2RjqBRzmxaM_4,2-5s,control,REMOVE_RANDOM,2,1,1,both_hit
2RjqBRzmxaM_4,2-5s,control,REMOVE_RANDOM,3,1,1,both_hit
2RjqBRzmxaM_4,2-5s,control,REMOVE_RANDOM,4,1,1,both_hit
2RjqBRzmxaM_4,2-5s,control,REMOVE_RANDOM,5,1,1,both_hit
2RjqBRzmxaM_4,2-5s,control,REMOVE_RANDOM,6,1,1,both_hit
2RjqBRzmxaM_4,2-5s,control,REMOVE_RANDOM,7,1,1,both_hit
2RjqBRzmxaM_4,2-5s,control,REMOVE_RANDOM,8,1,1,both_hit
2RjqBRzmxaM_4,2-5s,control,REMOVE_RANDOM,9,1,1,both_hit
2RjqBRzmxaM_4,2-5s,control,REMOVE_HARD,0,1,1,both_hit
2RjqBRzmxaM_5,2-5s,control,REMOVE_RANDOM,0,1,1,both_hit
2RjqBRzmxaM_5,2-5s,control,REMOVE_RANDOM,1,1,1,both_hit
2RjqBRzmxaM_5,2-5s,control,REMOVE_RANDOM,2,1,1,both_hit
2RjqBRzmxaM_5,2-5s,control,REMOVE_RANDOM,3,1,0,hit_to_miss
2RjqBRzmxaM_5,2-5s,control,REMOVE_RANDOM,4,1,0,hit_to_miss
2RjqBRzmxaM_5,2-5s,control,REMOVE_RANDOM,5,1,1,both_hit
2RjqBRzmxaM_5,2-5s,control,REMOVE_RANDOM,6,1,1,both_hit
2RjqBRzmxaM_5,2-5s,control,REMOVE_RANDOM,7,1,1,both_hit
2RjqBRzmxaM_5,2-5s,control,REMOVE_RANDOM,8,1,1,both_hit
2RjqBRzmxaM_5,2-5s,control,REMOVE_RANDOM,9,1,1,both_hit
2RjqBRzmxaM_5,2-5s,control,REMOVE_HARD,0,1,1,both_hit
2a6GNu6uCDE_3,2-5s,control,REMOVE_RANDOM,0,1,1,both_hit
2a6GNu6uCDE_3,2-5s,control,REMOVE_RANDOM,1,1,1,both_hit
2a6GNu6uCDE_3,2-5s,control,REMOVE_RANDOM,2,1,1,both_hit
2a6GNu6uCDE_3,2-5s,control,REMOVE_RANDOM,3,1,1,both_hit
2a6GNu6uCDE_3,2-5s,control,REMOVE_RANDOM,4,1,1,both_hit
2a6GNu6uCDE_3,2-5s,control,REMOVE_RANDOM,5,1,1,both_hit
2a6GNu6uCDE_3,2-5s,control,REMOVE_RANDOM,6,1,1,both_hit
2a6GNu6uCDE_3,2-5s,control,REMOVE_RANDOM,7,1,1,both_hit
2a6GNu6uCDE_3,2-5s,control,REMOVE_RANDOM,8,1,1,both_hit
2a6GNu6uCDE_3,2-5s,control,REMOVE_RANDOM,9,1,1,both_hit
2a6GNu6uCDE_3,2-5s,control,REMOVE_HARD,0,1,1,both_hit
3RultJjvTWI_2,0-2s,harmful,REMOVE_RANDOM,0,0,0,both_miss
3RultJjvTWI_2,0-2s,harmful,REMOVE_RANDOM,1,0,0,both_miss
3RultJjvTWI_2,0-2s,harmful,REMOVE_RANDOM,2,0,0,both_miss
3RultJjvTWI_2,0-2s,harmful,REMOVE_RANDOM,3,0,0,both_miss
3RultJjvTWI_2,0-2s,harmful,REMOVE_RANDOM,4,0,0,both_miss
3RultJjvTWI_2,0-2s,harmful,REMOVE_RANDOM,5,0,0,both_miss
3RultJjvTWI_2,0-2s,harmful,REMOVE_RANDOM,6,0,0,both_miss
3RultJjvTWI_2,0-2s,harmful,REMOVE_RANDOM,7,0,0,both_miss
3RultJjvTWI_2,0-2s,harmful,REMOVE_RANDOM,8,0,0,both_miss
3RultJjvTWI_2,0-2s,harmful,REMOVE_RANDOM,9,0,0,both_miss
3RultJjvTWI_2,0-2s,harmful,REMOVE_HARD,0,0,0,both_miss
3VHpLxtd498_1,0-2s,control,REMOVE_RANDOM,0,0,0,both_miss
3VHpLxtd498_1,0-2s,control,REMOVE_RANDOM,1,0,0,both_miss
3VHpLxtd498_1,0-2s,control,REMOVE_RANDOM,2,0,0,both_miss
3VHpLxtd498_1,0-2s,control,REMOVE_RANDOM,3,0,0,both_miss
3VHpLxtd498_1,0-2s,control,REMOVE_RANDOM,4,0,0,both_miss
3VHpLxtd498_1,0-2s,control,REMOVE_RANDOM,5,0,0,both_miss
3VHpLxtd498_1,0-2s,control,REMOVE_RANDOM,6,0,0,both_miss
3VHpLxtd498_1,0-2s,control,REMOVE_RANDOM,7,0,0,both_miss
3VHpLxtd498_1,0-2s,control,REMOVE_RANDOM,8,0,0,both_miss
3VHpLxtd498_1,0-2s,control,REMOVE_RANDOM,9,0,0,both_miss
3VHpLxtd498_1,0-2s,control,REMOVE_HARD,0,0,0,both_miss
3VHpLxtd498_3,0-2s,harmful,REMOVE_RANDOM,0,0,0,both_miss
3VHpLxtd498_3,0-2s,harmful,REMOVE_RANDOM,1,0,0,both_miss
3VHpLxtd498_3,0-2s,harmful,REMOVE_RANDOM,2,0,0,both_miss
3VHpLxtd498_3,0-2s,harmful,REMOVE_RANDOM,3,0,0,both_miss
3VHpLxtd498_3,0-2s,harmful,REMOVE_RANDOM,4,0,0,both_miss
3VHpLxtd498_3,0-2s,harmful,REMOVE_RANDOM,5,0,0,both_miss
3VHpLxtd498_3,0-2s,harmful,REMOVE_RANDOM,6,0,0,both_miss
3VHpLxtd498_3,0-2s,harmful,REMOVE_RANDOM,7,0,0,both_miss
3VHpLxtd498_3,0-2s,harmful,REMOVE_RANDOM,8,0,0,both_miss
3VHpLxtd498_3,0-2s,harmful,REMOVE_RANDOM,9,0,0,both_miss
3VHpLxtd498_3,0-2s,harmful,REMOVE_HARD,0,0,0,both_miss
3VHpLxtd498_4,2-5s,harmful,REMOVE_RANDOM,0,0,0,both_miss
3VHpLxtd498_4,2-5s,harmful,REMOVE_RANDOM,1,0,0,both_miss
3VHpLxtd498_4,2-5s,harmful,REMOVE_RANDOM,2,0,0,both_miss
3VHpLxtd498_4,2-5s,harmful,REMOVE_RANDOM,3,0,0,both_miss
3VHpLxtd498_4,2-5s,harmful,REMOVE_RANDOM,4,0,0,both_miss
3VHpLxtd498_4,2-5s,harmful,REMOVE_RANDOM,5,0,0,both_miss
3VHpLxtd498_4,2-5s,harmful,REMOVE_RANDOM,6,0,0,both_miss
3VHpLxtd498_4,2-5s,harmful,REMOVE_RANDOM,7,0,0,both_miss
3VHpLxtd498_4,2-5s,harmful,REMOVE_RANDOM,8,0,0,both_miss
3VHpLxtd498_4,2-5s,harmful,REMOVE_RANDOM,9,0,0,both_miss
3VHpLxtd498_4,2-5s,harmful,REMOVE_HARD,0,0,0,both_miss
3qTL7QRk-tg_4,2-5s,control,REMOVE_RANDOM,0,1,1,both_hit
3qTL7QRk-tg_4,2-5s,control,REMOVE_RANDOM,1,1,1,both_hit
3qTL7QRk-tg_4,2-5s,control,REMOVE_RANDOM,2,1,1,both_hit
3qTL7QRk-tg_4,2-5s,control,REMOVE_RANDOM,3,1,1,both_hit
3qTL7QRk-tg_4,2-5s,control,REMOVE_RANDOM,4,1,1,both_hit
3qTL7QRk-tg_4,2-5s,control,REMOVE_RANDOM,5,1,1,both_hit
3qTL7QRk-tg_4,2-5s,control,REMOVE_RANDOM,6,1,1,both_hit
3qTL7QRk-tg_4,2-5s,control,REMOVE_RANDOM,7,1,1,both_hit
3qTL7QRk-tg_4,2-5s,control,REMOVE_RANDOM,8,1,1,both_hit
3qTL7QRk-tg_4,2-5s,control,REMOVE_RANDOM,9,1,1,both_hit
3qTL7QRk-tg_4,2-5s,control,REMOVE_HARD,0,1,1,both_hit
3rna9zo5ZOs_2,2-5s,control,REMOVE_RANDOM,0,1,1,both_hit
3rna9zo5ZOs_2,2-5s,control,REMOVE_RANDOM,1,1,1,both_hit
3rna9zo5ZOs_2,2-5s,control,REMOVE_RANDOM,2,1,1,both_hit
3rna9zo5ZOs_2,2-5s,control,REMOVE_RANDOM,3,1,1,both_hit
3rna9zo5ZOs_2,2-5s,control,REMOVE_RANDOM,4,1,1,both_hit
3rna9zo5ZOs_2,2-5s,control,REMOVE_RANDOM,5,1,1,both_hit
3rna9zo5ZOs_2,2-5s,control,REMOVE_RANDOM,6,1,1,both_hit
3rna9zo5ZOs_2,2-5s,control,REMOVE_RANDOM,7,1,1,both_hit
3rna9zo5ZOs_2,2-5s,control,REMOVE_RANDOM,8,1,1,both_hit
3rna9zo5ZOs_2,2-5s,control,REMOVE_RANDOM,9,1,1,both_hit
3rna9zo5ZOs_2,2-5s,control,REMOVE_HARD,0,1,1,both_hit
3xDZ-kdGE3o_2,2-5s,control,REMOVE_RANDOM,0,1,1,both_hit
3xDZ-kdGE3o_2,2-5s,control,REMOVE_RANDOM,1,1,1,both_hit
3xDZ-kdGE3o_2,2-5s,control,REMOVE_RANDOM,2,1,1,both_hit
3xDZ-kdGE3o_2,2-5s,control,REMOVE_RANDOM,3,1,1,both_hit
3xDZ-kdGE3o_2,2-5s,control,REMOVE_RANDOM,4,1,1,both_hit
3xDZ-kdGE3o_2,2-5s,control,REMOVE_RANDOM,5,1,1,both_hit
3xDZ-kdGE3o_2,2-5s,control,REMOVE_RANDOM,6,1,1,both_hit
3xDZ-kdGE3o_2,2-5s,control,REMOVE_RANDOM,7,1,1,both_hit
3xDZ-kdGE3o_2,2-5s,control,REMOVE_RANDOM,8,1,1,both_hit
3xDZ-kdGE3o_2,2-5s,control,REMOVE_RANDOM,9,1,1,both_hit
3xDZ-kdGE3o_2,2-5s,control,REMOVE_HARD,0,1,1,both_hit
473wBEwC35M_1,2-5s,harmful,REMOVE_RANDOM,0,1,1,both_hit
473wBEwC35M_1,2-5s,harmful,REMOVE_RANDOM,1,1,1,both_hit
473wBEwC35M_1,2-5s,harmful,REMOVE_RANDOM,2,1,1,both_hit
473wBEwC35M_1,2-5s,harmful,REMOVE_RANDOM,3,1,1,both_hit
473wBEwC35M_1,2-5s,harmful,REMOVE_RANDOM,4,1,1,both_hit
473wBEwC35M_1,2-5s,harmful,REMOVE_RANDOM,5,1,1,both_hit
473wBEwC35M_1,2-5s,harmful,REMOVE_RANDOM,6,1,1,both_hit
473wBEwC35M_1,2-5s,harmful,REMOVE_RANDOM,7,1,1,both_hit
473wBEwC35M_1,2-5s,harmful,REMOVE_RANDOM,8,1,1,both_hit
473wBEwC35M_1,2-5s,harmful,REMOVE_RANDOM,9,1,1,both_hit
473wBEwC35M_1,2-5s,harmful,REMOVE_HARD,0,1,1,both_hit
4CAMv5nlr-0_1,2-5s,control,REMOVE_RANDOM,0,1,1,both_hit
4CAMv5nlr-0_1,2-5s,control,REMOVE_RANDOM,1,1,1,both_hit
4CAMv5nlr-0_1,2-5s,control,REMOVE_RANDOM,2,1,1,both_hit
4CAMv5nlr-0_1,2-5s,control,REMOVE_RANDOM,3,1,1,both_hit
4CAMv5nlr-0_1,2-5s,control,REMOVE_RANDOM,4,1,1,both_hit
4CAMv5nlr-0_1,2-5s,control,REMOVE_RANDOM,5,1,1,both_hit
4CAMv5nlr-0_1,2-5s,control,REMOVE_RANDOM,6,1,1,both_hit
4CAMv5nlr-0_1,2-5s,control,REMOVE_RANDOM,7,1,1,both_hit
4CAMv5nlr-0_1,2-5s,control,REMOVE_RANDOM,8,1,1,both_hit
4CAMv5nlr-0_1,2-5s,control,REMOVE_RANDOM,9,1,1,both_hit
4CAMv5nlr-0_1,2-5s,control,REMOVE_HARD,0,1,1,both_hit
4CAMv5nlr-0_2,2-5s,control,REMOVE_RANDOM,0,1,1,both_hit
4CAMv5nlr-0_2,2-5s,control,REMOVE_RANDOM,1,1,1,both_hit
4CAMv5nlr-0_2,2-5s,control,REMOVE_RANDOM,2,1,1,both_hit
4CAMv5nlr-0_2,2-5s,control,REMOVE_RANDOM,3,1,1,both_hit
4CAMv5nlr-0_2,2-5s,control,REMOVE_RANDOM,4,1,1,both_hit
4CAMv5nlr-0_2,2-5s,control,REMOVE_RANDOM,5,1,1,both_hit
4CAMv5nlr-0_2,2-5s,control,REMOVE_RANDOM,6,1,1,both_hit
4CAMv5nlr-0_2,2-5s,control,REMOVE_RANDOM,7,1,1,both_hit
4CAMv5nlr-0_2,2-5s,control,REMOVE_RANDOM,8,1,1,both_hit
4CAMv5nlr-0_2,2-5s,control,REMOVE_RANDOM,9,1,1,both_hit
4CAMv5nlr-0_2,2-5s,control,REMOVE_HARD,0,1,1,both_hit
4IeDBwyQ9ZQ_4,2-5s,control,REMOVE_RANDOM,0,1,1,both_hit
4IeDBwyQ9ZQ_4,2-5s,control,REMOVE_RANDOM,1,1,1,both_hit
4IeDBwyQ9ZQ_4,2-5s,control,REMOVE_RANDOM,2,1,1,both_hit
4IeDBwyQ9ZQ_4,2-5s,control,REMOVE_RANDOM,3,1,1,both_hit
4IeDBwyQ9ZQ_4,2-5s,control,REMOVE_RANDOM,4,1,1,both_hit
4IeDBwyQ9ZQ_4,2-5s,control,REMOVE_RANDOM,5,1,1,both_hit
4IeDBwyQ9ZQ_4,2-5s,control,REMOVE_RANDOM,6,1,1,both_hit
4IeDBwyQ9ZQ_4,2-5s,control,REMOVE_RANDOM,7,1,1,both_hit
4IeDBwyQ9ZQ_4,2-5s,control,REMOVE_RANDOM,8,1,1,both_hit
4IeDBwyQ9ZQ_4,2-5s,control,REMOVE_RANDOM,9,1,1,both_hit
4IeDBwyQ9ZQ_4,2-5s,control,REMOVE_HARD,0,1,1,both_hit
4UPOUGVMlEs_3,2-5s,harmful,REMOVE_RANDOM,0,1,1,both_hit
4UPOUGVMlEs_3,2-5s,harmful,REMOVE_RANDOM,1,1,1,both_hit
4UPOUGVMlEs_3,2-5s,harmful,REMOVE_RANDOM,2,1,1,both_hit
4UPOUGVMlEs_3,2-5s,harmful,REMOVE_RANDOM,3,1,1,both_hit
4UPOUGVMlEs_3,2-5s,harmful,REMOVE_RANDOM,4,1,1,both_hit
4UPOUGVMlEs_3,2-5s,harmful,REMOVE_RANDOM,5,1,1,both_hit
4UPOUGVMlEs_3,2-5s,harmful,REMOVE_RANDOM,6,1,1,both_hit
4UPOUGVMlEs_3,2-5s,harmful,REMOVE_RANDOM,7,1,1,both_hit
4UPOUGVMlEs_3,2-5s,harmful,REMOVE_RANDOM,8,1,1,both_hit
4UPOUGVMlEs_3,2-5s,harmful,REMOVE_RANDOM,9,1,1,both_hit
4UPOUGVMlEs_3,2-5s,harmful,REMOVE_HARD,0,1,1,both_hit
4_DjmCg8Ra8_1,0-2s,control,REMOVE_RANDOM,0,0,0,both_miss
4_DjmCg8Ra8_1,0-2s,control,REMOVE_RANDOM,1,0,0,both_miss
4_DjmCg8Ra8_1,0-2s,control,REMOVE_RANDOM,2,0,0,both_miss
4_DjmCg8Ra8_1,0-2s,control,REMOVE_RANDOM,3,0,0,both_miss
4_DjmCg8Ra8_1,0-2s,control,REMOVE_RANDOM,4,0,0,both_miss
4_DjmCg8Ra8_1,0-2s,control,REMOVE_RANDOM,5,0,0,both_miss
4_DjmCg8Ra8_1,0-2s,control,REMOVE_RANDOM,6,0,0,both_miss
4_DjmCg8Ra8_1,0-2s,control,REMOVE_RANDOM,7,0,0,both_miss
4_DjmCg8Ra8_1,0-2s,control,REMOVE_RANDOM,8,0,0,both_miss
4_DjmCg8Ra8_1,0-2s,control,REMOVE_RANDOM,9,0,0,both_miss
4_DjmCg8Ra8_1,0-2s,control,REMOVE_HARD,0,0,0,both_miss
4ftDFi4684Y_1,2-5s,control,REMOVE_RANDOM,0,0,0,both_miss
4ftDFi4684Y_1,2-5s,control,REMOVE_RANDOM,1,0,0,both_miss
4ftDFi4684Y_1,2-5s,control,REMOVE_RANDOM,2,0,0,both_miss
4ftDFi4684Y_1,2-5s,control,REMOVE_RANDOM,3,0,0,both_miss
4ftDFi4684Y_1,2-5s,control,REMOVE_RANDOM,4,0,0,both_miss
4ftDFi4684Y_1,2-5s,control,REMOVE_RANDOM,5,0,0,both_miss
4ftDFi4684Y_1,2-5s,control,REMOVE_RANDOM,6,0,0,both_miss
4ftDFi4684Y_1,2-5s,control,REMOVE_RANDOM,7,0,0,both_miss
4ftDFi4684Y_1,2-5s,control,REMOVE_RANDOM,8,0,0,both_miss
4ftDFi4684Y_1,2-5s,control,REMOVE_RANDOM,9,0,0,both_miss
4ftDFi4684Y_1,2-5s,control,REMOVE_HARD,0,0,1,miss_to_hit
4fz0-Kx2oNs_1,2-5s,control,REMOVE_RANDOM,0,0,0,both_miss
4fz0-Kx2oNs_1,2-5s,control,REMOVE_RANDOM,1,0,0,both_miss
4fz0-Kx2oNs_1,2-5s,control,REMOVE_RANDOM,2,0,0,both_miss
4fz0-Kx2oNs_1,2-5s,control,REMOVE_RANDOM,3,0,0,both_miss
4fz0-Kx2oNs_1,2-5s,control,REMOVE_RANDOM,4,0,0,both_miss
4fz0-Kx2oNs_1,2-5s,control,REMOVE_RANDOM,5,0,0,both_miss
4fz0-Kx2oNs_1,2-5s,control,REMOVE_RANDOM,6,0,0,both_miss
4fz0-Kx2oNs_1,2-5s,control,REMOVE_RANDOM,7,0,0,both_miss
4fz0-Kx2oNs_1,2-5s,control,REMOVE_RANDOM,8,0,0,both_miss
4fz0-Kx2oNs_1,2-5s,control,REMOVE_RANDOM,9,0,0,both_miss
4fz0-Kx2oNs_1,2-5s,control,REMOVE_HARD,0,0,0,both_miss
4fz0-Kx2oNs_3,2-5s,control,REMOVE_RANDOM,0,1,1,both_hit
4fz0-Kx2oNs_3,2-5s,control,REMOVE_RANDOM,1,1,1,both_hit
4fz0-Kx2oNs_3,2-5s,control,REMOVE_RANDOM,2,1,1,both_hit
4fz0-Kx2oNs_3,2-5s,control,REMOVE_RANDOM,3,1,1,both_hit
4fz0-Kx2oNs_3,2-5s,control,REMOVE_RANDOM,4,1,1,both_hit
4fz0-Kx2oNs_3,2-5s,control,REMOVE_RANDOM,5,1,1,both_hit
4fz0-Kx2oNs_3,2-5s,control,REMOVE_RANDOM,6,1,1,both_hit
4fz0-Kx2oNs_3,2-5s,control,REMOVE_RANDOM,7,1,1,both_hit
4fz0-Kx2oNs_3,2-5s,control,REMOVE_RANDOM,8,1,1,both_hit
4fz0-Kx2oNs_3,2-5s,control,REMOVE_RANDOM,9,1,1,both_hit
4fz0-Kx2oNs_3,2-5s,control,REMOVE_HARD,0,1,1,both_hit
52IxrdTxGs4_2,0-2s,harmful,REMOVE_RANDOM,0,1,0,hit_to_miss
52IxrdTxGs4_2,0-2s,harmful,REMOVE_RANDOM,1,1,1,both_hit
52IxrdTxGs4_2,0-2s,harmful,REMOVE_RANDOM,2,1,1,both_hit
52IxrdTxGs4_2,0-2s,harmful,REMOVE_RANDOM,3,1,1,both_hit
52IxrdTxGs4_2,0-2s,harmful,REMOVE_RANDOM,4,1,1,both_hit
52IxrdTxGs4_2,0-2s,harmful,REMOVE_RANDOM,5,1,1,both_hit
52IxrdTxGs4_2,0-2s,harmful,REMOVE_RANDOM,6,1,0,hit_to_miss
52IxrdTxGs4_2,0-2s,harmful,REMOVE_RANDOM,7,1,1,both_hit
52IxrdTxGs4_2,0-2s,harmful,REMOVE_RANDOM,8,1,1,both_hit
52IxrdTxGs4_2,0-2s,harmful,REMOVE_RANDOM,9,1,1,both_hit
52IxrdTxGs4_2,0-2s,harmful,REMOVE_HARD,0,1,1,both_hit
52IxrdTxGs4_3,2-5s,control,REMOVE_RANDOM,0,0,0,both_miss
52IxrdTxGs4_3,2-5s,control,REMOVE_RANDOM,1,0,0,both_miss
52IxrdTxGs4_3,2-5s,control,REMOVE_RANDOM,2,0,0,both_miss
52IxrdTxGs4_3,2-5s,control,REMOVE_RANDOM,3,0,0,both_miss
52IxrdTxGs4_3,2-5s,control,REMOVE_RANDOM,4,0,0,both_miss
52IxrdTxGs4_3,2-5s,control,REMOVE_RANDOM,5,0,0,both_miss
52IxrdTxGs4_3,2-5s,control,REMOVE_RANDOM,6,0,0,both_miss
52IxrdTxGs4_3,2-5s,control,REMOVE_RANDOM,7,0,0,both_miss
52IxrdTxGs4_3,2-5s,control,REMOVE_RANDOM,8,0,0,both_miss
52IxrdTxGs4_3,2-5s,control,REMOVE_RANDOM,9,0,0,both_miss
52IxrdTxGs4_3,2-5s,control,REMOVE_HARD,0,0,0,both_miss
52IxrdTxGs4_4,0-2s,harmful,REMOVE_RANDOM,0,1,1,both_hit
52IxrdTxGs4_4,0-2s,harmful,REMOVE_RANDOM,1,1,1,both_hit
52IxrdTxGs4_4,0-2s,harmful,REMOVE_RANDOM,2,1,0,hit_to_miss
52IxrdTxGs4_4,0-2s,harmful,REMOVE_RANDOM,3,1,1,both_hit
52IxrdTxGs4_4,0-2s,harmful,REMOVE_RANDOM,4,1,1,both_hit
52IxrdTxGs4_4,0-2s,harmful,REMOVE_RANDOM,5,1,1,both_hit
52IxrdTxGs4_4,0-2s,harmful,REMOVE_RANDOM,6,1,1,both_hit
52IxrdTxGs4_4,0-2s,harmful,REMOVE_RANDOM,7,1,1,both_hit
52IxrdTxGs4_4,0-2s,harmful,REMOVE_RANDOM,8,1,1,both_hit
52IxrdTxGs4_4,0-2s,harmful,REMOVE_RANDOM,9,1,1,both_hit
52IxrdTxGs4_4,0-2s,harmful,REMOVE_HARD,0,1,0,hit_to_miss
5G6b_QWL3nY_3,2-5s,harmful,REMOVE_RANDOM,0,1,1,both_hit
5G6b_QWL3nY_3,2-5s,harmful,REMOVE_RANDOM,1,1,1,both_hit
5G6b_QWL3nY_3,2-5s,harmful,REMOVE_RANDOM,2,1,1,both_hit
5G6b_QWL3nY_3,2-5s,harmful,REMOVE_RANDOM,3,1,1,both_hit
5G6b_QWL3nY_3,2-5s,harmful,REMOVE_RANDOM,4,1,1,both_hit
5G6b_QWL3nY_3,2-5s,harmful,REMOVE_RANDOM,5,1,1,both_hit
5G6b_QWL3nY_3,2-5s,harmful,REMOVE_RANDOM,6,1,1,both_hit
5G6b_QWL3nY_3,2-5s,harmful,REMOVE_RANDOM,7,1,1,both_hit
5G6b_QWL3nY_3,2-5s,harmful,REMOVE_RANDOM,8,1,1,both_hit
5G6b_QWL3nY_3,2-5s,harmful,REMOVE_RANDOM,9,1,1,both_hit
5G6b_QWL3nY_3,2-5s,harmful,REMOVE_HARD,0,1,1,both_hit
5G6b_QWL3nY_4,2-5s,control,REMOVE_RANDOM,0,0,0,both_miss
5G6b_QWL3nY_4,2-5s,control,REMOVE_RANDOM,1,0,0,both_miss
5G6b_QWL3nY_4,2-5s,control,REMOVE_RANDOM,2,0,0,both_miss
5G6b_QWL3nY_4,2-5s,control,REMOVE_RANDOM,3,0,0,both_miss
5G6b_QWL3nY_4,2-5s,control,REMOVE_RANDOM,4,0,0,both_miss
5G6b_QWL3nY_4,2-5s,control,REMOVE_RANDOM,5,0,0,both_miss
5G6b_QWL3nY_4,2-5s,control,REMOVE_RANDOM,6,0,0,both_miss
5G6b_QWL3nY_4,2-5s,control,REMOVE_RANDOM,7,0,0,both_miss
5G6b_QWL3nY_4,2-5s,control,REMOVE_RANDOM,8,0,0,both_miss
5G6b_QWL3nY_4,2-5s,control,REMOVE_RANDOM,9,0,0,both_miss
5G6b_QWL3nY_4,2-5s,control,REMOVE_HARD,0,0,0,both_miss
5t6tSW0yT40_4,0-2s,control,REMOVE_RANDOM,0,0,0,both_miss
5t6tSW0yT40_4,0-2s,control,REMOVE_RANDOM,1,0,0,both_miss
5t6tSW0yT40_4,0-2s,control,REMOVE_RANDOM,2,0,0,both_miss
5t6tSW0yT40_4,0-2s,control,REMOVE_RANDOM,3,0,0,both_miss
5t6tSW0yT40_4,0-2s,control,REMOVE_RANDOM,4,0,0,both_miss
5t6tSW0yT40_4,0-2s,control,REMOVE_RANDOM,5,0,0,both_miss
5t6tSW0yT40_4,0-2s,control,REMOVE_RANDOM,6,0,0,both_miss
5t6tSW0yT40_4,0-2s,control,REMOVE_RANDOM,7,0,0,both_miss
5t6tSW0yT40_4,0-2s,control,REMOVE_RANDOM,8,0,0,both_miss
5t6tSW0yT40_4,0-2s,control,REMOVE_RANDOM,9,0,0,both_miss
5t6tSW0yT40_4,0-2s,control,REMOVE_HARD,0,0,0,both_miss
67BsqRkh-dU_2,2-5s,control,REMOVE_RANDOM,0,1,1,both_hit
67BsqRkh-dU_2,2-5s,control,REMOVE_RANDOM,1,1,0,hit_to_miss
67BsqRkh-dU_2,2-5s,control,REMOVE_RANDOM,2,1,0,hit_to_miss
67BsqRkh-dU_2,2-5s,control,REMOVE_RANDOM,3,1,0,hit_to_miss
67BsqRkh-dU_2,2-5s,control,REMOVE_RANDOM,4,1,1,both_hit
67BsqRkh-dU_2,2-5s,control,REMOVE_RANDOM,5,1,0,hit_to_miss
67BsqRkh-dU_2,2-5s,control,REMOVE_RANDOM,6,1,1,both_hit
67BsqRkh-dU_2,2-5s,control,REMOVE_RANDOM,7,1,1,both_hit
67BsqRkh-dU_2,2-5s,control,REMOVE_RANDOM,8,1,1,both_hit
67BsqRkh-dU_2,2-5s,control,REMOVE_RANDOM,9,1,0,hit_to_miss
67BsqRkh-dU_2,2-5s,control,REMOVE_HARD,0,1,0,hit_to_miss
6Nvu6EcpdE8_2,0-2s,harmful,REMOVE_RANDOM,0,1,1,both_hit
6Nvu6EcpdE8_2,0-2s,harmful,REMOVE_RANDOM,1,1,1,both_hit
6Nvu6EcpdE8_2,0-2s,harmful,REMOVE_RANDOM,2,1,1,both_hit
6Nvu6EcpdE8_2,0-2s,harmful,REMOVE_RANDOM,3,1,1,both_hit
6Nvu6EcpdE8_2,0-2s,harmful,REMOVE_RANDOM,4,1,1,both_hit
6Nvu6EcpdE8_2,0-2s,harmful,REMOVE_RANDOM,5,1,1,both_hit
6Nvu6EcpdE8_2,0-2s,harmful,REMOVE_RANDOM,6,1,1,both_hit
6Nvu6EcpdE8_2,0-2s,harmful,REMOVE_RANDOM,7,1,1,both_hit
6Nvu6EcpdE8_2,0-2s,harmful,REMOVE_RANDOM,8,1,1,both_hit
6Nvu6EcpdE8_2,0-2s,harmful,REMOVE_RANDOM,9,1,1,both_hit
6Nvu6EcpdE8_2,0-2s,harmful,REMOVE_HARD,0,1,1,both_hit
6Nvu6EcpdE8_3,0-2s,harmful,REMOVE_RANDOM,0,0,0,both_miss
6Nvu6EcpdE8_3,0-2s,harmful,REMOVE_RANDOM,1,0,0,both_miss
6Nvu6EcpdE8_3,0-2s,harmful,REMOVE_RANDOM,2,0,0,both_miss
6Nvu6EcpdE8_3,0-2s,harmful,REMOVE_RANDOM,3,0,0,both_miss
6Nvu6EcpdE8_3,0-2s,harmful,REMOVE_RANDOM,4,0,0,both_miss
6Nvu6EcpdE8_3,0-2s,harmful,REMOVE_RANDOM,5,0,0,both_miss
6Nvu6EcpdE8_3,0-2s,harmful,REMOVE_RANDOM,6,0,0,both_miss
6Nvu6EcpdE8_3,0-2s,harmful,REMOVE_RANDOM,7,0,0,both_miss
6Nvu6EcpdE8_3,0-2s,harmful,REMOVE_RANDOM,8,0,0,both_miss
6Nvu6EcpdE8_3,0-2s,harmful,REMOVE_RANDOM,9,0,0,both_miss
6Nvu6EcpdE8_3,0-2s,harmful,REMOVE_HARD,0,0,0,both_miss
6OlHuvJR_Dk_1,2-5s,control,REMOVE_RANDOM,0,1,1,both_hit
6OlHuvJR_Dk_1,2-5s,control,REMOVE_RANDOM,1,1,1,both_hit
6OlHuvJR_Dk_1,2-5s,control,REMOVE_RANDOM,2,1,1,both_hit
6OlHuvJR_Dk_1,2-5s,control,REMOVE_RANDOM,3,1,1,both_hit
6OlHuvJR_Dk_1,2-5s,control,REMOVE_RANDOM,4,1,1,both_hit
6OlHuvJR_Dk_1,2-5s,control,REMOVE_RANDOM,5,1,1,both_hit
6OlHuvJR_Dk_1,2-5s,control,REMOVE_RANDOM,6,1,1,both_hit
6OlHuvJR_Dk_1,2-5s,control,REMOVE_RANDOM,7,1,1,both_hit
6OlHuvJR_Dk_1,2-5s,control,REMOVE_RANDOM,8,1,1,both_hit
6OlHuvJR_Dk_1,2-5s,control,REMOVE_RANDOM,9,1,1,both_hit
6OlHuvJR_Dk_1,2-5s,control,REMOVE_HARD,0,1,1,both_hit
6ZwYgzcN6Is_2,2-5s,control,REMOVE_RANDOM,0,1,1,both_hit
6ZwYgzcN6Is_2,2-5s,control,REMOVE_RANDOM,1,1,1,both_hit
6ZwYgzcN6Is_2,2-5s,control,REMOVE_RANDOM,2,1,1,both_hit
6ZwYgzcN6Is_2,2-5s,control,REMOVE_RANDOM,3,1,1,both_hit
6ZwYgzcN6Is_2,2-5s,control,REMOVE_RANDOM,4,1,1,both_hit
6ZwYgzcN6Is_2,2-5s,control,REMOVE_RANDOM,5,1,1,both_hit
6ZwYgzcN6Is_2,2-5s,control,REMOVE_RANDOM,6,1,1,both_hit
6ZwYgzcN6Is_2,2-5s,control,REMOVE_RANDOM,7,1,1,both_hit
6ZwYgzcN6Is_2,2-5s,control,REMOVE_RANDOM,8,1,1,both_hit
6ZwYgzcN6Is_2,2-5s,control,REMOVE_RANDOM,9,1,1,both_hit
6ZwYgzcN6Is_2,2-5s,control,REMOVE_HARD,0,1,1,both_hit
6pssFJ0m-kU_3,2-5s,control,REMOVE_RANDOM,0,1,1,both_hit
6pssFJ0m-kU_3,2-5s,control,REMOVE_RANDOM,1,1,1,both_hit
6pssFJ0m-kU_3,2-5s,control,REMOVE_RANDOM,2,1,1,both_hit
6pssFJ0m-kU_3,2-5s,control,REMOVE_RANDOM,3,1,1,both_hit
6pssFJ0m-kU_3,2-5s,control,REMOVE_RANDOM,4,1,1,both_hit
6pssFJ0m-kU_3,2-5s,control,REMOVE_RANDOM,5,1,1,both_hit
6pssFJ0m-kU_3,2-5s,control,REMOVE_RANDOM,6,1,1,both_hit
6pssFJ0m-kU_3,2-5s,control,REMOVE_RANDOM,7,1,1,both_hit
6pssFJ0m-kU_3,2-5s,control,REMOVE_RANDOM,8,1,1,both_hit
6pssFJ0m-kU_3,2-5s,control,REMOVE_RANDOM,9,1,1,both_hit
6pssFJ0m-kU_3,2-5s,control,REMOVE_HARD,0,1,0,hit_to_miss
7JWHbs3gu1w_1,2-5s,harmful,REMOVE_RANDOM,0,0,0,both_miss
7JWHbs3gu1w_1,2-5s,harmful,REMOVE_RANDOM,1,0,0,both_miss
7JWHbs3gu1w_1,2-5s,harmful,REMOVE_RANDOM,2,0,0,both_miss
7JWHbs3gu1w_1,2-5s,harmful,REMOVE_RANDOM,3,0,0,both_miss
7JWHbs3gu1w_1,2-5s,harmful,REMOVE_RANDOM,4,0,0,both_miss
7JWHbs3gu1w_1,2-5s,harmful,REMOVE_RANDOM,5,0,0,both_miss
7JWHbs3gu1w_1,2-5s,harmful,REMOVE_RANDOM,6,0,0,both_miss
7JWHbs3gu1w_1,2-5s,harmful,REMOVE_RANDOM,7,0,0,both_miss
7JWHbs3gu1w_1,2-5s,harmful,REMOVE_RANDOM,8,0,0,both_miss
7JWHbs3gu1w_1,2-5s,harmful,REMOVE_RANDOM,9,0,0,both_miss
7JWHbs3gu1w_1,2-5s,harmful,REMOVE_HARD,0,0,0,both_miss
7JWHbs3gu1w_2,2-5s,control,REMOVE_RANDOM,0,1,1,both_hit
7JWHbs3gu1w_2,2-5s,control,REMOVE_RANDOM,1,1,1,both_hit
7JWHbs3gu1w_2,2-5s,control,REMOVE_RANDOM,2,1,1,both_hit
7JWHbs3gu1w_2,2-5s,control,REMOVE_RANDOM,3,1,1,both_hit
7JWHbs3gu1w_2,2-5s,control,REMOVE_RANDOM,4,1,1,both_hit
7JWHbs3gu1w_2,2-5s,control,REMOVE_RANDOM,5,1,1,both_hit
7JWHbs3gu1w_2,2-5s,control,REMOVE_RANDOM,6,1,1,both_hit
7JWHbs3gu1w_2,2-5s,control,REMOVE_RANDOM,7,1,1,both_hit
7JWHbs3gu1w_2,2-5s,control,REMOVE_RANDOM,8,1,1,both_hit
7JWHbs3gu1w_2,2-5s,control,REMOVE_RANDOM,9,1,1,both_hit
7JWHbs3gu1w_2,2-5s,control,REMOVE_HARD,0,1,1,both_hit
7P0N61TVOxE_3,2-5s,harmful,REMOVE_RANDOM,0,0,0,both_miss
7P0N61TVOxE_3,2-5s,harmful,REMOVE_RANDOM,1,0,0,both_miss
7P0N61TVOxE_3,2-5s,harmful,REMOVE_RANDOM,2,0,0,both_miss
7P0N61TVOxE_3,2-5s,harmful,REMOVE_RANDOM,3,0,0,both_miss
7P0N61TVOxE_3,2-5s,harmful,REMOVE_RANDOM,4,0,0,both_miss
7P0N61TVOxE_3,2-5s,harmful,REMOVE_RANDOM,5,0,0,both_miss
7P0N61TVOxE_3,2-5s,harmful,REMOVE_RANDOM,6,0,0,both_miss
7P0N61TVOxE_3,2-5s,harmful,REMOVE_RANDOM,7,0,0,both_miss
7P0N61TVOxE_3,2-5s,harmful,REMOVE_RANDOM,8,0,0,both_miss
7P0N61TVOxE_3,2-5s,harmful,REMOVE_RANDOM,9,0,0,both_miss
7P0N61TVOxE_3,2-5s,harmful,REMOVE_HARD,0,0,0,both_miss
7P6lcyeDKNI_1,2-5s,harmful,REMOVE_RANDOM,0,0,0,both_miss
7P6lcyeDKNI_1,2-5s,harmful,REMOVE_RANDOM,1,0,0,both_miss
7P6lcyeDKNI_1,2-5s,harmful,REMOVE_RANDOM,2,0,0,both_miss
7P6lcyeDKNI_1,2-5s,harmful,REMOVE_RANDOM,3,0,0,both_miss
7P6lcyeDKNI_1,2-5s,harmful,REMOVE_RANDOM,4,0,0,both_miss
7P6lcyeDKNI_1,2-5s,harmful,REMOVE_RANDOM,5,0,0,both_miss
7P6lcyeDKNI_1,2-5s,harmful,REMOVE_RANDOM,6,0,0,both_miss
7P6lcyeDKNI_1,2-5s,harmful,REMOVE_RANDOM,7,0,0,both_miss
7P6lcyeDKNI_1,2-5s,harmful,REMOVE_RANDOM,8,0,0,both_miss
7P6lcyeDKNI_1,2-5s,harmful,REMOVE_RANDOM,9,0,0,both_miss
7P6lcyeDKNI_1,2-5s,harmful,REMOVE_HARD,0,0,0,both_miss
7XXSOzDQ2z0_2,2-5s,control,REMOVE_RANDOM,0,0,0,both_miss
7XXSOzDQ2z0_2,2-5s,control,REMOVE_RANDOM,1,0,0,both_miss
7XXSOzDQ2z0_2,2-5s,control,REMOVE_RANDOM,2,0,0,both_miss
7XXSOzDQ2z0_2,2-5s,control,REMOVE_RANDOM,3,0,0,both_miss
7XXSOzDQ2z0_2,2-5s,control,REMOVE_RANDOM,4,0,0,both_miss
7XXSOzDQ2z0_2,2-5s,control,REMOVE_RANDOM,5,0,0,both_miss
7XXSOzDQ2z0_2,2-5s,control,REMOVE_RANDOM,6,0,0,both_miss
7XXSOzDQ2z0_2,2-5s,control,REMOVE_RANDOM,7,0,0,both_miss
7XXSOzDQ2z0_2,2-5s,control,REMOVE_RANDOM,8,0,0,both_miss
7XXSOzDQ2z0_2,2-5s,control,REMOVE_RANDOM,9,0,0,both_miss
7XXSOzDQ2z0_2,2-5s,control,REMOVE_HARD,0,0,0,both_miss
7XXSOzDQ2z0_3,2-5s,harmful,REMOVE_RANDOM,0,0,0,both_miss
7XXSOzDQ2z0_3,2-5s,harmful,REMOVE_RANDOM,1,0,0,both_miss
7XXSOzDQ2z0_3,2-5s,harmful,REMOVE_RANDOM,2,0,0,both_miss
7XXSOzDQ2z0_3,2-5s,harmful,REMOVE_RANDOM,3,0,0,both_miss
7XXSOzDQ2z0_3,2-5s,harmful,REMOVE_RANDOM,4,0,0,both_miss
7XXSOzDQ2z0_3,2-5s,harmful,REMOVE_RANDOM,5,0,0,both_miss
7XXSOzDQ2z0_3,2-5s,harmful,REMOVE_RANDOM,6,0,0,both_miss
7XXSOzDQ2z0_3,2-5s,harmful,REMOVE_RANDOM,7,0,0,both_miss
7XXSOzDQ2z0_3,2-5s,harmful,REMOVE_RANDOM,8,0,0,both_miss
7XXSOzDQ2z0_3,2-5s,harmful,REMOVE_RANDOM,9,0,0,both_miss
7XXSOzDQ2z0_3,2-5s,harmful,REMOVE_HARD,0,0,0,both_miss
7bO0AJI-ihs_1,2-5s,control,REMOVE_RANDOM,0,1,1,both_hit
7bO0AJI-ihs_1,2-5s,control,REMOVE_RANDOM,1,1,1,both_hit
7bO0AJI-ihs_1,2-5s,control,REMOVE_RANDOM,2,1,1,both_hit
7bO0AJI-ihs_1,2-5s,control,REMOVE_RANDOM,3,1,1,both_hit
7bO0AJI-ihs_1,2-5s,control,REMOVE_RANDOM,4,1,1,both_hit
7bO0AJI-ihs_1,2-5s,control,REMOVE_RANDOM,5,1,1,both_hit
7bO0AJI-ihs_1,2-5s,control,REMOVE_RANDOM,6,1,1,both_hit
7bO0AJI-ihs_1,2-5s,control,REMOVE_RANDOM,7,1,1,both_hit
7bO0AJI-ihs_1,2-5s,control,REMOVE_RANDOM,8,1,1,both_hit
7bO0AJI-ihs_1,2-5s,control,REMOVE_RANDOM,9,1,1,both_hit
7bO0AJI-ihs_1,2-5s,control,REMOVE_HARD,0,1,1,both_hit
7bO0AJI-ihs_2,2-5s,control,REMOVE_RANDOM,0,1,1,both_hit
7bO0AJI-ihs_2,2-5s,control,REMOVE_RANDOM,1,1,1,both_hit
7bO0AJI-ihs_2,2-5s,control,REMOVE_RANDOM,2,1,1,both_hit
7bO0AJI-ihs_2,2-5s,control,REMOVE_RANDOM,3,1,1,both_hit
7bO0AJI-ihs_2,2-5s,control,REMOVE_RANDOM,4,1,1,both_hit
7bO0AJI-ihs_2,2-5s,control,REMOVE_RANDOM,5,1,1,both_hit
7bO0AJI-ihs_2,2-5s,control,REMOVE_RANDOM,6,1,1,both_hit
7bO0AJI-ihs_2,2-5s,control,REMOVE_RANDOM,7,1,1,both_hit
7bO0AJI-ihs_2,2-5s,control,REMOVE_RANDOM,8,1,1,both_hit
7bO0AJI-ihs_2,2-5s,control,REMOVE_RANDOM,9,1,1,both_hit
7bO0AJI-ihs_2,2-5s,control,REMOVE_HARD,0,1,1,both_hit
7upINC4seBw_1,2-5s,control,REMOVE_RANDOM,0,1,1,both_hit
7upINC4seBw_1,2-5s,control,REMOVE_RANDOM,1,1,1,both_hit
7upINC4seBw_1,2-5s,control,REMOVE_RANDOM,2,1,1,both_hit
7upINC4seBw_1,2-5s,control,REMOVE_RANDOM,3,1,1,both_hit
7upINC4seBw_1,2-5s,control,REMOVE_RANDOM,4,1,1,both_hit
7upINC4seBw_1,2-5s,control,REMOVE_RANDOM,5,1,1,both_hit
7upINC4seBw_1,2-5s,control,REMOVE_RANDOM,6,1,1,both_hit
7upINC4seBw_1,2-5s,control,REMOVE_RANDOM,7,1,1,both_hit
7upINC4seBw_1,2-5s,control,REMOVE_RANDOM,8,1,1,both_hit
7upINC4seBw_1,2-5s,control,REMOVE_RANDOM,9,1,1,both_hit
7upINC4seBw_1,2-5s,control,REMOVE_HARD,0,1,1,both_hit
83j4GgHXTLE_1,2-5s,harmful,REMOVE_RANDOM,0,1,1,both_hit
83j4GgHXTLE_1,2-5s,harmful,REMOVE_RANDOM,1,1,1,both_hit
83j4GgHXTLE_1,2-5s,harmful,REMOVE_RANDOM,2,1,1,both_hit
83j4GgHXTLE_1,2-5s,harmful,REMOVE_RANDOM,3,1,1,both_hit
83j4GgHXTLE_1,2-5s,harmful,REMOVE_RANDOM,4,1,1,both_hit
83j4GgHXTLE_1,2-5s,harmful,REMOVE_RANDOM,5,1,1,both_hit
83j4GgHXTLE_1,2-5s,harmful,REMOVE_RANDOM,6,1,1,both_hit
83j4GgHXTLE_1,2-5s,harmful,REMOVE_RANDOM,7,1,1,both_hit
83j4GgHXTLE_1,2-5s,harmful,REMOVE_RANDOM,8,1,1,both_hit
83j4GgHXTLE_1,2-5s,harmful,REMOVE_RANDOM,9,1,1,both_hit
83j4GgHXTLE_1,2-5s,harmful,REMOVE_HARD,0,1,1,both_hit
8OTd45_6cvY_2,2-5s,control,REMOVE_RANDOM,0,1,1,both_hit
8OTd45_6cvY_2,2-5s,control,REMOVE_RANDOM,1,1,1,both_hit
8OTd45_6cvY_2,2-5s,control,REMOVE_RANDOM,2,1,1,both_hit
8OTd45_6cvY_2,2-5s,control,REMOVE_RANDOM,3,1,1,both_hit
8OTd45_6cvY_2,2-5s,control,REMOVE_RANDOM,4,1,1,both_hit
8OTd45_6cvY_2,2-5s,control,REMOVE_RANDOM,5,1,1,both_hit
8OTd45_6cvY_2,2-5s,control,REMOVE_RANDOM,6,1,1,both_hit
8OTd45_6cvY_2,2-5s,control,REMOVE_RANDOM,7,1,1,both_hit
8OTd45_6cvY_2,2-5s,control,REMOVE_RANDOM,8,1,1,both_hit
8OTd45_6cvY_2,2-5s,control,REMOVE_RANDOM,9,1,0,hit_to_miss
8OTd45_6cvY_2,2-5s,control,REMOVE_HARD,0,1,1,both_hit
8OTd45_6cvY_4,2-5s,control,REMOVE_RANDOM,0,1,1,both_hit
8OTd45_6cvY_4,2-5s,control,REMOVE_RANDOM,1,1,1,both_hit
8OTd45_6cvY_4,2-5s,control,REMOVE_RANDOM,2,1,1,both_hit
8OTd45_6cvY_4,2-5s,control,REMOVE_RANDOM,3,1,1,both_hit
8OTd45_6cvY_4,2-5s,control,REMOVE_RANDOM,4,1,1,both_hit
8OTd45_6cvY_4,2-5s,control,REMOVE_RANDOM,5,1,1,both_hit
8OTd45_6cvY_4,2-5s,control,REMOVE_RANDOM,6,1,1,both_hit
8OTd45_6cvY_4,2-5s,control,REMOVE_RANDOM,7,1,1,both_hit
8OTd45_6cvY_4,2-5s,control,REMOVE_RANDOM,8,1,1,both_hit
8OTd45_6cvY_4,2-5s,control,REMOVE_RANDOM,9,1,1,both_hit
8OTd45_6cvY_4,2-5s,control,REMOVE_HARD,0,1,1,both_hit
8b9z7N25DmU_1,2-5s,control,REMOVE_RANDOM,0,1,1,both_hit
8b9z7N25DmU_1,2-5s,control,REMOVE_RANDOM,1,1,1,both_hit
8b9z7N25DmU_1,2-5s,control,REMOVE_RANDOM,2,1,1,both_hit
8b9z7N25DmU_1,2-5s,control,REMOVE_RANDOM,3,1,1,both_hit
8b9z7N25DmU_1,2-5s,control,REMOVE_RANDOM,4,1,1,both_hit
8b9z7N25DmU_1,2-5s,control,REMOVE_RANDOM,5,1,1,both_hit
8b9z7N25DmU_1,2-5s,control,REMOVE_RANDOM,6,1,1,both_hit
8b9z7N25DmU_1,2-5s,control,REMOVE_RANDOM,7,1,1,both_hit
8b9z7N25DmU_1,2-5s,control,REMOVE_RANDOM,8,1,1,both_hit
8b9z7N25DmU_1,2-5s,control,REMOVE_RANDOM,9,1,1,both_hit
8b9z7N25DmU_1,2-5s,control,REMOVE_HARD,0,1,1,both_hit
8o-Y4QP8LWs_2,2-5s,harmful,REMOVE_RANDOM,0,0,0,both_miss
8o-Y4QP8LWs_2,2-5s,harmful,REMOVE_RANDOM,1,0,0,both_miss
8o-Y4QP8LWs_2,2-5s,harmful,REMOVE_RANDOM,2,0,0,both_miss
8o-Y4QP8LWs_2,2-5s,harmful,REMOVE_RANDOM,3,0,0,both_miss
8o-Y4QP8LWs_2,2-5s,harmful,REMOVE_RANDOM,4,0,0,both_miss
8o-Y4QP8LWs_2,2-5s,harmful,REMOVE_RANDOM,5,0,0,both_miss
8o-Y4QP8LWs_2,2-5s,harmful,REMOVE_RANDOM,6,0,0,both_miss
8o-Y4QP8LWs_2,2-5s,harmful,REMOVE_RANDOM,7,0,0,both_miss
8o-Y4QP8LWs_2,2-5s,harmful,REMOVE_RANDOM,8,0,0,both_miss
8o-Y4QP8LWs_2,2-5s,harmful,REMOVE_RANDOM,9,0,0,both_miss
8o-Y4QP8LWs_2,2-5s,harmful,REMOVE_HARD,0,0,1,miss_to_hit
8ycflE3dIHw_2,2-5s,control,REMOVE_RANDOM,0,1,1,both_hit
8ycflE3dIHw_2,2-5s,control,REMOVE_RANDOM,1,1,1,both_hit
8ycflE3dIHw_2,2-5s,control,REMOVE_RANDOM,2,1,1,both_hit
8ycflE3dIHw_2,2-5s,control,REMOVE_RANDOM,3,1,1,both_hit
8ycflE3dIHw_2,2-5s,control,REMOVE_RANDOM,4,1,1,both_hit
8ycflE3dIHw_2,2-5s,control,REMOVE_RANDOM,5,1,1,both_hit
8ycflE3dIHw_2,2-5s,control,REMOVE_RANDOM,6,1,1,both_hit
8ycflE3dIHw_2,2-5s,control,REMOVE_RANDOM,7,1,1,both_hit
8ycflE3dIHw_2,2-5s,control,REMOVE_RANDOM,8,1,1,both_hit
8ycflE3dIHw_2,2-5s,control,REMOVE_RANDOM,9,1,1,both_hit
8ycflE3dIHw_2,2-5s,control,REMOVE_HARD,0,1,1,both_hit
9F3sutgYTvo_1,2-5s,control,REMOVE_RANDOM,0,1,1,both_hit
9F3sutgYTvo_1,2-5s,control,REMOVE_RANDOM,1,1,1,both_hit
9F3sutgYTvo_1,2-5s,control,REMOVE_RANDOM,2,1,1,both_hit
9F3sutgYTvo_1,2-5s,control,REMOVE_RANDOM,3,1,1,both_hit
9F3sutgYTvo_1,2-5s,control,REMOVE_RANDOM,4,1,1,both_hit
9F3sutgYTvo_1,2-5s,control,REMOVE_RANDOM,5,1,1,both_hit
9F3sutgYTvo_1,2-5s,control,REMOVE_RANDOM,6,1,1,both_hit
9F3sutgYTvo_1,2-5s,control,REMOVE_RANDOM,7,1,1,both_hit
9F3sutgYTvo_1,2-5s,control,REMOVE_RANDOM,8,1,1,both_hit
9F3sutgYTvo_1,2-5s,control,REMOVE_RANDOM,9,1,1,both_hit
9F3sutgYTvo_1,2-5s,control,REMOVE_HARD,0,1,1,both_hit
9F3sutgYTvo_2,2-5s,harmful,REMOVE_RANDOM,0,1,1,both_hit
9F3sutgYTvo_2,2-5s,harmful,REMOVE_RANDOM,1,1,1,both_hit
9F3sutgYTvo_2,2-5s,harmful,REMOVE_RANDOM,2,1,1,both_hit
9F3sutgYTvo_2,2-5s,harmful,REMOVE_RANDOM,3,1,1,both_hit
9F3sutgYTvo_2,2-5s,harmful,REMOVE_RANDOM,4,1,1,both_hit
9F3sutgYTvo_2,2-5s,harmful,REMOVE_RANDOM,5,1,1,both_hit
9F3sutgYTvo_2,2-5s,harmful,REMOVE_RANDOM,6,1,1,both_hit
9F3sutgYTvo_2,2-5s,harmful,REMOVE_RANDOM,7,1,1,both_hit
9F3sutgYTvo_2,2-5s,harmful,REMOVE_RANDOM,8,1,1,both_hit
9F3sutgYTvo_2,2-5s,harmful,REMOVE_RANDOM,9,1,1,both_hit
9F3sutgYTvo_2,2-5s,harmful,REMOVE_HARD,0,1,1,both_hit
9dLLsZVRSZI_1,0-2s,harmful,REMOVE_RANDOM,0,1,1,both_hit
9dLLsZVRSZI_1,0-2s,harmful,REMOVE_RANDOM,1,1,1,both_hit
9dLLsZVRSZI_1,0-2s,harmful,REMOVE_RANDOM,2,1,1,both_hit
9dLLsZVRSZI_1,0-2s,harmful,REMOVE_RANDOM,3,1,1,both_hit
9dLLsZVRSZI_1,0-2s,harmful,REMOVE_RANDOM,4,1,1,both_hit
9dLLsZVRSZI_1,0-2s,harmful,REMOVE_RANDOM,5,1,1,both_hit
9dLLsZVRSZI_1,0-2s,harmful,REMOVE_RANDOM,6,1,1,both_hit
9dLLsZVRSZI_1,0-2s,harmful,REMOVE_RANDOM,7,1,1,both_hit
9dLLsZVRSZI_1,0-2s,harmful,REMOVE_RANDOM,8,1,1,both_hit
9dLLsZVRSZI_1,0-2s,harmful,REMOVE_RANDOM,9,1,1,both_hit
9dLLsZVRSZI_1,0-2s,harmful,REMOVE_HARD,0,1,1,both_hit
9ucb5HYO8ps_2,2-5s,harmful,REMOVE_RANDOM,0,1,1,both_hit
9ucb5HYO8ps_2,2-5s,harmful,REMOVE_RANDOM,1,1,1,both_hit
9ucb5HYO8ps_2,2-5s,harmful,REMOVE_RANDOM,2,1,1,both_hit
9ucb5HYO8ps_2,2-5s,harmful,REMOVE_RANDOM,3,1,1,both_hit
9ucb5HYO8ps_2,2-5s,harmful,REMOVE_RANDOM,4,1,0,hit_to_miss
9ucb5HYO8ps_2,2-5s,harmful,REMOVE_RANDOM,5,1,1,both_hit
9ucb5HYO8ps_2,2-5s,harmful,REMOVE_RANDOM,6,1,1,both_hit
9ucb5HYO8ps_2,2-5s,harmful,REMOVE_RANDOM,7,1,1,both_hit
9ucb5HYO8ps_2,2-5s,harmful,REMOVE_RANDOM,8,1,1,both_hit
9ucb5HYO8ps_2,2-5s,harmful,REMOVE_RANDOM,9,1,1,both_hit
9ucb5HYO8ps_2,2-5s,harmful,REMOVE_HARD,0,1,1,both_hit
9vZDsGjyh5M_1,2-5s,harmful,REMOVE_RANDOM,0,1,1,both_hit
9vZDsGjyh5M_1,2-5s,harmful,REMOVE_RANDOM,1,1,1,both_hit
9vZDsGjyh5M_1,2-5s,harmful,REMOVE_RANDOM,2,1,1,both_hit
9vZDsGjyh5M_1,2-5s,harmful,REMOVE_RANDOM,3,1,1,both_hit
9vZDsGjyh5M_1,2-5s,harmful,REMOVE_RANDOM,4,1,1,both_hit
9vZDsGjyh5M_1,2-5s,harmful,REMOVE_RANDOM,5,1,1,both_hit
9vZDsGjyh5M_1,2-5s,harmful,REMOVE_RANDOM,6,1,1,both_hit
9vZDsGjyh5M_1,2-5s,harmful,REMOVE_RANDOM,7,1,1,both_hit
9vZDsGjyh5M_1,2-5s,harmful,REMOVE_RANDOM,8,1,1,both_hit
9vZDsGjyh5M_1,2-5s,harmful,REMOVE_RANDOM,9,1,1,both_hit
9vZDsGjyh5M_1,2-5s,harmful,REMOVE_HARD,0,1,1,both_hit
9z2OwpftxUE_2,2-5s,harmful,REMOVE_RANDOM,0,0,0,both_miss
9z2OwpftxUE_2,2-5s,harmful,REMOVE_RANDOM,1,0,0,both_miss
9z2OwpftxUE_2,2-5s,harmful,REMOVE_RANDOM,2,0,0,both_miss
9z2OwpftxUE_2,2-5s,harmful,REMOVE_RANDOM,3,0,0,both_miss
9z2OwpftxUE_2,2-5s,harmful,REMOVE_RANDOM,4,0,0,both_miss
9z2OwpftxUE_2,2-5s,harmful,REMOVE_RANDOM,5,0,0,both_miss
9z2OwpftxUE_2,2-5s,harmful,REMOVE_RANDOM,6,0,0,both_miss
9z2OwpftxUE_2,2-5s,harmful,REMOVE_RANDOM,7,0,0,both_miss
9z2OwpftxUE_2,2-5s,harmful,REMOVE_RANDOM,8,0,0,both_miss
9z2OwpftxUE_2,2-5s,harmful,REMOVE_RANDOM,9,0,0,both_miss
9z2OwpftxUE_2,2-5s,harmful,REMOVE_HARD,0,0,0,both_miss
A61Mry8zBwE_1,0-2s,control,REMOVE_RANDOM,0,0,0,both_miss
A61Mry8zBwE_1,0-2s,control,REMOVE_RANDOM,1,0,0,both_miss
A61Mry8zBwE_1,0-2s,control,REMOVE_RANDOM,2,0,0,both_miss
A61Mry8zBwE_1,0-2s,control,REMOVE_RANDOM,3,0,0,both_miss
A61Mry8zBwE_1,0-2s,control,REMOVE_RANDOM,4,0,0,both_miss
A61Mry8zBwE_1,0-2s,control,REMOVE_RANDOM,5,0,0,both_miss
A61Mry8zBwE_1,0-2s,control,REMOVE_RANDOM,6,0,0,both_miss
A61Mry8zBwE_1,0-2s,control,REMOVE_RANDOM,7,0,0,both_miss
A61Mry8zBwE_1,0-2s,control,REMOVE_RANDOM,8,0,0,both_miss
A61Mry8zBwE_1,0-2s,control,REMOVE_RANDOM,9,0,0,both_miss
A61Mry8zBwE_1,0-2s,control,REMOVE_HARD,0,0,0,both_miss
AI1OweEW8C0_1,2-5s,control,REMOVE_RANDOM,0,0,0,both_miss
AI1OweEW8C0_1,2-5s,control,REMOVE_RANDOM,1,0,0,both_miss
AI1OweEW8C0_1,2-5s,control,REMOVE_RANDOM,2,0,0,both_miss
AI1OweEW8C0_1,2-5s,control,REMOVE_RANDOM,3,0,0,both_miss
AI1OweEW8C0_1,2-5s,control,REMOVE_RANDOM,4,0,0,both_miss
AI1OweEW8C0_1,2-5s,control,REMOVE_RANDOM,5,0,0,both_miss
AI1OweEW8C0_1,2-5s,control,REMOVE_RANDOM,6,0,0,both_miss
AI1OweEW8C0_1,2-5s,control,REMOVE_RANDOM,7,0,0,both_miss
AI1OweEW8C0_1,2-5s,control,REMOVE_RANDOM,8,0,0,both_miss
AI1OweEW8C0_1,2-5s,control,REMOVE_RANDOM,9,0,0,both_miss
AI1OweEW8C0_1,2-5s,control,REMOVE_HARD,0,0,0,both_miss
AI1OweEW8C0_2,2-5s,control,REMOVE_RANDOM,0,0,0,both_miss
AI1OweEW8C0_2,2-5s,control,REMOVE_RANDOM,1,0,0,both_miss
AI1OweEW8C0_2,2-5s,control,REMOVE_RANDOM,2,0,0,both_miss
AI1OweEW8C0_2,2-5s,control,REMOVE_RANDOM,3,0,0,both_miss
AI1OweEW8C0_2,2-5s,control,REMOVE_RANDOM,4,0,0,both_miss
AI1OweEW8C0_2,2-5s,control,REMOVE_RANDOM,5,0,0,both_miss
AI1OweEW8C0_2,2-5s,control,REMOVE_RANDOM,6,0,0,both_miss
AI1OweEW8C0_2,2-5s,control,REMOVE_RANDOM,7,0,0,both_miss
AI1OweEW8C0_2,2-5s,control,REMOVE_RANDOM,8,0,0,both_miss
AI1OweEW8C0_2,2-5s,control,REMOVE_RANDOM,9,0,0,both_miss
AI1OweEW8C0_2,2-5s,control,REMOVE_HARD,0,0,0,both_miss
AKHZMg9ba30_2,2-5s,control,REMOVE_RANDOM,0,0,0,both_miss
AKHZMg9ba30_2,2-5s,control,REMOVE_RANDOM,1,0,0,both_miss
AKHZMg9ba30_2,2-5s,control,REMOVE_RANDOM,2,0,0,both_miss
AKHZMg9ba30_2,2-5s,control,REMOVE_RANDOM,3,0,0,both_miss
AKHZMg9ba30_2,2-5s,control,REMOVE_RANDOM,4,0,0,both_miss
AKHZMg9ba30_2,2-5s,control,REMOVE_RANDOM,5,0,0,both_miss
AKHZMg9ba30_2,2-5s,control,REMOVE_RANDOM,6,0,0,both_miss
AKHZMg9ba30_2,2-5s,control,REMOVE_RANDOM,7,0,0,both_miss
AKHZMg9ba30_2,2-5s,control,REMOVE_RANDOM,8,0,0,both_miss
AKHZMg9ba30_2,2-5s,control,REMOVE_RANDOM,9,0,0,both_miss
AKHZMg9ba30_2,2-5s,control,REMOVE_HARD,0,0,1,miss_to_hit
Aj_VMUSNjNM_2,0-2s,control,REMOVE_RANDOM,0,1,1,both_hit
Aj_VMUSNjNM_2,0-2s,control,REMOVE_RANDOM,1,1,1,both_hit
Aj_VMUSNjNM_2,0-2s,control,REMOVE_RANDOM,2,1,1,both_hit
Aj_VMUSNjNM_2,0-2s,control,REMOVE_RANDOM,3,1,1,both_hit
Aj_VMUSNjNM_2,0-2s,control,REMOVE_RANDOM,4,1,1,both_hit
Aj_VMUSNjNM_2,0-2s,control,REMOVE_RANDOM,5,1,1,both_hit
Aj_VMUSNjNM_2,0-2s,control,REMOVE_RANDOM,6,1,1,both_hit
Aj_VMUSNjNM_2,0-2s,control,REMOVE_RANDOM,7,1,1,both_hit
Aj_VMUSNjNM_2,0-2s,control,REMOVE_RANDOM,8,1,1,both_hit
Aj_VMUSNjNM_2,0-2s,control,REMOVE_RANDOM,9,1,1,both_hit
Aj_VMUSNjNM_2,0-2s,control,REMOVE_HARD,0,1,1,both_hit
AtkD-3GjXMw_1,2-5s,harmful,REMOVE_RANDOM,0,1,1,both_hit
AtkD-3GjXMw_1,2-5s,harmful,REMOVE_RANDOM,1,1,1,both_hit
AtkD-3GjXMw_1,2-5s,harmful,REMOVE_RANDOM,2,1,1,both_hit
AtkD-3GjXMw_1,2-5s,harmful,REMOVE_RANDOM,3,1,1,both_hit
AtkD-3GjXMw_1,2-5s,harmful,REMOVE_RANDOM,4,1,1,both_hit
AtkD-3GjXMw_1,2-5s,harmful,REMOVE_RANDOM,5,1,1,both_hit
AtkD-3GjXMw_1,2-5s,harmful,REMOVE_RANDOM,6,1,1,both_hit
AtkD-3GjXMw_1,2-5s,harmful,REMOVE_RANDOM,7,1,1,both_hit
AtkD-3GjXMw_1,2-5s,harmful,REMOVE_RANDOM,8,1,1,both_hit
AtkD-3GjXMw_1,2-5s,harmful,REMOVE_RANDOM,9,1,1,both_hit
AtkD-3GjXMw_1,2-5s,harmful,REMOVE_HARD,0,1,1,both_hit
Axd__X2rixk_1,2-5s,harmful,REMOVE_RANDOM,0,0,0,both_miss
Axd__X2rixk_1,2-5s,harmful,REMOVE_RANDOM,1,0,0,both_miss
Axd__X2rixk_1,2-5s,harmful,REMOVE_RANDOM,2,0,0,both_miss
Axd__X2rixk_1,2-5s,harmful,REMOVE_RANDOM,3,0,0,both_miss
Axd__X2rixk_1,2-5s,harmful,REMOVE_RANDOM,4,0,0,both_miss
Axd__X2rixk_1,2-5s,harmful,REMOVE_RANDOM,5,0,0,both_miss
Axd__X2rixk_1,2-5s,harmful,REMOVE_RANDOM,6,0,0,both_miss
Axd__X2rixk_1,2-5s,harmful,REMOVE_RANDOM,7,0,0,both_miss
Axd__X2rixk_1,2-5s,harmful,REMOVE_RANDOM,8,0,0,both_miss
Axd__X2rixk_1,2-5s,harmful,REMOVE_RANDOM,9,0,0,both_miss
Axd__X2rixk_1,2-5s,harmful,REMOVE_HARD,0,0,0,both_miss
BA-lFjpzad4_1,2-5s,control,REMOVE_RANDOM,0,1,1,both_hit
BA-lFjpzad4_1,2-5s,control,REMOVE_RANDOM,1,1,1,both_hit
BA-lFjpzad4_1,2-5s,control,REMOVE_RANDOM,2,1,1,both_hit
BA-lFjpzad4_1,2-5s,control,REMOVE_RANDOM,3,1,1,both_hit
BA-lFjpzad4_1,2-5s,control,REMOVE_RANDOM,4,1,1,both_hit
BA-lFjpzad4_1,2-5s,control,REMOVE_RANDOM,5,1,1,both_hit
BA-lFjpzad4_1,2-5s,control,REMOVE_RANDOM,6,1,1,both_hit
BA-lFjpzad4_1,2-5s,control,REMOVE_RANDOM,7,1,1,both_hit
BA-lFjpzad4_1,2-5s,control,REMOVE_RANDOM,8,1,1,both_hit
BA-lFjpzad4_1,2-5s,control,REMOVE_RANDOM,9,1,1,both_hit
BA-lFjpzad4_1,2-5s,control,REMOVE_HARD,0,1,1,both_hit
BA-lFjpzad4_2,0-2s,harmful,REMOVE_RANDOM,0,1,1,both_hit
BA-lFjpzad4_2,0-2s,harmful,REMOVE_RANDOM,1,1,1,both_hit
BA-lFjpzad4_2,0-2s,harmful,REMOVE_RANDOM,2,1,1,both_hit
BA-lFjpzad4_2,0-2s,harmful,REMOVE_RANDOM,3,1,1,both_hit
BA-lFjpzad4_2,0-2s,harmful,REMOVE_RANDOM,4,1,1,both_hit
BA-lFjpzad4_2,0-2s,harmful,REMOVE_RANDOM,5,1,1,both_hit
BA-lFjpzad4_2,0-2s,harmful,REMOVE_RANDOM,6,1,1,both_hit
BA-lFjpzad4_2,0-2s,harmful,REMOVE_RANDOM,7,1,1,both_hit
BA-lFjpzad4_2,0-2s,harmful,REMOVE_RANDOM,8,1,1,both_hit
BA-lFjpzad4_2,0-2s,harmful,REMOVE_RANDOM,9,1,1,both_hit
BA-lFjpzad4_2,0-2s,harmful,REMOVE_HARD,0,1,1,both_hit
BA-lFjpzad4_3,2-5s,control,REMOVE_RANDOM,0,1,1,both_hit
BA-lFjpzad4_3,2-5s,control,REMOVE_RANDOM,1,1,1,both_hit
BA-lFjpzad4_3,2-5s,control,REMOVE_RANDOM,2,1,1,both_hit
BA-lFjpzad4_3,2-5s,control,REMOVE_RANDOM,3,1,1,both_hit
BA-lFjpzad4_3,2-5s,control,REMOVE_RANDOM,4,1,1,both_hit
BA-lFjpzad4_3,2-5s,control,REMOVE_RANDOM,5,1,1,both_hit
BA-lFjpzad4_3,2-5s,control,REMOVE_RANDOM,6,1,1,both_hit
BA-lFjpzad4_3,2-5s,control,REMOVE_RANDOM,7,1,1,both_hit
BA-lFjpzad4_3,2-5s,control,REMOVE_RANDOM,8,1,1,both_hit
BA-lFjpzad4_3,2-5s,control,REMOVE_RANDOM,9,1,1,both_hit
BA-lFjpzad4_3,2-5s,control,REMOVE_HARD,0,1,1,both_hit
BA-lFjpzad4_4,2-5s,control,REMOVE_RANDOM,0,1,1,both_hit
BA-lFjpzad4_4,2-5s,control,REMOVE_RANDOM,1,1,1,both_hit
BA-lFjpzad4_4,2-5s,control,REMOVE_RANDOM,2,1,1,both_hit
BA-lFjpzad4_4,2-5s,control,REMOVE_RANDOM,3,1,1,both_hit
BA-lFjpzad4_4,2-5s,control,REMOVE_RANDOM,4,1,1,both_hit
BA-lFjpzad4_4,2-5s,control,REMOVE_RANDOM,5,1,1,both_hit
BA-lFjpzad4_4,2-5s,control,REMOVE_RANDOM,6,1,1,both_hit
BA-lFjpzad4_4,2-5s,control,REMOVE_RANDOM,7,1,1,both_hit
BA-lFjpzad4_4,2-5s,control,REMOVE_RANDOM,8,1,1,both_hit
BA-lFjpzad4_4,2-5s,control,REMOVE_RANDOM,9,1,1,both_hit
BA-lFjpzad4_4,2-5s,control,REMOVE_HARD,0,1,1,both_hit
BDpU2Qh77NE_1,0-2s,harmful,REMOVE_RANDOM,0,0,0,both_miss
BDpU2Qh77NE_1,0-2s,harmful,REMOVE_RANDOM,1,0,0,both_miss
BDpU2Qh77NE_1,0-2s,harmful,REMOVE_RANDOM,2,0,0,both_miss
BDpU2Qh77NE_1,0-2s,harmful,REMOVE_RANDOM,3,0,0,both_miss
BDpU2Qh77NE_1,0-2s,harmful,REMOVE_RANDOM,4,0,0,both_miss
BDpU2Qh77NE_1,0-2s,harmful,REMOVE_RANDOM,5,0,1,miss_to_hit
BDpU2Qh77NE_1,0-2s,harmful,REMOVE_RANDOM,6,0,0,both_miss
BDpU2Qh77NE_1,0-2s,harmful,REMOVE_RANDOM,7,0,0,both_miss
BDpU2Qh77NE_1,0-2s,harmful,REMOVE_RANDOM,8,0,0,both_miss
BDpU2Qh77NE_1,0-2s,harmful,REMOVE_RANDOM,9,0,0,both_miss
BDpU2Qh77NE_1,0-2s,harmful,REMOVE_HARD,0,0,0,both_miss
BDpU2Qh77NE_3,2-5s,control,REMOVE_RANDOM,0,1,1,both_hit
BDpU2Qh77NE_3,2-5s,control,REMOVE_RANDOM,1,1,1,both_hit
BDpU2Qh77NE_3,2-5s,control,REMOVE_RANDOM,2,1,1,both_hit
BDpU2Qh77NE_3,2-5s,control,REMOVE_RANDOM,3,1,1,both_hit
BDpU2Qh77NE_3,2-5s,control,REMOVE_RANDOM,4,1,1,both_hit
BDpU2Qh77NE_3,2-5s,control,REMOVE_RANDOM,5,1,1,both_hit
BDpU2Qh77NE_3,2-5s,control,REMOVE_RANDOM,6,1,1,both_hit
BDpU2Qh77NE_3,2-5s,control,REMOVE_RANDOM,7,1,1,both_hit
BDpU2Qh77NE_3,2-5s,control,REMOVE_RANDOM,8,1,1,both_hit
BDpU2Qh77NE_3,2-5s,control,REMOVE_RANDOM,9,1,1,both_hit
BDpU2Qh77NE_3,2-5s,control,REMOVE_HARD,0,1,1,both_hit
BL8ksJ0sTXk_3,0-2s,harmful,REMOVE_RANDOM,0,0,0,both_miss
BL8ksJ0sTXk_3,0-2s,harmful,REMOVE_RANDOM,1,0,0,both_miss
BL8ksJ0sTXk_3,0-2s,harmful,REMOVE_RANDOM,2,0,0,both_miss
BL8ksJ0sTXk_3,0-2s,harmful,REMOVE_RANDOM,3,0,0,both_miss
BL8ksJ0sTXk_3,0-2s,harmful,REMOVE_RANDOM,4,0,0,both_miss
BL8ksJ0sTXk_3,0-2s,harmful,REMOVE_RANDOM,5,0,0,both_miss
BL8ksJ0sTXk_3,0-2s,harmful,REMOVE_RANDOM,6,0,0,both_miss
BL8ksJ0sTXk_3,0-2s,harmful,REMOVE_RANDOM,7,0,0,both_miss
BL8ksJ0sTXk_3,0-2s,harmful,REMOVE_RANDOM,8,0,0,both_miss
BL8ksJ0sTXk_3,0-2s,harmful,REMOVE_RANDOM,9,0,0,both_miss
BL8ksJ0sTXk_3,0-2s,harmful,REMOVE_HARD,0,0,1,miss_to_hit
BMayJId0X1s_1,2-5s,harmful,REMOVE_RANDOM,0,1,1,both_hit
BMayJId0X1s_1,2-5s,harmful,REMOVE_RANDOM,1,1,1,both_hit
BMayJId0X1s_1,2-5s,harmful,REMOVE_RANDOM,2,1,1,both_hit
BMayJId0X1s_1,2-5s,harmful,REMOVE_RANDOM,3,1,1,both_hit
BMayJId0X1s_1,2-5s,harmful,REMOVE_RANDOM,4,1,1,both_hit
BMayJId0X1s_1,2-5s,harmful,REMOVE_RANDOM,5,1,1,both_hit
BMayJId0X1s_1,2-5s,harmful,REMOVE_RANDOM,6,1,1,both_hit
BMayJId0X1s_1,2-5s,harmful,REMOVE_RANDOM,7,1,1,both_hit
BMayJId0X1s_1,2-5s,harmful,REMOVE_RANDOM,8,1,1,both_hit
BMayJId0X1s_1,2-5s,harmful,REMOVE_RANDOM,9,1,1,both_hit
BMayJId0X1s_1,2-5s,harmful,REMOVE_HARD,0,1,1,both_hit
BUAPM4D3-h8_2,0-2s,control,REMOVE_RANDOM,0,0,0,both_miss
BUAPM4D3-h8_2,0-2s,control,REMOVE_RANDOM,1,0,0,both_miss
BUAPM4D3-h8_2,0-2s,control,REMOVE_RANDOM,2,0,0,both_miss
BUAPM4D3-h8_2,0-2s,control,REMOVE_RANDOM,3,0,0,both_miss
BUAPM4D3-h8_2,0-2s,control,REMOVE_RANDOM,4,0,0,both_miss
BUAPM4D3-h8_2,0-2s,control,REMOVE_RANDOM,5,0,0,both_miss
BUAPM4D3-h8_2,0-2s,control,REMOVE_RANDOM,6,0,0,both_miss
BUAPM4D3-h8_2,0-2s,control,REMOVE_RANDOM,7,0,0,both_miss
BUAPM4D3-h8_2,0-2s,control,REMOVE_RANDOM,8,0,0,both_miss
BUAPM4D3-h8_2,0-2s,control,REMOVE_RANDOM,9,0,0,both_miss
BUAPM4D3-h8_2,0-2s,control,REMOVE_HARD,0,0,0,both_miss
Ba92IrXFvJo_1,2-5s,control,REMOVE_RANDOM,0,0,0,both_miss
Ba92IrXFvJo_1,2-5s,control,REMOVE_RANDOM,1,0,0,both_miss
Ba92IrXFvJo_1,2-5s,control,REMOVE_RANDOM,2,0,0,both_miss
Ba92IrXFvJo_1,2-5s,control,REMOVE_RANDOM,3,0,0,both_miss
Ba92IrXFvJo_1,2-5s,control,REMOVE_RANDOM,4,0,0,both_miss
Ba92IrXFvJo_1,2-5s,control,REMOVE_RANDOM,5,0,0,both_miss
Ba92IrXFvJo_1,2-5s,control,REMOVE_RANDOM,6,0,0,both_miss
Ba92IrXFvJo_1,2-5s,control,REMOVE_RANDOM,7,0,0,both_miss
Ba92IrXFvJo_1,2-5s,control,REMOVE_RANDOM,8,0,0,both_miss
Ba92IrXFvJo_1,2-5s,control,REMOVE_RANDOM,9,0,0,both_miss
Ba92IrXFvJo_1,2-5s,control,REMOVE_HARD,0,0,0,both_miss
Bvw2gv1fcZw_2,2-5s,control,REMOVE_RANDOM,0,1,1,both_hit
Bvw2gv1fcZw_2,2-5s,control,REMOVE_RANDOM,1,1,1,both_hit
Bvw2gv1fcZw_2,2-5s,control,REMOVE_RANDOM,2,1,1,both_hit
Bvw2gv1fcZw_2,2-5s,control,REMOVE_RANDOM,3,1,1,both_hit
Bvw2gv1fcZw_2,2-5s,control,REMOVE_RANDOM,4,1,1,both_hit
Bvw2gv1fcZw_2,2-5s,control,REMOVE_RANDOM,5,1,1,both_hit
Bvw2gv1fcZw_2,2-5s,control,REMOVE_RANDOM,6,1,1,both_hit
Bvw2gv1fcZw_2,2-5s,control,REMOVE_RANDOM,7,1,1,both_hit
Bvw2gv1fcZw_2,2-5s,control,REMOVE_RANDOM,8,1,1,both_hit
Bvw2gv1fcZw_2,2-5s,control,REMOVE_RANDOM,9,1,1,both_hit
Bvw2gv1fcZw_2,2-5s,control,REMOVE_HARD,0,1,1,both_hit
BzHTqyX69pI_2,2-5s,control,REMOVE_RANDOM,0,0,0,both_miss
BzHTqyX69pI_2,2-5s,control,REMOVE_RANDOM,1,0,0,both_miss
BzHTqyX69pI_2,2-5s,control,REMOVE_RANDOM,2,0,0,both_miss
BzHTqyX69pI_2,2-5s,control,REMOVE_RANDOM,3,0,0,both_miss
BzHTqyX69pI_2,2-5s,control,REMOVE_RANDOM,4,0,0,both_miss
BzHTqyX69pI_2,2-5s,control,REMOVE_RANDOM,5,0,0,both_miss
BzHTqyX69pI_2,2-5s,control,REMOVE_RANDOM,6,0,0,both_miss
BzHTqyX69pI_2,2-5s,control,REMOVE_RANDOM,7,0,0,both_miss
BzHTqyX69pI_2,2-5s,control,REMOVE_RANDOM,8,0,0,both_miss
BzHTqyX69pI_2,2-5s,control,REMOVE_RANDOM,9,0,0,both_miss
BzHTqyX69pI_2,2-5s,control,REMOVE_HARD,0,0,0,both_miss
C5kmOK_l4jc_1,0-2s,control,REMOVE_RANDOM,0,1,1,both_hit
C5kmOK_l4jc_1,0-2s,control,REMOVE_RANDOM,1,1,1,both_hit
C5kmOK_l4jc_1,0-2s,control,REMOVE_RANDOM,2,1,1,both_hit
C5kmOK_l4jc_1,0-2s,control,REMOVE_RANDOM,3,1,1,both_hit
C5kmOK_l4jc_1,0-2s,control,REMOVE_RANDOM,4,1,1,both_hit
C5kmOK_l4jc_1,0-2s,control,REMOVE_RANDOM,5,1,1,both_hit
C5kmOK_l4jc_1,0-2s,control,REMOVE_RANDOM,6,1,1,both_hit
C5kmOK_l4jc_1,0-2s,control,REMOVE_RANDOM,7,1,1,both_hit
C5kmOK_l4jc_1,0-2s,control,REMOVE_RANDOM,8,1,1,both_hit
C5kmOK_l4jc_1,0-2s,control,REMOVE_RANDOM,9,1,1,both_hit
C5kmOK_l4jc_1,0-2s,control,REMOVE_HARD,0,1,1,both_hit
C8kR19NvynA_1,2-5s,control,REMOVE_RANDOM,0,1,1,both_hit
C8kR19NvynA_1,2-5s,control,REMOVE_RANDOM,1,1,1,both_hit
C8kR19NvynA_1,2-5s,control,REMOVE_RANDOM,2,1,1,both_hit
C8kR19NvynA_1,2-5s,control,REMOVE_RANDOM,3,1,1,both_hit
C8kR19NvynA_1,2-5s,control,REMOVE_RANDOM,4,1,1,both_hit
C8kR19NvynA_1,2-5s,control,REMOVE_RANDOM,5,1,1,both_hit
C8kR19NvynA_1,2-5s,control,REMOVE_RANDOM,6,1,1,both_hit
C8kR19NvynA_1,2-5s,control,REMOVE_RANDOM,7,1,1,both_hit
C8kR19NvynA_1,2-5s,control,REMOVE_RANDOM,8,1,1,both_hit
C8kR19NvynA_1,2-5s,control,REMOVE_RANDOM,9,1,1,both_hit
C8kR19NvynA_1,2-5s,control,REMOVE_HARD,0,1,0,hit_to_miss
CO6-i8NLbeo_1,2-5s,harmful,REMOVE_RANDOM,0,1,1,both_hit
CO6-i8NLbeo_1,2-5s,harmful,REMOVE_RANDOM,1,1,1,both_hit
CO6-i8NLbeo_1,2-5s,harmful,REMOVE_RANDOM,2,1,0,hit_to_miss
CO6-i8NLbeo_1,2-5s,harmful,REMOVE_RANDOM,3,1,1,both_hit
CO6-i8NLbeo_1,2-5s,harmful,REMOVE_RANDOM,4,1,1,both_hit
CO6-i8NLbeo_1,2-5s,harmful,REMOVE_RANDOM,5,1,0,hit_to_miss
CO6-i8NLbeo_1,2-5s,harmful,REMOVE_RANDOM,6,1,1,both_hit
CO6-i8NLbeo_1,2-5s,harmful,REMOVE_RANDOM,7,1,0,hit_to_miss
CO6-i8NLbeo_1,2-5s,harmful,REMOVE_RANDOM,8,1,0,hit_to_miss
CO6-i8NLbeo_1,2-5s,harmful,REMOVE_RANDOM,9,1,0,hit_to_miss
CO6-i8NLbeo_1,2-5s,harmful,REMOVE_HARD,0,1,0,hit_to_miss
CO6-i8NLbeo_2,2-5s,control,REMOVE_RANDOM,0,1,1,both_hit
CO6-i8NLbeo_2,2-5s,control,REMOVE_RANDOM,1,1,1,both_hit
CO6-i8NLbeo_2,2-5s,control,REMOVE_RANDOM,2,1,1,both_hit
CO6-i8NLbeo_2,2-5s,control,REMOVE_RANDOM,3,1,1,both_hit
CO6-i8NLbeo_2,2-5s,control,REMOVE_RANDOM,4,1,1,both_hit
CO6-i8NLbeo_2,2-5s,control,REMOVE_RANDOM,5,1,1,both_hit
CO6-i8NLbeo_2,2-5s,control,REMOVE_RANDOM,6,1,1,both_hit
CO6-i8NLbeo_2,2-5s,control,REMOVE_RANDOM,7,1,1,both_hit
CO6-i8NLbeo_2,2-5s,control,REMOVE_RANDOM,8,1,1,both_hit
CO6-i8NLbeo_2,2-5s,control,REMOVE_RANDOM,9,1,1,both_hit
CO6-i8NLbeo_2,2-5s,control,REMOVE_HARD,0,1,1,both_hit
Cbe2B6ohBpw_1,2-5s,control,REMOVE_RANDOM,0,1,1,both_hit
Cbe2B6ohBpw_1,2-5s,control,REMOVE_RANDOM,1,1,1,both_hit
Cbe2B6ohBpw_1,2-5s,control,REMOVE_RANDOM,2,1,1,both_hit
Cbe2B6ohBpw_1,2-5s,control,REMOVE_RANDOM,3,1,1,both_hit
Cbe2B6ohBpw_1,2-5s,control,REMOVE_RANDOM,4,1,1,both_hit
Cbe2B6ohBpw_1,2-5s,control,REMOVE_RANDOM,5,1,1,both_hit
Cbe2B6ohBpw_1,2-5s,control,REMOVE_RANDOM,6,1,1,both_hit
Cbe2B6ohBpw_1,2-5s,control,REMOVE_RANDOM,7,1,1,both_hit
Cbe2B6ohBpw_1,2-5s,control,REMOVE_RANDOM,8,1,1,both_hit
Cbe2B6ohBpw_1,2-5s,control,REMOVE_RANDOM,9,1,1,both_hit
Cbe2B6ohBpw_1,2-5s,control,REMOVE_HARD,0,1,1,both_hit
Cbe2B6ohBpw_2,2-5s,control,REMOVE_RANDOM,0,1,1,both_hit
Cbe2B6ohBpw_2,2-5s,control,REMOVE_RANDOM,1,1,1,both_hit
Cbe2B6ohBpw_2,2-5s,control,REMOVE_RANDOM,2,1,1,both_hit
Cbe2B6ohBpw_2,2-5s,control,REMOVE_RANDOM,3,1,1,both_hit
Cbe2B6ohBpw_2,2-5s,control,REMOVE_RANDOM,4,1,1,both_hit
Cbe2B6ohBpw_2,2-5s,control,REMOVE_RANDOM,5,1,1,both_hit
Cbe2B6ohBpw_2,2-5s,control,REMOVE_RANDOM,6,1,1,both_hit
Cbe2B6ohBpw_2,2-5s,control,REMOVE_RANDOM,7,1,1,both_hit
Cbe2B6ohBpw_2,2-5s,control,REMOVE_RANDOM,8,1,1,both_hit
Cbe2B6ohBpw_2,2-5s,control,REMOVE_RANDOM,9,1,1,both_hit
Cbe2B6ohBpw_2,2-5s,control,REMOVE_HARD,0,1,1,both_hit
CefFMA3klxk_1,0-2s,harmful,REMOVE_RANDOM,0,0,0,both_miss
CefFMA3klxk_1,0-2s,harmful,REMOVE_RANDOM,1,0,1,miss_to_hit
CefFMA3klxk_1,0-2s,harmful,REMOVE_RANDOM,2,0,0,both_miss
CefFMA3klxk_1,0-2s,harmful,REMOVE_RANDOM,3,0,0,both_miss
CefFMA3klxk_1,0-2s,harmful,REMOVE_RANDOM,4,0,1,miss_to_hit
CefFMA3klxk_1,0-2s,harmful,REMOVE_RANDOM,5,0,0,both_miss
CefFMA3klxk_1,0-2s,harmful,REMOVE_RANDOM,6,0,0,both_miss
CefFMA3klxk_1,0-2s,harmful,REMOVE_RANDOM,7,0,0,both_miss
CefFMA3klxk_1,0-2s,harmful,REMOVE_RANDOM,8,0,0,both_miss
CefFMA3klxk_1,0-2s,harmful,REMOVE_RANDOM,9,0,0,both_miss
CefFMA3klxk_1,0-2s,harmful,REMOVE_HARD,0,0,0,both_miss
CefFMA3klxk_3,2-5s,harmful,REMOVE_RANDOM,0,1,1,both_hit
CefFMA3klxk_3,2-5s,harmful,REMOVE_RANDOM,1,1,1,both_hit
CefFMA3klxk_3,2-5s,harmful,REMOVE_RANDOM,2,1,1,both_hit
CefFMA3klxk_3,2-5s,harmful,REMOVE_RANDOM,3,1,1,both_hit
CefFMA3klxk_3,2-5s,harmful,REMOVE_RANDOM,4,1,1,both_hit
CefFMA3klxk_3,2-5s,harmful,REMOVE_RANDOM,5,1,1,both_hit
CefFMA3klxk_3,2-5s,harmful,REMOVE_RANDOM,6,1,1,both_hit
CefFMA3klxk_3,2-5s,harmful,REMOVE_RANDOM,7,1,1,both_hit
CefFMA3klxk_3,2-5s,harmful,REMOVE_RANDOM,8,1,1,both_hit
CefFMA3klxk_3,2-5s,harmful,REMOVE_RANDOM,9,1,1,both_hit
CefFMA3klxk_3,2-5s,harmful,REMOVE_HARD,0,1,1,both_hit
CvNAwby6Xos_1,2-5s,harmful,REMOVE_RANDOM,0,0,0,both_miss
CvNAwby6Xos_1,2-5s,harmful,REMOVE_RANDOM,1,0,0,both_miss
CvNAwby6Xos_1,2-5s,harmful,REMOVE_RANDOM,2,0,0,both_miss
CvNAwby6Xos_1,2-5s,harmful,REMOVE_RANDOM,3,0,0,both_miss
CvNAwby6Xos_1,2-5s,harmful,REMOVE_RANDOM,4,0,0,both_miss
CvNAwby6Xos_1,2-5s,harmful,REMOVE_RANDOM,5,0,0,both_miss
CvNAwby6Xos_1,2-5s,harmful,REMOVE_RANDOM,6,0,0,both_miss
CvNAwby6Xos_1,2-5s,harmful,REMOVE_RANDOM,7,0,0,both_miss
CvNAwby6Xos_1,2-5s,harmful,REMOVE_RANDOM,8,0,0,both_miss
CvNAwby6Xos_1,2-5s,harmful,REMOVE_RANDOM,9,0,0,both_miss
CvNAwby6Xos_1,2-5s,harmful,REMOVE_HARD,0,0,1,miss_to_hit
D2Xc_jZllDY_2,2-5s,control,REMOVE_RANDOM,0,1,1,both_hit
D2Xc_jZllDY_2,2-5s,control,REMOVE_RANDOM,1,1,1,both_hit
D2Xc_jZllDY_2,2-5s,control,REMOVE_RANDOM,2,1,1,both_hit
D2Xc_jZllDY_2,2-5s,control,REMOVE_RANDOM,3,1,1,both_hit
D2Xc_jZllDY_2,2-5s,control,REMOVE_RANDOM,4,1,1,both_hit
D2Xc_jZllDY_2,2-5s,control,REMOVE_RANDOM,5,1,1,both_hit
D2Xc_jZllDY_2,2-5s,control,REMOVE_RANDOM,6,1,1,both_hit
D2Xc_jZllDY_2,2-5s,control,REMOVE_RANDOM,7,1,1,both_hit
D2Xc_jZllDY_2,2-5s,control,REMOVE_RANDOM,8,1,1,both_hit
D2Xc_jZllDY_2,2-5s,control,REMOVE_RANDOM,9,1,1,both_hit
D2Xc_jZllDY_2,2-5s,control,REMOVE_HARD,0,1,1,both_hit
Dc2WEiRk0rA_2,2-5s,control,REMOVE_RANDOM,0,1,1,both_hit
Dc2WEiRk0rA_2,2-5s,control,REMOVE_RANDOM,1,1,1,both_hit
Dc2WEiRk0rA_2,2-5s,control,REMOVE_RANDOM,2,1,1,both_hit
Dc2WEiRk0rA_2,2-5s,control,REMOVE_RANDOM,3,1,1,both_hit
Dc2WEiRk0rA_2,2-5s,control,REMOVE_RANDOM,4,1,1,both_hit
Dc2WEiRk0rA_2,2-5s,control,REMOVE_RANDOM,5,1,1,both_hit
Dc2WEiRk0rA_2,2-5s,control,REMOVE_RANDOM,6,1,1,both_hit
Dc2WEiRk0rA_2,2-5s,control,REMOVE_RANDOM,7,1,1,both_hit
Dc2WEiRk0rA_2,2-5s,control,REMOVE_RANDOM,8,1,1,both_hit
Dc2WEiRk0rA_2,2-5s,control,REMOVE_RANDOM,9,1,1,both_hit
Dc2WEiRk0rA_2,2-5s,control,REMOVE_HARD,0,1,0,hit_to_miss
DjKGzOe_COc_1,2-5s,control,REMOVE_RANDOM,0,0,0,both_miss
DjKGzOe_COc_1,2-5s,control,REMOVE_RANDOM,1,0,0,both_miss
DjKGzOe_COc_1,2-5s,control,REMOVE_RANDOM,2,0,0,both_miss
DjKGzOe_COc_1,2-5s,control,REMOVE_RANDOM,3,0,0,both_miss
DjKGzOe_COc_1,2-5s,control,REMOVE_RANDOM,4,0,0,both_miss
DjKGzOe_COc_1,2-5s,control,REMOVE_RANDOM,5,0,0,both_miss
DjKGzOe_COc_1,2-5s,control,REMOVE_RANDOM,6,0,0,both_miss
DjKGzOe_COc_1,2-5s,control,REMOVE_RANDOM,7,0,0,both_miss
DjKGzOe_COc_1,2-5s,control,REMOVE_RANDOM,8,0,0,both_miss
DjKGzOe_COc_1,2-5s,control,REMOVE_RANDOM,9,0,0,both_miss
DjKGzOe_COc_1,2-5s,control,REMOVE_HARD,0,0,0,both_miss
Dn3buZWMzwY_1,2-5s,control,REMOVE_RANDOM,0,1,1,both_hit
Dn3buZWMzwY_1,2-5s,control,REMOVE_RANDOM,1,1,1,both_hit
Dn3buZWMzwY_1,2-5s,control,REMOVE_RANDOM,2,1,1,both_hit
Dn3buZWMzwY_1,2-5s,control,REMOVE_RANDOM,3,1,1,both_hit
Dn3buZWMzwY_1,2-5s,control,REMOVE_RANDOM,4,1,1,both_hit
Dn3buZWMzwY_1,2-5s,control,REMOVE_RANDOM,5,1,1,both_hit
Dn3buZWMzwY_1,2-5s,control,REMOVE_RANDOM,6,1,1,both_hit
Dn3buZWMzwY_1,2-5s,control,REMOVE_RANDOM,7,1,1,both_hit
Dn3buZWMzwY_1,2-5s,control,REMOVE_RANDOM,8,1,1,both_hit
Dn3buZWMzwY_1,2-5s,control,REMOVE_RANDOM,9,1,1,both_hit
Dn3buZWMzwY_1,2-5s,control,REMOVE_HARD,0,1,1,both_hit
Dn3buZWMzwY_2,0-2s,control,REMOVE_RANDOM,0,1,1,both_hit
Dn3buZWMzwY_2,0-2s,control,REMOVE_RANDOM,1,1,1,both_hit
Dn3buZWMzwY_2,0-2s,control,REMOVE_RANDOM,2,1,1,both_hit
Dn3buZWMzwY_2,0-2s,control,REMOVE_RANDOM,3,1,1,both_hit
Dn3buZWMzwY_2,0-2s,control,REMOVE_RANDOM,4,1,1,both_hit
Dn3buZWMzwY_2,0-2s,control,REMOVE_RANDOM,5,1,1,both_hit
Dn3buZWMzwY_2,0-2s,control,REMOVE_RANDOM,6,1,1,both_hit
Dn3buZWMzwY_2,0-2s,control,REMOVE_RANDOM,7,1,1,both_hit
Dn3buZWMzwY_2,0-2s,control,REMOVE_RANDOM,8,1,1,both_hit
Dn3buZWMzwY_2,0-2s,control,REMOVE_RANDOM,9,1,1,both_hit
Dn3buZWMzwY_2,0-2s,control,REMOVE_HARD,0,1,1,both_hit
Dn3buZWMzwY_3,0-2s,control,REMOVE_RANDOM,0,1,1,both_hit
Dn3buZWMzwY_3,0-2s,control,REMOVE_RANDOM,1,1,1,both_hit
Dn3buZWMzwY_3,0-2s,control,REMOVE_RANDOM,2,1,1,both_hit
Dn3buZWMzwY_3,0-2s,control,REMOVE_RANDOM,3,1,1,both_hit
Dn3buZWMzwY_3,0-2s,control,REMOVE_RANDOM,4,1,1,both_hit
Dn3buZWMzwY_3,0-2s,control,REMOVE_RANDOM,5,1,1,both_hit
Dn3buZWMzwY_3,0-2s,control,REMOVE_RANDOM,6,1,1,both_hit
Dn3buZWMzwY_3,0-2s,control,REMOVE_RANDOM,7,1,1,both_hit
Dn3buZWMzwY_3,0-2s,control,REMOVE_RANDOM,8,1,1,both_hit
Dn3buZWMzwY_3,0-2s,control,REMOVE_RANDOM,9,1,1,both_hit
Dn3buZWMzwY_3,0-2s,control,REMOVE_HARD,0,1,1,both_hit
Dn3buZWMzwY_4,2-5s,harmful,REMOVE_RANDOM,0,1,1,both_hit
Dn3buZWMzwY_4,2-5s,harmful,REMOVE_RANDOM,1,1,1,both_hit
Dn3buZWMzwY_4,2-5s,harmful,REMOVE_RANDOM,2,1,1,both_hit
Dn3buZWMzwY_4,2-5s,harmful,REMOVE_RANDOM,3,1,1,both_hit
Dn3buZWMzwY_4,2-5s,harmful,REMOVE_RANDOM,4,1,1,both_hit
Dn3buZWMzwY_4,2-5s,harmful,REMOVE_RANDOM,5,1,1,both_hit
Dn3buZWMzwY_4,2-5s,harmful,REMOVE_RANDOM,6,1,1,both_hit
Dn3buZWMzwY_4,2-5s,harmful,REMOVE_RANDOM,7,1,1,both_hit
Dn3buZWMzwY_4,2-5s,harmful,REMOVE_RANDOM,8,1,1,both_hit
Dn3buZWMzwY_4,2-5s,harmful,REMOVE_RANDOM,9,1,1,both_hit
Dn3buZWMzwY_4,2-5s,harmful,REMOVE_HARD,0,1,1,both_hit
E3D_z0aoUEg_4,2-5s,harmful,REMOVE_RANDOM,0,1,1,both_hit
E3D_z0aoUEg_4,2-5s,harmful,REMOVE_RANDOM,1,1,1,both_hit
E3D_z0aoUEg_4,2-5s,harmful,REMOVE_RANDOM,2,1,1,both_hit
E3D_z0aoUEg_4,2-5s,harmful,REMOVE_RANDOM,3,1,1,both_hit
E3D_z0aoUEg_4,2-5s,harmful,REMOVE_RANDOM,4,1,1,both_hit
E3D_z0aoUEg_4,2-5s,harmful,REMOVE_RANDOM,5,1,1,both_hit
E3D_z0aoUEg_4,2-5s,harmful,REMOVE_RANDOM,6,1,1,both_hit
E3D_z0aoUEg_4,2-5s,harmful,REMOVE_RANDOM,7,1,1,both_hit
E3D_z0aoUEg_4,2-5s,harmful,REMOVE_RANDOM,8,1,1,both_hit
E3D_z0aoUEg_4,2-5s,harmful,REMOVE_RANDOM,9,1,1,both_hit
E3D_z0aoUEg_4,2-5s,harmful,REMOVE_HARD,0,1,1,both_hit
E3Q1jfTeuWs_1,2-5s,control,REMOVE_RANDOM,0,0,1,miss_to_hit
E3Q1jfTeuWs_1,2-5s,control,REMOVE_RANDOM,1,0,1,miss_to_hit
E3Q1jfTeuWs_1,2-5s,control,REMOVE_RANDOM,2,0,0,both_miss
E3Q1jfTeuWs_1,2-5s,control,REMOVE_RANDOM,3,0,1,miss_to_hit
E3Q1jfTeuWs_1,2-5s,control,REMOVE_RANDOM,4,0,1,miss_to_hit
E3Q1jfTeuWs_1,2-5s,control,REMOVE_RANDOM,5,0,0,both_miss
E3Q1jfTeuWs_1,2-5s,control,REMOVE_RANDOM,6,0,1,miss_to_hit
E3Q1jfTeuWs_1,2-5s,control,REMOVE_RANDOM,7,0,1,miss_to_hit
E3Q1jfTeuWs_1,2-5s,control,REMOVE_RANDOM,8,0,0,both_miss
E3Q1jfTeuWs_1,2-5s,control,REMOVE_RANDOM,9,0,1,miss_to_hit
E3Q1jfTeuWs_1,2-5s,control,REMOVE_HARD,0,0,0,both_miss
E3Q1jfTeuWs_2,2-5s,control,REMOVE_RANDOM,0,1,1,both_hit
E3Q1jfTeuWs_2,2-5s,control,REMOVE_RANDOM,1,1,1,both_hit
E3Q1jfTeuWs_2,2-5s,control,REMOVE_RANDOM,2,1,1,both_hit
E3Q1jfTeuWs_2,2-5s,control,REMOVE_RANDOM,3,1,1,both_hit
E3Q1jfTeuWs_2,2-5s,control,REMOVE_RANDOM,4,1,1,both_hit
E3Q1jfTeuWs_2,2-5s,control,REMOVE_RANDOM,5,1,1,both_hit
E3Q1jfTeuWs_2,2-5s,control,REMOVE_RANDOM,6,1,1,both_hit
E3Q1jfTeuWs_2,2-5s,control,REMOVE_RANDOM,7,1,1,both_hit
E3Q1jfTeuWs_2,2-5s,control,REMOVE_RANDOM,8,1,1,both_hit
E3Q1jfTeuWs_2,2-5s,control,REMOVE_RANDOM,9,1,1,both_hit
E3Q1jfTeuWs_2,2-5s,control,REMOVE_HARD,0,1,0,hit_to_miss
ECw5Yf7QoMo_3,2-5s,harmful,REMOVE_RANDOM,0,0,0,both_miss
ECw5Yf7QoMo_3,2-5s,harmful,REMOVE_RANDOM,1,0,0,both_miss
ECw5Yf7QoMo_3,2-5s,harmful,REMOVE_RANDOM,2,0,0,both_miss
ECw5Yf7QoMo_3,2-5s,harmful,REMOVE_RANDOM,3,0,0,both_miss
ECw5Yf7QoMo_3,2-5s,harmful,REMOVE_RANDOM,4,0,0,both_miss
ECw5Yf7QoMo_3,2-5s,harmful,REMOVE_RANDOM,5,0,0,both_miss
ECw5Yf7QoMo_3,2-5s,harmful,REMOVE_RANDOM,6,0,0,both_miss
ECw5Yf7QoMo_3,2-5s,harmful,REMOVE_RANDOM,7,0,0,both_miss
ECw5Yf7QoMo_3,2-5s,harmful,REMOVE_RANDOM,8,0,0,both_miss
ECw5Yf7QoMo_3,2-5s,harmful,REMOVE_RANDOM,9,0,0,both_miss
ECw5Yf7QoMo_3,2-5s,harmful,REMOVE_HARD,0,0,0,both_miss
ESjMIqrvRj4_2,2-5s,control,REMOVE_RANDOM,0,1,1,both_hit
ESjMIqrvRj4_2,2-5s,control,REMOVE_RANDOM,1,1,1,both_hit
ESjMIqrvRj4_2,2-5s,control,REMOVE_RANDOM,2,1,1,both_hit
ESjMIqrvRj4_2,2-5s,control,REMOVE_RANDOM,3,1,1,both_hit
ESjMIqrvRj4_2,2-5s,control,REMOVE_RANDOM,4,1,1,both_hit
ESjMIqrvRj4_2,2-5s,control,REMOVE_RANDOM,5,1,1,both_hit
ESjMIqrvRj4_2,2-5s,control,REMOVE_RANDOM,6,1,1,both_hit
ESjMIqrvRj4_2,2-5s,control,REMOVE_RANDOM,7,1,1,both_hit
ESjMIqrvRj4_2,2-5s,control,REMOVE_RANDOM,8,1,1,both_hit
ESjMIqrvRj4_2,2-5s,control,REMOVE_RANDOM,9,1,1,both_hit
ESjMIqrvRj4_2,2-5s,control,REMOVE_HARD,0,1,1,both_hit
ESjMIqrvRj4_5,0-2s,control,REMOVE_RANDOM,0,1,1,both_hit
ESjMIqrvRj4_5,0-2s,control,REMOVE_RANDOM,1,1,1,both_hit
ESjMIqrvRj4_5,0-2s,control,REMOVE_RANDOM,2,1,1,both_hit
ESjMIqrvRj4_5,0-2s,control,REMOVE_RANDOM,3,1,1,both_hit
ESjMIqrvRj4_5,0-2s,control,REMOVE_RANDOM,4,1,1,both_hit
ESjMIqrvRj4_5,0-2s,control,REMOVE_RANDOM,5,1,1,both_hit
ESjMIqrvRj4_5,0-2s,control,REMOVE_RANDOM,6,1,1,both_hit
ESjMIqrvRj4_5,0-2s,control,REMOVE_RANDOM,7,1,1,both_hit
ESjMIqrvRj4_5,0-2s,control,REMOVE_RANDOM,8,1,1,both_hit
ESjMIqrvRj4_5,0-2s,control,REMOVE_RANDOM,9,1,1,both_hit
ESjMIqrvRj4_5,0-2s,control,REMOVE_HARD,0,1,1,both_hit
EUZaxaWqhwg_1,2-5s,control,REMOVE_RANDOM,0,0,0,both_miss
EUZaxaWqhwg_1,2-5s,control,REMOVE_RANDOM,1,0,0,both_miss
EUZaxaWqhwg_1,2-5s,control,REMOVE_RANDOM,2,0,0,both_miss
EUZaxaWqhwg_1,2-5s,control,REMOVE_RANDOM,3,0,0,both_miss
EUZaxaWqhwg_1,2-5s,control,REMOVE_RANDOM,4,0,0,both_miss
EUZaxaWqhwg_1,2-5s,control,REMOVE_RANDOM,5,0,0,both_miss
EUZaxaWqhwg_1,2-5s,control,REMOVE_RANDOM,6,0,0,both_miss
EUZaxaWqhwg_1,2-5s,control,REMOVE_RANDOM,7,0,0,both_miss
EUZaxaWqhwg_1,2-5s,control,REMOVE_RANDOM,8,0,0,both_miss
EUZaxaWqhwg_1,2-5s,control,REMOVE_RANDOM,9,0,0,both_miss
EUZaxaWqhwg_1,2-5s,control,REMOVE_HARD,0,0,0,both_miss
EcihYbSlyck_3,2-5s,harmful,REMOVE_RANDOM,0,0,0,both_miss
EcihYbSlyck_3,2-5s,harmful,REMOVE_RANDOM,1,0,0,both_miss
EcihYbSlyck_3,2-5s,harmful,REMOVE_RANDOM,2,0,0,both_miss
EcihYbSlyck_3,2-5s,harmful,REMOVE_RANDOM,3,0,0,both_miss
EcihYbSlyck_3,2-5s,harmful,REMOVE_RANDOM,4,0,0,both_miss
EcihYbSlyck_3,2-5s,harmful,REMOVE_RANDOM,5,0,0,both_miss
EcihYbSlyck_3,2-5s,harmful,REMOVE_RANDOM,6,0,0,both_miss
EcihYbSlyck_3,2-5s,harmful,REMOVE_RANDOM,7,0,0,both_miss
EcihYbSlyck_3,2-5s,harmful,REMOVE_RANDOM,8,0,0,both_miss
EcihYbSlyck_3,2-5s,harmful,REMOVE_RANDOM,9,0,0,both_miss
EcihYbSlyck_3,2-5s,harmful,REMOVE_HARD,0,0,0,both_miss
ErxgH5g3Kx0_1,0-2s,control,REMOVE_RANDOM,0,0,0,both_miss
ErxgH5g3Kx0_1,0-2s,control,REMOVE_RANDOM,1,0,0,both_miss
ErxgH5g3Kx0_1,0-2s,control,REMOVE_RANDOM,2,0,0,both_miss
ErxgH5g3Kx0_1,0-2s,control,REMOVE_RANDOM,3,0,0,both_miss
ErxgH5g3Kx0_1,0-2s,control,REMOVE_RANDOM,4,0,0,both_miss
ErxgH5g3Kx0_1,0-2s,control,REMOVE_RANDOM,5,0,0,both_miss
ErxgH5g3Kx0_1,0-2s,control,REMOVE_RANDOM,6,0,0,both_miss
ErxgH5g3Kx0_1,0-2s,control,REMOVE_RANDOM,7,0,0,both_miss
ErxgH5g3Kx0_1,0-2s,control,REMOVE_RANDOM,8,0,0,both_miss
ErxgH5g3Kx0_1,0-2s,control,REMOVE_RANDOM,9,0,0,both_miss
ErxgH5g3Kx0_1,0-2s,control,REMOVE_HARD,0,0,0,both_miss
ErxgH5g3Kx0_2,2-5s,harmful,REMOVE_RANDOM,0,1,1,both_hit
ErxgH5g3Kx0_2,2-5s,harmful,REMOVE_RANDOM,1,1,1,both_hit
ErxgH5g3Kx0_2,2-5s,harmful,REMOVE_RANDOM,2,1,1,both_hit
ErxgH5g3Kx0_2,2-5s,harmful,REMOVE_RANDOM,3,1,1,both_hit
ErxgH5g3Kx0_2,2-5s,harmful,REMOVE_RANDOM,4,1,1,both_hit
ErxgH5g3Kx0_2,2-5s,harmful,REMOVE_RANDOM,5,1,1,both_hit
ErxgH5g3Kx0_2,2-5s,harmful,REMOVE_RANDOM,6,1,1,both_hit
ErxgH5g3Kx0_2,2-5s,harmful,REMOVE_RANDOM,7,1,1,both_hit
ErxgH5g3Kx0_2,2-5s,harmful,REMOVE_RANDOM,8,1,1,both_hit
ErxgH5g3Kx0_2,2-5s,harmful,REMOVE_RANDOM,9,1,1,both_hit
ErxgH5g3Kx0_2,2-5s,harmful,REMOVE_HARD,0,1,1,both_hit
EzWEO2WD_MM_1,2-5s,control,REMOVE_RANDOM,0,0,0,both_miss
EzWEO2WD_MM_1,2-5s,control,REMOVE_RANDOM,1,0,0,both_miss
EzWEO2WD_MM_1,2-5s,control,REMOVE_RANDOM,2,0,0,both_miss
EzWEO2WD_MM_1,2-5s,control,REMOVE_RANDOM,3,0,0,both_miss
EzWEO2WD_MM_1,2-5s,control,REMOVE_RANDOM,4,0,0,both_miss
EzWEO2WD_MM_1,2-5s,control,REMOVE_RANDOM,5,0,0,both_miss
EzWEO2WD_MM_1,2-5s,control,REMOVE_RANDOM,6,0,0,both_miss
EzWEO2WD_MM_1,2-5s,control,REMOVE_RANDOM,7,0,0,both_miss
EzWEO2WD_MM_1,2-5s,control,REMOVE_RANDOM,8,0,0,both_miss
EzWEO2WD_MM_1,2-5s,control,REMOVE_RANDOM,9,0,0,both_miss
EzWEO2WD_MM_1,2-5s,control,REMOVE_HARD,0,0,0,both_miss
EzWEO2WD_MM_2,2-5s,control,REMOVE_RANDOM,0,1,1,both_hit
EzWEO2WD_MM_2,2-5s,control,REMOVE_RANDOM,1,1,1,both_hit
EzWEO2WD_MM_2,2-5s,control,REMOVE_RANDOM,2,1,1,both_hit
EzWEO2WD_MM_2,2-5s,control,REMOVE_RANDOM,3,1,1,both_hit
EzWEO2WD_MM_2,2-5s,control,REMOVE_RANDOM,4,1,1,both_hit
EzWEO2WD_MM_2,2-5s,control,REMOVE_RANDOM,5,1,1,both_hit
EzWEO2WD_MM_2,2-5s,control,REMOVE_RANDOM,6,1,1,both_hit
EzWEO2WD_MM_2,2-5s,control,REMOVE_RANDOM,7,1,1,both_hit
EzWEO2WD_MM_2,2-5s,control,REMOVE_RANDOM,8,1,1,both_hit
EzWEO2WD_MM_2,2-5s,control,REMOVE_RANDOM,9,1,1,both_hit
EzWEO2WD_MM_2,2-5s,control,REMOVE_HARD,0,1,1,both_hit
FDwK7T1JO_0_2,2-5s,control,REMOVE_RANDOM,0,1,1,both_hit
FDwK7T1JO_0_2,2-5s,control,REMOVE_RANDOM,1,1,1,both_hit
FDwK7T1JO_0_2,2-5s,control,REMOVE_RANDOM,2,1,1,both_hit
FDwK7T1JO_0_2,2-5s,control,REMOVE_RANDOM,3,1,1,both_hit
FDwK7T1JO_0_2,2-5s,control,REMOVE_RANDOM,4,1,1,both_hit
FDwK7T1JO_0_2,2-5s,control,REMOVE_RANDOM,5,1,1,both_hit
FDwK7T1JO_0_2,2-5s,control,REMOVE_RANDOM,6,1,1,both_hit
FDwK7T1JO_0_2,2-5s,control,REMOVE_RANDOM,7,1,1,both_hit
FDwK7T1JO_0_2,2-5s,control,REMOVE_RANDOM,8,1,1,both_hit
FDwK7T1JO_0_2,2-5s,control,REMOVE_RANDOM,9,1,1,both_hit
FDwK7T1JO_0_2,2-5s,control,REMOVE_HARD,0,1,1,both_hit
FR7BDRhMATo_2,2-5s,control,REMOVE_RANDOM,0,0,0,both_miss
FR7BDRhMATo_2,2-5s,control,REMOVE_RANDOM,1,0,0,both_miss
FR7BDRhMATo_2,2-5s,control,REMOVE_RANDOM,2,0,0,both_miss
FR7BDRhMATo_2,2-5s,control,REMOVE_RANDOM,3,0,0,both_miss
FR7BDRhMATo_2,2-5s,control,REMOVE_RANDOM,4,0,0,both_miss
FR7BDRhMATo_2,2-5s,control,REMOVE_RANDOM,5,0,0,both_miss
FR7BDRhMATo_2,2-5s,control,REMOVE_RANDOM,6,0,0,both_miss
FR7BDRhMATo_2,2-5s,control,REMOVE_RANDOM,7,0,0,both_miss
FR7BDRhMATo_2,2-5s,control,REMOVE_RANDOM,8,0,0,both_miss
FR7BDRhMATo_2,2-5s,control,REMOVE_RANDOM,9,0,0,both_miss
FR7BDRhMATo_2,2-5s,control,REMOVE_HARD,0,0,0,both_miss
FXdoNvmrYxo_2,2-5s,harmful,REMOVE_RANDOM,0,1,1,both_hit
FXdoNvmrYxo_2,2-5s,harmful,REMOVE_RANDOM,1,1,1,both_hit
FXdoNvmrYxo_2,2-5s,harmful,REMOVE_RANDOM,2,1,1,both_hit
FXdoNvmrYxo_2,2-5s,harmful,REMOVE_RANDOM,3,1,1,both_hit
FXdoNvmrYxo_2,2-5s,harmful,REMOVE_RANDOM,4,1,1,both_hit
FXdoNvmrYxo_2,2-5s,harmful,REMOVE_RANDOM,5,1,1,both_hit
FXdoNvmrYxo_2,2-5s,harmful,REMOVE_RANDOM,6,1,1,both_hit
FXdoNvmrYxo_2,2-5s,harmful,REMOVE_RANDOM,7,1,1,both_hit
FXdoNvmrYxo_2,2-5s,harmful,REMOVE_RANDOM,8,1,1,both_hit
FXdoNvmrYxo_2,2-5s,harmful,REMOVE_RANDOM,9,1,1,both_hit
FXdoNvmrYxo_2,2-5s,harmful,REMOVE_HARD,0,1,1,both_hit
Flk-X0gwjF4_1,2-5s,control,REMOVE_RANDOM,0,0,0,both_miss
Flk-X0gwjF4_1,2-5s,control,REMOVE_RANDOM,1,0,0,both_miss
Flk-X0gwjF4_1,2-5s,control,REMOVE_RANDOM,2,0,0,both_miss
Flk-X0gwjF4_1,2-5s,control,REMOVE_RANDOM,3,0,0,both_miss
Flk-X0gwjF4_1,2-5s,control,REMOVE_RANDOM,4,0,0,both_miss
Flk-X0gwjF4_1,2-5s,control,REMOVE_RANDOM,5,0,0,both_miss
Flk-X0gwjF4_1,2-5s,control,REMOVE_RANDOM,6,0,0,both_miss
Flk-X0gwjF4_1,2-5s,control,REMOVE_RANDOM,7,0,0,both_miss
Flk-X0gwjF4_1,2-5s,control,REMOVE_RANDOM,8,0,0,both_miss
Flk-X0gwjF4_1,2-5s,control,REMOVE_RANDOM,9,0,0,both_miss
Flk-X0gwjF4_1,2-5s,control,REMOVE_HARD,0,0,0,both_miss
G3YO2unWz7k_1,0-2s,control,REMOVE_RANDOM,0,0,0,both_miss
G3YO2unWz7k_1,0-2s,control,REMOVE_RANDOM,1,0,0,both_miss
G3YO2unWz7k_1,0-2s,control,REMOVE_RANDOM,2,0,0,both_miss
G3YO2unWz7k_1,0-2s,control,REMOVE_RANDOM,3,0,0,both_miss
G3YO2unWz7k_1,0-2s,control,REMOVE_RANDOM,4,0,0,both_miss
G3YO2unWz7k_1,0-2s,control,REMOVE_RANDOM,5,0,0,both_miss
G3YO2unWz7k_1,0-2s,control,REMOVE_RANDOM,6,0,0,both_miss
G3YO2unWz7k_1,0-2s,control,REMOVE_RANDOM,7,0,0,both_miss
G3YO2unWz7k_1,0-2s,control,REMOVE_RANDOM,8,0,0,both_miss
G3YO2unWz7k_1,0-2s,control,REMOVE_RANDOM,9,0,0,both_miss
G3YO2unWz7k_1,0-2s,control,REMOVE_HARD,0,0,0,both_miss
GGgQR7aIofY_1,2-5s,control,REMOVE_RANDOM,0,1,1,both_hit
GGgQR7aIofY_1,2-5s,control,REMOVE_RANDOM,1,1,1,both_hit
GGgQR7aIofY_1,2-5s,control,REMOVE_RANDOM,2,1,1,both_hit
GGgQR7aIofY_1,2-5s,control,REMOVE_RANDOM,3,1,1,both_hit
GGgQR7aIofY_1,2-5s,control,REMOVE_RANDOM,4,1,1,both_hit
GGgQR7aIofY_1,2-5s,control,REMOVE_RANDOM,5,1,1,both_hit
GGgQR7aIofY_1,2-5s,control,REMOVE_RANDOM,6,1,1,both_hit
GGgQR7aIofY_1,2-5s,control,REMOVE_RANDOM,7,1,1,both_hit
GGgQR7aIofY_1,2-5s,control,REMOVE_RANDOM,8,1,1,both_hit
GGgQR7aIofY_1,2-5s,control,REMOVE_RANDOM,9,1,1,both_hit
GGgQR7aIofY_1,2-5s,control,REMOVE_HARD,0,1,1,both_hit
GGgQR7aIofY_3,2-5s,harmful,REMOVE_RANDOM,0,0,1,miss_to_hit
GGgQR7aIofY_3,2-5s,harmful,REMOVE_RANDOM,1,0,1,miss_to_hit
GGgQR7aIofY_3,2-5s,harmful,REMOVE_RANDOM,2,0,0,both_miss
GGgQR7aIofY_3,2-5s,harmful,REMOVE_RANDOM,3,0,1,miss_to_hit
GGgQR7aIofY_3,2-5s,harmful,REMOVE_RANDOM,4,0,0,both_miss
GGgQR7aIofY_3,2-5s,harmful,REMOVE_RANDOM,5,0,0,both_miss
GGgQR7aIofY_3,2-5s,harmful,REMOVE_RANDOM,6,0,1,miss_to_hit
GGgQR7aIofY_3,2-5s,harmful,REMOVE_RANDOM,7,0,0,both_miss
GGgQR7aIofY_3,2-5s,harmful,REMOVE_RANDOM,8,0,0,both_miss
GGgQR7aIofY_3,2-5s,harmful,REMOVE_RANDOM,9,0,0,both_miss
GGgQR7aIofY_3,2-5s,harmful,REMOVE_HARD,0,0,1,miss_to_hit
GOD8Bt5LfDE_2,2-5s,harmful,REMOVE_RANDOM,0,0,0,both_miss
GOD8Bt5LfDE_2,2-5s,harmful,REMOVE_RANDOM,1,0,0,both_miss
GOD8Bt5LfDE_2,2-5s,harmful,REMOVE_RANDOM,2,0,0,both_miss
GOD8Bt5LfDE_2,2-5s,harmful,REMOVE_RANDOM,3,0,0,both_miss
GOD8Bt5LfDE_2,2-5s,harmful,REMOVE_RANDOM,4,0,0,both_miss
GOD8Bt5LfDE_2,2-5s,harmful,REMOVE_RANDOM,5,0,0,both_miss
GOD8Bt5LfDE_2,2-5s,harmful,REMOVE_RANDOM,6,0,0,both_miss
GOD8Bt5LfDE_2,2-5s,harmful,REMOVE_RANDOM,7,0,0,both_miss
GOD8Bt5LfDE_2,2-5s,harmful,REMOVE_RANDOM,8,0,0,both_miss
GOD8Bt5LfDE_2,2-5s,harmful,REMOVE_RANDOM,9,0,0,both_miss
GOD8Bt5LfDE_2,2-5s,harmful,REMOVE_HARD,0,0,0,both_miss
GOD8Bt5LfDE_3,2-5s,control,REMOVE_RANDOM,0,0,0,both_miss
GOD8Bt5LfDE_3,2-5s,control,REMOVE_RANDOM,1,0,0,both_miss
GOD8Bt5LfDE_3,2-5s,control,REMOVE_RANDOM,2,0,0,both_miss
GOD8Bt5LfDE_3,2-5s,control,REMOVE_RANDOM,3,0,0,both_miss
GOD8Bt5LfDE_3,2-5s,control,REMOVE_RANDOM,4,0,0,both_miss
GOD8Bt5LfDE_3,2-5s,control,REMOVE_RANDOM,5,0,0,both_miss
GOD8Bt5LfDE_3,2-5s,control,REMOVE_RANDOM,6,0,0,both_miss
GOD8Bt5LfDE_3,2-5s,control,REMOVE_RANDOM,7,0,0,both_miss
GOD8Bt5LfDE_3,2-5s,control,REMOVE_RANDOM,8,0,0,both_miss
GOD8Bt5LfDE_3,2-5s,control,REMOVE_RANDOM,9,0,0,both_miss
GOD8Bt5LfDE_3,2-5s,control,REMOVE_HARD,0,0,0,both_miss
Gkb4f6yodPE_2,2-5s,harmful,REMOVE_RANDOM,0,0,0,both_miss
Gkb4f6yodPE_2,2-5s,harmful,REMOVE_RANDOM,1,0,0,both_miss
Gkb4f6yodPE_2,2-5s,harmful,REMOVE_RANDOM,2,0,0,both_miss
Gkb4f6yodPE_2,2-5s,harmful,REMOVE_RANDOM,3,0,0,both_miss
Gkb4f6yodPE_2,2-5s,harmful,REMOVE_RANDOM,4,0,0,both_miss
Gkb4f6yodPE_2,2-5s,harmful,REMOVE_RANDOM,5,0,0,both_miss
Gkb4f6yodPE_2,2-5s,harmful,REMOVE_RANDOM,6,0,0,both_miss
Gkb4f6yodPE_2,2-5s,harmful,REMOVE_RANDOM,7,0,0,both_miss
Gkb4f6yodPE_2,2-5s,harmful,REMOVE_RANDOM,8,0,0,both_miss
Gkb4f6yodPE_2,2-5s,harmful,REMOVE_RANDOM,9,0,0,both_miss
Gkb4f6yodPE_2,2-5s,harmful,REMOVE_HARD,0,0,0,both_miss
H7-orYrKBeo_1,2-5s,control,REMOVE_RANDOM,0,0,0,both_miss
H7-orYrKBeo_1,2-5s,control,REMOVE_RANDOM,1,0,0,both_miss
H7-orYrKBeo_1,2-5s,control,REMOVE_RANDOM,2,0,0,both_miss
H7-orYrKBeo_1,2-5s,control,REMOVE_RANDOM,3,0,0,both_miss
H7-orYrKBeo_1,2-5s,control,REMOVE_RANDOM,4,0,0,both_miss
H7-orYrKBeo_1,2-5s,control,REMOVE_RANDOM,5,0,0,both_miss
H7-orYrKBeo_1,2-5s,control,REMOVE_RANDOM,6,0,0,both_miss
H7-orYrKBeo_1,2-5s,control,REMOVE_RANDOM,7,0,0,both_miss
H7-orYrKBeo_1,2-5s,control,REMOVE_RANDOM,8,0,0,both_miss
H7-orYrKBeo_1,2-5s,control,REMOVE_RANDOM,9,0,0,both_miss
H7-orYrKBeo_1,2-5s,control,REMOVE_HARD,0,0,1,miss_to_hit
H7rd9bZtbgc_1,2-5s,control,REMOVE_RANDOM,0,0,0,both_miss
H7rd9bZtbgc_1,2-5s,control,REMOVE_RANDOM,1,0,0,both_miss
H7rd9bZtbgc_1,2-5s,control,REMOVE_RANDOM,2,0,0,both_miss
H7rd9bZtbgc_1,2-5s,control,REMOVE_RANDOM,3,0,0,both_miss
H7rd9bZtbgc_1,2-5s,control,REMOVE_RANDOM,4,0,0,both_miss
H7rd9bZtbgc_1,2-5s,control,REMOVE_RANDOM,5,0,0,both_miss
H7rd9bZtbgc_1,2-5s,control,REMOVE_RANDOM,6,0,0,both_miss
H7rd9bZtbgc_1,2-5s,control,REMOVE_RANDOM,7,0,0,both_miss
H7rd9bZtbgc_1,2-5s,control,REMOVE_RANDOM,8,0,0,both_miss
H7rd9bZtbgc_1,2-5s,control,REMOVE_RANDOM,9,0,0,both_miss
H7rd9bZtbgc_1,2-5s,control,REMOVE_HARD,0,0,0,both_miss
H7rd9bZtbgc_2,0-2s,control,REMOVE_RANDOM,0,0,0,both_miss
H7rd9bZtbgc_2,0-2s,control,REMOVE_RANDOM,1,0,0,both_miss
H7rd9bZtbgc_2,0-2s,control,REMOVE_RANDOM,2,0,0,both_miss
H7rd9bZtbgc_2,0-2s,control,REMOVE_RANDOM,3,0,0,both_miss
H7rd9bZtbgc_2,0-2s,control,REMOVE_RANDOM,4,0,0,both_miss
H7rd9bZtbgc_2,0-2s,control,REMOVE_RANDOM,5,0,0,both_miss
H7rd9bZtbgc_2,0-2s,control,REMOVE_RANDOM,6,0,0,both_miss
H7rd9bZtbgc_2,0-2s,control,REMOVE_RANDOM,7,0,0,both_miss
H7rd9bZtbgc_2,0-2s,control,REMOVE_RANDOM,8,0,0,both_miss
H7rd9bZtbgc_2,0-2s,control,REMOVE_RANDOM,9,0,0,both_miss
H7rd9bZtbgc_2,0-2s,control,REMOVE_HARD,0,0,0,both_miss
HVz-FJBf_iM_1,0-2s,control,REMOVE_RANDOM,0,1,1,both_hit
HVz-FJBf_iM_1,0-2s,control,REMOVE_RANDOM,1,1,1,both_hit
HVz-FJBf_iM_1,0-2s,control,REMOVE_RANDOM,2,1,1,both_hit
HVz-FJBf_iM_1,0-2s,control,REMOVE_RANDOM,3,1,1,both_hit
HVz-FJBf_iM_1,0-2s,control,REMOVE_RANDOM,4,1,1,both_hit
HVz-FJBf_iM_1,0-2s,control,REMOVE_RANDOM,5,1,1,both_hit
HVz-FJBf_iM_1,0-2s,control,REMOVE_RANDOM,6,1,1,both_hit
HVz-FJBf_iM_1,0-2s,control,REMOVE_RANDOM,7,1,1,both_hit
HVz-FJBf_iM_1,0-2s,control,REMOVE_RANDOM,8,1,1,both_hit
HVz-FJBf_iM_1,0-2s,control,REMOVE_RANDOM,9,1,1,both_hit
HVz-FJBf_iM_1,0-2s,control,REMOVE_HARD,0,1,1,both_hit
HdPSebdDxe4_1,2-5s,control,REMOVE_RANDOM,0,1,1,both_hit
HdPSebdDxe4_1,2-5s,control,REMOVE_RANDOM,1,1,1,both_hit
HdPSebdDxe4_1,2-5s,control,REMOVE_RANDOM,2,1,1,both_hit
HdPSebdDxe4_1,2-5s,control,REMOVE_RANDOM,3,1,1,both_hit
HdPSebdDxe4_1,2-5s,control,REMOVE_RANDOM,4,1,1,both_hit
HdPSebdDxe4_1,2-5s,control,REMOVE_RANDOM,5,1,1,both_hit
HdPSebdDxe4_1,2-5s,control,REMOVE_RANDOM,6,1,1,both_hit
HdPSebdDxe4_1,2-5s,control,REMOVE_RANDOM,7,1,1,both_hit
HdPSebdDxe4_1,2-5s,control,REMOVE_RANDOM,8,1,1,both_hit
HdPSebdDxe4_1,2-5s,control,REMOVE_RANDOM,9,1,1,both_hit
HdPSebdDxe4_1,2-5s,control,REMOVE_HARD,0,1,1,both_hit
HdPSebdDxe4_4,2-5s,control,REMOVE_RANDOM,0,1,1,both_hit
HdPSebdDxe4_4,2-5s,control,REMOVE_RANDOM,1,1,1,both_hit
HdPSebdDxe4_4,2-5s,control,REMOVE_RANDOM,2,1,1,both_hit
HdPSebdDxe4_4,2-5s,control,REMOVE_RANDOM,3,1,1,both_hit
HdPSebdDxe4_4,2-5s,control,REMOVE_RANDOM,4,1,1,both_hit
HdPSebdDxe4_4,2-5s,control,REMOVE_RANDOM,5,1,1,both_hit
HdPSebdDxe4_4,2-5s,control,REMOVE_RANDOM,6,1,1,both_hit
HdPSebdDxe4_4,2-5s,control,REMOVE_RANDOM,7,1,1,both_hit
HdPSebdDxe4_4,2-5s,control,REMOVE_RANDOM,8,1,1,both_hit
HdPSebdDxe4_4,2-5s,control,REMOVE_RANDOM,9,1,1,both_hit
HdPSebdDxe4_4,2-5s,control,REMOVE_HARD,0,1,1,both_hit
Hdxfbpnd2-8_3,2-5s,harmful,REMOVE_RANDOM,0,0,0,both_miss
Hdxfbpnd2-8_3,2-5s,harmful,REMOVE_RANDOM,1,0,0,both_miss
Hdxfbpnd2-8_3,2-5s,harmful,REMOVE_RANDOM,2,0,0,both_miss
Hdxfbpnd2-8_3,2-5s,harmful,REMOVE_RANDOM,3,0,0,both_miss
Hdxfbpnd2-8_3,2-5s,harmful,REMOVE_RANDOM,4,0,0,both_miss
Hdxfbpnd2-8_3,2-5s,harmful,REMOVE_RANDOM,5,0,1,miss_to_hit
Hdxfbpnd2-8_3,2-5s,harmful,REMOVE_RANDOM,6,0,0,both_miss
Hdxfbpnd2-8_3,2-5s,harmful,REMOVE_RANDOM,7,0,0,both_miss
Hdxfbpnd2-8_3,2-5s,harmful,REMOVE_RANDOM,8,0,0,both_miss
Hdxfbpnd2-8_3,2-5s,harmful,REMOVE_RANDOM,9,0,0,both_miss
Hdxfbpnd2-8_3,2-5s,harmful,REMOVE_HARD,0,0,1,miss_to_hit
Hdxfbpnd2-8_4,0-2s,harmful,REMOVE_RANDOM,0,1,1,both_hit
Hdxfbpnd2-8_4,0-2s,harmful,REMOVE_RANDOM,1,1,1,both_hit
Hdxfbpnd2-8_4,0-2s,harmful,REMOVE_RANDOM,2,1,1,both_hit
Hdxfbpnd2-8_4,0-2s,harmful,REMOVE_RANDOM,3,1,1,both_hit
Hdxfbpnd2-8_4,0-2s,harmful,REMOVE_RANDOM,4,1,1,both_hit
Hdxfbpnd2-8_4,0-2s,harmful,REMOVE_RANDOM,5,1,1,both_hit
Hdxfbpnd2-8_4,0-2s,harmful,REMOVE_RANDOM,6,1,1,both_hit
Hdxfbpnd2-8_4,0-2s,harmful,REMOVE_RANDOM,7,1,1,both_hit
Hdxfbpnd2-8_4,0-2s,harmful,REMOVE_RANDOM,8,1,1,both_hit
Hdxfbpnd2-8_4,0-2s,harmful,REMOVE_RANDOM,9,1,1,both_hit
Hdxfbpnd2-8_4,0-2s,harmful,REMOVE_HARD,0,1,1,both_hit
HxZADVzNIqs_2,2-5s,control,REMOVE_RANDOM,0,1,0,hit_to_miss
HxZADVzNIqs_2,2-5s,control,REMOVE_RANDOM,1,1,1,both_hit
HxZADVzNIqs_2,2-5s,control,REMOVE_RANDOM,2,1,1,both_hit
HxZADVzNIqs_2,2-5s,control,REMOVE_RANDOM,3,1,0,hit_to_miss
HxZADVzNIqs_2,2-5s,control,REMOVE_RANDOM,4,1,0,hit_to_miss
HxZADVzNIqs_2,2-5s,control,REMOVE_RANDOM,5,1,1,both_hit
HxZADVzNIqs_2,2-5s,control,REMOVE_RANDOM,6,1,1,both_hit
HxZADVzNIqs_2,2-5s,control,REMOVE_RANDOM,7,1,0,hit_to_miss
HxZADVzNIqs_2,2-5s,control,REMOVE_RANDOM,8,1,0,hit_to_miss
HxZADVzNIqs_2,2-5s,control,REMOVE_RANDOM,9,1,1,both_hit
HxZADVzNIqs_2,2-5s,control,REMOVE_HARD,0,1,0,hit_to_miss
HxZADVzNIqs_3,2-5s,control,REMOVE_RANDOM,0,0,0,both_miss
HxZADVzNIqs_3,2-5s,control,REMOVE_RANDOM,1,0,0,both_miss
HxZADVzNIqs_3,2-5s,control,REMOVE_RANDOM,2,0,0,both_miss
HxZADVzNIqs_3,2-5s,control,REMOVE_RANDOM,3,0,0,both_miss
HxZADVzNIqs_3,2-5s,control,REMOVE_RANDOM,4,0,0,both_miss
HxZADVzNIqs_3,2-5s,control,REMOVE_RANDOM,5,0,0,both_miss
HxZADVzNIqs_3,2-5s,control,REMOVE_RANDOM,6,0,0,both_miss
HxZADVzNIqs_3,2-5s,control,REMOVE_RANDOM,7,0,0,both_miss
HxZADVzNIqs_3,2-5s,control,REMOVE_RANDOM,8,0,0,both_miss
HxZADVzNIqs_3,2-5s,control,REMOVE_RANDOM,9,0,0,both_miss
HxZADVzNIqs_3,2-5s,control,REMOVE_HARD,0,0,0,both_miss
I4HpYGMMsz4_1,2-5s,harmful,REMOVE_RANDOM,0,0,0,both_miss
I4HpYGMMsz4_1,2-5s,harmful,REMOVE_RANDOM,1,0,0,both_miss
I4HpYGMMsz4_1,2-5s,harmful,REMOVE_RANDOM,2,0,0,both_miss
I4HpYGMMsz4_1,2-5s,harmful,REMOVE_RANDOM,3,0,0,both_miss
I4HpYGMMsz4_1,2-5s,harmful,REMOVE_RANDOM,4,0,0,both_miss
I4HpYGMMsz4_1,2-5s,harmful,REMOVE_RANDOM,5,0,0,both_miss
I4HpYGMMsz4_1,2-5s,harmful,REMOVE_RANDOM,6,0,0,both_miss
I4HpYGMMsz4_1,2-5s,harmful,REMOVE_RANDOM,7,0,0,both_miss
I4HpYGMMsz4_1,2-5s,harmful,REMOVE_RANDOM,8,0,0,both_miss
I4HpYGMMsz4_1,2-5s,harmful,REMOVE_RANDOM,9,0,0,both_miss
I4HpYGMMsz4_1,2-5s,harmful,REMOVE_HARD,0,0,0,both_miss
IJ6pm5Kns8A_1,2-5s,harmful,REMOVE_RANDOM,0,0,0,both_miss
IJ6pm5Kns8A_1,2-5s,harmful,REMOVE_RANDOM,1,0,0,both_miss
IJ6pm5Kns8A_1,2-5s,harmful,REMOVE_RANDOM,2,0,0,both_miss
IJ6pm5Kns8A_1,2-5s,harmful,REMOVE_RANDOM,3,0,0,both_miss
IJ6pm5Kns8A_1,2-5s,harmful,REMOVE_RANDOM,4,0,0,both_miss
IJ6pm5Kns8A_1,2-5s,harmful,REMOVE_RANDOM,5,0,0,both_miss
IJ6pm5Kns8A_1,2-5s,harmful,REMOVE_RANDOM,6,0,0,both_miss
IJ6pm5Kns8A_1,2-5s,harmful,REMOVE_RANDOM,7,0,0,both_miss
IJ6pm5Kns8A_1,2-5s,harmful,REMOVE_RANDOM,8,0,0,both_miss
IJ6pm5Kns8A_1,2-5s,harmful,REMOVE_RANDOM,9,0,0,both_miss
IJ6pm5Kns8A_1,2-5s,harmful,REMOVE_HARD,0,0,0,both_miss
IJ6pm5Kns8A_2,2-5s,control,REMOVE_RANDOM,0,1,1,both_hit
IJ6pm5Kns8A_2,2-5s,control,REMOVE_RANDOM,1,1,1,both_hit
IJ6pm5Kns8A_2,2-5s,control,REMOVE_RANDOM,2,1,1,both_hit
IJ6pm5Kns8A_2,2-5s,control,REMOVE_RANDOM,3,1,1,both_hit
IJ6pm5Kns8A_2,2-5s,control,REMOVE_RANDOM,4,1,1,both_hit
IJ6pm5Kns8A_2,2-5s,control,REMOVE_RANDOM,5,1,1,both_hit
IJ6pm5Kns8A_2,2-5s,control,REMOVE_RANDOM,6,1,1,both_hit
IJ6pm5Kns8A_2,2-5s,control,REMOVE_RANDOM,7,1,1,both_hit
IJ6pm5Kns8A_2,2-5s,control,REMOVE_RANDOM,8,1,1,both_hit
IJ6pm5Kns8A_2,2-5s,control,REMOVE_RANDOM,9,1,1,both_hit
IJ6pm5Kns8A_2,2-5s,control,REMOVE_HARD,0,1,1,both_hit
IsUG5SKWNZA_2,2-5s,harmful,REMOVE_RANDOM,0,1,1,both_hit
IsUG5SKWNZA_2,2-5s,harmful,REMOVE_RANDOM,1,1,1,both_hit
IsUG5SKWNZA_2,2-5s,harmful,REMOVE_RANDOM,2,1,1,both_hit
IsUG5SKWNZA_2,2-5s,harmful,REMOVE_RANDOM,3,1,1,both_hit
IsUG5SKWNZA_2,2-5s,harmful,REMOVE_RANDOM,4,1,1,both_hit
IsUG5SKWNZA_2,2-5s,harmful,REMOVE_RANDOM,5,1,1,both_hit
IsUG5SKWNZA_2,2-5s,harmful,REMOVE_RANDOM,6,1,1,both_hit
IsUG5SKWNZA_2,2-5s,harmful,REMOVE_RANDOM,7,1,1,both_hit
IsUG5SKWNZA_2,2-5s,harmful,REMOVE_RANDOM,8,1,1,both_hit
IsUG5SKWNZA_2,2-5s,harmful,REMOVE_RANDOM,9,1,1,both_hit
IsUG5SKWNZA_2,2-5s,harmful,REMOVE_HARD,0,1,1,both_hit
ItS07xtdi4s_3,2-5s,control,REMOVE_RANDOM,0,1,1,both_hit
ItS07xtdi4s_3,2-5s,control,REMOVE_RANDOM,1,1,1,both_hit
ItS07xtdi4s_3,2-5s,control,REMOVE_RANDOM,2,1,1,both_hit
ItS07xtdi4s_3,2-5s,control,REMOVE_RANDOM,3,1,1,both_hit
ItS07xtdi4s_3,2-5s,control,REMOVE_RANDOM,4,1,1,both_hit
ItS07xtdi4s_3,2-5s,control,REMOVE_RANDOM,5,1,1,both_hit
ItS07xtdi4s_3,2-5s,control,REMOVE_RANDOM,6,1,1,both_hit
ItS07xtdi4s_3,2-5s,control,REMOVE_RANDOM,7,1,1,both_hit
ItS07xtdi4s_3,2-5s,control,REMOVE_RANDOM,8,1,1,both_hit
ItS07xtdi4s_3,2-5s,control,REMOVE_RANDOM,9,1,1,both_hit
ItS07xtdi4s_3,2-5s,control,REMOVE_HARD,0,1,1,both_hit
ItS07xtdi4s_5,0-2s,harmful,REMOVE_RANDOM,0,1,1,both_hit
ItS07xtdi4s_5,0-2s,harmful,REMOVE_RANDOM,1,1,1,both_hit
ItS07xtdi4s_5,0-2s,harmful,REMOVE_RANDOM,2,1,1,both_hit
ItS07xtdi4s_5,0-2s,harmful,REMOVE_RANDOM,3,1,1,both_hit
ItS07xtdi4s_5,0-2s,harmful,REMOVE_RANDOM,4,1,1,both_hit
ItS07xtdi4s_5,0-2s,harmful,REMOVE_RANDOM,5,1,1,both_hit
ItS07xtdi4s_5,0-2s,harmful,REMOVE_RANDOM,6,1,1,both_hit
ItS07xtdi4s_5,0-2s,harmful,REMOVE_RANDOM,7,1,1,both_hit
ItS07xtdi4s_5,0-2s,harmful,REMOVE_RANDOM,8,1,1,both_hit
ItS07xtdi4s_5,0-2s,harmful,REMOVE_RANDOM,9,1,1,both_hit
ItS07xtdi4s_5,0-2s,harmful,REMOVE_HARD,0,1,1,both_hit
JC2ZrXzCX4Y_2,2-5s,control,REMOVE_RANDOM,0,0,0,both_miss
JC2ZrXzCX4Y_2,2-5s,control,REMOVE_RANDOM,1,0,0,both_miss
JC2ZrXzCX4Y_2,2-5s,control,REMOVE_RANDOM,2,0,0,both_miss
JC2ZrXzCX4Y_2,2-5s,control,REMOVE_RANDOM,3,0,0,both_miss
JC2ZrXzCX4Y_2,2-5s,control,REMOVE_RANDOM,4,0,0,both_miss
JC2ZrXzCX4Y_2,2-5s,control,REMOVE_RANDOM,5,0,0,both_miss
JC2ZrXzCX4Y_2,2-5s,control,REMOVE_RANDOM,6,0,0,both_miss
JC2ZrXzCX4Y_2,2-5s,control,REMOVE_RANDOM,7,0,0,both_miss
JC2ZrXzCX4Y_2,2-5s,control,REMOVE_RANDOM,8,0,0,both_miss
JC2ZrXzCX4Y_2,2-5s,control,REMOVE_RANDOM,9,0,0,both_miss
JC2ZrXzCX4Y_2,2-5s,control,REMOVE_HARD,0,0,0,both_miss
JZloTOdIY_c_3,2-5s,harmful,REMOVE_RANDOM,0,0,0,both_miss
JZloTOdIY_c_3,2-5s,harmful,REMOVE_RANDOM,1,0,0,both_miss
JZloTOdIY_c_3,2-5s,harmful,REMOVE_RANDOM,2,0,0,both_miss
JZloTOdIY_c_3,2-5s,harmful,REMOVE_RANDOM,3,0,0,both_miss
JZloTOdIY_c_3,2-5s,harmful,REMOVE_RANDOM,4,0,0,both_miss
JZloTOdIY_c_3,2-5s,harmful,REMOVE_RANDOM,5,0,0,both_miss
JZloTOdIY_c_3,2-5s,harmful,REMOVE_RANDOM,6,0,0,both_miss
JZloTOdIY_c_3,2-5s,harmful,REMOVE_RANDOM,7,0,0,both_miss
JZloTOdIY_c_3,2-5s,harmful,REMOVE_RANDOM,8,0,0,both_miss
JZloTOdIY_c_3,2-5s,harmful,REMOVE_RANDOM,9,0,0,both_miss
JZloTOdIY_c_3,2-5s,harmful,REMOVE_HARD,0,0,0,both_miss
JmWaRt8-u0s_1,2-5s,harmful,REMOVE_RANDOM,0,1,0,hit_to_miss
JmWaRt8-u0s_1,2-5s,harmful,REMOVE_RANDOM,1,1,1,both_hit
JmWaRt8-u0s_1,2-5s,harmful,REMOVE_RANDOM,2,1,0,hit_to_miss
JmWaRt8-u0s_1,2-5s,harmful,REMOVE_RANDOM,3,1,0,hit_to_miss
JmWaRt8-u0s_1,2-5s,harmful,REMOVE_RANDOM,4,1,0,hit_to_miss
JmWaRt8-u0s_1,2-5s,harmful,REMOVE_RANDOM,5,1,0,hit_to_miss
JmWaRt8-u0s_1,2-5s,harmful,REMOVE_RANDOM,6,1,0,hit_to_miss
JmWaRt8-u0s_1,2-5s,harmful,REMOVE_RANDOM,7,1,0,hit_to_miss
JmWaRt8-u0s_1,2-5s,harmful,REMOVE_RANDOM,8,1,0,hit_to_miss
JmWaRt8-u0s_1,2-5s,harmful,REMOVE_RANDOM,9,1,0,hit_to_miss
JmWaRt8-u0s_1,2-5s,harmful,REMOVE_HARD,0,1,0,hit_to_miss
K-7Y8yhcUiw_3,2-5s,harmful,REMOVE_RANDOM,0,0,0,both_miss
K-7Y8yhcUiw_3,2-5s,harmful,REMOVE_RANDOM,1,0,0,both_miss
K-7Y8yhcUiw_3,2-5s,harmful,REMOVE_RANDOM,2,0,0,both_miss
K-7Y8yhcUiw_3,2-5s,harmful,REMOVE_RANDOM,3,0,0,both_miss
K-7Y8yhcUiw_3,2-5s,harmful,REMOVE_RANDOM,4,0,0,both_miss
K-7Y8yhcUiw_3,2-5s,harmful,REMOVE_RANDOM,5,0,0,both_miss
K-7Y8yhcUiw_3,2-5s,harmful,REMOVE_RANDOM,6,0,0,both_miss
K-7Y8yhcUiw_3,2-5s,harmful,REMOVE_RANDOM,7,0,0,both_miss
K-7Y8yhcUiw_3,2-5s,harmful,REMOVE_RANDOM,8,0,0,both_miss
K-7Y8yhcUiw_3,2-5s,harmful,REMOVE_RANDOM,9,0,0,both_miss
K-7Y8yhcUiw_3,2-5s,harmful,REMOVE_HARD,0,0,1,miss_to_hit
K03ydb1uaoQ_1,2-5s,control,REMOVE_RANDOM,0,1,1,both_hit
K03ydb1uaoQ_1,2-5s,control,REMOVE_RANDOM,1,1,1,both_hit
K03ydb1uaoQ_1,2-5s,control,REMOVE_RANDOM,2,1,1,both_hit
K03ydb1uaoQ_1,2-5s,control,REMOVE_RANDOM,3,1,1,both_hit
K03ydb1uaoQ_1,2-5s,control,REMOVE_RANDOM,4,1,1,both_hit
K03ydb1uaoQ_1,2-5s,control,REMOVE_RANDOM,5,1,1,both_hit
K03ydb1uaoQ_1,2-5s,control,REMOVE_RANDOM,6,1,1,both_hit
K03ydb1uaoQ_1,2-5s,control,REMOVE_RANDOM,7,1,1,both_hit
K03ydb1uaoQ_1,2-5s,control,REMOVE_RANDOM,8,1,1,both_hit
K03ydb1uaoQ_1,2-5s,control,REMOVE_RANDOM,9,1,1,both_hit
K03ydb1uaoQ_1,2-5s,control,REMOVE_HARD,0,1,1,both_hit
KJhGuhNHToA_1,2-5s,control,REMOVE_RANDOM,0,0,0,both_miss
KJhGuhNHToA_1,2-5s,control,REMOVE_RANDOM,1,0,0,both_miss
KJhGuhNHToA_1,2-5s,control,REMOVE_RANDOM,2,0,0,both_miss
KJhGuhNHToA_1,2-5s,control,REMOVE_RANDOM,3,0,0,both_miss
KJhGuhNHToA_1,2-5s,control,REMOVE_RANDOM,4,0,0,both_miss
KJhGuhNHToA_1,2-5s,control,REMOVE_RANDOM,5,0,1,miss_to_hit
KJhGuhNHToA_1,2-5s,control,REMOVE_RANDOM,6,0,0,both_miss
KJhGuhNHToA_1,2-5s,control,REMOVE_RANDOM,7,0,0,both_miss
KJhGuhNHToA_1,2-5s,control,REMOVE_RANDOM,8,0,0,both_miss
KJhGuhNHToA_1,2-5s,control,REMOVE_RANDOM,9,0,0,both_miss
KJhGuhNHToA_1,2-5s,control,REMOVE_HARD,0,0,0,both_miss
KJhGuhNHToA_2,2-5s,control,REMOVE_RANDOM,0,1,1,both_hit
KJhGuhNHToA_2,2-5s,control,REMOVE_RANDOM,1,1,1,both_hit
KJhGuhNHToA_2,2-5s,control,REMOVE_RANDOM,2,1,1,both_hit
KJhGuhNHToA_2,2-5s,control,REMOVE_RANDOM,3,1,1,both_hit
KJhGuhNHToA_2,2-5s,control,REMOVE_RANDOM,4,1,1,both_hit
KJhGuhNHToA_2,2-5s,control,REMOVE_RANDOM,5,1,1,both_hit
KJhGuhNHToA_2,2-5s,control,REMOVE_RANDOM,6,1,1,both_hit
KJhGuhNHToA_2,2-5s,control,REMOVE_RANDOM,7,1,1,both_hit
KJhGuhNHToA_2,2-5s,control,REMOVE_RANDOM,8,1,1,both_hit
KJhGuhNHToA_2,2-5s,control,REMOVE_RANDOM,9,1,1,both_hit
KJhGuhNHToA_2,2-5s,control,REMOVE_HARD,0,1,1,both_hit
KJhGuhNHToA_4,2-5s,control,REMOVE_RANDOM,0,1,1,both_hit
KJhGuhNHToA_4,2-5s,control,REMOVE_RANDOM,1,1,1,both_hit
KJhGuhNHToA_4,2-5s,control,REMOVE_RANDOM,2,1,1,both_hit
KJhGuhNHToA_4,2-5s,control,REMOVE_RANDOM,3,1,1,both_hit
KJhGuhNHToA_4,2-5s,control,REMOVE_RANDOM,4,1,1,both_hit
KJhGuhNHToA_4,2-5s,control,REMOVE_RANDOM,5,1,1,both_hit
KJhGuhNHToA_4,2-5s,control,REMOVE_RANDOM,6,1,1,both_hit
KJhGuhNHToA_4,2-5s,control,REMOVE_RANDOM,7,1,1,both_hit
KJhGuhNHToA_4,2-5s,control,REMOVE_RANDOM,8,1,1,both_hit
KJhGuhNHToA_4,2-5s,control,REMOVE_RANDOM,9,1,1,both_hit
KJhGuhNHToA_4,2-5s,control,REMOVE_HARD,0,1,1,both_hit
K_Vre_-4KqU_2,2-5s,control,REMOVE_RANDOM,0,1,1,both_hit
K_Vre_-4KqU_2,2-5s,control,REMOVE_RANDOM,1,1,1,both_hit
K_Vre_-4KqU_2,2-5s,control,REMOVE_RANDOM,2,1,1,both_hit
K_Vre_-4KqU_2,2-5s,control,REMOVE_RANDOM,3,1,1,both_hit
K_Vre_-4KqU_2,2-5s,control,REMOVE_RANDOM,4,1,1,both_hit
K_Vre_-4KqU_2,2-5s,control,REMOVE_RANDOM,5,1,1,both_hit
K_Vre_-4KqU_2,2-5s,control,REMOVE_RANDOM,6,1,1,both_hit
K_Vre_-4KqU_2,2-5s,control,REMOVE_RANDOM,7,1,1,both_hit
K_Vre_-4KqU_2,2-5s,control,REMOVE_RANDOM,8,1,1,both_hit
K_Vre_-4KqU_2,2-5s,control,REMOVE_RANDOM,9,1,1,both_hit
K_Vre_-4KqU_2,2-5s,control,REMOVE_HARD,0,1,1,both_hit
Kel-hfZ_9h8_4,0-2s,harmful,REMOVE_RANDOM,0,0,0,both_miss
Kel-hfZ_9h8_4,0-2s,harmful,REMOVE_RANDOM,1,0,0,both_miss
Kel-hfZ_9h8_4,0-2s,harmful,REMOVE_RANDOM,2,0,0,both_miss
Kel-hfZ_9h8_4,0-2s,harmful,REMOVE_RANDOM,3,0,0,both_miss
Kel-hfZ_9h8_4,0-2s,harmful,REMOVE_RANDOM,4,0,0,both_miss
Kel-hfZ_9h8_4,0-2s,harmful,REMOVE_RANDOM,5,0,0,both_miss
Kel-hfZ_9h8_4,0-2s,harmful,REMOVE_RANDOM,6,0,0,both_miss
Kel-hfZ_9h8_4,0-2s,harmful,REMOVE_RANDOM,7,0,0,both_miss
Kel-hfZ_9h8_4,0-2s,harmful,REMOVE_RANDOM,8,0,0,both_miss
Kel-hfZ_9h8_4,0-2s,harmful,REMOVE_RANDOM,9,0,0,both_miss
Kel-hfZ_9h8_4,0-2s,harmful,REMOVE_HARD,0,0,0,both_miss
KnsKf9KoNds_1,0-2s,harmful,REMOVE_RANDOM,0,0,0,both_miss
KnsKf9KoNds_1,0-2s,harmful,REMOVE_RANDOM,1,0,0,both_miss
KnsKf9KoNds_1,0-2s,harmful,REMOVE_RANDOM,2,0,0,both_miss
KnsKf9KoNds_1,0-2s,harmful,REMOVE_RANDOM,3,0,0,both_miss
KnsKf9KoNds_1,0-2s,harmful,REMOVE_RANDOM,4,0,0,both_miss
KnsKf9KoNds_1,0-2s,harmful,REMOVE_RANDOM,5,0,0,both_miss
KnsKf9KoNds_1,0-2s,harmful,REMOVE_RANDOM,6,0,0,both_miss
KnsKf9KoNds_1,0-2s,harmful,REMOVE_RANDOM,7,0,0,both_miss
KnsKf9KoNds_1,0-2s,harmful,REMOVE_RANDOM,8,0,0,both_miss
KnsKf9KoNds_1,0-2s,harmful,REMOVE_RANDOM,9,0,0,both_miss
KnsKf9KoNds_1,0-2s,harmful,REMOVE_HARD,0,0,0,both_miss
KnsKf9KoNds_2,2-5s,control,REMOVE_RANDOM,0,0,0,both_miss
KnsKf9KoNds_2,2-5s,control,REMOVE_RANDOM,1,0,0,both_miss
KnsKf9KoNds_2,2-5s,control,REMOVE_RANDOM,2,0,0,both_miss
KnsKf9KoNds_2,2-5s,control,REMOVE_RANDOM,3,0,0,both_miss
KnsKf9KoNds_2,2-5s,control,REMOVE_RANDOM,4,0,0,both_miss
KnsKf9KoNds_2,2-5s,control,REMOVE_RANDOM,5,0,0,both_miss
KnsKf9KoNds_2,2-5s,control,REMOVE_RANDOM,6,0,0,both_miss
KnsKf9KoNds_2,2-5s,control,REMOVE_RANDOM,7,0,0,both_miss
KnsKf9KoNds_2,2-5s,control,REMOVE_RANDOM,8,0,0,both_miss
KnsKf9KoNds_2,2-5s,control,REMOVE_RANDOM,9,0,0,both_miss
KnsKf9KoNds_2,2-5s,control,REMOVE_HARD,0,0,0,both_miss
KvrcRMfFzOE_1,2-5s,harmful,REMOVE_RANDOM,0,1,1,both_hit
KvrcRMfFzOE_1,2-5s,harmful,REMOVE_RANDOM,1,1,1,both_hit
KvrcRMfFzOE_1,2-5s,harmful,REMOVE_RANDOM,2,1,1,both_hit
KvrcRMfFzOE_1,2-5s,harmful,REMOVE_RANDOM,3,1,1,both_hit
KvrcRMfFzOE_1,2-5s,harmful,REMOVE_RANDOM,4,1,1,both_hit
KvrcRMfFzOE_1,2-5s,harmful,REMOVE_RANDOM,5,1,1,both_hit
KvrcRMfFzOE_1,2-5s,harmful,REMOVE_RANDOM,6,1,1,both_hit
KvrcRMfFzOE_1,2-5s,harmful,REMOVE_RANDOM,7,1,1,both_hit
KvrcRMfFzOE_1,2-5s,harmful,REMOVE_RANDOM,8,1,1,both_hit
KvrcRMfFzOE_1,2-5s,harmful,REMOVE_RANDOM,9,1,1,both_hit
KvrcRMfFzOE_1,2-5s,harmful,REMOVE_HARD,0,1,1,both_hit
LB6CZ0x-kns_1,2-5s,control,REMOVE_RANDOM,0,1,1,both_hit
LB6CZ0x-kns_1,2-5s,control,REMOVE_RANDOM,1,1,1,both_hit
LB6CZ0x-kns_1,2-5s,control,REMOVE_RANDOM,2,1,1,both_hit
LB6CZ0x-kns_1,2-5s,control,REMOVE_RANDOM,3,1,1,both_hit
LB6CZ0x-kns_1,2-5s,control,REMOVE_RANDOM,4,1,1,both_hit
LB6CZ0x-kns_1,2-5s,control,REMOVE_RANDOM,5,1,1,both_hit
LB6CZ0x-kns_1,2-5s,control,REMOVE_RANDOM,6,1,1,both_hit
LB6CZ0x-kns_1,2-5s,control,REMOVE_RANDOM,7,1,1,both_hit
LB6CZ0x-kns_1,2-5s,control,REMOVE_RANDOM,8,1,1,both_hit
LB6CZ0x-kns_1,2-5s,control,REMOVE_RANDOM,9,1,1,both_hit
LB6CZ0x-kns_1,2-5s,control,REMOVE_HARD,0,1,0,hit_to_miss
LCwSUVuTyvg_2,2-5s,harmful,REMOVE_RANDOM,0,0,0,both_miss
LCwSUVuTyvg_2,2-5s,harmful,REMOVE_RANDOM,1,0,0,both_miss
LCwSUVuTyvg_2,2-5s,harmful,REMOVE_RANDOM,2,0,0,both_miss
LCwSUVuTyvg_2,2-5s,harmful,REMOVE_RANDOM,3,0,0,both_miss
LCwSUVuTyvg_2,2-5s,harmful,REMOVE_RANDOM,4,0,1,miss_to_hit
LCwSUVuTyvg_2,2-5s,harmful,REMOVE_RANDOM,5,0,0,both_miss
LCwSUVuTyvg_2,2-5s,harmful,REMOVE_RANDOM,6,0,0,both_miss
LCwSUVuTyvg_2,2-5s,harmful,REMOVE_RANDOM,7,0,0,both_miss
LCwSUVuTyvg_2,2-5s,harmful,REMOVE_RANDOM,8,0,0,both_miss
LCwSUVuTyvg_2,2-5s,harmful,REMOVE_RANDOM,9,0,0,both_miss
LCwSUVuTyvg_2,2-5s,harmful,REMOVE_HARD,0,0,0,both_miss
LP_DzNUkAKY_1,0-2s,harmful,REMOVE_RANDOM,0,1,1,both_hit
LP_DzNUkAKY_1,0-2s,harmful,REMOVE_RANDOM,1,1,1,both_hit
LP_DzNUkAKY_1,0-2s,harmful,REMOVE_RANDOM,2,1,1,both_hit
LP_DzNUkAKY_1,0-2s,harmful,REMOVE_RANDOM,3,1,1,both_hit
LP_DzNUkAKY_1,0-2s,harmful,REMOVE_RANDOM,4,1,1,both_hit
LP_DzNUkAKY_1,0-2s,harmful,REMOVE_RANDOM,5,1,1,both_hit
LP_DzNUkAKY_1,0-2s,harmful,REMOVE_RANDOM,6,1,1,both_hit
LP_DzNUkAKY_1,0-2s,harmful,REMOVE_RANDOM,7,1,1,both_hit
LP_DzNUkAKY_1,0-2s,harmful,REMOVE_RANDOM,8,1,1,both_hit
LP_DzNUkAKY_1,0-2s,harmful,REMOVE_RANDOM,9,1,1,both_hit
LP_DzNUkAKY_1,0-2s,harmful,REMOVE_HARD,0,1,1,both_hit
LP_DzNUkAKY_2,2-5s,harmful,REMOVE_RANDOM,0,1,1,both_hit
LP_DzNUkAKY_2,2-5s,harmful,REMOVE_RANDOM,1,1,1,both_hit
LP_DzNUkAKY_2,2-5s,harmful,REMOVE_RANDOM,2,1,1,both_hit
LP_DzNUkAKY_2,2-5s,harmful,REMOVE_RANDOM,3,1,1,both_hit
LP_DzNUkAKY_2,2-5s,harmful,REMOVE_RANDOM,4,1,1,both_hit
LP_DzNUkAKY_2,2-5s,harmful,REMOVE_RANDOM,5,1,1,both_hit
LP_DzNUkAKY_2,2-5s,harmful,REMOVE_RANDOM,6,1,1,both_hit
LP_DzNUkAKY_2,2-5s,harmful,REMOVE_RANDOM,7,1,1,both_hit
LP_DzNUkAKY_2,2-5s,harmful,REMOVE_RANDOM,8,1,1,both_hit
LP_DzNUkAKY_2,2-5s,harmful,REMOVE_RANDOM,9,1,1,both_hit
LP_DzNUkAKY_2,2-5s,harmful,REMOVE_HARD,0,1,1,both_hit
LVvS3s9dFKw_2,2-5s,harmful,REMOVE_RANDOM,0,0,0,both_miss
LVvS3s9dFKw_2,2-5s,harmful,REMOVE_RANDOM,1,0,0,both_miss
LVvS3s9dFKw_2,2-5s,harmful,REMOVE_RANDOM,2,0,0,both_miss
LVvS3s9dFKw_2,2-5s,harmful,REMOVE_RANDOM,3,0,0,both_miss
LVvS3s9dFKw_2,2-5s,harmful,REMOVE_RANDOM,4,0,0,both_miss
LVvS3s9dFKw_2,2-5s,harmful,REMOVE_RANDOM,5,0,0,both_miss
LVvS3s9dFKw_2,2-5s,harmful,REMOVE_RANDOM,6,0,0,both_miss
LVvS3s9dFKw_2,2-5s,harmful,REMOVE_RANDOM,7,0,0,both_miss
LVvS3s9dFKw_2,2-5s,harmful,REMOVE_RANDOM,8,0,0,both_miss
LVvS3s9dFKw_2,2-5s,harmful,REMOVE_RANDOM,9,0,0,both_miss
LVvS3s9dFKw_2,2-5s,harmful,REMOVE_HARD,0,0,0,both_miss
LVvS3s9dFKw_3,2-5s,control,REMOVE_RANDOM,0,0,0,both_miss
LVvS3s9dFKw_3,2-5s,control,REMOVE_RANDOM,1,0,0,both_miss
LVvS3s9dFKw_3,2-5s,control,REMOVE_RANDOM,2,0,0,both_miss
LVvS3s9dFKw_3,2-5s,control,REMOVE_RANDOM,3,0,0,both_miss
LVvS3s9dFKw_3,2-5s,control,REMOVE_RANDOM,4,0,0,both_miss
LVvS3s9dFKw_3,2-5s,control,REMOVE_RANDOM,5,0,0,both_miss
LVvS3s9dFKw_3,2-5s,control,REMOVE_RANDOM,6,0,0,both_miss
LVvS3s9dFKw_3,2-5s,control,REMOVE_RANDOM,7,0,0,both_miss
LVvS3s9dFKw_3,2-5s,control,REMOVE_RANDOM,8,0,0,both_miss
LVvS3s9dFKw_3,2-5s,control,REMOVE_RANDOM,9,0,0,both_miss
LVvS3s9dFKw_3,2-5s,control,REMOVE_HARD,0,0,0,both_miss
LvMA1Wcgu3w_1,2-5s,harmful,REMOVE_RANDOM,0,1,1,both_hit
LvMA1Wcgu3w_1,2-5s,harmful,REMOVE_RANDOM,1,1,1,both_hit
LvMA1Wcgu3w_1,2-5s,harmful,REMOVE_RANDOM,2,1,1,both_hit
LvMA1Wcgu3w_1,2-5s,harmful,REMOVE_RANDOM,3,1,1,both_hit
LvMA1Wcgu3w_1,2-5s,harmful,REMOVE_RANDOM,4,1,1,both_hit
LvMA1Wcgu3w_1,2-5s,harmful,REMOVE_RANDOM,5,1,1,both_hit
LvMA1Wcgu3w_1,2-5s,harmful,REMOVE_RANDOM,6,1,1,both_hit
LvMA1Wcgu3w_1,2-5s,harmful,REMOVE_RANDOM,7,1,1,both_hit
LvMA1Wcgu3w_1,2-5s,harmful,REMOVE_RANDOM,8,1,1,both_hit
LvMA1Wcgu3w_1,2-5s,harmful,REMOVE_RANDOM,9,1,1,both_hit
LvMA1Wcgu3w_1,2-5s,harmful,REMOVE_HARD,0,1,1,both_hit
MBP4RcnwGZw_1,2-5s,control,REMOVE_RANDOM,0,1,1,both_hit
MBP4RcnwGZw_1,2-5s,control,REMOVE_RANDOM,1,1,1,both_hit
MBP4RcnwGZw_1,2-5s,control,REMOVE_RANDOM,2,1,1,both_hit
MBP4RcnwGZw_1,2-5s,control,REMOVE_RANDOM,3,1,1,both_hit
MBP4RcnwGZw_1,2-5s,control,REMOVE_RANDOM,4,1,1,both_hit
MBP4RcnwGZw_1,2-5s,control,REMOVE_RANDOM,5,1,1,both_hit
MBP4RcnwGZw_1,2-5s,control,REMOVE_RANDOM,6,1,1,both_hit
MBP4RcnwGZw_1,2-5s,control,REMOVE_RANDOM,7,1,1,both_hit
MBP4RcnwGZw_1,2-5s,control,REMOVE_RANDOM,8,1,1,both_hit
MBP4RcnwGZw_1,2-5s,control,REMOVE_RANDOM,9,1,1,both_hit
MBP4RcnwGZw_1,2-5s,control,REMOVE_HARD,0,1,1,both_hit
MPLZUg89y5U_2,0-2s,control,REMOVE_RANDOM,0,0,0,both_miss
MPLZUg89y5U_2,0-2s,control,REMOVE_RANDOM,1,0,0,both_miss
MPLZUg89y5U_2,0-2s,control,REMOVE_RANDOM,2,0,0,both_miss
MPLZUg89y5U_2,0-2s,control,REMOVE_RANDOM,3,0,0,both_miss
MPLZUg89y5U_2,0-2s,control,REMOVE_RANDOM,4,0,0,both_miss
MPLZUg89y5U_2,0-2s,control,REMOVE_RANDOM,5,0,0,both_miss
MPLZUg89y5U_2,0-2s,control,REMOVE_RANDOM,6,0,0,both_miss
MPLZUg89y5U_2,0-2s,control,REMOVE_RANDOM,7,0,0,both_miss
MPLZUg89y5U_2,0-2s,control,REMOVE_RANDOM,8,0,0,both_miss
MPLZUg89y5U_2,0-2s,control,REMOVE_RANDOM,9,0,0,both_miss
MPLZUg89y5U_2,0-2s,control,REMOVE_HARD,0,0,0,both_miss
MVGhC-xB79s_2,2-5s,control,REMOVE_RANDOM,0,0,0,both_miss
MVGhC-xB79s_2,2-5s,control,REMOVE_RANDOM,1,0,0,both_miss
MVGhC-xB79s_2,2-5s,control,REMOVE_RANDOM,2,0,0,both_miss
MVGhC-xB79s_2,2-5s,control,REMOVE_RANDOM,3,0,0,both_miss
MVGhC-xB79s_2,2-5s,control,REMOVE_RANDOM,4,0,0,both_miss
MVGhC-xB79s_2,2-5s,control,REMOVE_RANDOM,5,0,0,both_miss
MVGhC-xB79s_2,2-5s,control,REMOVE_RANDOM,6,0,0,both_miss
MVGhC-xB79s_2,2-5s,control,REMOVE_RANDOM,7,0,0,both_miss
MVGhC-xB79s_2,2-5s,control,REMOVE_RANDOM,8,0,0,both_miss
MVGhC-xB79s_2,2-5s,control,REMOVE_RANDOM,9,0,0,both_miss
MVGhC-xB79s_2,2-5s,control,REMOVE_HARD,0,0,0,both_miss
MdlEswBfZMQ_2,2-5s,control,REMOVE_RANDOM,0,0,0,both_miss
MdlEswBfZMQ_2,2-5s,control,REMOVE_RANDOM,1,0,0,both_miss
MdlEswBfZMQ_2,2-5s,control,REMOVE_RANDOM,2,0,0,both_miss
MdlEswBfZMQ_2,2-5s,control,REMOVE_RANDOM,3,0,0,both_miss
MdlEswBfZMQ_2,2-5s,control,REMOVE_RANDOM,4,0,0,both_miss
MdlEswBfZMQ_2,2-5s,control,REMOVE_RANDOM,5,0,0,both_miss
MdlEswBfZMQ_2,2-5s,control,REMOVE_RANDOM,6,0,0,both_miss
MdlEswBfZMQ_2,2-5s,control,REMOVE_RANDOM,7,0,0,both_miss
MdlEswBfZMQ_2,2-5s,control,REMOVE_RANDOM,8,0,0,both_miss
MdlEswBfZMQ_2,2-5s,control,REMOVE_RANDOM,9,0,0,both_miss
MdlEswBfZMQ_2,2-5s,control,REMOVE_HARD,0,0,0,both_miss
MkbP_8zJwXU_2,2-5s,harmful,REMOVE_RANDOM,0,0,0,both_miss
MkbP_8zJwXU_2,2-5s,harmful,REMOVE_RANDOM,1,0,0,both_miss
MkbP_8zJwXU_2,2-5s,harmful,REMOVE_RANDOM,2,0,0,both_miss
MkbP_8zJwXU_2,2-5s,harmful,REMOVE_RANDOM,3,0,0,both_miss
MkbP_8zJwXU_2,2-5s,harmful,REMOVE_RANDOM,4,0,0,both_miss
MkbP_8zJwXU_2,2-5s,harmful,REMOVE_RANDOM,5,0,0,both_miss
MkbP_8zJwXU_2,2-5s,harmful,REMOVE_RANDOM,6,0,0,both_miss
MkbP_8zJwXU_2,2-5s,harmful,REMOVE_RANDOM,7,0,0,both_miss
MkbP_8zJwXU_2,2-5s,harmful,REMOVE_RANDOM,8,0,0,both_miss
MkbP_8zJwXU_2,2-5s,harmful,REMOVE_RANDOM,9,0,0,both_miss
MkbP_8zJwXU_2,2-5s,harmful,REMOVE_HARD,0,0,1,miss_to_hit
MvHpNzDpC6Q_1,2-5s,control,REMOVE_RANDOM,0,1,1,both_hit
MvHpNzDpC6Q_1,2-5s,control,REMOVE_RANDOM,1,1,1,both_hit
MvHpNzDpC6Q_1,2-5s,control,REMOVE_RANDOM,2,1,1,both_hit
MvHpNzDpC6Q_1,2-5s,control,REMOVE_RANDOM,3,1,1,both_hit
MvHpNzDpC6Q_1,2-5s,control,REMOVE_RANDOM,4,1,1,both_hit
MvHpNzDpC6Q_1,2-5s,control,REMOVE_RANDOM,5,1,1,both_hit
MvHpNzDpC6Q_1,2-5s,control,REMOVE_RANDOM,6,1,1,both_hit
MvHpNzDpC6Q_1,2-5s,control,REMOVE_RANDOM,7,1,1,both_hit
MvHpNzDpC6Q_1,2-5s,control,REMOVE_RANDOM,8,1,1,both_hit
MvHpNzDpC6Q_1,2-5s,control,REMOVE_RANDOM,9,1,1,both_hit
MvHpNzDpC6Q_1,2-5s,control,REMOVE_HARD,0,1,1,both_hit
N_s9F4CI_98_2,2-5s,control,REMOVE_RANDOM,0,1,1,both_hit
N_s9F4CI_98_2,2-5s,control,REMOVE_RANDOM,1,1,1,both_hit
N_s9F4CI_98_2,2-5s,control,REMOVE_RANDOM,2,1,1,both_hit
N_s9F4CI_98_2,2-5s,control,REMOVE_RANDOM,3,1,1,both_hit
N_s9F4CI_98_2,2-5s,control,REMOVE_RANDOM,4,1,1,both_hit
N_s9F4CI_98_2,2-5s,control,REMOVE_RANDOM,5,1,1,both_hit
N_s9F4CI_98_2,2-5s,control,REMOVE_RANDOM,6,1,1,both_hit
N_s9F4CI_98_2,2-5s,control,REMOVE_RANDOM,7,1,1,both_hit
N_s9F4CI_98_2,2-5s,control,REMOVE_RANDOM,8,1,1,both_hit
N_s9F4CI_98_2,2-5s,control,REMOVE_RANDOM,9,1,1,both_hit
N_s9F4CI_98_2,2-5s,control,REMOVE_HARD,0,1,1,both_hit
NeWW30WZjPc_1,0-2s,control,REMOVE_RANDOM,0,0,0,both_miss
NeWW30WZjPc_1,0-2s,control,REMOVE_RANDOM,1,0,0,both_miss
NeWW30WZjPc_1,0-2s,control,REMOVE_RANDOM,2,0,0,both_miss
NeWW30WZjPc_1,0-2s,control,REMOVE_RANDOM,3,0,0,both_miss
NeWW30WZjPc_1,0-2s,control,REMOVE_RANDOM,4,0,0,both_miss
NeWW30WZjPc_1,0-2s,control,REMOVE_RANDOM,5,0,0,both_miss
NeWW30WZjPc_1,0-2s,control,REMOVE_RANDOM,6,0,0,both_miss
NeWW30WZjPc_1,0-2s,control,REMOVE_RANDOM,7,0,0,both_miss
NeWW30WZjPc_1,0-2s,control,REMOVE_RANDOM,8,0,0,both_miss
NeWW30WZjPc_1,0-2s,control,REMOVE_RANDOM,9,0,0,both_miss
NeWW30WZjPc_1,0-2s,control,REMOVE_HARD,0,0,0,both_miss
Ni3dIj90Oa4_2,2-5s,harmful,REMOVE_RANDOM,0,0,0,both_miss
Ni3dIj90Oa4_2,2-5s,harmful,REMOVE_RANDOM,1,0,0,both_miss
Ni3dIj90Oa4_2,2-5s,harmful,REMOVE_RANDOM,2,0,0,both_miss
Ni3dIj90Oa4_2,2-5s,harmful,REMOVE_RANDOM,3,0,0,both_miss
Ni3dIj90Oa4_2,2-5s,harmful,REMOVE_RANDOM,4,0,0,both_miss
Ni3dIj90Oa4_2,2-5s,harmful,REMOVE_RANDOM,5,0,0,both_miss
Ni3dIj90Oa4_2,2-5s,harmful,REMOVE_RANDOM,6,0,0,both_miss
Ni3dIj90Oa4_2,2-5s,harmful,REMOVE_RANDOM,7,0,0,both_miss
Ni3dIj90Oa4_2,2-5s,harmful,REMOVE_RANDOM,8,0,0,both_miss
Ni3dIj90Oa4_2,2-5s,harmful,REMOVE_RANDOM,9,0,0,both_miss
Ni3dIj90Oa4_2,2-5s,harmful,REMOVE_HARD,0,0,1,miss_to_hit
NlKlRKz8OKI_1,2-5s,control,REMOVE_RANDOM,0,1,1,both_hit
NlKlRKz8OKI_1,2-5s,control,REMOVE_RANDOM,1,1,1,both_hit
NlKlRKz8OKI_1,2-5s,control,REMOVE_RANDOM,2,1,1,both_hit
NlKlRKz8OKI_1,2-5s,control,REMOVE_RANDOM,3,1,1,both_hit
NlKlRKz8OKI_1,2-5s,control,REMOVE_RANDOM,4,1,1,both_hit
NlKlRKz8OKI_1,2-5s,control,REMOVE_RANDOM,5,1,1,both_hit
NlKlRKz8OKI_1,2-5s,control,REMOVE_RANDOM,6,1,1,both_hit
NlKlRKz8OKI_1,2-5s,control,REMOVE_RANDOM,7,1,1,both_hit
NlKlRKz8OKI_1,2-5s,control,REMOVE_RANDOM,8,1,1,both_hit
NlKlRKz8OKI_1,2-5s,control,REMOVE_RANDOM,9,1,1,both_hit
NlKlRKz8OKI_1,2-5s,control,REMOVE_HARD,0,1,1,both_hit
NlKlRKz8OKI_2,2-5s,harmful,REMOVE_RANDOM,0,1,1,both_hit
NlKlRKz8OKI_2,2-5s,harmful,REMOVE_RANDOM,1,1,1,both_hit
NlKlRKz8OKI_2,2-5s,harmful,REMOVE_RANDOM,2,1,1,both_hit
NlKlRKz8OKI_2,2-5s,harmful,REMOVE_RANDOM,3,1,1,both_hit
NlKlRKz8OKI_2,2-5s,harmful,REMOVE_RANDOM,4,1,1,both_hit
NlKlRKz8OKI_2,2-5s,harmful,REMOVE_RANDOM,5,1,1,both_hit
NlKlRKz8OKI_2,2-5s,harmful,REMOVE_RANDOM,6,1,1,both_hit
NlKlRKz8OKI_2,2-5s,harmful,REMOVE_RANDOM,7,1,1,both_hit
NlKlRKz8OKI_2,2-5s,harmful,REMOVE_RANDOM,8,1,1,both_hit
NlKlRKz8OKI_2,2-5s,harmful,REMOVE_RANDOM,9,1,1,both_hit
NlKlRKz8OKI_2,2-5s,harmful,REMOVE_HARD,0,1,1,both_hit
OMGHnJV0l2U_1,2-5s,control,REMOVE_RANDOM,0,0,0,both_miss
OMGHnJV0l2U_1,2-5s,control,REMOVE_RANDOM,1,0,0,both_miss
OMGHnJV0l2U_1,2-5s,control,REMOVE_RANDOM,2,0,0,both_miss
OMGHnJV0l2U_1,2-5s,control,REMOVE_RANDOM,3,0,0,both_miss
OMGHnJV0l2U_1,2-5s,control,REMOVE_RANDOM,4,0,0,both_miss
OMGHnJV0l2U_1,2-5s,control,REMOVE_RANDOM,5,0,0,both_miss
OMGHnJV0l2U_1,2-5s,control,REMOVE_RANDOM,6,0,0,both_miss
OMGHnJV0l2U_1,2-5s,control,REMOVE_RANDOM,7,0,0,both_miss
OMGHnJV0l2U_1,2-5s,control,REMOVE_RANDOM,8,0,0,both_miss
OMGHnJV0l2U_1,2-5s,control,REMOVE_RANDOM,9,0,0,both_miss
OMGHnJV0l2U_1,2-5s,control,REMOVE_HARD,0,0,0,both_miss
OUUckswAaNI_4,0-2s,control,REMOVE_RANDOM,0,1,0,hit_to_miss
OUUckswAaNI_4,0-2s,control,REMOVE_RANDOM,1,1,1,both_hit
OUUckswAaNI_4,0-2s,control,REMOVE_RANDOM,2,1,0,hit_to_miss
OUUckswAaNI_4,0-2s,control,REMOVE_RANDOM,3,1,0,hit_to_miss
OUUckswAaNI_4,0-2s,control,REMOVE_RANDOM,4,1,1,both_hit
OUUckswAaNI_4,0-2s,control,REMOVE_RANDOM,5,1,1,both_hit
OUUckswAaNI_4,0-2s,control,REMOVE_RANDOM,6,1,1,both_hit
OUUckswAaNI_4,0-2s,control,REMOVE_RANDOM,7,1,1,both_hit
OUUckswAaNI_4,0-2s,control,REMOVE_RANDOM,8,1,1,both_hit
OUUckswAaNI_4,0-2s,control,REMOVE_RANDOM,9,1,1,both_hit
OUUckswAaNI_4,0-2s,control,REMOVE_HARD,0,1,0,hit_to_miss
ObWjGBJF_94_1,2-5s,harmful,REMOVE_RANDOM,0,0,0,both_miss
ObWjGBJF_94_1,2-5s,harmful,REMOVE_RANDOM,1,0,0,both_miss
ObWjGBJF_94_1,2-5s,harmful,REMOVE_RANDOM,2,0,0,both_miss
ObWjGBJF_94_1,2-5s,harmful,REMOVE_RANDOM,3,0,0,both_miss
ObWjGBJF_94_1,2-5s,harmful,REMOVE_RANDOM,4,0,0,both_miss
ObWjGBJF_94_1,2-5s,harmful,REMOVE_RANDOM,5,0,0,both_miss
ObWjGBJF_94_1,2-5s,harmful,REMOVE_RANDOM,6,0,0,both_miss
ObWjGBJF_94_1,2-5s,harmful,REMOVE_RANDOM,7,0,0,both_miss
ObWjGBJF_94_1,2-5s,harmful,REMOVE_RANDOM,8,0,0,both_miss
ObWjGBJF_94_1,2-5s,harmful,REMOVE_RANDOM,9,0,0,both_miss
ObWjGBJF_94_1,2-5s,harmful,REMOVE_HARD,0,0,0,both_miss
OpiWMltpj44_1,2-5s,harmful,REMOVE_RANDOM,0,1,1,both_hit
OpiWMltpj44_1,2-5s,harmful,REMOVE_RANDOM,1,1,1,both_hit
OpiWMltpj44_1,2-5s,harmful,REMOVE_RANDOM,2,1,1,both_hit
OpiWMltpj44_1,2-5s,harmful,REMOVE_RANDOM,3,1,1,both_hit
OpiWMltpj44_1,2-5s,harmful,REMOVE_RANDOM,4,1,1,both_hit
OpiWMltpj44_1,2-5s,harmful,REMOVE_RANDOM,5,1,1,both_hit
OpiWMltpj44_1,2-5s,harmful,REMOVE_RANDOM,6,1,1,both_hit
OpiWMltpj44_1,2-5s,harmful,REMOVE_RANDOM,7,1,1,both_hit
OpiWMltpj44_1,2-5s,harmful,REMOVE_RANDOM,8,1,1,both_hit
OpiWMltpj44_1,2-5s,harmful,REMOVE_RANDOM,9,1,1,both_hit
OpiWMltpj44_1,2-5s,harmful,REMOVE_HARD,0,1,1,both_hit
OpiWMltpj44_3,0-2s,control,REMOVE_RANDOM,0,1,1,both_hit
OpiWMltpj44_3,0-2s,control,REMOVE_RANDOM,1,1,1,both_hit
OpiWMltpj44_3,0-2s,control,REMOVE_RANDOM,2,1,1,both_hit
OpiWMltpj44_3,0-2s,control,REMOVE_RANDOM,3,1,1,both_hit
OpiWMltpj44_3,0-2s,control,REMOVE_RANDOM,4,1,1,both_hit
OpiWMltpj44_3,0-2s,control,REMOVE_RANDOM,5,1,1,both_hit
OpiWMltpj44_3,0-2s,control,REMOVE_RANDOM,6,1,1,both_hit
OpiWMltpj44_3,0-2s,control,REMOVE_RANDOM,7,1,1,both_hit
OpiWMltpj44_3,0-2s,control,REMOVE_RANDOM,8,1,1,both_hit
OpiWMltpj44_3,0-2s,control,REMOVE_RANDOM,9,1,1,both_hit
OpiWMltpj44_3,0-2s,control,REMOVE_HARD,0,1,1,both_hit
OpiWMltpj44_4,2-5s,control,REMOVE_RANDOM,0,1,1,both_hit
OpiWMltpj44_4,2-5s,control,REMOVE_RANDOM,1,1,1,both_hit
OpiWMltpj44_4,2-5s,control,REMOVE_RANDOM,2,1,1,both_hit
OpiWMltpj44_4,2-5s,control,REMOVE_RANDOM,3,1,1,both_hit
OpiWMltpj44_4,2-5s,control,REMOVE_RANDOM,4,1,1,both_hit
OpiWMltpj44_4,2-5s,control,REMOVE_RANDOM,5,1,1,both_hit
OpiWMltpj44_4,2-5s,control,REMOVE_RANDOM,6,1,1,both_hit
OpiWMltpj44_4,2-5s,control,REMOVE_RANDOM,7,1,1,both_hit
OpiWMltpj44_4,2-5s,control,REMOVE_RANDOM,8,1,1,both_hit
OpiWMltpj44_4,2-5s,control,REMOVE_RANDOM,9,1,1,both_hit
OpiWMltpj44_4,2-5s,control,REMOVE_HARD,0,1,1,both_hit
Ot0bN_hz2ec_3,2-5s,control,REMOVE_RANDOM,0,0,0,both_miss
Ot0bN_hz2ec_3,2-5s,control,REMOVE_RANDOM,1,0,0,both_miss
Ot0bN_hz2ec_3,2-5s,control,REMOVE_RANDOM,2,0,0,both_miss
Ot0bN_hz2ec_3,2-5s,control,REMOVE_RANDOM,3,0,0,both_miss
Ot0bN_hz2ec_3,2-5s,control,REMOVE_RANDOM,4,0,0,both_miss
Ot0bN_hz2ec_3,2-5s,control,REMOVE_RANDOM,5,0,0,both_miss
Ot0bN_hz2ec_3,2-5s,control,REMOVE_RANDOM,6,0,0,both_miss
Ot0bN_hz2ec_3,2-5s,control,REMOVE_RANDOM,7,0,0,both_miss
Ot0bN_hz2ec_3,2-5s,control,REMOVE_RANDOM,8,0,0,both_miss
Ot0bN_hz2ec_3,2-5s,control,REMOVE_RANDOM,9,0,0,both_miss
Ot0bN_hz2ec_3,2-5s,control,REMOVE_HARD,0,0,0,both_miss
PO8Nu3F8mkA_1,2-5s,control,REMOVE_RANDOM,0,1,1,both_hit
PO8Nu3F8mkA_1,2-5s,control,REMOVE_RANDOM,1,1,1,both_hit
PO8Nu3F8mkA_1,2-5s,control,REMOVE_RANDOM,2,1,1,both_hit
PO8Nu3F8mkA_1,2-5s,control,REMOVE_RANDOM,3,1,1,both_hit
PO8Nu3F8mkA_1,2-5s,control,REMOVE_RANDOM,4,1,1,both_hit
PO8Nu3F8mkA_1,2-5s,control,REMOVE_RANDOM,5,1,1,both_hit
PO8Nu3F8mkA_1,2-5s,control,REMOVE_RANDOM,6,1,1,both_hit
PO8Nu3F8mkA_1,2-5s,control,REMOVE_RANDOM,7,1,1,both_hit
PO8Nu3F8mkA_1,2-5s,control,REMOVE_RANDOM,8,1,1,both_hit
PO8Nu3F8mkA_1,2-5s,control,REMOVE_RANDOM,9,1,1,both_hit
PO8Nu3F8mkA_1,2-5s,control,REMOVE_HARD,0,1,1,both_hit
PTyFYxXdut4_2,2-5s,control,REMOVE_RANDOM,0,0,0,both_miss
PTyFYxXdut4_2,2-5s,control,REMOVE_RANDOM,1,0,0,both_miss
PTyFYxXdut4_2,2-5s,control,REMOVE_RANDOM,2,0,0,both_miss
PTyFYxXdut4_2,2-5s,control,REMOVE_RANDOM,3,0,0,both_miss
PTyFYxXdut4_2,2-5s,control,REMOVE_RANDOM,4,0,0,both_miss
PTyFYxXdut4_2,2-5s,control,REMOVE_RANDOM,5,0,0,both_miss
PTyFYxXdut4_2,2-5s,control,REMOVE_RANDOM,6,0,0,both_miss
PTyFYxXdut4_2,2-5s,control,REMOVE_RANDOM,7,0,0,both_miss
PTyFYxXdut4_2,2-5s,control,REMOVE_RANDOM,8,0,0,both_miss
PTyFYxXdut4_2,2-5s,control,REMOVE_RANDOM,9,0,0,both_miss
PTyFYxXdut4_2,2-5s,control,REMOVE_HARD,0,0,0,both_miss
PYP-r0nvbFk_2,0-2s,harmful,REMOVE_RANDOM,0,0,0,both_miss
PYP-r0nvbFk_2,0-2s,harmful,REMOVE_RANDOM,1,0,0,both_miss
PYP-r0nvbFk_2,0-2s,harmful,REMOVE_RANDOM,2,0,0,both_miss
PYP-r0nvbFk_2,0-2s,harmful,REMOVE_RANDOM,3,0,0,both_miss
PYP-r0nvbFk_2,0-2s,harmful,REMOVE_RANDOM,4,0,0,both_miss
PYP-r0nvbFk_2,0-2s,harmful,REMOVE_RANDOM,5,0,0,both_miss
PYP-r0nvbFk_2,0-2s,harmful,REMOVE_RANDOM,6,0,0,both_miss
PYP-r0nvbFk_2,0-2s,harmful,REMOVE_RANDOM,7,0,0,both_miss
PYP-r0nvbFk_2,0-2s,harmful,REMOVE_RANDOM,8,0,0,both_miss
PYP-r0nvbFk_2,0-2s,harmful,REMOVE_RANDOM,9,0,0,both_miss
PYP-r0nvbFk_2,0-2s,harmful,REMOVE_HARD,0,0,0,both_miss
PYP-r0nvbFk_3,0-2s,harmful,REMOVE_RANDOM,0,1,1,both_hit
PYP-r0nvbFk_3,0-2s,harmful,REMOVE_RANDOM,1,1,1,both_hit
PYP-r0nvbFk_3,0-2s,harmful,REMOVE_RANDOM,2,1,1,both_hit
PYP-r0nvbFk_3,0-2s,harmful,REMOVE_RANDOM,3,1,1,both_hit
PYP-r0nvbFk_3,0-2s,harmful,REMOVE_RANDOM,4,1,1,both_hit
PYP-r0nvbFk_3,0-2s,harmful,REMOVE_RANDOM,5,1,1,both_hit
PYP-r0nvbFk_3,0-2s,harmful,REMOVE_RANDOM,6,1,1,both_hit
PYP-r0nvbFk_3,0-2s,harmful,REMOVE_RANDOM,7,1,1,both_hit
PYP-r0nvbFk_3,0-2s,harmful,REMOVE_RANDOM,8,1,1,both_hit
PYP-r0nvbFk_3,0-2s,harmful,REMOVE_RANDOM,9,1,1,both_hit
PYP-r0nvbFk_3,0-2s,harmful,REMOVE_HARD,0,1,1,both_hit
Pb6MqpdX5Jw_4,2-5s,control,REMOVE_RANDOM,0,1,1,both_hit
Pb6MqpdX5Jw_4,2-5s,control,REMOVE_RANDOM,1,1,1,both_hit
Pb6MqpdX5Jw_4,2-5s,control,REMOVE_RANDOM,2,1,1,both_hit
Pb6MqpdX5Jw_4,2-5s,control,REMOVE_RANDOM,3,1,1,both_hit
Pb6MqpdX5Jw_4,2-5s,control,REMOVE_RANDOM,4,1,1,both_hit
Pb6MqpdX5Jw_4,2-5s,control,REMOVE_RANDOM,5,1,1,both_hit
Pb6MqpdX5Jw_4,2-5s,control,REMOVE_RANDOM,6,1,1,both_hit
Pb6MqpdX5Jw_4,2-5s,control,REMOVE_RANDOM,7,1,1,both_hit
Pb6MqpdX5Jw_4,2-5s,control,REMOVE_RANDOM,8,1,1,both_hit
Pb6MqpdX5Jw_4,2-5s,control,REMOVE_RANDOM,9,1,1,both_hit
Pb6MqpdX5Jw_4,2-5s,control,REMOVE_HARD,0,1,1,both_hit
Pb6MqpdX5Jw_5,2-5s,control,REMOVE_RANDOM,0,1,1,both_hit
Pb6MqpdX5Jw_5,2-5s,control,REMOVE_RANDOM,1,1,1,both_hit
Pb6MqpdX5Jw_5,2-5s,control,REMOVE_RANDOM,2,1,1,both_hit
Pb6MqpdX5Jw_5,2-5s,control,REMOVE_RANDOM,3,1,1,both_hit
Pb6MqpdX5Jw_5,2-5s,control,REMOVE_RANDOM,4,1,1,both_hit
Pb6MqpdX5Jw_5,2-5s,control,REMOVE_RANDOM,5,1,1,both_hit
Pb6MqpdX5Jw_5,2-5s,control,REMOVE_RANDOM,6,1,1,both_hit
Pb6MqpdX5Jw_5,2-5s,control,REMOVE_RANDOM,7,1,1,both_hit
Pb6MqpdX5Jw_5,2-5s,control,REMOVE_RANDOM,8,1,1,both_hit
Pb6MqpdX5Jw_5,2-5s,control,REMOVE_RANDOM,9,1,1,both_hit
Pb6MqpdX5Jw_5,2-5s,control,REMOVE_HARD,0,1,1,both_hit
QHfyKaOHSz4_2,2-5s,harmful,REMOVE_RANDOM,0,0,0,both_miss
QHfyKaOHSz4_2,2-5s,harmful,REMOVE_RANDOM,1,0,0,both_miss
QHfyKaOHSz4_2,2-5s,harmful,REMOVE_RANDOM,2,0,0,both_miss
QHfyKaOHSz4_2,2-5s,harmful,REMOVE_RANDOM,3,0,0,both_miss
QHfyKaOHSz4_2,2-5s,harmful,REMOVE_RANDOM,4,0,0,both_miss
QHfyKaOHSz4_2,2-5s,harmful,REMOVE_RANDOM,5,0,0,both_miss
QHfyKaOHSz4_2,2-5s,harmful,REMOVE_RANDOM,6,0,0,both_miss
QHfyKaOHSz4_2,2-5s,harmful,REMOVE_RANDOM,7,0,0,both_miss
QHfyKaOHSz4_2,2-5s,harmful,REMOVE_RANDOM,8,0,0,both_miss
QHfyKaOHSz4_2,2-5s,harmful,REMOVE_RANDOM,9,0,0,both_miss
QHfyKaOHSz4_2,2-5s,harmful,REMOVE_HARD,0,0,0,both_miss
QKHpSAAjakY_1,0-2s,control,REMOVE_RANDOM,0,1,1,both_hit
QKHpSAAjakY_1,0-2s,control,REMOVE_RANDOM,1,1,1,both_hit
QKHpSAAjakY_1,0-2s,control,REMOVE_RANDOM,2,1,1,both_hit
QKHpSAAjakY_1,0-2s,control,REMOVE_RANDOM,3,1,1,both_hit
QKHpSAAjakY_1,0-2s,control,REMOVE_RANDOM,4,1,1,both_hit
QKHpSAAjakY_1,0-2s,control,REMOVE_RANDOM,5,1,1,both_hit
QKHpSAAjakY_1,0-2s,control,REMOVE_RANDOM,6,1,1,both_hit
QKHpSAAjakY_1,0-2s,control,REMOVE_RANDOM,7,1,1,both_hit
QKHpSAAjakY_1,0-2s,control,REMOVE_RANDOM,8,1,1,both_hit
QKHpSAAjakY_1,0-2s,control,REMOVE_RANDOM,9,1,1,both_hit
QKHpSAAjakY_1,0-2s,control,REMOVE_HARD,0,1,1,both_hit
QKHpSAAjakY_3,2-5s,harmful,REMOVE_RANDOM,0,1,1,both_hit
QKHpSAAjakY_3,2-5s,harmful,REMOVE_RANDOM,1,1,1,both_hit
QKHpSAAjakY_3,2-5s,harmful,REMOVE_RANDOM,2,1,1,both_hit
QKHpSAAjakY_3,2-5s,harmful,REMOVE_RANDOM,3,1,1,both_hit
QKHpSAAjakY_3,2-5s,harmful,REMOVE_RANDOM,4,1,1,both_hit
QKHpSAAjakY_3,2-5s,harmful,REMOVE_RANDOM,5,1,1,both_hit
QKHpSAAjakY_3,2-5s,harmful,REMOVE_RANDOM,6,1,1,both_hit
QKHpSAAjakY_3,2-5s,harmful,REMOVE_RANDOM,7,1,1,both_hit
QKHpSAAjakY_3,2-5s,harmful,REMOVE_RANDOM,8,1,1,both_hit
QKHpSAAjakY_3,2-5s,harmful,REMOVE_RANDOM,9,1,1,both_hit
QKHpSAAjakY_3,2-5s,harmful,REMOVE_HARD,0,1,0,hit_to_miss
QOmV7O9mFwg_1,2-5s,control,REMOVE_RANDOM,0,1,1,both_hit
QOmV7O9mFwg_1,2-5s,control,REMOVE_RANDOM,1,1,1,both_hit
QOmV7O9mFwg_1,2-5s,control,REMOVE_RANDOM,2,1,1,both_hit
QOmV7O9mFwg_1,2-5s,control,REMOVE_RANDOM,3,1,1,both_hit
QOmV7O9mFwg_1,2-5s,control,REMOVE_RANDOM,4,1,1,both_hit
QOmV7O9mFwg_1,2-5s,control,REMOVE_RANDOM,5,1,1,both_hit
QOmV7O9mFwg_1,2-5s,control,REMOVE_RANDOM,6,1,1,both_hit
QOmV7O9mFwg_1,2-5s,control,REMOVE_RANDOM,7,1,1,both_hit
QOmV7O9mFwg_1,2-5s,control,REMOVE_RANDOM,8,1,1,both_hit
QOmV7O9mFwg_1,2-5s,control,REMOVE_RANDOM,9,1,1,both_hit
QOmV7O9mFwg_1,2-5s,control,REMOVE_HARD,0,1,1,both_hit
QOmV7O9mFwg_2,2-5s,harmful,REMOVE_RANDOM,0,0,0,both_miss
QOmV7O9mFwg_2,2-5s,harmful,REMOVE_RANDOM,1,0,0,both_miss
QOmV7O9mFwg_2,2-5s,harmful,REMOVE_RANDOM,2,0,0,both_miss
QOmV7O9mFwg_2,2-5s,harmful,REMOVE_RANDOM,3,0,0,both_miss
QOmV7O9mFwg_2,2-5s,harmful,REMOVE_RANDOM,4,0,0,both_miss
QOmV7O9mFwg_2,2-5s,harmful,REMOVE_RANDOM,5,0,0,both_miss
QOmV7O9mFwg_2,2-5s,harmful,REMOVE_RANDOM,6,0,0,both_miss
QOmV7O9mFwg_2,2-5s,harmful,REMOVE_RANDOM,7,0,0,both_miss
QOmV7O9mFwg_2,2-5s,harmful,REMOVE_RANDOM,8,0,0,both_miss
QOmV7O9mFwg_2,2-5s,harmful,REMOVE_RANDOM,9,0,0,both_miss
QOmV7O9mFwg_2,2-5s,harmful,REMOVE_HARD,0,0,0,both_miss
QOmV7O9mFwg_3,2-5s,control,REMOVE_RANDOM,0,1,1,both_hit
QOmV7O9mFwg_3,2-5s,control,REMOVE_RANDOM,1,1,1,both_hit
QOmV7O9mFwg_3,2-5s,control,REMOVE_RANDOM,2,1,1,both_hit
QOmV7O9mFwg_3,2-5s,control,REMOVE_RANDOM,3,1,1,both_hit
QOmV7O9mFwg_3,2-5s,control,REMOVE_RANDOM,4,1,1,both_hit
QOmV7O9mFwg_3,2-5s,control,REMOVE_RANDOM,5,1,1,both_hit
QOmV7O9mFwg_3,2-5s,control,REMOVE_RANDOM,6,1,1,both_hit
QOmV7O9mFwg_3,2-5s,control,REMOVE_RANDOM,7,1,1,both_hit
QOmV7O9mFwg_3,2-5s,control,REMOVE_RANDOM,8,1,1,both_hit
QOmV7O9mFwg_3,2-5s,control,REMOVE_RANDOM,9,1,1,both_hit
QOmV7O9mFwg_3,2-5s,control,REMOVE_HARD,0,1,1,both_hit
QRtuOWWya30_1,2-5s,harmful,REMOVE_RANDOM,0,1,1,both_hit
QRtuOWWya30_1,2-5s,harmful,REMOVE_RANDOM,1,1,1,both_hit
QRtuOWWya30_1,2-5s,harmful,REMOVE_RANDOM,2,1,1,both_hit
QRtuOWWya30_1,2-5s,harmful,REMOVE_RANDOM,3,1,1,both_hit
QRtuOWWya30_1,2-5s,harmful,REMOVE_RANDOM,4,1,1,both_hit
QRtuOWWya30_1,2-5s,harmful,REMOVE_RANDOM,5,1,1,both_hit
QRtuOWWya30_1,2-5s,harmful,REMOVE_RANDOM,6,1,1,both_hit
QRtuOWWya30_1,2-5s,harmful,REMOVE_RANDOM,7,1,1,both_hit
QRtuOWWya30_1,2-5s,harmful,REMOVE_RANDOM,8,1,1,both_hit
QRtuOWWya30_1,2-5s,harmful,REMOVE_RANDOM,9,1,1,both_hit
QRtuOWWya30_1,2-5s,harmful,REMOVE_HARD,0,1,1,both_hit
QvATUKXYFBs_2,2-5s,harmful,REMOVE_RANDOM,0,0,1,miss_to_hit
QvATUKXYFBs_2,2-5s,harmful,REMOVE_RANDOM,1,0,1,miss_to_hit
QvATUKXYFBs_2,2-5s,harmful,REMOVE_RANDOM,2,0,0,both_miss
QvATUKXYFBs_2,2-5s,harmful,REMOVE_RANDOM,3,0,1,miss_to_hit
QvATUKXYFBs_2,2-5s,harmful,REMOVE_RANDOM,4,0,0,both_miss
QvATUKXYFBs_2,2-5s,harmful,REMOVE_RANDOM,5,0,1,miss_to_hit
QvATUKXYFBs_2,2-5s,harmful,REMOVE_RANDOM,6,0,1,miss_to_hit
QvATUKXYFBs_2,2-5s,harmful,REMOVE_RANDOM,7,0,0,both_miss
QvATUKXYFBs_2,2-5s,harmful,REMOVE_RANDOM,8,0,1,miss_to_hit
QvATUKXYFBs_2,2-5s,harmful,REMOVE_RANDOM,9,0,1,miss_to_hit
QvATUKXYFBs_2,2-5s,harmful,REMOVE_HARD,0,0,0,both_miss
QvATUKXYFBs_4,2-5s,control,REMOVE_RANDOM,0,1,1,both_hit
QvATUKXYFBs_4,2-5s,control,REMOVE_RANDOM,1,1,1,both_hit
QvATUKXYFBs_4,2-5s,control,REMOVE_RANDOM,2,1,1,both_hit
QvATUKXYFBs_4,2-5s,control,REMOVE_RANDOM,3,1,1,both_hit
QvATUKXYFBs_4,2-5s,control,REMOVE_RANDOM,4,1,1,both_hit
QvATUKXYFBs_4,2-5s,control,REMOVE_RANDOM,5,1,1,both_hit
QvATUKXYFBs_4,2-5s,control,REMOVE_RANDOM,6,1,1,both_hit
QvATUKXYFBs_4,2-5s,control,REMOVE_RANDOM,7,1,1,both_hit
QvATUKXYFBs_4,2-5s,control,REMOVE_RANDOM,8,1,1,both_hit
QvATUKXYFBs_4,2-5s,control,REMOVE_RANDOM,9,1,1,both_hit
QvATUKXYFBs_4,2-5s,control,REMOVE_HARD,0,1,1,both_hit
R4fXcbWFhJg_1,2-5s,control,REMOVE_RANDOM,0,1,1,both_hit
R4fXcbWFhJg_1,2-5s,control,REMOVE_RANDOM,1,1,1,both_hit
R4fXcbWFhJg_1,2-5s,control,REMOVE_RANDOM,2,1,1,both_hit
R4fXcbWFhJg_1,2-5s,control,REMOVE_RANDOM,3,1,1,both_hit
R4fXcbWFhJg_1,2-5s,control,REMOVE_RANDOM,4,1,1,both_hit
R4fXcbWFhJg_1,2-5s,control,REMOVE_RANDOM,5,1,1,both_hit
R4fXcbWFhJg_1,2-5s,control,REMOVE_RANDOM,6,1,1,both_hit
R4fXcbWFhJg_1,2-5s,control,REMOVE_RANDOM,7,1,1,both_hit
R4fXcbWFhJg_1,2-5s,control,REMOVE_RANDOM,8,1,1,both_hit
R4fXcbWFhJg_1,2-5s,control,REMOVE_RANDOM,9,1,1,both_hit
R4fXcbWFhJg_1,2-5s,control,REMOVE_HARD,0,1,1,both_hit
R4fXcbWFhJg_2,2-5s,harmful,REMOVE_RANDOM,0,1,1,both_hit
R4fXcbWFhJg_2,2-5s,harmful,REMOVE_RANDOM,1,1,1,both_hit
R4fXcbWFhJg_2,2-5s,harmful,REMOVE_RANDOM,2,1,1,both_hit
R4fXcbWFhJg_2,2-5s,harmful,REMOVE_RANDOM,3,1,1,both_hit
R4fXcbWFhJg_2,2-5s,harmful,REMOVE_RANDOM,4,1,1,both_hit
R4fXcbWFhJg_2,2-5s,harmful,REMOVE_RANDOM,5,1,1,both_hit
R4fXcbWFhJg_2,2-5s,harmful,REMOVE_RANDOM,6,1,1,both_hit
R4fXcbWFhJg_2,2-5s,harmful,REMOVE_RANDOM,7,1,1,both_hit
R4fXcbWFhJg_2,2-5s,harmful,REMOVE_RANDOM,8,1,1,both_hit
R4fXcbWFhJg_2,2-5s,harmful,REMOVE_RANDOM,9,1,1,both_hit
R4fXcbWFhJg_2,2-5s,harmful,REMOVE_HARD,0,1,1,both_hit
RNBoH2LHQEM_2,2-5s,control,REMOVE_RANDOM,0,1,1,both_hit
RNBoH2LHQEM_2,2-5s,control,REMOVE_RANDOM,1,1,1,both_hit
RNBoH2LHQEM_2,2-5s,control,REMOVE_RANDOM,2,1,1,both_hit
RNBoH2LHQEM_2,2-5s,control,REMOVE_RANDOM,3,1,1,both_hit
RNBoH2LHQEM_2,2-5s,control,REMOVE_RANDOM,4,1,1,both_hit
RNBoH2LHQEM_2,2-5s,control,REMOVE_RANDOM,5,1,1,both_hit
RNBoH2LHQEM_2,2-5s,control,REMOVE_RANDOM,6,1,1,both_hit
RNBoH2LHQEM_2,2-5s,control,REMOVE_RANDOM,7,1,1,both_hit
RNBoH2LHQEM_2,2-5s,control,REMOVE_RANDOM,8,1,1,both_hit
RNBoH2LHQEM_2,2-5s,control,REMOVE_RANDOM,9,1,1,both_hit
RNBoH2LHQEM_2,2-5s,control,REMOVE_HARD,0,1,1,both_hit
RfGapDlAYoQ_1,2-5s,harmful,REMOVE_RANDOM,0,1,1,both_hit
RfGapDlAYoQ_1,2-5s,harmful,REMOVE_RANDOM,1,1,1,both_hit
RfGapDlAYoQ_1,2-5s,harmful,REMOVE_RANDOM,2,1,1,both_hit
RfGapDlAYoQ_1,2-5s,harmful,REMOVE_RANDOM,3,1,1,both_hit
RfGapDlAYoQ_1,2-5s,harmful,REMOVE_RANDOM,4,1,1,both_hit
RfGapDlAYoQ_1,2-5s,harmful,REMOVE_RANDOM,5,1,1,both_hit
RfGapDlAYoQ_1,2-5s,harmful,REMOVE_RANDOM,6,1,1,both_hit
RfGapDlAYoQ_1,2-5s,harmful,REMOVE_RANDOM,7,1,1,both_hit
RfGapDlAYoQ_1,2-5s,harmful,REMOVE_RANDOM,8,1,1,both_hit
RfGapDlAYoQ_1,2-5s,harmful,REMOVE_RANDOM,9,1,1,both_hit
RfGapDlAYoQ_1,2-5s,harmful,REMOVE_HARD,0,1,1,both_hit
RfGapDlAYoQ_2,0-2s,harmful,REMOVE_RANDOM,0,0,0,both_miss
RfGapDlAYoQ_2,0-2s,harmful,REMOVE_RANDOM,1,0,0,both_miss
RfGapDlAYoQ_2,0-2s,harmful,REMOVE_RANDOM,2,0,0,both_miss
RfGapDlAYoQ_2,0-2s,harmful,REMOVE_RANDOM,3,0,0,both_miss
RfGapDlAYoQ_2,0-2s,harmful,REMOVE_RANDOM,4,0,0,both_miss
RfGapDlAYoQ_2,0-2s,harmful,REMOVE_RANDOM,5,0,0,both_miss
RfGapDlAYoQ_2,0-2s,harmful,REMOVE_RANDOM,6,0,0,both_miss
RfGapDlAYoQ_2,0-2s,harmful,REMOVE_RANDOM,7,0,0,both_miss
RfGapDlAYoQ_2,0-2s,harmful,REMOVE_RANDOM,8,0,0,both_miss
RfGapDlAYoQ_2,0-2s,harmful,REMOVE_RANDOM,9,0,0,both_miss
RfGapDlAYoQ_2,0-2s,harmful,REMOVE_HARD,0,0,0,both_miss
RfGapDlAYoQ_3,2-5s,harmful,REMOVE_RANDOM,0,0,0,both_miss
RfGapDlAYoQ_3,2-5s,harmful,REMOVE_RANDOM,1,0,0,both_miss
RfGapDlAYoQ_3,2-5s,harmful,REMOVE_RANDOM,2,0,0,both_miss
RfGapDlAYoQ_3,2-5s,harmful,REMOVE_RANDOM,3,0,0,both_miss
RfGapDlAYoQ_3,2-5s,harmful,REMOVE_RANDOM,4,0,0,both_miss
RfGapDlAYoQ_3,2-5s,harmful,REMOVE_RANDOM,5,0,0,both_miss
RfGapDlAYoQ_3,2-5s,harmful,REMOVE_RANDOM,6,0,0,both_miss
RfGapDlAYoQ_3,2-5s,harmful,REMOVE_RANDOM,7,0,0,both_miss
RfGapDlAYoQ_3,2-5s,harmful,REMOVE_RANDOM,8,0,0,both_miss
RfGapDlAYoQ_3,2-5s,harmful,REMOVE_RANDOM,9,0,0,both_miss
RfGapDlAYoQ_3,2-5s,harmful,REMOVE_HARD,0,0,0,both_miss
Rp4Ct_TQvAM_2,2-5s,harmful,REMOVE_RANDOM,0,0,0,both_miss
Rp4Ct_TQvAM_2,2-5s,harmful,REMOVE_RANDOM,1,0,0,both_miss
Rp4Ct_TQvAM_2,2-5s,harmful,REMOVE_RANDOM,2,0,0,both_miss
Rp4Ct_TQvAM_2,2-5s,harmful,REMOVE_RANDOM,3,0,0,both_miss
Rp4Ct_TQvAM_2,2-5s,harmful,REMOVE_RANDOM,4,0,0,both_miss
Rp4Ct_TQvAM_2,2-5s,harmful,REMOVE_RANDOM,5,0,0,both_miss
Rp4Ct_TQvAM_2,2-5s,harmful,REMOVE_RANDOM,6,0,0,both_miss
Rp4Ct_TQvAM_2,2-5s,harmful,REMOVE_RANDOM,7,0,0,both_miss
Rp4Ct_TQvAM_2,2-5s,harmful,REMOVE_RANDOM,8,0,0,both_miss
Rp4Ct_TQvAM_2,2-5s,harmful,REMOVE_RANDOM,9,0,0,both_miss
Rp4Ct_TQvAM_2,2-5s,harmful,REMOVE_HARD,0,0,1,miss_to_hit
RrmBGjJqlEo_1,2-5s,harmful,REMOVE_RANDOM,0,1,1,both_hit
RrmBGjJqlEo_1,2-5s,harmful,REMOVE_RANDOM,1,1,1,both_hit
RrmBGjJqlEo_1,2-5s,harmful,REMOVE_RANDOM,2,1,1,both_hit
RrmBGjJqlEo_1,2-5s,harmful,REMOVE_RANDOM,3,1,1,both_hit
RrmBGjJqlEo_1,2-5s,harmful,REMOVE_RANDOM,4,1,1,both_hit
RrmBGjJqlEo_1,2-5s,harmful,REMOVE_RANDOM,5,1,1,both_hit
RrmBGjJqlEo_1,2-5s,harmful,REMOVE_RANDOM,6,1,1,both_hit
RrmBGjJqlEo_1,2-5s,harmful,REMOVE_RANDOM,7,1,1,both_hit
RrmBGjJqlEo_1,2-5s,harmful,REMOVE_RANDOM,8,1,1,both_hit
RrmBGjJqlEo_1,2-5s,harmful,REMOVE_RANDOM,9,1,1,both_hit
RrmBGjJqlEo_1,2-5s,harmful,REMOVE_HARD,0,1,1,both_hit
S0SQyFXbqF8_2,2-5s,control,REMOVE_RANDOM,0,1,1,both_hit
S0SQyFXbqF8_2,2-5s,control,REMOVE_RANDOM,1,1,1,both_hit
S0SQyFXbqF8_2,2-5s,control,REMOVE_RANDOM,2,1,1,both_hit
S0SQyFXbqF8_2,2-5s,control,REMOVE_RANDOM,3,1,0,hit_to_miss
S0SQyFXbqF8_2,2-5s,control,REMOVE_RANDOM,4,1,0,hit_to_miss
S0SQyFXbqF8_2,2-5s,control,REMOVE_RANDOM,5,1,0,hit_to_miss
S0SQyFXbqF8_2,2-5s,control,REMOVE_RANDOM,6,1,1,both_hit
S0SQyFXbqF8_2,2-5s,control,REMOVE_RANDOM,7,1,1,both_hit
S0SQyFXbqF8_2,2-5s,control,REMOVE_RANDOM,8,1,1,both_hit
S0SQyFXbqF8_2,2-5s,control,REMOVE_RANDOM,9,1,1,both_hit
S0SQyFXbqF8_2,2-5s,control,REMOVE_HARD,0,1,1,both_hit
SQHYl2Kp5ww_2,2-5s,control,REMOVE_RANDOM,0,0,0,both_miss
SQHYl2Kp5ww_2,2-5s,control,REMOVE_RANDOM,1,0,0,both_miss
SQHYl2Kp5ww_2,2-5s,control,REMOVE_RANDOM,2,0,0,both_miss
SQHYl2Kp5ww_2,2-5s,control,REMOVE_RANDOM,3,0,0,both_miss
SQHYl2Kp5ww_2,2-5s,control,REMOVE_RANDOM,4,0,0,both_miss
SQHYl2Kp5ww_2,2-5s,control,REMOVE_RANDOM,5,0,0,both_miss
SQHYl2Kp5ww_2,2-5s,control,REMOVE_RANDOM,6,0,0,both_miss
SQHYl2Kp5ww_2,2-5s,control,REMOVE_RANDOM,7,0,0,both_miss
SQHYl2Kp5ww_2,2-5s,control,REMOVE_RANDOM,8,0,0,both_miss
SQHYl2Kp5ww_2,2-5s,control,REMOVE_RANDOM,9,0,0,both_miss
SQHYl2Kp5ww_2,2-5s,control,REMOVE_HARD,0,0,0,both_miss
T32kii824pA_2,2-5s,control,REMOVE_RANDOM,0,0,0,both_miss
T32kii824pA_2,2-5s,control,REMOVE_RANDOM,1,0,0,both_miss
T32kii824pA_2,2-5s,control,REMOVE_RANDOM,2,0,0,both_miss
T32kii824pA_2,2-5s,control,REMOVE_RANDOM,3,0,0,both_miss
T32kii824pA_2,2-5s,control,REMOVE_RANDOM,4,0,0,both_miss
T32kii824pA_2,2-5s,control,REMOVE_RANDOM,5,0,0,both_miss
T32kii824pA_2,2-5s,control,REMOVE_RANDOM,6,0,0,both_miss
T32kii824pA_2,2-5s,control,REMOVE_RANDOM,7,0,0,both_miss
T32kii824pA_2,2-5s,control,REMOVE_RANDOM,8,0,0,both_miss
T32kii824pA_2,2-5s,control,REMOVE_RANDOM,9,0,0,both_miss
T32kii824pA_2,2-5s,control,REMOVE_HARD,0,0,0,both_miss
T9_ep-3BZDY_1,0-2s,control,REMOVE_RANDOM,0,0,0,both_miss
T9_ep-3BZDY_1,0-2s,control,REMOVE_RANDOM,1,0,0,both_miss
T9_ep-3BZDY_1,0-2s,control,REMOVE_RANDOM,2,0,0,both_miss
T9_ep-3BZDY_1,0-2s,control,REMOVE_RANDOM,3,0,0,both_miss
T9_ep-3BZDY_1,0-2s,control,REMOVE_RANDOM,4,0,0,both_miss
T9_ep-3BZDY_1,0-2s,control,REMOVE_RANDOM,5,0,0,both_miss
T9_ep-3BZDY_1,0-2s,control,REMOVE_RANDOM,6,0,0,both_miss
T9_ep-3BZDY_1,0-2s,control,REMOVE_RANDOM,7,0,0,both_miss
T9_ep-3BZDY_1,0-2s,control,REMOVE_RANDOM,8,0,0,both_miss
T9_ep-3BZDY_1,0-2s,control,REMOVE_RANDOM,9,0,0,both_miss
T9_ep-3BZDY_1,0-2s,control,REMOVE_HARD,0,0,0,both_miss
T9_ep-3BZDY_2,0-2s,harmful,REMOVE_RANDOM,0,0,0,both_miss
T9_ep-3BZDY_2,0-2s,harmful,REMOVE_RANDOM,1,0,0,both_miss
T9_ep-3BZDY_2,0-2s,harmful,REMOVE_RANDOM,2,0,0,both_miss
T9_ep-3BZDY_2,0-2s,harmful,REMOVE_RANDOM,3,0,0,both_miss
T9_ep-3BZDY_2,0-2s,harmful,REMOVE_RANDOM,4,0,0,both_miss
T9_ep-3BZDY_2,0-2s,harmful,REMOVE_RANDOM,5,0,0,both_miss
T9_ep-3BZDY_2,0-2s,harmful,REMOVE_RANDOM,6,0,0,both_miss
T9_ep-3BZDY_2,0-2s,harmful,REMOVE_RANDOM,7,0,0,both_miss
T9_ep-3BZDY_2,0-2s,harmful,REMOVE_RANDOM,8,0,0,both_miss
T9_ep-3BZDY_2,0-2s,harmful,REMOVE_RANDOM,9,0,0,both_miss
T9_ep-3BZDY_2,0-2s,harmful,REMOVE_HARD,0,0,0,both_miss
Tgxst7Ft9js_1,2-5s,control,REMOVE_RANDOM,0,1,1,both_hit
Tgxst7Ft9js_1,2-5s,control,REMOVE_RANDOM,1,1,1,both_hit
Tgxst7Ft9js_1,2-5s,control,REMOVE_RANDOM,2,1,1,both_hit
Tgxst7Ft9js_1,2-5s,control,REMOVE_RANDOM,3,1,1,both_hit
Tgxst7Ft9js_1,2-5s,control,REMOVE_RANDOM,4,1,1,both_hit
Tgxst7Ft9js_1,2-5s,control,REMOVE_RANDOM,5,1,1,both_hit
Tgxst7Ft9js_1,2-5s,control,REMOVE_RANDOM,6,1,1,both_hit
Tgxst7Ft9js_1,2-5s,control,REMOVE_RANDOM,7,1,1,both_hit
Tgxst7Ft9js_1,2-5s,control,REMOVE_RANDOM,8,1,1,both_hit
Tgxst7Ft9js_1,2-5s,control,REMOVE_RANDOM,9,1,1,both_hit
Tgxst7Ft9js_1,2-5s,control,REMOVE_HARD,0,1,1,both_hit
TtRtURWVYBE_2,2-5s,control,REMOVE_RANDOM,0,1,1,both_hit
TtRtURWVYBE_2,2-5s,control,REMOVE_RANDOM,1,1,1,both_hit
TtRtURWVYBE_2,2-5s,control,REMOVE_RANDOM,2,1,1,both_hit
TtRtURWVYBE_2,2-5s,control,REMOVE_RANDOM,3,1,1,both_hit
TtRtURWVYBE_2,2-5s,control,REMOVE_RANDOM,4,1,1,both_hit
TtRtURWVYBE_2,2-5s,control,REMOVE_RANDOM,5,1,1,both_hit
TtRtURWVYBE_2,2-5s,control,REMOVE_RANDOM,6,1,1,both_hit
TtRtURWVYBE_2,2-5s,control,REMOVE_RANDOM,7,1,1,both_hit
TtRtURWVYBE_2,2-5s,control,REMOVE_RANDOM,8,1,1,both_hit
TtRtURWVYBE_2,2-5s,control,REMOVE_RANDOM,9,1,1,both_hit
TtRtURWVYBE_2,2-5s,control,REMOVE_HARD,0,1,1,both_hit
U3CAjsm1sec_1,2-5s,harmful,REMOVE_RANDOM,0,0,0,both_miss
U3CAjsm1sec_1,2-5s,harmful,REMOVE_RANDOM,1,0,0,both_miss
U3CAjsm1sec_1,2-5s,harmful,REMOVE_RANDOM,2,0,0,both_miss
U3CAjsm1sec_1,2-5s,harmful,REMOVE_RANDOM,3,0,0,both_miss
U3CAjsm1sec_1,2-5s,harmful,REMOVE_RANDOM,4,0,0,both_miss
U3CAjsm1sec_1,2-5s,harmful,REMOVE_RANDOM,5,0,0,both_miss
U3CAjsm1sec_1,2-5s,harmful,REMOVE_RANDOM,6,0,0,both_miss
U3CAjsm1sec_1,2-5s,harmful,REMOVE_RANDOM,7,0,0,both_miss
U3CAjsm1sec_1,2-5s,harmful,REMOVE_RANDOM,8,0,0,both_miss
U3CAjsm1sec_1,2-5s,harmful,REMOVE_RANDOM,9,0,0,both_miss
U3CAjsm1sec_1,2-5s,harmful,REMOVE_HARD,0,0,0,both_miss
U5ij0M7T-hk_1,2-5s,control,REMOVE_RANDOM,0,1,1,both_hit
U5ij0M7T-hk_1,2-5s,control,REMOVE_RANDOM,1,1,1,both_hit
U5ij0M7T-hk_1,2-5s,control,REMOVE_RANDOM,2,1,1,both_hit
U5ij0M7T-hk_1,2-5s,control,REMOVE_RANDOM,3,1,1,both_hit
U5ij0M7T-hk_1,2-5s,control,REMOVE_RANDOM,4,1,1,both_hit
U5ij0M7T-hk_1,2-5s,control,REMOVE_RANDOM,5,1,1,both_hit
U5ij0M7T-hk_1,2-5s,control,REMOVE_RANDOM,6,1,1,both_hit
U5ij0M7T-hk_1,2-5s,control,REMOVE_RANDOM,7,1,1,both_hit
U5ij0M7T-hk_1,2-5s,control,REMOVE_RANDOM,8,1,1,both_hit
U5ij0M7T-hk_1,2-5s,control,REMOVE_RANDOM,9,1,1,both_hit
U5ij0M7T-hk_1,2-5s,control,REMOVE_HARD,0,1,1,both_hit
U90e2P9jy30_1,2-5s,harmful,REMOVE_RANDOM,0,1,1,both_hit
U90e2P9jy30_1,2-5s,harmful,REMOVE_RANDOM,1,1,1,both_hit
U90e2P9jy30_1,2-5s,harmful,REMOVE_RANDOM,2,1,1,both_hit
U90e2P9jy30_1,2-5s,harmful,REMOVE_RANDOM,3,1,1,both_hit
U90e2P9jy30_1,2-5s,harmful,REMOVE_RANDOM,4,1,1,both_hit
U90e2P9jy30_1,2-5s,harmful,REMOVE_RANDOM,5,1,1,both_hit
U90e2P9jy30_1,2-5s,harmful,REMOVE_RANDOM,6,1,1,both_hit
U90e2P9jy30_1,2-5s,harmful,REMOVE_RANDOM,7,1,1,both_hit
U90e2P9jy30_1,2-5s,harmful,REMOVE_RANDOM,8,1,1,both_hit
U90e2P9jy30_1,2-5s,harmful,REMOVE_RANDOM,9,1,1,both_hit
U90e2P9jy30_1,2-5s,harmful,REMOVE_HARD,0,1,1,both_hit
U90e2P9jy30_2,2-5s,control,REMOVE_RANDOM,0,0,0,both_miss
U90e2P9jy30_2,2-5s,control,REMOVE_RANDOM,1,0,0,both_miss
U90e2P9jy30_2,2-5s,control,REMOVE_RANDOM,2,0,0,both_miss
U90e2P9jy30_2,2-5s,control,REMOVE_RANDOM,3,0,0,both_miss
U90e2P9jy30_2,2-5s,control,REMOVE_RANDOM,4,0,0,both_miss
U90e2P9jy30_2,2-5s,control,REMOVE_RANDOM,5,0,0,both_miss
U90e2P9jy30_2,2-5s,control,REMOVE_RANDOM,6,0,0,both_miss
U90e2P9jy30_2,2-5s,control,REMOVE_RANDOM,7,0,0,both_miss
U90e2P9jy30_2,2-5s,control,REMOVE_RANDOM,8,0,0,both_miss
U90e2P9jy30_2,2-5s,control,REMOVE_RANDOM,9,0,0,both_miss
U90e2P9jy30_2,2-5s,control,REMOVE_HARD,0,0,0,both_miss
UAmDLPjNyMg_1,2-5s,control,REMOVE_RANDOM,0,1,1,both_hit
UAmDLPjNyMg_1,2-5s,control,REMOVE_RANDOM,1,1,1,both_hit
UAmDLPjNyMg_1,2-5s,control,REMOVE_RANDOM,2,1,1,both_hit
UAmDLPjNyMg_1,2-5s,control,REMOVE_RANDOM,3,1,1,both_hit
UAmDLPjNyMg_1,2-5s,control,REMOVE_RANDOM,4,1,1,both_hit
UAmDLPjNyMg_1,2-5s,control,REMOVE_RANDOM,5,1,1,both_hit
UAmDLPjNyMg_1,2-5s,control,REMOVE_RANDOM,6,1,1,both_hit
UAmDLPjNyMg_1,2-5s,control,REMOVE_RANDOM,7,1,1,both_hit
UAmDLPjNyMg_1,2-5s,control,REMOVE_RANDOM,8,1,1,both_hit
UAmDLPjNyMg_1,2-5s,control,REMOVE_RANDOM,9,1,1,both_hit
UAmDLPjNyMg_1,2-5s,control,REMOVE_HARD,0,1,1,both_hit
UE3XnVFodMI_1,2-5s,harmful,REMOVE_RANDOM,0,0,0,both_miss
UE3XnVFodMI_1,2-5s,harmful,REMOVE_RANDOM,1,0,0,both_miss
UE3XnVFodMI_1,2-5s,harmful,REMOVE_RANDOM,2,0,0,both_miss
UE3XnVFodMI_1,2-5s,harmful,REMOVE_RANDOM,3,0,0,both_miss
UE3XnVFodMI_1,2-5s,harmful,REMOVE_RANDOM,4,0,0,both_miss
UE3XnVFodMI_1,2-5s,harmful,REMOVE_RANDOM,5,0,0,both_miss
UE3XnVFodMI_1,2-5s,harmful,REMOVE_RANDOM,6,0,0,both_miss
UE3XnVFodMI_1,2-5s,harmful,REMOVE_RANDOM,7,0,0,both_miss
UE3XnVFodMI_1,2-5s,harmful,REMOVE_RANDOM,8,0,0,both_miss
UE3XnVFodMI_1,2-5s,harmful,REMOVE_RANDOM,9,0,0,both_miss
UE3XnVFodMI_1,2-5s,harmful,REMOVE_HARD,0,0,0,both_miss
UQtBt6CQpwg_1,2-5s,control,REMOVE_RANDOM,0,1,1,both_hit
UQtBt6CQpwg_1,2-5s,control,REMOVE_RANDOM,1,1,1,both_hit
UQtBt6CQpwg_1,2-5s,control,REMOVE_RANDOM,2,1,1,both_hit
UQtBt6CQpwg_1,2-5s,control,REMOVE_RANDOM,3,1,1,both_hit
UQtBt6CQpwg_1,2-5s,control,REMOVE_RANDOM,4,1,1,both_hit
UQtBt6CQpwg_1,2-5s,control,REMOVE_RANDOM,5,1,1,both_hit
UQtBt6CQpwg_1,2-5s,control,REMOVE_RANDOM,6,1,1,both_hit
UQtBt6CQpwg_1,2-5s,control,REMOVE_RANDOM,7,1,1,both_hit
UQtBt6CQpwg_1,2-5s,control,REMOVE_RANDOM,8,1,1,both_hit
UQtBt6CQpwg_1,2-5s,control,REMOVE_RANDOM,9,1,1,both_hit
UQtBt6CQpwg_1,2-5s,control,REMOVE_HARD,0,1,1,both_hit
UXGzbBGbqAA_2,2-5s,control,REMOVE_RANDOM,0,1,1,both_hit
UXGzbBGbqAA_2,2-5s,control,REMOVE_RANDOM,1,1,1,both_hit
UXGzbBGbqAA_2,2-5s,control,REMOVE_RANDOM,2,1,1,both_hit
UXGzbBGbqAA_2,2-5s,control,REMOVE_RANDOM,3,1,1,both_hit
UXGzbBGbqAA_2,2-5s,control,REMOVE_RANDOM,4,1,1,both_hit
UXGzbBGbqAA_2,2-5s,control,REMOVE_RANDOM,5,1,1,both_hit
UXGzbBGbqAA_2,2-5s,control,REMOVE_RANDOM,6,1,1,both_hit
UXGzbBGbqAA_2,2-5s,control,REMOVE_RANDOM,7,1,1,both_hit
UXGzbBGbqAA_2,2-5s,control,REMOVE_RANDOM,8,1,1,both_hit
UXGzbBGbqAA_2,2-5s,control,REMOVE_RANDOM,9,1,1,both_hit
UXGzbBGbqAA_2,2-5s,control,REMOVE_HARD,0,1,1,both_hit
V4PLSw_WzVw_1,2-5s,harmful,REMOVE_RANDOM,0,1,1,both_hit
V4PLSw_WzVw_1,2-5s,harmful,REMOVE_RANDOM,1,1,1,both_hit
V4PLSw_WzVw_1,2-5s,harmful,REMOVE_RANDOM,2,1,1,both_hit
V4PLSw_WzVw_1,2-5s,harmful,REMOVE_RANDOM,3,1,1,both_hit
V4PLSw_WzVw_1,2-5s,harmful,REMOVE_RANDOM,4,1,0,hit_to_miss
V4PLSw_WzVw_1,2-5s,harmful,REMOVE_RANDOM,5,1,1,both_hit
V4PLSw_WzVw_1,2-5s,harmful,REMOVE_RANDOM,6,1,1,both_hit
V4PLSw_WzVw_1,2-5s,harmful,REMOVE_RANDOM,7,1,1,both_hit
V4PLSw_WzVw_1,2-5s,harmful,REMOVE_RANDOM,8,1,1,both_hit
V4PLSw_WzVw_1,2-5s,harmful,REMOVE_RANDOM,9,1,1,both_hit
V4PLSw_WzVw_1,2-5s,harmful,REMOVE_HARD,0,1,1,both_hit
V4PLSw_WzVw_2,2-5s,control,REMOVE_RANDOM,0,1,1,both_hit
V4PLSw_WzVw_2,2-5s,control,REMOVE_RANDOM,1,1,1,both_hit
V4PLSw_WzVw_2,2-5s,control,REMOVE_RANDOM,2,1,1,both_hit
V4PLSw_WzVw_2,2-5s,control,REMOVE_RANDOM,3,1,1,both_hit
V4PLSw_WzVw_2,2-5s,control,REMOVE_RANDOM,4,1,1,both_hit
V4PLSw_WzVw_2,2-5s,control,REMOVE_RANDOM,5,1,1,both_hit
V4PLSw_WzVw_2,2-5s,control,REMOVE_RANDOM,6,1,1,both_hit
V4PLSw_WzVw_2,2-5s,control,REMOVE_RANDOM,7,1,1,both_hit
V4PLSw_WzVw_2,2-5s,control,REMOVE_RANDOM,8,1,1,both_hit
V4PLSw_WzVw_2,2-5s,control,REMOVE_RANDOM,9,1,1,both_hit
V4PLSw_WzVw_2,2-5s,control,REMOVE_HARD,0,1,1,both_hit
V8A0VRGdgwM_1,2-5s,control,REMOVE_RANDOM,0,1,1,both_hit
V8A0VRGdgwM_1,2-5s,control,REMOVE_RANDOM,1,1,1,both_hit
V8A0VRGdgwM_1,2-5s,control,REMOVE_RANDOM,2,1,1,both_hit
V8A0VRGdgwM_1,2-5s,control,REMOVE_RANDOM,3,1,1,both_hit
V8A0VRGdgwM_1,2-5s,control,REMOVE_RANDOM,4,1,1,both_hit
V8A0VRGdgwM_1,2-5s,control,REMOVE_RANDOM,5,1,1,both_hit
V8A0VRGdgwM_1,2-5s,control,REMOVE_RANDOM,6,1,1,both_hit
V8A0VRGdgwM_1,2-5s,control,REMOVE_RANDOM,7,1,1,both_hit
V8A0VRGdgwM_1,2-5s,control,REMOVE_RANDOM,8,1,1,both_hit
V8A0VRGdgwM_1,2-5s,control,REMOVE_RANDOM,9,1,1,both_hit
V8A0VRGdgwM_1,2-5s,control,REMOVE_HARD,0,1,1,both_hit
V8A0VRGdgwM_2,2-5s,harmful,REMOVE_RANDOM,0,0,0,both_miss
V8A0VRGdgwM_2,2-5s,harmful,REMOVE_RANDOM,1,0,0,both_miss
V8A0VRGdgwM_2,2-5s,harmful,REMOVE_RANDOM,2,0,0,both_miss
V8A0VRGdgwM_2,2-5s,harmful,REMOVE_RANDOM,3,0,0,both_miss
V8A0VRGdgwM_2,2-5s,harmful,REMOVE_RANDOM,4,0,0,both_miss
V8A0VRGdgwM_2,2-5s,harmful,REMOVE_RANDOM,5,0,0,both_miss
V8A0VRGdgwM_2,2-5s,harmful,REMOVE_RANDOM,6,0,0,both_miss
V8A0VRGdgwM_2,2-5s,harmful,REMOVE_RANDOM,7,0,0,both_miss
V8A0VRGdgwM_2,2-5s,harmful,REMOVE_RANDOM,8,0,0,both_miss
V8A0VRGdgwM_2,2-5s,harmful,REMOVE_RANDOM,9,0,0,both_miss
V8A0VRGdgwM_2,2-5s,harmful,REMOVE_HARD,0,0,0,both_miss
VE6Ku0-ucUM_1,2-5s,control,REMOVE_RANDOM,0,1,1,both_hit
VE6Ku0-ucUM_1,2-5s,control,REMOVE_RANDOM,1,1,1,both_hit
VE6Ku0-ucUM_1,2-5s,control,REMOVE_RANDOM,2,1,1,both_hit
VE6Ku0-ucUM_1,2-5s,control,REMOVE_RANDOM,3,1,1,both_hit
VE6Ku0-ucUM_1,2-5s,control,REMOVE_RANDOM,4,1,1,both_hit
VE6Ku0-ucUM_1,2-5s,control,REMOVE_RANDOM,5,1,1,both_hit
VE6Ku0-ucUM_1,2-5s,control,REMOVE_RANDOM,6,1,1,both_hit
VE6Ku0-ucUM_1,2-5s,control,REMOVE_RANDOM,7,1,1,both_hit
VE6Ku0-ucUM_1,2-5s,control,REMOVE_RANDOM,8,1,1,both_hit
VE6Ku0-ucUM_1,2-5s,control,REMOVE_RANDOM,9,1,1,both_hit
VE6Ku0-ucUM_1,2-5s,control,REMOVE_HARD,0,1,1,both_hit
VE6Ku0-ucUM_2,2-5s,control,REMOVE_RANDOM,0,1,1,both_hit
VE6Ku0-ucUM_2,2-5s,control,REMOVE_RANDOM,1,1,1,both_hit
VE6Ku0-ucUM_2,2-5s,control,REMOVE_RANDOM,2,1,1,both_hit
VE6Ku0-ucUM_2,2-5s,control,REMOVE_RANDOM,3,1,1,both_hit
VE6Ku0-ucUM_2,2-5s,control,REMOVE_RANDOM,4,1,1,both_hit
VE6Ku0-ucUM_2,2-5s,control,REMOVE_RANDOM,5,1,1,both_hit
VE6Ku0-ucUM_2,2-5s,control,REMOVE_RANDOM,6,1,1,both_hit
VE6Ku0-ucUM_2,2-5s,control,REMOVE_RANDOM,7,1,1,both_hit
VE6Ku0-ucUM_2,2-5s,control,REMOVE_RANDOM,8,1,1,both_hit
VE6Ku0-ucUM_2,2-5s,control,REMOVE_RANDOM,9,1,1,both_hit
VE6Ku0-ucUM_2,2-5s,control,REMOVE_HARD,0,1,1,both_hit
VE6Ku0-ucUM_3,2-5s,control,REMOVE_RANDOM,0,1,1,both_hit
VE6Ku0-ucUM_3,2-5s,control,REMOVE_RANDOM,1,1,1,both_hit
VE6Ku0-ucUM_3,2-5s,control,REMOVE_RANDOM,2,1,1,both_hit
VE6Ku0-ucUM_3,2-5s,control,REMOVE_RANDOM,3,1,1,both_hit
VE6Ku0-ucUM_3,2-5s,control,REMOVE_RANDOM,4,1,1,both_hit
VE6Ku0-ucUM_3,2-5s,control,REMOVE_RANDOM,5,1,1,both_hit
VE6Ku0-ucUM_3,2-5s,control,REMOVE_RANDOM,6,1,1,both_hit
VE6Ku0-ucUM_3,2-5s,control,REMOVE_RANDOM,7,1,1,both_hit
VE6Ku0-ucUM_3,2-5s,control,REMOVE_RANDOM,8,1,1,both_hit
VE6Ku0-ucUM_3,2-5s,control,REMOVE_RANDOM,9,1,1,both_hit
VE6Ku0-ucUM_3,2-5s,control,REMOVE_HARD,0,1,1,both_hit
VZLZ08k3YeA_1,2-5s,control,REMOVE_RANDOM,0,1,1,both_hit
VZLZ08k3YeA_1,2-5s,control,REMOVE_RANDOM,1,1,1,both_hit
VZLZ08k3YeA_1,2-5s,control,REMOVE_RANDOM,2,1,1,both_hit
VZLZ08k3YeA_1,2-5s,control,REMOVE_RANDOM,3,1,1,both_hit
VZLZ08k3YeA_1,2-5s,control,REMOVE_RANDOM,4,1,1,both_hit
VZLZ08k3YeA_1,2-5s,control,REMOVE_RANDOM,5,1,1,both_hit
VZLZ08k3YeA_1,2-5s,control,REMOVE_RANDOM,6,1,1,both_hit
VZLZ08k3YeA_1,2-5s,control,REMOVE_RANDOM,7,1,1,both_hit
VZLZ08k3YeA_1,2-5s,control,REMOVE_RANDOM,8,1,1,both_hit
VZLZ08k3YeA_1,2-5s,control,REMOVE_RANDOM,9,1,1,both_hit
VZLZ08k3YeA_1,2-5s,control,REMOVE_HARD,0,1,1,both_hit
VZLZ08k3YeA_3,0-2s,harmful,REMOVE_RANDOM,0,0,0,both_miss
VZLZ08k3YeA_3,0-2s,harmful,REMOVE_RANDOM,1,0,0,both_miss
VZLZ08k3YeA_3,0-2s,harmful,REMOVE_RANDOM,2,0,0,both_miss
VZLZ08k3YeA_3,0-2s,harmful,REMOVE_RANDOM,3,0,0,both_miss
VZLZ08k3YeA_3,0-2s,harmful,REMOVE_RANDOM,4,0,0,both_miss
VZLZ08k3YeA_3,0-2s,harmful,REMOVE_RANDOM,5,0,0,both_miss
VZLZ08k3YeA_3,0-2s,harmful,REMOVE_RANDOM,6,0,0,both_miss
VZLZ08k3YeA_3,0-2s,harmful,REMOVE_RANDOM,7,0,0,both_miss
VZLZ08k3YeA_3,0-2s,harmful,REMOVE_RANDOM,8,0,0,both_miss
VZLZ08k3YeA_3,0-2s,harmful,REMOVE_RANDOM,9,0,0,both_miss
VZLZ08k3YeA_3,0-2s,harmful,REMOVE_HARD,0,0,1,miss_to_hit
VZLZ08k3YeA_4,2-5s,control,REMOVE_RANDOM,0,1,1,both_hit
VZLZ08k3YeA_4,2-5s,control,REMOVE_RANDOM,1,1,1,both_hit
VZLZ08k3YeA_4,2-5s,control,REMOVE_RANDOM,2,1,1,both_hit
VZLZ08k3YeA_4,2-5s,control,REMOVE_RANDOM,3,1,1,both_hit
VZLZ08k3YeA_4,2-5s,control,REMOVE_RANDOM,4,1,1,both_hit
VZLZ08k3YeA_4,2-5s,control,REMOVE_RANDOM,5,1,1,both_hit
VZLZ08k3YeA_4,2-5s,control,REMOVE_RANDOM,6,1,1,both_hit
VZLZ08k3YeA_4,2-5s,control,REMOVE_RANDOM,7,1,1,both_hit
VZLZ08k3YeA_4,2-5s,control,REMOVE_RANDOM,8,1,1,both_hit
VZLZ08k3YeA_4,2-5s,control,REMOVE_RANDOM,9,1,1,both_hit
VZLZ08k3YeA_4,2-5s,control,REMOVE_HARD,0,1,1,both_hit
VjSEIRnLAh8_2,2-5s,control,REMOVE_RANDOM,0,0,0,both_miss
VjSEIRnLAh8_2,2-5s,control,REMOVE_RANDOM,1,0,0,both_miss
VjSEIRnLAh8_2,2-5s,control,REMOVE_RANDOM,2,0,0,both_miss
VjSEIRnLAh8_2,2-5s,control,REMOVE_RANDOM,3,0,0,both_miss
VjSEIRnLAh8_2,2-5s,control,REMOVE_RANDOM,4,0,0,both_miss
VjSEIRnLAh8_2,2-5s,control,REMOVE_RANDOM,5,0,0,both_miss
VjSEIRnLAh8_2,2-5s,control,REMOVE_RANDOM,6,0,0,both_miss
VjSEIRnLAh8_2,2-5s,control,REMOVE_RANDOM,7,0,0,both_miss
VjSEIRnLAh8_2,2-5s,control,REMOVE_RANDOM,8,0,0,both_miss
VjSEIRnLAh8_2,2-5s,control,REMOVE_RANDOM,9,0,0,both_miss
VjSEIRnLAh8_2,2-5s,control,REMOVE_HARD,0,0,0,both_miss
VjSEIRnLAh8_4,2-5s,harmful,REMOVE_RANDOM,0,0,0,both_miss
VjSEIRnLAh8_4,2-5s,harmful,REMOVE_RANDOM,1,0,0,both_miss
VjSEIRnLAh8_4,2-5s,harmful,REMOVE_RANDOM,2,0,0,both_miss
VjSEIRnLAh8_4,2-5s,harmful,REMOVE_RANDOM,3,0,1,miss_to_hit
VjSEIRnLAh8_4,2-5s,harmful,REMOVE_RANDOM,4,0,0,both_miss
VjSEIRnLAh8_4,2-5s,harmful,REMOVE_RANDOM,5,0,0,both_miss
VjSEIRnLAh8_4,2-5s,harmful,REMOVE_RANDOM,6,0,0,both_miss
VjSEIRnLAh8_4,2-5s,harmful,REMOVE_RANDOM,7,0,0,both_miss
VjSEIRnLAh8_4,2-5s,harmful,REMOVE_RANDOM,8,0,0,both_miss
VjSEIRnLAh8_4,2-5s,harmful,REMOVE_RANDOM,9,0,0,both_miss
VjSEIRnLAh8_4,2-5s,harmful,REMOVE_HARD,0,0,0,both_miss
WCYfCfW9NA0_4,2-5s,control,REMOVE_RANDOM,0,1,1,both_hit
WCYfCfW9NA0_4,2-5s,control,REMOVE_RANDOM,1,1,1,both_hit
WCYfCfW9NA0_4,2-5s,control,REMOVE_RANDOM,2,1,1,both_hit
WCYfCfW9NA0_4,2-5s,control,REMOVE_RANDOM,3,1,1,both_hit
WCYfCfW9NA0_4,2-5s,control,REMOVE_RANDOM,4,1,1,both_hit
WCYfCfW9NA0_4,2-5s,control,REMOVE_RANDOM,5,1,1,both_hit
WCYfCfW9NA0_4,2-5s,control,REMOVE_RANDOM,6,1,1,both_hit
WCYfCfW9NA0_4,2-5s,control,REMOVE_RANDOM,7,1,1,both_hit
WCYfCfW9NA0_4,2-5s,control,REMOVE_RANDOM,8,1,1,both_hit
WCYfCfW9NA0_4,2-5s,control,REMOVE_RANDOM,9,1,1,both_hit
WCYfCfW9NA0_4,2-5s,control,REMOVE_HARD,0,1,1,both_hit
WUpeplQr3A4_1,2-5s,harmful,REMOVE_RANDOM,0,1,1,both_hit
WUpeplQr3A4_1,2-5s,harmful,REMOVE_RANDOM,1,1,1,both_hit
WUpeplQr3A4_1,2-5s,harmful,REMOVE_RANDOM,2,1,1,both_hit
WUpeplQr3A4_1,2-5s,harmful,REMOVE_RANDOM,3,1,1,both_hit
WUpeplQr3A4_1,2-5s,harmful,REMOVE_RANDOM,4,1,1,both_hit
WUpeplQr3A4_1,2-5s,harmful,REMOVE_RANDOM,5,1,1,both_hit
WUpeplQr3A4_1,2-5s,harmful,REMOVE_RANDOM,6,1,1,both_hit
WUpeplQr3A4_1,2-5s,harmful,REMOVE_RANDOM,7,1,1,both_hit
WUpeplQr3A4_1,2-5s,harmful,REMOVE_RANDOM,8,1,1,both_hit
WUpeplQr3A4_1,2-5s,harmful,REMOVE_RANDOM,9,1,0,hit_to_miss
WUpeplQr3A4_1,2-5s,harmful,REMOVE_HARD,0,1,1,both_hit
WUyeFOyKIg0_1,2-5s,harmful,REMOVE_RANDOM,0,0,0,both_miss
WUyeFOyKIg0_1,2-5s,harmful,REMOVE_RANDOM,1,0,0,both_miss
WUyeFOyKIg0_1,2-5s,harmful,REMOVE_RANDOM,2,0,0,both_miss
WUyeFOyKIg0_1,2-5s,harmful,REMOVE_RANDOM,3,0,0,both_miss
WUyeFOyKIg0_1,2-5s,harmful,REMOVE_RANDOM,4,0,0,both_miss
WUyeFOyKIg0_1,2-5s,harmful,REMOVE_RANDOM,5,0,0,both_miss
WUyeFOyKIg0_1,2-5s,harmful,REMOVE_RANDOM,6,0,0,both_miss
WUyeFOyKIg0_1,2-5s,harmful,REMOVE_RANDOM,7,0,0,both_miss
WUyeFOyKIg0_1,2-5s,harmful,REMOVE_RANDOM,8,0,0,both_miss
WUyeFOyKIg0_1,2-5s,harmful,REMOVE_RANDOM,9,0,0,both_miss
WUyeFOyKIg0_1,2-5s,harmful,REMOVE_HARD,0,0,0,both_miss
WUyeFOyKIg0_2,2-5s,control,REMOVE_RANDOM,0,1,1,both_hit
WUyeFOyKIg0_2,2-5s,control,REMOVE_RANDOM,1,1,1,both_hit
WUyeFOyKIg0_2,2-5s,control,REMOVE_RANDOM,2,1,1,both_hit
WUyeFOyKIg0_2,2-5s,control,REMOVE_RANDOM,3,1,1,both_hit
WUyeFOyKIg0_2,2-5s,control,REMOVE_RANDOM,4,1,1,both_hit
WUyeFOyKIg0_2,2-5s,control,REMOVE_RANDOM,5,1,1,both_hit
WUyeFOyKIg0_2,2-5s,control,REMOVE_RANDOM,6,1,1,both_hit
WUyeFOyKIg0_2,2-5s,control,REMOVE_RANDOM,7,1,1,both_hit
WUyeFOyKIg0_2,2-5s,control,REMOVE_RANDOM,8,1,1,both_hit
WUyeFOyKIg0_2,2-5s,control,REMOVE_RANDOM,9,1,1,both_hit
WUyeFOyKIg0_2,2-5s,control,REMOVE_HARD,0,1,1,both_hit
Wq4OD3olO2w_1,2-5s,control,REMOVE_RANDOM,0,1,1,both_hit
Wq4OD3olO2w_1,2-5s,control,REMOVE_RANDOM,1,1,1,both_hit
Wq4OD3olO2w_1,2-5s,control,REMOVE_RANDOM,2,1,1,both_hit
Wq4OD3olO2w_1,2-5s,control,REMOVE_RANDOM,3,1,1,both_hit
Wq4OD3olO2w_1,2-5s,control,REMOVE_RANDOM,4,1,1,both_hit
Wq4OD3olO2w_1,2-5s,control,REMOVE_RANDOM,5,1,1,both_hit
Wq4OD3olO2w_1,2-5s,control,REMOVE_RANDOM,6,1,1,both_hit
Wq4OD3olO2w_1,2-5s,control,REMOVE_RANDOM,7,1,1,both_hit
Wq4OD3olO2w_1,2-5s,control,REMOVE_RANDOM,8,1,1,both_hit
Wq4OD3olO2w_1,2-5s,control,REMOVE_RANDOM,9,1,1,both_hit
Wq4OD3olO2w_1,2-5s,control,REMOVE_HARD,0,1,1,both_hit
WqXFAY4k79s_1,2-5s,control,REMOVE_RANDOM,0,1,1,both_hit
WqXFAY4k79s_1,2-5s,control,REMOVE_RANDOM,1,1,1,both_hit
WqXFAY4k79s_1,2-5s,control,REMOVE_RANDOM,2,1,1,both_hit
WqXFAY4k79s_1,2-5s,control,REMOVE_RANDOM,3,1,1,both_hit
WqXFAY4k79s_1,2-5s,control,REMOVE_RANDOM,4,1,1,both_hit
WqXFAY4k79s_1,2-5s,control,REMOVE_RANDOM,5,1,1,both_hit
WqXFAY4k79s_1,2-5s,control,REMOVE_RANDOM,6,1,1,both_hit
WqXFAY4k79s_1,2-5s,control,REMOVE_RANDOM,7,1,1,both_hit
WqXFAY4k79s_1,2-5s,control,REMOVE_RANDOM,8,1,1,both_hit
WqXFAY4k79s_1,2-5s,control,REMOVE_RANDOM,9,1,1,both_hit
WqXFAY4k79s_1,2-5s,control,REMOVE_HARD,0,1,1,both_hit
XZTt1xdK8uQ_1,0-2s,control,REMOVE_RANDOM,0,0,0,both_miss
XZTt1xdK8uQ_1,0-2s,control,REMOVE_RANDOM,1,0,0,both_miss
XZTt1xdK8uQ_1,0-2s,control,REMOVE_RANDOM,2,0,0,both_miss
XZTt1xdK8uQ_1,0-2s,control,REMOVE_RANDOM,3,0,0,both_miss
XZTt1xdK8uQ_1,0-2s,control,REMOVE_RANDOM,4,0,0,both_miss
XZTt1xdK8uQ_1,0-2s,control,REMOVE_RANDOM,5,0,0,both_miss
XZTt1xdK8uQ_1,0-2s,control,REMOVE_RANDOM,6,0,0,both_miss
XZTt1xdK8uQ_1,0-2s,control,REMOVE_RANDOM,7,0,0,both_miss
XZTt1xdK8uQ_1,0-2s,control,REMOVE_RANDOM,8,0,0,both_miss
XZTt1xdK8uQ_1,0-2s,control,REMOVE_RANDOM,9,0,0,both_miss
XZTt1xdK8uQ_1,0-2s,control,REMOVE_HARD,0,0,0,both_miss
YflmW68gL4E_2,2-5s,control,REMOVE_RANDOM,0,1,1,both_hit
YflmW68gL4E_2,2-5s,control,REMOVE_RANDOM,1,1,1,both_hit
YflmW68gL4E_2,2-5s,control,REMOVE_RANDOM,2,1,1,both_hit
YflmW68gL4E_2,2-5s,control,REMOVE_RANDOM,3,1,1,both_hit
YflmW68gL4E_2,2-5s,control,REMOVE_RANDOM,4,1,1,both_hit
YflmW68gL4E_2,2-5s,control,REMOVE_RANDOM,5,1,1,both_hit
YflmW68gL4E_2,2-5s,control,REMOVE_RANDOM,6,1,1,both_hit
YflmW68gL4E_2,2-5s,control,REMOVE_RANDOM,7,1,1,both_hit
YflmW68gL4E_2,2-5s,control,REMOVE_RANDOM,8,1,1,both_hit
YflmW68gL4E_2,2-5s,control,REMOVE_RANDOM,9,1,1,both_hit
YflmW68gL4E_2,2-5s,control,REMOVE_HARD,0,1,1,both_hit
Z1Cyj4N05lk_3,2-5s,control,REMOVE_RANDOM,0,0,0,both_miss
Z1Cyj4N05lk_3,2-5s,control,REMOVE_RANDOM,1,0,0,both_miss
Z1Cyj4N05lk_3,2-5s,control,REMOVE_RANDOM,2,0,0,both_miss
Z1Cyj4N05lk_3,2-5s,control,REMOVE_RANDOM,3,0,0,both_miss
Z1Cyj4N05lk_3,2-5s,control,REMOVE_RANDOM,4,0,0,both_miss
Z1Cyj4N05lk_3,2-5s,control,REMOVE_RANDOM,5,0,0,both_miss
Z1Cyj4N05lk_3,2-5s,control,REMOVE_RANDOM,6,0,0,both_miss
Z1Cyj4N05lk_3,2-5s,control,REMOVE_RANDOM,7,0,0,both_miss
Z1Cyj4N05lk_3,2-5s,control,REMOVE_RANDOM,8,0,0,both_miss
Z1Cyj4N05lk_3,2-5s,control,REMOVE_RANDOM,9,0,0,both_miss
Z1Cyj4N05lk_3,2-5s,control,REMOVE_HARD,0,0,0,both_miss
Z3wDry8nnJs_1,2-5s,control,REMOVE_RANDOM,0,1,1,both_hit
Z3wDry8nnJs_1,2-5s,control,REMOVE_RANDOM,1,1,1,both_hit
Z3wDry8nnJs_1,2-5s,control,REMOVE_RANDOM,2,1,1,both_hit
Z3wDry8nnJs_1,2-5s,control,REMOVE_RANDOM,3,1,1,both_hit
Z3wDry8nnJs_1,2-5s,control,REMOVE_RANDOM,4,1,1,both_hit
Z3wDry8nnJs_1,2-5s,control,REMOVE_RANDOM,5,1,1,both_hit
Z3wDry8nnJs_1,2-5s,control,REMOVE_RANDOM,6,1,1,both_hit
Z3wDry8nnJs_1,2-5s,control,REMOVE_RANDOM,7,1,1,both_hit
Z3wDry8nnJs_1,2-5s,control,REMOVE_RANDOM,8,1,1,both_hit
Z3wDry8nnJs_1,2-5s,control,REMOVE_RANDOM,9,1,1,both_hit
Z3wDry8nnJs_1,2-5s,control,REMOVE_HARD,0,1,1,both_hit
Z3wDry8nnJs_3,2-5s,control,REMOVE_RANDOM,0,1,1,both_hit
Z3wDry8nnJs_3,2-5s,control,REMOVE_RANDOM,1,1,1,both_hit
Z3wDry8nnJs_3,2-5s,control,REMOVE_RANDOM,2,1,1,both_hit
Z3wDry8nnJs_3,2-5s,control,REMOVE_RANDOM,3,1,1,both_hit
Z3wDry8nnJs_3,2-5s,control,REMOVE_RANDOM,4,1,1,both_hit
Z3wDry8nnJs_3,2-5s,control,REMOVE_RANDOM,5,1,1,both_hit
Z3wDry8nnJs_3,2-5s,control,REMOVE_RANDOM,6,1,1,both_hit
Z3wDry8nnJs_3,2-5s,control,REMOVE_RANDOM,7,1,1,both_hit
Z3wDry8nnJs_3,2-5s,control,REMOVE_RANDOM,8,1,1,both_hit
Z3wDry8nnJs_3,2-5s,control,REMOVE_RANDOM,9,1,1,both_hit
Z3wDry8nnJs_3,2-5s,control,REMOVE_HARD,0,1,1,both_hit
ZBtgrP4vU_w_2,2-5s,harmful,REMOVE_RANDOM,0,0,0,both_miss
ZBtgrP4vU_w_2,2-5s,harmful,REMOVE_RANDOM,1,0,0,both_miss
ZBtgrP4vU_w_2,2-5s,harmful,REMOVE_RANDOM,2,0,0,both_miss
ZBtgrP4vU_w_2,2-5s,harmful,REMOVE_RANDOM,3,0,0,both_miss
ZBtgrP4vU_w_2,2-5s,harmful,REMOVE_RANDOM,4,0,0,both_miss
ZBtgrP4vU_w_2,2-5s,harmful,REMOVE_RANDOM,5,0,0,both_miss
ZBtgrP4vU_w_2,2-5s,harmful,REMOVE_RANDOM,6,0,0,both_miss
ZBtgrP4vU_w_2,2-5s,harmful,REMOVE_RANDOM,7,0,0,both_miss
ZBtgrP4vU_w_2,2-5s,harmful,REMOVE_RANDOM,8,0,0,both_miss
ZBtgrP4vU_w_2,2-5s,harmful,REMOVE_RANDOM,9,0,0,both_miss
ZBtgrP4vU_w_2,2-5s,harmful,REMOVE_HARD,0,0,0,both_miss
ZTYAQBnU4GM_1,2-5s,control,REMOVE_RANDOM,0,1,1,both_hit
ZTYAQBnU4GM_1,2-5s,control,REMOVE_RANDOM,1,1,1,both_hit
ZTYAQBnU4GM_1,2-5s,control,REMOVE_RANDOM,2,1,1,both_hit
ZTYAQBnU4GM_1,2-5s,control,REMOVE_RANDOM,3,1,1,both_hit
ZTYAQBnU4GM_1,2-5s,control,REMOVE_RANDOM,4,1,1,both_hit
ZTYAQBnU4GM_1,2-5s,control,REMOVE_RANDOM,5,1,1,both_hit
ZTYAQBnU4GM_1,2-5s,control,REMOVE_RANDOM,6,1,1,both_hit
ZTYAQBnU4GM_1,2-5s,control,REMOVE_RANDOM,7,1,1,both_hit
ZTYAQBnU4GM_1,2-5s,control,REMOVE_RANDOM,8,1,1,both_hit
ZTYAQBnU4GM_1,2-5s,control,REMOVE_RANDOM,9,1,1,both_hit
ZTYAQBnU4GM_1,2-5s,control,REMOVE_HARD,0,1,1,both_hit
ZUmZgPL0ges_3,2-5s,control,REMOVE_RANDOM,0,1,1,both_hit
ZUmZgPL0ges_3,2-5s,control,REMOVE_RANDOM,1,1,1,both_hit
ZUmZgPL0ges_3,2-5s,control,REMOVE_RANDOM,2,1,1,both_hit
ZUmZgPL0ges_3,2-5s,control,REMOVE_RANDOM,3,1,1,both_hit
ZUmZgPL0ges_3,2-5s,control,REMOVE_RANDOM,4,1,1,both_hit
ZUmZgPL0ges_3,2-5s,control,REMOVE_RANDOM,5,1,1,both_hit
ZUmZgPL0ges_3,2-5s,control,REMOVE_RANDOM,6,1,1,both_hit
ZUmZgPL0ges_3,2-5s,control,REMOVE_RANDOM,7,1,1,both_hit
ZUmZgPL0ges_3,2-5s,control,REMOVE_RANDOM,8,1,1,both_hit
ZUmZgPL0ges_3,2-5s,control,REMOVE_RANDOM,9,1,1,both_hit
ZUmZgPL0ges_3,2-5s,control,REMOVE_HARD,0,1,1,both_hit
Z_smJ66Tb3c_1,2-5s,control,REMOVE_RANDOM,0,1,1,both_hit
Z_smJ66Tb3c_1,2-5s,control,REMOVE_RANDOM,1,1,1,both_hit
Z_smJ66Tb3c_1,2-5s,control,REMOVE_RANDOM,2,1,1,both_hit
Z_smJ66Tb3c_1,2-5s,control,REMOVE_RANDOM,3,1,1,both_hit
Z_smJ66Tb3c_1,2-5s,control,REMOVE_RANDOM,4,1,1,both_hit
Z_smJ66Tb3c_1,2-5s,control,REMOVE_RANDOM,5,1,1,both_hit
Z_smJ66Tb3c_1,2-5s,control,REMOVE_RANDOM,6,1,1,both_hit
Z_smJ66Tb3c_1,2-5s,control,REMOVE_RANDOM,7,1,1,both_hit
Z_smJ66Tb3c_1,2-5s,control,REMOVE_RANDOM,8,1,1,both_hit
Z_smJ66Tb3c_1,2-5s,control,REMOVE_RANDOM,9,1,1,both_hit
Z_smJ66Tb3c_1,2-5s,control,REMOVE_HARD,0,1,1,both_hit
Z_smJ66Tb3c_3,0-2s,control,REMOVE_RANDOM,0,0,0,both_miss
Z_smJ66Tb3c_3,0-2s,control,REMOVE_RANDOM,1,0,0,both_miss
Z_smJ66Tb3c_3,0-2s,control,REMOVE_RANDOM,2,0,0,both_miss
Z_smJ66Tb3c_3,0-2s,control,REMOVE_RANDOM,3,0,0,both_miss
Z_smJ66Tb3c_3,0-2s,control,REMOVE_RANDOM,4,0,0,both_miss
Z_smJ66Tb3c_3,0-2s,control,REMOVE_RANDOM,5,0,0,both_miss
Z_smJ66Tb3c_3,0-2s,control,REMOVE_RANDOM,6,0,0,both_miss
Z_smJ66Tb3c_3,0-2s,control,REMOVE_RANDOM,7,0,0,both_miss
Z_smJ66Tb3c_3,0-2s,control,REMOVE_RANDOM,8,0,0,both_miss
Z_smJ66Tb3c_3,0-2s,control,REMOVE_RANDOM,9,0,0,both_miss
Z_smJ66Tb3c_3,0-2s,control,REMOVE_HARD,0,0,0,both_miss
Zsf2YvJfCKw_1,2-5s,control,REMOVE_RANDOM,0,1,1,both_hit
Zsf2YvJfCKw_1,2-5s,control,REMOVE_RANDOM,1,1,1,both_hit
Zsf2YvJfCKw_1,2-5s,control,REMOVE_RANDOM,2,1,1,both_hit
Zsf2YvJfCKw_1,2-5s,control,REMOVE_RANDOM,3,1,1,both_hit
Zsf2YvJfCKw_1,2-5s,control,REMOVE_RANDOM,4,1,1,both_hit
Zsf2YvJfCKw_1,2-5s,control,REMOVE_RANDOM,5,1,1,both_hit
Zsf2YvJfCKw_1,2-5s,control,REMOVE_RANDOM,6,1,1,both_hit
Zsf2YvJfCKw_1,2-5s,control,REMOVE_RANDOM,7,1,1,both_hit
Zsf2YvJfCKw_1,2-5s,control,REMOVE_RANDOM,8,1,1,both_hit
Zsf2YvJfCKw_1,2-5s,control,REMOVE_RANDOM,9,1,1,both_hit
Zsf2YvJfCKw_1,2-5s,control,REMOVE_HARD,0,1,1,both_hit
_AcJVyToQUQ_1,2-5s,control,REMOVE_RANDOM,0,1,1,both_hit
_AcJVyToQUQ_1,2-5s,control,REMOVE_RANDOM,1,1,1,both_hit
_AcJVyToQUQ_1,2-5s,control,REMOVE_RANDOM,2,1,1,both_hit
_AcJVyToQUQ_1,2-5s,control,REMOVE_RANDOM,3,1,1,both_hit
_AcJVyToQUQ_1,2-5s,control,REMOVE_RANDOM,4,1,1,both_hit
_AcJVyToQUQ_1,2-5s,control,REMOVE_RANDOM,5,1,1,both_hit
_AcJVyToQUQ_1,2-5s,control,REMOVE_RANDOM,6,1,1,both_hit
_AcJVyToQUQ_1,2-5s,control,REMOVE_RANDOM,7,1,1,both_hit
_AcJVyToQUQ_1,2-5s,control,REMOVE_RANDOM,8,1,1,both_hit
_AcJVyToQUQ_1,2-5s,control,REMOVE_RANDOM,9,1,1,both_hit
_AcJVyToQUQ_1,2-5s,control,REMOVE_HARD,0,1,1,both_hit
_BSmz3SEW1w_1,2-5s,control,REMOVE_RANDOM,0,0,0,both_miss
_BSmz3SEW1w_1,2-5s,control,REMOVE_RANDOM,1,0,0,both_miss
_BSmz3SEW1w_1,2-5s,control,REMOVE_RANDOM,2,0,0,both_miss
_BSmz3SEW1w_1,2-5s,control,REMOVE_RANDOM,3,0,0,both_miss
_BSmz3SEW1w_1,2-5s,control,REMOVE_RANDOM,4,0,0,both_miss
_BSmz3SEW1w_1,2-5s,control,REMOVE_RANDOM,5,0,0,both_miss
_BSmz3SEW1w_1,2-5s,control,REMOVE_RANDOM,6,0,0,both_miss
_BSmz3SEW1w_1,2-5s,control,REMOVE_RANDOM,7,0,0,both_miss
_BSmz3SEW1w_1,2-5s,control,REMOVE_RANDOM,8,0,0,both_miss
_BSmz3SEW1w_1,2-5s,control,REMOVE_RANDOM,9,0,0,both_miss
_BSmz3SEW1w_1,2-5s,control,REMOVE_HARD,0,0,0,both_miss
_BSmz3SEW1w_2,2-5s,control,REMOVE_RANDOM,0,1,1,both_hit
_BSmz3SEW1w_2,2-5s,control,REMOVE_RANDOM,1,1,1,both_hit
_BSmz3SEW1w_2,2-5s,control,REMOVE_RANDOM,2,1,1,both_hit
_BSmz3SEW1w_2,2-5s,control,REMOVE_RANDOM,3,1,1,both_hit
_BSmz3SEW1w_2,2-5s,control,REMOVE_RANDOM,4,1,1,both_hit
_BSmz3SEW1w_2,2-5s,control,REMOVE_RANDOM,5,1,1,both_hit
_BSmz3SEW1w_2,2-5s,control,REMOVE_RANDOM,6,1,1,both_hit
_BSmz3SEW1w_2,2-5s,control,REMOVE_RANDOM,7,1,1,both_hit
_BSmz3SEW1w_2,2-5s,control,REMOVE_RANDOM,8,1,1,both_hit
_BSmz3SEW1w_2,2-5s,control,REMOVE_RANDOM,9,1,1,both_hit
_BSmz3SEW1w_2,2-5s,control,REMOVE_HARD,0,1,1,both_hit
_C2HinL8VlM_1,2-5s,control,REMOVE_RANDOM,0,1,1,both_hit
_C2HinL8VlM_1,2-5s,control,REMOVE_RANDOM,1,1,1,both_hit
_C2HinL8VlM_1,2-5s,control,REMOVE_RANDOM,2,1,1,both_hit
_C2HinL8VlM_1,2-5s,control,REMOVE_RANDOM,3,1,1,both_hit
_C2HinL8VlM_1,2-5s,control,REMOVE_RANDOM,4,1,1,both_hit
_C2HinL8VlM_1,2-5s,control,REMOVE_RANDOM,5,1,1,both_hit
_C2HinL8VlM_1,2-5s,control,REMOVE_RANDOM,6,1,1,both_hit
_C2HinL8VlM_1,2-5s,control,REMOVE_RANDOM,7,1,1,both_hit
_C2HinL8VlM_1,2-5s,control,REMOVE_RANDOM,8,1,1,both_hit
_C2HinL8VlM_1,2-5s,control,REMOVE_RANDOM,9,1,1,both_hit
_C2HinL8VlM_1,2-5s,control,REMOVE_HARD,0,1,1,both_hit
_YS5uKWoB6g_2,0-2s,harmful,REMOVE_RANDOM,0,0,0,both_miss
_YS5uKWoB6g_2,0-2s,harmful,REMOVE_RANDOM,1,0,0,both_miss
_YS5uKWoB6g_2,0-2s,harmful,REMOVE_RANDOM,2,0,0,both_miss
_YS5uKWoB6g_2,0-2s,harmful,REMOVE_RANDOM,3,0,0,both_miss
_YS5uKWoB6g_2,0-2s,harmful,REMOVE_RANDOM,4,0,0,both_miss
_YS5uKWoB6g_2,0-2s,harmful,REMOVE_RANDOM,5,0,0,both_miss
_YS5uKWoB6g_2,0-2s,harmful,REMOVE_RANDOM,6,0,0,both_miss
_YS5uKWoB6g_2,0-2s,harmful,REMOVE_RANDOM,7,0,0,both_miss
_YS5uKWoB6g_2,0-2s,harmful,REMOVE_RANDOM,8,0,0,both_miss
_YS5uKWoB6g_2,0-2s,harmful,REMOVE_RANDOM,9,0,0,both_miss
_YS5uKWoB6g_2,0-2s,harmful,REMOVE_HARD,0,0,0,both_miss
_YS5uKWoB6g_5,0-2s,control,REMOVE_RANDOM,0,0,0,both_miss
_YS5uKWoB6g_5,0-2s,control,REMOVE_RANDOM,1,0,0,both_miss
_YS5uKWoB6g_5,0-2s,control,REMOVE_RANDOM,2,0,0,both_miss
_YS5uKWoB6g_5,0-2s,control,REMOVE_RANDOM,3,0,0,both_miss
_YS5uKWoB6g_5,0-2s,control,REMOVE_RANDOM,4,0,0,both_miss
_YS5uKWoB6g_5,0-2s,control,REMOVE_RANDOM,5,0,0,both_miss
_YS5uKWoB6g_5,0-2s,control,REMOVE_RANDOM,6,0,0,both_miss
_YS5uKWoB6g_5,0-2s,control,REMOVE_RANDOM,7,0,0,both_miss
_YS5uKWoB6g_5,0-2s,control,REMOVE_RANDOM,8,0,0,both_miss
_YS5uKWoB6g_5,0-2s,control,REMOVE_RANDOM,9,0,0,both_miss
_YS5uKWoB6g_5,0-2s,control,REMOVE_HARD,0,0,0,both_miss
_ezm-TpKj1w_1,2-5s,control,REMOVE_RANDOM,0,1,1,both_hit
_ezm-TpKj1w_1,2-5s,control,REMOVE_RANDOM,1,1,1,both_hit
_ezm-TpKj1w_1,2-5s,control,REMOVE_RANDOM,2,1,1,both_hit
_ezm-TpKj1w_1,2-5s,control,REMOVE_RANDOM,3,1,1,both_hit
_ezm-TpKj1w_1,2-5s,control,REMOVE_RANDOM,4,1,1,both_hit
_ezm-TpKj1w_1,2-5s,control,REMOVE_RANDOM,5,1,1,both_hit
_ezm-TpKj1w_1,2-5s,control,REMOVE_RANDOM,6,1,1,both_hit
_ezm-TpKj1w_1,2-5s,control,REMOVE_RANDOM,7,1,1,both_hit
_ezm-TpKj1w_1,2-5s,control,REMOVE_RANDOM,8,1,1,both_hit
_ezm-TpKj1w_1,2-5s,control,REMOVE_RANDOM,9,1,1,both_hit
_ezm-TpKj1w_1,2-5s,control,REMOVE_HARD,0,1,0,hit_to_miss
_oKXrY5Ff0g_3,2-5s,harmful,REMOVE_RANDOM,0,0,0,both_miss
_oKXrY5Ff0g_3,2-5s,harmful,REMOVE_RANDOM,1,0,0,both_miss
_oKXrY5Ff0g_3,2-5s,harmful,REMOVE_RANDOM,2,0,0,both_miss
_oKXrY5Ff0g_3,2-5s,harmful,REMOVE_RANDOM,3,0,0,both_miss
_oKXrY5Ff0g_3,2-5s,harmful,REMOVE_RANDOM,4,0,0,both_miss
_oKXrY5Ff0g_3,2-5s,harmful,REMOVE_RANDOM,5,0,0,both_miss
_oKXrY5Ff0g_3,2-5s,harmful,REMOVE_RANDOM,6,0,1,miss_to_hit
_oKXrY5Ff0g_3,2-5s,harmful,REMOVE_RANDOM,7,0,0,both_miss
_oKXrY5Ff0g_3,2-5s,harmful,REMOVE_RANDOM,8,0,0,both_miss
_oKXrY5Ff0g_3,2-5s,harmful,REMOVE_RANDOM,9,0,1,miss_to_hit
_oKXrY5Ff0g_3,2-5s,harmful,REMOVE_HARD,0,0,0,both_miss
aMhu5eMQAsI_3,2-5s,harmful,REMOVE_RANDOM,0,0,0,both_miss
aMhu5eMQAsI_3,2-5s,harmful,REMOVE_RANDOM,1,0,0,both_miss
aMhu5eMQAsI_3,2-5s,harmful,REMOVE_RANDOM,2,0,0,both_miss
aMhu5eMQAsI_3,2-5s,harmful,REMOVE_RANDOM,3,0,0,both_miss
aMhu5eMQAsI_3,2-5s,harmful,REMOVE_RANDOM,4,0,0,both_miss
aMhu5eMQAsI_3,2-5s,harmful,REMOVE_RANDOM,5,0,0,both_miss
aMhu5eMQAsI_3,2-5s,harmful,REMOVE_RANDOM,6,0,0,both_miss
aMhu5eMQAsI_3,2-5s,harmful,REMOVE_RANDOM,7,0,0,both_miss
aMhu5eMQAsI_3,2-5s,harmful,REMOVE_RANDOM,8,0,0,both_miss
aMhu5eMQAsI_3,2-5s,harmful,REMOVE_RANDOM,9,0,0,both_miss
aMhu5eMQAsI_3,2-5s,harmful,REMOVE_HARD,0,0,1,miss_to_hit
aZAXO2WZn84_2,2-5s,control,REMOVE_RANDOM,0,1,1,both_hit
aZAXO2WZn84_2,2-5s,control,REMOVE_RANDOM,1,1,1,both_hit
aZAXO2WZn84_2,2-5s,control,REMOVE_RANDOM,2,1,1,both_hit
aZAXO2WZn84_2,2-5s,control,REMOVE_RANDOM,3,1,1,both_hit
aZAXO2WZn84_2,2-5s,control,REMOVE_RANDOM,4,1,1,both_hit
aZAXO2WZn84_2,2-5s,control,REMOVE_RANDOM,5,1,1,both_hit
aZAXO2WZn84_2,2-5s,control,REMOVE_RANDOM,6,1,1,both_hit
aZAXO2WZn84_2,2-5s,control,REMOVE_RANDOM,7,1,1,both_hit
aZAXO2WZn84_2,2-5s,control,REMOVE_RANDOM,8,1,1,both_hit
aZAXO2WZn84_2,2-5s,control,REMOVE_RANDOM,9,1,1,both_hit
aZAXO2WZn84_2,2-5s,control,REMOVE_HARD,0,1,1,both_hit
aZAXO2WZn84_4,2-5s,control,REMOVE_RANDOM,0,0,0,both_miss
aZAXO2WZn84_4,2-5s,control,REMOVE_RANDOM,1,0,0,both_miss
aZAXO2WZn84_4,2-5s,control,REMOVE_RANDOM,2,0,0,both_miss
aZAXO2WZn84_4,2-5s,control,REMOVE_RANDOM,3,0,0,both_miss
aZAXO2WZn84_4,2-5s,control,REMOVE_RANDOM,4,0,0,both_miss
aZAXO2WZn84_4,2-5s,control,REMOVE_RANDOM,5,0,0,both_miss
aZAXO2WZn84_4,2-5s,control,REMOVE_RANDOM,6,0,0,both_miss
aZAXO2WZn84_4,2-5s,control,REMOVE_RANDOM,7,0,0,both_miss
aZAXO2WZn84_4,2-5s,control,REMOVE_RANDOM,8,0,0,both_miss
aZAXO2WZn84_4,2-5s,control,REMOVE_RANDOM,9,0,0,both_miss
aZAXO2WZn84_4,2-5s,control,REMOVE_HARD,0,0,1,miss_to_hit
aZAXO2WZn84_5,0-2s,harmful,REMOVE_RANDOM,0,0,0,both_miss
aZAXO2WZn84_5,0-2s,harmful,REMOVE_RANDOM,1,0,1,miss_to_hit
aZAXO2WZn84_5,0-2s,harmful,REMOVE_RANDOM,2,0,0,both_miss
aZAXO2WZn84_5,0-2s,harmful,REMOVE_RANDOM,3,0,0,both_miss
aZAXO2WZn84_5,0-2s,harmful,REMOVE_RANDOM,4,0,0,both_miss
aZAXO2WZn84_5,0-2s,harmful,REMOVE_RANDOM,5,0,0,both_miss
aZAXO2WZn84_5,0-2s,harmful,REMOVE_RANDOM,6,0,0,both_miss
aZAXO2WZn84_5,0-2s,harmful,REMOVE_RANDOM,7,0,0,both_miss
aZAXO2WZn84_5,0-2s,harmful,REMOVE_RANDOM,8,0,1,miss_to_hit
aZAXO2WZn84_5,0-2s,harmful,REMOVE_RANDOM,9,0,0,both_miss
aZAXO2WZn84_5,0-2s,harmful,REMOVE_HARD,0,0,1,miss_to_hit
ajheseWZmmU_2,2-5s,control,REMOVE_RANDOM,0,1,1,both_hit
ajheseWZmmU_2,2-5s,control,REMOVE_RANDOM,1,1,1,both_hit
ajheseWZmmU_2,2-5s,control,REMOVE_RANDOM,2,1,1,both_hit
ajheseWZmmU_2,2-5s,control,REMOVE_RANDOM,3,1,1,both_hit
ajheseWZmmU_2,2-5s,control,REMOVE_RANDOM,4,1,1,both_hit
ajheseWZmmU_2,2-5s,control,REMOVE_RANDOM,5,1,1,both_hit
ajheseWZmmU_2,2-5s,control,REMOVE_RANDOM,6,1,1,both_hit
ajheseWZmmU_2,2-5s,control,REMOVE_RANDOM,7,1,1,both_hit
ajheseWZmmU_2,2-5s,control,REMOVE_RANDOM,8,1,1,both_hit
ajheseWZmmU_2,2-5s,control,REMOVE_RANDOM,9,1,1,both_hit
ajheseWZmmU_2,2-5s,control,REMOVE_HARD,0,1,1,both_hit
b1PXsfgQw5w_1,0-2s,control,REMOVE_RANDOM,0,1,1,both_hit
b1PXsfgQw5w_1,0-2s,control,REMOVE_RANDOM,1,1,1,both_hit
b1PXsfgQw5w_1,0-2s,control,REMOVE_RANDOM,2,1,1,both_hit
b1PXsfgQw5w_1,0-2s,control,REMOVE_RANDOM,3,1,1,both_hit
b1PXsfgQw5w_1,0-2s,control,REMOVE_RANDOM,4,1,1,both_hit
b1PXsfgQw5w_1,0-2s,control,REMOVE_RANDOM,5,1,1,both_hit
b1PXsfgQw5w_1,0-2s,control,REMOVE_RANDOM,6,1,1,both_hit
b1PXsfgQw5w_1,0-2s,control,REMOVE_RANDOM,7,1,1,both_hit
b1PXsfgQw5w_1,0-2s,control,REMOVE_RANDOM,8,1,1,both_hit
b1PXsfgQw5w_1,0-2s,control,REMOVE_RANDOM,9,1,1,both_hit
b1PXsfgQw5w_1,0-2s,control,REMOVE_HARD,0,1,1,both_hit
b1PXsfgQw5w_2,0-2s,control,REMOVE_RANDOM,0,0,0,both_miss
b1PXsfgQw5w_2,0-2s,control,REMOVE_RANDOM,1,0,0,both_miss
b1PXsfgQw5w_2,0-2s,control,REMOVE_RANDOM,2,0,0,both_miss
b1PXsfgQw5w_2,0-2s,control,REMOVE_RANDOM,3,0,0,both_miss
b1PXsfgQw5w_2,0-2s,control,REMOVE_RANDOM,4,0,0,both_miss
b1PXsfgQw5w_2,0-2s,control,REMOVE_RANDOM,5,0,0,both_miss
b1PXsfgQw5w_2,0-2s,control,REMOVE_RANDOM,6,0,0,both_miss
b1PXsfgQw5w_2,0-2s,control,REMOVE_RANDOM,7,0,0,both_miss
b1PXsfgQw5w_2,0-2s,control,REMOVE_RANDOM,8,0,0,both_miss
b1PXsfgQw5w_2,0-2s,control,REMOVE_RANDOM,9,0,0,both_miss
b1PXsfgQw5w_2,0-2s,control,REMOVE_HARD,0,0,0,both_miss
bUTOsLXYyxg_1,2-5s,harmful,REMOVE_RANDOM,0,0,0,both_miss
bUTOsLXYyxg_1,2-5s,harmful,REMOVE_RANDOM,1,0,0,both_miss
bUTOsLXYyxg_1,2-5s,harmful,REMOVE_RANDOM,2,0,0,both_miss
bUTOsLXYyxg_1,2-5s,harmful,REMOVE_RANDOM,3,0,0,both_miss
bUTOsLXYyxg_1,2-5s,harmful,REMOVE_RANDOM,4,0,0,both_miss
bUTOsLXYyxg_1,2-5s,harmful,REMOVE_RANDOM,5,0,0,both_miss
bUTOsLXYyxg_1,2-5s,harmful,REMOVE_RANDOM,6,0,0,both_miss
bUTOsLXYyxg_1,2-5s,harmful,REMOVE_RANDOM,7,0,0,both_miss
bUTOsLXYyxg_1,2-5s,harmful,REMOVE_RANDOM,8,0,0,both_miss
bUTOsLXYyxg_1,2-5s,harmful,REMOVE_RANDOM,9,0,0,both_miss
bUTOsLXYyxg_1,2-5s,harmful,REMOVE_HARD,0,0,0,both_miss
bX2vDaHL26U_1,2-5s,control,REMOVE_RANDOM,0,1,1,both_hit
bX2vDaHL26U_1,2-5s,control,REMOVE_RANDOM,1,1,1,both_hit
bX2vDaHL26U_1,2-5s,control,REMOVE_RANDOM,2,1,1,both_hit
bX2vDaHL26U_1,2-5s,control,REMOVE_RANDOM,3,1,1,both_hit
bX2vDaHL26U_1,2-5s,control,REMOVE_RANDOM,4,1,1,both_hit
bX2vDaHL26U_1,2-5s,control,REMOVE_RANDOM,5,1,1,both_hit
bX2vDaHL26U_1,2-5s,control,REMOVE_RANDOM,6,1,1,both_hit
bX2vDaHL26U_1,2-5s,control,REMOVE_RANDOM,7,1,1,both_hit
bX2vDaHL26U_1,2-5s,control,REMOVE_RANDOM,8,1,1,both_hit
bX2vDaHL26U_1,2-5s,control,REMOVE_RANDOM,9,1,1,both_hit
bX2vDaHL26U_1,2-5s,control,REMOVE_HARD,0,1,1,both_hit
bX2vDaHL26U_2,0-2s,control,REMOVE_RANDOM,0,1,1,both_hit
bX2vDaHL26U_2,0-2s,control,REMOVE_RANDOM,1,1,1,both_hit
bX2vDaHL26U_2,0-2s,control,REMOVE_RANDOM,2,1,1,both_hit
bX2vDaHL26U_2,0-2s,control,REMOVE_RANDOM,3,1,1,both_hit
bX2vDaHL26U_2,0-2s,control,REMOVE_RANDOM,4,1,1,both_hit
bX2vDaHL26U_2,0-2s,control,REMOVE_RANDOM,5,1,1,both_hit
bX2vDaHL26U_2,0-2s,control,REMOVE_RANDOM,6,1,1,both_hit
bX2vDaHL26U_2,0-2s,control,REMOVE_RANDOM,7,1,1,both_hit
bX2vDaHL26U_2,0-2s,control,REMOVE_RANDOM,8,1,1,both_hit
bX2vDaHL26U_2,0-2s,control,REMOVE_RANDOM,9,1,1,both_hit
bX2vDaHL26U_2,0-2s,control,REMOVE_HARD,0,1,1,both_hit
bgbnu5YKTDg_4,2-5s,control,REMOVE_RANDOM,0,1,1,both_hit
bgbnu5YKTDg_4,2-5s,control,REMOVE_RANDOM,1,1,1,both_hit
bgbnu5YKTDg_4,2-5s,control,REMOVE_RANDOM,2,1,1,both_hit
bgbnu5YKTDg_4,2-5s,control,REMOVE_RANDOM,3,1,1,both_hit
bgbnu5YKTDg_4,2-5s,control,REMOVE_RANDOM,4,1,1,both_hit
bgbnu5YKTDg_4,2-5s,control,REMOVE_RANDOM,5,1,1,both_hit
bgbnu5YKTDg_4,2-5s,control,REMOVE_RANDOM,6,1,1,both_hit
bgbnu5YKTDg_4,2-5s,control,REMOVE_RANDOM,7,1,1,both_hit
bgbnu5YKTDg_4,2-5s,control,REMOVE_RANDOM,8,1,1,both_hit
bgbnu5YKTDg_4,2-5s,control,REMOVE_RANDOM,9,1,1,both_hit
bgbnu5YKTDg_4,2-5s,control,REMOVE_HARD,0,1,1,both_hit
bpv_LneHmfU_1,2-5s,control,REMOVE_RANDOM,0,0,0,both_miss
bpv_LneHmfU_1,2-5s,control,REMOVE_RANDOM,1,0,0,both_miss
bpv_LneHmfU_1,2-5s,control,REMOVE_RANDOM,2,0,0,both_miss
bpv_LneHmfU_1,2-5s,control,REMOVE_RANDOM,3,0,0,both_miss
bpv_LneHmfU_1,2-5s,control,REMOVE_RANDOM,4,0,0,both_miss
bpv_LneHmfU_1,2-5s,control,REMOVE_RANDOM,5,0,0,both_miss
bpv_LneHmfU_1,2-5s,control,REMOVE_RANDOM,6,0,0,both_miss
bpv_LneHmfU_1,2-5s,control,REMOVE_RANDOM,7,0,0,both_miss
bpv_LneHmfU_1,2-5s,control,REMOVE_RANDOM,8,0,0,both_miss
bpv_LneHmfU_1,2-5s,control,REMOVE_RANDOM,9,0,0,both_miss
bpv_LneHmfU_1,2-5s,control,REMOVE_HARD,0,0,0,both_miss
cPiSd5nJLrI_1,2-5s,harmful,REMOVE_RANDOM,0,0,0,both_miss
cPiSd5nJLrI_1,2-5s,harmful,REMOVE_RANDOM,1,0,0,both_miss
cPiSd5nJLrI_1,2-5s,harmful,REMOVE_RANDOM,2,0,0,both_miss
cPiSd5nJLrI_1,2-5s,harmful,REMOVE_RANDOM,3,0,0,both_miss
cPiSd5nJLrI_1,2-5s,harmful,REMOVE_RANDOM,4,0,0,both_miss
cPiSd5nJLrI_1,2-5s,harmful,REMOVE_RANDOM,5,0,0,both_miss
cPiSd5nJLrI_1,2-5s,harmful,REMOVE_RANDOM,6,0,0,both_miss
cPiSd5nJLrI_1,2-5s,harmful,REMOVE_RANDOM,7,0,0,both_miss
cPiSd5nJLrI_1,2-5s,harmful,REMOVE_RANDOM,8,0,0,both_miss
cPiSd5nJLrI_1,2-5s,harmful,REMOVE_RANDOM,9,0,0,both_miss
cPiSd5nJLrI_1,2-5s,harmful,REMOVE_HARD,0,0,1,miss_to_hit
cPiSd5nJLrI_2,2-5s,control,REMOVE_RANDOM,0,1,1,both_hit
cPiSd5nJLrI_2,2-5s,control,REMOVE_RANDOM,1,1,1,both_hit
cPiSd5nJLrI_2,2-5s,control,REMOVE_RANDOM,2,1,1,both_hit
cPiSd5nJLrI_2,2-5s,control,REMOVE_RANDOM,3,1,1,both_hit
cPiSd5nJLrI_2,2-5s,control,REMOVE_RANDOM,4,1,1,both_hit
cPiSd5nJLrI_2,2-5s,control,REMOVE_RANDOM,5,1,1,both_hit
cPiSd5nJLrI_2,2-5s,control,REMOVE_RANDOM,6,1,1,both_hit
cPiSd5nJLrI_2,2-5s,control,REMOVE_RANDOM,7,1,1,both_hit
cPiSd5nJLrI_2,2-5s,control,REMOVE_RANDOM,8,1,1,both_hit
cPiSd5nJLrI_2,2-5s,control,REMOVE_RANDOM,9,1,1,both_hit
cPiSd5nJLrI_2,2-5s,control,REMOVE_HARD,0,1,1,both_hit
cz0FSQDVBMw_2,0-2s,harmful,REMOVE_RANDOM,0,0,1,miss_to_hit
cz0FSQDVBMw_2,0-2s,harmful,REMOVE_RANDOM,1,0,0,both_miss
cz0FSQDVBMw_2,0-2s,harmful,REMOVE_RANDOM,2,0,0,both_miss
cz0FSQDVBMw_2,0-2s,harmful,REMOVE_RANDOM,3,0,0,both_miss
cz0FSQDVBMw_2,0-2s,harmful,REMOVE_RANDOM,4,0,0,both_miss
cz0FSQDVBMw_2,0-2s,harmful,REMOVE_RANDOM,5,0,0,both_miss
cz0FSQDVBMw_2,0-2s,harmful,REMOVE_RANDOM,6,0,0,both_miss
cz0FSQDVBMw_2,0-2s,harmful,REMOVE_RANDOM,7,0,0,both_miss
cz0FSQDVBMw_2,0-2s,harmful,REMOVE_RANDOM,8,0,0,both_miss
cz0FSQDVBMw_2,0-2s,harmful,REMOVE_RANDOM,9,0,0,both_miss
cz0FSQDVBMw_2,0-2s,harmful,REMOVE_HARD,0,0,0,both_miss
d6gu2w19YQo_1,2-5s,control,REMOVE_RANDOM,0,1,1,both_hit
d6gu2w19YQo_1,2-5s,control,REMOVE_RANDOM,1,1,1,both_hit
d6gu2w19YQo_1,2-5s,control,REMOVE_RANDOM,2,1,1,both_hit
d6gu2w19YQo_1,2-5s,control,REMOVE_RANDOM,3,1,1,both_hit
d6gu2w19YQo_1,2-5s,control,REMOVE_RANDOM,4,1,1,both_hit
d6gu2w19YQo_1,2-5s,control,REMOVE_RANDOM,5,1,1,both_hit
d6gu2w19YQo_1,2-5s,control,REMOVE_RANDOM,6,1,1,both_hit
d6gu2w19YQo_1,2-5s,control,REMOVE_RANDOM,7,1,1,both_hit
d6gu2w19YQo_1,2-5s,control,REMOVE_RANDOM,8,1,1,both_hit
d6gu2w19YQo_1,2-5s,control,REMOVE_RANDOM,9,1,1,both_hit
d6gu2w19YQo_1,2-5s,control,REMOVE_HARD,0,1,1,both_hit
dYvL6uEMl6E_1,0-2s,control,REMOVE_RANDOM,0,0,0,both_miss
dYvL6uEMl6E_1,0-2s,control,REMOVE_RANDOM,1,0,0,both_miss
dYvL6uEMl6E_1,0-2s,control,REMOVE_RANDOM,2,0,0,both_miss
dYvL6uEMl6E_1,0-2s,control,REMOVE_RANDOM,3,0,0,both_miss
dYvL6uEMl6E_1,0-2s,control,REMOVE_RANDOM,4,0,0,both_miss
dYvL6uEMl6E_1,0-2s,control,REMOVE_RANDOM,5,0,0,both_miss
dYvL6uEMl6E_1,0-2s,control,REMOVE_RANDOM,6,0,0,both_miss
dYvL6uEMl6E_1,0-2s,control,REMOVE_RANDOM,7,0,0,both_miss
dYvL6uEMl6E_1,0-2s,control,REMOVE_RANDOM,8,0,0,both_miss
dYvL6uEMl6E_1,0-2s,control,REMOVE_RANDOM,9,0,0,both_miss
dYvL6uEMl6E_1,0-2s,control,REMOVE_HARD,0,0,0,both_miss
dkiwn2FdDVw_2,2-5s,control,REMOVE_RANDOM,0,0,0,both_miss
dkiwn2FdDVw_2,2-5s,control,REMOVE_RANDOM,1,0,0,both_miss
dkiwn2FdDVw_2,2-5s,control,REMOVE_RANDOM,2,0,0,both_miss
dkiwn2FdDVw_2,2-5s,control,REMOVE_RANDOM,3,0,0,both_miss
dkiwn2FdDVw_2,2-5s,control,REMOVE_RANDOM,4,0,0,both_miss
dkiwn2FdDVw_2,2-5s,control,REMOVE_RANDOM,5,0,0,both_miss
dkiwn2FdDVw_2,2-5s,control,REMOVE_RANDOM,6,0,0,both_miss
dkiwn2FdDVw_2,2-5s,control,REMOVE_RANDOM,7,0,0,both_miss
dkiwn2FdDVw_2,2-5s,control,REMOVE_RANDOM,8,0,0,both_miss
dkiwn2FdDVw_2,2-5s,control,REMOVE_RANDOM,9,0,0,both_miss
dkiwn2FdDVw_2,2-5s,control,REMOVE_HARD,0,0,0,both_miss
dkiwn2FdDVw_3,0-2s,control,REMOVE_RANDOM,0,0,0,both_miss
dkiwn2FdDVw_3,0-2s,control,REMOVE_RANDOM,1,0,0,both_miss
dkiwn2FdDVw_3,0-2s,control,REMOVE_RANDOM,2,0,0,both_miss
dkiwn2FdDVw_3,0-2s,control,REMOVE_RANDOM,3,0,0,both_miss
dkiwn2FdDVw_3,0-2s,control,REMOVE_RANDOM,4,0,0,both_miss
dkiwn2FdDVw_3,0-2s,control,REMOVE_RANDOM,5,0,0,both_miss
dkiwn2FdDVw_3,0-2s,control,REMOVE_RANDOM,6,0,0,both_miss
dkiwn2FdDVw_3,0-2s,control,REMOVE_RANDOM,7,0,0,both_miss
dkiwn2FdDVw_3,0-2s,control,REMOVE_RANDOM,8,0,0,both_miss
dkiwn2FdDVw_3,0-2s,control,REMOVE_RANDOM,9,0,0,both_miss
dkiwn2FdDVw_3,0-2s,control,REMOVE_HARD,0,0,0,both_miss
dkiwn2FdDVw_4,2-5s,harmful,REMOVE_RANDOM,0,1,1,both_hit
dkiwn2FdDVw_4,2-5s,harmful,REMOVE_RANDOM,1,1,1,both_hit
dkiwn2FdDVw_4,2-5s,harmful,REMOVE_RANDOM,2,1,1,both_hit
dkiwn2FdDVw_4,2-5s,harmful,REMOVE_RANDOM,3,1,1,both_hit
dkiwn2FdDVw_4,2-5s,harmful,REMOVE_RANDOM,4,1,1,both_hit
dkiwn2FdDVw_4,2-5s,harmful,REMOVE_RANDOM,5,1,1,both_hit
dkiwn2FdDVw_4,2-5s,harmful,REMOVE_RANDOM,6,1,1,both_hit
dkiwn2FdDVw_4,2-5s,harmful,REMOVE_RANDOM,7,1,1,both_hit
dkiwn2FdDVw_4,2-5s,harmful,REMOVE_RANDOM,8,1,1,both_hit
dkiwn2FdDVw_4,2-5s,harmful,REMOVE_RANDOM,9,1,1,both_hit
dkiwn2FdDVw_4,2-5s,harmful,REMOVE_HARD,0,1,1,both_hit
e2rScj9UyMs_2,0-2s,harmful,REMOVE_RANDOM,0,1,1,both_hit
e2rScj9UyMs_2,0-2s,harmful,REMOVE_RANDOM,1,1,1,both_hit
e2rScj9UyMs_2,0-2s,harmful,REMOVE_RANDOM,2,1,1,both_hit
e2rScj9UyMs_2,0-2s,harmful,REMOVE_RANDOM,3,1,1,both_hit
e2rScj9UyMs_2,0-2s,harmful,REMOVE_RANDOM,4,1,1,both_hit
e2rScj9UyMs_2,0-2s,harmful,REMOVE_RANDOM,5,1,1,both_hit
e2rScj9UyMs_2,0-2s,harmful,REMOVE_RANDOM,6,1,1,both_hit
e2rScj9UyMs_2,0-2s,harmful,REMOVE_RANDOM,7,1,1,both_hit
e2rScj9UyMs_2,0-2s,harmful,REMOVE_RANDOM,8,1,1,both_hit
e2rScj9UyMs_2,0-2s,harmful,REMOVE_RANDOM,9,1,1,both_hit
e2rScj9UyMs_2,0-2s,harmful,REMOVE_HARD,0,1,1,both_hit
eRU-rABp8nk_2,2-5s,harmful,REMOVE_RANDOM,0,1,1,both_hit
eRU-rABp8nk_2,2-5s,harmful,REMOVE_RANDOM,1,1,1,both_hit
eRU-rABp8nk_2,2-5s,harmful,REMOVE_RANDOM,2,1,1,both_hit
eRU-rABp8nk_2,2-5s,harmful,REMOVE_RANDOM,3,1,1,both_hit
eRU-rABp8nk_2,2-5s,harmful,REMOVE_RANDOM,4,1,1,both_hit
eRU-rABp8nk_2,2-5s,harmful,REMOVE_RANDOM,5,1,1,both_hit
eRU-rABp8nk_2,2-5s,harmful,REMOVE_RANDOM,6,1,1,both_hit
eRU-rABp8nk_2,2-5s,harmful,REMOVE_RANDOM,7,1,1,both_hit
eRU-rABp8nk_2,2-5s,harmful,REMOVE_RANDOM,8,1,1,both_hit
eRU-rABp8nk_2,2-5s,harmful,REMOVE_RANDOM,9,1,1,both_hit
eRU-rABp8nk_2,2-5s,harmful,REMOVE_HARD,0,1,1,both_hit
eRU-rABp8nk_3,0-2s,control,REMOVE_RANDOM,0,0,0,both_miss
eRU-rABp8nk_3,0-2s,control,REMOVE_RANDOM,1,0,0,both_miss
eRU-rABp8nk_3,0-2s,control,REMOVE_RANDOM,2,0,0,both_miss
eRU-rABp8nk_3,0-2s,control,REMOVE_RANDOM,3,0,0,both_miss
eRU-rABp8nk_3,0-2s,control,REMOVE_RANDOM,4,0,0,both_miss
eRU-rABp8nk_3,0-2s,control,REMOVE_RANDOM,5,0,0,both_miss
eRU-rABp8nk_3,0-2s,control,REMOVE_RANDOM,6,0,0,both_miss
eRU-rABp8nk_3,0-2s,control,REMOVE_RANDOM,7,0,0,both_miss
eRU-rABp8nk_3,0-2s,control,REMOVE_RANDOM,8,0,0,both_miss
eRU-rABp8nk_3,0-2s,control,REMOVE_RANDOM,9,0,0,both_miss
eRU-rABp8nk_3,0-2s,control,REMOVE_HARD,0,0,0,both_miss
eUecAF626A8_2,2-5s,harmful,REMOVE_RANDOM,0,0,0,both_miss
eUecAF626A8_2,2-5s,harmful,REMOVE_RANDOM,1,0,0,both_miss
eUecAF626A8_2,2-5s,harmful,REMOVE_RANDOM,2,0,0,both_miss
eUecAF626A8_2,2-5s,harmful,REMOVE_RANDOM,3,0,0,both_miss
eUecAF626A8_2,2-5s,harmful,REMOVE_RANDOM,4,0,0,both_miss
eUecAF626A8_2,2-5s,harmful,REMOVE_RANDOM,5,0,0,both_miss
eUecAF626A8_2,2-5s,harmful,REMOVE_RANDOM,6,0,0,both_miss
eUecAF626A8_2,2-5s,harmful,REMOVE_RANDOM,7,0,0,both_miss
eUecAF626A8_2,2-5s,harmful,REMOVE_RANDOM,8,0,0,both_miss
eUecAF626A8_2,2-5s,harmful,REMOVE_RANDOM,9,0,0,both_miss
eUecAF626A8_2,2-5s,harmful,REMOVE_HARD,0,0,0,both_miss
eYbFtxZmKL4_1,2-5s,control,REMOVE_RANDOM,0,0,0,both_miss
eYbFtxZmKL4_1,2-5s,control,REMOVE_RANDOM,1,0,0,both_miss
eYbFtxZmKL4_1,2-5s,control,REMOVE_RANDOM,2,0,0,both_miss
eYbFtxZmKL4_1,2-5s,control,REMOVE_RANDOM,3,0,0,both_miss
eYbFtxZmKL4_1,2-5s,control,REMOVE_RANDOM,4,0,0,both_miss
eYbFtxZmKL4_1,2-5s,control,REMOVE_RANDOM,5,0,0,both_miss
eYbFtxZmKL4_1,2-5s,control,REMOVE_RANDOM,6,0,0,both_miss
eYbFtxZmKL4_1,2-5s,control,REMOVE_RANDOM,7,0,0,both_miss
eYbFtxZmKL4_1,2-5s,control,REMOVE_RANDOM,8,0,0,both_miss
eYbFtxZmKL4_1,2-5s,control,REMOVE_RANDOM,9,0,0,both_miss
eYbFtxZmKL4_1,2-5s,control,REMOVE_HARD,0,0,0,both_miss
elztUCeNQvQ_1,2-5s,control,REMOVE_RANDOM,0,1,1,both_hit
elztUCeNQvQ_1,2-5s,control,REMOVE_RANDOM,1,1,1,both_hit
elztUCeNQvQ_1,2-5s,control,REMOVE_RANDOM,2,1,1,both_hit
elztUCeNQvQ_1,2-5s,control,REMOVE_RANDOM,3,1,1,both_hit
elztUCeNQvQ_1,2-5s,control,REMOVE_RANDOM,4,1,1,both_hit
elztUCeNQvQ_1,2-5s,control,REMOVE_RANDOM,5,1,1,both_hit
elztUCeNQvQ_1,2-5s,control,REMOVE_RANDOM,6,1,1,both_hit
elztUCeNQvQ_1,2-5s,control,REMOVE_RANDOM,7,1,1,both_hit
elztUCeNQvQ_1,2-5s,control,REMOVE_RANDOM,8,1,1,both_hit
elztUCeNQvQ_1,2-5s,control,REMOVE_RANDOM,9,1,1,both_hit
elztUCeNQvQ_1,2-5s,control,REMOVE_HARD,0,1,1,both_hit
elztUCeNQvQ_2,2-5s,harmful,REMOVE_RANDOM,0,1,1,both_hit
elztUCeNQvQ_2,2-5s,harmful,REMOVE_RANDOM,1,1,0,hit_to_miss
elztUCeNQvQ_2,2-5s,harmful,REMOVE_RANDOM,2,1,1,both_hit
elztUCeNQvQ_2,2-5s,harmful,REMOVE_RANDOM,3,1,0,hit_to_miss
elztUCeNQvQ_2,2-5s,harmful,REMOVE_RANDOM,4,1,0,hit_to_miss
elztUCeNQvQ_2,2-5s,harmful,REMOVE_RANDOM,5,1,1,both_hit
elztUCeNQvQ_2,2-5s,harmful,REMOVE_RANDOM,6,1,0,hit_to_miss
elztUCeNQvQ_2,2-5s,harmful,REMOVE_RANDOM,7,1,1,both_hit
elztUCeNQvQ_2,2-5s,harmful,REMOVE_RANDOM,8,1,1,both_hit
elztUCeNQvQ_2,2-5s,harmful,REMOVE_RANDOM,9,1,1,both_hit
elztUCeNQvQ_2,2-5s,harmful,REMOVE_HARD,0,1,0,hit_to_miss
elztUCeNQvQ_5,2-5s,control,REMOVE_RANDOM,0,1,1,both_hit
elztUCeNQvQ_5,2-5s,control,REMOVE_RANDOM,1,1,1,both_hit
elztUCeNQvQ_5,2-5s,control,REMOVE_RANDOM,2,1,1,both_hit
elztUCeNQvQ_5,2-5s,control,REMOVE_RANDOM,3,1,1,both_hit
elztUCeNQvQ_5,2-5s,control,REMOVE_RANDOM,4,1,1,both_hit
elztUCeNQvQ_5,2-5s,control,REMOVE_RANDOM,5,1,1,both_hit
elztUCeNQvQ_5,2-5s,control,REMOVE_RANDOM,6,1,1,both_hit
elztUCeNQvQ_5,2-5s,control,REMOVE_RANDOM,7,1,1,both_hit
elztUCeNQvQ_5,2-5s,control,REMOVE_RANDOM,8,1,1,both_hit
elztUCeNQvQ_5,2-5s,control,REMOVE_RANDOM,9,1,1,both_hit
elztUCeNQvQ_5,2-5s,control,REMOVE_HARD,0,1,1,both_hit
emGPabOePzA_1,2-5s,control,REMOVE_RANDOM,0,1,1,both_hit
emGPabOePzA_1,2-5s,control,REMOVE_RANDOM,1,1,1,both_hit
emGPabOePzA_1,2-5s,control,REMOVE_RANDOM,2,1,1,both_hit
emGPabOePzA_1,2-5s,control,REMOVE_RANDOM,3,1,1,both_hit
emGPabOePzA_1,2-5s,control,REMOVE_RANDOM,4,1,1,both_hit
emGPabOePzA_1,2-5s,control,REMOVE_RANDOM,5,1,1,both_hit
emGPabOePzA_1,2-5s,control,REMOVE_RANDOM,6,1,1,both_hit
emGPabOePzA_1,2-5s,control,REMOVE_RANDOM,7,1,1,both_hit
emGPabOePzA_1,2-5s,control,REMOVE_RANDOM,8,1,1,both_hit
emGPabOePzA_1,2-5s,control,REMOVE_RANDOM,9,1,1,both_hit
emGPabOePzA_1,2-5s,control,REMOVE_HARD,0,1,1,both_hit
eu5bq0A3XVQ_2,2-5s,harmful,REMOVE_RANDOM,0,1,1,both_hit
eu5bq0A3XVQ_2,2-5s,harmful,REMOVE_RANDOM,1,1,1,both_hit
eu5bq0A3XVQ_2,2-5s,harmful,REMOVE_RANDOM,2,1,1,both_hit
eu5bq0A3XVQ_2,2-5s,harmful,REMOVE_RANDOM,3,1,1,both_hit
eu5bq0A3XVQ_2,2-5s,harmful,REMOVE_RANDOM,4,1,1,both_hit
eu5bq0A3XVQ_2,2-5s,harmful,REMOVE_RANDOM,5,1,1,both_hit
eu5bq0A3XVQ_2,2-5s,harmful,REMOVE_RANDOM,6,1,1,both_hit
eu5bq0A3XVQ_2,2-5s,harmful,REMOVE_RANDOM,7,1,1,both_hit
eu5bq0A3XVQ_2,2-5s,harmful,REMOVE_RANDOM,8,1,1,both_hit
eu5bq0A3XVQ_2,2-5s,harmful,REMOVE_RANDOM,9,1,1,both_hit
eu5bq0A3XVQ_2,2-5s,harmful,REMOVE_HARD,0,1,1,both_hit
eu5bq0A3XVQ_3,2-5s,harmful,REMOVE_RANDOM,0,1,1,both_hit
eu5bq0A3XVQ_3,2-5s,harmful,REMOVE_RANDOM,1,1,1,both_hit
eu5bq0A3XVQ_3,2-5s,harmful,REMOVE_RANDOM,2,1,1,both_hit
eu5bq0A3XVQ_3,2-5s,harmful,REMOVE_RANDOM,3,1,1,both_hit
eu5bq0A3XVQ_3,2-5s,harmful,REMOVE_RANDOM,4,1,1,both_hit
eu5bq0A3XVQ_3,2-5s,harmful,REMOVE_RANDOM,5,1,1,both_hit
eu5bq0A3XVQ_3,2-5s,harmful,REMOVE_RANDOM,6,1,1,both_hit
eu5bq0A3XVQ_3,2-5s,harmful,REMOVE_RANDOM,7,1,1,both_hit
eu5bq0A3XVQ_3,2-5s,harmful,REMOVE_RANDOM,8,1,1,both_hit
eu5bq0A3XVQ_3,2-5s,harmful,REMOVE_RANDOM,9,1,1,both_hit
eu5bq0A3XVQ_3,2-5s,harmful,REMOVE_HARD,0,1,1,both_hit
fGGYeXR_LS8_1,2-5s,control,REMOVE_RANDOM,0,1,1,both_hit
fGGYeXR_LS8_1,2-5s,control,REMOVE_RANDOM,1,1,1,both_hit
fGGYeXR_LS8_1,2-5s,control,REMOVE_RANDOM,2,1,1,both_hit
fGGYeXR_LS8_1,2-5s,control,REMOVE_RANDOM,3,1,1,both_hit
fGGYeXR_LS8_1,2-5s,control,REMOVE_RANDOM,4,1,1,both_hit
fGGYeXR_LS8_1,2-5s,control,REMOVE_RANDOM,5,1,1,both_hit
fGGYeXR_LS8_1,2-5s,control,REMOVE_RANDOM,6,1,1,both_hit
fGGYeXR_LS8_1,2-5s,control,REMOVE_RANDOM,7,1,1,both_hit
fGGYeXR_LS8_1,2-5s,control,REMOVE_RANDOM,8,1,1,both_hit
fGGYeXR_LS8_1,2-5s,control,REMOVE_RANDOM,9,1,1,both_hit
fGGYeXR_LS8_1,2-5s,control,REMOVE_HARD,0,1,1,both_hit
fK4QBQZ6i7w_1,2-5s,harmful,REMOVE_RANDOM,0,0,0,both_miss
fK4QBQZ6i7w_1,2-5s,harmful,REMOVE_RANDOM,1,0,0,both_miss
fK4QBQZ6i7w_1,2-5s,harmful,REMOVE_RANDOM,2,0,0,both_miss
fK4QBQZ6i7w_1,2-5s,harmful,REMOVE_RANDOM,3,0,0,both_miss
fK4QBQZ6i7w_1,2-5s,harmful,REMOVE_RANDOM,4,0,0,both_miss
fK4QBQZ6i7w_1,2-5s,harmful,REMOVE_RANDOM,5,0,0,both_miss
fK4QBQZ6i7w_1,2-5s,harmful,REMOVE_RANDOM,6,0,0,both_miss
fK4QBQZ6i7w_1,2-5s,harmful,REMOVE_RANDOM,7,0,0,both_miss
fK4QBQZ6i7w_1,2-5s,harmful,REMOVE_RANDOM,8,0,0,both_miss
fK4QBQZ6i7w_1,2-5s,harmful,REMOVE_RANDOM,9,0,0,both_miss
fK4QBQZ6i7w_1,2-5s,harmful,REMOVE_HARD,0,0,1,miss_to_hit
fPqj3nnwQOI_1,2-5s,control,REMOVE_RANDOM,0,1,1,both_hit
fPqj3nnwQOI_1,2-5s,control,REMOVE_RANDOM,1,1,1,both_hit
fPqj3nnwQOI_1,2-5s,control,REMOVE_RANDOM,2,1,1,both_hit
fPqj3nnwQOI_1,2-5s,control,REMOVE_RANDOM,3,1,1,both_hit
fPqj3nnwQOI_1,2-5s,control,REMOVE_RANDOM,4,1,1,both_hit
fPqj3nnwQOI_1,2-5s,control,REMOVE_RANDOM,5,1,1,both_hit
fPqj3nnwQOI_1,2-5s,control,REMOVE_RANDOM,6,1,1,both_hit
fPqj3nnwQOI_1,2-5s,control,REMOVE_RANDOM,7,1,1,both_hit
fPqj3nnwQOI_1,2-5s,control,REMOVE_RANDOM,8,1,1,both_hit
fPqj3nnwQOI_1,2-5s,control,REMOVE_RANDOM,9,1,1,both_hit
fPqj3nnwQOI_1,2-5s,control,REMOVE_HARD,0,1,1,both_hit
fPqj3nnwQOI_2,2-5s,control,REMOVE_RANDOM,0,1,1,both_hit
fPqj3nnwQOI_2,2-5s,control,REMOVE_RANDOM,1,1,1,both_hit
fPqj3nnwQOI_2,2-5s,control,REMOVE_RANDOM,2,1,1,both_hit
fPqj3nnwQOI_2,2-5s,control,REMOVE_RANDOM,3,1,1,both_hit
fPqj3nnwQOI_2,2-5s,control,REMOVE_RANDOM,4,1,1,both_hit
fPqj3nnwQOI_2,2-5s,control,REMOVE_RANDOM,5,1,1,both_hit
fPqj3nnwQOI_2,2-5s,control,REMOVE_RANDOM,6,1,1,both_hit
fPqj3nnwQOI_2,2-5s,control,REMOVE_RANDOM,7,1,1,both_hit
fPqj3nnwQOI_2,2-5s,control,REMOVE_RANDOM,8,1,1,both_hit
fPqj3nnwQOI_2,2-5s,control,REMOVE_RANDOM,9,1,1,both_hit
fPqj3nnwQOI_2,2-5s,control,REMOVE_HARD,0,1,1,both_hit
fPqj3nnwQOI_3,0-2s,harmful,REMOVE_RANDOM,0,0,0,both_miss
fPqj3nnwQOI_3,0-2s,harmful,REMOVE_RANDOM,1,0,0,both_miss
fPqj3nnwQOI_3,0-2s,harmful,REMOVE_RANDOM,2,0,1,miss_to_hit
fPqj3nnwQOI_3,0-2s,harmful,REMOVE_RANDOM,3,0,0,both_miss
fPqj3nnwQOI_3,0-2s,harmful,REMOVE_RANDOM,4,0,0,both_miss
fPqj3nnwQOI_3,0-2s,harmful,REMOVE_RANDOM,5,0,0,both_miss
fPqj3nnwQOI_3,0-2s,harmful,REMOVE_RANDOM,6,0,0,both_miss
fPqj3nnwQOI_3,0-2s,harmful,REMOVE_RANDOM,7,0,0,both_miss
fPqj3nnwQOI_3,0-2s,harmful,REMOVE_RANDOM,8,0,0,both_miss
fPqj3nnwQOI_3,0-2s,harmful,REMOVE_RANDOM,9,0,0,both_miss
fPqj3nnwQOI_3,0-2s,harmful,REMOVE_HARD,0,0,0,both_miss
fPqj3nnwQOI_4,0-2s,harmful,REMOVE_RANDOM,0,0,0,both_miss
fPqj3nnwQOI_4,0-2s,harmful,REMOVE_RANDOM,1,0,0,both_miss
fPqj3nnwQOI_4,0-2s,harmful,REMOVE_RANDOM,2,0,0,both_miss
fPqj3nnwQOI_4,0-2s,harmful,REMOVE_RANDOM,3,0,0,both_miss
fPqj3nnwQOI_4,0-2s,harmful,REMOVE_RANDOM,4,0,0,both_miss
fPqj3nnwQOI_4,0-2s,harmful,REMOVE_RANDOM,5,0,0,both_miss
fPqj3nnwQOI_4,0-2s,harmful,REMOVE_RANDOM,6,0,0,both_miss
fPqj3nnwQOI_4,0-2s,harmful,REMOVE_RANDOM,7,0,0,both_miss
fPqj3nnwQOI_4,0-2s,harmful,REMOVE_RANDOM,8,0,0,both_miss
fPqj3nnwQOI_4,0-2s,harmful,REMOVE_RANDOM,9,0,0,both_miss
fPqj3nnwQOI_4,0-2s,harmful,REMOVE_HARD,0,0,0,both_miss
fWvWhLJ5Fow_1,2-5s,control,REMOVE_RANDOM,0,1,1,both_hit
fWvWhLJ5Fow_1,2-5s,control,REMOVE_RANDOM,1,1,1,both_hit
fWvWhLJ5Fow_1,2-5s,control,REMOVE_RANDOM,2,1,1,both_hit
fWvWhLJ5Fow_1,2-5s,control,REMOVE_RANDOM,3,1,1,both_hit
fWvWhLJ5Fow_1,2-5s,control,REMOVE_RANDOM,4,1,1,both_hit
fWvWhLJ5Fow_1,2-5s,control,REMOVE_RANDOM,5,1,1,both_hit
fWvWhLJ5Fow_1,2-5s,control,REMOVE_RANDOM,6,1,1,both_hit
fWvWhLJ5Fow_1,2-5s,control,REMOVE_RANDOM,7,1,1,both_hit
fWvWhLJ5Fow_1,2-5s,control,REMOVE_RANDOM,8,1,1,both_hit
fWvWhLJ5Fow_1,2-5s,control,REMOVE_RANDOM,9,1,1,both_hit
fWvWhLJ5Fow_1,2-5s,control,REMOVE_HARD,0,1,1,both_hit
fWvWhLJ5Fow_3,2-5s,control,REMOVE_RANDOM,0,1,1,both_hit
fWvWhLJ5Fow_3,2-5s,control,REMOVE_RANDOM,1,1,1,both_hit
fWvWhLJ5Fow_3,2-5s,control,REMOVE_RANDOM,2,1,1,both_hit
fWvWhLJ5Fow_3,2-5s,control,REMOVE_RANDOM,3,1,1,both_hit
fWvWhLJ5Fow_3,2-5s,control,REMOVE_RANDOM,4,1,1,both_hit
fWvWhLJ5Fow_3,2-5s,control,REMOVE_RANDOM,5,1,1,both_hit
fWvWhLJ5Fow_3,2-5s,control,REMOVE_RANDOM,6,1,1,both_hit
fWvWhLJ5Fow_3,2-5s,control,REMOVE_RANDOM,7,1,1,both_hit
fWvWhLJ5Fow_3,2-5s,control,REMOVE_RANDOM,8,1,1,both_hit
fWvWhLJ5Fow_3,2-5s,control,REMOVE_RANDOM,9,1,1,both_hit
fWvWhLJ5Fow_3,2-5s,control,REMOVE_HARD,0,1,1,both_hit
fYTZVxQ8LJk_2,2-5s,control,REMOVE_RANDOM,0,1,1,both_hit
fYTZVxQ8LJk_2,2-5s,control,REMOVE_RANDOM,1,1,1,both_hit
fYTZVxQ8LJk_2,2-5s,control,REMOVE_RANDOM,2,1,1,both_hit
fYTZVxQ8LJk_2,2-5s,control,REMOVE_RANDOM,3,1,1,both_hit
fYTZVxQ8LJk_2,2-5s,control,REMOVE_RANDOM,4,1,1,both_hit
fYTZVxQ8LJk_2,2-5s,control,REMOVE_RANDOM,5,1,1,both_hit
fYTZVxQ8LJk_2,2-5s,control,REMOVE_RANDOM,6,1,1,both_hit
fYTZVxQ8LJk_2,2-5s,control,REMOVE_RANDOM,7,1,1,both_hit
fYTZVxQ8LJk_2,2-5s,control,REMOVE_RANDOM,8,1,1,both_hit
fYTZVxQ8LJk_2,2-5s,control,REMOVE_RANDOM,9,1,1,both_hit
fYTZVxQ8LJk_2,2-5s,control,REMOVE_HARD,0,1,1,both_hit
fYTZVxQ8LJk_3,2-5s,control,REMOVE_RANDOM,0,1,1,both_hit
fYTZVxQ8LJk_3,2-5s,control,REMOVE_RANDOM,1,1,1,both_hit
fYTZVxQ8LJk_3,2-5s,control,REMOVE_RANDOM,2,1,1,both_hit
fYTZVxQ8LJk_3,2-5s,control,REMOVE_RANDOM,3,1,1,both_hit
fYTZVxQ8LJk_3,2-5s,control,REMOVE_RANDOM,4,1,1,both_hit
fYTZVxQ8LJk_3,2-5s,control,REMOVE_RANDOM,5,1,1,both_hit
fYTZVxQ8LJk_3,2-5s,control,REMOVE_RANDOM,6,1,1,both_hit
fYTZVxQ8LJk_3,2-5s,control,REMOVE_RANDOM,7,1,1,both_hit
fYTZVxQ8LJk_3,2-5s,control,REMOVE_RANDOM,8,1,1,both_hit
fYTZVxQ8LJk_3,2-5s,control,REMOVE_RANDOM,9,1,1,both_hit
fYTZVxQ8LJk_3,2-5s,control,REMOVE_HARD,0,1,1,both_hit
fmEft49sPfE_2,2-5s,control,REMOVE_RANDOM,0,0,0,both_miss
fmEft49sPfE_2,2-5s,control,REMOVE_RANDOM,1,0,0,both_miss
fmEft49sPfE_2,2-5s,control,REMOVE_RANDOM,2,0,0,both_miss
fmEft49sPfE_2,2-5s,control,REMOVE_RANDOM,3,0,0,both_miss
fmEft49sPfE_2,2-5s,control,REMOVE_RANDOM,4,0,0,both_miss
fmEft49sPfE_2,2-5s,control,REMOVE_RANDOM,5,0,0,both_miss
fmEft49sPfE_2,2-5s,control,REMOVE_RANDOM,6,0,0,both_miss
fmEft49sPfE_2,2-5s,control,REMOVE_RANDOM,7,0,0,both_miss
fmEft49sPfE_2,2-5s,control,REMOVE_RANDOM,8,0,0,both_miss
fmEft49sPfE_2,2-5s,control,REMOVE_RANDOM,9,0,0,both_miss
fmEft49sPfE_2,2-5s,control,REMOVE_HARD,0,0,0,both_miss
frOqlk0Wm5Y_1,0-2s,control,REMOVE_RANDOM,0,1,1,both_hit
frOqlk0Wm5Y_1,0-2s,control,REMOVE_RANDOM,1,1,1,both_hit
frOqlk0Wm5Y_1,0-2s,control,REMOVE_RANDOM,2,1,1,both_hit
frOqlk0Wm5Y_1,0-2s,control,REMOVE_RANDOM,3,1,1,both_hit
frOqlk0Wm5Y_1,0-2s,control,REMOVE_RANDOM,4,1,1,both_hit
frOqlk0Wm5Y_1,0-2s,control,REMOVE_RANDOM,5,1,1,both_hit
frOqlk0Wm5Y_1,0-2s,control,REMOVE_RANDOM,6,1,1,both_hit
frOqlk0Wm5Y_1,0-2s,control,REMOVE_RANDOM,7,1,1,both_hit
frOqlk0Wm5Y_1,0-2s,control,REMOVE_RANDOM,8,1,1,both_hit
frOqlk0Wm5Y_1,0-2s,control,REMOVE_RANDOM,9,1,1,both_hit
frOqlk0Wm5Y_1,0-2s,control,REMOVE_HARD,0,1,1,both_hit
frOqlk0Wm5Y_3,2-5s,control,REMOVE_RANDOM,0,1,1,both_hit
frOqlk0Wm5Y_3,2-5s,control,REMOVE_RANDOM,1,1,1,both_hit
frOqlk0Wm5Y_3,2-5s,control,REMOVE_RANDOM,2,1,1,both_hit
frOqlk0Wm5Y_3,2-5s,control,REMOVE_RANDOM,3,1,1,both_hit
frOqlk0Wm5Y_3,2-5s,control,REMOVE_RANDOM,4,1,1,both_hit
frOqlk0Wm5Y_3,2-5s,control,REMOVE_RANDOM,5,1,1,both_hit
frOqlk0Wm5Y_3,2-5s,control,REMOVE_RANDOM,6,1,1,both_hit
frOqlk0Wm5Y_3,2-5s,control,REMOVE_RANDOM,7,1,1,both_hit
frOqlk0Wm5Y_3,2-5s,control,REMOVE_RANDOM,8,1,1,both_hit
frOqlk0Wm5Y_3,2-5s,control,REMOVE_RANDOM,9,1,1,both_hit
frOqlk0Wm5Y_3,2-5s,control,REMOVE_HARD,0,1,1,both_hit
fwhkCnOeyC0_1,2-5s,control,REMOVE_RANDOM,0,1,1,both_hit
fwhkCnOeyC0_1,2-5s,control,REMOVE_RANDOM,1,1,1,both_hit
fwhkCnOeyC0_1,2-5s,control,REMOVE_RANDOM,2,1,1,both_hit
fwhkCnOeyC0_1,2-5s,control,REMOVE_RANDOM,3,1,1,both_hit
fwhkCnOeyC0_1,2-5s,control,REMOVE_RANDOM,4,1,1,both_hit
fwhkCnOeyC0_1,2-5s,control,REMOVE_RANDOM,5,1,1,both_hit
fwhkCnOeyC0_1,2-5s,control,REMOVE_RANDOM,6,1,1,both_hit
fwhkCnOeyC0_1,2-5s,control,REMOVE_RANDOM,7,1,1,both_hit
fwhkCnOeyC0_1,2-5s,control,REMOVE_RANDOM,8,1,1,both_hit
fwhkCnOeyC0_1,2-5s,control,REMOVE_RANDOM,9,1,1,both_hit
fwhkCnOeyC0_1,2-5s,control,REMOVE_HARD,0,1,1,both_hit
fwhkCnOeyC0_3,2-5s,control,REMOVE_RANDOM,0,1,1,both_hit
fwhkCnOeyC0_3,2-5s,control,REMOVE_RANDOM,1,1,1,both_hit
fwhkCnOeyC0_3,2-5s,control,REMOVE_RANDOM,2,1,1,both_hit
fwhkCnOeyC0_3,2-5s,control,REMOVE_RANDOM,3,1,1,both_hit
fwhkCnOeyC0_3,2-5s,control,REMOVE_RANDOM,4,1,1,both_hit
fwhkCnOeyC0_3,2-5s,control,REMOVE_RANDOM,5,1,1,both_hit
fwhkCnOeyC0_3,2-5s,control,REMOVE_RANDOM,6,1,1,both_hit
fwhkCnOeyC0_3,2-5s,control,REMOVE_RANDOM,7,1,1,both_hit
fwhkCnOeyC0_3,2-5s,control,REMOVE_RANDOM,8,1,1,both_hit
fwhkCnOeyC0_3,2-5s,control,REMOVE_RANDOM,9,1,1,both_hit
fwhkCnOeyC0_3,2-5s,control,REMOVE_HARD,0,1,0,hit_to_miss
gW7s3YAthpI_1,2-5s,harmful,REMOVE_RANDOM,0,0,0,both_miss
gW7s3YAthpI_1,2-5s,harmful,REMOVE_RANDOM,1,0,0,both_miss
gW7s3YAthpI_1,2-5s,harmful,REMOVE_RANDOM,2,0,0,both_miss
gW7s3YAthpI_1,2-5s,harmful,REMOVE_RANDOM,3,0,0,both_miss
gW7s3YAthpI_1,2-5s,harmful,REMOVE_RANDOM,4,0,0,both_miss
gW7s3YAthpI_1,2-5s,harmful,REMOVE_RANDOM,5,0,0,both_miss
gW7s3YAthpI_1,2-5s,harmful,REMOVE_RANDOM,6,0,0,both_miss
gW7s3YAthpI_1,2-5s,harmful,REMOVE_RANDOM,7,0,0,both_miss
gW7s3YAthpI_1,2-5s,harmful,REMOVE_RANDOM,8,0,0,both_miss
gW7s3YAthpI_1,2-5s,harmful,REMOVE_RANDOM,9,0,0,both_miss
gW7s3YAthpI_1,2-5s,harmful,REMOVE_HARD,0,0,0,both_miss
gW7s3YAthpI_2,2-5s,harmful,REMOVE_RANDOM,0,0,0,both_miss
gW7s3YAthpI_2,2-5s,harmful,REMOVE_RANDOM,1,0,0,both_miss
gW7s3YAthpI_2,2-5s,harmful,REMOVE_RANDOM,2,0,0,both_miss
gW7s3YAthpI_2,2-5s,harmful,REMOVE_RANDOM,3,0,0,both_miss
gW7s3YAthpI_2,2-5s,harmful,REMOVE_RANDOM,4,0,0,both_miss
gW7s3YAthpI_2,2-5s,harmful,REMOVE_RANDOM,5,0,0,both_miss
gW7s3YAthpI_2,2-5s,harmful,REMOVE_RANDOM,6,0,0,both_miss
gW7s3YAthpI_2,2-5s,harmful,REMOVE_RANDOM,7,0,0,both_miss
gW7s3YAthpI_2,2-5s,harmful,REMOVE_RANDOM,8,0,0,both_miss
gW7s3YAthpI_2,2-5s,harmful,REMOVE_RANDOM,9,0,0,both_miss
gW7s3YAthpI_2,2-5s,harmful,REMOVE_HARD,0,0,1,miss_to_hit
gbi6MxPf3hA_1,2-5s,control,REMOVE_RANDOM,0,1,1,both_hit
gbi6MxPf3hA_1,2-5s,control,REMOVE_RANDOM,1,1,1,both_hit
gbi6MxPf3hA_1,2-5s,control,REMOVE_RANDOM,2,1,1,both_hit
gbi6MxPf3hA_1,2-5s,control,REMOVE_RANDOM,3,1,1,both_hit
gbi6MxPf3hA_1,2-5s,control,REMOVE_RANDOM,4,1,1,both_hit
gbi6MxPf3hA_1,2-5s,control,REMOVE_RANDOM,5,1,1,both_hit
gbi6MxPf3hA_1,2-5s,control,REMOVE_RANDOM,6,1,1,both_hit
gbi6MxPf3hA_1,2-5s,control,REMOVE_RANDOM,7,1,1,both_hit
gbi6MxPf3hA_1,2-5s,control,REMOVE_RANDOM,8,1,1,both_hit
gbi6MxPf3hA_1,2-5s,control,REMOVE_RANDOM,9,1,1,both_hit
gbi6MxPf3hA_1,2-5s,control,REMOVE_HARD,0,1,1,both_hit
gbi6MxPf3hA_2,2-5s,control,REMOVE_RANDOM,0,1,1,both_hit
gbi6MxPf3hA_2,2-5s,control,REMOVE_RANDOM,1,1,1,both_hit
gbi6MxPf3hA_2,2-5s,control,REMOVE_RANDOM,2,1,1,both_hit
gbi6MxPf3hA_2,2-5s,control,REMOVE_RANDOM,3,1,1,both_hit
gbi6MxPf3hA_2,2-5s,control,REMOVE_RANDOM,4,1,1,both_hit
gbi6MxPf3hA_2,2-5s,control,REMOVE_RANDOM,5,1,1,both_hit
gbi6MxPf3hA_2,2-5s,control,REMOVE_RANDOM,6,1,1,both_hit
gbi6MxPf3hA_2,2-5s,control,REMOVE_RANDOM,7,1,1,both_hit
gbi6MxPf3hA_2,2-5s,control,REMOVE_RANDOM,8,1,1,both_hit
gbi6MxPf3hA_2,2-5s,control,REMOVE_RANDOM,9,1,1,both_hit
gbi6MxPf3hA_2,2-5s,control,REMOVE_HARD,0,1,1,both_hit
gbi6MxPf3hA_3,2-5s,control,REMOVE_RANDOM,0,1,1,both_hit
gbi6MxPf3hA_3,2-5s,control,REMOVE_RANDOM,1,1,1,both_hit
gbi6MxPf3hA_3,2-5s,control,REMOVE_RANDOM,2,1,1,both_hit
gbi6MxPf3hA_3,2-5s,control,REMOVE_RANDOM,3,1,1,both_hit
gbi6MxPf3hA_3,2-5s,control,REMOVE_RANDOM,4,1,1,both_hit
gbi6MxPf3hA_3,2-5s,control,REMOVE_RANDOM,5,1,1,both_hit
gbi6MxPf3hA_3,2-5s,control,REMOVE_RANDOM,6,1,1,both_hit
gbi6MxPf3hA_3,2-5s,control,REMOVE_RANDOM,7,1,1,both_hit
gbi6MxPf3hA_3,2-5s,control,REMOVE_RANDOM,8,1,1,both_hit
gbi6MxPf3hA_3,2-5s,control,REMOVE_RANDOM,9,1,1,both_hit
gbi6MxPf3hA_3,2-5s,control,REMOVE_HARD,0,1,1,both_hit
gbtcDoh0q3c_2,2-5s,harmful,REMOVE_RANDOM,0,0,0,both_miss
gbtcDoh0q3c_2,2-5s,harmful,REMOVE_RANDOM,1,0,0,both_miss
gbtcDoh0q3c_2,2-5s,harmful,REMOVE_RANDOM,2,0,0,both_miss
gbtcDoh0q3c_2,2-5s,harmful,REMOVE_RANDOM,3,0,0,both_miss
gbtcDoh0q3c_2,2-5s,harmful,REMOVE_RANDOM,4,0,0,both_miss
gbtcDoh0q3c_2,2-5s,harmful,REMOVE_RANDOM,5,0,0,both_miss
gbtcDoh0q3c_2,2-5s,harmful,REMOVE_RANDOM,6,0,0,both_miss
gbtcDoh0q3c_2,2-5s,harmful,REMOVE_RANDOM,7,0,0,both_miss
gbtcDoh0q3c_2,2-5s,harmful,REMOVE_RANDOM,8,0,0,both_miss
gbtcDoh0q3c_2,2-5s,harmful,REMOVE_RANDOM,9,0,0,both_miss
gbtcDoh0q3c_2,2-5s,harmful,REMOVE_HARD,0,0,0,both_miss
gf6H_MWCqjw_4,2-5s,harmful,REMOVE_RANDOM,0,1,1,both_hit
gf6H_MWCqjw_4,2-5s,harmful,REMOVE_RANDOM,1,1,1,both_hit
gf6H_MWCqjw_4,2-5s,harmful,REMOVE_RANDOM,2,1,1,both_hit
gf6H_MWCqjw_4,2-5s,harmful,REMOVE_RANDOM,3,1,1,both_hit
gf6H_MWCqjw_4,2-5s,harmful,REMOVE_RANDOM,4,1,1,both_hit
gf6H_MWCqjw_4,2-5s,harmful,REMOVE_RANDOM,5,1,1,both_hit
gf6H_MWCqjw_4,2-5s,harmful,REMOVE_RANDOM,6,1,1,both_hit
gf6H_MWCqjw_4,2-5s,harmful,REMOVE_RANDOM,7,1,1,both_hit
gf6H_MWCqjw_4,2-5s,harmful,REMOVE_RANDOM,8,1,1,both_hit
gf6H_MWCqjw_4,2-5s,harmful,REMOVE_RANDOM,9,1,1,both_hit
gf6H_MWCqjw_4,2-5s,harmful,REMOVE_HARD,0,1,1,both_hit
gkWd1HugK2w_1,2-5s,control,REMOVE_RANDOM,0,0,0,both_miss
gkWd1HugK2w_1,2-5s,control,REMOVE_RANDOM,1,0,0,both_miss
gkWd1HugK2w_1,2-5s,control,REMOVE_RANDOM,2,0,0,both_miss
gkWd1HugK2w_1,2-5s,control,REMOVE_RANDOM,3,0,0,both_miss
gkWd1HugK2w_1,2-5s,control,REMOVE_RANDOM,4,0,0,both_miss
gkWd1HugK2w_1,2-5s,control,REMOVE_RANDOM,5,0,0,both_miss
gkWd1HugK2w_1,2-5s,control,REMOVE_RANDOM,6,0,0,both_miss
gkWd1HugK2w_1,2-5s,control,REMOVE_RANDOM,7,0,0,both_miss
gkWd1HugK2w_1,2-5s,control,REMOVE_RANDOM,8,0,0,both_miss
gkWd1HugK2w_1,2-5s,control,REMOVE_RANDOM,9,0,0,both_miss
gkWd1HugK2w_1,2-5s,control,REMOVE_HARD,0,0,0,both_miss
glAeihz0NAM_1,2-5s,harmful,REMOVE_RANDOM,0,1,1,both_hit
glAeihz0NAM_1,2-5s,harmful,REMOVE_RANDOM,1,1,1,both_hit
glAeihz0NAM_1,2-5s,harmful,REMOVE_RANDOM,2,1,1,both_hit
glAeihz0NAM_1,2-5s,harmful,REMOVE_RANDOM,3,1,1,both_hit
glAeihz0NAM_1,2-5s,harmful,REMOVE_RANDOM,4,1,1,both_hit
glAeihz0NAM_1,2-5s,harmful,REMOVE_RANDOM,5,1,1,both_hit
glAeihz0NAM_1,2-5s,harmful,REMOVE_RANDOM,6,1,1,both_hit
glAeihz0NAM_1,2-5s,harmful,REMOVE_RANDOM,7,1,1,both_hit
glAeihz0NAM_1,2-5s,harmful,REMOVE_RANDOM,8,1,1,both_hit
glAeihz0NAM_1,2-5s,harmful,REMOVE_RANDOM,9,1,1,both_hit
glAeihz0NAM_1,2-5s,harmful,REMOVE_HARD,0,1,1,both_hit
gr5Zss89yLQ_1,0-2s,harmful,REMOVE_RANDOM,0,1,1,both_hit
gr5Zss89yLQ_1,0-2s,harmful,REMOVE_RANDOM,1,1,1,both_hit
gr5Zss89yLQ_1,0-2s,harmful,REMOVE_RANDOM,2,1,1,both_hit
gr5Zss89yLQ_1,0-2s,harmful,REMOVE_RANDOM,3,1,1,both_hit
gr5Zss89yLQ_1,0-2s,harmful,REMOVE_RANDOM,4,1,1,both_hit
gr5Zss89yLQ_1,0-2s,harmful,REMOVE_RANDOM,5,1,1,both_hit
gr5Zss89yLQ_1,0-2s,harmful,REMOVE_RANDOM,6,1,1,both_hit
gr5Zss89yLQ_1,0-2s,harmful,REMOVE_RANDOM,7,1,1,both_hit
gr5Zss89yLQ_1,0-2s,harmful,REMOVE_RANDOM,8,1,1,both_hit
gr5Zss89yLQ_1,0-2s,harmful,REMOVE_RANDOM,9,1,1,both_hit
gr5Zss89yLQ_1,0-2s,harmful,REMOVE_HARD,0,1,1,both_hit
gr5Zss89yLQ_3,2-5s,control,REMOVE_RANDOM,0,1,1,both_hit
gr5Zss89yLQ_3,2-5s,control,REMOVE_RANDOM,1,1,1,both_hit
gr5Zss89yLQ_3,2-5s,control,REMOVE_RANDOM,2,1,1,both_hit
gr5Zss89yLQ_3,2-5s,control,REMOVE_RANDOM,3,1,1,both_hit
gr5Zss89yLQ_3,2-5s,control,REMOVE_RANDOM,4,1,1,both_hit
gr5Zss89yLQ_3,2-5s,control,REMOVE_RANDOM,5,1,1,both_hit
gr5Zss89yLQ_3,2-5s,control,REMOVE_RANDOM,6,1,1,both_hit
gr5Zss89yLQ_3,2-5s,control,REMOVE_RANDOM,7,1,1,both_hit
gr5Zss89yLQ_3,2-5s,control,REMOVE_RANDOM,8,1,1,both_hit
gr5Zss89yLQ_3,2-5s,control,REMOVE_RANDOM,9,1,1,both_hit
gr5Zss89yLQ_3,2-5s,control,REMOVE_HARD,0,1,1,both_hit
gr5Zss89yLQ_4,2-5s,control,REMOVE_RANDOM,0,1,1,both_hit
gr5Zss89yLQ_4,2-5s,control,REMOVE_RANDOM,1,1,1,both_hit
gr5Zss89yLQ_4,2-5s,control,REMOVE_RANDOM,2,1,1,both_hit
gr5Zss89yLQ_4,2-5s,control,REMOVE_RANDOM,3,1,1,both_hit
gr5Zss89yLQ_4,2-5s,control,REMOVE_RANDOM,4,1,1,both_hit
gr5Zss89yLQ_4,2-5s,control,REMOVE_RANDOM,5,1,1,both_hit
gr5Zss89yLQ_4,2-5s,control,REMOVE_RANDOM,6,1,1,both_hit
gr5Zss89yLQ_4,2-5s,control,REMOVE_RANDOM,7,1,1,both_hit
gr5Zss89yLQ_4,2-5s,control,REMOVE_RANDOM,8,1,1,both_hit
gr5Zss89yLQ_4,2-5s,control,REMOVE_RANDOM,9,1,1,both_hit
gr5Zss89yLQ_4,2-5s,control,REMOVE_HARD,0,1,1,both_hit
h3UhoHIMfpw_1,2-5s,harmful,REMOVE_RANDOM,0,1,1,both_hit
h3UhoHIMfpw_1,2-5s,harmful,REMOVE_RANDOM,1,1,1,both_hit
h3UhoHIMfpw_1,2-5s,harmful,REMOVE_RANDOM,2,1,1,both_hit
h3UhoHIMfpw_1,2-5s,harmful,REMOVE_RANDOM,3,1,1,both_hit
h3UhoHIMfpw_1,2-5s,harmful,REMOVE_RANDOM,4,1,1,both_hit
h3UhoHIMfpw_1,2-5s,harmful,REMOVE_RANDOM,5,1,1,both_hit
h3UhoHIMfpw_1,2-5s,harmful,REMOVE_RANDOM,6,1,1,both_hit
h3UhoHIMfpw_1,2-5s,harmful,REMOVE_RANDOM,7,1,1,both_hit
h3UhoHIMfpw_1,2-5s,harmful,REMOVE_RANDOM,8,1,1,both_hit
h3UhoHIMfpw_1,2-5s,harmful,REMOVE_RANDOM,9,1,1,both_hit
h3UhoHIMfpw_1,2-5s,harmful,REMOVE_HARD,0,1,1,both_hit
hDMHIDJdfDA_3,2-5s,harmful,REMOVE_RANDOM,0,0,1,miss_to_hit
hDMHIDJdfDA_3,2-5s,harmful,REMOVE_RANDOM,1,0,0,both_miss
hDMHIDJdfDA_3,2-5s,harmful,REMOVE_RANDOM,2,0,1,miss_to_hit
hDMHIDJdfDA_3,2-5s,harmful,REMOVE_RANDOM,3,0,0,both_miss
hDMHIDJdfDA_3,2-5s,harmful,REMOVE_RANDOM,4,0,0,both_miss
hDMHIDJdfDA_3,2-5s,harmful,REMOVE_RANDOM,5,0,0,both_miss
hDMHIDJdfDA_3,2-5s,harmful,REMOVE_RANDOM,6,0,0,both_miss
hDMHIDJdfDA_3,2-5s,harmful,REMOVE_RANDOM,7,0,0,both_miss
hDMHIDJdfDA_3,2-5s,harmful,REMOVE_RANDOM,8,0,1,miss_to_hit
hDMHIDJdfDA_3,2-5s,harmful,REMOVE_RANDOM,9,0,1,miss_to_hit
hDMHIDJdfDA_3,2-5s,harmful,REMOVE_HARD,0,0,0,both_miss
hVUmQfBIYe8_1,2-5s,control,REMOVE_RANDOM,0,1,1,both_hit
hVUmQfBIYe8_1,2-5s,control,REMOVE_RANDOM,1,1,1,both_hit
hVUmQfBIYe8_1,2-5s,control,REMOVE_RANDOM,2,1,1,both_hit
hVUmQfBIYe8_1,2-5s,control,REMOVE_RANDOM,3,1,1,both_hit
hVUmQfBIYe8_1,2-5s,control,REMOVE_RANDOM,4,1,1,both_hit
hVUmQfBIYe8_1,2-5s,control,REMOVE_RANDOM,5,1,1,both_hit
hVUmQfBIYe8_1,2-5s,control,REMOVE_RANDOM,6,1,1,both_hit
hVUmQfBIYe8_1,2-5s,control,REMOVE_RANDOM,7,1,1,both_hit
hVUmQfBIYe8_1,2-5s,control,REMOVE_RANDOM,8,1,1,both_hit
hVUmQfBIYe8_1,2-5s,control,REMOVE_RANDOM,9,1,1,both_hit
hVUmQfBIYe8_1,2-5s,control,REMOVE_HARD,0,1,1,both_hit
hmd6pa2e_rs_1,0-2s,control,REMOVE_RANDOM,0,0,0,both_miss
hmd6pa2e_rs_1,0-2s,control,REMOVE_RANDOM,1,0,0,both_miss
hmd6pa2e_rs_1,0-2s,control,REMOVE_RANDOM,2,0,0,both_miss
hmd6pa2e_rs_1,0-2s,control,REMOVE_RANDOM,3,0,0,both_miss
hmd6pa2e_rs_1,0-2s,control,REMOVE_RANDOM,4,0,0,both_miss
hmd6pa2e_rs_1,0-2s,control,REMOVE_RANDOM,5,0,0,both_miss
hmd6pa2e_rs_1,0-2s,control,REMOVE_RANDOM,6,0,0,both_miss
hmd6pa2e_rs_1,0-2s,control,REMOVE_RANDOM,7,0,0,both_miss
hmd6pa2e_rs_1,0-2s,control,REMOVE_RANDOM,8,0,0,both_miss
hmd6pa2e_rs_1,0-2s,control,REMOVE_RANDOM,9,0,0,both_miss
hmd6pa2e_rs_1,0-2s,control,REMOVE_HARD,0,0,0,both_miss
hmd6pa2e_rs_2,2-5s,harmful,REMOVE_RANDOM,0,0,0,both_miss
hmd6pa2e_rs_2,2-5s,harmful,REMOVE_RANDOM,1,0,0,both_miss
hmd6pa2e_rs_2,2-5s,harmful,REMOVE_RANDOM,2,0,0,both_miss
hmd6pa2e_rs_2,2-5s,harmful,REMOVE_RANDOM,3,0,0,both_miss
hmd6pa2e_rs_2,2-5s,harmful,REMOVE_RANDOM,4,0,0,both_miss
hmd6pa2e_rs_2,2-5s,harmful,REMOVE_RANDOM,5,0,0,both_miss
hmd6pa2e_rs_2,2-5s,harmful,REMOVE_RANDOM,6,0,0,both_miss
hmd6pa2e_rs_2,2-5s,harmful,REMOVE_RANDOM,7,0,0,both_miss
hmd6pa2e_rs_2,2-5s,harmful,REMOVE_RANDOM,8,0,0,both_miss
hmd6pa2e_rs_2,2-5s,harmful,REMOVE_RANDOM,9,0,0,both_miss
hmd6pa2e_rs_2,2-5s,harmful,REMOVE_HARD,0,0,1,miss_to_hit
hmd6pa2e_rs_3,2-5s,control,REMOVE_RANDOM,0,0,0,both_miss
hmd6pa2e_rs_3,2-5s,control,REMOVE_RANDOM,1,0,0,both_miss
hmd6pa2e_rs_3,2-5s,control,REMOVE_RANDOM,2,0,0,both_miss
hmd6pa2e_rs_3,2-5s,control,REMOVE_RANDOM,3,0,0,both_miss
hmd6pa2e_rs_3,2-5s,control,REMOVE_RANDOM,4,0,0,both_miss
hmd6pa2e_rs_3,2-5s,control,REMOVE_RANDOM,5,0,0,both_miss
hmd6pa2e_rs_3,2-5s,control,REMOVE_RANDOM,6,0,0,both_miss
hmd6pa2e_rs_3,2-5s,control,REMOVE_RANDOM,7,0,0,both_miss
hmd6pa2e_rs_3,2-5s,control,REMOVE_RANDOM,8,0,0,both_miss
hmd6pa2e_rs_3,2-5s,control,REMOVE_RANDOM,9,0,0,both_miss
hmd6pa2e_rs_3,2-5s,control,REMOVE_HARD,0,0,0,both_miss
hzn_wGlzGpU_1,2-5s,harmful,REMOVE_RANDOM,0,1,1,both_hit
hzn_wGlzGpU_1,2-5s,harmful,REMOVE_RANDOM,1,1,1,both_hit
hzn_wGlzGpU_1,2-5s,harmful,REMOVE_RANDOM,2,1,1,both_hit
hzn_wGlzGpU_1,2-5s,harmful,REMOVE_RANDOM,3,1,1,both_hit
hzn_wGlzGpU_1,2-5s,harmful,REMOVE_RANDOM,4,1,1,both_hit
hzn_wGlzGpU_1,2-5s,harmful,REMOVE_RANDOM,5,1,1,both_hit
hzn_wGlzGpU_1,2-5s,harmful,REMOVE_RANDOM,6,1,1,both_hit
hzn_wGlzGpU_1,2-5s,harmful,REMOVE_RANDOM,7,1,1,both_hit
hzn_wGlzGpU_1,2-5s,harmful,REMOVE_RANDOM,8,1,1,both_hit
hzn_wGlzGpU_1,2-5s,harmful,REMOVE_RANDOM,9,1,1,both_hit
hzn_wGlzGpU_1,2-5s,harmful,REMOVE_HARD,0,1,1,both_hit
hzn_wGlzGpU_2,0-2s,control,REMOVE_RANDOM,0,1,1,both_hit
hzn_wGlzGpU_2,0-2s,control,REMOVE_RANDOM,1,1,1,both_hit
hzn_wGlzGpU_2,0-2s,control,REMOVE_RANDOM,2,1,1,both_hit
hzn_wGlzGpU_2,0-2s,control,REMOVE_RANDOM,3,1,1,both_hit
hzn_wGlzGpU_2,0-2s,control,REMOVE_RANDOM,4,1,1,both_hit
hzn_wGlzGpU_2,0-2s,control,REMOVE_RANDOM,5,1,1,both_hit
hzn_wGlzGpU_2,0-2s,control,REMOVE_RANDOM,6,1,1,both_hit
hzn_wGlzGpU_2,0-2s,control,REMOVE_RANDOM,7,1,1,both_hit
hzn_wGlzGpU_2,0-2s,control,REMOVE_RANDOM,8,1,1,both_hit
hzn_wGlzGpU_2,0-2s,control,REMOVE_RANDOM,9,1,1,both_hit
hzn_wGlzGpU_2,0-2s,control,REMOVE_HARD,0,1,1,both_hit
i6MQCm58zlY_3,2-5s,harmful,REMOVE_RANDOM,0,0,0,both_miss
i6MQCm58zlY_3,2-5s,harmful,REMOVE_RANDOM,1,0,0,both_miss
i6MQCm58zlY_3,2-5s,harmful,REMOVE_RANDOM,2,0,0,both_miss
i6MQCm58zlY_3,2-5s,harmful,REMOVE_RANDOM,3,0,0,both_miss
i6MQCm58zlY_3,2-5s,harmful,REMOVE_RANDOM,4,0,0,both_miss
i6MQCm58zlY_3,2-5s,harmful,REMOVE_RANDOM,5,0,0,both_miss
i6MQCm58zlY_3,2-5s,harmful,REMOVE_RANDOM,6,0,0,both_miss
i6MQCm58zlY_3,2-5s,harmful,REMOVE_RANDOM,7,0,0,both_miss
i6MQCm58zlY_3,2-5s,harmful,REMOVE_RANDOM,8,0,1,miss_to_hit
i6MQCm58zlY_3,2-5s,harmful,REMOVE_RANDOM,9,0,0,both_miss
i6MQCm58zlY_3,2-5s,harmful,REMOVE_HARD,0,0,1,miss_to_hit
iOCpICiu4LA_2,2-5s,control,REMOVE_RANDOM,0,0,0,both_miss
iOCpICiu4LA_2,2-5s,control,REMOVE_RANDOM,1,0,0,both_miss
iOCpICiu4LA_2,2-5s,control,REMOVE_RANDOM,2,0,0,both_miss
iOCpICiu4LA_2,2-5s,control,REMOVE_RANDOM,3,0,0,both_miss
iOCpICiu4LA_2,2-5s,control,REMOVE_RANDOM,4,0,0,both_miss
iOCpICiu4LA_2,2-5s,control,REMOVE_RANDOM,5,0,0,both_miss
iOCpICiu4LA_2,2-5s,control,REMOVE_RANDOM,6,0,0,both_miss
iOCpICiu4LA_2,2-5s,control,REMOVE_RANDOM,7,0,0,both_miss
iOCpICiu4LA_2,2-5s,control,REMOVE_RANDOM,8,0,0,both_miss
iOCpICiu4LA_2,2-5s,control,REMOVE_RANDOM,9,0,0,both_miss
iOCpICiu4LA_2,2-5s,control,REMOVE_HARD,0,0,0,both_miss
ilspW7JRjAg_1,0-2s,control,REMOVE_RANDOM,0,0,0,both_miss
ilspW7JRjAg_1,0-2s,control,REMOVE_RANDOM,1,0,0,both_miss
ilspW7JRjAg_1,0-2s,control,REMOVE_RANDOM,2,0,0,both_miss
ilspW7JRjAg_1,0-2s,control,REMOVE_RANDOM,3,0,0,both_miss
ilspW7JRjAg_1,0-2s,control,REMOVE_RANDOM,4,0,0,both_miss
ilspW7JRjAg_1,0-2s,control,REMOVE_RANDOM,5,0,0,both_miss
ilspW7JRjAg_1,0-2s,control,REMOVE_RANDOM,6,0,0,both_miss
ilspW7JRjAg_1,0-2s,control,REMOVE_RANDOM,7,0,0,both_miss
ilspW7JRjAg_1,0-2s,control,REMOVE_RANDOM,8,0,0,both_miss
ilspW7JRjAg_1,0-2s,control,REMOVE_RANDOM,9,0,0,both_miss
ilspW7JRjAg_1,0-2s,control,REMOVE_HARD,0,0,0,both_miss
inSvboaSRwA_2,0-2s,harmful,REMOVE_RANDOM,0,0,0,both_miss
inSvboaSRwA_2,0-2s,harmful,REMOVE_RANDOM,1,0,0,both_miss
inSvboaSRwA_2,0-2s,harmful,REMOVE_RANDOM,2,0,0,both_miss
inSvboaSRwA_2,0-2s,harmful,REMOVE_RANDOM,3,0,0,both_miss
inSvboaSRwA_2,0-2s,harmful,REMOVE_RANDOM,4,0,0,both_miss
inSvboaSRwA_2,0-2s,harmful,REMOVE_RANDOM,5,0,0,both_miss
inSvboaSRwA_2,0-2s,harmful,REMOVE_RANDOM,6,0,0,both_miss
inSvboaSRwA_2,0-2s,harmful,REMOVE_RANDOM,7,0,0,both_miss
inSvboaSRwA_2,0-2s,harmful,REMOVE_RANDOM,8,0,0,both_miss
inSvboaSRwA_2,0-2s,harmful,REMOVE_RANDOM,9,0,0,both_miss
inSvboaSRwA_2,0-2s,harmful,REMOVE_HARD,0,0,0,both_miss
jid4t-FzUn0_1,2-5s,control,REMOVE_RANDOM,0,1,1,both_hit
jid4t-FzUn0_1,2-5s,control,REMOVE_RANDOM,1,1,1,both_hit
jid4t-FzUn0_1,2-5s,control,REMOVE_RANDOM,2,1,1,both_hit
jid4t-FzUn0_1,2-5s,control,REMOVE_RANDOM,3,1,1,both_hit
jid4t-FzUn0_1,2-5s,control,REMOVE_RANDOM,4,1,1,both_hit
jid4t-FzUn0_1,2-5s,control,REMOVE_RANDOM,5,1,1,both_hit
jid4t-FzUn0_1,2-5s,control,REMOVE_RANDOM,6,1,1,both_hit
jid4t-FzUn0_1,2-5s,control,REMOVE_RANDOM,7,1,1,both_hit
jid4t-FzUn0_1,2-5s,control,REMOVE_RANDOM,8,1,1,both_hit
jid4t-FzUn0_1,2-5s,control,REMOVE_RANDOM,9,1,1,both_hit
jid4t-FzUn0_1,2-5s,control,REMOVE_HARD,0,1,1,both_hit
jid4t-FzUn0_3,2-5s,control,REMOVE_RANDOM,0,0,0,both_miss
jid4t-FzUn0_3,2-5s,control,REMOVE_RANDOM,1,0,0,both_miss
jid4t-FzUn0_3,2-5s,control,REMOVE_RANDOM,2,0,0,both_miss
jid4t-FzUn0_3,2-5s,control,REMOVE_RANDOM,3,0,0,both_miss
jid4t-FzUn0_3,2-5s,control,REMOVE_RANDOM,4,0,0,both_miss
jid4t-FzUn0_3,2-5s,control,REMOVE_RANDOM,5,0,0,both_miss
jid4t-FzUn0_3,2-5s,control,REMOVE_RANDOM,6,0,0,both_miss
jid4t-FzUn0_3,2-5s,control,REMOVE_RANDOM,7,0,0,both_miss
jid4t-FzUn0_3,2-5s,control,REMOVE_RANDOM,8,0,0,both_miss
jid4t-FzUn0_3,2-5s,control,REMOVE_RANDOM,9,0,0,both_miss
jid4t-FzUn0_3,2-5s,control,REMOVE_HARD,0,0,0,both_miss
jjfUaMQaG1A_2,0-2s,harmful,REMOVE_RANDOM,0,0,0,both_miss
jjfUaMQaG1A_2,0-2s,harmful,REMOVE_RANDOM,1,0,0,both_miss
jjfUaMQaG1A_2,0-2s,harmful,REMOVE_RANDOM,2,0,0,both_miss
jjfUaMQaG1A_2,0-2s,harmful,REMOVE_RANDOM,3,0,0,both_miss
jjfUaMQaG1A_2,0-2s,harmful,REMOVE_RANDOM,4,0,0,both_miss
jjfUaMQaG1A_2,0-2s,harmful,REMOVE_RANDOM,5,0,0,both_miss
jjfUaMQaG1A_2,0-2s,harmful,REMOVE_RANDOM,6,0,0,both_miss
jjfUaMQaG1A_2,0-2s,harmful,REMOVE_RANDOM,7,0,0,both_miss
jjfUaMQaG1A_2,0-2s,harmful,REMOVE_RANDOM,8,0,0,both_miss
jjfUaMQaG1A_2,0-2s,harmful,REMOVE_RANDOM,9,0,0,both_miss
jjfUaMQaG1A_2,0-2s,harmful,REMOVE_HARD,0,0,0,both_miss
jlwe9jtu5Gw_1,2-5s,control,REMOVE_RANDOM,0,1,1,both_hit
jlwe9jtu5Gw_1,2-5s,control,REMOVE_RANDOM,1,1,1,both_hit
jlwe9jtu5Gw_1,2-5s,control,REMOVE_RANDOM,2,1,1,both_hit
jlwe9jtu5Gw_1,2-5s,control,REMOVE_RANDOM,3,1,1,both_hit
jlwe9jtu5Gw_1,2-5s,control,REMOVE_RANDOM,4,1,1,both_hit
jlwe9jtu5Gw_1,2-5s,control,REMOVE_RANDOM,5,1,1,both_hit
jlwe9jtu5Gw_1,2-5s,control,REMOVE_RANDOM,6,1,1,both_hit
jlwe9jtu5Gw_1,2-5s,control,REMOVE_RANDOM,7,1,1,both_hit
jlwe9jtu5Gw_1,2-5s,control,REMOVE_RANDOM,8,1,1,both_hit
jlwe9jtu5Gw_1,2-5s,control,REMOVE_RANDOM,9,1,1,both_hit
jlwe9jtu5Gw_1,2-5s,control,REMOVE_HARD,0,1,1,both_hit
jlwe9jtu5Gw_2,2-5s,harmful,REMOVE_RANDOM,0,1,1,both_hit
jlwe9jtu5Gw_2,2-5s,harmful,REMOVE_RANDOM,1,1,1,both_hit
jlwe9jtu5Gw_2,2-5s,harmful,REMOVE_RANDOM,2,1,1,both_hit
jlwe9jtu5Gw_2,2-5s,harmful,REMOVE_RANDOM,3,1,1,both_hit
jlwe9jtu5Gw_2,2-5s,harmful,REMOVE_RANDOM,4,1,1,both_hit
jlwe9jtu5Gw_2,2-5s,harmful,REMOVE_RANDOM,5,1,1,both_hit
jlwe9jtu5Gw_2,2-5s,harmful,REMOVE_RANDOM,6,1,1,both_hit
jlwe9jtu5Gw_2,2-5s,harmful,REMOVE_RANDOM,7,1,1,both_hit
jlwe9jtu5Gw_2,2-5s,harmful,REMOVE_RANDOM,8,1,1,both_hit
jlwe9jtu5Gw_2,2-5s,harmful,REMOVE_RANDOM,9,1,1,both_hit
jlwe9jtu5Gw_2,2-5s,harmful,REMOVE_HARD,0,1,1,both_hit
jlwe9jtu5Gw_3,2-5s,control,REMOVE_RANDOM,0,1,1,both_hit
jlwe9jtu5Gw_3,2-5s,control,REMOVE_RANDOM,1,1,1,both_hit
jlwe9jtu5Gw_3,2-5s,control,REMOVE_RANDOM,2,1,1,both_hit
jlwe9jtu5Gw_3,2-5s,control,REMOVE_RANDOM,3,1,1,both_hit
jlwe9jtu5Gw_3,2-5s,control,REMOVE_RANDOM,4,1,1,both_hit
jlwe9jtu5Gw_3,2-5s,control,REMOVE_RANDOM,5,1,1,both_hit
jlwe9jtu5Gw_3,2-5s,control,REMOVE_RANDOM,6,1,1,both_hit
jlwe9jtu5Gw_3,2-5s,control,REMOVE_RANDOM,7,1,1,both_hit
jlwe9jtu5Gw_3,2-5s,control,REMOVE_RANDOM,8,1,1,both_hit
jlwe9jtu5Gw_3,2-5s,control,REMOVE_RANDOM,9,1,1,both_hit
jlwe9jtu5Gw_3,2-5s,control,REMOVE_HARD,0,1,1,both_hit
kHIe4CfaccQ_2,2-5s,control,REMOVE_RANDOM,0,1,1,both_hit
kHIe4CfaccQ_2,2-5s,control,REMOVE_RANDOM,1,1,1,both_hit
kHIe4CfaccQ_2,2-5s,control,REMOVE_RANDOM,2,1,1,both_hit
kHIe4CfaccQ_2,2-5s,control,REMOVE_RANDOM,3,1,1,both_hit
kHIe4CfaccQ_2,2-5s,control,REMOVE_RANDOM,4,1,1,both_hit
kHIe4CfaccQ_2,2-5s,control,REMOVE_RANDOM,5,1,1,both_hit
kHIe4CfaccQ_2,2-5s,control,REMOVE_RANDOM,6,1,1,both_hit
kHIe4CfaccQ_2,2-5s,control,REMOVE_RANDOM,7,1,1,both_hit
kHIe4CfaccQ_2,2-5s,control,REMOVE_RANDOM,8,1,1,both_hit
kHIe4CfaccQ_2,2-5s,control,REMOVE_RANDOM,9,1,1,both_hit
kHIe4CfaccQ_2,2-5s,control,REMOVE_HARD,0,1,1,both_hit
kXjzsroVTtw_1,0-2s,harmful,REMOVE_RANDOM,0,0,1,miss_to_hit
kXjzsroVTtw_1,0-2s,harmful,REMOVE_RANDOM,1,0,1,miss_to_hit
kXjzsroVTtw_1,0-2s,harmful,REMOVE_RANDOM,2,0,0,both_miss
kXjzsroVTtw_1,0-2s,harmful,REMOVE_RANDOM,3,0,1,miss_to_hit
kXjzsroVTtw_1,0-2s,harmful,REMOVE_RANDOM,4,0,1,miss_to_hit
kXjzsroVTtw_1,0-2s,harmful,REMOVE_RANDOM,5,0,0,both_miss
kXjzsroVTtw_1,0-2s,harmful,REMOVE_RANDOM,6,0,0,both_miss
kXjzsroVTtw_1,0-2s,harmful,REMOVE_RANDOM,7,0,1,miss_to_hit
kXjzsroVTtw_1,0-2s,harmful,REMOVE_RANDOM,8,0,1,miss_to_hit
kXjzsroVTtw_1,0-2s,harmful,REMOVE_RANDOM,9,0,1,miss_to_hit
kXjzsroVTtw_1,0-2s,harmful,REMOVE_HARD,0,0,1,miss_to_hit
kdflh3akyH8_1,2-5s,control,REMOVE_RANDOM,0,1,1,both_hit
kdflh3akyH8_1,2-5s,control,REMOVE_RANDOM,1,1,1,both_hit
kdflh3akyH8_1,2-5s,control,REMOVE_RANDOM,2,1,1,both_hit
kdflh3akyH8_1,2-5s,control,REMOVE_RANDOM,3,1,1,both_hit
kdflh3akyH8_1,2-5s,control,REMOVE_RANDOM,4,1,1,both_hit
kdflh3akyH8_1,2-5s,control,REMOVE_RANDOM,5,1,1,both_hit
kdflh3akyH8_1,2-5s,control,REMOVE_RANDOM,6,1,1,both_hit
kdflh3akyH8_1,2-5s,control,REMOVE_RANDOM,7,1,1,both_hit
kdflh3akyH8_1,2-5s,control,REMOVE_RANDOM,8,1,1,both_hit
kdflh3akyH8_1,2-5s,control,REMOVE_RANDOM,9,1,1,both_hit
kdflh3akyH8_1,2-5s,control,REMOVE_HARD,0,1,1,both_hit
lTfNLKEy1RU_2,2-5s,control,REMOVE_RANDOM,0,1,1,both_hit
lTfNLKEy1RU_2,2-5s,control,REMOVE_RANDOM,1,1,1,both_hit
lTfNLKEy1RU_2,2-5s,control,REMOVE_RANDOM,2,1,1,both_hit
lTfNLKEy1RU_2,2-5s,control,REMOVE_RANDOM,3,1,1,both_hit
lTfNLKEy1RU_2,2-5s,control,REMOVE_RANDOM,4,1,1,both_hit
lTfNLKEy1RU_2,2-5s,control,REMOVE_RANDOM,5,1,1,both_hit
lTfNLKEy1RU_2,2-5s,control,REMOVE_RANDOM,6,1,1,both_hit
lTfNLKEy1RU_2,2-5s,control,REMOVE_RANDOM,7,1,1,both_hit
lTfNLKEy1RU_2,2-5s,control,REMOVE_RANDOM,8,1,1,both_hit
lTfNLKEy1RU_2,2-5s,control,REMOVE_RANDOM,9,1,1,both_hit
lTfNLKEy1RU_2,2-5s,control,REMOVE_HARD,0,1,1,both_hit
lVr-PxhZo8s_1,2-5s,control,REMOVE_RANDOM,0,1,1,both_hit
lVr-PxhZo8s_1,2-5s,control,REMOVE_RANDOM,1,1,1,both_hit
lVr-PxhZo8s_1,2-5s,control,REMOVE_RANDOM,2,1,1,both_hit
lVr-PxhZo8s_1,2-5s,control,REMOVE_RANDOM,3,1,1,both_hit
lVr-PxhZo8s_1,2-5s,control,REMOVE_RANDOM,4,1,1,both_hit
lVr-PxhZo8s_1,2-5s,control,REMOVE_RANDOM,5,1,1,both_hit
lVr-PxhZo8s_1,2-5s,control,REMOVE_RANDOM,6,1,1,both_hit
lVr-PxhZo8s_1,2-5s,control,REMOVE_RANDOM,7,1,1,both_hit
lVr-PxhZo8s_1,2-5s,control,REMOVE_RANDOM,8,1,1,both_hit
lVr-PxhZo8s_1,2-5s,control,REMOVE_RANDOM,9,1,1,both_hit
lVr-PxhZo8s_1,2-5s,control,REMOVE_HARD,0,1,1,both_hit
lVr-PxhZo8s_3,0-2s,harmful,REMOVE_RANDOM,0,1,1,both_hit
lVr-PxhZo8s_3,0-2s,harmful,REMOVE_RANDOM,1,1,1,both_hit
lVr-PxhZo8s_3,0-2s,harmful,REMOVE_RANDOM,2,1,1,both_hit
lVr-PxhZo8s_3,0-2s,harmful,REMOVE_RANDOM,3,1,1,both_hit
lVr-PxhZo8s_3,0-2s,harmful,REMOVE_RANDOM,4,1,1,both_hit
lVr-PxhZo8s_3,0-2s,harmful,REMOVE_RANDOM,5,1,1,both_hit
lVr-PxhZo8s_3,0-2s,harmful,REMOVE_RANDOM,6,1,1,both_hit
lVr-PxhZo8s_3,0-2s,harmful,REMOVE_RANDOM,7,1,1,both_hit
lVr-PxhZo8s_3,0-2s,harmful,REMOVE_RANDOM,8,1,1,both_hit
lVr-PxhZo8s_3,0-2s,harmful,REMOVE_RANDOM,9,1,1,both_hit
lVr-PxhZo8s_3,0-2s,harmful,REMOVE_HARD,0,1,1,both_hit
lgwpIImXCWA_3,2-5s,control,REMOVE_RANDOM,0,1,1,both_hit
lgwpIImXCWA_3,2-5s,control,REMOVE_RANDOM,1,1,1,both_hit
lgwpIImXCWA_3,2-5s,control,REMOVE_RANDOM,2,1,1,both_hit
lgwpIImXCWA_3,2-5s,control,REMOVE_RANDOM,3,1,1,both_hit
lgwpIImXCWA_3,2-5s,control,REMOVE_RANDOM,4,1,1,both_hit
lgwpIImXCWA_3,2-5s,control,REMOVE_RANDOM,5,1,1,both_hit
lgwpIImXCWA_3,2-5s,control,REMOVE_RANDOM,6,1,1,both_hit
lgwpIImXCWA_3,2-5s,control,REMOVE_RANDOM,7,1,1,both_hit
lgwpIImXCWA_3,2-5s,control,REMOVE_RANDOM,8,1,1,both_hit
lgwpIImXCWA_3,2-5s,control,REMOVE_RANDOM,9,1,1,both_hit
lgwpIImXCWA_3,2-5s,control,REMOVE_HARD,0,1,1,both_hit
lh801oHGtD4_2,2-5s,control,REMOVE_RANDOM,0,1,1,both_hit
lh801oHGtD4_2,2-5s,control,REMOVE_RANDOM,1,1,1,both_hit
lh801oHGtD4_2,2-5s,control,REMOVE_RANDOM,2,1,1,both_hit
lh801oHGtD4_2,2-5s,control,REMOVE_RANDOM,3,1,1,both_hit
lh801oHGtD4_2,2-5s,control,REMOVE_RANDOM,4,1,1,both_hit
lh801oHGtD4_2,2-5s,control,REMOVE_RANDOM,5,1,1,both_hit
lh801oHGtD4_2,2-5s,control,REMOVE_RANDOM,6,1,1,both_hit
lh801oHGtD4_2,2-5s,control,REMOVE_RANDOM,7,1,1,both_hit
lh801oHGtD4_2,2-5s,control,REMOVE_RANDOM,8,1,1,both_hit
lh801oHGtD4_2,2-5s,control,REMOVE_RANDOM,9,1,1,both_hit
lh801oHGtD4_2,2-5s,control,REMOVE_HARD,0,1,1,both_hit
lh801oHGtD4_3,2-5s,control,REMOVE_RANDOM,0,0,0,both_miss
lh801oHGtD4_3,2-5s,control,REMOVE_RANDOM,1,0,0,both_miss
lh801oHGtD4_3,2-5s,control,REMOVE_RANDOM,2,0,0,both_miss
lh801oHGtD4_3,2-5s,control,REMOVE_RANDOM,3,0,0,both_miss
lh801oHGtD4_3,2-5s,control,REMOVE_RANDOM,4,0,0,both_miss
lh801oHGtD4_3,2-5s,control,REMOVE_RANDOM,5,0,0,both_miss
lh801oHGtD4_3,2-5s,control,REMOVE_RANDOM,6,0,0,both_miss
lh801oHGtD4_3,2-5s,control,REMOVE_RANDOM,7,0,0,both_miss
lh801oHGtD4_3,2-5s,control,REMOVE_RANDOM,8,0,0,both_miss
lh801oHGtD4_3,2-5s,control,REMOVE_RANDOM,9,0,0,both_miss
lh801oHGtD4_3,2-5s,control,REMOVE_HARD,0,0,1,miss_to_hit
lmPMhs-9IYE_2,2-5s,control,REMOVE_RANDOM,0,0,0,both_miss
lmPMhs-9IYE_2,2-5s,control,REMOVE_RANDOM,1,0,0,both_miss
lmPMhs-9IYE_2,2-5s,control,REMOVE_RANDOM,2,0,0,both_miss
lmPMhs-9IYE_2,2-5s,control,REMOVE_RANDOM,3,0,0,both_miss
lmPMhs-9IYE_2,2-5s,control,REMOVE_RANDOM,4,0,0,both_miss
lmPMhs-9IYE_2,2-5s,control,REMOVE_RANDOM,5,0,0,both_miss
lmPMhs-9IYE_2,2-5s,control,REMOVE_RANDOM,6,0,0,both_miss
lmPMhs-9IYE_2,2-5s,control,REMOVE_RANDOM,7,0,0,both_miss
lmPMhs-9IYE_2,2-5s,control,REMOVE_RANDOM,8,0,0,both_miss
lmPMhs-9IYE_2,2-5s,control,REMOVE_RANDOM,9,0,0,both_miss
lmPMhs-9IYE_2,2-5s,control,REMOVE_HARD,0,0,0,both_miss
lrKGCtSsAkA_2,2-5s,control,REMOVE_RANDOM,0,0,0,both_miss
lrKGCtSsAkA_2,2-5s,control,REMOVE_RANDOM,1,0,0,both_miss
lrKGCtSsAkA_2,2-5s,control,REMOVE_RANDOM,2,0,0,both_miss
lrKGCtSsAkA_2,2-5s,control,REMOVE_RANDOM,3,0,0,both_miss
lrKGCtSsAkA_2,2-5s,control,REMOVE_RANDOM,4,0,0,both_miss
lrKGCtSsAkA_2,2-5s,control,REMOVE_RANDOM,5,0,0,both_miss
lrKGCtSsAkA_2,2-5s,control,REMOVE_RANDOM,6,0,0,both_miss
lrKGCtSsAkA_2,2-5s,control,REMOVE_RANDOM,7,0,0,both_miss
lrKGCtSsAkA_2,2-5s,control,REMOVE_RANDOM,8,0,0,both_miss
lrKGCtSsAkA_2,2-5s,control,REMOVE_RANDOM,9,0,0,both_miss
lrKGCtSsAkA_2,2-5s,control,REMOVE_HARD,0,0,0,both_miss
lrKGCtSsAkA_3,0-2s,harmful,REMOVE_RANDOM,0,0,0,both_miss
lrKGCtSsAkA_3,0-2s,harmful,REMOVE_RANDOM,1,0,0,both_miss
lrKGCtSsAkA_3,0-2s,harmful,REMOVE_RANDOM,2,0,0,both_miss
lrKGCtSsAkA_3,0-2s,harmful,REMOVE_RANDOM,3,0,0,both_miss
lrKGCtSsAkA_3,0-2s,harmful,REMOVE_RANDOM,4,0,0,both_miss
lrKGCtSsAkA_3,0-2s,harmful,REMOVE_RANDOM,5,0,0,both_miss
lrKGCtSsAkA_3,0-2s,harmful,REMOVE_RANDOM,6,0,0,both_miss
lrKGCtSsAkA_3,0-2s,harmful,REMOVE_RANDOM,7,0,0,both_miss
lrKGCtSsAkA_3,0-2s,harmful,REMOVE_RANDOM,8,0,0,both_miss
lrKGCtSsAkA_3,0-2s,harmful,REMOVE_RANDOM,9,0,0,both_miss
lrKGCtSsAkA_3,0-2s,harmful,REMOVE_HARD,0,0,1,miss_to_hit
lrKGCtSsAkA_4,0-2s,control,REMOVE_RANDOM,0,1,1,both_hit
lrKGCtSsAkA_4,0-2s,control,REMOVE_RANDOM,1,1,1,both_hit
lrKGCtSsAkA_4,0-2s,control,REMOVE_RANDOM,2,1,1,both_hit
lrKGCtSsAkA_4,0-2s,control,REMOVE_RANDOM,3,1,1,both_hit
lrKGCtSsAkA_4,0-2s,control,REMOVE_RANDOM,4,1,1,both_hit
lrKGCtSsAkA_4,0-2s,control,REMOVE_RANDOM,5,1,1,both_hit
lrKGCtSsAkA_4,0-2s,control,REMOVE_RANDOM,6,1,1,both_hit
lrKGCtSsAkA_4,0-2s,control,REMOVE_RANDOM,7,1,1,both_hit
lrKGCtSsAkA_4,0-2s,control,REMOVE_RANDOM,8,1,1,both_hit
lrKGCtSsAkA_4,0-2s,control,REMOVE_RANDOM,9,1,1,both_hit
lrKGCtSsAkA_4,0-2s,control,REMOVE_HARD,0,1,1,both_hit
mSF_FqBtRPs_1,2-5s,control,REMOVE_RANDOM,0,1,1,both_hit
mSF_FqBtRPs_1,2-5s,control,REMOVE_RANDOM,1,1,1,both_hit
mSF_FqBtRPs_1,2-5s,control,REMOVE_RANDOM,2,1,1,both_hit
mSF_FqBtRPs_1,2-5s,control,REMOVE_RANDOM,3,1,1,both_hit
mSF_FqBtRPs_1,2-5s,control,REMOVE_RANDOM,4,1,1,both_hit
mSF_FqBtRPs_1,2-5s,control,REMOVE_RANDOM,5,1,1,both_hit
mSF_FqBtRPs_1,2-5s,control,REMOVE_RANDOM,6,1,1,both_hit
mSF_FqBtRPs_1,2-5s,control,REMOVE_RANDOM,7,1,1,both_hit
mSF_FqBtRPs_1,2-5s,control,REMOVE_RANDOM,8,1,1,both_hit
mSF_FqBtRPs_1,2-5s,control,REMOVE_RANDOM,9,1,1,both_hit
mSF_FqBtRPs_1,2-5s,control,REMOVE_HARD,0,1,1,both_hit
mWqH2xwjkYA_1,2-5s,control,REMOVE_RANDOM,0,1,1,both_hit
mWqH2xwjkYA_1,2-5s,control,REMOVE_RANDOM,1,1,1,both_hit
mWqH2xwjkYA_1,2-5s,control,REMOVE_RANDOM,2,1,1,both_hit
mWqH2xwjkYA_1,2-5s,control,REMOVE_RANDOM,3,1,1,both_hit
mWqH2xwjkYA_1,2-5s,control,REMOVE_RANDOM,4,1,1,both_hit
mWqH2xwjkYA_1,2-5s,control,REMOVE_RANDOM,5,1,1,both_hit
mWqH2xwjkYA_1,2-5s,control,REMOVE_RANDOM,6,1,1,both_hit
mWqH2xwjkYA_1,2-5s,control,REMOVE_RANDOM,7,1,1,both_hit
mWqH2xwjkYA_1,2-5s,control,REMOVE_RANDOM,8,1,1,both_hit
mWqH2xwjkYA_1,2-5s,control,REMOVE_RANDOM,9,1,1,both_hit
mWqH2xwjkYA_1,2-5s,control,REMOVE_HARD,0,1,1,both_hit
m_U506sf9p4_2,2-5s,harmful,REMOVE_RANDOM,0,0,0,both_miss
m_U506sf9p4_2,2-5s,harmful,REMOVE_RANDOM,1,0,0,both_miss
m_U506sf9p4_2,2-5s,harmful,REMOVE_RANDOM,2,0,0,both_miss
m_U506sf9p4_2,2-5s,harmful,REMOVE_RANDOM,3,0,0,both_miss
m_U506sf9p4_2,2-5s,harmful,REMOVE_RANDOM,4,0,0,both_miss
m_U506sf9p4_2,2-5s,harmful,REMOVE_RANDOM,5,0,0,both_miss
m_U506sf9p4_2,2-5s,harmful,REMOVE_RANDOM,6,0,0,both_miss
m_U506sf9p4_2,2-5s,harmful,REMOVE_RANDOM,7,0,0,both_miss
m_U506sf9p4_2,2-5s,harmful,REMOVE_RANDOM,8,0,0,both_miss
m_U506sf9p4_2,2-5s,harmful,REMOVE_RANDOM,9,0,0,both_miss
m_U506sf9p4_2,2-5s,harmful,REMOVE_HARD,0,0,0,both_miss
m_U506sf9p4_3,2-5s,harmful,REMOVE_RANDOM,0,0,0,both_miss
m_U506sf9p4_3,2-5s,harmful,REMOVE_RANDOM,1,0,0,both_miss
m_U506sf9p4_3,2-5s,harmful,REMOVE_RANDOM,2,0,0,both_miss
m_U506sf9p4_3,2-5s,harmful,REMOVE_RANDOM,3,0,0,both_miss
m_U506sf9p4_3,2-5s,harmful,REMOVE_RANDOM,4,0,0,both_miss
m_U506sf9p4_3,2-5s,harmful,REMOVE_RANDOM,5,0,0,both_miss
m_U506sf9p4_3,2-5s,harmful,REMOVE_RANDOM,6,0,1,miss_to_hit
m_U506sf9p4_3,2-5s,harmful,REMOVE_RANDOM,7,0,0,both_miss
m_U506sf9p4_3,2-5s,harmful,REMOVE_RANDOM,8,0,0,both_miss
m_U506sf9p4_3,2-5s,harmful,REMOVE_RANDOM,9,0,0,both_miss
m_U506sf9p4_3,2-5s,harmful,REMOVE_HARD,0,0,0,both_miss
m_U506sf9p4_4,2-5s,control,REMOVE_RANDOM,0,1,1,both_hit
m_U506sf9p4_4,2-5s,control,REMOVE_RANDOM,1,1,1,both_hit
m_U506sf9p4_4,2-5s,control,REMOVE_RANDOM,2,1,1,both_hit
m_U506sf9p4_4,2-5s,control,REMOVE_RANDOM,3,1,1,both_hit
m_U506sf9p4_4,2-5s,control,REMOVE_RANDOM,4,1,1,both_hit
m_U506sf9p4_4,2-5s,control,REMOVE_RANDOM,5,1,1,both_hit
m_U506sf9p4_4,2-5s,control,REMOVE_RANDOM,6,1,1,both_hit
m_U506sf9p4_4,2-5s,control,REMOVE_RANDOM,7,1,1,both_hit
m_U506sf9p4_4,2-5s,control,REMOVE_RANDOM,8,1,1,both_hit
m_U506sf9p4_4,2-5s,control,REMOVE_RANDOM,9,1,1,both_hit
m_U506sf9p4_4,2-5s,control,REMOVE_HARD,0,1,1,both_hit
n-JyOqYSLQM_2,2-5s,control,REMOVE_RANDOM,0,0,0,both_miss
n-JyOqYSLQM_2,2-5s,control,REMOVE_RANDOM,1,0,0,both_miss
n-JyOqYSLQM_2,2-5s,control,REMOVE_RANDOM,2,0,0,both_miss
n-JyOqYSLQM_2,2-5s,control,REMOVE_RANDOM,3,0,0,both_miss
n-JyOqYSLQM_2,2-5s,control,REMOVE_RANDOM,4,0,0,both_miss
n-JyOqYSLQM_2,2-5s,control,REMOVE_RANDOM,5,0,0,both_miss
n-JyOqYSLQM_2,2-5s,control,REMOVE_RANDOM,6,0,0,both_miss
n-JyOqYSLQM_2,2-5s,control,REMOVE_RANDOM,7,0,0,both_miss
n-JyOqYSLQM_2,2-5s,control,REMOVE_RANDOM,8,0,0,both_miss
n-JyOqYSLQM_2,2-5s,control,REMOVE_RANDOM,9,0,0,both_miss
n-JyOqYSLQM_2,2-5s,control,REMOVE_HARD,0,0,0,both_miss
nLtNjMimLE0_1,2-5s,harmful,REMOVE_RANDOM,0,0,0,both_miss
nLtNjMimLE0_1,2-5s,harmful,REMOVE_RANDOM,1,0,0,both_miss
nLtNjMimLE0_1,2-5s,harmful,REMOVE_RANDOM,2,0,0,both_miss
nLtNjMimLE0_1,2-5s,harmful,REMOVE_RANDOM,3,0,0,both_miss
nLtNjMimLE0_1,2-5s,harmful,REMOVE_RANDOM,4,0,0,both_miss
nLtNjMimLE0_1,2-5s,harmful,REMOVE_RANDOM,5,0,0,both_miss
nLtNjMimLE0_1,2-5s,harmful,REMOVE_RANDOM,6,0,0,both_miss
nLtNjMimLE0_1,2-5s,harmful,REMOVE_RANDOM,7,0,0,both_miss
nLtNjMimLE0_1,2-5s,harmful,REMOVE_RANDOM,8,0,0,both_miss
nLtNjMimLE0_1,2-5s,harmful,REMOVE_RANDOM,9,0,0,both_miss
nLtNjMimLE0_1,2-5s,harmful,REMOVE_HARD,0,0,0,both_miss
nU-AI3Cmc3M_1,2-5s,harmful,REMOVE_RANDOM,0,1,1,both_hit
nU-AI3Cmc3M_1,2-5s,harmful,REMOVE_RANDOM,1,1,1,both_hit
nU-AI3Cmc3M_1,2-5s,harmful,REMOVE_RANDOM,2,1,1,both_hit
nU-AI3Cmc3M_1,2-5s,harmful,REMOVE_RANDOM,3,1,1,both_hit
nU-AI3Cmc3M_1,2-5s,harmful,REMOVE_RANDOM,4,1,1,both_hit
nU-AI3Cmc3M_1,2-5s,harmful,REMOVE_RANDOM,5,1,1,both_hit
nU-AI3Cmc3M_1,2-5s,harmful,REMOVE_RANDOM,6,1,1,both_hit
nU-AI3Cmc3M_1,2-5s,harmful,REMOVE_RANDOM,7,1,1,both_hit
nU-AI3Cmc3M_1,2-5s,harmful,REMOVE_RANDOM,8,1,1,both_hit
nU-AI3Cmc3M_1,2-5s,harmful,REMOVE_RANDOM,9,1,1,both_hit
nU-AI3Cmc3M_1,2-5s,harmful,REMOVE_HARD,0,1,1,both_hit
nlC4UI4hZ60_2,2-5s,control,REMOVE_RANDOM,0,1,0,hit_to_miss
nlC4UI4hZ60_2,2-5s,control,REMOVE_RANDOM,1,1,0,hit_to_miss
nlC4UI4hZ60_2,2-5s,control,REMOVE_RANDOM,2,1,0,hit_to_miss
nlC4UI4hZ60_2,2-5s,control,REMOVE_RANDOM,3,1,0,hit_to_miss
nlC4UI4hZ60_2,2-5s,control,REMOVE_RANDOM,4,1,0,hit_to_miss
nlC4UI4hZ60_2,2-5s,control,REMOVE_RANDOM,5,1,0,hit_to_miss
nlC4UI4hZ60_2,2-5s,control,REMOVE_RANDOM,6,1,0,hit_to_miss
nlC4UI4hZ60_2,2-5s,control,REMOVE_RANDOM,7,1,0,hit_to_miss
nlC4UI4hZ60_2,2-5s,control,REMOVE_RANDOM,8,1,0,hit_to_miss
nlC4UI4hZ60_2,2-5s,control,REMOVE_RANDOM,9,1,0,hit_to_miss
nlC4UI4hZ60_2,2-5s,control,REMOVE_HARD,0,1,0,hit_to_miss
o7-X8DAToGc_1,2-5s,control,REMOVE_RANDOM,0,0,0,both_miss
o7-X8DAToGc_1,2-5s,control,REMOVE_RANDOM,1,0,0,both_miss
o7-X8DAToGc_1,2-5s,control,REMOVE_RANDOM,2,0,0,both_miss
o7-X8DAToGc_1,2-5s,control,REMOVE_RANDOM,3,0,0,both_miss
o7-X8DAToGc_1,2-5s,control,REMOVE_RANDOM,4,0,0,both_miss
o7-X8DAToGc_1,2-5s,control,REMOVE_RANDOM,5,0,0,both_miss
o7-X8DAToGc_1,2-5s,control,REMOVE_RANDOM,6,0,0,both_miss
o7-X8DAToGc_1,2-5s,control,REMOVE_RANDOM,7,0,0,both_miss
o7-X8DAToGc_1,2-5s,control,REMOVE_RANDOM,8,0,0,both_miss
o7-X8DAToGc_1,2-5s,control,REMOVE_RANDOM,9,0,0,both_miss
o7-X8DAToGc_1,2-5s,control,REMOVE_HARD,0,0,0,both_miss
o7-X8DAToGc_2,2-5s,control,REMOVE_RANDOM,0,0,0,both_miss
o7-X8DAToGc_2,2-5s,control,REMOVE_RANDOM,1,0,0,both_miss
o7-X8DAToGc_2,2-5s,control,REMOVE_RANDOM,2,0,0,both_miss
o7-X8DAToGc_2,2-5s,control,REMOVE_RANDOM,3,0,0,both_miss
o7-X8DAToGc_2,2-5s,control,REMOVE_RANDOM,4,0,0,both_miss
o7-X8DAToGc_2,2-5s,control,REMOVE_RANDOM,5,0,0,both_miss
o7-X8DAToGc_2,2-5s,control,REMOVE_RANDOM,6,0,0,both_miss
o7-X8DAToGc_2,2-5s,control,REMOVE_RANDOM,7,0,0,both_miss
o7-X8DAToGc_2,2-5s,control,REMOVE_RANDOM,8,0,0,both_miss
o7-X8DAToGc_2,2-5s,control,REMOVE_RANDOM,9,0,0,both_miss
o7-X8DAToGc_2,2-5s,control,REMOVE_HARD,0,0,0,both_miss
oN0IcZaHD_8_2,2-5s,control,REMOVE_RANDOM,0,1,1,both_hit
oN0IcZaHD_8_2,2-5s,control,REMOVE_RANDOM,1,1,1,both_hit
oN0IcZaHD_8_2,2-5s,control,REMOVE_RANDOM,2,1,1,both_hit
oN0IcZaHD_8_2,2-5s,control,REMOVE_RANDOM,3,1,1,both_hit
oN0IcZaHD_8_2,2-5s,control,REMOVE_RANDOM,4,1,1,both_hit
oN0IcZaHD_8_2,2-5s,control,REMOVE_RANDOM,5,1,1,both_hit
oN0IcZaHD_8_2,2-5s,control,REMOVE_RANDOM,6,1,1,both_hit
oN0IcZaHD_8_2,2-5s,control,REMOVE_RANDOM,7,1,1,both_hit
oN0IcZaHD_8_2,2-5s,control,REMOVE_RANDOM,8,1,1,both_hit
oN0IcZaHD_8_2,2-5s,control,REMOVE_RANDOM,9,1,1,both_hit
oN0IcZaHD_8_2,2-5s,control,REMOVE_HARD,0,1,1,both_hit
oNHCc_izsDE_1,0-2s,harmful,REMOVE_RANDOM,0,1,1,both_hit
oNHCc_izsDE_1,0-2s,harmful,REMOVE_RANDOM,1,1,1,both_hit
oNHCc_izsDE_1,0-2s,harmful,REMOVE_RANDOM,2,1,1,both_hit
oNHCc_izsDE_1,0-2s,harmful,REMOVE_RANDOM,3,1,1,both_hit
oNHCc_izsDE_1,0-2s,harmful,REMOVE_RANDOM,4,1,1,both_hit
oNHCc_izsDE_1,0-2s,harmful,REMOVE_RANDOM,5,1,1,both_hit
oNHCc_izsDE_1,0-2s,harmful,REMOVE_RANDOM,6,1,1,both_hit
oNHCc_izsDE_1,0-2s,harmful,REMOVE_RANDOM,7,1,1,both_hit
oNHCc_izsDE_1,0-2s,harmful,REMOVE_RANDOM,8,1,1,both_hit
oNHCc_izsDE_1,0-2s,harmful,REMOVE_RANDOM,9,1,1,both_hit
oNHCc_izsDE_1,0-2s,harmful,REMOVE_HARD,0,1,1,both_hit
os_2U4xqTqw_1,2-5s,control,REMOVE_RANDOM,0,1,1,both_hit
os_2U4xqTqw_1,2-5s,control,REMOVE_RANDOM,1,1,1,both_hit
os_2U4xqTqw_1,2-5s,control,REMOVE_RANDOM,2,1,1,both_hit
os_2U4xqTqw_1,2-5s,control,REMOVE_RANDOM,3,1,1,both_hit
os_2U4xqTqw_1,2-5s,control,REMOVE_RANDOM,4,1,1,both_hit
os_2U4xqTqw_1,2-5s,control,REMOVE_RANDOM,5,1,1,both_hit
os_2U4xqTqw_1,2-5s,control,REMOVE_RANDOM,6,1,1,both_hit
os_2U4xqTqw_1,2-5s,control,REMOVE_RANDOM,7,1,1,both_hit
os_2U4xqTqw_1,2-5s,control,REMOVE_RANDOM,8,1,1,both_hit
os_2U4xqTqw_1,2-5s,control,REMOVE_RANDOM,9,1,1,both_hit
os_2U4xqTqw_1,2-5s,control,REMOVE_HARD,0,1,1,both_hit
os_2U4xqTqw_2,2-5s,control,REMOVE_RANDOM,0,1,1,both_hit
os_2U4xqTqw_2,2-5s,control,REMOVE_RANDOM,1,1,1,both_hit
os_2U4xqTqw_2,2-5s,control,REMOVE_RANDOM,2,1,1,both_hit
os_2U4xqTqw_2,2-5s,control,REMOVE_RANDOM,3,1,1,both_hit
os_2U4xqTqw_2,2-5s,control,REMOVE_RANDOM,4,1,1,both_hit
os_2U4xqTqw_2,2-5s,control,REMOVE_RANDOM,5,1,1,both_hit
os_2U4xqTqw_2,2-5s,control,REMOVE_RANDOM,6,1,1,both_hit
os_2U4xqTqw_2,2-5s,control,REMOVE_RANDOM,7,1,1,both_hit
os_2U4xqTqw_2,2-5s,control,REMOVE_RANDOM,8,1,1,both_hit
os_2U4xqTqw_2,2-5s,control,REMOVE_RANDOM,9,1,1,both_hit
os_2U4xqTqw_2,2-5s,control,REMOVE_HARD,0,1,1,both_hit
os_2U4xqTqw_3,0-2s,control,REMOVE_RANDOM,0,1,1,both_hit
os_2U4xqTqw_3,0-2s,control,REMOVE_RANDOM,1,1,1,both_hit
os_2U4xqTqw_3,0-2s,control,REMOVE_RANDOM,2,1,1,both_hit
os_2U4xqTqw_3,0-2s,control,REMOVE_RANDOM,3,1,1,both_hit
os_2U4xqTqw_3,0-2s,control,REMOVE_RANDOM,4,1,1,both_hit
os_2U4xqTqw_3,0-2s,control,REMOVE_RANDOM,5,1,1,both_hit
os_2U4xqTqw_3,0-2s,control,REMOVE_RANDOM,6,1,1,both_hit
os_2U4xqTqw_3,0-2s,control,REMOVE_RANDOM,7,1,1,both_hit
os_2U4xqTqw_3,0-2s,control,REMOVE_RANDOM,8,1,1,both_hit
os_2U4xqTqw_3,0-2s,control,REMOVE_RANDOM,9,1,1,both_hit
os_2U4xqTqw_3,0-2s,control,REMOVE_HARD,0,1,0,hit_to_miss
os_2U4xqTqw_4,2-5s,harmful,REMOVE_RANDOM,0,1,1,both_hit
os_2U4xqTqw_4,2-5s,harmful,REMOVE_RANDOM,1,1,1,both_hit
os_2U4xqTqw_4,2-5s,harmful,REMOVE_RANDOM,2,1,1,both_hit
os_2U4xqTqw_4,2-5s,harmful,REMOVE_RANDOM,3,1,1,both_hit
os_2U4xqTqw_4,2-5s,harmful,REMOVE_RANDOM,4,1,1,both_hit
os_2U4xqTqw_4,2-5s,harmful,REMOVE_RANDOM,5,1,1,both_hit
os_2U4xqTqw_4,2-5s,harmful,REMOVE_RANDOM,6,1,1,both_hit
os_2U4xqTqw_4,2-5s,harmful,REMOVE_RANDOM,7,1,1,both_hit
os_2U4xqTqw_4,2-5s,harmful,REMOVE_RANDOM,8,1,1,both_hit
os_2U4xqTqw_4,2-5s,harmful,REMOVE_RANDOM,9,1,1,both_hit
os_2U4xqTqw_4,2-5s,harmful,REMOVE_HARD,0,1,1,both_hit
p9qRTh4BmSE_1,2-5s,harmful,REMOVE_RANDOM,0,0,0,both_miss
p9qRTh4BmSE_1,2-5s,harmful,REMOVE_RANDOM,1,0,0,both_miss
p9qRTh4BmSE_1,2-5s,harmful,REMOVE_RANDOM,2,0,0,both_miss
p9qRTh4BmSE_1,2-5s,harmful,REMOVE_RANDOM,3,0,0,both_miss
p9qRTh4BmSE_1,2-5s,harmful,REMOVE_RANDOM,4,0,0,both_miss
p9qRTh4BmSE_1,2-5s,harmful,REMOVE_RANDOM,5,0,0,both_miss
p9qRTh4BmSE_1,2-5s,harmful,REMOVE_RANDOM,6,0,0,both_miss
p9qRTh4BmSE_1,2-5s,harmful,REMOVE_RANDOM,7,0,0,both_miss
p9qRTh4BmSE_1,2-5s,harmful,REMOVE_RANDOM,8,0,0,both_miss
p9qRTh4BmSE_1,2-5s,harmful,REMOVE_RANDOM,9,0,0,both_miss
p9qRTh4BmSE_1,2-5s,harmful,REMOVE_HARD,0,0,1,miss_to_hit
p9qRTh4BmSE_2,2-5s,control,REMOVE_RANDOM,0,1,1,both_hit
p9qRTh4BmSE_2,2-5s,control,REMOVE_RANDOM,1,1,1,both_hit
p9qRTh4BmSE_2,2-5s,control,REMOVE_RANDOM,2,1,1,both_hit
p9qRTh4BmSE_2,2-5s,control,REMOVE_RANDOM,3,1,1,both_hit
p9qRTh4BmSE_2,2-5s,control,REMOVE_RANDOM,4,1,1,both_hit
p9qRTh4BmSE_2,2-5s,control,REMOVE_RANDOM,5,1,1,both_hit
p9qRTh4BmSE_2,2-5s,control,REMOVE_RANDOM,6,1,1,both_hit
p9qRTh4BmSE_2,2-5s,control,REMOVE_RANDOM,7,1,1,both_hit
p9qRTh4BmSE_2,2-5s,control,REMOVE_RANDOM,8,1,1,both_hit
p9qRTh4BmSE_2,2-5s,control,REMOVE_RANDOM,9,1,1,both_hit
p9qRTh4BmSE_2,2-5s,control,REMOVE_HARD,0,1,1,both_hit
pCQEWAFGEjc_1,2-5s,control,REMOVE_RANDOM,0,1,1,both_hit
pCQEWAFGEjc_1,2-5s,control,REMOVE_RANDOM,1,1,1,both_hit
pCQEWAFGEjc_1,2-5s,control,REMOVE_RANDOM,2,1,1,both_hit
pCQEWAFGEjc_1,2-5s,control,REMOVE_RANDOM,3,1,1,both_hit
pCQEWAFGEjc_1,2-5s,control,REMOVE_RANDOM,4,1,1,both_hit
pCQEWAFGEjc_1,2-5s,control,REMOVE_RANDOM,5,1,1,both_hit
pCQEWAFGEjc_1,2-5s,control,REMOVE_RANDOM,6,1,1,both_hit
pCQEWAFGEjc_1,2-5s,control,REMOVE_RANDOM,7,1,1,both_hit
pCQEWAFGEjc_1,2-5s,control,REMOVE_RANDOM,8,1,1,both_hit
pCQEWAFGEjc_1,2-5s,control,REMOVE_RANDOM,9,1,1,both_hit
pCQEWAFGEjc_1,2-5s,control,REMOVE_HARD,0,1,1,both_hit
pCQEWAFGEjc_2,2-5s,harmful,REMOVE_RANDOM,0,0,1,miss_to_hit
pCQEWAFGEjc_2,2-5s,harmful,REMOVE_RANDOM,1,0,0,both_miss
pCQEWAFGEjc_2,2-5s,harmful,REMOVE_RANDOM,2,0,1,miss_to_hit
pCQEWAFGEjc_2,2-5s,harmful,REMOVE_RANDOM,3,0,0,both_miss
pCQEWAFGEjc_2,2-5s,harmful,REMOVE_RANDOM,4,0,1,miss_to_hit
pCQEWAFGEjc_2,2-5s,harmful,REMOVE_RANDOM,5,0,1,miss_to_hit
pCQEWAFGEjc_2,2-5s,harmful,REMOVE_RANDOM,6,0,1,miss_to_hit
pCQEWAFGEjc_2,2-5s,harmful,REMOVE_RANDOM,7,0,1,miss_to_hit
pCQEWAFGEjc_2,2-5s,harmful,REMOVE_RANDOM,8,0,0,both_miss
pCQEWAFGEjc_2,2-5s,harmful,REMOVE_RANDOM,9,0,0,both_miss
pCQEWAFGEjc_2,2-5s,harmful,REMOVE_HARD,0,0,0,both_miss
pHYkWkZ4guE_3,2-5s,harmful,REMOVE_RANDOM,0,0,0,both_miss
pHYkWkZ4guE_3,2-5s,harmful,REMOVE_RANDOM,1,0,0,both_miss
pHYkWkZ4guE_3,2-5s,harmful,REMOVE_RANDOM,2,0,0,both_miss
pHYkWkZ4guE_3,2-5s,harmful,REMOVE_RANDOM,3,0,0,both_miss
pHYkWkZ4guE_3,2-5s,harmful,REMOVE_RANDOM,4,0,0,both_miss
pHYkWkZ4guE_3,2-5s,harmful,REMOVE_RANDOM,5,0,0,both_miss
pHYkWkZ4guE_3,2-5s,harmful,REMOVE_RANDOM,6,0,0,both_miss
pHYkWkZ4guE_3,2-5s,harmful,REMOVE_RANDOM,7,0,0,both_miss
pHYkWkZ4guE_3,2-5s,harmful,REMOVE_RANDOM,8,0,0,both_miss
pHYkWkZ4guE_3,2-5s,harmful,REMOVE_RANDOM,9,0,0,both_miss
pHYkWkZ4guE_3,2-5s,harmful,REMOVE_HARD,0,0,0,both_miss
pI_kPedctoo_1,0-2s,control,REMOVE_RANDOM,0,1,1,both_hit
pI_kPedctoo_1,0-2s,control,REMOVE_RANDOM,1,1,1,both_hit
pI_kPedctoo_1,0-2s,control,REMOVE_RANDOM,2,1,1,both_hit
pI_kPedctoo_1,0-2s,control,REMOVE_RANDOM,3,1,1,both_hit
pI_kPedctoo_1,0-2s,control,REMOVE_RANDOM,4,1,1,both_hit
pI_kPedctoo_1,0-2s,control,REMOVE_RANDOM,5,1,1,both_hit
pI_kPedctoo_1,0-2s,control,REMOVE_RANDOM,6,1,1,both_hit
pI_kPedctoo_1,0-2s,control,REMOVE_RANDOM,7,1,1,both_hit
pI_kPedctoo_1,0-2s,control,REMOVE_RANDOM,8,1,1,both_hit
pI_kPedctoo_1,0-2s,control,REMOVE_RANDOM,9,1,1,both_hit
pI_kPedctoo_1,0-2s,control,REMOVE_HARD,0,1,1,both_hit
pO8kbg9IJnc_2,2-5s,control,REMOVE_RANDOM,0,1,1,both_hit
pO8kbg9IJnc_2,2-5s,control,REMOVE_RANDOM,1,1,1,both_hit
pO8kbg9IJnc_2,2-5s,control,REMOVE_RANDOM,2,1,1,both_hit
pO8kbg9IJnc_2,2-5s,control,REMOVE_RANDOM,3,1,1,both_hit
pO8kbg9IJnc_2,2-5s,control,REMOVE_RANDOM,4,1,1,both_hit
pO8kbg9IJnc_2,2-5s,control,REMOVE_RANDOM,5,1,1,both_hit
pO8kbg9IJnc_2,2-5s,control,REMOVE_RANDOM,6,1,1,both_hit
pO8kbg9IJnc_2,2-5s,control,REMOVE_RANDOM,7,1,1,both_hit
pO8kbg9IJnc_2,2-5s,control,REMOVE_RANDOM,8,1,1,both_hit
pO8kbg9IJnc_2,2-5s,control,REMOVE_RANDOM,9,1,1,both_hit
pO8kbg9IJnc_2,2-5s,control,REMOVE_HARD,0,1,1,both_hit
pO8kbg9IJnc_3,2-5s,control,REMOVE_RANDOM,0,1,1,both_hit
pO8kbg9IJnc_3,2-5s,control,REMOVE_RANDOM,1,1,1,both_hit
pO8kbg9IJnc_3,2-5s,control,REMOVE_RANDOM,2,1,1,both_hit
pO8kbg9IJnc_3,2-5s,control,REMOVE_RANDOM,3,1,1,both_hit
pO8kbg9IJnc_3,2-5s,control,REMOVE_RANDOM,4,1,1,both_hit
pO8kbg9IJnc_3,2-5s,control,REMOVE_RANDOM,5,1,1,both_hit
pO8kbg9IJnc_3,2-5s,control,REMOVE_RANDOM,6,1,1,both_hit
pO8kbg9IJnc_3,2-5s,control,REMOVE_RANDOM,7,1,1,both_hit
pO8kbg9IJnc_3,2-5s,control,REMOVE_RANDOM,8,1,1,both_hit
pO8kbg9IJnc_3,2-5s,control,REMOVE_RANDOM,9,1,1,both_hit
pO8kbg9IJnc_3,2-5s,control,REMOVE_HARD,0,1,1,both_hit
paf0nyjg1Js_1,2-5s,harmful,REMOVE_RANDOM,0,0,0,both_miss
paf0nyjg1Js_1,2-5s,harmful,REMOVE_RANDOM,1,0,0,both_miss
paf0nyjg1Js_1,2-5s,harmful,REMOVE_RANDOM,2,0,0,both_miss
paf0nyjg1Js_1,2-5s,harmful,REMOVE_RANDOM,3,0,0,both_miss
paf0nyjg1Js_1,2-5s,harmful,REMOVE_RANDOM,4,0,0,both_miss
paf0nyjg1Js_1,2-5s,harmful,REMOVE_RANDOM,5,0,0,both_miss
paf0nyjg1Js_1,2-5s,harmful,REMOVE_RANDOM,6,0,0,both_miss
paf0nyjg1Js_1,2-5s,harmful,REMOVE_RANDOM,7,0,0,both_miss
paf0nyjg1Js_1,2-5s,harmful,REMOVE_RANDOM,8,0,0,both_miss
paf0nyjg1Js_1,2-5s,harmful,REMOVE_RANDOM,9,0,0,both_miss
paf0nyjg1Js_1,2-5s,harmful,REMOVE_HARD,0,0,0,both_miss
paf0nyjg1Js_2,2-5s,control,REMOVE_RANDOM,0,1,1,both_hit
paf0nyjg1Js_2,2-5s,control,REMOVE_RANDOM,1,1,1,both_hit
paf0nyjg1Js_2,2-5s,control,REMOVE_RANDOM,2,1,1,both_hit
paf0nyjg1Js_2,2-5s,control,REMOVE_RANDOM,3,1,1,both_hit
paf0nyjg1Js_2,2-5s,control,REMOVE_RANDOM,4,1,1,both_hit
paf0nyjg1Js_2,2-5s,control,REMOVE_RANDOM,5,1,1,both_hit
paf0nyjg1Js_2,2-5s,control,REMOVE_RANDOM,6,1,1,both_hit
paf0nyjg1Js_2,2-5s,control,REMOVE_RANDOM,7,1,1,both_hit
paf0nyjg1Js_2,2-5s,control,REMOVE_RANDOM,8,1,1,both_hit
paf0nyjg1Js_2,2-5s,control,REMOVE_RANDOM,9,1,1,both_hit
paf0nyjg1Js_2,2-5s,control,REMOVE_HARD,0,1,1,both_hit
pgq2KPX5_SA_2,2-5s,harmful,REMOVE_RANDOM,0,0,0,both_miss
pgq2KPX5_SA_2,2-5s,harmful,REMOVE_RANDOM,1,0,0,both_miss
pgq2KPX5_SA_2,2-5s,harmful,REMOVE_RANDOM,2,0,0,both_miss
pgq2KPX5_SA_2,2-5s,harmful,REMOVE_RANDOM,3,0,0,both_miss
pgq2KPX5_SA_2,2-5s,harmful,REMOVE_RANDOM,4,0,0,both_miss
pgq2KPX5_SA_2,2-5s,harmful,REMOVE_RANDOM,5,0,0,both_miss
pgq2KPX5_SA_2,2-5s,harmful,REMOVE_RANDOM,6,0,0,both_miss
pgq2KPX5_SA_2,2-5s,harmful,REMOVE_RANDOM,7,0,0,both_miss
pgq2KPX5_SA_2,2-5s,harmful,REMOVE_RANDOM,8,0,0,both_miss
pgq2KPX5_SA_2,2-5s,harmful,REMOVE_RANDOM,9,0,0,both_miss
pgq2KPX5_SA_2,2-5s,harmful,REMOVE_HARD,0,0,0,both_miss
pgq2KPX5_SA_4,2-5s,control,REMOVE_RANDOM,0,1,1,both_hit
pgq2KPX5_SA_4,2-5s,control,REMOVE_RANDOM,1,1,1,both_hit
pgq2KPX5_SA_4,2-5s,control,REMOVE_RANDOM,2,1,1,both_hit
pgq2KPX5_SA_4,2-5s,control,REMOVE_RANDOM,3,1,1,both_hit
pgq2KPX5_SA_4,2-5s,control,REMOVE_RANDOM,4,1,1,both_hit
pgq2KPX5_SA_4,2-5s,control,REMOVE_RANDOM,5,1,1,both_hit
pgq2KPX5_SA_4,2-5s,control,REMOVE_RANDOM,6,1,1,both_hit
pgq2KPX5_SA_4,2-5s,control,REMOVE_RANDOM,7,1,1,both_hit
pgq2KPX5_SA_4,2-5s,control,REMOVE_RANDOM,8,1,1,both_hit
pgq2KPX5_SA_4,2-5s,control,REMOVE_RANDOM,9,1,1,both_hit
pgq2KPX5_SA_4,2-5s,control,REMOVE_HARD,0,1,1,both_hit
ptIksg9KEac_2,2-5s,control,REMOVE_RANDOM,0,1,1,both_hit
ptIksg9KEac_2,2-5s,control,REMOVE_RANDOM,1,1,1,both_hit
ptIksg9KEac_2,2-5s,control,REMOVE_RANDOM,2,1,1,both_hit
ptIksg9KEac_2,2-5s,control,REMOVE_RANDOM,3,1,1,both_hit
ptIksg9KEac_2,2-5s,control,REMOVE_RANDOM,4,1,1,both_hit
ptIksg9KEac_2,2-5s,control,REMOVE_RANDOM,5,1,1,both_hit
ptIksg9KEac_2,2-5s,control,REMOVE_RANDOM,6,1,1,both_hit
ptIksg9KEac_2,2-5s,control,REMOVE_RANDOM,7,1,1,both_hit
ptIksg9KEac_2,2-5s,control,REMOVE_RANDOM,8,1,1,both_hit
ptIksg9KEac_2,2-5s,control,REMOVE_RANDOM,9,1,1,both_hit
ptIksg9KEac_2,2-5s,control,REMOVE_HARD,0,1,1,both_hit
ptIksg9KEac_3,0-2s,control,REMOVE_RANDOM,0,1,1,both_hit
ptIksg9KEac_3,0-2s,control,REMOVE_RANDOM,1,1,1,both_hit
ptIksg9KEac_3,0-2s,control,REMOVE_RANDOM,2,1,1,both_hit
ptIksg9KEac_3,0-2s,control,REMOVE_RANDOM,3,1,1,both_hit
ptIksg9KEac_3,0-2s,control,REMOVE_RANDOM,4,1,1,both_hit
ptIksg9KEac_3,0-2s,control,REMOVE_RANDOM,5,1,1,both_hit
ptIksg9KEac_3,0-2s,control,REMOVE_RANDOM,6,1,1,both_hit
ptIksg9KEac_3,0-2s,control,REMOVE_RANDOM,7,1,1,both_hit
ptIksg9KEac_3,0-2s,control,REMOVE_RANDOM,8,1,1,both_hit
ptIksg9KEac_3,0-2s,control,REMOVE_RANDOM,9,1,1,both_hit
ptIksg9KEac_3,0-2s,control,REMOVE_HARD,0,1,1,both_hit
q1ivQ_2fddk_3,2-5s,harmful,REMOVE_RANDOM,0,1,1,both_hit
q1ivQ_2fddk_3,2-5s,harmful,REMOVE_RANDOM,1,1,1,both_hit
q1ivQ_2fddk_3,2-5s,harmful,REMOVE_RANDOM,2,1,1,both_hit
q1ivQ_2fddk_3,2-5s,harmful,REMOVE_RANDOM,3,1,1,both_hit
q1ivQ_2fddk_3,2-5s,harmful,REMOVE_RANDOM,4,1,1,both_hit
q1ivQ_2fddk_3,2-5s,harmful,REMOVE_RANDOM,5,1,1,both_hit
q1ivQ_2fddk_3,2-5s,harmful,REMOVE_RANDOM,6,1,1,both_hit
q1ivQ_2fddk_3,2-5s,harmful,REMOVE_RANDOM,7,1,1,both_hit
q1ivQ_2fddk_3,2-5s,harmful,REMOVE_RANDOM,8,1,1,both_hit
q1ivQ_2fddk_3,2-5s,harmful,REMOVE_RANDOM,9,1,1,both_hit
q1ivQ_2fddk_3,2-5s,harmful,REMOVE_HARD,0,1,1,both_hit
q3SEOW2m4WY_1,2-5s,control,REMOVE_RANDOM,0,1,1,both_hit
q3SEOW2m4WY_1,2-5s,control,REMOVE_RANDOM,1,1,1,both_hit
q3SEOW2m4WY_1,2-5s,control,REMOVE_RANDOM,2,1,1,both_hit
q3SEOW2m4WY_1,2-5s,control,REMOVE_RANDOM,3,1,1,both_hit
q3SEOW2m4WY_1,2-5s,control,REMOVE_RANDOM,4,1,1,both_hit
q3SEOW2m4WY_1,2-5s,control,REMOVE_RANDOM,5,1,1,both_hit
q3SEOW2m4WY_1,2-5s,control,REMOVE_RANDOM,6,1,1,both_hit
q3SEOW2m4WY_1,2-5s,control,REMOVE_RANDOM,7,1,1,both_hit
q3SEOW2m4WY_1,2-5s,control,REMOVE_RANDOM,8,1,1,both_hit
q3SEOW2m4WY_1,2-5s,control,REMOVE_RANDOM,9,1,1,both_hit
q3SEOW2m4WY_1,2-5s,control,REMOVE_HARD,0,1,1,both_hit
q3SEOW2m4WY_3,0-2s,control,REMOVE_RANDOM,0,1,1,both_hit
q3SEOW2m4WY_3,0-2s,control,REMOVE_RANDOM,1,1,1,both_hit
q3SEOW2m4WY_3,0-2s,control,REMOVE_RANDOM,2,1,1,both_hit
q3SEOW2m4WY_3,0-2s,control,REMOVE_RANDOM,3,1,1,both_hit
q3SEOW2m4WY_3,0-2s,control,REMOVE_RANDOM,4,1,1,both_hit
q3SEOW2m4WY_3,0-2s,control,REMOVE_RANDOM,5,1,1,both_hit
q3SEOW2m4WY_3,0-2s,control,REMOVE_RANDOM,6,1,1,both_hit
q3SEOW2m4WY_3,0-2s,control,REMOVE_RANDOM,7,1,1,both_hit
q3SEOW2m4WY_3,0-2s,control,REMOVE_RANDOM,8,1,1,both_hit
q3SEOW2m4WY_3,0-2s,control,REMOVE_RANDOM,9,1,1,both_hit
q3SEOW2m4WY_3,0-2s,control,REMOVE_HARD,0,1,1,both_hit
q3SEOW2m4WY_4,2-5s,control,REMOVE_RANDOM,0,1,1,both_hit
q3SEOW2m4WY_4,2-5s,control,REMOVE_RANDOM,1,1,1,both_hit
q3SEOW2m4WY_4,2-5s,control,REMOVE_RANDOM,2,1,1,both_hit
q3SEOW2m4WY_4,2-5s,control,REMOVE_RANDOM,3,1,1,both_hit
q3SEOW2m4WY_4,2-5s,control,REMOVE_RANDOM,4,1,1,both_hit
q3SEOW2m4WY_4,2-5s,control,REMOVE_RANDOM,5,1,1,both_hit
q3SEOW2m4WY_4,2-5s,control,REMOVE_RANDOM,6,1,1,both_hit
q3SEOW2m4WY_4,2-5s,control,REMOVE_RANDOM,7,1,1,both_hit
q3SEOW2m4WY_4,2-5s,control,REMOVE_RANDOM,8,1,1,both_hit
q3SEOW2m4WY_4,2-5s,control,REMOVE_RANDOM,9,1,1,both_hit
q3SEOW2m4WY_4,2-5s,control,REMOVE_HARD,0,1,1,both_hit
qeSl7YZAfs4_2,2-5s,harmful,REMOVE_RANDOM,0,1,1,both_hit
qeSl7YZAfs4_2,2-5s,harmful,REMOVE_RANDOM,1,1,0,hit_to_miss
qeSl7YZAfs4_2,2-5s,harmful,REMOVE_RANDOM,2,1,1,both_hit
qeSl7YZAfs4_2,2-5s,harmful,REMOVE_RANDOM,3,1,1,both_hit
qeSl7YZAfs4_2,2-5s,harmful,REMOVE_RANDOM,4,1,0,hit_to_miss
qeSl7YZAfs4_2,2-5s,harmful,REMOVE_RANDOM,5,1,0,hit_to_miss
qeSl7YZAfs4_2,2-5s,harmful,REMOVE_RANDOM,6,1,0,hit_to_miss
qeSl7YZAfs4_2,2-5s,harmful,REMOVE_RANDOM,7,1,0,hit_to_miss
qeSl7YZAfs4_2,2-5s,harmful,REMOVE_RANDOM,8,1,0,hit_to_miss
qeSl7YZAfs4_2,2-5s,harmful,REMOVE_RANDOM,9,1,1,both_hit
qeSl7YZAfs4_2,2-5s,harmful,REMOVE_HARD,0,1,1,both_hit
r2KhpX_QgXA_1,2-5s,control,REMOVE_RANDOM,0,0,0,both_miss
r2KhpX_QgXA_1,2-5s,control,REMOVE_RANDOM,1,0,0,both_miss
r2KhpX_QgXA_1,2-5s,control,REMOVE_RANDOM,2,0,0,both_miss
r2KhpX_QgXA_1,2-5s,control,REMOVE_RANDOM,3,0,0,both_miss
r2KhpX_QgXA_1,2-5s,control,REMOVE_RANDOM,4,0,0,both_miss
r2KhpX_QgXA_1,2-5s,control,REMOVE_RANDOM,5,0,0,both_miss
r2KhpX_QgXA_1,2-5s,control,REMOVE_RANDOM,6,0,0,both_miss
r2KhpX_QgXA_1,2-5s,control,REMOVE_RANDOM,7,0,0,both_miss
r2KhpX_QgXA_1,2-5s,control,REMOVE_RANDOM,8,0,0,both_miss
r2KhpX_QgXA_1,2-5s,control,REMOVE_RANDOM,9,0,0,both_miss
r2KhpX_QgXA_1,2-5s,control,REMOVE_HARD,0,0,1,miss_to_hit
rE6BJ0Bo4w4_3,2-5s,control,REMOVE_RANDOM,0,1,1,both_hit
rE6BJ0Bo4w4_3,2-5s,control,REMOVE_RANDOM,1,1,1,both_hit
rE6BJ0Bo4w4_3,2-5s,control,REMOVE_RANDOM,2,1,1,both_hit
rE6BJ0Bo4w4_3,2-5s,control,REMOVE_RANDOM,3,1,1,both_hit
rE6BJ0Bo4w4_3,2-5s,control,REMOVE_RANDOM,4,1,1,both_hit
rE6BJ0Bo4w4_3,2-5s,control,REMOVE_RANDOM,5,1,1,both_hit
rE6BJ0Bo4w4_3,2-5s,control,REMOVE_RANDOM,6,1,1,both_hit
rE6BJ0Bo4w4_3,2-5s,control,REMOVE_RANDOM,7,1,1,both_hit
rE6BJ0Bo4w4_3,2-5s,control,REMOVE_RANDOM,8,1,1,both_hit
rE6BJ0Bo4w4_3,2-5s,control,REMOVE_RANDOM,9,1,1,both_hit
rE6BJ0Bo4w4_3,2-5s,control,REMOVE_HARD,0,1,1,both_hit
rE6BJ0Bo4w4_4,2-5s,control,REMOVE_RANDOM,0,1,1,both_hit
rE6BJ0Bo4w4_4,2-5s,control,REMOVE_RANDOM,1,1,1,both_hit
rE6BJ0Bo4w4_4,2-5s,control,REMOVE_RANDOM,2,1,1,both_hit
rE6BJ0Bo4w4_4,2-5s,control,REMOVE_RANDOM,3,1,1,both_hit
rE6BJ0Bo4w4_4,2-5s,control,REMOVE_RANDOM,4,1,1,both_hit
rE6BJ0Bo4w4_4,2-5s,control,REMOVE_RANDOM,5,1,1,both_hit
rE6BJ0Bo4w4_4,2-5s,control,REMOVE_RANDOM,6,1,1,both_hit
rE6BJ0Bo4w4_4,2-5s,control,REMOVE_RANDOM,7,1,1,both_hit
rE6BJ0Bo4w4_4,2-5s,control,REMOVE_RANDOM,8,1,1,both_hit
rE6BJ0Bo4w4_4,2-5s,control,REMOVE_RANDOM,9,1,1,both_hit
rE6BJ0Bo4w4_4,2-5s,control,REMOVE_HARD,0,1,1,both_hit
rPkCYq4Zjwk_1,2-5s,harmful,REMOVE_RANDOM,0,0,0,both_miss
rPkCYq4Zjwk_1,2-5s,harmful,REMOVE_RANDOM,1,0,0,both_miss
rPkCYq4Zjwk_1,2-5s,harmful,REMOVE_RANDOM,2,0,0,both_miss
rPkCYq4Zjwk_1,2-5s,harmful,REMOVE_RANDOM,3,0,0,both_miss
rPkCYq4Zjwk_1,2-5s,harmful,REMOVE_RANDOM,4,0,0,both_miss
rPkCYq4Zjwk_1,2-5s,harmful,REMOVE_RANDOM,5,0,0,both_miss
rPkCYq4Zjwk_1,2-5s,harmful,REMOVE_RANDOM,6,0,0,both_miss
rPkCYq4Zjwk_1,2-5s,harmful,REMOVE_RANDOM,7,0,0,both_miss
rPkCYq4Zjwk_1,2-5s,harmful,REMOVE_RANDOM,8,0,0,both_miss
rPkCYq4Zjwk_1,2-5s,harmful,REMOVE_RANDOM,9,0,0,both_miss
rPkCYq4Zjwk_1,2-5s,harmful,REMOVE_HARD,0,0,0,both_miss
rPkCYq4Zjwk_2,2-5s,control,REMOVE_RANDOM,0,1,1,both_hit
rPkCYq4Zjwk_2,2-5s,control,REMOVE_RANDOM,1,1,1,both_hit
rPkCYq4Zjwk_2,2-5s,control,REMOVE_RANDOM,2,1,1,both_hit
rPkCYq4Zjwk_2,2-5s,control,REMOVE_RANDOM,3,1,1,both_hit
rPkCYq4Zjwk_2,2-5s,control,REMOVE_RANDOM,4,1,1,both_hit
rPkCYq4Zjwk_2,2-5s,control,REMOVE_RANDOM,5,1,1,both_hit
rPkCYq4Zjwk_2,2-5s,control,REMOVE_RANDOM,6,1,1,both_hit
rPkCYq4Zjwk_2,2-5s,control,REMOVE_RANDOM,7,1,1,both_hit
rPkCYq4Zjwk_2,2-5s,control,REMOVE_RANDOM,8,1,1,both_hit
rPkCYq4Zjwk_2,2-5s,control,REMOVE_RANDOM,9,1,1,both_hit
rPkCYq4Zjwk_2,2-5s,control,REMOVE_HARD,0,1,1,both_hit
riM7b5bJ9KQ_1,2-5s,control,REMOVE_RANDOM,0,1,1,both_hit
riM7b5bJ9KQ_1,2-5s,control,REMOVE_RANDOM,1,1,1,both_hit
riM7b5bJ9KQ_1,2-5s,control,REMOVE_RANDOM,2,1,1,both_hit
riM7b5bJ9KQ_1,2-5s,control,REMOVE_RANDOM,3,1,1,both_hit
riM7b5bJ9KQ_1,2-5s,control,REMOVE_RANDOM,4,1,1,both_hit
riM7b5bJ9KQ_1,2-5s,control,REMOVE_RANDOM,5,1,1,both_hit
riM7b5bJ9KQ_1,2-5s,control,REMOVE_RANDOM,6,1,1,both_hit
riM7b5bJ9KQ_1,2-5s,control,REMOVE_RANDOM,7,1,1,both_hit
riM7b5bJ9KQ_1,2-5s,control,REMOVE_RANDOM,8,1,1,both_hit
riM7b5bJ9KQ_1,2-5s,control,REMOVE_RANDOM,9,1,1,both_hit
riM7b5bJ9KQ_1,2-5s,control,REMOVE_HARD,0,1,1,both_hit
riM7b5bJ9KQ_3,2-5s,control,REMOVE_RANDOM,0,1,1,both_hit
riM7b5bJ9KQ_3,2-5s,control,REMOVE_RANDOM,1,1,1,both_hit
riM7b5bJ9KQ_3,2-5s,control,REMOVE_RANDOM,2,1,1,both_hit
riM7b5bJ9KQ_3,2-5s,control,REMOVE_RANDOM,3,1,1,both_hit
riM7b5bJ9KQ_3,2-5s,control,REMOVE_RANDOM,4,1,1,both_hit
riM7b5bJ9KQ_3,2-5s,control,REMOVE_RANDOM,5,1,1,both_hit
riM7b5bJ9KQ_3,2-5s,control,REMOVE_RANDOM,6,1,1,both_hit
riM7b5bJ9KQ_3,2-5s,control,REMOVE_RANDOM,7,1,1,both_hit
riM7b5bJ9KQ_3,2-5s,control,REMOVE_RANDOM,8,1,1,both_hit
riM7b5bJ9KQ_3,2-5s,control,REMOVE_RANDOM,9,1,1,both_hit
riM7b5bJ9KQ_3,2-5s,control,REMOVE_HARD,0,1,1,both_hit
rvtA7c1I4xo_1,2-5s,control,REMOVE_RANDOM,0,0,0,both_miss
rvtA7c1I4xo_1,2-5s,control,REMOVE_RANDOM,1,0,0,both_miss
rvtA7c1I4xo_1,2-5s,control,REMOVE_RANDOM,2,0,0,both_miss
rvtA7c1I4xo_1,2-5s,control,REMOVE_RANDOM,3,0,0,both_miss
rvtA7c1I4xo_1,2-5s,control,REMOVE_RANDOM,4,0,0,both_miss
rvtA7c1I4xo_1,2-5s,control,REMOVE_RANDOM,5,0,0,both_miss
rvtA7c1I4xo_1,2-5s,control,REMOVE_RANDOM,6,0,0,both_miss
rvtA7c1I4xo_1,2-5s,control,REMOVE_RANDOM,7,0,0,both_miss
rvtA7c1I4xo_1,2-5s,control,REMOVE_RANDOM,8,0,0,both_miss
rvtA7c1I4xo_1,2-5s,control,REMOVE_RANDOM,9,0,0,both_miss
rvtA7c1I4xo_1,2-5s,control,REMOVE_HARD,0,0,1,miss_to_hit
rvtA7c1I4xo_2,2-5s,harmful,REMOVE_RANDOM,0,1,1,both_hit
rvtA7c1I4xo_2,2-5s,harmful,REMOVE_RANDOM,1,1,1,both_hit
rvtA7c1I4xo_2,2-5s,harmful,REMOVE_RANDOM,2,1,1,both_hit
rvtA7c1I4xo_2,2-5s,harmful,REMOVE_RANDOM,3,1,1,both_hit
rvtA7c1I4xo_2,2-5s,harmful,REMOVE_RANDOM,4,1,1,both_hit
rvtA7c1I4xo_2,2-5s,harmful,REMOVE_RANDOM,5,1,1,both_hit
rvtA7c1I4xo_2,2-5s,harmful,REMOVE_RANDOM,6,1,1,both_hit
rvtA7c1I4xo_2,2-5s,harmful,REMOVE_RANDOM,7,1,1,both_hit
rvtA7c1I4xo_2,2-5s,harmful,REMOVE_RANDOM,8,1,1,both_hit
rvtA7c1I4xo_2,2-5s,harmful,REMOVE_RANDOM,9,1,1,both_hit
rvtA7c1I4xo_2,2-5s,harmful,REMOVE_HARD,0,1,1,both_hit
rvtA7c1I4xo_3,2-5s,control,REMOVE_RANDOM,0,1,1,both_hit
rvtA7c1I4xo_3,2-5s,control,REMOVE_RANDOM,1,1,1,both_hit
rvtA7c1I4xo_3,2-5s,control,REMOVE_RANDOM,2,1,1,both_hit
rvtA7c1I4xo_3,2-5s,control,REMOVE_RANDOM,3,1,1,both_hit
rvtA7c1I4xo_3,2-5s,control,REMOVE_RANDOM,4,1,1,both_hit
rvtA7c1I4xo_3,2-5s,control,REMOVE_RANDOM,5,1,1,both_hit
rvtA7c1I4xo_3,2-5s,control,REMOVE_RANDOM,6,1,1,both_hit
rvtA7c1I4xo_3,2-5s,control,REMOVE_RANDOM,7,1,1,both_hit
rvtA7c1I4xo_3,2-5s,control,REMOVE_RANDOM,8,1,1,both_hit
rvtA7c1I4xo_3,2-5s,control,REMOVE_RANDOM,9,1,1,both_hit
rvtA7c1I4xo_3,2-5s,control,REMOVE_HARD,0,1,0,hit_to_miss
rvtA7c1I4xo_4,2-5s,harmful,REMOVE_RANDOM,0,1,1,both_hit
rvtA7c1I4xo_4,2-5s,harmful,REMOVE_RANDOM,1,1,1,both_hit
rvtA7c1I4xo_4,2-5s,harmful,REMOVE_RANDOM,2,1,1,both_hit
rvtA7c1I4xo_4,2-5s,harmful,REMOVE_RANDOM,3,1,1,both_hit
rvtA7c1I4xo_4,2-5s,harmful,REMOVE_RANDOM,4,1,1,both_hit
rvtA7c1I4xo_4,2-5s,harmful,REMOVE_RANDOM,5,1,1,both_hit
rvtA7c1I4xo_4,2-5s,harmful,REMOVE_RANDOM,6,1,1,both_hit
rvtA7c1I4xo_4,2-5s,harmful,REMOVE_RANDOM,7,1,1,both_hit
rvtA7c1I4xo_4,2-5s,harmful,REMOVE_RANDOM,8,1,1,both_hit
rvtA7c1I4xo_4,2-5s,harmful,REMOVE_RANDOM,9,1,1,both_hit
rvtA7c1I4xo_4,2-5s,harmful,REMOVE_HARD,0,1,1,both_hit
sTMKled6Q1M_1,2-5s,control,REMOVE_RANDOM,0,1,1,both_hit
sTMKled6Q1M_1,2-5s,control,REMOVE_RANDOM,1,1,1,both_hit
sTMKled6Q1M_1,2-5s,control,REMOVE_RANDOM,2,1,1,both_hit
sTMKled6Q1M_1,2-5s,control,REMOVE_RANDOM,3,1,1,both_hit
sTMKled6Q1M_1,2-5s,control,REMOVE_RANDOM,4,1,1,both_hit
sTMKled6Q1M_1,2-5s,control,REMOVE_RANDOM,5,1,1,both_hit
sTMKled6Q1M_1,2-5s,control,REMOVE_RANDOM,6,1,1,both_hit
sTMKled6Q1M_1,2-5s,control,REMOVE_RANDOM,7,1,1,both_hit
sTMKled6Q1M_1,2-5s,control,REMOVE_RANDOM,8,1,1,both_hit
sTMKled6Q1M_1,2-5s,control,REMOVE_RANDOM,9,1,1,both_hit
sTMKled6Q1M_1,2-5s,control,REMOVE_HARD,0,1,1,both_hit
sTMKled6Q1M_2,2-5s,control,REMOVE_RANDOM,0,0,0,both_miss
sTMKled6Q1M_2,2-5s,control,REMOVE_RANDOM,1,0,0,both_miss
sTMKled6Q1M_2,2-5s,control,REMOVE_RANDOM,2,0,0,both_miss
sTMKled6Q1M_2,2-5s,control,REMOVE_RANDOM,3,0,0,both_miss
sTMKled6Q1M_2,2-5s,control,REMOVE_RANDOM,4,0,0,both_miss
sTMKled6Q1M_2,2-5s,control,REMOVE_RANDOM,5,0,0,both_miss
sTMKled6Q1M_2,2-5s,control,REMOVE_RANDOM,6,0,1,miss_to_hit
sTMKled6Q1M_2,2-5s,control,REMOVE_RANDOM,7,0,0,both_miss
sTMKled6Q1M_2,2-5s,control,REMOVE_RANDOM,8,0,0,both_miss
sTMKled6Q1M_2,2-5s,control,REMOVE_RANDOM,9,0,0,both_miss
sTMKled6Q1M_2,2-5s,control,REMOVE_HARD,0,0,1,miss_to_hit
sTMKled6Q1M_3,2-5s,harmful,REMOVE_RANDOM,0,1,1,both_hit
sTMKled6Q1M_3,2-5s,harmful,REMOVE_RANDOM,1,1,1,both_hit
sTMKled6Q1M_3,2-5s,harmful,REMOVE_RANDOM,2,1,1,both_hit
sTMKled6Q1M_3,2-5s,harmful,REMOVE_RANDOM,3,1,1,both_hit
sTMKled6Q1M_3,2-5s,harmful,REMOVE_RANDOM,4,1,1,both_hit
sTMKled6Q1M_3,2-5s,harmful,REMOVE_RANDOM,5,1,1,both_hit
sTMKled6Q1M_3,2-5s,harmful,REMOVE_RANDOM,6,1,1,both_hit
sTMKled6Q1M_3,2-5s,harmful,REMOVE_RANDOM,7,1,1,both_hit
sTMKled6Q1M_3,2-5s,harmful,REMOVE_RANDOM,8,1,1,both_hit
sTMKled6Q1M_3,2-5s,harmful,REMOVE_RANDOM,9,1,1,both_hit
sTMKled6Q1M_3,2-5s,harmful,REMOVE_HARD,0,1,1,both_hit
sVYTOURVsQ0_2,0-2s,control,REMOVE_RANDOM,0,0,1,miss_to_hit
sVYTOURVsQ0_2,0-2s,control,REMOVE_RANDOM,1,0,0,both_miss
sVYTOURVsQ0_2,0-2s,control,REMOVE_RANDOM,2,0,1,miss_to_hit
sVYTOURVsQ0_2,0-2s,control,REMOVE_RANDOM,3,0,0,both_miss
sVYTOURVsQ0_2,0-2s,control,REMOVE_RANDOM,4,0,0,both_miss
sVYTOURVsQ0_2,0-2s,control,REMOVE_RANDOM,5,0,0,both_miss
sVYTOURVsQ0_2,0-2s,control,REMOVE_RANDOM,6,0,0,both_miss
sVYTOURVsQ0_2,0-2s,control,REMOVE_RANDOM,7,0,1,miss_to_hit
sVYTOURVsQ0_2,0-2s,control,REMOVE_RANDOM,8,0,0,both_miss
sVYTOURVsQ0_2,0-2s,control,REMOVE_RANDOM,9,0,0,both_miss
sVYTOURVsQ0_2,0-2s,control,REMOVE_HARD,0,0,0,both_miss
sl_Pxpc7beo_1,2-5s,control,REMOVE_RANDOM,0,1,1,both_hit
sl_Pxpc7beo_1,2-5s,control,REMOVE_RANDOM,1,1,1,both_hit
sl_Pxpc7beo_1,2-5s,control,REMOVE_RANDOM,2,1,1,both_hit
sl_Pxpc7beo_1,2-5s,control,REMOVE_RANDOM,3,1,1,both_hit
sl_Pxpc7beo_1,2-5s,control,REMOVE_RANDOM,4,1,1,both_hit
sl_Pxpc7beo_1,2-5s,control,REMOVE_RANDOM,5,1,1,both_hit
sl_Pxpc7beo_1,2-5s,control,REMOVE_RANDOM,6,1,1,both_hit
sl_Pxpc7beo_1,2-5s,control,REMOVE_RANDOM,7,1,1,both_hit
sl_Pxpc7beo_1,2-5s,control,REMOVE_RANDOM,8,1,1,both_hit
sl_Pxpc7beo_1,2-5s,control,REMOVE_RANDOM,9,1,1,both_hit
sl_Pxpc7beo_1,2-5s,control,REMOVE_HARD,0,1,1,both_hit
sqsI2UyrcBQ_1,2-5s,harmful,REMOVE_RANDOM,0,1,1,both_hit
sqsI2UyrcBQ_1,2-5s,harmful,REMOVE_RANDOM,1,1,1,both_hit
sqsI2UyrcBQ_1,2-5s,harmful,REMOVE_RANDOM,2,1,1,both_hit
sqsI2UyrcBQ_1,2-5s,harmful,REMOVE_RANDOM,3,1,1,both_hit
sqsI2UyrcBQ_1,2-5s,harmful,REMOVE_RANDOM,4,1,1,both_hit
sqsI2UyrcBQ_1,2-5s,harmful,REMOVE_RANDOM,5,1,1,both_hit
sqsI2UyrcBQ_1,2-5s,harmful,REMOVE_RANDOM,6,1,1,both_hit
sqsI2UyrcBQ_1,2-5s,harmful,REMOVE_RANDOM,7,1,1,both_hit
sqsI2UyrcBQ_1,2-5s,harmful,REMOVE_RANDOM,8,1,1,both_hit
sqsI2UyrcBQ_1,2-5s,harmful,REMOVE_RANDOM,9,1,1,both_hit
sqsI2UyrcBQ_1,2-5s,harmful,REMOVE_HARD,0,1,1,both_hit
szkiW0GXEOI_1,2-5s,control,REMOVE_RANDOM,0,1,1,both_hit
szkiW0GXEOI_1,2-5s,control,REMOVE_RANDOM,1,1,1,both_hit
szkiW0GXEOI_1,2-5s,control,REMOVE_RANDOM,2,1,1,both_hit
szkiW0GXEOI_1,2-5s,control,REMOVE_RANDOM,3,1,1,both_hit
szkiW0GXEOI_1,2-5s,control,REMOVE_RANDOM,4,1,1,both_hit
szkiW0GXEOI_1,2-5s,control,REMOVE_RANDOM,5,1,1,both_hit
szkiW0GXEOI_1,2-5s,control,REMOVE_RANDOM,6,1,1,both_hit
szkiW0GXEOI_1,2-5s,control,REMOVE_RANDOM,7,1,1,both_hit
szkiW0GXEOI_1,2-5s,control,REMOVE_RANDOM,8,1,1,both_hit
szkiW0GXEOI_1,2-5s,control,REMOVE_RANDOM,9,1,1,both_hit
szkiW0GXEOI_1,2-5s,control,REMOVE_HARD,0,1,1,both_hit
t1hj7se76wQ_2,2-5s,control,REMOVE_RANDOM,0,1,1,both_hit
t1hj7se76wQ_2,2-5s,control,REMOVE_RANDOM,1,1,1,both_hit
t1hj7se76wQ_2,2-5s,control,REMOVE_RANDOM,2,1,1,both_hit
t1hj7se76wQ_2,2-5s,control,REMOVE_RANDOM,3,1,1,both_hit
t1hj7se76wQ_2,2-5s,control,REMOVE_RANDOM,4,1,1,both_hit
t1hj7se76wQ_2,2-5s,control,REMOVE_RANDOM,5,1,1,both_hit
t1hj7se76wQ_2,2-5s,control,REMOVE_RANDOM,6,1,1,both_hit
t1hj7se76wQ_2,2-5s,control,REMOVE_RANDOM,7,1,1,both_hit
t1hj7se76wQ_2,2-5s,control,REMOVE_RANDOM,8,1,1,both_hit
t1hj7se76wQ_2,2-5s,control,REMOVE_RANDOM,9,1,1,both_hit
t1hj7se76wQ_2,2-5s,control,REMOVE_HARD,0,1,1,both_hit
t1hj7se76wQ_3,2-5s,control,REMOVE_RANDOM,0,1,1,both_hit
t1hj7se76wQ_3,2-5s,control,REMOVE_RANDOM,1,1,1,both_hit
t1hj7se76wQ_3,2-5s,control,REMOVE_RANDOM,2,1,1,both_hit
t1hj7se76wQ_3,2-5s,control,REMOVE_RANDOM,3,1,1,both_hit
t1hj7se76wQ_3,2-5s,control,REMOVE_RANDOM,4,1,1,both_hit
t1hj7se76wQ_3,2-5s,control,REMOVE_RANDOM,5,1,1,both_hit
t1hj7se76wQ_3,2-5s,control,REMOVE_RANDOM,6,1,1,both_hit
t1hj7se76wQ_3,2-5s,control,REMOVE_RANDOM,7,1,1,both_hit
t1hj7se76wQ_3,2-5s,control,REMOVE_RANDOM,8,1,1,both_hit
t1hj7se76wQ_3,2-5s,control,REMOVE_RANDOM,9,1,1,both_hit
t1hj7se76wQ_3,2-5s,control,REMOVE_HARD,0,1,1,both_hit
t4prXmPwthg_2,2-5s,harmful,REMOVE_RANDOM,0,0,1,miss_to_hit
t4prXmPwthg_2,2-5s,harmful,REMOVE_RANDOM,1,0,0,both_miss
t4prXmPwthg_2,2-5s,harmful,REMOVE_RANDOM,2,0,0,both_miss
t4prXmPwthg_2,2-5s,harmful,REMOVE_RANDOM,3,0,0,both_miss
t4prXmPwthg_2,2-5s,harmful,REMOVE_RANDOM,4,0,0,both_miss
t4prXmPwthg_2,2-5s,harmful,REMOVE_RANDOM,5,0,0,both_miss
t4prXmPwthg_2,2-5s,harmful,REMOVE_RANDOM,6,0,0,both_miss
t4prXmPwthg_2,2-5s,harmful,REMOVE_RANDOM,7,0,0,both_miss
t4prXmPwthg_2,2-5s,harmful,REMOVE_RANDOM,8,0,0,both_miss
t4prXmPwthg_2,2-5s,harmful,REMOVE_RANDOM,9,0,0,both_miss
t4prXmPwthg_2,2-5s,harmful,REMOVE_HARD,0,0,0,both_miss
tIM-H2rdq8U_2,2-5s,control,REMOVE_RANDOM,0,1,1,both_hit
tIM-H2rdq8U_2,2-5s,control,REMOVE_RANDOM,1,1,1,both_hit
tIM-H2rdq8U_2,2-5s,control,REMOVE_RANDOM,2,1,1,both_hit
tIM-H2rdq8U_2,2-5s,control,REMOVE_RANDOM,3,1,1,both_hit
tIM-H2rdq8U_2,2-5s,control,REMOVE_RANDOM,4,1,1,both_hit
tIM-H2rdq8U_2,2-5s,control,REMOVE_RANDOM,5,1,1,both_hit
tIM-H2rdq8U_2,2-5s,control,REMOVE_RANDOM,6,1,1,both_hit
tIM-H2rdq8U_2,2-5s,control,REMOVE_RANDOM,7,1,1,both_hit
tIM-H2rdq8U_2,2-5s,control,REMOVE_RANDOM,8,1,1,both_hit
tIM-H2rdq8U_2,2-5s,control,REMOVE_RANDOM,9,1,1,both_hit
tIM-H2rdq8U_2,2-5s,control,REMOVE_HARD,0,1,1,both_hit
tIM-H2rdq8U_3,0-2s,control,REMOVE_RANDOM,0,1,1,both_hit
tIM-H2rdq8U_3,0-2s,control,REMOVE_RANDOM,1,1,1,both_hit
tIM-H2rdq8U_3,0-2s,control,REMOVE_RANDOM,2,1,1,both_hit
tIM-H2rdq8U_3,0-2s,control,REMOVE_RANDOM,3,1,1,both_hit
tIM-H2rdq8U_3,0-2s,control,REMOVE_RANDOM,4,1,1,both_hit
tIM-H2rdq8U_3,0-2s,control,REMOVE_RANDOM,5,1,1,both_hit
tIM-H2rdq8U_3,0-2s,control,REMOVE_RANDOM,6,1,0,hit_to_miss
tIM-H2rdq8U_3,0-2s,control,REMOVE_RANDOM,7,1,1,both_hit
tIM-H2rdq8U_3,0-2s,control,REMOVE_RANDOM,8,1,1,both_hit
tIM-H2rdq8U_3,0-2s,control,REMOVE_RANDOM,9,1,1,both_hit
tIM-H2rdq8U_3,0-2s,control,REMOVE_HARD,0,1,1,both_hit
tIM-H2rdq8U_4,2-5s,control,REMOVE_RANDOM,0,0,0,both_miss
tIM-H2rdq8U_4,2-5s,control,REMOVE_RANDOM,1,0,0,both_miss
tIM-H2rdq8U_4,2-5s,control,REMOVE_RANDOM,2,0,0,both_miss
tIM-H2rdq8U_4,2-5s,control,REMOVE_RANDOM,3,0,0,both_miss
tIM-H2rdq8U_4,2-5s,control,REMOVE_RANDOM,4,0,0,both_miss
tIM-H2rdq8U_4,2-5s,control,REMOVE_RANDOM,5,0,0,both_miss
tIM-H2rdq8U_4,2-5s,control,REMOVE_RANDOM,6,0,0,both_miss
tIM-H2rdq8U_4,2-5s,control,REMOVE_RANDOM,7,0,0,both_miss
tIM-H2rdq8U_4,2-5s,control,REMOVE_RANDOM,8,0,0,both_miss
tIM-H2rdq8U_4,2-5s,control,REMOVE_RANDOM,9,0,0,both_miss
tIM-H2rdq8U_4,2-5s,control,REMOVE_HARD,0,0,0,both_miss
taYKM1OSTwE_1,2-5s,control,REMOVE_RANDOM,0,1,1,both_hit
taYKM1OSTwE_1,2-5s,control,REMOVE_RANDOM,1,1,1,both_hit
taYKM1OSTwE_1,2-5s,control,REMOVE_RANDOM,2,1,1,both_hit
taYKM1OSTwE_1,2-5s,control,REMOVE_RANDOM,3,1,1,both_hit
taYKM1OSTwE_1,2-5s,control,REMOVE_RANDOM,4,1,1,both_hit
taYKM1OSTwE_1,2-5s,control,REMOVE_RANDOM,5,1,1,both_hit
taYKM1OSTwE_1,2-5s,control,REMOVE_RANDOM,6,1,1,both_hit
taYKM1OSTwE_1,2-5s,control,REMOVE_RANDOM,7,1,1,both_hit
taYKM1OSTwE_1,2-5s,control,REMOVE_RANDOM,8,1,1,both_hit
taYKM1OSTwE_1,2-5s,control,REMOVE_RANDOM,9,1,1,both_hit
taYKM1OSTwE_1,2-5s,control,REMOVE_HARD,0,1,0,hit_to_miss
taYKM1OSTwE_2,0-2s,harmful,REMOVE_RANDOM,0,0,0,both_miss
taYKM1OSTwE_2,0-2s,harmful,REMOVE_RANDOM,1,0,0,both_miss
taYKM1OSTwE_2,0-2s,harmful,REMOVE_RANDOM,2,0,0,both_miss
taYKM1OSTwE_2,0-2s,harmful,REMOVE_RANDOM,3,0,0,both_miss
taYKM1OSTwE_2,0-2s,harmful,REMOVE_RANDOM,4,0,0,both_miss
taYKM1OSTwE_2,0-2s,harmful,REMOVE_RANDOM,5,0,0,both_miss
taYKM1OSTwE_2,0-2s,harmful,REMOVE_RANDOM,6,0,0,both_miss
taYKM1OSTwE_2,0-2s,harmful,REMOVE_RANDOM,7,0,0,both_miss
taYKM1OSTwE_2,0-2s,harmful,REMOVE_RANDOM,8,0,0,both_miss
taYKM1OSTwE_2,0-2s,harmful,REMOVE_RANDOM,9,0,0,both_miss
taYKM1OSTwE_2,0-2s,harmful,REMOVE_HARD,0,0,1,miss_to_hit
tfOIhQpYYe8_1,2-5s,control,REMOVE_RANDOM,0,1,1,both_hit
tfOIhQpYYe8_1,2-5s,control,REMOVE_RANDOM,1,1,1,both_hit
tfOIhQpYYe8_1,2-5s,control,REMOVE_RANDOM,2,1,1,both_hit
tfOIhQpYYe8_1,2-5s,control,REMOVE_RANDOM,3,1,1,both_hit
tfOIhQpYYe8_1,2-5s,control,REMOVE_RANDOM,4,1,1,both_hit
tfOIhQpYYe8_1,2-5s,control,REMOVE_RANDOM,5,1,1,both_hit
tfOIhQpYYe8_1,2-5s,control,REMOVE_RANDOM,6,1,1,both_hit
tfOIhQpYYe8_1,2-5s,control,REMOVE_RANDOM,7,1,1,both_hit
tfOIhQpYYe8_1,2-5s,control,REMOVE_RANDOM,8,1,1,both_hit
tfOIhQpYYe8_1,2-5s,control,REMOVE_RANDOM,9,1,1,both_hit
tfOIhQpYYe8_1,2-5s,control,REMOVE_HARD,0,1,1,both_hit
tfOIhQpYYe8_2,2-5s,harmful,REMOVE_RANDOM,0,0,0,both_miss
tfOIhQpYYe8_2,2-5s,harmful,REMOVE_RANDOM,1,0,0,both_miss
tfOIhQpYYe8_2,2-5s,harmful,REMOVE_RANDOM,2,0,0,both_miss
tfOIhQpYYe8_2,2-5s,harmful,REMOVE_RANDOM,3,0,0,both_miss
tfOIhQpYYe8_2,2-5s,harmful,REMOVE_RANDOM,4,0,0,both_miss
tfOIhQpYYe8_2,2-5s,harmful,REMOVE_RANDOM,5,0,0,both_miss
tfOIhQpYYe8_2,2-5s,harmful,REMOVE_RANDOM,6,0,0,both_miss
tfOIhQpYYe8_2,2-5s,harmful,REMOVE_RANDOM,7,0,0,both_miss
tfOIhQpYYe8_2,2-5s,harmful,REMOVE_RANDOM,8,0,0,both_miss
tfOIhQpYYe8_2,2-5s,harmful,REMOVE_RANDOM,9,0,0,both_miss
tfOIhQpYYe8_2,2-5s,harmful,REMOVE_HARD,0,0,0,both_miss
tjCNwdOUiGc_1,2-5s,harmful,REMOVE_RANDOM,0,1,1,both_hit
tjCNwdOUiGc_1,2-5s,harmful,REMOVE_RANDOM,1,1,1,both_hit
tjCNwdOUiGc_1,2-5s,harmful,REMOVE_RANDOM,2,1,1,both_hit
tjCNwdOUiGc_1,2-5s,harmful,REMOVE_RANDOM,3,1,1,both_hit
tjCNwdOUiGc_1,2-5s,harmful,REMOVE_RANDOM,4,1,1,both_hit
tjCNwdOUiGc_1,2-5s,harmful,REMOVE_RANDOM,5,1,1,both_hit
tjCNwdOUiGc_1,2-5s,harmful,REMOVE_RANDOM,6,1,1,both_hit
tjCNwdOUiGc_1,2-5s,harmful,REMOVE_RANDOM,7,1,1,both_hit
tjCNwdOUiGc_1,2-5s,harmful,REMOVE_RANDOM,8,1,1,both_hit
tjCNwdOUiGc_1,2-5s,harmful,REMOVE_RANDOM,9,1,1,both_hit
tjCNwdOUiGc_1,2-5s,harmful,REMOVE_HARD,0,1,1,both_hit
tjCNwdOUiGc_4,2-5s,control,REMOVE_RANDOM,0,0,0,both_miss
tjCNwdOUiGc_4,2-5s,control,REMOVE_RANDOM,1,0,0,both_miss
tjCNwdOUiGc_4,2-5s,control,REMOVE_RANDOM,2,0,0,both_miss
tjCNwdOUiGc_4,2-5s,control,REMOVE_RANDOM,3,0,0,both_miss
tjCNwdOUiGc_4,2-5s,control,REMOVE_RANDOM,4,0,0,both_miss
tjCNwdOUiGc_4,2-5s,control,REMOVE_RANDOM,5,0,0,both_miss
tjCNwdOUiGc_4,2-5s,control,REMOVE_RANDOM,6,0,0,both_miss
tjCNwdOUiGc_4,2-5s,control,REMOVE_RANDOM,7,0,0,both_miss
tjCNwdOUiGc_4,2-5s,control,REMOVE_RANDOM,8,0,0,both_miss
tjCNwdOUiGc_4,2-5s,control,REMOVE_RANDOM,9,0,0,both_miss
tjCNwdOUiGc_4,2-5s,control,REMOVE_HARD,0,0,0,both_miss
twFypUcdgRc_3,0-2s,control,REMOVE_RANDOM,0,0,0,both_miss
twFypUcdgRc_3,0-2s,control,REMOVE_RANDOM,1,0,0,both_miss
twFypUcdgRc_3,0-2s,control,REMOVE_RANDOM,2,0,0,both_miss
twFypUcdgRc_3,0-2s,control,REMOVE_RANDOM,3,0,0,both_miss
twFypUcdgRc_3,0-2s,control,REMOVE_RANDOM,4,0,0,both_miss
twFypUcdgRc_3,0-2s,control,REMOVE_RANDOM,5,0,0,both_miss
twFypUcdgRc_3,0-2s,control,REMOVE_RANDOM,6,0,0,both_miss
twFypUcdgRc_3,0-2s,control,REMOVE_RANDOM,7,0,0,both_miss
twFypUcdgRc_3,0-2s,control,REMOVE_RANDOM,8,0,0,both_miss
twFypUcdgRc_3,0-2s,control,REMOVE_RANDOM,9,0,0,both_miss
twFypUcdgRc_3,0-2s,control,REMOVE_HARD,0,0,0,both_miss
txeXrpoMST4_1,2-5s,control,REMOVE_RANDOM,0,1,1,both_hit
txeXrpoMST4_1,2-5s,control,REMOVE_RANDOM,1,1,1,both_hit
txeXrpoMST4_1,2-5s,control,REMOVE_RANDOM,2,1,1,both_hit
txeXrpoMST4_1,2-5s,control,REMOVE_RANDOM,3,1,1,both_hit
txeXrpoMST4_1,2-5s,control,REMOVE_RANDOM,4,1,1,both_hit
txeXrpoMST4_1,2-5s,control,REMOVE_RANDOM,5,1,1,both_hit
txeXrpoMST4_1,2-5s,control,REMOVE_RANDOM,6,1,1,both_hit
txeXrpoMST4_1,2-5s,control,REMOVE_RANDOM,7,1,1,both_hit
txeXrpoMST4_1,2-5s,control,REMOVE_RANDOM,8,1,1,both_hit
txeXrpoMST4_1,2-5s,control,REMOVE_RANDOM,9,1,1,both_hit
txeXrpoMST4_1,2-5s,control,REMOVE_HARD,0,1,1,both_hit
txeXrpoMST4_4,2-5s,control,REMOVE_RANDOM,0,0,0,both_miss
txeXrpoMST4_4,2-5s,control,REMOVE_RANDOM,1,0,0,both_miss
txeXrpoMST4_4,2-5s,control,REMOVE_RANDOM,2,0,0,both_miss
txeXrpoMST4_4,2-5s,control,REMOVE_RANDOM,3,0,0,both_miss
txeXrpoMST4_4,2-5s,control,REMOVE_RANDOM,4,0,0,both_miss
txeXrpoMST4_4,2-5s,control,REMOVE_RANDOM,5,0,0,both_miss
txeXrpoMST4_4,2-5s,control,REMOVE_RANDOM,6,0,0,both_miss
txeXrpoMST4_4,2-5s,control,REMOVE_RANDOM,7,0,0,both_miss
txeXrpoMST4_4,2-5s,control,REMOVE_RANDOM,8,0,0,both_miss
txeXrpoMST4_4,2-5s,control,REMOVE_RANDOM,9,0,0,both_miss
txeXrpoMST4_4,2-5s,control,REMOVE_HARD,0,0,1,miss_to_hit
uJzAf4PaExI_2,0-2s,control,REMOVE_RANDOM,0,0,0,both_miss
uJzAf4PaExI_2,0-2s,control,REMOVE_RANDOM,1,0,0,both_miss
uJzAf4PaExI_2,0-2s,control,REMOVE_RANDOM,2,0,0,both_miss
uJzAf4PaExI_2,0-2s,control,REMOVE_RANDOM,3,0,0,both_miss
uJzAf4PaExI_2,0-2s,control,REMOVE_RANDOM,4,0,0,both_miss
uJzAf4PaExI_2,0-2s,control,REMOVE_RANDOM,5,0,0,both_miss
uJzAf4PaExI_2,0-2s,control,REMOVE_RANDOM,6,0,0,both_miss
uJzAf4PaExI_2,0-2s,control,REMOVE_RANDOM,7,0,0,both_miss
uJzAf4PaExI_2,0-2s,control,REMOVE_RANDOM,8,0,0,both_miss
uJzAf4PaExI_2,0-2s,control,REMOVE_RANDOM,9,0,0,both_miss
uJzAf4PaExI_2,0-2s,control,REMOVE_HARD,0,0,1,miss_to_hit
uJzAf4PaExI_3,2-5s,harmful,REMOVE_RANDOM,0,0,0,both_miss
uJzAf4PaExI_3,2-5s,harmful,REMOVE_RANDOM,1,0,0,both_miss
uJzAf4PaExI_3,2-5s,harmful,REMOVE_RANDOM,2,0,0,both_miss
uJzAf4PaExI_3,2-5s,harmful,REMOVE_RANDOM,3,0,0,both_miss
uJzAf4PaExI_3,2-5s,harmful,REMOVE_RANDOM,4,0,0,both_miss
uJzAf4PaExI_3,2-5s,harmful,REMOVE_RANDOM,5,0,0,both_miss
uJzAf4PaExI_3,2-5s,harmful,REMOVE_RANDOM,6,0,0,both_miss
uJzAf4PaExI_3,2-5s,harmful,REMOVE_RANDOM,7,0,0,both_miss
uJzAf4PaExI_3,2-5s,harmful,REMOVE_RANDOM,8,0,0,both_miss
uJzAf4PaExI_3,2-5s,harmful,REMOVE_RANDOM,9,0,0,both_miss
uJzAf4PaExI_3,2-5s,harmful,REMOVE_HARD,0,0,1,miss_to_hit
uY4fe5DT1gI_1,2-5s,harmful,REMOVE_RANDOM,0,0,0,both_miss
uY4fe5DT1gI_1,2-5s,harmful,REMOVE_RANDOM,1,0,0,both_miss
uY4fe5DT1gI_1,2-5s,harmful,REMOVE_RANDOM,2,0,0,both_miss
uY4fe5DT1gI_1,2-5s,harmful,REMOVE_RANDOM,3,0,0,both_miss
uY4fe5DT1gI_1,2-5s,harmful,REMOVE_RANDOM,4,0,0,both_miss
uY4fe5DT1gI_1,2-5s,harmful,REMOVE_RANDOM,5,0,0,both_miss
uY4fe5DT1gI_1,2-5s,harmful,REMOVE_RANDOM,6,0,0,both_miss
uY4fe5DT1gI_1,2-5s,harmful,REMOVE_RANDOM,7,0,0,both_miss
uY4fe5DT1gI_1,2-5s,harmful,REMOVE_RANDOM,8,0,0,both_miss
uY4fe5DT1gI_1,2-5s,harmful,REMOVE_RANDOM,9,0,0,both_miss
uY4fe5DT1gI_1,2-5s,harmful,REMOVE_HARD,0,0,0,both_miss
uY4fe5DT1gI_2,2-5s,control,REMOVE_RANDOM,0,0,0,both_miss
uY4fe5DT1gI_2,2-5s,control,REMOVE_RANDOM,1,0,0,both_miss
uY4fe5DT1gI_2,2-5s,control,REMOVE_RANDOM,2,0,0,both_miss
uY4fe5DT1gI_2,2-5s,control,REMOVE_RANDOM,3,0,0,both_miss
uY4fe5DT1gI_2,2-5s,control,REMOVE_RANDOM,4,0,0,both_miss
uY4fe5DT1gI_2,2-5s,control,REMOVE_RANDOM,5,0,0,both_miss
uY4fe5DT1gI_2,2-5s,control,REMOVE_RANDOM,6,0,0,both_miss
uY4fe5DT1gI_2,2-5s,control,REMOVE_RANDOM,7,0,0,both_miss
uY4fe5DT1gI_2,2-5s,control,REMOVE_RANDOM,8,0,0,both_miss
uY4fe5DT1gI_2,2-5s,control,REMOVE_RANDOM,9,0,0,both_miss
uY4fe5DT1gI_2,2-5s,control,REMOVE_HARD,0,0,0,both_miss
uhSDBwVrEdo_2,2-5s,control,REMOVE_RANDOM,0,1,1,both_hit
uhSDBwVrEdo_2,2-5s,control,REMOVE_RANDOM,1,1,1,both_hit
uhSDBwVrEdo_2,2-5s,control,REMOVE_RANDOM,2,1,1,both_hit
uhSDBwVrEdo_2,2-5s,control,REMOVE_RANDOM,3,1,1,both_hit
uhSDBwVrEdo_2,2-5s,control,REMOVE_RANDOM,4,1,1,both_hit
uhSDBwVrEdo_2,2-5s,control,REMOVE_RANDOM,5,1,1,both_hit
uhSDBwVrEdo_2,2-5s,control,REMOVE_RANDOM,6,1,1,both_hit
uhSDBwVrEdo_2,2-5s,control,REMOVE_RANDOM,7,1,1,both_hit
uhSDBwVrEdo_2,2-5s,control,REMOVE_RANDOM,8,1,1,both_hit
uhSDBwVrEdo_2,2-5s,control,REMOVE_RANDOM,9,1,1,both_hit
uhSDBwVrEdo_2,2-5s,control,REMOVE_HARD,0,1,1,both_hit
up2PpjTzyyc_1,2-5s,control,REMOVE_RANDOM,0,1,1,both_hit
up2PpjTzyyc_1,2-5s,control,REMOVE_RANDOM,1,1,1,both_hit
up2PpjTzyyc_1,2-5s,control,REMOVE_RANDOM,2,1,1,both_hit
up2PpjTzyyc_1,2-5s,control,REMOVE_RANDOM,3,1,1,both_hit
up2PpjTzyyc_1,2-5s,control,REMOVE_RANDOM,4,1,1,both_hit
up2PpjTzyyc_1,2-5s,control,REMOVE_RANDOM,5,1,1,both_hit
up2PpjTzyyc_1,2-5s,control,REMOVE_RANDOM,6,1,1,both_hit
up2PpjTzyyc_1,2-5s,control,REMOVE_RANDOM,7,1,1,both_hit
up2PpjTzyyc_1,2-5s,control,REMOVE_RANDOM,8,1,1,both_hit
up2PpjTzyyc_1,2-5s,control,REMOVE_RANDOM,9,1,1,both_hit
up2PpjTzyyc_1,2-5s,control,REMOVE_HARD,0,1,1,both_hit
vfNKduToki4_1,0-2s,harmful,REMOVE_RANDOM,0,0,0,both_miss
vfNKduToki4_1,0-2s,harmful,REMOVE_RANDOM,1,0,0,both_miss
vfNKduToki4_1,0-2s,harmful,REMOVE_RANDOM,2,0,0,both_miss
vfNKduToki4_1,0-2s,harmful,REMOVE_RANDOM,3,0,0,both_miss
vfNKduToki4_1,0-2s,harmful,REMOVE_RANDOM,4,0,0,both_miss
vfNKduToki4_1,0-2s,harmful,REMOVE_RANDOM,5,0,0,both_miss
vfNKduToki4_1,0-2s,harmful,REMOVE_RANDOM,6,0,0,both_miss
vfNKduToki4_1,0-2s,harmful,REMOVE_RANDOM,7,0,0,both_miss
vfNKduToki4_1,0-2s,harmful,REMOVE_RANDOM,8,0,0,both_miss
vfNKduToki4_1,0-2s,harmful,REMOVE_RANDOM,9,0,0,both_miss
vfNKduToki4_1,0-2s,harmful,REMOVE_HARD,0,0,0,both_miss
vigslb0kClE_2,2-5s,harmful,REMOVE_RANDOM,0,0,0,both_miss
vigslb0kClE_2,2-5s,harmful,REMOVE_RANDOM,1,0,0,both_miss
vigslb0kClE_2,2-5s,harmful,REMOVE_RANDOM,2,0,0,both_miss
vigslb0kClE_2,2-5s,harmful,REMOVE_RANDOM,3,0,0,both_miss
vigslb0kClE_2,2-5s,harmful,REMOVE_RANDOM,4,0,0,both_miss
vigslb0kClE_2,2-5s,harmful,REMOVE_RANDOM,5,0,0,both_miss
vigslb0kClE_2,2-5s,harmful,REMOVE_RANDOM,6,0,0,both_miss
vigslb0kClE_2,2-5s,harmful,REMOVE_RANDOM,7,0,0,both_miss
vigslb0kClE_2,2-5s,harmful,REMOVE_RANDOM,8,0,0,both_miss
vigslb0kClE_2,2-5s,harmful,REMOVE_RANDOM,9,0,0,both_miss
vigslb0kClE_2,2-5s,harmful,REMOVE_HARD,0,0,0,both_miss
vruDH_YLaPI_1,0-2s,harmful,REMOVE_RANDOM,0,1,1,both_hit
vruDH_YLaPI_1,0-2s,harmful,REMOVE_RANDOM,1,1,1,both_hit
vruDH_YLaPI_1,0-2s,harmful,REMOVE_RANDOM,2,1,1,both_hit
vruDH_YLaPI_1,0-2s,harmful,REMOVE_RANDOM,3,1,1,both_hit
vruDH_YLaPI_1,0-2s,harmful,REMOVE_RANDOM,4,1,1,both_hit
vruDH_YLaPI_1,0-2s,harmful,REMOVE_RANDOM,5,1,1,both_hit
vruDH_YLaPI_1,0-2s,harmful,REMOVE_RANDOM,6,1,1,both_hit
vruDH_YLaPI_1,0-2s,harmful,REMOVE_RANDOM,7,1,1,both_hit
vruDH_YLaPI_1,0-2s,harmful,REMOVE_RANDOM,8,1,1,both_hit
vruDH_YLaPI_1,0-2s,harmful,REMOVE_RANDOM,9,1,1,both_hit
vruDH_YLaPI_1,0-2s,harmful,REMOVE_HARD,0,1,1,both_hit
vruDH_YLaPI_2,2-5s,control,REMOVE_RANDOM,0,1,1,both_hit
vruDH_YLaPI_2,2-5s,control,REMOVE_RANDOM,1,1,1,both_hit
vruDH_YLaPI_2,2-5s,control,REMOVE_RANDOM,2,1,1,both_hit
vruDH_YLaPI_2,2-5s,control,REMOVE_RANDOM,3,1,1,both_hit
vruDH_YLaPI_2,2-5s,control,REMOVE_RANDOM,4,1,1,both_hit
vruDH_YLaPI_2,2-5s,control,REMOVE_RANDOM,5,1,1,both_hit
vruDH_YLaPI_2,2-5s,control,REMOVE_RANDOM,6,1,1,both_hit
vruDH_YLaPI_2,2-5s,control,REMOVE_RANDOM,7,1,1,both_hit
vruDH_YLaPI_2,2-5s,control,REMOVE_RANDOM,8,1,1,both_hit
vruDH_YLaPI_2,2-5s,control,REMOVE_RANDOM,9,1,1,both_hit
vruDH_YLaPI_2,2-5s,control,REMOVE_HARD,0,1,1,both_hit
vruDH_YLaPI_3,0-2s,control,REMOVE_RANDOM,0,1,1,both_hit
vruDH_YLaPI_3,0-2s,control,REMOVE_RANDOM,1,1,0,hit_to_miss
vruDH_YLaPI_3,0-2s,control,REMOVE_RANDOM,2,1,1,both_hit
vruDH_YLaPI_3,0-2s,control,REMOVE_RANDOM,3,1,0,hit_to_miss
vruDH_YLaPI_3,0-2s,control,REMOVE_RANDOM,4,1,1,both_hit
vruDH_YLaPI_3,0-2s,control,REMOVE_RANDOM,5,1,1,both_hit
vruDH_YLaPI_3,0-2s,control,REMOVE_RANDOM,6,1,0,hit_to_miss
vruDH_YLaPI_3,0-2s,control,REMOVE_RANDOM,7,1,1,both_hit
vruDH_YLaPI_3,0-2s,control,REMOVE_RANDOM,8,1,1,both_hit
vruDH_YLaPI_3,0-2s,control,REMOVE_RANDOM,9,1,1,both_hit
vruDH_YLaPI_3,0-2s,control,REMOVE_HARD,0,1,0,hit_to_miss
wAZrOPvul4Y_1,2-5s,harmful,REMOVE_RANDOM,0,0,0,both_miss
wAZrOPvul4Y_1,2-5s,harmful,REMOVE_RANDOM,1,0,0,both_miss
wAZrOPvul4Y_1,2-5s,harmful,REMOVE_RANDOM,2,0,0,both_miss
wAZrOPvul4Y_1,2-5s,harmful,REMOVE_RANDOM,3,0,0,both_miss
wAZrOPvul4Y_1,2-5s,harmful,REMOVE_RANDOM,4,0,0,both_miss
wAZrOPvul4Y_1,2-5s,harmful,REMOVE_RANDOM,5,0,0,both_miss
wAZrOPvul4Y_1,2-5s,harmful,REMOVE_RANDOM,6,0,0,both_miss
wAZrOPvul4Y_1,2-5s,harmful,REMOVE_RANDOM,7,0,0,both_miss
wAZrOPvul4Y_1,2-5s,harmful,REMOVE_RANDOM,8,0,0,both_miss
wAZrOPvul4Y_1,2-5s,harmful,REMOVE_RANDOM,9,0,0,both_miss
wAZrOPvul4Y_1,2-5s,harmful,REMOVE_HARD,0,0,0,both_miss
wBs02amFGXs_2,2-5s,harmful,REMOVE_RANDOM,0,1,1,both_hit
wBs02amFGXs_2,2-5s,harmful,REMOVE_RANDOM,1,1,1,both_hit
wBs02amFGXs_2,2-5s,harmful,REMOVE_RANDOM,2,1,1,both_hit
wBs02amFGXs_2,2-5s,harmful,REMOVE_RANDOM,3,1,1,both_hit
wBs02amFGXs_2,2-5s,harmful,REMOVE_RANDOM,4,1,1,both_hit
wBs02amFGXs_2,2-5s,harmful,REMOVE_RANDOM,5,1,1,both_hit
wBs02amFGXs_2,2-5s,harmful,REMOVE_RANDOM,6,1,1,both_hit
wBs02amFGXs_2,2-5s,harmful,REMOVE_RANDOM,7,1,1,both_hit
wBs02amFGXs_2,2-5s,harmful,REMOVE_RANDOM,8,1,1,both_hit
wBs02amFGXs_2,2-5s,harmful,REMOVE_RANDOM,9,1,1,both_hit
wBs02amFGXs_2,2-5s,harmful,REMOVE_HARD,0,1,1,both_hit
wnqUgK_-fo4_1,2-5s,control,REMOVE_RANDOM,0,1,1,both_hit
wnqUgK_-fo4_1,2-5s,control,REMOVE_RANDOM,1,1,1,both_hit
wnqUgK_-fo4_1,2-5s,control,REMOVE_RANDOM,2,1,1,both_hit
wnqUgK_-fo4_1,2-5s,control,REMOVE_RANDOM,3,1,1,both_hit
wnqUgK_-fo4_1,2-5s,control,REMOVE_RANDOM,4,1,1,both_hit
wnqUgK_-fo4_1,2-5s,control,REMOVE_RANDOM,5,1,1,both_hit
wnqUgK_-fo4_1,2-5s,control,REMOVE_RANDOM,6,1,1,both_hit
wnqUgK_-fo4_1,2-5s,control,REMOVE_RANDOM,7,1,1,both_hit
wnqUgK_-fo4_1,2-5s,control,REMOVE_RANDOM,8,1,1,both_hit
wnqUgK_-fo4_1,2-5s,control,REMOVE_RANDOM,9,1,1,both_hit
wnqUgK_-fo4_1,2-5s,control,REMOVE_HARD,0,1,1,both_hit
woadpeAGHUQ_1,0-2s,control,REMOVE_RANDOM,0,1,1,both_hit
woadpeAGHUQ_1,0-2s,control,REMOVE_RANDOM,1,1,1,both_hit
woadpeAGHUQ_1,0-2s,control,REMOVE_RANDOM,2,1,1,both_hit
woadpeAGHUQ_1,0-2s,control,REMOVE_RANDOM,3,1,1,both_hit
woadpeAGHUQ_1,0-2s,control,REMOVE_RANDOM,4,1,1,both_hit
woadpeAGHUQ_1,0-2s,control,REMOVE_RANDOM,5,1,1,both_hit
woadpeAGHUQ_1,0-2s,control,REMOVE_RANDOM,6,1,1,both_hit
woadpeAGHUQ_1,0-2s,control,REMOVE_RANDOM,7,1,1,both_hit
woadpeAGHUQ_1,0-2s,control,REMOVE_RANDOM,8,1,1,both_hit
woadpeAGHUQ_1,0-2s,control,REMOVE_RANDOM,9,1,1,both_hit
woadpeAGHUQ_1,0-2s,control,REMOVE_HARD,0,1,1,both_hit
x5AH2gW_8S4_2,0-2s,harmful,REMOVE_RANDOM,0,0,0,both_miss
x5AH2gW_8S4_2,0-2s,harmful,REMOVE_RANDOM,1,0,0,both_miss
x5AH2gW_8S4_2,0-2s,harmful,REMOVE_RANDOM,2,0,0,both_miss
x5AH2gW_8S4_2,0-2s,harmful,REMOVE_RANDOM,3,0,0,both_miss
x5AH2gW_8S4_2,0-2s,harmful,REMOVE_RANDOM,4,0,0,both_miss
x5AH2gW_8S4_2,0-2s,harmful,REMOVE_RANDOM,5,0,0,both_miss
x5AH2gW_8S4_2,0-2s,harmful,REMOVE_RANDOM,6,0,0,both_miss
x5AH2gW_8S4_2,0-2s,harmful,REMOVE_RANDOM,7,0,0,both_miss
x5AH2gW_8S4_2,0-2s,harmful,REMOVE_RANDOM,8,0,0,both_miss
x5AH2gW_8S4_2,0-2s,harmful,REMOVE_RANDOM,9,0,0,both_miss
x5AH2gW_8S4_2,0-2s,harmful,REMOVE_HARD,0,0,0,both_miss
xUWSHYoslPQ_2,2-5s,harmful,REMOVE_RANDOM,0,1,1,both_hit
xUWSHYoslPQ_2,2-5s,harmful,REMOVE_RANDOM,1,1,1,both_hit
xUWSHYoslPQ_2,2-5s,harmful,REMOVE_RANDOM,2,1,1,both_hit
xUWSHYoslPQ_2,2-5s,harmful,REMOVE_RANDOM,3,1,1,both_hit
xUWSHYoslPQ_2,2-5s,harmful,REMOVE_RANDOM,4,1,1,both_hit
xUWSHYoslPQ_2,2-5s,harmful,REMOVE_RANDOM,5,1,1,both_hit
xUWSHYoslPQ_2,2-5s,harmful,REMOVE_RANDOM,6,1,1,both_hit
xUWSHYoslPQ_2,2-5s,harmful,REMOVE_RANDOM,7,1,1,both_hit
xUWSHYoslPQ_2,2-5s,harmful,REMOVE_RANDOM,8,1,1,both_hit
xUWSHYoslPQ_2,2-5s,harmful,REMOVE_RANDOM,9,1,1,both_hit
xUWSHYoslPQ_2,2-5s,harmful,REMOVE_HARD,0,1,1,both_hit
xbLW9Wt1Jsg_3,2-5s,control,REMOVE_RANDOM,0,0,0,both_miss
xbLW9Wt1Jsg_3,2-5s,control,REMOVE_RANDOM,1,0,0,both_miss
xbLW9Wt1Jsg_3,2-5s,control,REMOVE_RANDOM,2,0,0,both_miss
xbLW9Wt1Jsg_3,2-5s,control,REMOVE_RANDOM,3,0,0,both_miss
xbLW9Wt1Jsg_3,2-5s,control,REMOVE_RANDOM,4,0,0,both_miss
xbLW9Wt1Jsg_3,2-5s,control,REMOVE_RANDOM,5,0,0,both_miss
xbLW9Wt1Jsg_3,2-5s,control,REMOVE_RANDOM,6,0,0,both_miss
xbLW9Wt1Jsg_3,2-5s,control,REMOVE_RANDOM,7,0,0,both_miss
xbLW9Wt1Jsg_3,2-5s,control,REMOVE_RANDOM,8,0,0,both_miss
xbLW9Wt1Jsg_3,2-5s,control,REMOVE_RANDOM,9,0,0,both_miss
xbLW9Wt1Jsg_3,2-5s,control,REMOVE_HARD,0,0,0,both_miss
yfYNPWs7mWY_2,2-5s,control,REMOVE_RANDOM,0,0,0,both_miss
yfYNPWs7mWY_2,2-5s,control,REMOVE_RANDOM,1,0,0,both_miss
yfYNPWs7mWY_2,2-5s,control,REMOVE_RANDOM,2,0,0,both_miss
yfYNPWs7mWY_2,2-5s,control,REMOVE_RANDOM,3,0,0,both_miss
yfYNPWs7mWY_2,2-5s,control,REMOVE_RANDOM,4,0,0,both_miss
yfYNPWs7mWY_2,2-5s,control,REMOVE_RANDOM,5,0,0,both_miss
yfYNPWs7mWY_2,2-5s,control,REMOVE_RANDOM,6,0,0,both_miss
yfYNPWs7mWY_2,2-5s,control,REMOVE_RANDOM,7,0,0,both_miss
yfYNPWs7mWY_2,2-5s,control,REMOVE_RANDOM,8,0,0,both_miss
yfYNPWs7mWY_2,2-5s,control,REMOVE_RANDOM,9,0,0,both_miss
yfYNPWs7mWY_2,2-5s,control,REMOVE_HARD,0,0,0,both_miss
yrxa6_P2I80_2,0-2s,harmful,REMOVE_RANDOM,0,0,0,both_miss
yrxa6_P2I80_2,0-2s,harmful,REMOVE_RANDOM,1,0,0,both_miss
yrxa6_P2I80_2,0-2s,harmful,REMOVE_RANDOM,2,0,0,both_miss
yrxa6_P2I80_2,0-2s,harmful,REMOVE_RANDOM,3,0,0,both_miss
yrxa6_P2I80_2,0-2s,harmful,REMOVE_RANDOM,4,0,0,both_miss
yrxa6_P2I80_2,0-2s,harmful,REMOVE_RANDOM,5,0,0,both_miss
yrxa6_P2I80_2,0-2s,harmful,REMOVE_RANDOM,6,0,0,both_miss
yrxa6_P2I80_2,0-2s,harmful,REMOVE_RANDOM,7,0,0,both_miss
yrxa6_P2I80_2,0-2s,harmful,REMOVE_RANDOM,8,0,0,both_miss
yrxa6_P2I80_2,0-2s,harmful,REMOVE_RANDOM,9,0,0,both_miss
yrxa6_P2I80_2,0-2s,harmful,REMOVE_HARD,0,0,0,both_miss
z1ax0QPpd14_1,2-5s,harmful,REMOVE_RANDOM,0,1,1,both_hit
z1ax0QPpd14_1,2-5s,harmful,REMOVE_RANDOM,1,1,1,both_hit
z1ax0QPpd14_1,2-5s,harmful,REMOVE_RANDOM,2,1,1,both_hit
z1ax0QPpd14_1,2-5s,harmful,REMOVE_RANDOM,3,1,1,both_hit
z1ax0QPpd14_1,2-5s,harmful,REMOVE_RANDOM,4,1,1,both_hit
z1ax0QPpd14_1,2-5s,harmful,REMOVE_RANDOM,5,1,1,both_hit
z1ax0QPpd14_1,2-5s,harmful,REMOVE_RANDOM,6,1,1,both_hit
z1ax0QPpd14_1,2-5s,harmful,REMOVE_RANDOM,7,1,1,both_hit
z1ax0QPpd14_1,2-5s,harmful,REMOVE_RANDOM,8,1,1,both_hit
z1ax0QPpd14_1,2-5s,harmful,REMOVE_RANDOM,9,1,1,both_hit
z1ax0QPpd14_1,2-5s,harmful,REMOVE_HARD,0,1,1,both_hit
z1ax0QPpd14_3,0-2s,harmful,REMOVE_RANDOM,0,1,1,both_hit
z1ax0QPpd14_3,0-2s,harmful,REMOVE_RANDOM,1,1,1,both_hit
z1ax0QPpd14_3,0-2s,harmful,REMOVE_RANDOM,2,1,1,both_hit
z1ax0QPpd14_3,0-2s,harmful,REMOVE_RANDOM,3,1,1,both_hit
z1ax0QPpd14_3,0-2s,harmful,REMOVE_RANDOM,4,1,1,both_hit
z1ax0QPpd14_3,0-2s,harmful,REMOVE_RANDOM,5,1,1,both_hit
z1ax0QPpd14_3,0-2s,harmful,REMOVE_RANDOM,6,1,1,both_hit
z1ax0QPpd14_3,0-2s,harmful,REMOVE_RANDOM,7,1,1,both_hit
z1ax0QPpd14_3,0-2s,harmful,REMOVE_RANDOM,8,1,1,both_hit
z1ax0QPpd14_3,0-2s,harmful,REMOVE_RANDOM,9,1,1,both_hit
z1ax0QPpd14_3,0-2s,harmful,REMOVE_HARD,0,1,1,both_hit
zBXoaQ1GVlc_3,2-5s,control,REMOVE_RANDOM,0,0,0,both_miss
zBXoaQ1GVlc_3,2-5s,control,REMOVE_RANDOM,1,0,0,both_miss
zBXoaQ1GVlc_3,2-5s,control,REMOVE_RANDOM,2,0,0,both_miss
zBXoaQ1GVlc_3,2-5s,control,REMOVE_RANDOM,3,0,0,both_miss
zBXoaQ1GVlc_3,2-5s,control,REMOVE_RANDOM,4,0,0,both_miss
zBXoaQ1GVlc_3,2-5s,control,REMOVE_RANDOM,5,0,0,both_miss
zBXoaQ1GVlc_3,2-5s,control,REMOVE_RANDOM,6,0,0,both_miss
zBXoaQ1GVlc_3,2-5s,control,REMOVE_RANDOM,7,0,0,both_miss
zBXoaQ1GVlc_3,2-5s,control,REMOVE_RANDOM,8,0,0,both_miss
zBXoaQ1GVlc_3,2-5s,control,REMOVE_RANDOM,9,0,0,both_miss
zBXoaQ1GVlc_3,2-5s,control,REMOVE_HARD,0,0,0,both_miss
zoctgurhvHE_1,2-5s,control,REMOVE_RANDOM,0,1,1,both_hit
zoctgurhvHE_1,2-5s,control,REMOVE_RANDOM,1,1,1,both_hit
zoctgurhvHE_1,2-5s,control,REMOVE_RANDOM,2,1,1,both_hit
zoctgurhvHE_1,2-5s,control,REMOVE_RANDOM,3,1,1,both_hit
zoctgurhvHE_1,2-5s,control,REMOVE_RANDOM,4,1,1,both_hit
zoctgurhvHE_1,2-5s,control,REMOVE_RANDOM,5,1,1,both_hit
zoctgurhvHE_1,2-5s,control,REMOVE_RANDOM,6,1,1,both_hit
zoctgurhvHE_1,2-5s,control,REMOVE_RANDOM,7,1,1,both_hit
zoctgurhvHE_1,2-5s,control,REMOVE_RANDOM,8,1,1,both_hit
zoctgurhvHE_1,2-5s,control,REMOVE_RANDOM,9,1,1,both_hit
zoctgurhvHE_1,2-5s,control,REMOVE_HARD,0,1,1,both_hit
ztSjcZNUY7A_2,2-5s,control,REMOVE_RANDOM,0,1,1,both_hit
ztSjcZNUY7A_2,2-5s,control,REMOVE_RANDOM,1,1,1,both_hit
ztSjcZNUY7A_2,2-5s,control,REMOVE_RANDOM,2,1,1,both_hit
ztSjcZNUY7A_2,2-5s,control,REMOVE_RANDOM,3,1,1,both_hit
ztSjcZNUY7A_2,2-5s,control,REMOVE_RANDOM,4,1,1,both_hit
ztSjcZNUY7A_2,2-5s,control,REMOVE_RANDOM,5,1,1,both_hit
ztSjcZNUY7A_2,2-5s,control,REMOVE_RANDOM,6,1,1,both_hit
ztSjcZNUY7A_2,2-5s,control,REMOVE_RANDOM,7,1,1,both_hit
ztSjcZNUY7A_2,2-5s,control,REMOVE_RANDOM,8,1,1,both_hit
ztSjcZNUY7A_2,2-5s,control,REMOVE_RANDOM,9,1,1,both_hit
ztSjcZNUY7A_2,2-5s,control,REMOVE_HARD,0,1,1,both_hit
zwoqJY03yHE_1,0-2s,harmful,REMOVE_RANDOM,0,1,1,both_hit
zwoqJY03yHE_1,0-2s,harmful,REMOVE_RANDOM,1,1,0,hit_to_miss
zwoqJY03yHE_1,0-2s,harmful,REMOVE_RANDOM,2,1,1,both_hit
zwoqJY03yHE_1,0-2s,harmful,REMOVE_RANDOM,3,1,1,both_hit
zwoqJY03yHE_1,0-2s,harmful,REMOVE_RANDOM,4,1,1,both_hit
zwoqJY03yHE_1,0-2s,harmful,REMOVE_RANDOM,5,1,0,hit_to_miss
zwoqJY03yHE_1,0-2s,harmful,REMOVE_RANDOM,6,1,0,hit_to_miss
zwoqJY03yHE_1,0-2s,harmful,REMOVE_RANDOM,7,1,0,hit_to_miss
zwoqJY03yHE_1,0-2s,harmful,REMOVE_RANDOM,8,1,1,both_hit
zwoqJY03yHE_1,0-2s,harmful,REMOVE_RANDOM,9,1,1,both_hit
zwoqJY03yHE_1,0-2s,harmful,REMOVE_HARD,0,1,0,hit_to_miss
zwoqJY03yHE_2,2-5s,control,REMOVE_RANDOM,0,1,1,both_hit
zwoqJY03yHE_2,2-5s,control,REMOVE_RANDOM,1,1,1,both_hit
zwoqJY03yHE_2,2-5s,control,REMOVE_RANDOM,2,1,1,both_hit
zwoqJY03yHE_2,2-5s,control,REMOVE_RANDOM,3,1,1,both_hit
zwoqJY03yHE_2,2-5s,control,REMOVE_RANDOM,4,1,1,both_hit
zwoqJY03yHE_2,2-5s,control,REMOVE_RANDOM,5,1,1,both_hit
zwoqJY03yHE_2,2-5s,control,REMOVE_RANDOM,6,1,1,both_hit
zwoqJY03yHE_2,2-5s,control,REMOVE_RANDOM,7,1,1,both_hit
zwoqJY03yHE_2,2-5s,control,REMOVE_RANDOM,8,1,1,both_hit
zwoqJY03yHE_2,2-5s,control,REMOVE_RANDOM,9,1,1,both_hit
zwoqJY03yHE_2,2-5s,control,REMOVE_HARD,0,1,1,both_hit
zwoqJY03yHE_4,2-5s,harmful,REMOVE_RANDOM,0,1,1,both_hit
zwoqJY03yHE_4,2-5s,harmful,REMOVE_RANDOM,1,1,1,both_hit
zwoqJY03yHE_4,2-5s,harmful,REMOVE_RANDOM,2,1,1,both_hit
zwoqJY03yHE_4,2-5s,harmful,REMOVE_RANDOM,3,1,1,both_hit
zwoqJY03yHE_4,2-5s,harmful,REMOVE_RANDOM,4,1,1,both_hit
zwoqJY03yHE_4,2-5s,harmful,REMOVE_RANDOM,5,1,1,both_hit
zwoqJY03yHE_4,2-5s,harmful,REMOVE_RANDOM,6,1,1,both_hit
zwoqJY03yHE_4,2-5s,harmful,REMOVE_RANDOM,7,1,1,both_hit
zwoqJY03yHE_4,2-5s,harmful,REMOVE_RANDOM,8,1,1,both_hit
zwoqJY03yHE_4,2-5s,harmful,REMOVE_RANDOM,9,1,1,both_hit
zwoqJY03yHE_4,2-5s,harmful,REMOVE_HARD,0,1,1,both_hit
