qid,vid,duration_bin,gt_duration_sec,audio_duration_sec,hard_center_hit10_2s,random25_center_hit10_2s_mean,hard_minus_random_center,cohort,p3_location_failure,replicate,random_stratum,random_stratum_fallback,hard_region_token_count_removed,full_center_hit10_2s,remove_hard_center_hit10_2s,remove_random_center_hit10_2s,hard_minus_random_center_pp,full_oracle10_iou07,remove_hard_oracle10_iou07,remove_random_oracle10_iou07,hard_minus_random_oracle_pp,full_width_gt_ratio,remove_hard_width_gt_ratio,remove_random_width_gt_ratio
--0w1YA1Hm4_1,--0w1YA1Hm4,0-2s,1.0,299.0,0.0,0.7,-0.7,harmful,0,0,remote,0,1,1.0,1.0,1.0,0.0,0.0,0.0,0.0,0.0,10.0,9.0,10.0
--0w1YA1Hm4_1,--0w1YA1Hm4,0-2s,1.0,299.0,0.0,0.7,-0.7,harmful,0,1,remote,0,1,1.0,1.0,1.0,0.0,0.0,0.0,0.0,0.0,10.0,9.0,10.0
--0w1YA1Hm4_1,--0w1YA1Hm4,0-2s,1.0,299.0,0.0,0.7,-0.7,harmful,0,2,remote,0,1,1.0,1.0,1.0,0.0,0.0,0.0,0.0,0.0,10.0,9.0,10.0
--0w1YA1Hm4_1,--0w1YA1Hm4,0-2s,1.0,299.0,0.0,0.7,-0.7,harmful,0,3,remote,0,1,1.0,1.0,1.0,0.0,0.0,0.0,0.0,0.0,10.0,9.0,10.0
--0w1YA1Hm4_1,--0w1YA1Hm4,0-2s,1.0,299.0,0.0,0.7,-0.7,harmful,0,4,remote,0,1,1.0,1.0,1.0,0.0,0.0,0.0,0.0,0.0,10.0,9.0,10.0
--0w1YA1Hm4_1,--0w1YA1Hm4,0-2s,1.0,299.0,0.0,0.7,-0.7,harmful,0,5,remote,0,1,1.0,1.0,1.0,0.0,0.0,0.0,0.0,0.0,10.0,9.0,10.0
--0w1YA1Hm4_1,--0w1YA1Hm4,0-2s,1.0,299.0,0.0,0.7,-0.7,harmful,0,6,remote,0,1,1.0,1.0,1.0,0.0,0.0,0.0,0.0,0.0,10.0,9.0,10.0
--0w1YA1Hm4_1,--0w1YA1Hm4,0-2s,1.0,299.0,0.0,0.7,-0.7,harmful,0,7,remote,0,1,1.0,1.0,1.0,0.0,0.0,0.0,0.0,0.0,10.0,9.0,10.0
--0w1YA1Hm4_1,--0w1YA1Hm4,0-2s,1.0,299.0,0.0,0.7,-0.7,harmful,0,8,remote,0,1,1.0,1.0,1.0,0.0,0.0,0.0,0.0,0.0,10.0,9.0,10.0
--0w1YA1Hm4_1,--0w1YA1Hm4,0-2s,1.0,299.0,0.0,0.7,-0.7,harmful,0,9,remote,0,1,1.0,1.0,1.0,0.0,0.0,0.0,0.0,0.0,10.0,9.0,10.0
--0w1YA1Hm4_2,--0w1YA1Hm4,2-5s,4.0,299.0,0.0,0.8,-0.8,harmful,0,0,remote,0,3,1.0,1.0,1.0,0.0,0.0,0.0,0.0,0.0,1.75,2.75,1.75
--0w1YA1Hm4_2,--0w1YA1Hm4,2-5s,4.0,299.0,0.0,0.8,-0.8,harmful,0,1,remote,0,3,1.0,1.0,1.0,0.0,0.0,0.0,0.0,0.0,1.75,2.75,1.75
--0w1YA1Hm4_2,--0w1YA1Hm4,2-5s,4.0,299.0,0.0,0.8,-0.8,harmful,0,2,remote,0,3,1.0,1.0,1.0,0.0,0.0,0.0,0.0,0.0,1.75,2.75,1.75
--0w1YA1Hm4_2,--0w1YA1Hm4,2-5s,4.0,299.0,0.0,0.8,-0.8,harmful,0,3,remote,0,3,1.0,1.0,1.0,0.0,0.0,0.0,0.0,0.0,1.75,2.75,1.75
--0w1YA1Hm4_2,--0w1YA1Hm4,2-5s,4.0,299.0,0.0,0.8,-0.8,harmful,0,4,remote,0,3,1.0,1.0,1.0,0.0,0.0,0.0,0.0,0.0,1.75,2.75,1.75
--0w1YA1Hm4_2,--0w1YA1Hm4,2-5s,4.0,299.0,0.0,0.8,-0.8,harmful,0,5,remote,0,3,1.0,1.0,1.0,0.0,0.0,0.0,0.0,0.0,1.75,2.75,1.75
--0w1YA1Hm4_2,--0w1YA1Hm4,2-5s,4.0,299.0,0.0,0.8,-0.8,harmful,0,6,remote,0,3,1.0,1.0,1.0,0.0,0.0,0.0,0.0,0.0,1.75,2.75,1.75
--0w1YA1Hm4_2,--0w1YA1Hm4,2-5s,4.0,299.0,0.0,0.8,-0.8,harmful,0,7,remote,0,3,1.0,1.0,1.0,0.0,0.0,0.0,0.0,0.0,1.75,2.75,1.75
--0w1YA1Hm4_2,--0w1YA1Hm4,2-5s,4.0,299.0,0.0,0.8,-0.8,harmful,0,8,remote,0,3,1.0,1.0,1.0,0.0,0.0,0.0,0.0,0.0,1.75,2.75,1.75
--0w1YA1Hm4_2,--0w1YA1Hm4,2-5s,4.0,299.0,0.0,0.8,-0.8,harmful,0,9,remote,0,3,1.0,1.0,1.0,0.0,0.0,0.0,0.0,0.0,1.75,2.75,1.75
--0w1YA1Hm4_3,--0w1YA1Hm4,2-5s,2.0,299.0,1.0,1.0,0.0,control,0,0,remote,0,4,1.0,1.0,1.0,0.0,0.0,0.0,0.0,0.0,3.0,3.0,3.0
--0w1YA1Hm4_3,--0w1YA1Hm4,2-5s,2.0,299.0,1.0,1.0,0.0,control,0,1,remote,0,4,1.0,1.0,1.0,0.0,0.0,0.0,0.0,0.0,3.0,3.0,3.0
--0w1YA1Hm4_3,--0w1YA1Hm4,2-5s,2.0,299.0,1.0,1.0,0.0,control,0,2,remote,0,4,1.0,1.0,1.0,0.0,0.0,0.0,0.0,0.0,3.0,3.0,3.0
--0w1YA1Hm4_3,--0w1YA1Hm4,2-5s,2.0,299.0,1.0,1.0,0.0,control,0,3,remote,0,4,1.0,1.0,1.0,0.0,0.0,0.0,0.0,0.0,3.0,3.0,3.0
--0w1YA1Hm4_3,--0w1YA1Hm4,2-5s,2.0,299.0,1.0,1.0,0.0,control,0,4,remote,0,4,1.0,1.0,1.0,0.0,0.0,0.0,0.0,0.0,3.0,3.0,3.0
--0w1YA1Hm4_3,--0w1YA1Hm4,2-5s,2.0,299.0,1.0,1.0,0.0,control,0,5,remote,0,4,1.0,1.0,1.0,0.0,0.0,0.0,0.0,0.0,3.0,3.0,3.0
--0w1YA1Hm4_3,--0w1YA1Hm4,2-5s,2.0,299.0,1.0,1.0,0.0,control,0,6,remote,0,4,1.0,1.0,1.0,0.0,0.0,0.0,0.0,0.0,3.0,3.0,3.0
--0w1YA1Hm4_3,--0w1YA1Hm4,2-5s,2.0,299.0,1.0,1.0,0.0,control,0,7,remote,0,4,1.0,1.0,1.0,0.0,0.0,0.0,0.0,0.0,3.0,3.0,3.0
--0w1YA1Hm4_3,--0w1YA1Hm4,2-5s,2.0,299.0,1.0,1.0,0.0,control,0,8,remote,0,4,1.0,1.0,1.0,0.0,0.0,0.0,0.0,0.0,3.0,3.0,3.0
--0w1YA1Hm4_3,--0w1YA1Hm4,2-5s,2.0,299.0,1.0,1.0,0.0,control,0,9,remote,0,4,1.0,1.0,1.0,0.0,0.0,0.0,0.0,0.0,3.0,3.0,3.0
-FW109cbv0g_1,-FW109cbv0g,2-5s,3.0,96.0,1.0,1.0,0.0,control,0,0,adjacent,0,1,1.0,1.0,1.0,0.0,0.0,0.0,0.0,0.0,1.3333333333333333,1.3333333333333333,1.3333333333333333
-FW109cbv0g_1,-FW109cbv0g,2-5s,3.0,96.0,1.0,1.0,0.0,control,0,1,adjacent,0,1,1.0,1.0,1.0,0.0,0.0,0.0,0.0,0.0,1.3333333333333333,1.3333333333333333,1.3333333333333333
-FW109cbv0g_1,-FW109cbv0g,2-5s,3.0,96.0,1.0,1.0,0.0,control,0,2,adjacent,0,1,1.0,1.0,1.0,0.0,0.0,0.0,0.0,0.0,1.3333333333333333,1.3333333333333333,1.3333333333333333
-FW109cbv0g_1,-FW109cbv0g,2-5s,3.0,96.0,1.0,1.0,0.0,control,0,3,adjacent,0,1,1.0,1.0,1.0,0.0,0.0,0.0,0.0,0.0,1.3333333333333333,1.3333333333333333,1.3333333333333333
-FW109cbv0g_1,-FW109cbv0g,2-5s,3.0,96.0,1.0,1.0,0.0,control,0,4,adjacent,0,1,1.0,1.0,1.0,0.0,0.0,0.0,0.0,0.0,1.3333333333333333,1.3333333333333333,1.3333333333333333
-FW109cbv0g_1,-FW109cbv0g,2-5s,3.0,96.0,1.0,1.0,0.0,control,0,5,adjacent,0,1,1.0,1.0,1.0,0.0,0.0,0.0,0.0,0.0,1.3333333333333333,1.3333333333333333,1.3333333333333333
-FW109cbv0g_1,-FW109cbv0g,2-5s,3.0,96.0,1.0,1.0,0.0,control,0,6,adjacent,0,1,1.0,1.0,1.0,0.0,0.0,0.0,0.0,0.0,1.3333333333333333,1.3333333333333333,1.3333333333333333
-FW109cbv0g_1,-FW109cbv0g,2-5s,3.0,96.0,1.0,1.0,0.0,control,0,7,adjacent,0,1,1.0,1.0,1.0,0.0,0.0,0.0,0.0,0.0,1.3333333333333333,1.3333333333333333,1.3333333333333333
-FW109cbv0g_1,-FW109cbv0g,2-5s,3.0,96.0,1.0,1.0,0.0,control,0,8,adjacent,0,1,1.0,1.0,1.0,0.0,0.0,0.0,0.0,0.0,1.3333333333333333,1.3333333333333333,1.3333333333333333
-FW109cbv0g_1,-FW109cbv0g,2-5s,3.0,96.0,1.0,1.0,0.0,control,0,9,adjacent,0,1,1.0,1.0,1.0,0.0,0.0,0.0,0.0,0.0,1.3333333333333333,1.3333333333333333,1.3333333333333333
-FW109cbv0g_3,-FW109cbv0g,2-5s,3.0,96.0,1.0,1.0,0.0,control,0,0,adjacent,0,1,1.0,1.0,1.0,0.0,0.0,0.0,0.0,0.0,1.0,1.0,1.0
-FW109cbv0g_3,-FW109cbv0g,2-5s,3.0,96.0,1.0,1.0,0.0,control,0,1,adjacent,0,1,1.0,1.0,1.0,0.0,0.0,0.0,0.0,0.0,1.0,1.0,1.0
-FW109cbv0g_3,-FW109cbv0g,2-5s,3.0,96.0,1.0,1.0,0.0,control,0,2,adjacent,0,1,1.0,1.0,1.0,0.0,0.0,0.0,0.0,0.0,1.0,1.0,1.0
-FW109cbv0g_3,-FW109cbv0g,2-5s,3.0,96.0,1.0,1.0,0.0,control,0,3,adjacent,0,1,1.0,1.0,1.0,0.0,0.0,0.0,0.0,0.0,1.0,1.0,1.0
-FW109cbv0g_3,-FW109cbv0g,2-5s,3.0,96.0,1.0,1.0,0.0,control,0,4,adjacent,0,1,1.0,1.0,1.0,0.0,0.0,0.0,0.0,0.0,1.0,1.0,1.0
-FW109cbv0g_3,-FW109cbv0g,2-5s,3.0,96.0,1.0,1.0,0.0,control,0,5,adjacent,0,1,1.0,1.0,1.0,0.0,0.0,0.0,0.0,0.0,1.0,1.0,1.0
-FW109cbv0g_3,-FW109cbv0g,2-5s,3.0,96.0,1.0,1.0,0.0,control,0,6,adjacent,0,1,1.0,1.0,1.0,0.0,0.0,0.0,0.0,0.0,1.0,1.0,1.0
-FW109cbv0g_3,-FW109cbv0g,2-5s,3.0,96.0,1.0,1.0,0.0,control,0,7,adjacent,0,1,1.0,1.0,1.0,0.0,0.0,0.0,0.0,0.0,1.0,1.0,1.0
-FW109cbv0g_3,-FW109cbv0g,2-5s,3.0,96.0,1.0,1.0,0.0,control,0,8,adjacent,0,1,1.0,1.0,1.0,0.0,0.0,0.0,0.0,0.0,1.0,1.0,1.0
-FW109cbv0g_3,-FW109cbv0g,2-5s,3.0,96.0,1.0,1.0,0.0,control,0,9,adjacent,0,1,1.0,1.0,1.0,0.0,0.0,0.0,1.0,-100.0,1.0,1.0,1.0
-FW109cbv0g_4,-FW109cbv0g,2-5s,2.0,96.0,0.0,1.0,-1.0,harmful,0,0,remote,0,2,1.0,1.0,1.0,0.0,0.0,0.0,0.0,0.0,2.0,2.0,2.0
-FW109cbv0g_4,-FW109cbv0g,2-5s,2.0,96.0,0.0,1.0,-1.0,harmful,0,1,remote,0,2,1.0,1.0,1.0,0.0,0.0,0.0,0.0,0.0,2.0,2.0,2.0
-FW109cbv0g_4,-FW109cbv0g,2-5s,2.0,96.0,0.0,1.0,-1.0,harmful,0,2,remote,0,2,1.0,1.0,1.0,0.0,0.0,0.0,0.0,0.0,2.0,2.0,2.0
-FW109cbv0g_4,-FW109cbv0g,2-5s,2.0,96.0,0.0,1.0,-1.0,harmful,0,3,remote,0,2,1.0,1.0,1.0,0.0,0.0,0.0,0.0,0.0,2.0,2.0,2.0
-FW109cbv0g_4,-FW109cbv0g,2-5s,2.0,96.0,0.0,1.0,-1.0,harmful,0,4,remote,0,2,1.0,1.0,1.0,0.0,0.0,0.0,0.0,0.0,2.0,2.0,2.0
-FW109cbv0g_4,-FW109cbv0g,2-5s,2.0,96.0,0.0,1.0,-1.0,harmful,0,5,remote,0,2,1.0,1.0,1.0,0.0,0.0,0.0,0.0,0.0,2.0,2.0,2.0
-FW109cbv0g_4,-FW109cbv0g,2-5s,2.0,96.0,0.0,1.0,-1.0,harmful,0,6,remote,0,2,1.0,1.0,1.0,0.0,0.0,0.0,0.0,0.0,2.0,2.0,2.0
-FW109cbv0g_4,-FW109cbv0g,2-5s,2.0,96.0,0.0,1.0,-1.0,harmful,0,7,remote,0,2,1.0,1.0,1.0,0.0,0.0,0.0,0.0,0.0,2.0,2.0,2.0
-FW109cbv0g_4,-FW109cbv0g,2-5s,2.0,96.0,0.0,1.0,-1.0,harmful,0,8,remote,0,2,1.0,1.0,1.0,0.0,0.0,0.0,0.0,0.0,2.0,2.0,2.0
-FW109cbv0g_4,-FW109cbv0g,2-5s,2.0,96.0,0.0,1.0,-1.0,harmful,0,9,remote,0,2,1.0,1.0,1.0,0.0,0.0,0.0,0.0,0.0,2.0,2.0,2.0
-FW109cbv0g_5,-FW109cbv0g,2-5s,3.0,96.0,0.0,0.9,-0.9,harmful,0,0,remote,0,2,1.0,1.0,1.0,0.0,0.0,0.0,0.0,0.0,1.6666666666666667,1.6666666666666667,1.6666666666666667
-FW109cbv0g_5,-FW109cbv0g,2-5s,3.0,96.0,0.0,0.9,-0.9,harmful,0,1,remote,0,2,1.0,1.0,1.0,0.0,0.0,0.0,0.0,0.0,1.6666666666666667,1.6666666666666667,1.6666666666666667
-FW109cbv0g_5,-FW109cbv0g,2-5s,3.0,96.0,0.0,0.9,-0.9,harmful,0,2,remote,0,2,1.0,1.0,1.0,0.0,0.0,0.0,0.0,0.0,1.6666666666666667,1.6666666666666667,1.6666666666666667
-FW109cbv0g_5,-FW109cbv0g,2-5s,3.0,96.0,0.0,0.9,-0.9,harmful,0,3,remote,0,2,1.0,1.0,1.0,0.0,0.0,0.0,0.0,0.0,1.6666666666666667,1.6666666666666667,1.6666666666666667
-FW109cbv0g_5,-FW109cbv0g,2-5s,3.0,96.0,0.0,0.9,-0.9,harmful,0,4,remote,0,2,1.0,1.0,1.0,0.0,0.0,0.0,0.0,0.0,1.6666666666666667,1.6666666666666667,1.6666666666666667
-FW109cbv0g_5,-FW109cbv0g,2-5s,3.0,96.0,0.0,0.9,-0.9,harmful,0,5,remote,0,2,1.0,1.0,1.0,0.0,0.0,0.0,0.0,0.0,1.6666666666666667,1.6666666666666667,1.6666666666666667
-FW109cbv0g_5,-FW109cbv0g,2-5s,3.0,96.0,0.0,0.9,-0.9,harmful,0,6,remote,0,2,1.0,1.0,1.0,0.0,0.0,0.0,0.0,0.0,1.6666666666666667,1.6666666666666667,0.6666666666666666
-FW109cbv0g_5,-FW109cbv0g,2-5s,3.0,96.0,0.0,0.9,-0.9,harmful,0,7,remote,0,2,1.0,1.0,1.0,0.0,0.0,0.0,0.0,0.0,1.6666666666666667,1.6666666666666667,1.6666666666666667
-FW109cbv0g_5,-FW109cbv0g,2-5s,3.0,96.0,0.0,0.9,-0.9,harmful,0,8,remote,0,2,1.0,1.0,1.0,0.0,0.0,0.0,0.0,0.0,1.6666666666666667,1.6666666666666667,1.6666666666666667
-FW109cbv0g_5,-FW109cbv0g,2-5s,3.0,96.0,0.0,0.9,-0.9,harmful,0,9,remote,0,2,1.0,1.0,1.0,0.0,0.0,0.0,0.0,0.0,1.6666666666666667,1.6666666666666667,1.6666666666666667
-NrFeH-kBSM_2,-NrFeH-kBSM,0-2s,1.0,300.0,0.0,0.0,0.0,control,0,0,remote,0,3,0.0,0.0,0.0,0.0,0.0,0.0,0.0,0.0,9.0,14.0,9.0
-NrFeH-kBSM_2,-NrFeH-kBSM,0-2s,1.0,300.0,0.0,0.0,0.0,control,0,1,remote,0,3,0.0,0.0,0.0,0.0,0.0,0.0,0.0,0.0,9.0,14.0,9.0
-NrFeH-kBSM_2,-NrFeH-kBSM,0-2s,1.0,300.0,0.0,0.0,0.0,control,0,2,remote,0,3,0.0,0.0,0.0,0.0,0.0,0.0,0.0,0.0,9.0,14.0,9.0
-NrFeH-kBSM_2,-NrFeH-kBSM,0-2s,1.0,300.0,0.0,0.0,0.0,control,0,3,remote,0,3,0.0,0.0,0.0,0.0,0.0,0.0,0.0,0.0,9.0,14.0,10.0
-NrFeH-kBSM_2,-NrFeH-kBSM,0-2s,1.0,300.0,0.0,0.0,0.0,control,0,4,remote,0,3,0.0,0.0,0.0,0.0,0.0,0.0,0.0,0.0,9.0,14.0,9.0
-NrFeH-kBSM_2,-NrFeH-kBSM,0-2s,1.0,300.0,0.0,0.0,0.0,control,0,5,remote,0,3,0.0,0.0,0.0,0.0,0.0,0.0,0.0,0.0,9.0,14.0,9.0
-NrFeH-kBSM_2,-NrFeH-kBSM,0-2s,1.0,300.0,0.0,0.0,0.0,control,0,6,remote,0,3,0.0,0.0,0.0,0.0,0.0,0.0,0.0,0.0,9.0,14.0,9.0
-NrFeH-kBSM_2,-NrFeH-kBSM,0-2s,1.0,300.0,0.0,0.0,0.0,control,0,7,remote,0,3,0.0,0.0,0.0,0.0,0.0,0.0,0.0,0.0,9.0,14.0,9.0
-NrFeH-kBSM_2,-NrFeH-kBSM,0-2s,1.0,300.0,0.0,0.0,0.0,control,0,8,remote,0,3,0.0,0.0,0.0,0.0,0.0,0.0,0.0,0.0,9.0,14.0,9.0
-NrFeH-kBSM_2,-NrFeH-kBSM,0-2s,1.0,300.0,0.0,0.0,0.0,control,0,9,remote,0,3,0.0,0.0,0.0,0.0,0.0,0.0,0.0,0.0,9.0,14.0,9.0
-NrFeH-kBSM_4,-NrFeH-kBSM,2-5s,4.0,300.0,0.0,0.4,-0.4,harmful,0,0,remote,0,8,1.0,1.0,1.0,0.0,0.0,0.0,0.0,0.0,2.5,2.75,2.5
-NrFeH-kBSM_4,-NrFeH-kBSM,2-5s,4.0,300.0,0.0,0.4,-0.4,harmful,0,1,remote,0,8,1.0,1.0,1.0,0.0,0.0,0.0,0.0,0.0,2.5,2.75,2.5
-NrFeH-kBSM_4,-NrFeH-kBSM,2-5s,4.0,300.0,0.0,0.4,-0.4,harmful,0,2,remote,0,8,1.0,1.0,1.0,0.0,0.0,0.0,0.0,0.0,2.5,2.75,2.5
-NrFeH-kBSM_4,-NrFeH-kBSM,2-5s,4.0,300.0,0.0,0.4,-0.4,harmful,0,3,remote,0,8,1.0,1.0,1.0,0.0,0.0,0.0,0.0,0.0,2.5,2.75,2.5
-NrFeH-kBSM_4,-NrFeH-kBSM,2-5s,4.0,300.0,0.0,0.4,-0.4,harmful,0,4,remote,0,8,1.0,1.0,1.0,0.0,0.0,0.0,0.0,0.0,2.5,2.75,2.5
-NrFeH-kBSM_4,-NrFeH-kBSM,2-5s,4.0,300.0,0.0,0.4,-0.4,harmful,0,5,remote,0,8,1.0,1.0,1.0,0.0,0.0,0.0,0.0,0.0,2.5,2.75,2.5
-NrFeH-kBSM_4,-NrFeH-kBSM,2-5s,4.0,300.0,0.0,0.4,-0.4,harmful,0,6,remote,0,8,1.0,1.0,1.0,0.0,0.0,0.0,0.0,0.0,2.5,2.75,2.5
-NrFeH-kBSM_4,-NrFeH-kBSM,2-5s,4.0,300.0,0.0,0.4,-0.4,harmful,0,7,remote,0,8,1.0,1.0,1.0,0.0,0.0,0.0,0.0,0.0,2.5,2.75,2.5
-NrFeH-kBSM_4,-NrFeH-kBSM,2-5s,4.0,300.0,0.0,0.4,-0.4,harmful,0,8,remote,0,8,1.0,1.0,1.0,0.0,0.0,0.0,0.0,0.0,2.5,2.75,2.5
-NrFeH-kBSM_4,-NrFeH-kBSM,2-5s,4.0,300.0,0.0,0.4,-0.4,harmful,0,9,remote,0,8,1.0,1.0,1.0,0.0,0.0,0.0,0.0,0.0,2.5,2.75,2.25
-mhFGevxLUg_3,-mhFGevxLUg,2-5s,4.0,300.0,0.0,0.0,0.0,control,1,0,remote,0,3,0.0,0.0,0.0,0.0,0.0,0.0,0.0,0.0,2.75,2.75,2.5
-mhFGevxLUg_3,-mhFGevxLUg,2-5s,4.0,300.0,0.0,0.0,0.0,control,1,1,remote,0,3,0.0,0.0,0.0,0.0,0.0,0.0,0.0,0.0,2.75,2.75,2.75
-mhFGevxLUg_3,-mhFGevxLUg,2-5s,4.0,300.0,0.0,0.0,0.0,control,1,2,remote,0,3,0.0,0.0,0.0,0.0,0.0,0.0,0.0,0.0,2.75,2.75,2.75
-mhFGevxLUg_3,-mhFGevxLUg,2-5s,4.0,300.0,0.0,0.0,0.0,control,1,3,remote,0,3,0.0,0.0,0.0,0.0,0.0,0.0,0.0,0.0,2.75,2.75,2.75
-mhFGevxLUg_3,-mhFGevxLUg,2-5s,4.0,300.0,0.0,0.0,0.0,control,1,4,remote,0,3,0.0,0.0,0.0,0.0,0.0,0.0,0.0,0.0,2.75,2.75,2.75
-mhFGevxLUg_3,-mhFGevxLUg,2-5s,4.0,300.0,0.0,0.0,0.0,control,1,5,remote,0,3,0.0,0.0,0.0,0.0,0.0,0.0,0.0,0.0,2.75,2.75,2.75
-mhFGevxLUg_3,-mhFGevxLUg,2-5s,4.0,300.0,0.0,0.0,0.0,control,1,6,remote,0,3,0.0,0.0,0.0,0.0,0.0,0.0,0.0,0.0,2.75,2.75,2.75
-mhFGevxLUg_3,-mhFGevxLUg,2-5s,4.0,300.0,0.0,0.0,0.0,control,1,7,remote,0,3,0.0,0.0,0.0,0.0,0.0,0.0,0.0,0.0,2.75,2.75,2.75
-mhFGevxLUg_3,-mhFGevxLUg,2-5s,4.0,300.0,0.0,0.0,0.0,control,1,8,remote,0,3,0.0,0.0,0.0,0.0,0.0,0.0,0.0,0.0,2.75,2.75,2.75
-mhFGevxLUg_3,-mhFGevxLUg,2-5s,4.0,300.0,0.0,0.0,0.0,control,1,9,remote,0,3,0.0,0.0,0.0,0.0,0.0,0.0,0.0,0.0,2.75,2.75,2.75
-nQHwrRLfc0_2,-nQHwrRLfc0,0-2s,1.0,165.0,0.0,0.7,-0.7,harmful,0,0,remote,0,12,1.0,1.0,1.0,0.0,0.0,0.0,0.0,0.0,7.0,7.0,7.0
-nQHwrRLfc0_2,-nQHwrRLfc0,0-2s,1.0,165.0,0.0,0.7,-0.7,harmful,0,1,remote,0,12,1.0,1.0,1.0,0.0,0.0,0.0,0.0,0.0,7.0,7.0,7.0
-nQHwrRLfc0_2,-nQHwrRLfc0,0-2s,1.0,165.0,0.0,0.7,-0.7,harmful,0,2,remote,0,12,1.0,1.0,1.0,0.0,0.0,0.0,0.0,0.0,7.0,7.0,7.0
-nQHwrRLfc0_2,-nQHwrRLfc0,0-2s,1.0,165.0,0.0,0.7,-0.7,harmful,0,3,remote,0,12,1.0,1.0,1.0,0.0,0.0,0.0,0.0,0.0,7.0,7.0,7.0
-nQHwrRLfc0_2,-nQHwrRLfc0,0-2s,1.0,165.0,0.0,0.7,-0.7,harmful,0,4,remote,0,12,1.0,1.0,1.0,0.0,0.0,0.0,0.0,0.0,7.0,7.0,7.0
-nQHwrRLfc0_2,-nQHwrRLfc0,0-2s,1.0,165.0,0.0,0.7,-0.7,harmful,0,5,remote,0,12,1.0,1.0,1.0,0.0,0.0,0.0,0.0,0.0,7.0,7.0,7.0
-nQHwrRLfc0_2,-nQHwrRLfc0,0-2s,1.0,165.0,0.0,0.7,-0.7,harmful,0,6,remote,0,12,1.0,1.0,1.0,0.0,0.0,0.0,0.0,0.0,7.0,7.0,7.0
-nQHwrRLfc0_2,-nQHwrRLfc0,0-2s,1.0,165.0,0.0,0.7,-0.7,harmful,0,7,remote,0,12,1.0,1.0,1.0,0.0,0.0,0.0,0.0,0.0,7.0,7.0,7.0
-nQHwrRLfc0_2,-nQHwrRLfc0,0-2s,1.0,165.0,0.0,0.7,-0.7,harmful,0,8,remote,0,12,1.0,1.0,1.0,0.0,0.0,0.0,0.0,0.0,7.0,7.0,7.0
-nQHwrRLfc0_2,-nQHwrRLfc0,0-2s,1.0,165.0,0.0,0.7,-0.7,harmful,0,9,remote,0,12,1.0,1.0,1.0,0.0,0.0,0.0,0.0,0.0,7.0,7.0,7.0
-oy0BkpMGAk_1,-oy0BkpMGAk,2-5s,4.0,80.0,1.0,1.0,0.0,control,0,0,moderately_near,1,9,1.0,1.0,1.0,0.0,0.0,0.0,0.0,0.0,1.0,1.0,0.75
-oy0BkpMGAk_1,-oy0BkpMGAk,2-5s,4.0,80.0,1.0,1.0,0.0,control,0,1,moderately_near,1,9,1.0,1.0,1.0,0.0,0.0,0.0,0.0,0.0,1.0,1.0,0.75
-oy0BkpMGAk_1,-oy0BkpMGAk,2-5s,4.0,80.0,1.0,1.0,0.0,control,0,2,moderately_near,1,9,1.0,1.0,1.0,0.0,0.0,0.0,0.0,0.0,1.0,1.0,0.75
-oy0BkpMGAk_1,-oy0BkpMGAk,2-5s,4.0,80.0,1.0,1.0,0.0,control,0,3,moderately_near,1,9,1.0,1.0,1.0,0.0,0.0,0.0,0.0,0.0,1.0,1.0,1.0
-oy0BkpMGAk_1,-oy0BkpMGAk,2-5s,4.0,80.0,1.0,1.0,0.0,control,0,4,moderately_near,1,9,1.0,1.0,1.0,0.0,0.0,0.0,0.0,0.0,1.0,1.0,0.75
-oy0BkpMGAk_1,-oy0BkpMGAk,2-5s,4.0,80.0,1.0,1.0,0.0,control,0,5,moderately_near,1,9,1.0,1.0,1.0,0.0,0.0,0.0,0.0,0.0,1.0,1.0,0.75
-oy0BkpMGAk_1,-oy0BkpMGAk,2-5s,4.0,80.0,1.0,1.0,0.0,control,0,6,moderately_near,1,9,1.0,1.0,1.0,0.0,0.0,0.0,0.0,0.0,1.0,1.0,0.75
-oy0BkpMGAk_1,-oy0BkpMGAk,2-5s,4.0,80.0,1.0,1.0,0.0,control,0,7,moderately_near,1,9,1.0,1.0,1.0,0.0,0.0,0.0,0.0,0.0,1.0,1.0,0.75
-oy0BkpMGAk_1,-oy0BkpMGAk,2-5s,4.0,80.0,1.0,1.0,0.0,control,0,8,moderately_near,1,9,1.0,1.0,1.0,0.0,0.0,0.0,0.0,0.0,1.0,1.0,0.75
-oy0BkpMGAk_1,-oy0BkpMGAk,2-5s,4.0,80.0,1.0,1.0,0.0,control,0,9,moderately_near,1,9,1.0,1.0,1.0,0.0,0.0,0.0,0.0,0.0,1.0,1.0,0.75
-oy0BkpMGAk_3,-oy0BkpMGAk,2-5s,2.0,80.0,0.0,0.0,0.0,control,1,0,remote,0,5,0.0,0.0,0.0,0.0,0.0,0.0,0.0,0.0,1.5,1.5,1.5
-oy0BkpMGAk_3,-oy0BkpMGAk,2-5s,2.0,80.0,0.0,0.0,0.0,control,1,1,remote,0,5,0.0,0.0,0.0,0.0,0.0,0.0,0.0,0.0,1.5,1.5,1.5
-oy0BkpMGAk_3,-oy0BkpMGAk,2-5s,2.0,80.0,0.0,0.0,0.0,control,1,2,remote,0,5,0.0,0.0,0.0,0.0,0.0,0.0,0.0,0.0,1.5,1.5,1.5
-oy0BkpMGAk_3,-oy0BkpMGAk,2-5s,2.0,80.0,0.0,0.0,0.0,control,1,3,remote,0,5,0.0,0.0,0.0,0.0,0.0,0.0,0.0,0.0,1.5,1.5,1.5
-oy0BkpMGAk_3,-oy0BkpMGAk,2-5s,2.0,80.0,0.0,0.0,0.0,control,1,4,remote,0,5,0.0,0.0,0.0,0.0,0.0,0.0,0.0,0.0,1.5,1.5,1.5
-oy0BkpMGAk_3,-oy0BkpMGAk,2-5s,2.0,80.0,0.0,0.0,0.0,control,1,5,remote,0,5,0.0,0.0,0.0,0.0,0.0,0.0,0.0,0.0,1.5,1.5,1.5
-oy0BkpMGAk_3,-oy0BkpMGAk,2-5s,2.0,80.0,0.0,0.0,0.0,control,1,6,remote,0,5,0.0,0.0,0.0,0.0,0.0,0.0,0.0,0.0,1.5,1.5,1.5
-oy0BkpMGAk_3,-oy0BkpMGAk,2-5s,2.0,80.0,0.0,0.0,0.0,control,1,7,remote,0,5,0.0,0.0,0.0,0.0,0.0,0.0,0.0,0.0,1.5,1.5,1.5
-oy0BkpMGAk_3,-oy0BkpMGAk,2-5s,2.0,80.0,0.0,0.0,0.0,control,1,8,remote,0,5,0.0,0.0,0.0,0.0,0.0,0.0,0.0,0.0,1.5,1.5,1.5
-oy0BkpMGAk_3,-oy0BkpMGAk,2-5s,2.0,80.0,0.0,0.0,0.0,control,1,9,remote,0,5,0.0,0.0,0.0,0.0,0.0,0.0,0.0,0.0,1.5,1.5,1.5
096oTVzc5Gs_4,096oTVzc5Gs,0-2s,1.0,129.0,0.0,0.0,0.0,control,0,0,remote,0,7,1.0,0.0,1.0,-100.0,0.0,0.0,0.0,0.0,4.0,5.0,4.0
096oTVzc5Gs_4,096oTVzc5Gs,0-2s,1.0,129.0,0.0,0.0,0.0,control,0,1,remote,0,7,1.0,0.0,1.0,-100.0,0.0,0.0,0.0,0.0,4.0,5.0,4.0
096oTVzc5Gs_4,096oTVzc5Gs,0-2s,1.0,129.0,0.0,0.0,0.0,control,0,2,remote,0,7,1.0,0.0,1.0,-100.0,0.0,0.0,0.0,0.0,4.0,5.0,4.0
096oTVzc5Gs_4,096oTVzc5Gs,0-2s,1.0,129.0,0.0,0.0,0.0,control,0,3,remote,0,7,1.0,0.0,1.0,-100.0,0.0,0.0,0.0,0.0,4.0,5.0,4.0
096oTVzc5Gs_4,096oTVzc5Gs,0-2s,1.0,129.0,0.0,0.0,0.0,control,0,4,remote,0,7,1.0,0.0,1.0,-100.0,0.0,0.0,0.0,0.0,4.0,5.0,4.0
096oTVzc5Gs_4,096oTVzc5Gs,0-2s,1.0,129.0,0.0,0.0,0.0,control,0,5,remote,0,7,1.0,0.0,0.0,0.0,0.0,0.0,0.0,0.0,4.0,5.0,4.0
096oTVzc5Gs_4,096oTVzc5Gs,0-2s,1.0,129.0,0.0,0.0,0.0,control,0,6,remote,0,7,1.0,0.0,1.0,-100.0,0.0,0.0,0.0,0.0,4.0,5.0,4.0
096oTVzc5Gs_4,096oTVzc5Gs,0-2s,1.0,129.0,0.0,0.0,0.0,control,0,7,remote,0,7,1.0,0.0,1.0,-100.0,0.0,0.0,0.0,0.0,4.0,5.0,4.0
096oTVzc5Gs_4,096oTVzc5Gs,0-2s,1.0,129.0,0.0,0.0,0.0,control,0,8,remote,0,7,1.0,0.0,0.0,0.0,0.0,0.0,0.0,0.0,4.0,5.0,4.0
096oTVzc5Gs_4,096oTVzc5Gs,0-2s,1.0,129.0,0.0,0.0,0.0,control,0,9,remote,0,7,1.0,0.0,1.0,-100.0,0.0,0.0,0.0,0.0,4.0,5.0,4.0
0AsXkZkqelg_1,0AsXkZkqelg,2-5s,4.0,172.0,0.0,0.8,-0.8,harmful,0,0,remote,0,24,1.0,0.0,1.0,-100.0,0.0,0.0,0.0,0.0,2.0,2.0,2.0
0AsXkZkqelg_1,0AsXkZkqelg,2-5s,4.0,172.0,0.0,0.8,-0.8,harmful,0,1,remote,0,24,1.0,0.0,0.0,0.0,0.0,0.0,0.0,0.0,2.0,2.0,1.75
0AsXkZkqelg_1,0AsXkZkqelg,2-5s,4.0,172.0,0.0,0.8,-0.8,harmful,0,2,remote,0,24,1.0,0.0,1.0,-100.0,0.0,0.0,0.0,0.0,2.0,2.0,2.0
0AsXkZkqelg_1,0AsXkZkqelg,2-5s,4.0,172.0,0.0,0.8,-0.8,harmful,0,3,remote,0,24,1.0,0.0,1.0,-100.0,0.0,0.0,0.0,0.0,2.0,2.0,2.0
0AsXkZkqelg_1,0AsXkZkqelg,2-5s,4.0,172.0,0.0,0.8,-0.8,harmful,0,4,remote,0,24,1.0,0.0,1.0,-100.0,0.0,0.0,0.0,0.0,2.0,2.0,2.0
0AsXkZkqelg_1,0AsXkZkqelg,2-5s,4.0,172.0,0.0,0.8,-0.8,harmful,0,5,remote,0,24,1.0,0.0,1.0,-100.0,0.0,0.0,0.0,0.0,2.0,2.0,2.0
0AsXkZkqelg_1,0AsXkZkqelg,2-5s,4.0,172.0,0.0,0.8,-0.8,harmful,0,6,remote,0,24,1.0,0.0,1.0,-100.0,0.0,0.0,0.0,0.0,2.0,2.0,2.0
0AsXkZkqelg_1,0AsXkZkqelg,2-5s,4.0,172.0,0.0,0.8,-0.8,harmful,0,7,remote,0,24,1.0,0.0,1.0,-100.0,0.0,0.0,0.0,0.0,2.0,2.0,2.0
0AsXkZkqelg_1,0AsXkZkqelg,2-5s,4.0,172.0,0.0,0.8,-0.8,harmful,0,8,remote,0,24,1.0,0.0,1.0,-100.0,0.0,0.0,0.0,0.0,2.0,2.0,2.0
0AsXkZkqelg_1,0AsXkZkqelg,2-5s,4.0,172.0,0.0,0.8,-0.8,harmful,0,9,remote,0,24,1.0,0.0,1.0,-100.0,0.0,0.0,0.0,0.0,2.0,2.0,2.0
0AsXkZkqelg_2,0AsXkZkqelg,2-5s,3.0,172.0,1.0,1.0,0.0,control,0,0,remote,0,32,1.0,1.0,1.0,0.0,0.0,0.0,0.0,0.0,3.3333333333333335,3.6666666666666665,3.3333333333333335
0AsXkZkqelg_2,0AsXkZkqelg,2-5s,3.0,172.0,1.0,1.0,0.0,control,0,1,remote,0,32,1.0,1.0,1.0,0.0,0.0,0.0,0.0,0.0,3.3333333333333335,3.6666666666666665,3.3333333333333335
0AsXkZkqelg_2,0AsXkZkqelg,2-5s,3.0,172.0,1.0,1.0,0.0,control,0,2,remote,0,32,1.0,1.0,1.0,0.0,0.0,0.0,0.0,0.0,3.3333333333333335,3.6666666666666665,3.3333333333333335
0AsXkZkqelg_2,0AsXkZkqelg,2-5s,3.0,172.0,1.0,1.0,0.0,control,0,3,remote,0,32,1.0,1.0,1.0,0.0,0.0,0.0,0.0,0.0,3.3333333333333335,3.6666666666666665,3.3333333333333335
0AsXkZkqelg_2,0AsXkZkqelg,2-5s,3.0,172.0,1.0,1.0,0.0,control,0,4,remote,0,32,1.0,1.0,1.0,0.0,0.0,0.0,0.0,0.0,3.3333333333333335,3.6666666666666665,3.3333333333333335
0AsXkZkqelg_2,0AsXkZkqelg,2-5s,3.0,172.0,1.0,1.0,0.0,control,0,5,remote,0,32,1.0,1.0,1.0,0.0,0.0,0.0,0.0,0.0,3.3333333333333335,3.6666666666666665,3.3333333333333335
0AsXkZkqelg_2,0AsXkZkqelg,2-5s,3.0,172.0,1.0,1.0,0.0,control,0,6,remote,0,32,1.0,1.0,1.0,0.0,0.0,0.0,0.0,0.0,3.3333333333333335,3.6666666666666665,3.3333333333333335
0AsXkZkqelg_2,0AsXkZkqelg,2-5s,3.0,172.0,1.0,1.0,0.0,control,0,7,remote,0,32,1.0,1.0,1.0,0.0,0.0,0.0,0.0,0.0,3.3333333333333335,3.6666666666666665,3.0
0AsXkZkqelg_2,0AsXkZkqelg,2-5s,3.0,172.0,1.0,1.0,0.0,control,0,8,remote,0,32,1.0,1.0,1.0,0.0,0.0,0.0,0.0,0.0,3.3333333333333335,3.6666666666666665,3.3333333333333335
0AsXkZkqelg_2,0AsXkZkqelg,2-5s,3.0,172.0,1.0,1.0,0.0,control,0,9,remote,0,32,1.0,1.0,1.0,0.0,0.0,0.0,0.0,0.0,3.3333333333333335,3.6666666666666665,3.3333333333333335
0_K6OKtoBBU_1,0_K6OKtoBBU,2-5s,2.0,61.0,1.0,1.0,0.0,control,0,0,remote,0,1,1.0,1.0,1.0,0.0,0.0,0.0,0.0,0.0,1.5,1.5,1.5
0_K6OKtoBBU_1,0_K6OKtoBBU,2-5s,2.0,61.0,1.0,1.0,0.0,control,0,1,remote,0,1,1.0,1.0,1.0,0.0,0.0,0.0,0.0,0.0,1.5,1.5,1.5
0_K6OKtoBBU_1,0_K6OKtoBBU,2-5s,2.0,61.0,1.0,1.0,0.0,control,0,2,remote,0,1,1.0,1.0,1.0,0.0,0.0,0.0,0.0,0.0,1.5,1.5,1.5
0_K6OKtoBBU_1,0_K6OKtoBBU,2-5s,2.0,61.0,1.0,1.0,0.0,control,0,3,remote,0,1,1.0,1.0,1.0,0.0,0.0,0.0,0.0,0.0,1.5,1.5,1.5
0_K6OKtoBBU_1,0_K6OKtoBBU,2-5s,2.0,61.0,1.0,1.0,0.0,control,0,4,remote,0,1,1.0,1.0,1.0,0.0,0.0,0.0,0.0,0.0,1.5,1.5,1.5
0_K6OKtoBBU_1,0_K6OKtoBBU,2-5s,2.0,61.0,1.0,1.0,0.0,control,0,5,remote,0,1,1.0,1.0,1.0,0.0,0.0,0.0,0.0,0.0,1.5,1.5,1.5
0_K6OKtoBBU_1,0_K6OKtoBBU,2-5s,2.0,61.0,1.0,1.0,0.0,control,0,6,remote,0,1,1.0,1.0,1.0,0.0,0.0,0.0,0.0,0.0,1.5,1.5,1.5
0_K6OKtoBBU_1,0_K6OKtoBBU,2-5s,2.0,61.0,1.0,1.0,0.0,control,0,7,remote,0,1,1.0,1.0,1.0,0.0,0.0,0.0,0.0,0.0,1.5,1.5,1.5
0_K6OKtoBBU_1,0_K6OKtoBBU,2-5s,2.0,61.0,1.0,1.0,0.0,control,0,8,remote,0,1,1.0,1.0,1.0,0.0,0.0,0.0,0.0,0.0,1.5,1.5,1.5
0_K6OKtoBBU_1,0_K6OKtoBBU,2-5s,2.0,61.0,1.0,1.0,0.0,control,0,9,remote,0,1,1.0,1.0,1.0,0.0,0.0,0.0,0.0,0.0,1.5,1.5,1.5
0_K6OKtoBBU_3,0_K6OKtoBBU,2-5s,2.0,61.0,1.0,1.0,0.0,control,0,0,moderately_near,0,6,1.0,1.0,1.0,0.0,0.0,0.0,1.0,-100.0,1.5,1.5,1.0
0_K6OKtoBBU_3,0_K6OKtoBBU,2-5s,2.0,61.0,1.0,1.0,0.0,control,0,1,moderately_near,0,6,1.0,1.0,1.0,0.0,0.0,0.0,1.0,-100.0,1.5,1.5,1.0
0_K6OKtoBBU_3,0_K6OKtoBBU,2-5s,2.0,61.0,1.0,1.0,0.0,control,0,2,moderately_near,0,6,1.0,1.0,1.0,0.0,0.0,0.0,1.0,-100.0,1.5,1.5,1.0
0_K6OKtoBBU_3,0_K6OKtoBBU,2-5s,2.0,61.0,1.0,1.0,0.0,control,0,3,moderately_near,0,6,1.0,1.0,1.0,0.0,0.0,0.0,1.0,-100.0,1.5,1.5,1.0
0_K6OKtoBBU_3,0_K6OKtoBBU,2-5s,2.0,61.0,1.0,1.0,0.0,control,0,4,moderately_near,0,6,1.0,1.0,1.0,0.0,0.0,0.0,1.0,-100.0,1.5,1.5,1.0
0_K6OKtoBBU_3,0_K6OKtoBBU,2-5s,2.0,61.0,1.0,1.0,0.0,control,0,5,moderately_near,0,6,1.0,1.0,1.0,0.0,0.0,0.0,0.0,0.0,1.5,1.5,1.5
0_K6OKtoBBU_3,0_K6OKtoBBU,2-5s,2.0,61.0,1.0,1.0,0.0,control,0,6,moderately_near,0,6,1.0,1.0,1.0,0.0,0.0,0.0,1.0,-100.0,1.5,1.5,1.0
0_K6OKtoBBU_3,0_K6OKtoBBU,2-5s,2.0,61.0,1.0,1.0,0.0,control,0,7,moderately_near,0,6,1.0,1.0,1.0,0.0,0.0,0.0,0.0,0.0,1.5,1.5,1.5
0_K6OKtoBBU_3,0_K6OKtoBBU,2-5s,2.0,61.0,1.0,1.0,0.0,control,0,8,moderately_near,0,6,1.0,1.0,1.0,0.0,0.0,0.0,1.0,-100.0,1.5,1.5,1.0
0_K6OKtoBBU_3,0_K6OKtoBBU,2-5s,2.0,61.0,1.0,1.0,0.0,control,0,9,moderately_near,0,6,1.0,1.0,1.0,0.0,0.0,0.0,1.0,-100.0,1.5,1.5,1.0
0a9wVat2PWk_2,0a9wVat2PWk,2-5s,4.0,300.0,0.0,0.5,-0.5,harmful,1,0,remote,0,4,1.0,1.0,1.0,0.0,0.0,0.0,0.0,0.0,2.5,2.25,2.5
0a9wVat2PWk_2,0a9wVat2PWk,2-5s,4.0,300.0,0.0,0.5,-0.5,harmful,1,1,remote,0,4,1.0,1.0,1.0,0.0,0.0,0.0,0.0,0.0,2.5,2.25,2.5
0a9wVat2PWk_2,0a9wVat2PWk,2-5s,4.0,300.0,0.0,0.5,-0.5,harmful,1,2,remote,0,4,1.0,1.0,1.0,0.0,0.0,0.0,0.0,0.0,2.5,2.25,2.5
0a9wVat2PWk_2,0a9wVat2PWk,2-5s,4.0,300.0,0.0,0.5,-0.5,harmful,1,3,remote,0,4,1.0,1.0,1.0,0.0,0.0,0.0,0.0,0.0,2.5,2.25,2.5
0a9wVat2PWk_2,0a9wVat2PWk,2-5s,4.0,300.0,0.0,0.5,-0.5,harmful,1,4,remote,0,4,1.0,1.0,1.0,0.0,0.0,0.0,0.0,0.0,2.5,2.25,2.5
0a9wVat2PWk_2,0a9wVat2PWk,2-5s,4.0,300.0,0.0,0.5,-0.5,harmful,1,5,remote,0,4,1.0,1.0,1.0,0.0,0.0,0.0,0.0,0.0,2.5,2.25,2.25
0a9wVat2PWk_2,0a9wVat2PWk,2-5s,4.0,300.0,0.0,0.5,-0.5,harmful,1,6,remote,0,4,1.0,1.0,1.0,0.0,0.0,0.0,0.0,0.0,2.5,2.25,2.5
0a9wVat2PWk_2,0a9wVat2PWk,2-5s,4.0,300.0,0.0,0.5,-0.5,harmful,1,7,remote,0,4,1.0,1.0,1.0,0.0,0.0,0.0,0.0,0.0,2.5,2.25,2.5
0a9wVat2PWk_2,0a9wVat2PWk,2-5s,4.0,300.0,0.0,0.5,-0.5,harmful,1,8,remote,0,4,1.0,1.0,1.0,0.0,0.0,0.0,0.0,0.0,2.5,2.25,2.5
0a9wVat2PWk_2,0a9wVat2PWk,2-5s,4.0,300.0,0.0,0.5,-0.5,harmful,1,9,remote,0,4,1.0,1.0,1.0,0.0,0.0,0.0,0.0,0.0,2.5,2.25,2.5
0a9wVat2PWk_3,0a9wVat2PWk,2-5s,3.0,300.0,1.0,1.0,0.0,control,0,0,remote,0,6,1.0,1.0,1.0,0.0,0.0,0.0,0.0,0.0,3.0,3.3333333333333335,3.0
0a9wVat2PWk_3,0a9wVat2PWk,2-5s,3.0,300.0,1.0,1.0,0.0,control,0,1,remote,0,6,1.0,1.0,1.0,0.0,0.0,0.0,0.0,0.0,3.0,3.3333333333333335,3.0
0a9wVat2PWk_3,0a9wVat2PWk,2-5s,3.0,300.0,1.0,1.0,0.0,control,0,2,remote,0,6,1.0,1.0,1.0,0.0,0.0,0.0,0.0,0.0,3.0,3.3333333333333335,3.0
0a9wVat2PWk_3,0a9wVat2PWk,2-5s,3.0,300.0,1.0,1.0,0.0,control,0,3,remote,0,6,1.0,1.0,1.0,0.0,0.0,0.0,0.0,0.0,3.0,3.3333333333333335,3.0
0a9wVat2PWk_3,0a9wVat2PWk,2-5s,3.0,300.0,1.0,1.0,0.0,control,0,4,remote,0,6,1.0,1.0,1.0,0.0,0.0,0.0,0.0,0.0,3.0,3.3333333333333335,3.0
0a9wVat2PWk_3,0a9wVat2PWk,2-5s,3.0,300.0,1.0,1.0,0.0,control,0,5,remote,0,6,1.0,1.0,1.0,0.0,0.0,0.0,0.0,0.0,3.0,3.3333333333333335,3.0
0a9wVat2PWk_3,0a9wVat2PWk,2-5s,3.0,300.0,1.0,1.0,0.0,control,0,6,remote,0,6,1.0,1.0,1.0,0.0,0.0,0.0,0.0,0.0,3.0,3.3333333333333335,3.0
0a9wVat2PWk_3,0a9wVat2PWk,2-5s,3.0,300.0,1.0,1.0,0.0,control,0,7,remote,0,6,1.0,1.0,1.0,0.0,0.0,0.0,0.0,0.0,3.0,3.3333333333333335,3.0
0a9wVat2PWk_3,0a9wVat2PWk,2-5s,3.0,300.0,1.0,1.0,0.0,control,0,8,remote,0,6,1.0,1.0,1.0,0.0,0.0,0.0,0.0,0.0,3.0,3.3333333333333335,3.0
0a9wVat2PWk_3,0a9wVat2PWk,2-5s,3.0,300.0,1.0,1.0,0.0,control,0,9,remote,0,6,1.0,1.0,1.0,0.0,0.0,0.0,0.0,0.0,3.0,3.3333333333333335,3.0
0a9wVat2PWk_4,0a9wVat2PWk,2-5s,4.0,300.0,0.0,0.6,-0.6,harmful,0,0,remote,0,3,0.0,0.0,0.0,0.0,0.0,0.0,0.0,0.0,2.75,2.25,2.75
0a9wVat2PWk_4,0a9wVat2PWk,2-5s,4.0,300.0,0.0,0.6,-0.6,harmful,0,1,remote,0,3,0.0,0.0,0.0,0.0,0.0,0.0,0.0,0.0,2.75,2.25,2.75
0a9wVat2PWk_4,0a9wVat2PWk,2-5s,4.0,300.0,0.0,0.6,-0.6,harmful,0,2,remote,0,3,0.0,0.0,0.0,0.0,0.0,0.0,0.0,0.0,2.75,2.25,2.75
0a9wVat2PWk_4,0a9wVat2PWk,2-5s,4.0,300.0,0.0,0.6,-0.6,harmful,0,3,remote,0,3,0.0,0.0,0.0,0.0,0.0,0.0,0.0,0.0,2.75,2.25,2.75
0a9wVat2PWk_4,0a9wVat2PWk,2-5s,4.0,300.0,0.0,0.6,-0.6,harmful,0,4,remote,0,3,0.0,0.0,0.0,0.0,0.0,0.0,0.0,0.0,2.75,2.25,2.75
0a9wVat2PWk_4,0a9wVat2PWk,2-5s,4.0,300.0,0.0,0.6,-0.6,harmful,0,5,remote,0,3,0.0,0.0,0.0,0.0,0.0,0.0,0.0,0.0,2.75,2.25,2.75
0a9wVat2PWk_4,0a9wVat2PWk,2-5s,4.0,300.0,0.0,0.6,-0.6,harmful,0,6,remote,0,3,0.0,0.0,0.0,0.0,0.0,0.0,0.0,0.0,2.75,2.25,2.75
0a9wVat2PWk_4,0a9wVat2PWk,2-5s,4.0,300.0,0.0,0.6,-0.6,harmful,0,7,remote,0,3,0.0,0.0,0.0,0.0,0.0,0.0,0.0,0.0,2.75,2.25,2.75
0a9wVat2PWk_4,0a9wVat2PWk,2-5s,4.0,300.0,0.0,0.6,-0.6,harmful,0,8,remote,0,3,0.0,0.0,0.0,0.0,0.0,0.0,0.0,0.0,2.75,2.25,2.75
0a9wVat2PWk_4,0a9wVat2PWk,2-5s,4.0,300.0,0.0,0.6,-0.6,harmful,0,9,remote,0,3,0.0,0.0,0.0,0.0,0.0,0.0,0.0,0.0,2.75,2.25,2.75
0fMXnvD38zI_1,0fMXnvD38zI,2-5s,2.0,300.0,0.0,0.0,0.0,control,1,0,remote,0,3,0.0,0.0,0.0,0.0,0.0,0.0,0.0,0.0,7.0,6.5,7.0
0fMXnvD38zI_1,0fMXnvD38zI,2-5s,2.0,300.0,0.0,0.0,0.0,control,1,1,remote,0,3,0.0,0.0,0.0,0.0,0.0,0.0,0.0,0.0,7.0,6.5,7.0
0fMXnvD38zI_1,0fMXnvD38zI,2-5s,2.0,300.0,0.0,0.0,0.0,control,1,2,remote,0,3,0.0,0.0,0.0,0.0,0.0,0.0,0.0,0.0,7.0,6.5,7.0
0fMXnvD38zI_1,0fMXnvD38zI,2-5s,2.0,300.0,0.0,0.0,0.0,control,1,3,remote,0,3,0.0,0.0,0.0,0.0,0.0,0.0,0.0,0.0,7.0,6.5,7.0
0fMXnvD38zI_1,0fMXnvD38zI,2-5s,2.0,300.0,0.0,0.0,0.0,control,1,4,remote,0,3,0.0,0.0,0.0,0.0,0.0,0.0,0.0,0.0,7.0,6.5,7.0
0fMXnvD38zI_1,0fMXnvD38zI,2-5s,2.0,300.0,0.0,0.0,0.0,control,1,5,remote,0,3,0.0,0.0,0.0,0.0,0.0,0.0,0.0,0.0,7.0,6.5,7.0
0fMXnvD38zI_1,0fMXnvD38zI,2-5s,2.0,300.0,0.0,0.0,0.0,control,1,6,remote,0,3,0.0,0.0,0.0,0.0,0.0,0.0,0.0,0.0,7.0,6.5,7.0
0fMXnvD38zI_1,0fMXnvD38zI,2-5s,2.0,300.0,0.0,0.0,0.0,control,1,7,remote,0,3,0.0,0.0,0.0,0.0,0.0,0.0,0.0,0.0,7.0,6.5,7.0
0fMXnvD38zI_1,0fMXnvD38zI,2-5s,2.0,300.0,0.0,0.0,0.0,control,1,8,remote,0,3,0.0,0.0,0.0,0.0,0.0,0.0,0.0,0.0,7.0,6.5,7.0
0fMXnvD38zI_1,0fMXnvD38zI,2-5s,2.0,300.0,0.0,0.0,0.0,control,1,9,remote,0,3,0.0,0.0,0.0,0.0,0.0,0.0,0.0,0.0,7.0,6.5,7.0
0yETgW44MZU_2,0yETgW44MZU,2-5s,4.0,90.0,1.0,0.7,0.30000000000000004,control,1,0,remote,0,6,0.0,0.0,1.0,-100.0,0.0,0.0,0.0,0.0,4.75,4.5,4.75
0yETgW44MZU_2,0yETgW44MZU,2-5s,4.0,90.0,1.0,0.7,0.30000000000000004,control,1,1,remote,0,6,0.0,0.0,1.0,-100.0,0.0,0.0,0.0,0.0,4.75,4.5,4.5
0yETgW44MZU_2,0yETgW44MZU,2-5s,4.0,90.0,1.0,0.7,0.30000000000000004,control,1,2,remote,0,6,0.0,0.0,0.0,0.0,0.0,0.0,0.0,0.0,4.75,4.5,3.5
0yETgW44MZU_2,0yETgW44MZU,2-5s,4.0,90.0,1.0,0.7,0.30000000000000004,control,1,3,remote,0,6,0.0,0.0,0.0,0.0,0.0,0.0,0.0,0.0,4.75,4.5,4.5
0yETgW44MZU_2,0yETgW44MZU,2-5s,4.0,90.0,1.0,0.7,0.30000000000000004,control,1,4,remote,0,6,0.0,0.0,0.0,0.0,0.0,0.0,0.0,0.0,4.75,4.5,5.25
0yETgW44MZU_2,0yETgW44MZU,2-5s,4.0,90.0,1.0,0.7,0.30000000000000004,control,1,5,remote,0,6,0.0,0.0,1.0,-100.0,0.0,0.0,0.0,0.0,4.75,4.5,4.75
0yETgW44MZU_2,0yETgW44MZU,2-5s,4.0,90.0,1.0,0.7,0.30000000000000004,control,1,6,remote,0,6,0.0,0.0,1.0,-100.0,0.0,0.0,0.0,0.0,4.75,4.5,5.0
0yETgW44MZU_2,0yETgW44MZU,2-5s,4.0,90.0,1.0,0.7,0.30000000000000004,control,1,7,remote,0,6,0.0,0.0,0.0,0.0,0.0,0.0,0.0,0.0,4.75,4.5,5.5
0yETgW44MZU_2,0yETgW44MZU,2-5s,4.0,90.0,1.0,0.7,0.30000000000000004,control,1,8,remote,0,6,0.0,0.0,1.0,-100.0,0.0,0.0,0.0,0.0,4.75,4.5,4.5
0yETgW44MZU_2,0yETgW44MZU,2-5s,4.0,90.0,1.0,0.7,0.30000000000000004,control,1,9,remote,0,6,0.0,0.0,1.0,-100.0,0.0,0.0,0.0,0.0,4.75,4.5,4.75
14izd_i3ryE_3,14izd_i3ryE,2-5s,2.0,299.0,0.0,0.4,-0.4,harmful,1,0,remote,0,11,1.0,1.0,1.0,0.0,0.0,0.0,0.0,0.0,6.5,7.0,6.5
14izd_i3ryE_3,14izd_i3ryE,2-5s,2.0,299.0,0.0,0.4,-0.4,harmful,1,1,remote,0,11,1.0,1.0,1.0,0.0,0.0,0.0,0.0,0.0,6.5,7.0,6.5
14izd_i3ryE_3,14izd_i3ryE,2-5s,2.0,299.0,0.0,0.4,-0.4,harmful,1,2,remote,0,11,1.0,1.0,1.0,0.0,0.0,0.0,0.0,0.0,6.5,7.0,6.5
14izd_i3ryE_3,14izd_i3ryE,2-5s,2.0,299.0,0.0,0.4,-0.4,harmful,1,3,remote,0,11,1.0,1.0,1.0,0.0,0.0,0.0,0.0,0.0,6.5,7.0,6.5
14izd_i3ryE_3,14izd_i3ryE,2-5s,2.0,299.0,0.0,0.4,-0.4,harmful,1,4,remote,0,11,1.0,1.0,1.0,0.0,0.0,0.0,0.0,0.0,6.5,7.0,6.5
14izd_i3ryE_3,14izd_i3ryE,2-5s,2.0,299.0,0.0,0.4,-0.4,harmful,1,5,remote,0,11,1.0,1.0,1.0,0.0,0.0,0.0,0.0,0.0,6.5,7.0,6.5
14izd_i3ryE_3,14izd_i3ryE,2-5s,2.0,299.0,0.0,0.4,-0.4,harmful,1,6,remote,0,11,1.0,1.0,1.0,0.0,0.0,0.0,0.0,0.0,6.5,7.0,6.5
14izd_i3ryE_3,14izd_i3ryE,2-5s,2.0,299.0,0.0,0.4,-0.4,harmful,1,7,remote,0,11,1.0,1.0,1.0,0.0,0.0,0.0,0.0,0.0,6.5,7.0,6.5
14izd_i3ryE_3,14izd_i3ryE,2-5s,2.0,299.0,0.0,0.4,-0.4,harmful,1,8,remote,0,11,1.0,1.0,1.0,0.0,0.0,0.0,0.0,0.0,6.5,7.0,6.5
14izd_i3ryE_3,14izd_i3ryE,2-5s,2.0,299.0,0.0,0.4,-0.4,harmful,1,9,remote,0,11,1.0,1.0,1.0,0.0,0.0,0.0,0.0,0.0,6.5,7.0,6.5
1FNJbN-eHY4_1,1FNJbN-eHY4,2-5s,4.0,177.0,0.0,0.7,-0.7,harmful,1,0,remote,0,28,0.0,1.0,0.0,100.0,0.0,0.0,0.0,0.0,1.75,2.25,1.75
1FNJbN-eHY4_1,1FNJbN-eHY4,2-5s,4.0,177.0,0.0,0.7,-0.7,harmful,1,1,remote,0,28,0.0,1.0,1.0,0.0,0.0,0.0,0.0,0.0,1.75,2.25,1.75
1FNJbN-eHY4_1,1FNJbN-eHY4,2-5s,4.0,177.0,0.0,0.7,-0.7,harmful,1,2,remote,0,28,0.0,1.0,1.0,0.0,0.0,0.0,0.0,0.0,1.75,2.25,1.75
1FNJbN-eHY4_1,1FNJbN-eHY4,2-5s,4.0,177.0,0.0,0.7,-0.7,harmful,1,3,remote,0,28,0.0,1.0,1.0,0.0,0.0,0.0,0.0,0.0,1.75,2.25,1.75
1FNJbN-eHY4_1,1FNJbN-eHY4,2-5s,4.0,177.0,0.0,0.7,-0.7,harmful,1,4,remote,0,28,0.0,1.0,0.0,100.0,0.0,0.0,0.0,0.0,1.75,2.25,1.75
1FNJbN-eHY4_1,1FNJbN-eHY4,2-5s,4.0,177.0,0.0,0.7,-0.7,harmful,1,5,remote,0,28,0.0,1.0,0.0,100.0,0.0,0.0,0.0,0.0,1.75,2.25,1.75
1FNJbN-eHY4_1,1FNJbN-eHY4,2-5s,4.0,177.0,0.0,0.7,-0.7,harmful,1,6,remote,0,28,0.0,1.0,1.0,0.0,0.0,0.0,0.0,0.0,1.75,2.25,1.75
1FNJbN-eHY4_1,1FNJbN-eHY4,2-5s,4.0,177.0,0.0,0.7,-0.7,harmful,1,7,remote,0,28,0.0,1.0,1.0,0.0,0.0,0.0,0.0,0.0,1.75,2.25,1.75
1FNJbN-eHY4_1,1FNJbN-eHY4,2-5s,4.0,177.0,0.0,0.7,-0.7,harmful,1,8,remote,0,28,0.0,1.0,0.0,100.0,0.0,0.0,0.0,0.0,1.75,2.25,1.75
1FNJbN-eHY4_1,1FNJbN-eHY4,2-5s,4.0,177.0,0.0,0.7,-0.7,harmful,1,9,remote,0,28,0.0,1.0,1.0,0.0,0.0,0.0,0.0,0.0,1.75,2.25,1.75
1GgEpRZDWN0_1,1GgEpRZDWN0,2-5s,2.0,300.0,0.0,0.6,-0.6,harmful,1,0,remote,0,4,0.0,0.0,0.0,0.0,0.0,0.0,0.0,0.0,5.0,4.5,5.0
1GgEpRZDWN0_1,1GgEpRZDWN0,2-5s,2.0,300.0,0.0,0.6,-0.6,harmful,1,1,remote,0,4,0.0,0.0,0.0,0.0,0.0,0.0,0.0,0.0,5.0,4.5,5.0
1GgEpRZDWN0_1,1GgEpRZDWN0,2-5s,2.0,300.0,0.0,0.6,-0.6,harmful,1,2,remote,0,4,0.0,0.0,0.0,0.0,0.0,0.0,0.0,0.0,5.0,4.5,5.0
1GgEpRZDWN0_1,1GgEpRZDWN0,2-5s,2.0,300.0,0.0,0.6,-0.6,harmful,1,3,remote,0,4,0.0,0.0,0.0,0.0,0.0,0.0,0.0,0.0,5.0,4.5,5.0
1GgEpRZDWN0_1,1GgEpRZDWN0,2-5s,2.0,300.0,0.0,0.6,-0.6,harmful,1,4,remote,0,4,0.0,0.0,0.0,0.0,0.0,0.0,0.0,0.0,5.0,4.5,5.0
1GgEpRZDWN0_1,1GgEpRZDWN0,2-5s,2.0,300.0,0.0,0.6,-0.6,harmful,1,5,remote,0,4,0.0,0.0,0.0,0.0,0.0,0.0,0.0,0.0,5.0,4.5,5.0
1GgEpRZDWN0_1,1GgEpRZDWN0,2-5s,2.0,300.0,0.0,0.6,-0.6,harmful,1,6,remote,0,4,0.0,0.0,0.0,0.0,0.0,0.0,0.0,0.0,5.0,4.5,5.0
1GgEpRZDWN0_1,1GgEpRZDWN0,2-5s,2.0,300.0,0.0,0.6,-0.6,harmful,1,7,remote,0,4,0.0,0.0,0.0,0.0,0.0,0.0,0.0,0.0,5.0,4.5,5.0
1GgEpRZDWN0_1,1GgEpRZDWN0,2-5s,2.0,300.0,0.0,0.6,-0.6,harmful,1,8,remote,0,4,0.0,0.0,0.0,0.0,0.0,0.0,0.0,0.0,5.0,4.5,5.5
1GgEpRZDWN0_1,1GgEpRZDWN0,2-5s,2.0,300.0,0.0,0.6,-0.6,harmful,1,9,remote,0,4,0.0,0.0,0.0,0.0,0.0,0.0,0.0,0.0,5.0,4.5,5.0
1IoHRTUp86c_3,1IoHRTUp86c,2-5s,2.0,226.0,1.0,0.5,0.5,control,1,0,remote,0,2,1.0,1.0,1.0,0.0,0.0,0.0,0.0,0.0,9.5,9.5,9.5
1IoHRTUp86c_3,1IoHRTUp86c,2-5s,2.0,226.0,1.0,0.5,0.5,control,1,1,remote,0,2,1.0,1.0,1.0,0.0,0.0,0.0,0.0,0.0,9.5,9.5,9.5
1IoHRTUp86c_3,1IoHRTUp86c,2-5s,2.0,226.0,1.0,0.5,0.5,control,1,2,remote,0,2,1.0,1.0,1.0,0.0,0.0,0.0,0.0,0.0,9.5,9.5,9.5
1IoHRTUp86c_3,1IoHRTUp86c,2-5s,2.0,226.0,1.0,0.5,0.5,control,1,3,remote,0,2,1.0,1.0,1.0,0.0,0.0,0.0,0.0,0.0,9.5,9.5,9.5
1IoHRTUp86c_3,1IoHRTUp86c,2-5s,2.0,226.0,1.0,0.5,0.5,control,1,4,remote,0,2,1.0,1.0,1.0,0.0,0.0,0.0,0.0,0.0,9.5,9.5,9.5
1IoHRTUp86c_3,1IoHRTUp86c,2-5s,2.0,226.0,1.0,0.5,0.5,control,1,5,remote,0,2,1.0,1.0,1.0,0.0,0.0,0.0,0.0,0.0,9.5,9.5,9.5
1IoHRTUp86c_3,1IoHRTUp86c,2-5s,2.0,226.0,1.0,0.5,0.5,control,1,6,remote,0,2,1.0,1.0,1.0,0.0,0.0,0.0,0.0,0.0,9.5,9.5,9.5
1IoHRTUp86c_3,1IoHRTUp86c,2-5s,2.0,226.0,1.0,0.5,0.5,control,1,7,remote,0,2,1.0,1.0,1.0,0.0,0.0,0.0,0.0,0.0,9.5,9.5,9.5
1IoHRTUp86c_3,1IoHRTUp86c,2-5s,2.0,226.0,1.0,0.5,0.5,control,1,8,remote,0,2,1.0,1.0,1.0,0.0,0.0,0.0,0.0,0.0,9.5,9.5,9.5
1IoHRTUp86c_3,1IoHRTUp86c,2-5s,2.0,226.0,1.0,0.5,0.5,control,1,9,remote,0,2,1.0,1.0,1.0,0.0,0.0,0.0,0.0,0.0,9.5,9.5,9.5
1Og2TJ3bXW0_1,1Og2TJ3bXW0,2-5s,2.0,300.0,0.0,0.0,0.0,control,1,0,remote,0,35,0.0,0.0,0.0,0.0,0.0,0.0,0.0,0.0,4.5,4.0,4.5
1Og2TJ3bXW0_1,1Og2TJ3bXW0,2-5s,2.0,300.0,0.0,0.0,0.0,control,1,1,remote,0,35,0.0,0.0,0.0,0.0,0.0,0.0,0.0,0.0,4.5,4.0,4.5
1Og2TJ3bXW0_1,1Og2TJ3bXW0,2-5s,2.0,300.0,0.0,0.0,0.0,control,1,2,remote,0,35,0.0,0.0,0.0,0.0,0.0,0.0,0.0,0.0,4.5,4.0,4.5
1Og2TJ3bXW0_1,1Og2TJ3bXW0,2-5s,2.0,300.0,0.0,0.0,0.0,control,1,3,remote,0,35,0.0,0.0,0.0,0.0,0.0,0.0,0.0,0.0,4.5,4.0,4.5
1Og2TJ3bXW0_1,1Og2TJ3bXW0,2-5s,2.0,300.0,0.0,0.0,0.0,control,1,4,remote,0,35,0.0,0.0,0.0,0.0,0.0,0.0,0.0,0.0,4.5,4.0,4.5
1Og2TJ3bXW0_1,1Og2TJ3bXW0,2-5s,2.0,300.0,0.0,0.0,0.0,control,1,5,remote,0,35,0.0,0.0,0.0,0.0,0.0,0.0,0.0,0.0,4.5,4.0,4.5
1Og2TJ3bXW0_1,1Og2TJ3bXW0,2-5s,2.0,300.0,0.0,0.0,0.0,control,1,6,remote,0,35,0.0,0.0,0.0,0.0,0.0,0.0,0.0,0.0,4.5,4.0,4.5
1Og2TJ3bXW0_1,1Og2TJ3bXW0,2-5s,2.0,300.0,0.0,0.0,0.0,control,1,7,remote,0,35,0.0,0.0,0.0,0.0,0.0,0.0,0.0,0.0,4.5,4.0,4.5
1Og2TJ3bXW0_1,1Og2TJ3bXW0,2-5s,2.0,300.0,0.0,0.0,0.0,control,1,8,remote,0,35,0.0,0.0,0.0,0.0,0.0,0.0,0.0,0.0,4.5,4.0,4.5
1Og2TJ3bXW0_1,1Og2TJ3bXW0,2-5s,2.0,300.0,0.0,0.0,0.0,control,1,9,remote,0,35,0.0,0.0,0.0,0.0,0.0,0.0,0.0,0.0,4.5,4.0,4.5
1Og2TJ3bXW0_2,1Og2TJ3bXW0,2-5s,3.0,300.0,0.0,0.2,-0.2,harmful,1,0,remote,0,6,0.0,0.0,0.0,0.0,0.0,0.0,0.0,0.0,1.6666666666666667,3.0,1.6666666666666667
1Og2TJ3bXW0_2,1Og2TJ3bXW0,2-5s,3.0,300.0,0.0,0.2,-0.2,harmful,1,1,remote,0,6,0.0,0.0,0.0,0.0,0.0,0.0,0.0,0.0,1.6666666666666667,3.0,1.6666666666666667
1Og2TJ3bXW0_2,1Og2TJ3bXW0,2-5s,3.0,300.0,0.0,0.2,-0.2,harmful,1,2,remote,0,6,0.0,0.0,0.0,0.0,0.0,0.0,0.0,0.0,1.6666666666666667,3.0,1.6666666666666667
1Og2TJ3bXW0_2,1Og2TJ3bXW0,2-5s,3.0,300.0,0.0,0.2,-0.2,harmful,1,3,remote,0,6,0.0,0.0,0.0,0.0,0.0,0.0,0.0,0.0,1.6666666666666667,3.0,1.6666666666666667
1Og2TJ3bXW0_2,1Og2TJ3bXW0,2-5s,3.0,300.0,0.0,0.2,-0.2,harmful,1,4,remote,0,6,0.0,0.0,0.0,0.0,0.0,0.0,0.0,0.0,1.6666666666666667,3.0,1.6666666666666667
1Og2TJ3bXW0_2,1Og2TJ3bXW0,2-5s,3.0,300.0,0.0,0.2,-0.2,harmful,1,5,remote,0,6,0.0,0.0,0.0,0.0,0.0,0.0,0.0,0.0,1.6666666666666667,3.0,1.6666666666666667
1Og2TJ3bXW0_2,1Og2TJ3bXW0,2-5s,3.0,300.0,0.0,0.2,-0.2,harmful,1,6,remote,0,6,0.0,0.0,0.0,0.0,0.0,0.0,0.0,0.0,1.6666666666666667,3.0,1.6666666666666667
1Og2TJ3bXW0_2,1Og2TJ3bXW0,2-5s,3.0,300.0,0.0,0.2,-0.2,harmful,1,7,remote,0,6,0.0,0.0,0.0,0.0,0.0,0.0,0.0,0.0,1.6666666666666667,3.0,1.6666666666666667
1Og2TJ3bXW0_2,1Og2TJ3bXW0,2-5s,3.0,300.0,0.0,0.2,-0.2,harmful,1,8,remote,0,6,0.0,0.0,0.0,0.0,0.0,0.0,0.0,0.0,1.6666666666666667,3.0,1.6666666666666667
1Og2TJ3bXW0_2,1Og2TJ3bXW0,2-5s,3.0,300.0,0.0,0.2,-0.2,harmful,1,9,remote,0,6,0.0,0.0,0.0,0.0,0.0,0.0,0.0,0.0,1.6666666666666667,3.0,1.6666666666666667
1Og2TJ3bXW0_4,1Og2TJ3bXW0,2-5s,2.0,300.0,1.0,1.0,0.0,control,0,0,remote,0,23,1.0,1.0,1.0,0.0,0.0,0.0,0.0,0.0,3.5,4.0,3.5
1Og2TJ3bXW0_4,1Og2TJ3bXW0,2-5s,2.0,300.0,1.0,1.0,0.0,control,0,1,remote,0,23,1.0,1.0,1.0,0.0,0.0,0.0,0.0,0.0,3.5,4.0,3.5
1Og2TJ3bXW0_4,1Og2TJ3bXW0,2-5s,2.0,300.0,1.0,1.0,0.0,control,0,2,remote,0,23,1.0,1.0,1.0,0.0,0.0,0.0,0.0,0.0,3.5,4.0,3.5
1Og2TJ3bXW0_4,1Og2TJ3bXW0,2-5s,2.0,300.0,1.0,1.0,0.0,control,0,3,remote,0,23,1.0,1.0,1.0,0.0,0.0,0.0,0.0,0.0,3.5,4.0,3.5
1Og2TJ3bXW0_4,1Og2TJ3bXW0,2-5s,2.0,300.0,1.0,1.0,0.0,control,0,4,remote,0,23,1.0,1.0,1.0,0.0,0.0,0.0,0.0,0.0,3.5,4.0,3.5
1Og2TJ3bXW0_4,1Og2TJ3bXW0,2-5s,2.0,300.0,1.0,1.0,0.0,control,0,5,remote,0,23,1.0,1.0,1.0,0.0,0.0,0.0,0.0,0.0,3.5,4.0,3.5
1Og2TJ3bXW0_4,1Og2TJ3bXW0,2-5s,2.0,300.0,1.0,1.0,0.0,control,0,6,remote,0,23,1.0,1.0,1.0,0.0,0.0,0.0,0.0,0.0,3.5,4.0,3.5
1Og2TJ3bXW0_4,1Og2TJ3bXW0,2-5s,2.0,300.0,1.0,1.0,0.0,control,0,7,remote,0,23,1.0,1.0,1.0,0.0,0.0,0.0,0.0,0.0,3.5,4.0,3.5
1Og2TJ3bXW0_4,1Og2TJ3bXW0,2-5s,2.0,300.0,1.0,1.0,0.0,control,0,8,remote,0,23,1.0,1.0,1.0,0.0,0.0,0.0,0.0,0.0,3.5,4.0,3.5
1Og2TJ3bXW0_4,1Og2TJ3bXW0,2-5s,2.0,300.0,1.0,1.0,0.0,control,0,9,remote,0,23,1.0,1.0,1.0,0.0,0.0,0.0,0.0,0.0,3.5,4.0,3.5
1WTSW96XP6E_2,1WTSW96XP6E,2-5s,2.0,300.0,0.0,0.1,-0.1,harmful,1,0,remote,0,2,0.0,0.0,0.0,0.0,0.0,0.0,0.0,0.0,5.0,5.0,5.0
1WTSW96XP6E_2,1WTSW96XP6E,2-5s,2.0,300.0,0.0,0.1,-0.1,harmful,1,1,remote,0,2,0.0,0.0,0.0,0.0,0.0,0.0,0.0,0.0,5.0,5.0,5.0
1WTSW96XP6E_2,1WTSW96XP6E,2-5s,2.0,300.0,0.0,0.1,-0.1,harmful,1,2,remote,0,2,0.0,0.0,0.0,0.0,0.0,0.0,0.0,0.0,5.0,5.0,5.0
1WTSW96XP6E_2,1WTSW96XP6E,2-5s,2.0,300.0,0.0,0.1,-0.1,harmful,1,3,remote,0,2,0.0,0.0,0.0,0.0,0.0,0.0,0.0,0.0,5.0,5.0,5.0
1WTSW96XP6E_2,1WTSW96XP6E,2-5s,2.0,300.0,0.0,0.1,-0.1,harmful,1,4,remote,0,2,0.0,0.0,0.0,0.0,0.0,0.0,0.0,0.0,5.0,5.0,5.0
1WTSW96XP6E_2,1WTSW96XP6E,2-5s,2.0,300.0,0.0,0.1,-0.1,harmful,1,5,remote,0,2,0.0,0.0,0.0,0.0,0.0,0.0,0.0,0.0,5.0,5.0,5.0
1WTSW96XP6E_2,1WTSW96XP6E,2-5s,2.0,300.0,0.0,0.1,-0.1,harmful,1,6,remote,0,2,0.0,0.0,0.0,0.0,0.0,0.0,0.0,0.0,5.0,5.0,5.0
1WTSW96XP6E_2,1WTSW96XP6E,2-5s,2.0,300.0,0.0,0.1,-0.1,harmful,1,7,remote,0,2,0.0,0.0,0.0,0.0,0.0,0.0,0.0,0.0,5.0,5.0,5.0
1WTSW96XP6E_2,1WTSW96XP6E,2-5s,2.0,300.0,0.0,0.1,-0.1,harmful,1,8,remote,0,2,0.0,0.0,0.0,0.0,0.0,0.0,0.0,0.0,5.0,5.0,5.0
1WTSW96XP6E_2,1WTSW96XP6E,2-5s,2.0,300.0,0.0,0.1,-0.1,harmful,1,9,remote,0,2,0.0,0.0,0.0,0.0,0.0,0.0,0.0,0.0,5.0,5.0,5.0
1slvoNgzBLE_2,1slvoNgzBLE,2-5s,3.0,299.0,1.0,1.0,0.0,control,0,0,moderately_near,0,6,1.0,1.0,1.0,0.0,0.0,0.0,0.0,0.0,7.666666666666667,7.0,7.666666666666667
1slvoNgzBLE_2,1slvoNgzBLE,2-5s,3.0,299.0,1.0,1.0,0.0,control,0,1,moderately_near,0,6,1.0,1.0,1.0,0.0,0.0,0.0,0.0,0.0,7.666666666666667,7.0,7.666666666666667
1slvoNgzBLE_2,1slvoNgzBLE,2-5s,3.0,299.0,1.0,1.0,0.0,control,0,2,moderately_near,0,6,1.0,1.0,1.0,0.0,0.0,0.0,0.0,0.0,7.666666666666667,7.0,7.666666666666667
1slvoNgzBLE_2,1slvoNgzBLE,2-5s,3.0,299.0,1.0,1.0,0.0,control,0,3,moderately_near,0,6,1.0,1.0,1.0,0.0,0.0,0.0,0.0,0.0,7.666666666666667,7.0,7.666666666666667
1slvoNgzBLE_2,1slvoNgzBLE,2-5s,3.0,299.0,1.0,1.0,0.0,control,0,4,moderately_near,0,6,1.0,1.0,1.0,0.0,0.0,0.0,0.0,0.0,7.666666666666667,7.0,7.666666666666667
1slvoNgzBLE_2,1slvoNgzBLE,2-5s,3.0,299.0,1.0,1.0,0.0,control,0,5,moderately_near,0,6,1.0,1.0,1.0,0.0,0.0,0.0,0.0,0.0,7.666666666666667,7.0,7.333333333333333
1slvoNgzBLE_2,1slvoNgzBLE,2-5s,3.0,299.0,1.0,1.0,0.0,control,0,6,moderately_near,0,6,1.0,1.0,1.0,0.0,0.0,0.0,0.0,0.0,7.666666666666667,7.0,7.333333333333333
1slvoNgzBLE_2,1slvoNgzBLE,2-5s,3.0,299.0,1.0,1.0,0.0,control,0,7,moderately_near,0,6,1.0,1.0,1.0,0.0,0.0,0.0,0.0,0.0,7.666666666666667,7.0,7.666666666666667
1slvoNgzBLE_2,1slvoNgzBLE,2-5s,3.0,299.0,1.0,1.0,0.0,control,0,8,moderately_near,0,6,1.0,1.0,1.0,0.0,0.0,0.0,0.0,0.0,7.666666666666667,7.0,7.333333333333333
1slvoNgzBLE_2,1slvoNgzBLE,2-5s,3.0,299.0,1.0,1.0,0.0,control,0,9,moderately_near,0,6,1.0,1.0,1.0,0.0,0.0,0.0,0.0,0.0,7.666666666666667,7.0,7.333333333333333
1slvoNgzBLE_4,1slvoNgzBLE,2-5s,3.0,299.0,1.0,0.6,0.4,control,1,0,remote,0,2,0.0,0.0,0.0,0.0,0.0,0.0,0.0,0.0,4.666666666666667,3.3333333333333335,4.666666666666667
1slvoNgzBLE_4,1slvoNgzBLE,2-5s,3.0,299.0,1.0,0.6,0.4,control,1,1,remote,0,2,0.0,0.0,0.0,0.0,0.0,0.0,0.0,0.0,4.666666666666667,3.3333333333333335,4.333333333333333
1slvoNgzBLE_4,1slvoNgzBLE,2-5s,3.0,299.0,1.0,0.6,0.4,control,1,2,remote,0,2,0.0,0.0,0.0,0.0,0.0,0.0,0.0,0.0,4.666666666666667,3.3333333333333335,4.666666666666667
1slvoNgzBLE_4,1slvoNgzBLE,2-5s,3.0,299.0,1.0,0.6,0.4,control,1,3,remote,0,2,0.0,0.0,0.0,0.0,0.0,0.0,0.0,0.0,4.666666666666667,3.3333333333333335,4.666666666666667
1slvoNgzBLE_4,1slvoNgzBLE,2-5s,3.0,299.0,1.0,0.6,0.4,control,1,4,remote,0,2,0.0,0.0,0.0,0.0,0.0,0.0,0.0,0.0,4.666666666666667,3.3333333333333335,4.666666666666667
1slvoNgzBLE_4,1slvoNgzBLE,2-5s,3.0,299.0,1.0,0.6,0.4,control,1,5,remote,0,2,0.0,0.0,0.0,0.0,0.0,0.0,0.0,0.0,4.666666666666667,3.3333333333333335,3.6666666666666665
1slvoNgzBLE_4,1slvoNgzBLE,2-5s,3.0,299.0,1.0,0.6,0.4,control,1,6,remote,0,2,0.0,0.0,0.0,0.0,0.0,0.0,0.0,0.0,4.666666666666667,3.3333333333333335,4.666666666666667
1slvoNgzBLE_4,1slvoNgzBLE,2-5s,3.0,299.0,1.0,0.6,0.4,control,1,7,remote,0,2,0.0,0.0,0.0,0.0,0.0,0.0,0.0,0.0,4.666666666666667,3.3333333333333335,4.666666666666667
1slvoNgzBLE_4,1slvoNgzBLE,2-5s,3.0,299.0,1.0,0.6,0.4,control,1,8,remote,0,2,0.0,0.0,0.0,0.0,0.0,0.0,0.0,0.0,4.666666666666667,3.3333333333333335,4.666666666666667
1slvoNgzBLE_4,1slvoNgzBLE,2-5s,3.0,299.0,1.0,0.6,0.4,control,1,9,remote,0,2,0.0,0.0,0.0,0.0,0.0,0.0,0.0,0.0,4.666666666666667,3.3333333333333335,4.666666666666667
1vCYiVvZ7VE_1,1vCYiVvZ7VE,2-5s,3.0,296.0,1.0,0.5,0.5,control,1,0,remote,0,2,0.0,0.0,0.0,0.0,0.0,0.0,0.0,0.0,3.3333333333333335,3.6666666666666665,3.6666666666666665
1vCYiVvZ7VE_1,1vCYiVvZ7VE,2-5s,3.0,296.0,1.0,0.5,0.5,control,1,1,remote,0,2,0.0,0.0,0.0,0.0,0.0,0.0,0.0,0.0,3.3333333333333335,3.6666666666666665,3.3333333333333335
1vCYiVvZ7VE_1,1vCYiVvZ7VE,2-5s,3.0,296.0,1.0,0.5,0.5,control,1,2,remote,0,2,0.0,0.0,0.0,0.0,0.0,0.0,0.0,0.0,3.3333333333333335,3.6666666666666665,3.3333333333333335
1vCYiVvZ7VE_1,1vCYiVvZ7VE,2-5s,3.0,296.0,1.0,0.5,0.5,control,1,3,remote,0,2,0.0,0.0,0.0,0.0,0.0,0.0,0.0,0.0,3.3333333333333335,3.6666666666666665,3.3333333333333335
1vCYiVvZ7VE_1,1vCYiVvZ7VE,2-5s,3.0,296.0,1.0,0.5,0.5,control,1,4,remote,0,2,0.0,0.0,0.0,0.0,0.0,0.0,0.0,0.0,3.3333333333333335,3.6666666666666665,3.3333333333333335
1vCYiVvZ7VE_1,1vCYiVvZ7VE,2-5s,3.0,296.0,1.0,0.5,0.5,control,1,5,remote,0,2,0.0,0.0,0.0,0.0,0.0,0.0,0.0,0.0,3.3333333333333335,3.6666666666666665,3.3333333333333335
1vCYiVvZ7VE_1,1vCYiVvZ7VE,2-5s,3.0,296.0,1.0,0.5,0.5,control,1,6,remote,0,2,0.0,0.0,0.0,0.0,0.0,0.0,0.0,0.0,3.3333333333333335,3.6666666666666665,3.3333333333333335
1vCYiVvZ7VE_1,1vCYiVvZ7VE,2-5s,3.0,296.0,1.0,0.5,0.5,control,1,7,remote,0,2,0.0,0.0,0.0,0.0,0.0,0.0,0.0,0.0,3.3333333333333335,3.6666666666666665,3.3333333333333335
1vCYiVvZ7VE_1,1vCYiVvZ7VE,2-5s,3.0,296.0,1.0,0.5,0.5,control,1,8,remote,0,2,0.0,0.0,0.0,0.0,0.0,0.0,0.0,0.0,3.3333333333333335,3.6666666666666665,3.3333333333333335
1vCYiVvZ7VE_1,1vCYiVvZ7VE,2-5s,3.0,296.0,1.0,0.5,0.5,control,1,9,remote,0,2,0.0,0.0,0.0,0.0,0.0,0.0,0.0,0.0,3.3333333333333335,3.6666666666666665,3.6666666666666665
1vCYiVvZ7VE_2,1vCYiVvZ7VE,2-5s,2.0,296.0,1.0,0.7,0.30000000000000004,control,0,0,remote,0,1,1.0,1.0,1.0,0.0,0.0,0.0,0.0,0.0,4.0,4.0,4.0
1vCYiVvZ7VE_2,1vCYiVvZ7VE,2-5s,2.0,296.0,1.0,0.7,0.30000000000000004,control,0,1,remote,0,1,1.0,1.0,1.0,0.0,0.0,0.0,0.0,0.0,4.0,4.0,4.0
1vCYiVvZ7VE_2,1vCYiVvZ7VE,2-5s,2.0,296.0,1.0,0.7,0.30000000000000004,control,0,2,remote,0,1,1.0,1.0,1.0,0.0,0.0,0.0,0.0,0.0,4.0,4.0,4.0
1vCYiVvZ7VE_2,1vCYiVvZ7VE,2-5s,2.0,296.0,1.0,0.7,0.30000000000000004,control,0,3,remote,0,1,1.0,1.0,1.0,0.0,0.0,0.0,0.0,0.0,4.0,4.0,4.0
1vCYiVvZ7VE_2,1vCYiVvZ7VE,2-5s,2.0,296.0,1.0,0.7,0.30000000000000004,control,0,4,remote,0,1,1.0,1.0,1.0,0.0,0.0,0.0,0.0,0.0,4.0,4.0,4.0
1vCYiVvZ7VE_2,1vCYiVvZ7VE,2-5s,2.0,296.0,1.0,0.7,0.30000000000000004,control,0,5,remote,0,1,1.0,1.0,1.0,0.0,0.0,0.0,0.0,0.0,4.0,4.0,4.0
1vCYiVvZ7VE_2,1vCYiVvZ7VE,2-5s,2.0,296.0,1.0,0.7,0.30000000000000004,control,0,6,remote,0,1,1.0,1.0,1.0,0.0,0.0,0.0,0.0,0.0,4.0,4.0,4.0
1vCYiVvZ7VE_2,1vCYiVvZ7VE,2-5s,2.0,296.0,1.0,0.7,0.30000000000000004,control,0,7,remote,0,1,1.0,1.0,1.0,0.0,0.0,0.0,0.0,0.0,4.0,4.0,4.0
1vCYiVvZ7VE_2,1vCYiVvZ7VE,2-5s,2.0,296.0,1.0,0.7,0.30000000000000004,control,0,8,remote,0,1,1.0,1.0,1.0,0.0,0.0,0.0,0.0,0.0,4.0,4.0,4.0
1vCYiVvZ7VE_2,1vCYiVvZ7VE,2-5s,2.0,296.0,1.0,0.7,0.30000000000000004,control,0,9,remote,0,1,1.0,1.0,1.0,0.0,0.0,0.0,0.0,0.0,4.0,4.0,4.0
27HIamF8pKo_1,27HIamF8pKo,2-5s,3.0,140.0,1.0,1.0,0.0,control,0,0,remote,0,16,1.0,1.0,1.0,0.0,1.0,1.0,1.0,0.0,1.3333333333333333,2.0,1.3333333333333333
27HIamF8pKo_1,27HIamF8pKo,2-5s,3.0,140.0,1.0,1.0,0.0,control,0,1,remote,0,16,1.0,1.0,1.0,0.0,1.0,1.0,1.0,0.0,1.3333333333333333,2.0,1.3333333333333333
27HIamF8pKo_1,27HIamF8pKo,2-5s,3.0,140.0,1.0,1.0,0.0,control,0,2,remote,0,16,1.0,1.0,1.0,0.0,1.0,1.0,1.0,0.0,1.3333333333333333,2.0,1.3333333333333333
27HIamF8pKo_1,27HIamF8pKo,2-5s,3.0,140.0,1.0,1.0,0.0,control,0,3,remote,0,16,1.0,1.0,1.0,0.0,1.0,1.0,1.0,0.0,1.3333333333333333,2.0,1.3333333333333333
27HIamF8pKo_1,27HIamF8pKo,2-5s,3.0,140.0,1.0,1.0,0.0,control,0,4,remote,0,16,1.0,1.0,1.0,0.0,1.0,1.0,1.0,0.0,1.3333333333333333,2.0,1.3333333333333333
27HIamF8pKo_1,27HIamF8pKo,2-5s,3.0,140.0,1.0,1.0,0.0,control,0,5,remote,0,16,1.0,1.0,1.0,0.0,1.0,1.0,1.0,0.0,1.3333333333333333,2.0,1.3333333333333333
27HIamF8pKo_1,27HIamF8pKo,2-5s,3.0,140.0,1.0,1.0,0.0,control,0,6,remote,0,16,1.0,1.0,1.0,0.0,1.0,1.0,1.0,0.0,1.3333333333333333,2.0,1.3333333333333333
27HIamF8pKo_1,27HIamF8pKo,2-5s,3.0,140.0,1.0,1.0,0.0,control,0,7,remote,0,16,1.0,1.0,1.0,0.0,1.0,1.0,1.0,0.0,1.3333333333333333,2.0,1.3333333333333333
27HIamF8pKo_1,27HIamF8pKo,2-5s,3.0,140.0,1.0,1.0,0.0,control,0,8,remote,0,16,1.0,1.0,1.0,0.0,1.0,1.0,1.0,0.0,1.3333333333333333,2.0,1.3333333333333333
27HIamF8pKo_1,27HIamF8pKo,2-5s,3.0,140.0,1.0,1.0,0.0,control,0,9,remote,0,16,1.0,1.0,1.0,0.0,1.0,1.0,1.0,0.0,1.3333333333333333,2.0,1.3333333333333333
27HIamF8pKo_3,27HIamF8pKo,0-2s,1.0,140.0,0.0,0.7,-0.7,harmful,0,0,remote,0,15,1.0,1.0,1.0,0.0,0.0,0.0,0.0,0.0,13.0,17.0,12.0
27HIamF8pKo_3,27HIamF8pKo,0-2s,1.0,140.0,0.0,0.7,-0.7,harmful,0,1,remote,0,15,1.0,1.0,1.0,0.0,0.0,0.0,0.0,0.0,13.0,17.0,12.0
27HIamF8pKo_3,27HIamF8pKo,0-2s,1.0,140.0,0.0,0.7,-0.7,harmful,0,2,remote,0,15,1.0,1.0,1.0,0.0,0.0,0.0,0.0,0.0,13.0,17.0,13.0
27HIamF8pKo_3,27HIamF8pKo,0-2s,1.0,140.0,0.0,0.7,-0.7,harmful,0,3,remote,0,15,1.0,1.0,1.0,0.0,0.0,0.0,0.0,0.0,13.0,17.0,13.0
27HIamF8pKo_3,27HIamF8pKo,0-2s,1.0,140.0,0.0,0.7,-0.7,harmful,0,4,remote,0,15,1.0,1.0,1.0,0.0,0.0,0.0,0.0,0.0,13.0,17.0,13.0
27HIamF8pKo_3,27HIamF8pKo,0-2s,1.0,140.0,0.0,0.7,-0.7,harmful,0,5,remote,0,15,1.0,1.0,1.0,0.0,0.0,0.0,0.0,0.0,13.0,17.0,13.0
27HIamF8pKo_3,27HIamF8pKo,0-2s,1.0,140.0,0.0,0.7,-0.7,harmful,0,6,remote,0,15,1.0,1.0,1.0,0.0,0.0,0.0,0.0,0.0,13.0,17.0,13.0
27HIamF8pKo_3,27HIamF8pKo,0-2s,1.0,140.0,0.0,0.7,-0.7,harmful,0,7,remote,0,15,1.0,1.0,1.0,0.0,0.0,0.0,0.0,0.0,13.0,17.0,12.0
27HIamF8pKo_3,27HIamF8pKo,0-2s,1.0,140.0,0.0,0.7,-0.7,harmful,0,8,remote,0,15,1.0,1.0,1.0,0.0,0.0,0.0,0.0,0.0,13.0,17.0,13.0
27HIamF8pKo_3,27HIamF8pKo,0-2s,1.0,140.0,0.0,0.7,-0.7,harmful,0,9,remote,0,15,1.0,1.0,1.0,0.0,0.0,0.0,0.0,0.0,13.0,17.0,13.0
2JutOgAnqWA_2,2JutOgAnqWA,2-5s,4.0,214.0,0.0,0.0,0.0,control,1,0,remote,0,21,0.0,0.0,0.0,0.0,0.0,0.0,0.0,0.0,5.0,3.5,5.25
2JutOgAnqWA_2,2JutOgAnqWA,2-5s,4.0,214.0,0.0,0.0,0.0,control,1,1,remote,0,21,0.0,0.0,0.0,0.0,0.0,0.0,0.0,0.0,5.0,3.5,5.0
2JutOgAnqWA_2,2JutOgAnqWA,2-5s,4.0,214.0,0.0,0.0,0.0,control,1,2,remote,0,21,0.0,0.0,0.0,0.0,0.0,0.0,0.0,0.0,5.0,3.5,5.25
2JutOgAnqWA_2,2JutOgAnqWA,2-5s,4.0,214.0,0.0,0.0,0.0,control,1,3,remote,0,21,0.0,0.0,0.0,0.0,0.0,0.0,0.0,0.0,5.0,3.5,5.0
2JutOgAnqWA_2,2JutOgAnqWA,2-5s,4.0,214.0,0.0,0.0,0.0,control,1,4,remote,0,21,0.0,0.0,0.0,0.0,0.0,0.0,0.0,0.0,5.0,3.5,5.25
2JutOgAnqWA_2,2JutOgAnqWA,2-5s,4.0,214.0,0.0,0.0,0.0,control,1,5,remote,0,21,0.0,0.0,0.0,0.0,0.0,0.0,0.0,0.0,5.0,3.5,5.25
2JutOgAnqWA_2,2JutOgAnqWA,2-5s,4.0,214.0,0.0,0.0,0.0,control,1,6,remote,0,21,0.0,0.0,0.0,0.0,0.0,0.0,0.0,0.0,5.0,3.5,5.0
2JutOgAnqWA_2,2JutOgAnqWA,2-5s,4.0,214.0,0.0,0.0,0.0,control,1,7,remote,0,21,0.0,0.0,0.0,0.0,0.0,0.0,0.0,0.0,5.0,3.5,5.25
2JutOgAnqWA_2,2JutOgAnqWA,2-5s,4.0,214.0,0.0,0.0,0.0,control,1,8,remote,0,21,0.0,0.0,0.0,0.0,0.0,0.0,0.0,0.0,5.0,3.5,5.0
2JutOgAnqWA_2,2JutOgAnqWA,2-5s,4.0,214.0,0.0,0.0,0.0,control,1,9,remote,0,21,0.0,0.0,0.0,0.0,0.0,0.0,0.0,0.0,5.0,3.5,5.25
2KEfkDO6hlA_1,2KEfkDO6hlA,2-5s,3.0,233.0,1.0,0.5,0.5,control,1,0,moderately_near,1,6,0.0,0.0,0.0,0.0,0.0,0.0,0.0,0.0,2.3333333333333335,2.3333333333333335,2.0
2KEfkDO6hlA_1,2KEfkDO6hlA,2-5s,3.0,233.0,1.0,0.5,0.5,control,1,1,moderately_near,1,6,0.0,0.0,0.0,0.0,0.0,0.0,0.0,0.0,2.3333333333333335,2.3333333333333335,2.0
2KEfkDO6hlA_1,2KEfkDO6hlA,2-5s,3.0,233.0,1.0,0.5,0.5,control,1,2,moderately_near,1,6,0.0,0.0,0.0,0.0,0.0,0.0,0.0,0.0,2.3333333333333335,2.3333333333333335,2.0
2KEfkDO6hlA_1,2KEfkDO6hlA,2-5s,3.0,233.0,1.0,0.5,0.5,control,1,3,moderately_near,1,6,0.0,0.0,0.0,0.0,0.0,0.0,0.0,0.0,2.3333333333333335,2.3333333333333335,2.0
2KEfkDO6hlA_1,2KEfkDO6hlA,2-5s,3.0,233.0,1.0,0.5,0.5,control,1,4,moderately_near,1,6,0.0,0.0,0.0,0.0,0.0,0.0,0.0,0.0,2.3333333333333335,2.3333333333333335,2.0
2KEfkDO6hlA_1,2KEfkDO6hlA,2-5s,3.0,233.0,1.0,0.5,0.5,control,1,5,moderately_near,1,6,0.0,0.0,0.0,0.0,0.0,0.0,0.0,0.0,2.3333333333333335,2.3333333333333335,2.0
2KEfkDO6hlA_1,2KEfkDO6hlA,2-5s,3.0,233.0,1.0,0.5,0.5,control,1,6,moderately_near,1,6,0.0,0.0,0.0,0.0,0.0,0.0,0.0,0.0,2.3333333333333335,2.3333333333333335,2.0
2KEfkDO6hlA_1,2KEfkDO6hlA,2-5s,3.0,233.0,1.0,0.5,0.5,control,1,7,moderately_near,1,6,0.0,0.0,0.0,0.0,0.0,0.0,0.0,0.0,2.3333333333333335,2.3333333333333335,2.0
2KEfkDO6hlA_1,2KEfkDO6hlA,2-5s,3.0,233.0,1.0,0.5,0.5,control,1,8,moderately_near,1,6,0.0,0.0,0.0,0.0,0.0,0.0,0.0,0.0,2.3333333333333335,2.3333333333333335,2.0
2KEfkDO6hlA_1,2KEfkDO6hlA,2-5s,3.0,233.0,1.0,0.5,0.5,control,1,9,moderately_near,1,6,0.0,0.0,0.0,0.0,0.0,0.0,0.0,0.0,2.3333333333333335,2.3333333333333335,2.0
2KR0C5ysO8o_1,2KR0C5ysO8o,2-5s,4.0,137.0,1.0,1.0,0.0,control,0,0,moderately_near,0,6,1.0,1.0,1.0,0.0,0.0,0.0,0.0,0.0,1.5,1.5,1.75
2KR0C5ysO8o_1,2KR0C5ysO8o,2-5s,4.0,137.0,1.0,1.0,0.0,control,0,1,moderately_near,0,6,1.0,1.0,1.0,0.0,0.0,0.0,0.0,0.0,1.5,1.5,1.75
2KR0C5ysO8o_1,2KR0C5ysO8o,2-5s,4.0,137.0,1.0,1.0,0.0,control,0,2,moderately_near,0,6,1.0,1.0,1.0,0.0,0.0,0.0,0.0,0.0,1.5,1.5,1.75
2KR0C5ysO8o_1,2KR0C5ysO8o,2-5s,4.0,137.0,1.0,1.0,0.0,control,0,3,moderately_near,0,6,1.0,1.0,1.0,0.0,0.0,0.0,0.0,0.0,1.5,1.5,1.5
2KR0C5ysO8o_1,2KR0C5ysO8o,2-5s,4.0,137.0,1.0,1.0,0.0,control,0,4,moderately_near,0,6,1.0,1.0,1.0,0.0,0.0,0.0,0.0,0.0,1.5,1.5,1.75
2KR0C5ysO8o_1,2KR0C5ysO8o,2-5s,4.0,137.0,1.0,1.0,0.0,control,0,5,moderately_near,0,6,1.0,1.0,1.0,0.0,0.0,0.0,0.0,0.0,1.5,1.5,1.5
2KR0C5ysO8o_1,2KR0C5ysO8o,2-5s,4.0,137.0,1.0,1.0,0.0,control,0,6,moderately_near,0,6,1.0,1.0,1.0,0.0,0.0,0.0,0.0,0.0,1.5,1.5,1.5
2KR0C5ysO8o_1,2KR0C5ysO8o,2-5s,4.0,137.0,1.0,1.0,0.0,control,0,7,moderately_near,0,6,1.0,1.0,1.0,0.0,0.0,0.0,0.0,0.0,1.5,1.5,1.5
2KR0C5ysO8o_1,2KR0C5ysO8o,2-5s,4.0,137.0,1.0,1.0,0.0,control,0,8,moderately_near,0,6,1.0,1.0,1.0,0.0,0.0,0.0,0.0,0.0,1.5,1.5,1.5
2KR0C5ysO8o_1,2KR0C5ysO8o,2-5s,4.0,137.0,1.0,1.0,0.0,control,0,9,moderately_near,0,6,1.0,1.0,1.0,0.0,0.0,0.0,0.0,0.0,1.5,1.5,1.5
2KR0C5ysO8o_2,2KR0C5ysO8o,2-5s,2.0,137.0,1.0,0.8,0.19999999999999996,control,0,0,remote,0,14,1.0,1.0,1.0,0.0,0.0,0.0,0.0,0.0,2.5,2.5,2.5
2KR0C5ysO8o_2,2KR0C5ysO8o,2-5s,2.0,137.0,1.0,0.8,0.19999999999999996,control,0,1,remote,0,14,1.0,1.0,1.0,0.0,0.0,0.0,0.0,0.0,2.5,2.5,3.5
2KR0C5ysO8o_2,2KR0C5ysO8o,2-5s,2.0,137.0,1.0,0.8,0.19999999999999996,control,0,2,remote,0,14,1.0,1.0,1.0,0.0,0.0,0.0,0.0,0.0,2.5,2.5,2.5
2KR0C5ysO8o_2,2KR0C5ysO8o,2-5s,2.0,137.0,1.0,0.8,0.19999999999999996,control,0,3,remote,0,14,1.0,1.0,1.0,0.0,0.0,0.0,0.0,0.0,2.5,2.5,3.0
2KR0C5ysO8o_2,2KR0C5ysO8o,2-5s,2.0,137.0,1.0,0.8,0.19999999999999996,control,0,4,remote,0,14,1.0,1.0,1.0,0.0,0.0,0.0,0.0,0.0,2.5,2.5,2.5
2KR0C5ysO8o_2,2KR0C5ysO8o,2-5s,2.0,137.0,1.0,0.8,0.19999999999999996,control,0,5,remote,0,14,1.0,1.0,1.0,0.0,0.0,0.0,0.0,0.0,2.5,2.5,2.5
2KR0C5ysO8o_2,2KR0C5ysO8o,2-5s,2.0,137.0,1.0,0.8,0.19999999999999996,control,0,6,remote,0,14,1.0,1.0,1.0,0.0,0.0,0.0,0.0,0.0,2.5,2.5,2.0
2KR0C5ysO8o_2,2KR0C5ysO8o,2-5s,2.0,137.0,1.0,0.8,0.19999999999999996,control,0,7,remote,0,14,1.0,1.0,1.0,0.0,0.0,0.0,0.0,0.0,2.5,2.5,3.0
2KR0C5ysO8o_2,2KR0C5ysO8o,2-5s,2.0,137.0,1.0,0.8,0.19999999999999996,control,0,8,remote,0,14,1.0,1.0,1.0,0.0,0.0,0.0,0.0,0.0,2.5,2.5,3.0
2KR0C5ysO8o_2,2KR0C5ysO8o,2-5s,2.0,137.0,1.0,0.8,0.19999999999999996,control,0,9,remote,0,14,1.0,1.0,1.0,0.0,0.0,0.0,0.0,0.0,2.5,2.5,2.5
2RjqBRzmxaM_3,2RjqBRzmxaM,2-5s,2.0,122.0,1.0,0.8,0.19999999999999996,control,1,0,remote,0,16,0.0,1.0,0.0,100.0,0.0,0.0,0.0,0.0,2.5,2.5,3.0
2RjqBRzmxaM_3,2RjqBRzmxaM,2-5s,2.0,122.0,1.0,0.8,0.19999999999999996,control,1,1,remote,0,16,0.0,1.0,0.0,100.0,0.0,0.0,0.0,0.0,2.5,2.5,2.5
2RjqBRzmxaM_3,2RjqBRzmxaM,2-5s,2.0,122.0,1.0,0.8,0.19999999999999996,control,1,2,remote,0,16,0.0,1.0,0.0,100.0,0.0,0.0,0.0,0.0,2.5,2.5,3.0
2RjqBRzmxaM_3,2RjqBRzmxaM,2-5s,2.0,122.0,1.0,0.8,0.19999999999999996,control,1,3,remote,0,16,0.0,1.0,0.0,100.0,0.0,0.0,0.0,0.0,2.5,2.5,3.5
2RjqBRzmxaM_3,2RjqBRzmxaM,2-5s,2.0,122.0,1.0,0.8,0.19999999999999996,control,1,4,remote,0,16,0.0,1.0,0.0,100.0,0.0,0.0,0.0,0.0,2.5,2.5,2.5
2RjqBRzmxaM_3,2RjqBRzmxaM,2-5s,2.0,122.0,1.0,0.8,0.19999999999999996,control,1,5,remote,0,16,0.0,1.0,0.0,100.0,0.0,0.0,0.0,0.0,2.5,2.5,3.0
2RjqBRzmxaM_3,2RjqBRzmxaM,2-5s,2.0,122.0,1.0,0.8,0.19999999999999996,control,1,6,remote,0,16,0.0,1.0,0.0,100.0,0.0,0.0,0.0,0.0,2.5,2.5,3.0
2RjqBRzmxaM_3,2RjqBRzmxaM,2-5s,2.0,122.0,1.0,0.8,0.19999999999999996,control,1,7,remote,0,16,0.0,1.0,0.0,100.0,0.0,0.0,0.0,0.0,2.5,2.5,3.5
2RjqBRzmxaM_3,2RjqBRzmxaM,2-5s,2.0,122.0,1.0,0.8,0.19999999999999996,control,1,8,remote,0,16,0.0,1.0,0.0,100.0,0.0,0.0,0.0,0.0,2.5,2.5,3.0
2RjqBRzmxaM_3,2RjqBRzmxaM,2-5s,2.0,122.0,1.0,0.8,0.19999999999999996,control,1,9,remote,0,16,0.0,1.0,0.0,100.0,0.0,0.0,0.0,0.0,2.5,2.5,3.0
2RjqBRzmxaM_4,2RjqBRzmxaM,2-5s,4.0,122.0,1.0,0.9,0.09999999999999998,control,0,0,remote,0,5,1.0,1.0,1.0,0.0,1.0,0.0,1.0,-100.0,1.25,1.0,1.25
2RjqBRzmxaM_4,2RjqBRzmxaM,2-5s,4.0,122.0,1.0,0.9,0.09999999999999998,control,0,1,remote,0,5,1.0,1.0,1.0,0.0,1.0,0.0,1.0,-100.0,1.25,1.0,1.25
2RjqBRzmxaM_4,2RjqBRzmxaM,2-5s,4.0,122.0,1.0,0.9,0.09999999999999998,control,0,2,remote,0,5,1.0,1.0,1.0,0.0,1.0,0.0,1.0,-100.0,1.25,1.0,1.25
2RjqBRzmxaM_4,2RjqBRzmxaM,2-5s,4.0,122.0,1.0,0.9,0.09999999999999998,control,0,3,remote,0,5,1.0,1.0,1.0,0.0,1.0,0.0,1.0,-100.0,1.25,1.0,1.25
2RjqBRzmxaM_4,2RjqBRzmxaM,2-5s,4.0,122.0,1.0,0.9,0.09999999999999998,control,0,4,remote,0,5,1.0,1.0,1.0,0.0,1.0,0.0,1.0,-100.0,1.25,1.0,1.25
2RjqBRzmxaM_4,2RjqBRzmxaM,2-5s,4.0,122.0,1.0,0.9,0.09999999999999998,control,0,5,remote,0,5,1.0,1.0,1.0,0.0,1.0,0.0,1.0,-100.0,1.25,1.0,1.25
2RjqBRzmxaM_4,2RjqBRzmxaM,2-5s,4.0,122.0,1.0,0.9,0.09999999999999998,control,0,6,remote,0,5,1.0,1.0,1.0,0.0,1.0,0.0,1.0,-100.0,1.25,1.0,1.25
2RjqBRzmxaM_4,2RjqBRzmxaM,2-5s,4.0,122.0,1.0,0.9,0.09999999999999998,control,0,7,remote,0,5,1.0,1.0,1.0,0.0,1.0,0.0,1.0,-100.0,1.25,1.0,1.25
2RjqBRzmxaM_4,2RjqBRzmxaM,2-5s,4.0,122.0,1.0,0.9,0.09999999999999998,control,0,8,remote,0,5,1.0,1.0,1.0,0.0,1.0,0.0,1.0,-100.0,1.25,1.0,1.25
2RjqBRzmxaM_4,2RjqBRzmxaM,2-5s,4.0,122.0,1.0,0.9,0.09999999999999998,control,0,9,remote,0,5,1.0,1.0,1.0,0.0,1.0,0.0,1.0,-100.0,1.25,1.0,1.25
2RjqBRzmxaM_5,2RjqBRzmxaM,2-5s,2.0,122.0,1.0,1.0,0.0,control,0,0,remote,0,25,1.0,1.0,1.0,0.0,0.0,0.0,0.0,0.0,12.5,8.5,14.0
2RjqBRzmxaM_5,2RjqBRzmxaM,2-5s,2.0,122.0,1.0,1.0,0.0,control,0,1,remote,0,25,1.0,1.0,1.0,0.0,0.0,0.0,0.0,0.0,12.5,8.5,13.0
2RjqBRzmxaM_5,2RjqBRzmxaM,2-5s,2.0,122.0,1.0,1.0,0.0,control,0,2,remote,0,25,1.0,1.0,1.0,0.0,0.0,0.0,0.0,0.0,12.5,8.5,13.0
2RjqBRzmxaM_5,2RjqBRzmxaM,2-5s,2.0,122.0,1.0,1.0,0.0,control,0,3,remote,0,25,1.0,1.0,0.0,100.0,0.0,0.0,0.0,0.0,12.5,8.5,13.0
2RjqBRzmxaM_5,2RjqBRzmxaM,2-5s,2.0,122.0,1.0,1.0,0.0,control,0,4,remote,0,25,1.0,1.0,0.0,100.0,0.0,0.0,0.0,0.0,12.5,8.5,12.5
2RjqBRzmxaM_5,2RjqBRzmxaM,2-5s,2.0,122.0,1.0,1.0,0.0,control,0,5,remote,0,25,1.0,1.0,1.0,0.0,0.0,0.0,0.0,0.0,12.5,8.5,13.0
2RjqBRzmxaM_5,2RjqBRzmxaM,2-5s,2.0,122.0,1.0,1.0,0.0,control,0,6,remote,0,25,1.0,1.0,1.0,0.0,0.0,0.0,0.0,0.0,12.5,8.5,13.0
2RjqBRzmxaM_5,2RjqBRzmxaM,2-5s,2.0,122.0,1.0,1.0,0.0,control,0,7,remote,0,25,1.0,1.0,1.0,0.0,0.0,0.0,0.0,0.0,12.5,8.5,12.0
2RjqBRzmxaM_5,2RjqBRzmxaM,2-5s,2.0,122.0,1.0,1.0,0.0,control,0,8,remote,0,25,1.0,1.0,1.0,0.0,0.0,0.0,0.0,0.0,12.5,8.5,13.5
2RjqBRzmxaM_5,2RjqBRzmxaM,2-5s,2.0,122.0,1.0,1.0,0.0,control,0,9,remote,0,25,1.0,1.0,1.0,0.0,0.0,0.0,0.0,0.0,12.5,8.5,12.5
2a6GNu6uCDE_3,2a6GNu6uCDE,2-5s,3.0,299.0,1.0,0.9,0.09999999999999998,control,0,0,remote,0,5,1.0,1.0,1.0,0.0,0.0,0.0,0.0,0.0,3.3333333333333335,3.3333333333333335,3.3333333333333335
2a6GNu6uCDE_3,2a6GNu6uCDE,2-5s,3.0,299.0,1.0,0.9,0.09999999999999998,control,0,1,remote,0,5,1.0,1.0,1.0,0.0,0.0,0.0,0.0,0.0,3.3333333333333335,3.3333333333333335,3.3333333333333335
2a6GNu6uCDE_3,2a6GNu6uCDE,2-5s,3.0,299.0,1.0,0.9,0.09999999999999998,control,0,2,remote,0,5,1.0,1.0,1.0,0.0,0.0,0.0,0.0,0.0,3.3333333333333335,3.3333333333333335,3.3333333333333335
2a6GNu6uCDE_3,2a6GNu6uCDE,2-5s,3.0,299.0,1.0,0.9,0.09999999999999998,control,0,3,remote,0,5,1.0,1.0,1.0,0.0,0.0,0.0,0.0,0.0,3.3333333333333335,3.3333333333333335,3.3333333333333335
2a6GNu6uCDE_3,2a6GNu6uCDE,2-5s,3.0,299.0,1.0,0.9,0.09999999999999998,control,0,4,remote,0,5,1.0,1.0,1.0,0.0,0.0,0.0,0.0,0.0,3.3333333333333335,3.3333333333333335,3.3333333333333335
2a6GNu6uCDE_3,2a6GNu6uCDE,2-5s,3.0,299.0,1.0,0.9,0.09999999999999998,control,0,5,remote,0,5,1.0,1.0,1.0,0.0,0.0,0.0,0.0,0.0,3.3333333333333335,3.3333333333333335,3.3333333333333335
2a6GNu6uCDE_3,2a6GNu6uCDE,2-5s,3.0,299.0,1.0,0.9,0.09999999999999998,control,0,6,remote,0,5,1.0,1.0,1.0,0.0,0.0,0.0,0.0,0.0,3.3333333333333335,3.3333333333333335,3.3333333333333335
2a6GNu6uCDE_3,2a6GNu6uCDE,2-5s,3.0,299.0,1.0,0.9,0.09999999999999998,control,0,7,remote,0,5,1.0,1.0,1.0,0.0,0.0,0.0,0.0,0.0,3.3333333333333335,3.3333333333333335,3.3333333333333335
2a6GNu6uCDE_3,2a6GNu6uCDE,2-5s,3.0,299.0,1.0,0.9,0.09999999999999998,control,0,8,remote,0,5,1.0,1.0,1.0,0.0,0.0,0.0,0.0,0.0,3.3333333333333335,3.3333333333333335,3.0
2a6GNu6uCDE_3,2a6GNu6uCDE,2-5s,3.0,299.0,1.0,0.9,0.09999999999999998,control,0,9,remote,0,5,1.0,1.0,1.0,0.0,0.0,0.0,0.0,0.0,3.3333333333333335,3.3333333333333335,3.3333333333333335
3RultJjvTWI_2,3RultJjvTWI,0-2s,1.0,299.0,0.0,0.1,-0.1,harmful,1,0,remote,0,10,0.0,0.0,0.0,0.0,0.0,0.0,0.0,0.0,10.0,12.0,10.0
3RultJjvTWI_2,3RultJjvTWI,0-2s,1.0,299.0,0.0,0.1,-0.1,harmful,1,1,remote,0,10,0.0,0.0,0.0,0.0,0.0,0.0,0.0,0.0,10.0,12.0,10.0
3RultJjvTWI_2,3RultJjvTWI,0-2s,1.0,299.0,0.0,0.1,-0.1,harmful,1,2,remote,0,10,0.0,0.0,0.0,0.0,0.0,0.0,0.0,0.0,10.0,12.0,10.0
3RultJjvTWI_2,3RultJjvTWI,0-2s,1.0,299.0,0.0,0.1,-0.1,harmful,1,3,remote,0,10,0.0,0.0,0.0,0.0,0.0,0.0,0.0,0.0,10.0,12.0,9.0
3RultJjvTWI_2,3RultJjvTWI,0-2s,1.0,299.0,0.0,0.1,-0.1,harmful,1,4,remote,0,10,0.0,0.0,0.0,0.0,0.0,0.0,0.0,0.0,10.0,12.0,10.0
3RultJjvTWI_2,3RultJjvTWI,0-2s,1.0,299.0,0.0,0.1,-0.1,harmful,1,5,remote,0,10,0.0,0.0,0.0,0.0,0.0,0.0,0.0,0.0,10.0,12.0,9.0
3RultJjvTWI_2,3RultJjvTWI,0-2s,1.0,299.0,0.0,0.1,-0.1,harmful,1,6,remote,0,10,0.0,0.0,0.0,0.0,0.0,0.0,0.0,0.0,10.0,12.0,10.0
3RultJjvTWI_2,3RultJjvTWI,0-2s,1.0,299.0,0.0,0.1,-0.1,harmful,1,7,remote,0,10,0.0,0.0,0.0,0.0,0.0,0.0,0.0,0.0,10.0,12.0,10.0
3RultJjvTWI_2,3RultJjvTWI,0-2s,1.0,299.0,0.0,0.1,-0.1,harmful,1,8,remote,0,10,0.0,0.0,0.0,0.0,0.0,0.0,0.0,0.0,10.0,12.0,10.0
3RultJjvTWI_2,3RultJjvTWI,0-2s,1.0,299.0,0.0,0.1,-0.1,harmful,1,9,remote,0,10,0.0,0.0,0.0,0.0,0.0,0.0,0.0,0.0,10.0,12.0,10.0
3VHpLxtd498_1,3VHpLxtd498,0-2s,1.0,242.0,0.0,0.0,0.0,control,1,0,remote,0,1,0.0,0.0,0.0,0.0,0.0,0.0,0.0,0.0,14.0,13.0,14.0
3VHpLxtd498_1,3VHpLxtd498,0-2s,1.0,242.0,0.0,0.0,0.0,control,1,1,remote,0,1,0.0,0.0,0.0,0.0,0.0,0.0,0.0,0.0,14.0,13.0,14.0
3VHpLxtd498_1,3VHpLxtd498,0-2s,1.0,242.0,0.0,0.0,0.0,control,1,2,remote,0,1,0.0,0.0,0.0,0.0,0.0,0.0,0.0,0.0,14.0,13.0,14.0
3VHpLxtd498_1,3VHpLxtd498,0-2s,1.0,242.0,0.0,0.0,0.0,control,1,3,remote,0,1,0.0,0.0,0.0,0.0,0.0,0.0,0.0,0.0,14.0,13.0,14.0
3VHpLxtd498_1,3VHpLxtd498,0-2s,1.0,242.0,0.0,0.0,0.0,control,1,4,remote,0,1,0.0,0.0,0.0,0.0,0.0,0.0,0.0,0.0,14.0,13.0,14.0
3VHpLxtd498_1,3VHpLxtd498,0-2s,1.0,242.0,0.0,0.0,0.0,control,1,5,remote,0,1,0.0,0.0,0.0,0.0,0.0,0.0,0.0,0.0,14.0,13.0,14.0
3VHpLxtd498_1,3VHpLxtd498,0-2s,1.0,242.0,0.0,0.0,0.0,control,1,6,remote,0,1,0.0,0.0,0.0,0.0,0.0,0.0,0.0,0.0,14.0,13.0,14.0
3VHpLxtd498_1,3VHpLxtd498,0-2s,1.0,242.0,0.0,0.0,0.0,control,1,7,remote,0,1,0.0,0.0,0.0,0.0,0.0,0.0,0.0,0.0,14.0,13.0,14.0
3VHpLxtd498_1,3VHpLxtd498,0-2s,1.0,242.0,0.0,0.0,0.0,control,1,8,remote,0,1,0.0,0.0,0.0,0.0,0.0,0.0,0.0,0.0,14.0,13.0,14.0
3VHpLxtd498_1,3VHpLxtd498,0-2s,1.0,242.0,0.0,0.0,0.0,control,1,9,remote,0,1,0.0,0.0,0.0,0.0,0.0,0.0,0.0,0.0,14.0,13.0,14.0
3VHpLxtd498_3,3VHpLxtd498,0-2s,1.0,242.0,0.0,0.3,-0.3,harmful,1,0,remote,0,1,0.0,0.0,0.0,0.0,0.0,0.0,0.0,0.0,12.0,12.0,12.0
3VHpLxtd498_3,3VHpLxtd498,0-2s,1.0,242.0,0.0,0.3,-0.3,harmful,1,1,remote,0,1,0.0,0.0,0.0,0.0,0.0,0.0,0.0,0.0,12.0,12.0,12.0
3VHpLxtd498_3,3VHpLxtd498,0-2s,1.0,242.0,0.0,0.3,-0.3,harmful,1,2,remote,0,1,0.0,0.0,0.0,0.0,0.0,0.0,0.0,0.0,12.0,12.0,12.0
3VHpLxtd498_3,3VHpLxtd498,0-2s,1.0,242.0,0.0,0.3,-0.3,harmful,1,3,remote,0,1,0.0,0.0,0.0,0.0,0.0,0.0,0.0,0.0,12.0,12.0,12.0
3VHpLxtd498_3,3VHpLxtd498,0-2s,1.0,242.0,0.0,0.3,-0.3,harmful,1,4,remote,0,1,0.0,0.0,0.0,0.0,0.0,0.0,0.0,0.0,12.0,12.0,12.0
3VHpLxtd498_3,3VHpLxtd498,0-2s,1.0,242.0,0.0,0.3,-0.3,harmful,1,5,remote,0,1,0.0,0.0,0.0,0.0,0.0,0.0,0.0,0.0,12.0,12.0,12.0
3VHpLxtd498_3,3VHpLxtd498,0-2s,1.0,242.0,0.0,0.3,-0.3,harmful,1,6,remote,0,1,0.0,0.0,0.0,0.0,0.0,0.0,0.0,0.0,12.0,12.0,12.0
3VHpLxtd498_3,3VHpLxtd498,0-2s,1.0,242.0,0.0,0.3,-0.3,harmful,1,7,remote,0,1,0.0,0.0,0.0,0.0,0.0,0.0,0.0,0.0,12.0,12.0,12.0
3VHpLxtd498_3,3VHpLxtd498,0-2s,1.0,242.0,0.0,0.3,-0.3,harmful,1,8,remote,0,1,0.0,0.0,0.0,0.0,0.0,0.0,0.0,0.0,12.0,12.0,12.0
3VHpLxtd498_3,3VHpLxtd498,0-2s,1.0,242.0,0.0,0.3,-0.3,harmful,1,9,remote,0,1,0.0,0.0,0.0,0.0,0.0,0.0,0.0,0.0,12.0,12.0,12.0
3VHpLxtd498_4,3VHpLxtd498,2-5s,3.0,242.0,0.0,0.6,-0.6,harmful,0,0,remote,0,1,0.0,0.0,0.0,0.0,0.0,0.0,0.0,0.0,5.333333333333333,5.333333333333333,5.333333333333333
3VHpLxtd498_4,3VHpLxtd498,2-5s,3.0,242.0,0.0,0.6,-0.6,harmful,0,1,remote,0,1,0.0,0.0,0.0,0.0,0.0,0.0,0.0,0.0,5.333333333333333,5.333333333333333,5.333333333333333
3VHpLxtd498_4,3VHpLxtd498,2-5s,3.0,242.0,0.0,0.6,-0.6,harmful,0,2,remote,0,1,0.0,0.0,0.0,0.0,0.0,0.0,0.0,0.0,5.333333333333333,5.333333333333333,5.333333333333333
3VHpLxtd498_4,3VHpLxtd498,2-5s,3.0,242.0,0.0,0.6,-0.6,harmful,0,3,remote,0,1,0.0,0.0,0.0,0.0,0.0,0.0,0.0,0.0,5.333333333333333,5.333333333333333,5.0
3VHpLxtd498_4,3VHpLxtd498,2-5s,3.0,242.0,0.0,0.6,-0.6,harmful,0,4,remote,0,1,0.0,0.0,0.0,0.0,0.0,0.0,0.0,0.0,5.333333333333333,5.333333333333333,5.333333333333333
3VHpLxtd498_4,3VHpLxtd498,2-5s,3.0,242.0,0.0,0.6,-0.6,harmful,0,5,remote,0,1,0.0,0.0,0.0,0.0,0.0,0.0,0.0,0.0,5.333333333333333,5.333333333333333,5.333333333333333
3VHpLxtd498_4,3VHpLxtd498,2-5s,3.0,242.0,0.0,0.6,-0.6,harmful,0,6,remote,0,1,0.0,0.0,0.0,0.0,0.0,0.0,0.0,0.0,5.333333333333333,5.333333333333333,5.333333333333333
3VHpLxtd498_4,3VHpLxtd498,2-5s,3.0,242.0,0.0,0.6,-0.6,harmful,0,7,remote,0,1,0.0,0.0,0.0,0.0,0.0,0.0,0.0,0.0,5.333333333333333,5.333333333333333,5.333333333333333
3VHpLxtd498_4,3VHpLxtd498,2-5s,3.0,242.0,0.0,0.6,-0.6,harmful,0,8,remote,0,1,0.0,0.0,0.0,0.0,0.0,0.0,0.0,0.0,5.333333333333333,5.333333333333333,5.333333333333333
3VHpLxtd498_4,3VHpLxtd498,2-5s,3.0,242.0,0.0,0.6,-0.6,harmful,0,9,remote,0,1,0.0,0.0,0.0,0.0,0.0,0.0,0.0,0.0,5.333333333333333,5.333333333333333,5.333333333333333
3qTL7QRk-tg_4,3qTL7QRk-tg,2-5s,3.0,189.0,1.0,1.0,0.0,control,0,0,remote,0,15,1.0,1.0,1.0,0.0,0.0,0.0,0.0,0.0,3.3333333333333335,3.0,3.0
3qTL7QRk-tg_4,3qTL7QRk-tg,2-5s,3.0,189.0,1.0,1.0,0.0,control,0,1,remote,0,15,1.0,1.0,1.0,0.0,0.0,0.0,0.0,0.0,3.3333333333333335,3.0,3.3333333333333335
3qTL7QRk-tg_4,3qTL7QRk-tg,2-5s,3.0,189.0,1.0,1.0,0.0,control,0,2,remote,0,15,1.0,1.0,1.0,0.0,0.0,0.0,0.0,0.0,3.3333333333333335,3.0,3.0
3qTL7QRk-tg_4,3qTL7QRk-tg,2-5s,3.0,189.0,1.0,1.0,0.0,control,0,3,remote,0,15,1.0,1.0,1.0,0.0,0.0,0.0,0.0,0.0,3.3333333333333335,3.0,3.0
3qTL7QRk-tg_4,3qTL7QRk-tg,2-5s,3.0,189.0,1.0,1.0,0.0,control,0,4,remote,0,15,1.0,1.0,1.0,0.0,0.0,0.0,0.0,0.0,3.3333333333333335,3.0,3.3333333333333335
3qTL7QRk-tg_4,3qTL7QRk-tg,2-5s,3.0,189.0,1.0,1.0,0.0,control,0,5,remote,0,15,1.0,1.0,1.0,0.0,0.0,0.0,0.0,0.0,3.3333333333333335,3.0,3.3333333333333335
3qTL7QRk-tg_4,3qTL7QRk-tg,2-5s,3.0,189.0,1.0,1.0,0.0,control,0,6,remote,0,15,1.0,1.0,1.0,0.0,0.0,0.0,0.0,0.0,3.3333333333333335,3.0,3.0
3qTL7QRk-tg_4,3qTL7QRk-tg,2-5s,3.0,189.0,1.0,1.0,0.0,control,0,7,remote,0,15,1.0,1.0,1.0,0.0,0.0,0.0,0.0,0.0,3.3333333333333335,3.0,3.0
3qTL7QRk-tg_4,3qTL7QRk-tg,2-5s,3.0,189.0,1.0,1.0,0.0,control,0,8,remote,0,15,1.0,1.0,1.0,0.0,0.0,0.0,0.0,0.0,3.3333333333333335,3.0,3.0
3qTL7QRk-tg_4,3qTL7QRk-tg,2-5s,3.0,189.0,1.0,1.0,0.0,control,0,9,remote,0,15,1.0,1.0,1.0,0.0,0.0,0.0,0.0,0.0,3.3333333333333335,3.0,3.0
3rna9zo5ZOs_2,3rna9zo5ZOs,2-5s,3.0,68.0,1.0,1.0,0.0,control,0,0,moderately_near,0,5,1.0,1.0,1.0,0.0,1.0,1.0,1.0,0.0,0.6666666666666666,1.0,0.6666666666666666
3rna9zo5ZOs_2,3rna9zo5ZOs,2-5s,3.0,68.0,1.0,1.0,0.0,control,0,1,moderately_near,0,5,1.0,1.0,1.0,0.0,1.0,1.0,1.0,0.0,0.6666666666666666,1.0,1.0
3rna9zo5ZOs_2,3rna9zo5ZOs,2-5s,3.0,68.0,1.0,1.0,0.0,control,0,2,moderately_near,0,5,1.0,1.0,1.0,0.0,1.0,1.0,1.0,0.0,0.6666666666666666,1.0,1.0
3rna9zo5ZOs_2,3rna9zo5ZOs,2-5s,3.0,68.0,1.0,1.0,0.0,control,0,3,moderately_near,0,5,1.0,1.0,1.0,0.0,1.0,1.0,0.0,100.0,0.6666666666666666,1.0,1.0
3rna9zo5ZOs_2,3rna9zo5ZOs,2-5s,3.0,68.0,1.0,1.0,0.0,control,0,4,moderately_near,0,5,1.0,1.0,1.0,0.0,1.0,1.0,1.0,0.0,0.6666666666666666,1.0,0.6666666666666666
3rna9zo5ZOs_2,3rna9zo5ZOs,2-5s,3.0,68.0,1.0,1.0,0.0,control,0,5,moderately_near,0,5,1.0,1.0,1.0,0.0,1.0,1.0,1.0,0.0,0.6666666666666666,1.0,0.6666666666666666
3rna9zo5ZOs_2,3rna9zo5ZOs,2-5s,3.0,68.0,1.0,1.0,0.0,control,0,6,moderately_near,0,5,1.0,1.0,1.0,0.0,1.0,1.0,1.0,0.0,0.6666666666666666,1.0,0.6666666666666666
3rna9zo5ZOs_2,3rna9zo5ZOs,2-5s,3.0,68.0,1.0,1.0,0.0,control,0,7,moderately_near,0,5,1.0,1.0,1.0,0.0,1.0,1.0,1.0,0.0,0.6666666666666666,1.0,1.0
3rna9zo5ZOs_2,3rna9zo5ZOs,2-5s,3.0,68.0,1.0,1.0,0.0,control,0,8,moderately_near,0,5,1.0,1.0,1.0,0.0,1.0,1.0,1.0,0.0,0.6666666666666666,1.0,0.6666666666666666
3rna9zo5ZOs_2,3rna9zo5ZOs,2-5s,3.0,68.0,1.0,1.0,0.0,control,0,9,moderately_near,0,5,1.0,1.0,1.0,0.0,1.0,1.0,1.0,0.0,0.6666666666666666,1.0,0.6666666666666666
3xDZ-kdGE3o_2,3xDZ-kdGE3o,2-5s,3.0,65.0,1.0,1.0,0.0,control,0,0,remote,0,3,1.0,1.0,1.0,0.0,0.0,0.0,0.0,0.0,0.6666666666666666,0.6666666666666666,0.6666666666666666
3xDZ-kdGE3o_2,3xDZ-kdGE3o,2-5s,3.0,65.0,1.0,1.0,0.0,control,0,1,remote,0,3,1.0,1.0,1.0,0.0,0.0,0.0,0.0,0.0,0.6666666666666666,0.6666666666666666,0.6666666666666666
3xDZ-kdGE3o_2,3xDZ-kdGE3o,2-5s,3.0,65.0,1.0,1.0,0.0,control,0,2,remote,0,3,1.0,1.0,1.0,0.0,0.0,0.0,0.0,0.0,0.6666666666666666,0.6666666666666666,0.6666666666666666
3xDZ-kdGE3o_2,3xDZ-kdGE3o,2-5s,3.0,65.0,1.0,1.0,0.0,control,0,3,remote,0,3,1.0,1.0,1.0,0.0,0.0,0.0,0.0,0.0,0.6666666666666666,0.6666666666666666,0.6666666666666666
3xDZ-kdGE3o_2,3xDZ-kdGE3o,2-5s,3.0,65.0,1.0,1.0,0.0,control,0,4,remote,0,3,1.0,1.0,1.0,0.0,0.0,0.0,0.0,0.0,0.6666666666666666,0.6666666666666666,0.6666666666666666
3xDZ-kdGE3o_2,3xDZ-kdGE3o,2-5s,3.0,65.0,1.0,1.0,0.0,control,0,5,remote,0,3,1.0,1.0,1.0,0.0,0.0,0.0,0.0,0.0,0.6666666666666666,0.6666666666666666,0.6666666666666666
3xDZ-kdGE3o_2,3xDZ-kdGE3o,2-5s,3.0,65.0,1.0,1.0,0.0,control,0,6,remote,0,3,1.0,1.0,1.0,0.0,0.0,0.0,0.0,0.0,0.6666666666666666,0.6666666666666666,0.6666666666666666
3xDZ-kdGE3o_2,3xDZ-kdGE3o,2-5s,3.0,65.0,1.0,1.0,0.0,control,0,7,remote,0,3,1.0,1.0,1.0,0.0,0.0,0.0,0.0,0.0,0.6666666666666666,0.6666666666666666,0.6666666666666666
3xDZ-kdGE3o_2,3xDZ-kdGE3o,2-5s,3.0,65.0,1.0,1.0,0.0,control,0,8,remote,0,3,1.0,1.0,1.0,0.0,0.0,0.0,0.0,0.0,0.6666666666666666,0.6666666666666666,0.6666666666666666
3xDZ-kdGE3o_2,3xDZ-kdGE3o,2-5s,3.0,65.0,1.0,1.0,0.0,control,0,9,remote,0,3,1.0,1.0,1.0,0.0,0.0,0.0,0.0,0.0,0.6666666666666666,0.6666666666666666,0.6666666666666666
473wBEwC35M_1,473wBEwC35M,2-5s,2.0,300.0,0.0,0.3,-0.3,harmful,1,0,remote,0,2,1.0,1.0,1.0,0.0,0.0,0.0,0.0,0.0,7.5,7.5,7.5
473wBEwC35M_1,473wBEwC35M,2-5s,2.0,300.0,0.0,0.3,-0.3,harmful,1,1,remote,0,2,1.0,1.0,1.0,0.0,0.0,0.0,0.0,0.0,7.5,7.5,7.5
473wBEwC35M_1,473wBEwC35M,2-5s,2.0,300.0,0.0,0.3,-0.3,harmful,1,2,remote,0,2,1.0,1.0,1.0,0.0,0.0,0.0,0.0,0.0,7.5,7.5,7.5
473wBEwC35M_1,473wBEwC35M,2-5s,2.0,300.0,0.0,0.3,-0.3,harmful,1,3,remote,0,2,1.0,1.0,1.0,0.0,0.0,0.0,0.0,0.0,7.5,7.5,7.5
473wBEwC35M_1,473wBEwC35M,2-5s,2.0,300.0,0.0,0.3,-0.3,harmful,1,4,remote,0,2,1.0,1.0,1.0,0.0,0.0,0.0,0.0,0.0,7.5,7.5,7.5
473wBEwC35M_1,473wBEwC35M,2-5s,2.0,300.0,0.0,0.3,-0.3,harmful,1,5,remote,0,2,1.0,1.0,1.0,0.0,0.0,0.0,0.0,0.0,7.5,7.5,7.0
473wBEwC35M_1,473wBEwC35M,2-5s,2.0,300.0,0.0,0.3,-0.3,harmful,1,6,remote,0,2,1.0,1.0,1.0,0.0,0.0,0.0,0.0,0.0,7.5,7.5,7.5
473wBEwC35M_1,473wBEwC35M,2-5s,2.0,300.0,0.0,0.3,-0.3,harmful,1,7,remote,0,2,1.0,1.0,1.0,0.0,0.0,0.0,0.0,0.0,7.5,7.5,7.5
473wBEwC35M_1,473wBEwC35M,2-5s,2.0,300.0,0.0,0.3,-0.3,harmful,1,8,remote,0,2,1.0,1.0,1.0,0.0,0.0,0.0,0.0,0.0,7.5,7.5,7.5
473wBEwC35M_1,473wBEwC35M,2-5s,2.0,300.0,0.0,0.3,-0.3,harmful,1,9,remote,0,2,1.0,1.0,1.0,0.0,0.0,0.0,0.0,0.0,7.5,7.5,7.5
4CAMv5nlr-0_1,4CAMv5nlr-0,2-5s,3.0,113.0,1.0,1.0,0.0,control,0,0,remote,0,17,1.0,1.0,1.0,0.0,0.0,0.0,0.0,0.0,1.6666666666666667,1.3333333333333333,1.3333333333333333
4CAMv5nlr-0_1,4CAMv5nlr-0,2-5s,3.0,113.0,1.0,1.0,0.0,control,0,1,remote,0,17,1.0,1.0,1.0,0.0,0.0,0.0,0.0,0.0,1.6666666666666667,1.3333333333333333,1.3333333333333333
4CAMv5nlr-0_1,4CAMv5nlr-0,2-5s,3.0,113.0,1.0,1.0,0.0,control,0,2,remote,0,17,1.0,1.0,1.0,0.0,0.0,0.0,0.0,0.0,1.6666666666666667,1.3333333333333333,1.3333333333333333
4CAMv5nlr-0_1,4CAMv5nlr-0,2-5s,3.0,113.0,1.0,1.0,0.0,control,0,3,remote,0,17,1.0,1.0,1.0,0.0,0.0,0.0,0.0,0.0,1.6666666666666667,1.3333333333333333,1.3333333333333333
4CAMv5nlr-0_1,4CAMv5nlr-0,2-5s,3.0,113.0,1.0,1.0,0.0,control,0,4,remote,0,17,1.0,1.0,1.0,0.0,0.0,0.0,0.0,0.0,1.6666666666666667,1.3333333333333333,1.3333333333333333
4CAMv5nlr-0_1,4CAMv5nlr-0,2-5s,3.0,113.0,1.0,1.0,0.0,control,0,5,remote,0,17,1.0,1.0,1.0,0.0,0.0,0.0,0.0,0.0,1.6666666666666667,1.3333333333333333,1.3333333333333333
4CAMv5nlr-0_1,4CAMv5nlr-0,2-5s,3.0,113.0,1.0,1.0,0.0,control,0,6,remote,0,17,1.0,1.0,1.0,0.0,0.0,0.0,0.0,0.0,1.6666666666666667,1.3333333333333333,1.3333333333333333
4CAMv5nlr-0_1,4CAMv5nlr-0,2-5s,3.0,113.0,1.0,1.0,0.0,control,0,7,remote,0,17,1.0,1.0,1.0,0.0,0.0,0.0,0.0,0.0,1.6666666666666667,1.3333333333333333,1.6666666666666667
4CAMv5nlr-0_1,4CAMv5nlr-0,2-5s,3.0,113.0,1.0,1.0,0.0,control,0,8,remote,0,17,1.0,1.0,1.0,0.0,0.0,0.0,0.0,0.0,1.6666666666666667,1.3333333333333333,1.3333333333333333
4CAMv5nlr-0_1,4CAMv5nlr-0,2-5s,3.0,113.0,1.0,1.0,0.0,control,0,9,remote,0,17,1.0,1.0,1.0,0.0,0.0,0.0,0.0,0.0,1.6666666666666667,1.3333333333333333,1.6666666666666667
4CAMv5nlr-0_2,4CAMv5nlr-0,2-5s,3.0,113.0,1.0,1.0,0.0,control,0,0,adjacent,0,2,1.0,1.0,1.0,0.0,1.0,1.0,1.0,0.0,1.0,1.0,1.0
4CAMv5nlr-0_2,4CAMv5nlr-0,2-5s,3.0,113.0,1.0,1.0,0.0,control,0,1,adjacent,0,2,1.0,1.0,1.0,0.0,1.0,1.0,1.0,0.0,1.0,1.0,1.0
4CAMv5nlr-0_2,4CAMv5nlr-0,2-5s,3.0,113.0,1.0,1.0,0.0,control,0,2,adjacent,0,2,1.0,1.0,1.0,0.0,1.0,1.0,1.0,0.0,1.0,1.0,1.0
4CAMv5nlr-0_2,4CAMv5nlr-0,2-5s,3.0,113.0,1.0,1.0,0.0,control,0,3,adjacent,0,2,1.0,1.0,1.0,0.0,1.0,1.0,1.0,0.0,1.0,1.0,1.0
4CAMv5nlr-0_2,4CAMv5nlr-0,2-5s,3.0,113.0,1.0,1.0,0.0,control,0,4,adjacent,0,2,1.0,1.0,1.0,0.0,1.0,1.0,1.0,0.0,1.0,1.0,1.0
4CAMv5nlr-0_2,4CAMv5nlr-0,2-5s,3.0,113.0,1.0,1.0,0.0,control,0,5,adjacent,0,2,1.0,1.0,1.0,0.0,1.0,1.0,1.0,0.0,1.0,1.0,1.0
4CAMv5nlr-0_2,4CAMv5nlr-0,2-5s,3.0,113.0,1.0,1.0,0.0,control,0,6,adjacent,0,2,1.0,1.0,1.0,0.0,1.0,1.0,1.0,0.0,1.0,1.0,1.0
4CAMv5nlr-0_2,4CAMv5nlr-0,2-5s,3.0,113.0,1.0,1.0,0.0,control,0,7,adjacent,0,2,1.0,1.0,1.0,0.0,1.0,1.0,1.0,0.0,1.0,1.0,1.0
4CAMv5nlr-0_2,4CAMv5nlr-0,2-5s,3.0,113.0,1.0,1.0,0.0,control,0,8,adjacent,0,2,1.0,1.0,1.0,0.0,1.0,1.0,1.0,0.0,1.0,1.0,1.0
4CAMv5nlr-0_2,4CAMv5nlr-0,2-5s,3.0,113.0,1.0,1.0,0.0,control,0,9,adjacent,0,2,1.0,1.0,1.0,0.0,1.0,1.0,1.0,0.0,1.0,1.0,1.0
4IeDBwyQ9ZQ_4,4IeDBwyQ9ZQ,2-5s,3.0,300.0,1.0,0.9,0.09999999999999998,control,0,0,remote,0,4,1.0,1.0,1.0,0.0,0.0,0.0,0.0,0.0,3.0,2.6666666666666665,2.6666666666666665
4IeDBwyQ9ZQ_4,4IeDBwyQ9ZQ,2-5s,3.0,300.0,1.0,0.9,0.09999999999999998,control,0,1,remote,0,4,1.0,1.0,1.0,0.0,0.0,0.0,0.0,0.0,3.0,2.6666666666666665,3.0
4IeDBwyQ9ZQ_4,4IeDBwyQ9ZQ,2-5s,3.0,300.0,1.0,0.9,0.09999999999999998,control,0,2,remote,0,4,1.0,1.0,1.0,0.0,0.0,0.0,0.0,0.0,3.0,2.6666666666666665,2.6666666666666665
4IeDBwyQ9ZQ_4,4IeDBwyQ9ZQ,2-5s,3.0,300.0,1.0,0.9,0.09999999999999998,control,0,3,remote,0,4,1.0,1.0,1.0,0.0,0.0,0.0,0.0,0.0,3.0,2.6666666666666665,3.0
4IeDBwyQ9ZQ_4,4IeDBwyQ9ZQ,2-5s,3.0,300.0,1.0,0.9,0.09999999999999998,control,0,4,remote,0,4,1.0,1.0,1.0,0.0,0.0,0.0,0.0,0.0,3.0,2.6666666666666665,2.6666666666666665
4IeDBwyQ9ZQ_4,4IeDBwyQ9ZQ,2-5s,3.0,300.0,1.0,0.9,0.09999999999999998,control,0,5,remote,0,4,1.0,1.0,1.0,0.0,0.0,0.0,0.0,0.0,3.0,2.6666666666666665,3.0
4IeDBwyQ9ZQ_4,4IeDBwyQ9ZQ,2-5s,3.0,300.0,1.0,0.9,0.09999999999999998,control,0,6,remote,0,4,1.0,1.0,1.0,0.0,0.0,0.0,0.0,0.0,3.0,2.6666666666666665,3.0
4IeDBwyQ9ZQ_4,4IeDBwyQ9ZQ,2-5s,3.0,300.0,1.0,0.9,0.09999999999999998,control,0,7,remote,0,4,1.0,1.0,1.0,0.0,0.0,0.0,0.0,0.0,3.0,2.6666666666666665,3.0
4IeDBwyQ9ZQ_4,4IeDBwyQ9ZQ,2-5s,3.0,300.0,1.0,0.9,0.09999999999999998,control,0,8,remote,0,4,1.0,1.0,1.0,0.0,0.0,0.0,0.0,0.0,3.0,2.6666666666666665,3.0
4IeDBwyQ9ZQ_4,4IeDBwyQ9ZQ,2-5s,3.0,300.0,1.0,0.9,0.09999999999999998,control,0,9,remote,0,4,1.0,1.0,1.0,0.0,0.0,0.0,0.0,0.0,3.0,2.6666666666666665,3.0
4UPOUGVMlEs_3,4UPOUGVMlEs,2-5s,2.0,84.0,0.0,0.9,-0.9,harmful,0,0,remote,0,4,1.0,1.0,1.0,0.0,0.0,0.0,0.0,0.0,1.5,1.5,2.0
4UPOUGVMlEs_3,4UPOUGVMlEs,2-5s,2.0,84.0,0.0,0.9,-0.9,harmful,0,1,remote,0,4,1.0,1.0,1.0,0.0,0.0,0.0,0.0,0.0,1.5,1.5,2.0
4UPOUGVMlEs_3,4UPOUGVMlEs,2-5s,2.0,84.0,0.0,0.9,-0.9,harmful,0,2,remote,0,4,1.0,1.0,1.0,0.0,0.0,0.0,0.0,0.0,1.5,1.5,1.5
4UPOUGVMlEs_3,4UPOUGVMlEs,2-5s,2.0,84.0,0.0,0.9,-0.9,harmful,0,3,remote,0,4,1.0,1.0,1.0,0.0,0.0,0.0,0.0,0.0,1.5,1.5,1.5
4UPOUGVMlEs_3,4UPOUGVMlEs,2-5s,2.0,84.0,0.0,0.9,-0.9,harmful,0,4,remote,0,4,1.0,1.0,1.0,0.0,0.0,0.0,0.0,0.0,1.5,1.5,1.5
4UPOUGVMlEs_3,4UPOUGVMlEs,2-5s,2.0,84.0,0.0,0.9,-0.9,harmful,0,5,remote,0,4,1.0,1.0,1.0,0.0,0.0,0.0,0.0,0.0,1.5,1.5,1.5
4UPOUGVMlEs_3,4UPOUGVMlEs,2-5s,2.0,84.0,0.0,0.9,-0.9,harmful,0,6,remote,0,4,1.0,1.0,1.0,0.0,0.0,0.0,0.0,0.0,1.5,1.5,2.0
4UPOUGVMlEs_3,4UPOUGVMlEs,2-5s,2.0,84.0,0.0,0.9,-0.9,harmful,0,7,remote,0,4,1.0,1.0,1.0,0.0,0.0,0.0,0.0,0.0,1.5,1.5,2.0
4UPOUGVMlEs_3,4UPOUGVMlEs,2-5s,2.0,84.0,0.0,0.9,-0.9,harmful,0,8,remote,0,4,1.0,1.0,1.0,0.0,0.0,0.0,0.0,0.0,1.5,1.5,2.0
4UPOUGVMlEs_3,4UPOUGVMlEs,2-5s,2.0,84.0,0.0,0.9,-0.9,harmful,0,9,remote,0,4,1.0,1.0,1.0,0.0,0.0,0.0,0.0,0.0,1.5,1.5,2.0
4_DjmCg8Ra8_1,4_DjmCg8Ra8,0-2s,1.0,196.0,0.0,0.0,0.0,control,1,0,remote,0,6,0.0,0.0,0.0,0.0,0.0,0.0,0.0,0.0,8.0,8.0,8.0
4_DjmCg8Ra8_1,4_DjmCg8Ra8,0-2s,1.0,196.0,0.0,0.0,0.0,control,1,1,remote,0,6,0.0,0.0,0.0,0.0,0.0,0.0,0.0,0.0,8.0,8.0,8.0
4_DjmCg8Ra8_1,4_DjmCg8Ra8,0-2s,1.0,196.0,0.0,0.0,0.0,control,1,2,remote,0,6,0.0,0.0,0.0,0.0,0.0,0.0,0.0,0.0,8.0,8.0,8.0
4_DjmCg8Ra8_1,4_DjmCg8Ra8,0-2s,1.0,196.0,0.0,0.0,0.0,control,1,3,remote,0,6,0.0,0.0,0.0,0.0,0.0,0.0,0.0,0.0,8.0,8.0,8.0
4_DjmCg8Ra8_1,4_DjmCg8Ra8,0-2s,1.0,196.0,0.0,0.0,0.0,control,1,4,remote,0,6,0.0,0.0,0.0,0.0,0.0,0.0,0.0,0.0,8.0,8.0,8.0
4_DjmCg8Ra8_1,4_DjmCg8Ra8,0-2s,1.0,196.0,0.0,0.0,0.0,control,1,5,remote,0,6,0.0,0.0,0.0,0.0,0.0,0.0,0.0,0.0,8.0,8.0,8.0
4_DjmCg8Ra8_1,4_DjmCg8Ra8,0-2s,1.0,196.0,0.0,0.0,0.0,control,1,6,remote,0,6,0.0,0.0,0.0,0.0,0.0,0.0,0.0,0.0,8.0,8.0,8.0
4_DjmCg8Ra8_1,4_DjmCg8Ra8,0-2s,1.0,196.0,0.0,0.0,0.0,control,1,7,remote,0,6,0.0,0.0,0.0,0.0,0.0,0.0,0.0,0.0,8.0,8.0,8.0
4_DjmCg8Ra8_1,4_DjmCg8Ra8,0-2s,1.0,196.0,0.0,0.0,0.0,control,1,8,remote,0,6,0.0,0.0,0.0,0.0,0.0,0.0,0.0,0.0,8.0,8.0,8.0
4_DjmCg8Ra8_1,4_DjmCg8Ra8,0-2s,1.0,196.0,0.0,0.0,0.0,control,1,9,remote,0,6,0.0,0.0,0.0,0.0,0.0,0.0,0.0,0.0,8.0,8.0,8.0
4ftDFi4684Y_1,4ftDFi4684Y,2-5s,2.0,115.0,1.0,0.6,0.4,control,1,0,moderately_near,1,5,0.0,1.0,0.0,100.0,0.0,0.0,0.0,0.0,3.0,3.0,2.5
4ftDFi4684Y_1,4ftDFi4684Y,2-5s,2.0,115.0,1.0,0.6,0.4,control,1,1,moderately_near,1,5,0.0,1.0,0.0,100.0,0.0,0.0,0.0,0.0,3.0,3.0,2.5
4ftDFi4684Y_1,4ftDFi4684Y,2-5s,2.0,115.0,1.0,0.6,0.4,control,1,2,moderately_near,1,5,0.0,1.0,0.0,100.0,0.0,0.0,0.0,0.0,3.0,3.0,2.5
4ftDFi4684Y_1,4ftDFi4684Y,2-5s,2.0,115.0,1.0,0.6,0.4,control,1,3,moderately_near,1,5,0.0,1.0,0.0,100.0,0.0,0.0,0.0,0.0,3.0,3.0,3.0
4ftDFi4684Y_1,4ftDFi4684Y,2-5s,2.0,115.0,1.0,0.6,0.4,control,1,4,moderately_near,1,5,0.0,1.0,0.0,100.0,0.0,0.0,0.0,0.0,3.0,3.0,2.5
4ftDFi4684Y_1,4ftDFi4684Y,2-5s,2.0,115.0,1.0,0.6,0.4,control,1,5,moderately_near,1,5,0.0,1.0,0.0,100.0,0.0,0.0,0.0,0.0,3.0,3.0,2.5
4ftDFi4684Y_1,4ftDFi4684Y,2-5s,2.0,115.0,1.0,0.6,0.4,control,1,6,moderately_near,1,5,0.0,1.0,0.0,100.0,0.0,0.0,0.0,0.0,3.0,3.0,3.0
4ftDFi4684Y_1,4ftDFi4684Y,2-5s,2.0,115.0,1.0,0.6,0.4,control,1,7,moderately_near,1,5,0.0,1.0,0.0,100.0,0.0,0.0,0.0,0.0,3.0,3.0,2.5
4ftDFi4684Y_1,4ftDFi4684Y,2-5s,2.0,115.0,1.0,0.6,0.4,control,1,8,moderately_near,1,5,0.0,1.0,0.0,100.0,0.0,0.0,0.0,0.0,3.0,3.0,2.5
4ftDFi4684Y_1,4ftDFi4684Y,2-5s,2.0,115.0,1.0,0.6,0.4,control,1,9,moderately_near,1,5,0.0,1.0,0.0,100.0,0.0,0.0,0.0,0.0,3.0,3.0,2.5
4fz0-Kx2oNs_1,4fz0-Kx2oNs,2-5s,4.0,300.0,0.0,0.0,0.0,control,1,0,remote,0,9,0.0,0.0,0.0,0.0,0.0,0.0,0.0,0.0,3.0,2.5,3.0
4fz0-Kx2oNs_1,4fz0-Kx2oNs,2-5s,4.0,300.0,0.0,0.0,0.0,control,1,1,remote,0,9,0.0,0.0,0.0,0.0,0.0,0.0,0.0,0.0,3.0,2.5,3.0
4fz0-Kx2oNs_1,4fz0-Kx2oNs,2-5s,4.0,300.0,0.0,0.0,0.0,control,1,2,remote,0,9,0.0,0.0,0.0,0.0,0.0,0.0,0.0,0.0,3.0,2.5,3.0
4fz0-Kx2oNs_1,4fz0-Kx2oNs,2-5s,4.0,300.0,0.0,0.0,0.0,control,1,3,remote,0,9,0.0,0.0,0.0,0.0,0.0,0.0,0.0,0.0,3.0,2.5,3.0
4fz0-Kx2oNs_1,4fz0-Kx2oNs,2-5s,4.0,300.0,0.0,0.0,0.0,control,1,4,remote,0,9,0.0,0.0,0.0,0.0,0.0,0.0,0.0,0.0,3.0,2.5,3.0
4fz0-Kx2oNs_1,4fz0-Kx2oNs,2-5s,4.0,300.0,0.0,0.0,0.0,control,1,5,remote,0,9,0.0,0.0,0.0,0.0,0.0,0.0,0.0,0.0,3.0,2.5,3.0
4fz0-Kx2oNs_1,4fz0-Kx2oNs,2-5s,4.0,300.0,0.0,0.0,0.0,control,1,6,remote,0,9,0.0,0.0,0.0,0.0,0.0,0.0,0.0,0.0,3.0,2.5,3.0
4fz0-Kx2oNs_1,4fz0-Kx2oNs,2-5s,4.0,300.0,0.0,0.0,0.0,control,1,7,remote,0,9,0.0,0.0,0.0,0.0,0.0,0.0,0.0,0.0,3.0,2.5,3.0
4fz0-Kx2oNs_1,4fz0-Kx2oNs,2-5s,4.0,300.0,0.0,0.0,0.0,control,1,8,remote,0,9,0.0,0.0,0.0,0.0,0.0,0.0,0.0,0.0,3.0,2.5,3.0
4fz0-Kx2oNs_1,4fz0-Kx2oNs,2-5s,4.0,300.0,0.0,0.0,0.0,control,1,9,remote,0,9,0.0,0.0,0.0,0.0,0.0,0.0,0.0,0.0,3.0,2.5,3.0
4fz0-Kx2oNs_3,4fz0-Kx2oNs,2-5s,2.0,300.0,1.0,1.0,0.0,control,0,0,remote,0,18,1.0,1.0,1.0,0.0,0.0,0.0,0.0,0.0,7.5,3.5,7.5
4fz0-Kx2oNs_3,4fz0-Kx2oNs,2-5s,2.0,300.0,1.0,1.0,0.0,control,0,1,remote,0,18,1.0,1.0,1.0,0.0,0.0,0.0,0.0,0.0,7.5,3.5,7.5
4fz0-Kx2oNs_3,4fz0-Kx2oNs,2-5s,2.0,300.0,1.0,1.0,0.0,control,0,2,remote,0,18,1.0,1.0,1.0,0.0,0.0,0.0,0.0,0.0,7.5,3.5,7.5
4fz0-Kx2oNs_3,4fz0-Kx2oNs,2-5s,2.0,300.0,1.0,1.0,0.0,control,0,3,remote,0,18,1.0,1.0,1.0,0.0,0.0,0.0,0.0,0.0,7.5,3.5,7.5
4fz0-Kx2oNs_3,4fz0-Kx2oNs,2-5s,2.0,300.0,1.0,1.0,0.0,control,0,4,remote,0,18,1.0,1.0,1.0,0.0,0.0,0.0,0.0,0.0,7.5,3.5,7.5
4fz0-Kx2oNs_3,4fz0-Kx2oNs,2-5s,2.0,300.0,1.0,1.0,0.0,control,0,5,remote,0,18,1.0,1.0,1.0,0.0,0.0,0.0,0.0,0.0,7.5,3.5,7.5
4fz0-Kx2oNs_3,4fz0-Kx2oNs,2-5s,2.0,300.0,1.0,1.0,0.0,control,0,6,remote,0,18,1.0,1.0,1.0,0.0,0.0,0.0,0.0,0.0,7.5,3.5,7.5
4fz0-Kx2oNs_3,4fz0-Kx2oNs,2-5s,2.0,300.0,1.0,1.0,0.0,control,0,7,remote,0,18,1.0,1.0,1.0,0.0,0.0,0.0,0.0,0.0,7.5,3.5,7.5
4fz0-Kx2oNs_3,4fz0-Kx2oNs,2-5s,2.0,300.0,1.0,1.0,0.0,control,0,8,remote,0,18,1.0,1.0,1.0,0.0,0.0,0.0,0.0,0.0,7.5,3.5,7.5
4fz0-Kx2oNs_3,4fz0-Kx2oNs,2-5s,2.0,300.0,1.0,1.0,0.0,control,0,9,remote,0,18,1.0,1.0,1.0,0.0,0.0,0.0,0.0,0.0,7.5,3.5,7.5
52IxrdTxGs4_2,52IxrdTxGs4,0-2s,1.0,213.0,0.0,0.9,-0.9,harmful,0,0,remote,0,10,1.0,1.0,0.0,100.0,0.0,0.0,0.0,0.0,7.0,7.0,7.0
52IxrdTxGs4_2,52IxrdTxGs4,0-2s,1.0,213.0,0.0,0.9,-0.9,harmful,0,1,remote,0,10,1.0,1.0,1.0,0.0,0.0,0.0,0.0,0.0,7.0,7.0,7.0
52IxrdTxGs4_2,52IxrdTxGs4,0-2s,1.0,213.0,0.0,0.9,-0.9,harmful,0,2,remote,0,10,1.0,1.0,1.0,0.0,0.0,0.0,0.0,0.0,7.0,7.0,6.0
52IxrdTxGs4_2,52IxrdTxGs4,0-2s,1.0,213.0,0.0,0.9,-0.9,harmful,0,3,remote,0,10,1.0,1.0,1.0,0.0,0.0,0.0,0.0,0.0,7.0,7.0,7.0
52IxrdTxGs4_2,52IxrdTxGs4,0-2s,1.0,213.0,0.0,0.9,-0.9,harmful,0,4,remote,0,10,1.0,1.0,1.0,0.0,0.0,0.0,0.0,0.0,7.0,7.0,7.0
52IxrdTxGs4_2,52IxrdTxGs4,0-2s,1.0,213.0,0.0,0.9,-0.9,harmful,0,5,remote,0,10,1.0,1.0,1.0,0.0,0.0,0.0,0.0,0.0,7.0,7.0,6.0
52IxrdTxGs4_2,52IxrdTxGs4,0-2s,1.0,213.0,0.0,0.9,-0.9,harmful,0,6,remote,0,10,1.0,1.0,0.0,100.0,0.0,0.0,0.0,0.0,7.0,7.0,7.0
52IxrdTxGs4_2,52IxrdTxGs4,0-2s,1.0,213.0,0.0,0.9,-0.9,harmful,0,7,remote,0,10,1.0,1.0,1.0,0.0,0.0,0.0,0.0,0.0,7.0,7.0,6.0
52IxrdTxGs4_2,52IxrdTxGs4,0-2s,1.0,213.0,0.0,0.9,-0.9,harmful,0,8,remote,0,10,1.0,1.0,1.0,0.0,0.0,0.0,0.0,0.0,7.0,7.0,7.0
52IxrdTxGs4_2,52IxrdTxGs4,0-2s,1.0,213.0,0.0,0.9,-0.9,harmful,0,9,remote,0,10,1.0,1.0,1.0,0.0,0.0,0.0,0.0,0.0,7.0,7.0,7.0
52IxrdTxGs4_3,52IxrdTxGs4,2-5s,2.0,213.0,1.0,0.5,0.5,control,1,0,remote,0,2,0.0,0.0,0.0,0.0,0.0,0.0,0.0,0.0,4.5,3.5,4.5
52IxrdTxGs4_3,52IxrdTxGs4,2-5s,2.0,213.0,1.0,0.5,0.5,control,1,1,remote,0,2,0.0,0.0,0.0,0.0,0.0,0.0,0.0,0.0,4.5,3.5,4.0
52IxrdTxGs4_3,52IxrdTxGs4,2-5s,2.0,213.0,1.0,0.5,0.5,control,1,2,remote,0,2,0.0,0.0,0.0,0.0,0.0,0.0,0.0,0.0,4.5,3.5,4.0
52IxrdTxGs4_3,52IxrdTxGs4,2-5s,2.0,213.0,1.0,0.5,0.5,control,1,3,remote,0,2,0.0,0.0,0.0,0.0,0.0,0.0,0.0,0.0,4.5,3.5,4.5
52IxrdTxGs4_3,52IxrdTxGs4,2-5s,2.0,213.0,1.0,0.5,0.5,control,1,4,remote,0,2,0.0,0.0,0.0,0.0,0.0,0.0,0.0,0.0,4.5,3.5,4.0
52IxrdTxGs4_3,52IxrdTxGs4,2-5s,2.0,213.0,1.0,0.5,0.5,control,1,5,remote,0,2,0.0,0.0,0.0,0.0,0.0,0.0,0.0,0.0,4.5,3.5,4.0
52IxrdTxGs4_3,52IxrdTxGs4,2-5s,2.0,213.0,1.0,0.5,0.5,control,1,6,remote,0,2,0.0,0.0,0.0,0.0,0.0,0.0,0.0,0.0,4.5,3.5,4.0
52IxrdTxGs4_3,52IxrdTxGs4,2-5s,2.0,213.0,1.0,0.5,0.5,control,1,7,remote,0,2,0.0,0.0,0.0,0.0,0.0,0.0,0.0,0.0,4.5,3.5,4.5
52IxrdTxGs4_3,52IxrdTxGs4,2-5s,2.0,213.0,1.0,0.5,0.5,control,1,8,remote,0,2,0.0,0.0,0.0,0.0,0.0,0.0,0.0,0.0,4.5,3.5,4.5
52IxrdTxGs4_3,52IxrdTxGs4,2-5s,2.0,213.0,1.0,0.5,0.5,control,1,9,remote,0,2,0.0,0.0,0.0,0.0,0.0,0.0,0.0,0.0,4.5,3.5,4.0
52IxrdTxGs4_4,52IxrdTxGs4,0-2s,1.0,213.0,0.0,0.9,-0.9,harmful,0,0,remote,0,29,1.0,0.0,1.0,-100.0,0.0,0.0,0.0,0.0,10.0,7.0,10.0
52IxrdTxGs4_4,52IxrdTxGs4,0-2s,1.0,213.0,0.0,0.9,-0.9,harmful,0,1,remote,0,29,1.0,0.0,1.0,-100.0,0.0,0.0,0.0,0.0,10.0,7.0,10.0
52IxrdTxGs4_4,52IxrdTxGs4,0-2s,1.0,213.0,0.0,0.9,-0.9,harmful,0,2,remote,0,29,1.0,0.0,0.0,0.0,0.0,0.0,0.0,0.0,10.0,7.0,10.0
52IxrdTxGs4_4,52IxrdTxGs4,0-2s,1.0,213.0,0.0,0.9,-0.9,harmful,0,3,remote,0,29,1.0,0.0,1.0,-100.0,0.0,0.0,0.0,0.0,10.0,7.0,10.0
52IxrdTxGs4_4,52IxrdTxGs4,0-2s,1.0,213.0,0.0,0.9,-0.9,harmful,0,4,remote,0,29,1.0,0.0,1.0,-100.0,0.0,0.0,0.0,0.0,10.0,7.0,10.0
52IxrdTxGs4_4,52IxrdTxGs4,0-2s,1.0,213.0,0.0,0.9,-0.9,harmful,0,5,remote,0,29,1.0,0.0,1.0,-100.0,0.0,0.0,0.0,0.0,10.0,7.0,10.0
52IxrdTxGs4_4,52IxrdTxGs4,0-2s,1.0,213.0,0.0,0.9,-0.9,harmful,0,6,remote,0,29,1.0,0.0,1.0,-100.0,0.0,0.0,0.0,0.0,10.0,7.0,10.0
52IxrdTxGs4_4,52IxrdTxGs4,0-2s,1.0,213.0,0.0,0.9,-0.9,harmful,0,7,remote,0,29,1.0,0.0,1.0,-100.0,0.0,0.0,0.0,0.0,10.0,7.0,10.0
52IxrdTxGs4_4,52IxrdTxGs4,0-2s,1.0,213.0,0.0,0.9,-0.9,harmful,0,8,remote,0,29,1.0,0.0,1.0,-100.0,0.0,0.0,0.0,0.0,10.0,7.0,10.0
52IxrdTxGs4_4,52IxrdTxGs4,0-2s,1.0,213.0,0.0,0.9,-0.9,harmful,0,9,remote,0,29,1.0,0.0,1.0,-100.0,0.0,0.0,0.0,0.0,10.0,7.0,10.0
5G6b_QWL3nY_3,5G6b_QWL3nY,2-5s,4.0,246.0,0.0,1.0,-1.0,harmful,0,0,remote,0,4,1.0,1.0,1.0,0.0,0.0,0.0,0.0,0.0,2.25,2.25,2.25
5G6b_QWL3nY_3,5G6b_QWL3nY,2-5s,4.0,246.0,0.0,1.0,-1.0,harmful,0,1,remote,0,4,1.0,1.0,1.0,0.0,0.0,0.0,0.0,0.0,2.25,2.25,2.25
5G6b_QWL3nY_3,5G6b_QWL3nY,2-5s,4.0,246.0,0.0,1.0,-1.0,harmful,0,2,remote,0,4,1.0,1.0,1.0,0.0,0.0,0.0,0.0,0.0,2.25,2.25,2.25
5G6b_QWL3nY_3,5G6b_QWL3nY,2-5s,4.0,246.0,0.0,1.0,-1.0,harmful,0,3,remote,0,4,1.0,1.0,1.0,0.0,0.0,0.0,0.0,0.0,2.25,2.25,2.25
5G6b_QWL3nY_3,5G6b_QWL3nY,2-5s,4.0,246.0,0.0,1.0,-1.0,harmful,0,4,remote,0,4,1.0,1.0,1.0,0.0,0.0,0.0,0.0,0.0,2.25,2.25,2.25
5G6b_QWL3nY_3,5G6b_QWL3nY,2-5s,4.0,246.0,0.0,1.0,-1.0,harmful,0,5,remote,0,4,1.0,1.0,1.0,0.0,0.0,0.0,0.0,0.0,2.25,2.25,2.25
5G6b_QWL3nY_3,5G6b_QWL3nY,2-5s,4.0,246.0,0.0,1.0,-1.0,harmful,0,6,remote,0,4,1.0,1.0,1.0,0.0,0.0,0.0,0.0,0.0,2.25,2.25,2.25
5G6b_QWL3nY_3,5G6b_QWL3nY,2-5s,4.0,246.0,0.0,1.0,-1.0,harmful,0,7,remote,0,4,1.0,1.0,1.0,0.0,0.0,0.0,0.0,0.0,2.25,2.25,2.25
5G6b_QWL3nY_3,5G6b_QWL3nY,2-5s,4.0,246.0,0.0,1.0,-1.0,harmful,0,8,remote,0,4,1.0,1.0,1.0,0.0,0.0,0.0,0.0,0.0,2.25,2.25,2.25
5G6b_QWL3nY_3,5G6b_QWL3nY,2-5s,4.0,246.0,0.0,1.0,-1.0,harmful,0,9,remote,0,4,1.0,1.0,1.0,0.0,0.0,0.0,0.0,0.0,2.25,2.25,2.25
5G6b_QWL3nY_4,5G6b_QWL3nY,2-5s,2.0,246.0,0.0,0.0,0.0,control,1,0,remote,0,26,0.0,0.0,0.0,0.0,0.0,0.0,0.0,0.0,6.0,5.5,5.5
5G6b_QWL3nY_4,5G6b_QWL3nY,2-5s,2.0,246.0,0.0,0.0,0.0,control,1,1,remote,0,26,0.0,0.0,0.0,0.0,0.0,0.0,0.0,0.0,6.0,5.5,5.5
5G6b_QWL3nY_4,5G6b_QWL3nY,2-5s,2.0,246.0,0.0,0.0,0.0,control,1,2,remote,0,26,0.0,0.0,0.0,0.0,0.0,0.0,0.0,0.0,6.0,5.5,5.5
5G6b_QWL3nY_4,5G6b_QWL3nY,2-5s,2.0,246.0,0.0,0.0,0.0,control,1,3,remote,0,26,0.0,0.0,0.0,0.0,0.0,0.0,0.0,0.0,6.0,5.5,5.5
5G6b_QWL3nY_4,5G6b_QWL3nY,2-5s,2.0,246.0,0.0,0.0,0.0,control,1,4,remote,0,26,0.0,0.0,0.0,0.0,0.0,0.0,0.0,0.0,6.0,5.5,5.5
5G6b_QWL3nY_4,5G6b_QWL3nY,2-5s,2.0,246.0,0.0,0.0,0.0,control,1,5,remote,0,26,0.0,0.0,0.0,0.0,0.0,0.0,0.0,0.0,6.0,5.5,5.0
5G6b_QWL3nY_4,5G6b_QWL3nY,2-5s,2.0,246.0,0.0,0.0,0.0,control,1,6,remote,0,26,0.0,0.0,0.0,0.0,0.0,0.0,0.0,0.0,6.0,5.5,6.0
5G6b_QWL3nY_4,5G6b_QWL3nY,2-5s,2.0,246.0,0.0,0.0,0.0,control,1,7,remote,0,26,0.0,0.0,0.0,0.0,0.0,0.0,0.0,0.0,6.0,5.5,6.0
5G6b_QWL3nY_4,5G6b_QWL3nY,2-5s,2.0,246.0,0.0,0.0,0.0,control,1,8,remote,0,26,0.0,0.0,0.0,0.0,0.0,0.0,0.0,0.0,6.0,5.5,5.5
5G6b_QWL3nY_4,5G6b_QWL3nY,2-5s,2.0,246.0,0.0,0.0,0.0,control,1,9,remote,0,26,0.0,0.0,0.0,0.0,0.0,0.0,0.0,0.0,6.0,5.5,6.0
5t6tSW0yT40_4,5t6tSW0yT40,0-2s,1.0,299.0,1.0,0.3,0.7,control,1,0,remote,0,10,0.0,0.0,0.0,0.0,0.0,0.0,0.0,0.0,14.0,18.0,14.0
5t6tSW0yT40_4,5t6tSW0yT40,0-2s,1.0,299.0,1.0,0.3,0.7,control,1,1,remote,0,10,0.0,0.0,0.0,0.0,0.0,0.0,0.0,0.0,14.0,18.0,15.0
5t6tSW0yT40_4,5t6tSW0yT40,0-2s,1.0,299.0,1.0,0.3,0.7,control,1,2,remote,0,10,0.0,0.0,0.0,0.0,0.0,0.0,0.0,0.0,14.0,18.0,14.0
5t6tSW0yT40_4,5t6tSW0yT40,0-2s,1.0,299.0,1.0,0.3,0.7,control,1,3,remote,0,10,0.0,0.0,0.0,0.0,0.0,0.0,0.0,0.0,14.0,18.0,14.0
5t6tSW0yT40_4,5t6tSW0yT40,0-2s,1.0,299.0,1.0,0.3,0.7,control,1,4,remote,0,10,0.0,0.0,0.0,0.0,0.0,0.0,0.0,0.0,14.0,18.0,14.0
5t6tSW0yT40_4,5t6tSW0yT40,0-2s,1.0,299.0,1.0,0.3,0.7,control,1,5,remote,0,10,0.0,0.0,0.0,0.0,0.0,0.0,0.0,0.0,14.0,18.0,14.0
5t6tSW0yT40_4,5t6tSW0yT40,0-2s,1.0,299.0,1.0,0.3,0.7,control,1,6,remote,0,10,0.0,0.0,0.0,0.0,0.0,0.0,0.0,0.0,14.0,18.0,14.0
5t6tSW0yT40_4,5t6tSW0yT40,0-2s,1.0,299.0,1.0,0.3,0.7,control,1,7,remote,0,10,0.0,0.0,0.0,0.0,0.0,0.0,0.0,0.0,14.0,18.0,14.0
5t6tSW0yT40_4,5t6tSW0yT40,0-2s,1.0,299.0,1.0,0.3,0.7,control,1,8,remote,0,10,0.0,0.0,0.0,0.0,0.0,0.0,0.0,0.0,14.0,18.0,14.0
5t6tSW0yT40_4,5t6tSW0yT40,0-2s,1.0,299.0,1.0,0.3,0.7,control,1,9,remote,0,10,0.0,0.0,0.0,0.0,0.0,0.0,0.0,0.0,14.0,18.0,14.0
67BsqRkh-dU_2,67BsqRkh-dU,2-5s,4.0,62.0,1.0,0.7,0.30000000000000004,control,0,0,remote,0,13,1.0,0.0,1.0,-100.0,0.0,0.0,0.0,0.0,2.25,0.75,2.25
67BsqRkh-dU_2,67BsqRkh-dU,2-5s,4.0,62.0,1.0,0.7,0.30000000000000004,control,0,1,remote,0,13,1.0,0.0,0.0,0.0,0.0,0.0,0.0,0.0,2.25,0.75,2.25
67BsqRkh-dU_2,67BsqRkh-dU,2-5s,4.0,62.0,1.0,0.7,0.30000000000000004,control,0,2,remote,0,13,1.0,0.0,0.0,0.0,0.0,0.0,0.0,0.0,2.25,0.75,2.5
67BsqRkh-dU_2,67BsqRkh-dU,2-5s,4.0,62.0,1.0,0.7,0.30000000000000004,control,0,3,remote,0,13,1.0,0.0,0.0,0.0,0.0,0.0,0.0,0.0,2.25,0.75,2.5
67BsqRkh-dU_2,67BsqRkh-dU,2-5s,4.0,62.0,1.0,0.7,0.30000000000000004,control,0,4,remote,0,13,1.0,0.0,1.0,-100.0,0.0,0.0,0.0,0.0,2.25,0.75,2.25
67BsqRkh-dU_2,67BsqRkh-dU,2-5s,4.0,62.0,1.0,0.7,0.30000000000000004,control,0,5,remote,0,13,1.0,0.0,0.0,0.0,0.0,0.0,0.0,0.0,2.25,0.75,2.25
67BsqRkh-dU_2,67BsqRkh-dU,2-5s,4.0,62.0,1.0,0.7,0.30000000000000004,control,0,6,remote,0,13,1.0,0.0,1.0,-100.0,0.0,0.0,0.0,0.0,2.25,0.75,2.25
67BsqRkh-dU_2,67BsqRkh-dU,2-5s,4.0,62.0,1.0,0.7,0.30000000000000004,control,0,7,remote,0,13,1.0,0.0,1.0,-100.0,0.0,0.0,0.0,0.0,2.25,0.75,2.25
67BsqRkh-dU_2,67BsqRkh-dU,2-5s,4.0,62.0,1.0,0.7,0.30000000000000004,control,0,8,remote,0,13,1.0,0.0,1.0,-100.0,0.0,0.0,0.0,0.0,2.25,0.75,2.5
67BsqRkh-dU_2,67BsqRkh-dU,2-5s,4.0,62.0,1.0,0.7,0.30000000000000004,control,0,9,remote,0,13,1.0,0.0,0.0,0.0,0.0,0.0,0.0,0.0,2.25,0.75,2.25
6Nvu6EcpdE8_2,6Nvu6EcpdE8,0-2s,1.0,211.0,0.0,0.4,-0.4,harmful,0,0,moderately_near,0,1,1.0,1.0,1.0,0.0,0.0,0.0,0.0,0.0,4.0,4.0,4.0
6Nvu6EcpdE8_2,6Nvu6EcpdE8,0-2s,1.0,211.0,0.0,0.4,-0.4,harmful,0,1,moderately_near,0,1,1.0,1.0,1.0,0.0,0.0,0.0,0.0,0.0,4.0,4.0,4.0
6Nvu6EcpdE8_2,6Nvu6EcpdE8,0-2s,1.0,211.0,0.0,0.4,-0.4,harmful,0,2,moderately_near,0,1,1.0,1.0,1.0,0.0,0.0,0.0,0.0,0.0,4.0,4.0,4.0
6Nvu6EcpdE8_2,6Nvu6EcpdE8,0-2s,1.0,211.0,0.0,0.4,-0.4,harmful,0,3,moderately_near,0,1,1.0,1.0,1.0,0.0,0.0,0.0,0.0,0.0,4.0,4.0,5.0
6Nvu6EcpdE8_2,6Nvu6EcpdE8,0-2s,1.0,211.0,0.0,0.4,-0.4,harmful,0,4,moderately_near,0,1,1.0,1.0,1.0,0.0,0.0,0.0,0.0,0.0,4.0,4.0,4.0
6Nvu6EcpdE8_2,6Nvu6EcpdE8,0-2s,1.0,211.0,0.0,0.4,-0.4,harmful,0,5,moderately_near,0,1,1.0,1.0,1.0,0.0,0.0,0.0,0.0,0.0,4.0,4.0,5.0
6Nvu6EcpdE8_2,6Nvu6EcpdE8,0-2s,1.0,211.0,0.0,0.4,-0.4,harmful,0,6,moderately_near,0,1,1.0,1.0,1.0,0.0,0.0,0.0,0.0,0.0,4.0,4.0,4.0
6Nvu6EcpdE8_2,6Nvu6EcpdE8,0-2s,1.0,211.0,0.0,0.4,-0.4,harmful,0,7,moderately_near,0,1,1.0,1.0,1.0,0.0,0.0,0.0,0.0,0.0,4.0,4.0,4.0
6Nvu6EcpdE8_2,6Nvu6EcpdE8,0-2s,1.0,211.0,0.0,0.4,-0.4,harmful,0,8,moderately_near,0,1,1.0,1.0,1.0,0.0,0.0,0.0,0.0,0.0,4.0,4.0,4.0
6Nvu6EcpdE8_2,6Nvu6EcpdE8,0-2s,1.0,211.0,0.0,0.4,-0.4,harmful,0,9,moderately_near,0,1,1.0,1.0,1.0,0.0,0.0,0.0,0.0,0.0,4.0,4.0,4.0
6Nvu6EcpdE8_3,6Nvu6EcpdE8,0-2s,1.0,211.0,0.0,0.3,-0.3,harmful,1,0,remote,0,1,0.0,0.0,0.0,0.0,0.0,0.0,0.0,0.0,12.0,12.0,12.0
6Nvu6EcpdE8_3,6Nvu6EcpdE8,0-2s,1.0,211.0,0.0,0.3,-0.3,harmful,1,1,remote,0,1,0.0,0.0,0.0,0.0,0.0,0.0,0.0,0.0,12.0,12.0,12.0
6Nvu6EcpdE8_3,6Nvu6EcpdE8,0-2s,1.0,211.0,0.0,0.3,-0.3,harmful,1,2,remote,0,1,0.0,0.0,0.0,0.0,0.0,0.0,0.0,0.0,12.0,12.0,12.0
6Nvu6EcpdE8_3,6Nvu6EcpdE8,0-2s,1.0,211.0,0.0,0.3,-0.3,harmful,1,3,remote,0,1,0.0,0.0,0.0,0.0,0.0,0.0,0.0,0.0,12.0,12.0,12.0
6Nvu6EcpdE8_3,6Nvu6EcpdE8,0-2s,1.0,211.0,0.0,0.3,-0.3,harmful,1,4,remote,0,1,0.0,0.0,0.0,0.0,0.0,0.0,0.0,0.0,12.0,12.0,12.0
6Nvu6EcpdE8_3,6Nvu6EcpdE8,0-2s,1.0,211.0,0.0,0.3,-0.3,harmful,1,5,remote,0,1,0.0,0.0,0.0,0.0,0.0,0.0,0.0,0.0,12.0,12.0,12.0
6Nvu6EcpdE8_3,6Nvu6EcpdE8,0-2s,1.0,211.0,0.0,0.3,-0.3,harmful,1,6,remote,0,1,0.0,0.0,0.0,0.0,0.0,0.0,0.0,0.0,12.0,12.0,12.0
6Nvu6EcpdE8_3,6Nvu6EcpdE8,0-2s,1.0,211.0,0.0,0.3,-0.3,harmful,1,7,remote,0,1,0.0,0.0,0.0,0.0,0.0,0.0,0.0,0.0,12.0,12.0,12.0
6Nvu6EcpdE8_3,6Nvu6EcpdE8,0-2s,1.0,211.0,0.0,0.3,-0.3,harmful,1,8,remote,0,1,0.0,0.0,0.0,0.0,0.0,0.0,0.0,0.0,12.0,12.0,12.0
6Nvu6EcpdE8_3,6Nvu6EcpdE8,0-2s,1.0,211.0,0.0,0.3,-0.3,harmful,1,9,remote,0,1,0.0,0.0,0.0,0.0,0.0,0.0,0.0,0.0,12.0,12.0,12.0
6OlHuvJR_Dk_1,6OlHuvJR_Dk,2-5s,4.0,148.0,1.0,1.0,0.0,control,0,0,moderately_near,0,7,1.0,1.0,1.0,0.0,1.0,0.0,1.0,-100.0,1.0,1.5,1.25
6OlHuvJR_Dk_1,6OlHuvJR_Dk,2-5s,4.0,148.0,1.0,1.0,0.0,control,0,1,moderately_near,0,7,1.0,1.0,1.0,0.0,1.0,0.0,1.0,-100.0,1.0,1.5,1.25
6OlHuvJR_Dk_1,6OlHuvJR_Dk,2-5s,4.0,148.0,1.0,1.0,0.0,control,0,2,moderately_near,0,7,1.0,1.0,1.0,0.0,1.0,0.0,1.0,-100.0,1.0,1.5,1.25
6OlHuvJR_Dk_1,6OlHuvJR_Dk,2-5s,4.0,148.0,1.0,1.0,0.0,control,0,3,moderately_near,0,7,1.0,1.0,1.0,0.0,1.0,0.0,1.0,-100.0,1.0,1.5,1.25
6OlHuvJR_Dk_1,6OlHuvJR_Dk,2-5s,4.0,148.0,1.0,1.0,0.0,control,0,4,moderately_near,0,7,1.0,1.0,1.0,0.0,1.0,0.0,1.0,-100.0,1.0,1.5,1.25
6OlHuvJR_Dk_1,6OlHuvJR_Dk,2-5s,4.0,148.0,1.0,1.0,0.0,control,0,5,moderately_near,0,7,1.0,1.0,1.0,0.0,1.0,0.0,1.0,-100.0,1.0,1.5,1.25
6OlHuvJR_Dk_1,6OlHuvJR_Dk,2-5s,4.0,148.0,1.0,1.0,0.0,control,0,6,moderately_near,0,7,1.0,1.0,1.0,0.0,1.0,0.0,1.0,-100.0,1.0,1.5,1.25
6OlHuvJR_Dk_1,6OlHuvJR_Dk,2-5s,4.0,148.0,1.0,1.0,0.0,control,0,7,moderately_near,0,7,1.0,1.0,1.0,0.0,1.0,0.0,1.0,-100.0,1.0,1.5,1.25
6OlHuvJR_Dk_1,6OlHuvJR_Dk,2-5s,4.0,148.0,1.0,1.0,0.0,control,0,8,moderately_near,0,7,1.0,1.0,1.0,0.0,1.0,0.0,1.0,-100.0,1.0,1.5,1.25
6OlHuvJR_Dk_1,6OlHuvJR_Dk,2-5s,4.0,148.0,1.0,1.0,0.0,control,0,9,moderately_near,0,7,1.0,1.0,1.0,0.0,1.0,0.0,1.0,-100.0,1.0,1.5,1.25
6ZwYgzcN6Is_2,6ZwYgzcN6Is,2-5s,3.0,97.0,1.0,1.0,0.0,control,0,0,remote,0,1,1.0,1.0,1.0,0.0,0.0,0.0,0.0,0.0,1.0,1.3333333333333333,1.0
6ZwYgzcN6Is_2,6ZwYgzcN6Is,2-5s,3.0,97.0,1.0,1.0,0.0,control,0,1,remote,0,1,1.0,1.0,1.0,0.0,0.0,0.0,0.0,0.0,1.0,1.3333333333333333,1.0
6ZwYgzcN6Is_2,6ZwYgzcN6Is,2-5s,3.0,97.0,1.0,1.0,0.0,control,0,2,remote,0,1,1.0,1.0,1.0,0.0,0.0,0.0,0.0,0.0,1.0,1.3333333333333333,1.3333333333333333
6ZwYgzcN6Is_2,6ZwYgzcN6Is,2-5s,3.0,97.0,1.0,1.0,0.0,control,0,3,remote,0,1,1.0,1.0,1.0,0.0,0.0,0.0,0.0,0.0,1.0,1.3333333333333333,1.3333333333333333
6ZwYgzcN6Is_2,6ZwYgzcN6Is,2-5s,3.0,97.0,1.0,1.0,0.0,control,0,4,remote,0,1,1.0,1.0,1.0,0.0,0.0,0.0,0.0,0.0,1.0,1.3333333333333333,1.0
6ZwYgzcN6Is_2,6ZwYgzcN6Is,2-5s,3.0,97.0,1.0,1.0,0.0,control,0,5,remote,0,1,1.0,1.0,1.0,0.0,0.0,0.0,0.0,0.0,1.0,1.3333333333333333,1.0
6ZwYgzcN6Is_2,6ZwYgzcN6Is,2-5s,3.0,97.0,1.0,1.0,0.0,control,0,6,remote,0,1,1.0,1.0,1.0,0.0,0.0,0.0,0.0,0.0,1.0,1.3333333333333333,1.3333333333333333
6ZwYgzcN6Is_2,6ZwYgzcN6Is,2-5s,3.0,97.0,1.0,1.0,0.0,control,0,7,remote,0,1,1.0,1.0,1.0,0.0,0.0,0.0,0.0,0.0,1.0,1.3333333333333333,1.0
6ZwYgzcN6Is_2,6ZwYgzcN6Is,2-5s,3.0,97.0,1.0,1.0,0.0,control,0,8,remote,0,1,1.0,1.0,1.0,0.0,0.0,0.0,0.0,0.0,1.0,1.3333333333333333,1.3333333333333333
6ZwYgzcN6Is_2,6ZwYgzcN6Is,2-5s,3.0,97.0,1.0,1.0,0.0,control,0,9,remote,0,1,1.0,1.0,1.0,0.0,0.0,0.0,0.0,0.0,1.0,1.3333333333333333,1.3333333333333333
6pssFJ0m-kU_3,6pssFJ0m-kU,2-5s,4.0,140.0,1.0,0.9,0.09999999999999998,control,0,0,remote,0,11,1.0,0.0,1.0,-100.0,0.0,0.0,0.0,0.0,2.25,2.25,2.25
6pssFJ0m-kU_3,6pssFJ0m-kU,2-5s,4.0,140.0,1.0,0.9,0.09999999999999998,control,0,1,remote,0,11,1.0,0.0,1.0,-100.0,0.0,0.0,0.0,0.0,2.25,2.25,2.25
6pssFJ0m-kU_3,6pssFJ0m-kU,2-5s,4.0,140.0,1.0,0.9,0.09999999999999998,control,0,2,remote,0,11,1.0,0.0,1.0,-100.0,0.0,0.0,0.0,0.0,2.25,2.25,2.25
6pssFJ0m-kU_3,6pssFJ0m-kU,2-5s,4.0,140.0,1.0,0.9,0.09999999999999998,control,0,3,remote,0,11,1.0,0.0,1.0,-100.0,0.0,0.0,0.0,0.0,2.25,2.25,2.25
6pssFJ0m-kU_3,6pssFJ0m-kU,2-5s,4.0,140.0,1.0,0.9,0.09999999999999998,control,0,4,remote,0,11,1.0,0.0,1.0,-100.0,0.0,0.0,0.0,0.0,2.25,2.25,2.25
6pssFJ0m-kU_3,6pssFJ0m-kU,2-5s,4.0,140.0,1.0,0.9,0.09999999999999998,control,0,5,remote,0,11,1.0,0.0,1.0,-100.0,0.0,0.0,0.0,0.0,2.25,2.25,2.25
6pssFJ0m-kU_3,6pssFJ0m-kU,2-5s,4.0,140.0,1.0,0.9,0.09999999999999998,control,0,6,remote,0,11,1.0,0.0,1.0,-100.0,0.0,0.0,0.0,0.0,2.25,2.25,2.25
6pssFJ0m-kU_3,6pssFJ0m-kU,2-5s,4.0,140.0,1.0,0.9,0.09999999999999998,control,0,7,remote,0,11,1.0,0.0,1.0,-100.0,0.0,0.0,0.0,0.0,2.25,2.25,2.25
6pssFJ0m-kU_3,6pssFJ0m-kU,2-5s,4.0,140.0,1.0,0.9,0.09999999999999998,control,0,8,remote,0,11,1.0,0.0,1.0,-100.0,0.0,0.0,0.0,0.0,2.25,2.25,2.25
6pssFJ0m-kU_3,6pssFJ0m-kU,2-5s,4.0,140.0,1.0,0.9,0.09999999999999998,control,0,9,remote,0,11,1.0,0.0,1.0,-100.0,0.0,0.0,0.0,0.0,2.25,2.25,2.0
7JWHbs3gu1w_1,7JWHbs3gu1w,2-5s,2.0,296.0,0.0,0.6,-0.6,harmful,1,0,remote,0,18,0.0,0.0,0.0,0.0,0.0,0.0,0.0,0.0,6.5,6.0,6.0
7JWHbs3gu1w_1,7JWHbs3gu1w,2-5s,2.0,296.0,0.0,0.6,-0.6,harmful,1,1,remote,0,18,0.0,0.0,0.0,0.0,0.0,0.0,0.0,0.0,6.5,6.0,6.5
7JWHbs3gu1w_1,7JWHbs3gu1w,2-5s,2.0,296.0,0.0,0.6,-0.6,harmful,1,2,remote,0,18,0.0,0.0,0.0,0.0,0.0,0.0,0.0,0.0,6.5,6.0,6.5
7JWHbs3gu1w_1,7JWHbs3gu1w,2-5s,2.0,296.0,0.0,0.6,-0.6,harmful,1,3,remote,0,18,0.0,0.0,0.0,0.0,0.0,0.0,0.0,0.0,6.5,6.0,6.5
7JWHbs3gu1w_1,7JWHbs3gu1w,2-5s,2.0,296.0,0.0,0.6,-0.6,harmful,1,4,remote,0,18,0.0,0.0,0.0,0.0,0.0,0.0,0.0,0.0,6.5,6.0,6.0
7JWHbs3gu1w_1,7JWHbs3gu1w,2-5s,2.0,296.0,0.0,0.6,-0.6,harmful,1,5,remote,0,18,0.0,0.0,0.0,0.0,0.0,0.0,0.0,0.0,6.5,6.0,6.0
7JWHbs3gu1w_1,7JWHbs3gu1w,2-5s,2.0,296.0,0.0,0.6,-0.6,harmful,1,6,remote,0,18,0.0,0.0,0.0,0.0,0.0,0.0,0.0,0.0,6.5,6.0,6.5
7JWHbs3gu1w_1,7JWHbs3gu1w,2-5s,2.0,296.0,0.0,0.6,-0.6,harmful,1,7,remote,0,18,0.0,0.0,0.0,0.0,0.0,0.0,0.0,0.0,6.5,6.0,6.5
7JWHbs3gu1w_1,7JWHbs3gu1w,2-5s,2.0,296.0,0.0,0.6,-0.6,harmful,1,8,remote,0,18,0.0,0.0,0.0,0.0,0.0,0.0,0.0,0.0,6.5,6.0,6.5
7JWHbs3gu1w_1,7JWHbs3gu1w,2-5s,2.0,296.0,0.0,0.6,-0.6,harmful,1,9,remote,0,18,0.0,0.0,0.0,0.0,0.0,0.0,0.0,0.0,6.5,6.0,6.5
7JWHbs3gu1w_2,7JWHbs3gu1w,2-5s,2.0,296.0,1.0,1.0,0.0,control,0,0,remote,0,15,1.0,1.0,1.0,0.0,0.0,0.0,0.0,0.0,3.5,5.0,3.5
7JWHbs3gu1w_2,7JWHbs3gu1w,2-5s,2.0,296.0,1.0,1.0,0.0,control,0,1,remote,0,15,1.0,1.0,1.0,0.0,0.0,0.0,0.0,0.0,3.5,5.0,3.5
7JWHbs3gu1w_2,7JWHbs3gu1w,2-5s,2.0,296.0,1.0,1.0,0.0,control,0,2,remote,0,15,1.0,1.0,1.0,0.0,0.0,0.0,0.0,0.0,3.5,5.0,3.5
7JWHbs3gu1w_2,7JWHbs3gu1w,2-5s,2.0,296.0,1.0,1.0,0.0,control,0,3,remote,0,15,1.0,1.0,1.0,0.0,0.0,0.0,0.0,0.0,3.5,5.0,3.5
7JWHbs3gu1w_2,7JWHbs3gu1w,2-5s,2.0,296.0,1.0,1.0,0.0,control,0,4,remote,0,15,1.0,1.0,1.0,0.0,0.0,0.0,0.0,0.0,3.5,5.0,3.5
7JWHbs3gu1w_2,7JWHbs3gu1w,2-5s,2.0,296.0,1.0,1.0,0.0,control,0,5,remote,0,15,1.0,1.0,1.0,0.0,0.0,0.0,0.0,0.0,3.5,5.0,3.5
7JWHbs3gu1w_2,7JWHbs3gu1w,2-5s,2.0,296.0,1.0,1.0,0.0,control,0,6,remote,0,15,1.0,1.0,1.0,0.0,0.0,0.0,0.0,0.0,3.5,5.0,3.5
7JWHbs3gu1w_2,7JWHbs3gu1w,2-5s,2.0,296.0,1.0,1.0,0.0,control,0,7,remote,0,15,1.0,1.0,1.0,0.0,0.0,0.0,0.0,0.0,3.5,5.0,3.5
7JWHbs3gu1w_2,7JWHbs3gu1w,2-5s,2.0,296.0,1.0,1.0,0.0,control,0,8,remote,0,15,1.0,1.0,1.0,0.0,0.0,0.0,0.0,0.0,3.5,5.0,3.5
7JWHbs3gu1w_2,7JWHbs3gu1w,2-5s,2.0,296.0,1.0,1.0,0.0,control,0,9,remote,0,15,1.0,1.0,1.0,0.0,0.0,0.0,0.0,0.0,3.5,5.0,3.5
7P0N61TVOxE_3,7P0N61TVOxE,2-5s,2.0,299.0,0.0,0.3,-0.3,harmful,1,0,remote,0,19,0.0,0.0,0.0,0.0,0.0,0.0,0.0,0.0,6.5,6.0,6.5
7P0N61TVOxE_3,7P0N61TVOxE,2-5s,2.0,299.0,0.0,0.3,-0.3,harmful,1,1,remote,0,19,0.0,0.0,0.0,0.0,0.0,0.0,0.0,0.0,6.5,6.0,6.5
7P0N61TVOxE_3,7P0N61TVOxE,2-5s,2.0,299.0,0.0,0.3,-0.3,harmful,1,2,remote,0,19,0.0,0.0,0.0,0.0,0.0,0.0,0.0,0.0,6.5,6.0,6.5
7P0N61TVOxE_3,7P0N61TVOxE,2-5s,2.0,299.0,0.0,0.3,-0.3,harmful,1,3,remote,0,19,0.0,0.0,0.0,0.0,0.0,0.0,0.0,0.0,6.5,6.0,6.0
7P0N61TVOxE_3,7P0N61TVOxE,2-5s,2.0,299.0,0.0,0.3,-0.3,harmful,1,4,remote,0,19,0.0,0.0,0.0,0.0,0.0,0.0,0.0,0.0,6.5,6.0,6.0
7P0N61TVOxE_3,7P0N61TVOxE,2-5s,2.0,299.0,0.0,0.3,-0.3,harmful,1,5,remote,0,19,0.0,0.0,0.0,0.0,0.0,0.0,0.0,0.0,6.5,6.0,6.5
7P0N61TVOxE_3,7P0N61TVOxE,2-5s,2.0,299.0,0.0,0.3,-0.3,harmful,1,6,remote,0,19,0.0,0.0,0.0,0.0,0.0,0.0,0.0,0.0,6.5,6.0,6.5
7P0N61TVOxE_3,7P0N61TVOxE,2-5s,2.0,299.0,0.0,0.3,-0.3,harmful,1,7,remote,0,19,0.0,0.0,0.0,0.0,0.0,0.0,0.0,0.0,6.5,6.0,6.5
7P0N61TVOxE_3,7P0N61TVOxE,2-5s,2.0,299.0,0.0,0.3,-0.3,harmful,1,8,remote,0,19,0.0,0.0,0.0,0.0,0.0,0.0,0.0,0.0,6.5,6.0,7.0
7P0N61TVOxE_3,7P0N61TVOxE,2-5s,2.0,299.0,0.0,0.3,-0.3,harmful,1,9,remote,0,19,0.0,0.0,0.0,0.0,0.0,0.0,0.0,0.0,6.5,6.0,6.5
7P6lcyeDKNI_1,7P6lcyeDKNI,2-5s,2.0,98.0,0.0,0.3,-0.3,harmful,1,0,remote,0,1,0.0,0.0,0.0,0.0,0.0,0.0,0.0,0.0,4.5,4.5,5.0
7P6lcyeDKNI_1,7P6lcyeDKNI,2-5s,2.0,98.0,0.0,0.3,-0.3,harmful,1,1,remote,0,1,0.0,0.0,0.0,0.0,0.0,0.0,0.0,0.0,4.5,4.5,4.5
7P6lcyeDKNI_1,7P6lcyeDKNI,2-5s,2.0,98.0,0.0,0.3,-0.3,harmful,1,2,remote,0,1,0.0,0.0,0.0,0.0,0.0,0.0,0.0,0.0,4.5,4.5,4.5
7P6lcyeDKNI_1,7P6lcyeDKNI,2-5s,2.0,98.0,0.0,0.3,-0.3,harmful,1,3,remote,0,1,0.0,0.0,0.0,0.0,0.0,0.0,0.0,0.0,4.5,4.5,4.5
7P6lcyeDKNI_1,7P6lcyeDKNI,2-5s,2.0,98.0,0.0,0.3,-0.3,harmful,1,4,remote,0,1,0.0,0.0,0.0,0.0,0.0,0.0,0.0,0.0,4.5,4.5,4.5
7P6lcyeDKNI_1,7P6lcyeDKNI,2-5s,2.0,98.0,0.0,0.3,-0.3,harmful,1,5,remote,0,1,0.0,0.0,0.0,0.0,0.0,0.0,0.0,0.0,4.5,4.5,4.5
7P6lcyeDKNI_1,7P6lcyeDKNI,2-5s,2.0,98.0,0.0,0.3,-0.3,harmful,1,6,remote,0,1,0.0,0.0,0.0,0.0,0.0,0.0,0.0,0.0,4.5,4.5,4.5
7P6lcyeDKNI_1,7P6lcyeDKNI,2-5s,2.0,98.0,0.0,0.3,-0.3,harmful,1,7,remote,0,1,0.0,0.0,0.0,0.0,0.0,0.0,0.0,0.0,4.5,4.5,4.5
7P6lcyeDKNI_1,7P6lcyeDKNI,2-5s,2.0,98.0,0.0,0.3,-0.3,harmful,1,8,remote,0,1,0.0,0.0,0.0,0.0,0.0,0.0,0.0,0.0,4.5,4.5,4.5
7P6lcyeDKNI_1,7P6lcyeDKNI,2-5s,2.0,98.0,0.0,0.3,-0.3,harmful,1,9,remote,0,1,0.0,0.0,0.0,0.0,0.0,0.0,0.0,0.0,4.5,4.5,4.5
7XXSOzDQ2z0_2,7XXSOzDQ2z0,2-5s,4.0,297.0,0.0,0.0,0.0,control,1,0,remote,0,19,0.0,0.0,0.0,0.0,0.0,0.0,0.0,0.0,7.0,7.0,7.0
7XXSOzDQ2z0_2,7XXSOzDQ2z0,2-5s,4.0,297.0,0.0,0.0,0.0,control,1,1,remote,0,19,0.0,0.0,0.0,0.0,0.0,0.0,0.0,0.0,7.0,7.0,7.0
7XXSOzDQ2z0_2,7XXSOzDQ2z0,2-5s,4.0,297.0,0.0,0.0,0.0,control,1,2,remote,0,19,0.0,0.0,0.0,0.0,0.0,0.0,0.0,0.0,7.0,7.0,7.0
7XXSOzDQ2z0_2,7XXSOzDQ2z0,2-5s,4.0,297.0,0.0,0.0,0.0,control,1,3,remote,0,19,0.0,0.0,0.0,0.0,0.0,0.0,0.0,0.0,7.0,7.0,7.0
7XXSOzDQ2z0_2,7XXSOzDQ2z0,2-5s,4.0,297.0,0.0,0.0,0.0,control,1,4,remote,0,19,0.0,0.0,0.0,0.0,0.0,0.0,0.0,0.0,7.0,7.0,7.0
7XXSOzDQ2z0_2,7XXSOzDQ2z0,2-5s,4.0,297.0,0.0,0.0,0.0,control,1,5,remote,0,19,0.0,0.0,0.0,0.0,0.0,0.0,0.0,0.0,7.0,7.0,7.0
7XXSOzDQ2z0_2,7XXSOzDQ2z0,2-5s,4.0,297.0,0.0,0.0,0.0,control,1,6,remote,0,19,0.0,0.0,0.0,0.0,0.0,0.0,0.0,0.0,7.0,7.0,7.0
7XXSOzDQ2z0_2,7XXSOzDQ2z0,2-5s,4.0,297.0,0.0,0.0,0.0,control,1,7,remote,0,19,0.0,0.0,0.0,0.0,0.0,0.0,0.0,0.0,7.0,7.0,7.0
7XXSOzDQ2z0_2,7XXSOzDQ2z0,2-5s,4.0,297.0,0.0,0.0,0.0,control,1,8,remote,0,19,0.0,0.0,0.0,0.0,0.0,0.0,0.0,0.0,7.0,7.0,7.0
7XXSOzDQ2z0_2,7XXSOzDQ2z0,2-5s,4.0,297.0,0.0,0.0,0.0,control,1,9,remote,0,19,0.0,0.0,0.0,0.0,0.0,0.0,0.0,0.0,7.0,7.0,7.0
7XXSOzDQ2z0_3,7XXSOzDQ2z0,2-5s,4.0,297.0,0.0,0.1,-0.1,harmful,1,0,remote,0,4,0.0,0.0,0.0,0.0,0.0,0.0,0.0,0.0,2.75,2.75,2.75
7XXSOzDQ2z0_3,7XXSOzDQ2z0,2-5s,4.0,297.0,0.0,0.1,-0.1,harmful,1,1,remote,0,4,0.0,0.0,0.0,0.0,0.0,0.0,0.0,0.0,2.75,2.75,2.75
7XXSOzDQ2z0_3,7XXSOzDQ2z0,2-5s,4.0,297.0,0.0,0.1,-0.1,harmful,1,2,remote,0,4,0.0,0.0,0.0,0.0,0.0,0.0,0.0,0.0,2.75,2.75,2.75
7XXSOzDQ2z0_3,7XXSOzDQ2z0,2-5s,4.0,297.0,0.0,0.1,-0.1,harmful,1,3,remote,0,4,0.0,0.0,0.0,0.0,0.0,0.0,0.0,0.0,2.75,2.75,2.75
7XXSOzDQ2z0_3,7XXSOzDQ2z0,2-5s,4.0,297.0,0.0,0.1,-0.1,harmful,1,4,remote,0,4,0.0,0.0,0.0,0.0,0.0,0.0,0.0,0.0,2.75,2.75,2.75
7XXSOzDQ2z0_3,7XXSOzDQ2z0,2-5s,4.0,297.0,0.0,0.1,-0.1,harmful,1,5,remote,0,4,0.0,0.0,0.0,0.0,0.0,0.0,0.0,0.0,2.75,2.75,2.75
7XXSOzDQ2z0_3,7XXSOzDQ2z0,2-5s,4.0,297.0,0.0,0.1,-0.1,harmful,1,6,remote,0,4,0.0,0.0,0.0,0.0,0.0,0.0,0.0,0.0,2.75,2.75,2.75
7XXSOzDQ2z0_3,7XXSOzDQ2z0,2-5s,4.0,297.0,0.0,0.1,-0.1,harmful,1,7,remote,0,4,0.0,0.0,0.0,0.0,0.0,0.0,0.0,0.0,2.75,2.75,2.75
7XXSOzDQ2z0_3,7XXSOzDQ2z0,2-5s,4.0,297.0,0.0,0.1,-0.1,harmful,1,8,remote,0,4,0.0,0.0,0.0,0.0,0.0,0.0,0.0,0.0,2.75,2.75,2.75
7XXSOzDQ2z0_3,7XXSOzDQ2z0,2-5s,4.0,297.0,0.0,0.1,-0.1,harmful,1,9,remote,0,4,0.0,0.0,0.0,0.0,0.0,0.0,0.0,0.0,2.75,2.75,2.75
7bO0AJI-ihs_1,7bO0AJI-ihs,2-5s,3.0,65.0,1.0,1.0,0.0,control,0,0,moderately_near,0,9,1.0,1.0,1.0,0.0,0.0,0.0,0.0,0.0,1.6666666666666667,2.0,2.3333333333333335
7bO0AJI-ihs_1,7bO0AJI-ihs,2-5s,3.0,65.0,1.0,1.0,0.0,control,0,1,moderately_near,0,9,1.0,1.0,1.0,0.0,0.0,0.0,1.0,-100.0,1.6666666666666667,2.0,2.3333333333333335
7bO0AJI-ihs_1,7bO0AJI-ihs,2-5s,3.0,65.0,1.0,1.0,0.0,control,0,2,moderately_near,0,9,1.0,1.0,1.0,0.0,0.0,0.0,1.0,-100.0,1.6666666666666667,2.0,2.3333333333333335
7bO0AJI-ihs_1,7bO0AJI-ihs,2-5s,3.0,65.0,1.0,1.0,0.0,control,0,3,moderately_near,0,9,1.0,1.0,1.0,0.0,0.0,0.0,0.0,0.0,1.6666666666666667,2.0,2.3333333333333335
7bO0AJI-ihs_1,7bO0AJI-ihs,2-5s,3.0,65.0,1.0,1.0,0.0,control,0,4,moderately_near,0,9,1.0,1.0,1.0,0.0,0.0,0.0,0.0,0.0,1.6666666666666667,2.0,2.3333333333333335
7bO0AJI-ihs_1,7bO0AJI-ihs,2-5s,3.0,65.0,1.0,1.0,0.0,control,0,5,moderately_near,0,9,1.0,1.0,1.0,0.0,0.0,0.0,0.0,0.0,1.6666666666666667,2.0,2.3333333333333335
7bO0AJI-ihs_1,7bO0AJI-ihs,2-5s,3.0,65.0,1.0,1.0,0.0,control,0,6,moderately_near,0,9,1.0,1.0,1.0,0.0,0.0,0.0,1.0,-100.0,1.6666666666666667,2.0,2.3333333333333335
7bO0AJI-ihs_1,7bO0AJI-ihs,2-5s,3.0,65.0,1.0,1.0,0.0,control,0,7,moderately_near,0,9,1.0,1.0,1.0,0.0,0.0,0.0,1.0,-100.0,1.6666666666666667,2.0,2.3333333333333335
7bO0AJI-ihs_1,7bO0AJI-ihs,2-5s,3.0,65.0,1.0,1.0,0.0,control,0,8,moderately_near,0,9,1.0,1.0,1.0,0.0,0.0,0.0,1.0,-100.0,1.6666666666666667,2.0,2.3333333333333335
7bO0AJI-ihs_1,7bO0AJI-ihs,2-5s,3.0,65.0,1.0,1.0,0.0,control,0,9,moderately_near,0,9,1.0,1.0,1.0,0.0,0.0,0.0,0.0,0.0,1.6666666666666667,2.0,2.3333333333333335
7bO0AJI-ihs_2,7bO0AJI-ihs,2-5s,4.0,65.0,1.0,1.0,0.0,control,0,0,remote,0,8,1.0,1.0,1.0,0.0,1.0,1.0,1.0,0.0,1.25,1.0,1.0
7bO0AJI-ihs_2,7bO0AJI-ihs,2-5s,4.0,65.0,1.0,1.0,0.0,control,0,1,remote,0,8,1.0,1.0,1.0,0.0,1.0,1.0,1.0,0.0,1.25,1.0,1.0
7bO0AJI-ihs_2,7bO0AJI-ihs,2-5s,4.0,65.0,1.0,1.0,0.0,control,0,2,remote,0,8,1.0,1.0,1.0,0.0,1.0,1.0,1.0,0.0,1.25,1.0,1.0
7bO0AJI-ihs_2,7bO0AJI-ihs,2-5s,4.0,65.0,1.0,1.0,0.0,control,0,3,remote,0,8,1.0,1.0,1.0,0.0,1.0,1.0,1.0,0.0,1.25,1.0,1.0
7bO0AJI-ihs_2,7bO0AJI-ihs,2-5s,4.0,65.0,1.0,1.0,0.0,control,0,4,remote,0,8,1.0,1.0,1.0,0.0,1.0,1.0,1.0,0.0,1.25,1.0,1.25
7bO0AJI-ihs_2,7bO0AJI-ihs,2-5s,4.0,65.0,1.0,1.0,0.0,control,0,5,remote,0,8,1.0,1.0,1.0,0.0,1.0,1.0,1.0,0.0,1.25,1.0,1.25
7bO0AJI-ihs_2,7bO0AJI-ihs,2-5s,4.0,65.0,1.0,1.0,0.0,control,0,6,remote,0,8,1.0,1.0,1.0,0.0,1.0,1.0,1.0,0.0,1.25,1.0,1.25
7bO0AJI-ihs_2,7bO0AJI-ihs,2-5s,4.0,65.0,1.0,1.0,0.0,control,0,7,remote,0,8,1.0,1.0,1.0,0.0,1.0,1.0,1.0,0.0,1.25,1.0,1.0
7bO0AJI-ihs_2,7bO0AJI-ihs,2-5s,4.0,65.0,1.0,1.0,0.0,control,0,8,remote,0,8,1.0,1.0,1.0,0.0,1.0,1.0,1.0,0.0,1.25,1.0,1.25
7bO0AJI-ihs_2,7bO0AJI-ihs,2-5s,4.0,65.0,1.0,1.0,0.0,control,0,9,remote,0,8,1.0,1.0,1.0,0.0,1.0,1.0,1.0,0.0,1.25,1.0,1.0
7upINC4seBw_1,7upINC4seBw,2-5s,3.0,182.0,1.0,1.0,0.0,control,0,0,remote,0,1,1.0,1.0,1.0,0.0,0.0,0.0,0.0,0.0,2.0,2.3333333333333335,2.0
7upINC4seBw_1,7upINC4seBw,2-5s,3.0,182.0,1.0,1.0,0.0,control,0,1,remote,0,1,1.0,1.0,1.0,0.0,0.0,0.0,0.0,0.0,2.0,2.3333333333333335,2.0
7upINC4seBw_1,7upINC4seBw,2-5s,3.0,182.0,1.0,1.0,0.0,control,0,2,remote,0,1,1.0,1.0,1.0,0.0,0.0,0.0,0.0,0.0,2.0,2.3333333333333335,2.0
7upINC4seBw_1,7upINC4seBw,2-5s,3.0,182.0,1.0,1.0,0.0,control,0,3,remote,0,1,1.0,1.0,1.0,0.0,0.0,0.0,0.0,0.0,2.0,2.3333333333333335,2.0
7upINC4seBw_1,7upINC4seBw,2-5s,3.0,182.0,1.0,1.0,0.0,control,0,4,remote,0,1,1.0,1.0,1.0,0.0,0.0,0.0,0.0,0.0,2.0,2.3333333333333335,2.0
7upINC4seBw_1,7upINC4seBw,2-5s,3.0,182.0,1.0,1.0,0.0,control,0,5,remote,0,1,1.0,1.0,1.0,0.0,0.0,0.0,0.0,0.0,2.0,2.3333333333333335,2.0
7upINC4seBw_1,7upINC4seBw,2-5s,3.0,182.0,1.0,1.0,0.0,control,0,6,remote,0,1,1.0,1.0,1.0,0.0,0.0,0.0,0.0,0.0,2.0,2.3333333333333335,2.0
7upINC4seBw_1,7upINC4seBw,2-5s,3.0,182.0,1.0,1.0,0.0,control,0,7,remote,0,1,1.0,1.0,1.0,0.0,0.0,0.0,0.0,0.0,2.0,2.3333333333333335,2.0
7upINC4seBw_1,7upINC4seBw,2-5s,3.0,182.0,1.0,1.0,0.0,control,0,8,remote,0,1,1.0,1.0,1.0,0.0,0.0,0.0,0.0,0.0,2.0,2.3333333333333335,2.0
7upINC4seBw_1,7upINC4seBw,2-5s,3.0,182.0,1.0,1.0,0.0,control,0,9,remote,0,1,1.0,1.0,1.0,0.0,0.0,0.0,0.0,0.0,2.0,2.3333333333333335,2.0
83j4GgHXTLE_1,83j4GgHXTLE,2-5s,3.0,220.0,0.0,0.3,-0.3,harmful,0,0,remote,0,6,1.0,1.0,1.0,0.0,0.0,0.0,0.0,0.0,3.0,3.0,3.0
83j4GgHXTLE_1,83j4GgHXTLE,2-5s,3.0,220.0,0.0,0.3,-0.3,harmful,0,1,remote,0,6,1.0,1.0,1.0,0.0,0.0,0.0,0.0,0.0,3.0,3.0,3.0
83j4GgHXTLE_1,83j4GgHXTLE,2-5s,3.0,220.0,0.0,0.3,-0.3,harmful,0,2,remote,0,6,1.0,1.0,1.0,0.0,0.0,0.0,0.0,0.0,3.0,3.0,3.0
83j4GgHXTLE_1,83j4GgHXTLE,2-5s,3.0,220.0,0.0,0.3,-0.3,harmful,0,3,remote,0,6,1.0,1.0,1.0,0.0,0.0,0.0,0.0,0.0,3.0,3.0,3.0
83j4GgHXTLE_1,83j4GgHXTLE,2-5s,3.0,220.0,0.0,0.3,-0.3,harmful,0,4,remote,0,6,1.0,1.0,1.0,0.0,0.0,0.0,0.0,0.0,3.0,3.0,3.0
83j4GgHXTLE_1,83j4GgHXTLE,2-5s,3.0,220.0,0.0,0.3,-0.3,harmful,0,5,remote,0,6,1.0,1.0,1.0,0.0,0.0,0.0,0.0,0.0,3.0,3.0,3.0
83j4GgHXTLE_1,83j4GgHXTLE,2-5s,3.0,220.0,0.0,0.3,-0.3,harmful,0,6,remote,0,6,1.0,1.0,1.0,0.0,0.0,0.0,0.0,0.0,3.0,3.0,3.0
83j4GgHXTLE_1,83j4GgHXTLE,2-5s,3.0,220.0,0.0,0.3,-0.3,harmful,0,7,remote,0,6,1.0,1.0,1.0,0.0,0.0,0.0,0.0,0.0,3.0,3.0,3.0
83j4GgHXTLE_1,83j4GgHXTLE,2-5s,3.0,220.0,0.0,0.3,-0.3,harmful,0,8,remote,0,6,1.0,1.0,1.0,0.0,0.0,0.0,0.0,0.0,3.0,3.0,3.0
83j4GgHXTLE_1,83j4GgHXTLE,2-5s,3.0,220.0,0.0,0.3,-0.3,harmful,0,9,remote,0,6,1.0,1.0,1.0,0.0,0.0,0.0,0.0,0.0,3.0,3.0,3.0
8OTd45_6cvY_2,8OTd45_6cvY,2-5s,2.0,299.0,1.0,0.6,0.4,control,0,0,moderately_near,1,11,1.0,1.0,1.0,0.0,0.0,0.0,0.0,0.0,4.0,4.5,4.5
8OTd45_6cvY_2,8OTd45_6cvY,2-5s,2.0,299.0,1.0,0.6,0.4,control,0,1,moderately_near,1,11,1.0,1.0,1.0,0.0,0.0,0.0,0.0,0.0,4.0,4.5,4.5
8OTd45_6cvY_2,8OTd45_6cvY,2-5s,2.0,299.0,1.0,0.6,0.4,control,0,2,moderately_near,1,11,1.0,1.0,1.0,0.0,0.0,0.0,0.0,0.0,4.0,4.5,4.5
8OTd45_6cvY_2,8OTd45_6cvY,2-5s,2.0,299.0,1.0,0.6,0.4,control,0,3,moderately_near,1,11,1.0,1.0,1.0,0.0,0.0,0.0,0.0,0.0,4.0,4.5,4.5
8OTd45_6cvY_2,8OTd45_6cvY,2-5s,2.0,299.0,1.0,0.6,0.4,control,0,4,moderately_near,1,11,1.0,1.0,1.0,0.0,0.0,0.0,0.0,0.0,4.0,4.5,4.5
8OTd45_6cvY_2,8OTd45_6cvY,2-5s,2.0,299.0,1.0,0.6,0.4,control,0,5,moderately_near,1,11,1.0,1.0,1.0,0.0,0.0,0.0,0.0,0.0,4.0,4.5,4.5
8OTd45_6cvY_2,8OTd45_6cvY,2-5s,2.0,299.0,1.0,0.6,0.4,control,0,6,moderately_near,1,11,1.0,1.0,1.0,0.0,0.0,0.0,0.0,0.0,4.0,4.5,4.5
8OTd45_6cvY_2,8OTd45_6cvY,2-5s,2.0,299.0,1.0,0.6,0.4,control,0,7,moderately_near,1,11,1.0,1.0,1.0,0.0,0.0,0.0,0.0,0.0,4.0,4.5,4.5
8OTd45_6cvY_2,8OTd45_6cvY,2-5s,2.0,299.0,1.0,0.6,0.4,control,0,8,moderately_near,1,11,1.0,1.0,1.0,0.0,0.0,0.0,0.0,0.0,4.0,4.5,4.5
8OTd45_6cvY_2,8OTd45_6cvY,2-5s,2.0,299.0,1.0,0.6,0.4,control,0,9,moderately_near,1,11,1.0,1.0,0.0,100.0,0.0,0.0,0.0,0.0,4.0,4.5,4.5
8OTd45_6cvY_4,8OTd45_6cvY,2-5s,4.0,299.0,1.0,0.9,0.09999999999999998,control,0,0,remote,0,4,1.0,1.0,1.0,0.0,0.0,0.0,0.0,0.0,2.5,2.5,2.5
8OTd45_6cvY_4,8OTd45_6cvY,2-5s,4.0,299.0,1.0,0.9,0.09999999999999998,control,0,1,remote,0,4,1.0,1.0,1.0,0.0,0.0,0.0,0.0,0.0,2.5,2.5,2.25
8OTd45_6cvY_4,8OTd45_6cvY,2-5s,4.0,299.0,1.0,0.9,0.09999999999999998,control,0,2,remote,0,4,1.0,1.0,1.0,0.0,0.0,0.0,0.0,0.0,2.5,2.5,2.5
8OTd45_6cvY_4,8OTd45_6cvY,2-5s,4.0,299.0,1.0,0.9,0.09999999999999998,control,0,3,remote,0,4,1.0,1.0,1.0,0.0,0.0,0.0,0.0,0.0,2.5,2.5,2.5
8OTd45_6cvY_4,8OTd45_6cvY,2-5s,4.0,299.0,1.0,0.9,0.09999999999999998,control,0,4,remote,0,4,1.0,1.0,1.0,0.0,0.0,0.0,0.0,0.0,2.5,2.5,2.25
8OTd45_6cvY_4,8OTd45_6cvY,2-5s,4.0,299.0,1.0,0.9,0.09999999999999998,control,0,5,remote,0,4,1.0,1.0,1.0,0.0,0.0,0.0,0.0,0.0,2.5,2.5,2.25
8OTd45_6cvY_4,8OTd45_6cvY,2-5s,4.0,299.0,1.0,0.9,0.09999999999999998,control,0,6,remote,0,4,1.0,1.0,1.0,0.0,0.0,0.0,0.0,0.0,2.5,2.5,2.25
8OTd45_6cvY_4,8OTd45_6cvY,2-5s,4.0,299.0,1.0,0.9,0.09999999999999998,control,0,7,remote,0,4,1.0,1.0,1.0,0.0,0.0,0.0,0.0,0.0,2.5,2.5,2.5
8OTd45_6cvY_4,8OTd45_6cvY,2-5s,4.0,299.0,1.0,0.9,0.09999999999999998,control,0,8,remote,0,4,1.0,1.0,1.0,0.0,0.0,0.0,0.0,0.0,2.5,2.5,2.5
8OTd45_6cvY_4,8OTd45_6cvY,2-5s,4.0,299.0,1.0,0.9,0.09999999999999998,control,0,9,remote,0,4,1.0,1.0,1.0,0.0,0.0,0.0,0.0,0.0,2.5,2.5,2.5
8b9z7N25DmU_1,8b9z7N25DmU,2-5s,2.0,268.0,1.0,0.9,0.09999999999999998,control,0,0,remote,0,11,1.0,1.0,1.0,0.0,0.0,0.0,0.0,0.0,9.0,9.0,9.0
8b9z7N25DmU_1,8b9z7N25DmU,2-5s,2.0,268.0,1.0,0.9,0.09999999999999998,control,0,1,remote,0,11,1.0,1.0,1.0,0.0,0.0,0.0,0.0,0.0,9.0,9.0,9.0
8b9z7N25DmU_1,8b9z7N25DmU,2-5s,2.0,268.0,1.0,0.9,0.09999999999999998,control,0,2,remote,0,11,1.0,1.0,1.0,0.0,0.0,0.0,0.0,0.0,9.0,9.0,9.0
8b9z7N25DmU_1,8b9z7N25DmU,2-5s,2.0,268.0,1.0,0.9,0.09999999999999998,control,0,3,remote,0,11,1.0,1.0,1.0,0.0,0.0,0.0,0.0,0.0,9.0,9.0,6.5
8b9z7N25DmU_1,8b9z7N25DmU,2-5s,2.0,268.0,1.0,0.9,0.09999999999999998,control,0,4,remote,0,11,1.0,1.0,1.0,0.0,0.0,0.0,0.0,0.0,9.0,9.0,9.0
8b9z7N25DmU_1,8b9z7N25DmU,2-5s,2.0,268.0,1.0,0.9,0.09999999999999998,control,0,5,remote,0,11,1.0,1.0,1.0,0.0,0.0,0.0,0.0,0.0,9.0,9.0,9.0
8b9z7N25DmU_1,8b9z7N25DmU,2-5s,2.0,268.0,1.0,0.9,0.09999999999999998,control,0,6,remote,0,11,1.0,1.0,1.0,0.0,0.0,0.0,0.0,0.0,9.0,9.0,6.0
8b9z7N25DmU_1,8b9z7N25DmU,2-5s,2.0,268.0,1.0,0.9,0.09999999999999998,control,0,7,remote,0,11,1.0,1.0,1.0,0.0,0.0,0.0,0.0,0.0,9.0,9.0,8.5
8b9z7N25DmU_1,8b9z7N25DmU,2-5s,2.0,268.0,1.0,0.9,0.09999999999999998,control,0,8,remote,0,11,1.0,1.0,1.0,0.0,0.0,0.0,0.0,0.0,9.0,9.0,9.0
8b9z7N25DmU_1,8b9z7N25DmU,2-5s,2.0,268.0,1.0,0.9,0.09999999999999998,control,0,9,remote,0,11,1.0,1.0,1.0,0.0,0.0,0.0,0.0,0.0,9.0,9.0,9.0
8o-Y4QP8LWs_2,8o-Y4QP8LWs,2-5s,4.0,300.0,0.0,0.3,-0.3,harmful,1,0,moderately_near,0,8,0.0,1.0,0.0,100.0,0.0,0.0,0.0,0.0,3.0,2.75,3.0
8o-Y4QP8LWs_2,8o-Y4QP8LWs,2-5s,4.0,300.0,0.0,0.3,-0.3,harmful,1,1,moderately_near,0,8,0.0,1.0,0.0,100.0,0.0,0.0,0.0,0.0,3.0,2.75,3.0
8o-Y4QP8LWs_2,8o-Y4QP8LWs,2-5s,4.0,300.0,0.0,0.3,-0.3,harmful,1,2,moderately_near,0,8,0.0,1.0,0.0,100.0,0.0,0.0,0.0,0.0,3.0,2.75,3.25
8o-Y4QP8LWs_2,8o-Y4QP8LWs,2-5s,4.0,300.0,0.0,0.3,-0.3,harmful,1,3,moderately_near,0,8,0.0,1.0,0.0,100.0,0.0,0.0,0.0,0.0,3.0,2.75,3.0
8o-Y4QP8LWs_2,8o-Y4QP8LWs,2-5s,4.0,300.0,0.0,0.3,-0.3,harmful,1,4,moderately_near,0,8,0.0,1.0,0.0,100.0,0.0,0.0,0.0,0.0,3.0,2.75,3.0
8o-Y4QP8LWs_2,8o-Y4QP8LWs,2-5s,4.0,300.0,0.0,0.3,-0.3,harmful,1,5,moderately_near,0,8,0.0,1.0,0.0,100.0,0.0,0.0,0.0,0.0,3.0,2.75,3.0
8o-Y4QP8LWs_2,8o-Y4QP8LWs,2-5s,4.0,300.0,0.0,0.3,-0.3,harmful,1,6,moderately_near,0,8,0.0,1.0,0.0,100.0,0.0,0.0,0.0,0.0,3.0,2.75,3.0
8o-Y4QP8LWs_2,8o-Y4QP8LWs,2-5s,4.0,300.0,0.0,0.3,-0.3,harmful,1,7,moderately_near,0,8,0.0,1.0,0.0,100.0,0.0,0.0,0.0,0.0,3.0,2.75,3.25
8o-Y4QP8LWs_2,8o-Y4QP8LWs,2-5s,4.0,300.0,0.0,0.3,-0.3,harmful,1,8,moderately_near,0,8,0.0,1.0,0.0,100.0,0.0,0.0,0.0,0.0,3.0,2.75,3.0
8o-Y4QP8LWs_2,8o-Y4QP8LWs,2-5s,4.0,300.0,0.0,0.3,-0.3,harmful,1,9,moderately_near,0,8,0.0,1.0,0.0,100.0,0.0,0.0,0.0,0.0,3.0,2.75,3.0
8ycflE3dIHw_2,8ycflE3dIHw,2-5s,2.0,299.0,1.0,0.8,0.19999999999999996,control,0,0,remote,0,27,1.0,1.0,1.0,0.0,0.0,0.0,0.0,0.0,2.5,3.0,2.5
8ycflE3dIHw_2,8ycflE3dIHw,2-5s,2.0,299.0,1.0,0.8,0.19999999999999996,control,0,1,remote,0,27,1.0,1.0,1.0,0.0,0.0,0.0,0.0,0.0,2.5,3.0,2.5
8ycflE3dIHw_2,8ycflE3dIHw,2-5s,2.0,299.0,1.0,0.8,0.19999999999999996,control,0,2,remote,0,27,1.0,1.0,1.0,0.0,0.0,0.0,0.0,0.0,2.5,3.0,2.5
8ycflE3dIHw_2,8ycflE3dIHw,2-5s,2.0,299.0,1.0,0.8,0.19999999999999996,control,0,3,remote,0,27,1.0,1.0,1.0,0.0,0.0,0.0,0.0,0.0,2.5,3.0,2.5
8ycflE3dIHw_2,8ycflE3dIHw,2-5s,2.0,299.0,1.0,0.8,0.19999999999999996,control,0,4,remote,0,27,1.0,1.0,1.0,0.0,0.0,0.0,0.0,0.0,2.5,3.0,2.5
8ycflE3dIHw_2,8ycflE3dIHw,2-5s,2.0,299.0,1.0,0.8,0.19999999999999996,control,0,5,remote,0,27,1.0,1.0,1.0,0.0,0.0,0.0,0.0,0.0,2.5,3.0,2.5
8ycflE3dIHw_2,8ycflE3dIHw,2-5s,2.0,299.0,1.0,0.8,0.19999999999999996,control,0,6,remote,0,27,1.0,1.0,1.0,0.0,0.0,0.0,0.0,0.0,2.5,3.0,2.5
8ycflE3dIHw_2,8ycflE3dIHw,2-5s,2.0,299.0,1.0,0.8,0.19999999999999996,control,0,7,remote,0,27,1.0,1.0,1.0,0.0,0.0,0.0,0.0,0.0,2.5,3.0,2.5
8ycflE3dIHw_2,8ycflE3dIHw,2-5s,2.0,299.0,1.0,0.8,0.19999999999999996,control,0,8,remote,0,27,1.0,1.0,1.0,0.0,0.0,0.0,0.0,0.0,2.5,3.0,2.5
8ycflE3dIHw_2,8ycflE3dIHw,2-5s,2.0,299.0,1.0,0.8,0.19999999999999996,control,0,9,remote,0,27,1.0,1.0,1.0,0.0,0.0,0.0,0.0,0.0,2.5,3.0,2.5
9F3sutgYTvo_1,9F3sutgYTvo,2-5s,4.0,69.0,1.0,1.0,0.0,control,0,0,adjacent,0,2,1.0,1.0,1.0,0.0,1.0,1.0,1.0,0.0,1.75,1.0,1.75
9F3sutgYTvo_1,9F3sutgYTvo,2-5s,4.0,69.0,1.0,1.0,0.0,control,0,1,adjacent,0,2,1.0,1.0,1.0,0.0,1.0,1.0,1.0,0.0,1.75,1.0,1.75
9F3sutgYTvo_1,9F3sutgYTvo,2-5s,4.0,69.0,1.0,1.0,0.0,control,0,2,adjacent,0,2,1.0,1.0,1.0,0.0,1.0,1.0,1.0,0.0,1.75,1.0,1.75
9F3sutgYTvo_1,9F3sutgYTvo,2-5s,4.0,69.0,1.0,1.0,0.0,control,0,3,adjacent,0,2,1.0,1.0,1.0,0.0,1.0,1.0,1.0,0.0,1.75,1.0,1.75
9F3sutgYTvo_1,9F3sutgYTvo,2-5s,4.0,69.0,1.0,1.0,0.0,control,0,4,adjacent,0,2,1.0,1.0,1.0,0.0,1.0,1.0,1.0,0.0,1.75,1.0,1.75
9F3sutgYTvo_1,9F3sutgYTvo,2-5s,4.0,69.0,1.0,1.0,0.0,control,0,5,adjacent,0,2,1.0,1.0,1.0,0.0,1.0,1.0,1.0,0.0,1.75,1.0,1.75
9F3sutgYTvo_1,9F3sutgYTvo,2-5s,4.0,69.0,1.0,1.0,0.0,control,0,6,adjacent,0,2,1.0,1.0,1.0,0.0,1.0,1.0,1.0,0.0,1.75,1.0,1.75
9F3sutgYTvo_1,9F3sutgYTvo,2-5s,4.0,69.0,1.0,1.0,0.0,control,0,7,adjacent,0,2,1.0,1.0,1.0,0.0,1.0,1.0,1.0,0.0,1.75,1.0,1.75
9F3sutgYTvo_1,9F3sutgYTvo,2-5s,4.0,69.0,1.0,1.0,0.0,control,0,8,adjacent,0,2,1.0,1.0,1.0,0.0,1.0,1.0,1.0,0.0,1.75,1.0,1.75
9F3sutgYTvo_1,9F3sutgYTvo,2-5s,4.0,69.0,1.0,1.0,0.0,control,0,9,adjacent,0,2,1.0,1.0,1.0,0.0,1.0,1.0,1.0,0.0,1.75,1.0,1.75
9F3sutgYTvo_2,9F3sutgYTvo,2-5s,2.0,69.0,0.0,0.8,-0.8,harmful,0,0,remote,0,7,1.0,1.0,1.0,0.0,0.0,0.0,0.0,0.0,3.0,3.0,3.0
9F3sutgYTvo_2,9F3sutgYTvo,2-5s,2.0,69.0,0.0,0.8,-0.8,harmful,0,1,remote,0,7,1.0,1.0,1.0,0.0,0.0,0.0,0.0,0.0,3.0,3.0,3.0
9F3sutgYTvo_2,9F3sutgYTvo,2-5s,2.0,69.0,0.0,0.8,-0.8,harmful,0,2,remote,0,7,1.0,1.0,1.0,0.0,0.0,0.0,0.0,0.0,3.0,3.0,3.0
9F3sutgYTvo_2,9F3sutgYTvo,2-5s,2.0,69.0,0.0,0.8,-0.8,harmful,0,3,remote,0,7,1.0,1.0,1.0,0.0,0.0,0.0,0.0,0.0,3.0,3.0,3.0
9F3sutgYTvo_2,9F3sutgYTvo,2-5s,2.0,69.0,0.0,0.8,-0.8,harmful,0,4,remote,0,7,1.0,1.0,1.0,0.0,0.0,0.0,0.0,0.0,3.0,3.0,3.0
9F3sutgYTvo_2,9F3sutgYTvo,2-5s,2.0,69.0,0.0,0.8,-0.8,harmful,0,5,remote,0,7,1.0,1.0,1.0,0.0,0.0,0.0,0.0,0.0,3.0,3.0,3.0
9F3sutgYTvo_2,9F3sutgYTvo,2-5s,2.0,69.0,0.0,0.8,-0.8,harmful,0,6,remote,0,7,1.0,1.0,1.0,0.0,0.0,0.0,0.0,0.0,3.0,3.0,3.0
9F3sutgYTvo_2,9F3sutgYTvo,2-5s,2.0,69.0,0.0,0.8,-0.8,harmful,0,7,remote,0,7,1.0,1.0,1.0,0.0,0.0,0.0,0.0,0.0,3.0,3.0,3.0
9F3sutgYTvo_2,9F3sutgYTvo,2-5s,2.0,69.0,0.0,0.8,-0.8,harmful,0,8,remote,0,7,1.0,1.0,1.0,0.0,0.0,0.0,0.0,0.0,3.0,3.0,3.0
9F3sutgYTvo_2,9F3sutgYTvo,2-5s,2.0,69.0,0.0,0.8,-0.8,harmful,0,9,remote,0,7,1.0,1.0,1.0,0.0,0.0,0.0,0.0,0.0,3.0,3.0,3.0
9dLLsZVRSZI_1,9dLLsZVRSZI,0-2s,1.0,225.0,0.0,1.0,-1.0,harmful,0,0,adjacent,0,1,1.0,1.0,1.0,0.0,0.0,0.0,0.0,0.0,4.0,4.0,4.0
9dLLsZVRSZI_1,9dLLsZVRSZI,0-2s,1.0,225.0,0.0,1.0,-1.0,harmful,0,1,adjacent,0,1,1.0,1.0,1.0,0.0,0.0,0.0,0.0,0.0,4.0,4.0,4.0
9dLLsZVRSZI_1,9dLLsZVRSZI,0-2s,1.0,225.0,0.0,1.0,-1.0,harmful,0,2,adjacent,0,1,1.0,1.0,1.0,0.0,0.0,0.0,0.0,0.0,4.0,4.0,4.0
9dLLsZVRSZI_1,9dLLsZVRSZI,0-2s,1.0,225.0,0.0,1.0,-1.0,harmful,0,3,adjacent,0,1,1.0,1.0,1.0,0.0,0.0,0.0,0.0,0.0,4.0,4.0,4.0
9dLLsZVRSZI_1,9dLLsZVRSZI,0-2s,1.0,225.0,0.0,1.0,-1.0,harmful,0,4,adjacent,0,1,1.0,1.0,1.0,0.0,0.0,0.0,0.0,0.0,4.0,4.0,4.0
9dLLsZVRSZI_1,9dLLsZVRSZI,0-2s,1.0,225.0,0.0,1.0,-1.0,harmful,0,5,adjacent,0,1,1.0,1.0,1.0,0.0,0.0,0.0,0.0,0.0,4.0,4.0,4.0
9dLLsZVRSZI_1,9dLLsZVRSZI,0-2s,1.0,225.0,0.0,1.0,-1.0,harmful,0,6,adjacent,0,1,1.0,1.0,1.0,0.0,0.0,0.0,0.0,0.0,4.0,4.0,4.0
9dLLsZVRSZI_1,9dLLsZVRSZI,0-2s,1.0,225.0,0.0,1.0,-1.0,harmful,0,7,adjacent,0,1,1.0,1.0,1.0,0.0,0.0,0.0,0.0,0.0,4.0,4.0,4.0
9dLLsZVRSZI_1,9dLLsZVRSZI,0-2s,1.0,225.0,0.0,1.0,-1.0,harmful,0,8,adjacent,0,1,1.0,1.0,1.0,0.0,0.0,0.0,0.0,0.0,4.0,4.0,4.0
9dLLsZVRSZI_1,9dLLsZVRSZI,0-2s,1.0,225.0,0.0,1.0,-1.0,harmful,0,9,adjacent,0,1,1.0,1.0,1.0,0.0,0.0,0.0,0.0,0.0,4.0,4.0,4.0
9ucb5HYO8ps_2,9ucb5HYO8ps,2-5s,2.0,238.0,0.0,1.0,-1.0,harmful,0,0,remote,0,43,1.0,1.0,1.0,0.0,0.0,0.0,0.0,0.0,5.0,4.0,4.5
9ucb5HYO8ps_2,9ucb5HYO8ps,2-5s,2.0,238.0,0.0,1.0,-1.0,harmful,0,1,remote,0,43,1.0,1.0,1.0,0.0,0.0,0.0,0.0,0.0,5.0,4.0,5.0
9ucb5HYO8ps_2,9ucb5HYO8ps,2-5s,2.0,238.0,0.0,1.0,-1.0,harmful,0,2,remote,0,43,1.0,1.0,1.0,0.0,0.0,0.0,0.0,0.0,5.0,4.0,4.5
9ucb5HYO8ps_2,9ucb5HYO8ps,2-5s,2.0,238.0,0.0,1.0,-1.0,harmful,0,3,remote,0,43,1.0,1.0,1.0,0.0,0.0,0.0,0.0,0.0,5.0,4.0,4.5
9ucb5HYO8ps_2,9ucb5HYO8ps,2-5s,2.0,238.0,0.0,1.0,-1.0,harmful,0,4,remote,0,43,1.0,1.0,0.0,100.0,0.0,0.0,0.0,0.0,5.0,4.0,4.5
9ucb5HYO8ps_2,9ucb5HYO8ps,2-5s,2.0,238.0,0.0,1.0,-1.0,harmful,0,5,remote,0,43,1.0,1.0,1.0,0.0,0.0,0.0,0.0,0.0,5.0,4.0,5.0
9ucb5HYO8ps_2,9ucb5HYO8ps,2-5s,2.0,238.0,0.0,1.0,-1.0,harmful,0,6,remote,0,43,1.0,1.0,1.0,0.0,0.0,0.0,0.0,0.0,5.0,4.0,4.5
9ucb5HYO8ps_2,9ucb5HYO8ps,2-5s,2.0,238.0,0.0,1.0,-1.0,harmful,0,7,remote,0,43,1.0,1.0,1.0,0.0,0.0,0.0,0.0,0.0,5.0,4.0,4.5
9ucb5HYO8ps_2,9ucb5HYO8ps,2-5s,2.0,238.0,0.0,1.0,-1.0,harmful,0,8,remote,0,43,1.0,1.0,1.0,0.0,0.0,0.0,0.0,0.0,5.0,4.0,4.5
9ucb5HYO8ps_2,9ucb5HYO8ps,2-5s,2.0,238.0,0.0,1.0,-1.0,harmful,0,9,remote,0,43,1.0,1.0,1.0,0.0,0.0,0.0,0.0,0.0,5.0,4.0,4.5
9vZDsGjyh5M_1,9vZDsGjyh5M,2-5s,2.0,117.0,0.0,0.9,-0.9,harmful,0,0,remote,0,1,1.0,1.0,1.0,0.0,0.0,0.0,0.0,0.0,1.5,1.5,1.5
9vZDsGjyh5M_1,9vZDsGjyh5M,2-5s,2.0,117.0,0.0,0.9,-0.9,harmful,0,1,remote,0,1,1.0,1.0,1.0,0.0,0.0,0.0,0.0,0.0,1.5,1.5,1.5
9vZDsGjyh5M_1,9vZDsGjyh5M,2-5s,2.0,117.0,0.0,0.9,-0.9,harmful,0,2,remote,0,1,1.0,1.0,1.0,0.0,0.0,0.0,0.0,0.0,1.5,1.5,1.5
9vZDsGjyh5M_1,9vZDsGjyh5M,2-5s,2.0,117.0,0.0,0.9,-0.9,harmful,0,3,remote,0,1,1.0,1.0,1.0,0.0,0.0,0.0,0.0,0.0,1.5,1.5,1.5
9vZDsGjyh5M_1,9vZDsGjyh5M,2-5s,2.0,117.0,0.0,0.9,-0.9,harmful,0,4,remote,0,1,1.0,1.0,1.0,0.0,0.0,0.0,0.0,0.0,1.5,1.5,1.5
9vZDsGjyh5M_1,9vZDsGjyh5M,2-5s,2.0,117.0,0.0,0.9,-0.9,harmful,0,5,remote,0,1,1.0,1.0,1.0,0.0,0.0,0.0,0.0,0.0,1.5,1.5,1.5
9vZDsGjyh5M_1,9vZDsGjyh5M,2-5s,2.0,117.0,0.0,0.9,-0.9,harmful,0,6,remote,0,1,1.0,1.0,1.0,0.0,0.0,0.0,0.0,0.0,1.5,1.5,1.5
9vZDsGjyh5M_1,9vZDsGjyh5M,2-5s,2.0,117.0,0.0,0.9,-0.9,harmful,0,7,remote,0,1,1.0,1.0,1.0,0.0,0.0,0.0,0.0,0.0,1.5,1.5,1.5
9vZDsGjyh5M_1,9vZDsGjyh5M,2-5s,2.0,117.0,0.0,0.9,-0.9,harmful,0,8,remote,0,1,1.0,1.0,1.0,0.0,0.0,0.0,0.0,0.0,1.5,1.5,1.5
9vZDsGjyh5M_1,9vZDsGjyh5M,2-5s,2.0,117.0,0.0,0.9,-0.9,harmful,0,9,remote,0,1,1.0,1.0,1.0,0.0,0.0,0.0,0.0,0.0,1.5,1.5,1.5
9z2OwpftxUE_2,9z2OwpftxUE,2-5s,2.0,208.0,0.0,0.5,-0.5,harmful,1,0,remote,0,1,0.0,0.0,0.0,0.0,0.0,0.0,0.0,0.0,8.5,9.0,8.5
9z2OwpftxUE_2,9z2OwpftxUE,2-5s,2.0,208.0,0.0,0.5,-0.5,harmful,1,1,remote,0,1,0.0,0.0,0.0,0.0,0.0,0.0,0.0,0.0,8.5,9.0,8.5
9z2OwpftxUE_2,9z2OwpftxUE,2-5s,2.0,208.0,0.0,0.5,-0.5,harmful,1,2,remote,0,1,0.0,0.0,0.0,0.0,0.0,0.0,0.0,0.0,8.5,9.0,8.5
9z2OwpftxUE_2,9z2OwpftxUE,2-5s,2.0,208.0,0.0,0.5,-0.5,harmful,1,3,remote,0,1,0.0,0.0,0.0,0.0,0.0,0.0,0.0,0.0,8.5,9.0,8.5
9z2OwpftxUE_2,9z2OwpftxUE,2-5s,2.0,208.0,0.0,0.5,-0.5,harmful,1,4,remote,0,1,0.0,0.0,0.0,0.0,0.0,0.0,0.0,0.0,8.5,9.0,8.5
9z2OwpftxUE_2,9z2OwpftxUE,2-5s,2.0,208.0,0.0,0.5,-0.5,harmful,1,5,remote,0,1,0.0,0.0,0.0,0.0,0.0,0.0,0.0,0.0,8.5,9.0,8.5
9z2OwpftxUE_2,9z2OwpftxUE,2-5s,2.0,208.0,0.0,0.5,-0.5,harmful,1,6,remote,0,1,0.0,0.0,0.0,0.0,0.0,0.0,0.0,0.0,8.5,9.0,8.5
9z2OwpftxUE_2,9z2OwpftxUE,2-5s,2.0,208.0,0.0,0.5,-0.5,harmful,1,7,remote,0,1,0.0,0.0,0.0,0.0,0.0,0.0,0.0,0.0,8.5,9.0,8.5
9z2OwpftxUE_2,9z2OwpftxUE,2-5s,2.0,208.0,0.0,0.5,-0.5,harmful,1,8,remote,0,1,0.0,0.0,0.0,0.0,0.0,0.0,0.0,0.0,8.5,9.0,8.0
9z2OwpftxUE_2,9z2OwpftxUE,2-5s,2.0,208.0,0.0,0.5,-0.5,harmful,1,9,remote,0,1,0.0,0.0,0.0,0.0,0.0,0.0,0.0,0.0,8.5,9.0,8.5
A61Mry8zBwE_1,A61Mry8zBwE,0-2s,1.0,132.0,0.0,0.0,0.0,control,1,0,remote,0,6,0.0,0.0,0.0,0.0,0.0,0.0,0.0,0.0,4.0,8.0,4.0
A61Mry8zBwE_1,A61Mry8zBwE,0-2s,1.0,132.0,0.0,0.0,0.0,control,1,1,remote,0,6,0.0,0.0,0.0,0.0,0.0,0.0,0.0,0.0,4.0,8.0,4.0
A61Mry8zBwE_1,A61Mry8zBwE,0-2s,1.0,132.0,0.0,0.0,0.0,control,1,2,remote,0,6,0.0,0.0,0.0,0.0,0.0,0.0,0.0,0.0,4.0,8.0,5.0
A61Mry8zBwE_1,A61Mry8zBwE,0-2s,1.0,132.0,0.0,0.0,0.0,control,1,3,remote,0,6,0.0,0.0,0.0,0.0,0.0,0.0,0.0,0.0,4.0,8.0,4.0
A61Mry8zBwE_1,A61Mry8zBwE,0-2s,1.0,132.0,0.0,0.0,0.0,control,1,4,remote,0,6,0.0,0.0,0.0,0.0,0.0,0.0,0.0,0.0,4.0,8.0,5.0
A61Mry8zBwE_1,A61Mry8zBwE,0-2s,1.0,132.0,0.0,0.0,0.0,control,1,5,remote,0,6,0.0,0.0,0.0,0.0,0.0,0.0,0.0,0.0,4.0,8.0,4.0
A61Mry8zBwE_1,A61Mry8zBwE,0-2s,1.0,132.0,0.0,0.0,0.0,control,1,6,remote,0,6,0.0,0.0,0.0,0.0,0.0,0.0,0.0,0.0,4.0,8.0,4.0
A61Mry8zBwE_1,A61Mry8zBwE,0-2s,1.0,132.0,0.0,0.0,0.0,control,1,7,remote,0,6,0.0,0.0,0.0,0.0,0.0,0.0,0.0,0.0,4.0,8.0,8.0
A61Mry8zBwE_1,A61Mry8zBwE,0-2s,1.0,132.0,0.0,0.0,0.0,control,1,8,remote,0,6,0.0,0.0,0.0,0.0,0.0,0.0,0.0,0.0,4.0,8.0,4.0
A61Mry8zBwE_1,A61Mry8zBwE,0-2s,1.0,132.0,0.0,0.0,0.0,control,1,9,remote,0,6,0.0,0.0,0.0,0.0,0.0,0.0,0.0,0.0,4.0,8.0,8.0
AI1OweEW8C0_1,AI1OweEW8C0,2-5s,2.0,205.0,1.0,0.1,0.9,control,1,0,remote,0,47,0.0,0.0,0.0,0.0,0.0,0.0,0.0,0.0,10.5,16.0,10.5
AI1OweEW8C0_1,AI1OweEW8C0,2-5s,2.0,205.0,1.0,0.1,0.9,control,1,1,remote,0,47,0.0,0.0,0.0,0.0,0.0,0.0,0.0,0.0,10.5,16.0,11.0
AI1OweEW8C0_1,AI1OweEW8C0,2-5s,2.0,205.0,1.0,0.1,0.9,control,1,2,remote,0,47,0.0,0.0,0.0,0.0,0.0,0.0,0.0,0.0,10.5,16.0,11.0
AI1OweEW8C0_1,AI1OweEW8C0,2-5s,2.0,205.0,1.0,0.1,0.9,control,1,3,remote,0,47,0.0,0.0,0.0,0.0,0.0,0.0,0.0,0.0,10.5,16.0,11.0
AI1OweEW8C0_1,AI1OweEW8C0,2-5s,2.0,205.0,1.0,0.1,0.9,control,1,4,remote,0,47,0.0,0.0,0.0,0.0,0.0,0.0,0.0,0.0,10.5,16.0,10.5
AI1OweEW8C0_1,AI1OweEW8C0,2-5s,2.0,205.0,1.0,0.1,0.9,control,1,5,remote,0,47,0.0,0.0,0.0,0.0,0.0,0.0,0.0,0.0,10.5,16.0,11.0
AI1OweEW8C0_1,AI1OweEW8C0,2-5s,2.0,205.0,1.0,0.1,0.9,control,1,6,remote,0,47,0.0,0.0,0.0,0.0,0.0,0.0,0.0,0.0,10.5,16.0,10.5
AI1OweEW8C0_1,AI1OweEW8C0,2-5s,2.0,205.0,1.0,0.1,0.9,control,1,7,remote,0,47,0.0,0.0,0.0,0.0,0.0,0.0,0.0,0.0,10.5,16.0,10.5
AI1OweEW8C0_1,AI1OweEW8C0,2-5s,2.0,205.0,1.0,0.1,0.9,control,1,8,remote,0,47,0.0,0.0,0.0,0.0,0.0,0.0,0.0,0.0,10.5,16.0,11.0
AI1OweEW8C0_1,AI1OweEW8C0,2-5s,2.0,205.0,1.0,0.1,0.9,control,1,9,remote,0,47,0.0,0.0,0.0,0.0,0.0,0.0,0.0,0.0,10.5,16.0,11.0
AI1OweEW8C0_2,AI1OweEW8C0,2-5s,2.0,205.0,0.0,0.0,0.0,control,1,0,remote,0,30,0.0,0.0,0.0,0.0,0.0,0.0,0.0,0.0,13.5,92.5,13.5
AI1OweEW8C0_2,AI1OweEW8C0,2-5s,2.0,205.0,0.0,0.0,0.0,control,1,1,remote,0,30,0.0,0.0,0.0,0.0,0.0,0.0,0.0,0.0,13.5,92.5,13.0
AI1OweEW8C0_2,AI1OweEW8C0,2-5s,2.0,205.0,0.0,0.0,0.0,control,1,2,remote,0,30,0.0,0.0,0.0,0.0,0.0,0.0,0.0,0.0,13.5,92.5,12.5
AI1OweEW8C0_2,AI1OweEW8C0,2-5s,2.0,205.0,0.0,0.0,0.0,control,1,3,remote,0,30,0.0,0.0,0.0,0.0,0.0,0.0,0.0,0.0,13.5,92.5,13.5
AI1OweEW8C0_2,AI1OweEW8C0,2-5s,2.0,205.0,0.0,0.0,0.0,control,1,4,remote,0,30,0.0,0.0,0.0,0.0,0.0,0.0,0.0,0.0,13.5,92.5,13.5
AI1OweEW8C0_2,AI1OweEW8C0,2-5s,2.0,205.0,0.0,0.0,0.0,control,1,5,remote,0,30,0.0,0.0,0.0,0.0,0.0,0.0,0.0,0.0,13.5,92.5,13.5
AI1OweEW8C0_2,AI1OweEW8C0,2-5s,2.0,205.0,0.0,0.0,0.0,control,1,6,remote,0,30,0.0,0.0,0.0,0.0,0.0,0.0,0.0,0.0,13.5,92.5,13.5
AI1OweEW8C0_2,AI1OweEW8C0,2-5s,2.0,205.0,0.0,0.0,0.0,control,1,7,remote,0,30,0.0,0.0,0.0,0.0,0.0,0.0,0.0,0.0,13.5,92.5,12.5
AI1OweEW8C0_2,AI1OweEW8C0,2-5s,2.0,205.0,0.0,0.0,0.0,control,1,8,remote,0,30,0.0,0.0,0.0,0.0,0.0,0.0,0.0,0.0,13.5,92.5,14.0
AI1OweEW8C0_2,AI1OweEW8C0,2-5s,2.0,205.0,0.0,0.0,0.0,control,1,9,remote,0,30,0.0,0.0,0.0,0.0,0.0,0.0,0.0,0.0,13.5,92.5,12.5
AKHZMg9ba30_2,AKHZMg9ba30,2-5s,2.0,115.0,1.0,0.6,0.4,control,1,0,remote,0,7,0.0,1.0,0.0,100.0,0.0,0.0,0.0,0.0,2.0,1.5,2.0
AKHZMg9ba30_2,AKHZMg9ba30,2-5s,2.0,115.0,1.0,0.6,0.4,control,1,1,remote,0,7,0.0,1.0,0.0,100.0,0.0,0.0,0.0,0.0,2.0,1.5,2.0
AKHZMg9ba30_2,AKHZMg9ba30,2-5s,2.0,115.0,1.0,0.6,0.4,control,1,2,remote,0,7,0.0,1.0,0.0,100.0,0.0,0.0,0.0,0.0,2.0,1.5,2.0
AKHZMg9ba30_2,AKHZMg9ba30,2-5s,2.0,115.0,1.0,0.6,0.4,control,1,3,remote,0,7,0.0,1.0,0.0,100.0,0.0,0.0,0.0,0.0,2.0,1.5,2.0
AKHZMg9ba30_2,AKHZMg9ba30,2-5s,2.0,115.0,1.0,0.6,0.4,control,1,4,remote,0,7,0.0,1.0,0.0,100.0,0.0,0.0,0.0,0.0,2.0,1.5,2.0
AKHZMg9ba30_2,AKHZMg9ba30,2-5s,2.0,115.0,1.0,0.6,0.4,control,1,5,remote,0,7,0.0,1.0,0.0,100.0,0.0,0.0,0.0,0.0,2.0,1.5,2.0
AKHZMg9ba30_2,AKHZMg9ba30,2-5s,2.0,115.0,1.0,0.6,0.4,control,1,6,remote,0,7,0.0,1.0,0.0,100.0,0.0,0.0,0.0,0.0,2.0,1.5,2.0
AKHZMg9ba30_2,AKHZMg9ba30,2-5s,2.0,115.0,1.0,0.6,0.4,control,1,7,remote,0,7,0.0,1.0,0.0,100.0,0.0,0.0,0.0,0.0,2.0,1.5,2.0
AKHZMg9ba30_2,AKHZMg9ba30,2-5s,2.0,115.0,1.0,0.6,0.4,control,1,8,remote,0,7,0.0,1.0,0.0,100.0,0.0,0.0,0.0,0.0,2.0,1.5,2.0
AKHZMg9ba30_2,AKHZMg9ba30,2-5s,2.0,115.0,1.0,0.6,0.4,control,1,9,remote,0,7,0.0,1.0,0.0,100.0,0.0,0.0,0.0,0.0,2.0,1.5,2.0
Aj_VMUSNjNM_2,Aj_VMUSNjNM,0-2s,1.0,150.0,1.0,1.0,0.0,control,0,0,moderately_near,1,6,1.0,1.0,1.0,0.0,0.0,0.0,0.0,0.0,5.0,5.0,4.0
Aj_VMUSNjNM_2,Aj_VMUSNjNM,0-2s,1.0,150.0,1.0,1.0,0.0,control,0,1,moderately_near,1,6,1.0,1.0,1.0,0.0,0.0,0.0,0.0,0.0,5.0,5.0,4.0
Aj_VMUSNjNM_2,Aj_VMUSNjNM,0-2s,1.0,150.0,1.0,1.0,0.0,control,0,2,moderately_near,1,6,1.0,1.0,1.0,0.0,0.0,0.0,0.0,0.0,5.0,5.0,4.0
Aj_VMUSNjNM_2,Aj_VMUSNjNM,0-2s,1.0,150.0,1.0,1.0,0.0,control,0,3,moderately_near,1,6,1.0,1.0,1.0,0.0,0.0,0.0,0.0,0.0,5.0,5.0,4.0
Aj_VMUSNjNM_2,Aj_VMUSNjNM,0-2s,1.0,150.0,1.0,1.0,0.0,control,0,4,moderately_near,1,6,1.0,1.0,1.0,0.0,0.0,0.0,0.0,0.0,5.0,5.0,4.0
Aj_VMUSNjNM_2,Aj_VMUSNjNM,0-2s,1.0,150.0,1.0,1.0,0.0,control,0,5,moderately_near,1,6,1.0,1.0,1.0,0.0,0.0,0.0,0.0,0.0,5.0,5.0,4.0
Aj_VMUSNjNM_2,Aj_VMUSNjNM,0-2s,1.0,150.0,1.0,1.0,0.0,control,0,6,moderately_near,1,6,1.0,1.0,1.0,0.0,0.0,0.0,0.0,0.0,5.0,5.0,4.0
Aj_VMUSNjNM_2,Aj_VMUSNjNM,0-2s,1.0,150.0,1.0,1.0,0.0,control,0,7,moderately_near,1,6,1.0,1.0,1.0,0.0,0.0,0.0,0.0,0.0,5.0,5.0,4.0
Aj_VMUSNjNM_2,Aj_VMUSNjNM,0-2s,1.0,150.0,1.0,1.0,0.0,control,0,8,moderately_near,1,6,1.0,1.0,1.0,0.0,0.0,0.0,0.0,0.0,5.0,5.0,4.0
Aj_VMUSNjNM_2,Aj_VMUSNjNM,0-2s,1.0,150.0,1.0,1.0,0.0,control,0,9,moderately_near,1,6,1.0,1.0,1.0,0.0,0.0,0.0,0.0,0.0,5.0,5.0,4.0
AtkD-3GjXMw_1,AtkD-3GjXMw,2-5s,2.0,132.0,0.0,0.9,-0.9,harmful,0,0,remote,0,2,1.0,1.0,1.0,0.0,0.0,0.0,0.0,0.0,1.5,1.5,1.5
AtkD-3GjXMw_1,AtkD-3GjXMw,2-5s,2.0,132.0,0.0,0.9,-0.9,harmful,0,1,remote,0,2,1.0,1.0,1.0,0.0,0.0,0.0,0.0,0.0,1.5,1.5,1.5
AtkD-3GjXMw_1,AtkD-3GjXMw,2-5s,2.0,132.0,0.0,0.9,-0.9,harmful,0,2,remote,0,2,1.0,1.0,1.0,0.0,0.0,0.0,0.0,0.0,1.5,1.5,1.5
AtkD-3GjXMw_1,AtkD-3GjXMw,2-5s,2.0,132.0,0.0,0.9,-0.9,harmful,0,3,remote,0,2,1.0,1.0,1.0,0.0,0.0,0.0,0.0,0.0,1.5,1.5,1.5
AtkD-3GjXMw_1,AtkD-3GjXMw,2-5s,2.0,132.0,0.0,0.9,-0.9,harmful,0,4,remote,0,2,1.0,1.0,1.0,0.0,0.0,0.0,0.0,0.0,1.5,1.5,1.5
AtkD-3GjXMw_1,AtkD-3GjXMw,2-5s,2.0,132.0,0.0,0.9,-0.9,harmful,0,5,remote,0,2,1.0,1.0,1.0,0.0,0.0,0.0,0.0,0.0,1.5,1.5,1.5
AtkD-3GjXMw_1,AtkD-3GjXMw,2-5s,2.0,132.0,0.0,0.9,-0.9,harmful,0,6,remote,0,2,1.0,1.0,1.0,0.0,0.0,0.0,0.0,0.0,1.5,1.5,1.5
AtkD-3GjXMw_1,AtkD-3GjXMw,2-5s,2.0,132.0,0.0,0.9,-0.9,harmful,0,7,remote,0,2,1.0,1.0,1.0,0.0,0.0,0.0,0.0,0.0,1.5,1.5,1.5
AtkD-3GjXMw_1,AtkD-3GjXMw,2-5s,2.0,132.0,0.0,0.9,-0.9,harmful,0,8,remote,0,2,1.0,1.0,1.0,0.0,0.0,0.0,0.0,0.0,1.5,1.5,1.5
AtkD-3GjXMw_1,AtkD-3GjXMw,2-5s,2.0,132.0,0.0,0.9,-0.9,harmful,0,9,remote,0,2,1.0,1.0,1.0,0.0,0.0,0.0,0.0,0.0,1.5,1.5,1.5
Axd__X2rixk_1,Axd__X2rixk,2-5s,2.0,267.0,0.0,0.2,-0.2,harmful,1,0,remote,0,39,0.0,0.0,0.0,0.0,0.0,0.0,0.0,0.0,4.0,4.5,4.0
Axd__X2rixk_1,Axd__X2rixk,2-5s,2.0,267.0,0.0,0.2,-0.2,harmful,1,1,remote,0,39,0.0,0.0,0.0,0.0,0.0,0.0,0.0,0.0,4.0,4.5,4.0
Axd__X2rixk_1,Axd__X2rixk,2-5s,2.0,267.0,0.0,0.2,-0.2,harmful,1,2,remote,0,39,0.0,0.0,0.0,0.0,0.0,0.0,0.0,0.0,4.0,4.5,3.5
Axd__X2rixk_1,Axd__X2rixk,2-5s,2.0,267.0,0.0,0.2,-0.2,harmful,1,3,remote,0,39,0.0,0.0,0.0,0.0,0.0,0.0,0.0,0.0,4.0,4.5,4.0
Axd__X2rixk_1,Axd__X2rixk,2-5s,2.0,267.0,0.0,0.2,-0.2,harmful,1,4,remote,0,39,0.0,0.0,0.0,0.0,0.0,0.0,0.0,0.0,4.0,4.5,4.0
Axd__X2rixk_1,Axd__X2rixk,2-5s,2.0,267.0,0.0,0.2,-0.2,harmful,1,5,remote,0,39,0.0,0.0,0.0,0.0,0.0,0.0,0.0,0.0,4.0,4.5,4.0
Axd__X2rixk_1,Axd__X2rixk,2-5s,2.0,267.0,0.0,0.2,-0.2,harmful,1,6,remote,0,39,0.0,0.0,0.0,0.0,0.0,0.0,0.0,0.0,4.0,4.5,4.0
Axd__X2rixk_1,Axd__X2rixk,2-5s,2.0,267.0,0.0,0.2,-0.2,harmful,1,7,remote,0,39,0.0,0.0,0.0,0.0,0.0,0.0,0.0,0.0,4.0,4.5,4.0
Axd__X2rixk_1,Axd__X2rixk,2-5s,2.0,267.0,0.0,0.2,-0.2,harmful,1,8,remote,0,39,0.0,0.0,0.0,0.0,0.0,0.0,0.0,0.0,4.0,4.5,4.0
Axd__X2rixk_1,Axd__X2rixk,2-5s,2.0,267.0,0.0,0.2,-0.2,harmful,1,9,remote,0,39,0.0,0.0,0.0,0.0,0.0,0.0,0.0,0.0,4.0,4.5,4.0
BA-lFjpzad4_1,BA-lFjpzad4,2-5s,4.0,64.0,1.0,1.0,0.0,control,0,0,moderately_near,0,6,1.0,1.0,1.0,0.0,0.0,0.0,0.0,0.0,1.75,1.25,1.75
BA-lFjpzad4_1,BA-lFjpzad4,2-5s,4.0,64.0,1.0,1.0,0.0,control,0,1,moderately_near,0,6,1.0,1.0,1.0,0.0,0.0,0.0,0.0,0.0,1.75,1.25,1.75
BA-lFjpzad4_1,BA-lFjpzad4,2-5s,4.0,64.0,1.0,1.0,0.0,control,0,2,moderately_near,0,6,1.0,1.0,1.0,0.0,0.0,0.0,0.0,0.0,1.75,1.25,1.75
BA-lFjpzad4_1,BA-lFjpzad4,2-5s,4.0,64.0,1.0,1.0,0.0,control,0,3,moderately_near,0,6,1.0,1.0,1.0,0.0,0.0,0.0,0.0,0.0,1.75,1.25,1.5
BA-lFjpzad4_1,BA-lFjpzad4,2-5s,4.0,64.0,1.0,1.0,0.0,control,0,4,moderately_near,0,6,1.0,1.0,1.0,0.0,0.0,0.0,0.0,0.0,1.75,1.25,1.75
BA-lFjpzad4_1,BA-lFjpzad4,2-5s,4.0,64.0,1.0,1.0,0.0,control,0,5,moderately_near,0,6,1.0,1.0,1.0,0.0,0.0,0.0,0.0,0.0,1.75,1.25,1.75
BA-lFjpzad4_1,BA-lFjpzad4,2-5s,4.0,64.0,1.0,1.0,0.0,control,0,6,moderately_near,0,6,1.0,1.0,1.0,0.0,0.0,0.0,0.0,0.0,1.75,1.25,1.75
BA-lFjpzad4_1,BA-lFjpzad4,2-5s,4.0,64.0,1.0,1.0,0.0,control,0,7,moderately_near,0,6,1.0,1.0,1.0,0.0,0.0,0.0,0.0,0.0,1.75,1.25,1.75
BA-lFjpzad4_1,BA-lFjpzad4,2-5s,4.0,64.0,1.0,1.0,0.0,control,0,8,moderately_near,0,6,1.0,1.0,1.0,0.0,0.0,0.0,0.0,0.0,1.75,1.25,1.75
BA-lFjpzad4_1,BA-lFjpzad4,2-5s,4.0,64.0,1.0,1.0,0.0,control,0,9,moderately_near,0,6,1.0,1.0,1.0,0.0,0.0,0.0,0.0,0.0,1.75,1.25,1.75
BA-lFjpzad4_2,BA-lFjpzad4,0-2s,1.0,64.0,0.0,1.0,-1.0,harmful,0,0,remote,0,11,1.0,1.0,1.0,0.0,0.0,0.0,0.0,0.0,4.0,3.0,4.0
BA-lFjpzad4_2,BA-lFjpzad4,0-2s,1.0,64.0,0.0,1.0,-1.0,harmful,0,1,remote,0,11,1.0,1.0,1.0,0.0,0.0,0.0,0.0,0.0,4.0,3.0,4.0
BA-lFjpzad4_2,BA-lFjpzad4,0-2s,1.0,64.0,0.0,1.0,-1.0,harmful,0,2,remote,0,11,1.0,1.0,1.0,0.0,0.0,0.0,0.0,0.0,4.0,3.0,4.0
BA-lFjpzad4_2,BA-lFjpzad4,0-2s,1.0,64.0,0.0,1.0,-1.0,harmful,0,3,remote,0,11,1.0,1.0,1.0,0.0,0.0,0.0,0.0,0.0,4.0,3.0,4.0
BA-lFjpzad4_2,BA-lFjpzad4,0-2s,1.0,64.0,0.0,1.0,-1.0,harmful,0,4,remote,0,11,1.0,1.0,1.0,0.0,0.0,0.0,0.0,0.0,4.0,3.0,4.0
BA-lFjpzad4_2,BA-lFjpzad4,0-2s,1.0,64.0,0.0,1.0,-1.0,harmful,0,5,remote,0,11,1.0,1.0,1.0,0.0,0.0,0.0,0.0,0.0,4.0,3.0,4.0
BA-lFjpzad4_2,BA-lFjpzad4,0-2s,1.0,64.0,0.0,1.0,-1.0,harmful,0,6,remote,0,11,1.0,1.0,1.0,0.0,0.0,0.0,0.0,0.0,4.0,3.0,4.0
BA-lFjpzad4_2,BA-lFjpzad4,0-2s,1.0,64.0,0.0,1.0,-1.0,harmful,0,7,remote,0,11,1.0,1.0,1.0,0.0,0.0,0.0,0.0,0.0,4.0,3.0,4.0
BA-lFjpzad4_2,BA-lFjpzad4,0-2s,1.0,64.0,0.0,1.0,-1.0,harmful,0,8,remote,0,11,1.0,1.0,1.0,0.0,0.0,0.0,0.0,0.0,4.0,3.0,4.0
BA-lFjpzad4_2,BA-lFjpzad4,0-2s,1.0,64.0,0.0,1.0,-1.0,harmful,0,9,remote,0,11,1.0,1.0,1.0,0.0,0.0,0.0,0.0,0.0,4.0,3.0,4.0
BA-lFjpzad4_3,BA-lFjpzad4,2-5s,3.0,64.0,1.0,1.0,0.0,control,0,0,moderately_near,0,5,1.0,1.0,1.0,0.0,1.0,1.0,1.0,0.0,1.0,0.6666666666666666,1.0
BA-lFjpzad4_3,BA-lFjpzad4,2-5s,3.0,64.0,1.0,1.0,0.0,control,0,1,moderately_near,0,5,1.0,1.0,1.0,0.0,1.0,1.0,1.0,0.0,1.0,0.6666666666666666,1.0
BA-lFjpzad4_3,BA-lFjpzad4,2-5s,3.0,64.0,1.0,1.0,0.0,control,0,2,moderately_near,0,5,1.0,1.0,1.0,0.0,1.0,1.0,1.0,0.0,1.0,0.6666666666666666,1.0
BA-lFjpzad4_3,BA-lFjpzad4,2-5s,3.0,64.0,1.0,1.0,0.0,control,0,3,moderately_near,0,5,1.0,1.0,1.0,0.0,1.0,1.0,1.0,0.0,1.0,0.6666666666666666,1.0
BA-lFjpzad4_3,BA-lFjpzad4,2-5s,3.0,64.0,1.0,1.0,0.0,control,0,4,moderately_near,0,5,1.0,1.0,1.0,0.0,1.0,1.0,1.0,0.0,1.0,0.6666666666666666,1.0
BA-lFjpzad4_3,BA-lFjpzad4,2-5s,3.0,64.0,1.0,1.0,0.0,control,0,5,moderately_near,0,5,1.0,1.0,1.0,0.0,1.0,1.0,1.0,0.0,1.0,0.6666666666666666,1.0
BA-lFjpzad4_3,BA-lFjpzad4,2-5s,3.0,64.0,1.0,1.0,0.0,control,0,6,moderately_near,0,5,1.0,1.0,1.0,0.0,1.0,1.0,1.0,0.0,1.0,0.6666666666666666,1.0
BA-lFjpzad4_3,BA-lFjpzad4,2-5s,3.0,64.0,1.0,1.0,0.0,control,0,7,moderately_near,0,5,1.0,1.0,1.0,0.0,1.0,1.0,1.0,0.0,1.0,0.6666666666666666,1.0
BA-lFjpzad4_3,BA-lFjpzad4,2-5s,3.0,64.0,1.0,1.0,0.0,control,0,8,moderately_near,0,5,1.0,1.0,1.0,0.0,1.0,1.0,1.0,0.0,1.0,0.6666666666666666,1.0
BA-lFjpzad4_3,BA-lFjpzad4,2-5s,3.0,64.0,1.0,1.0,0.0,control,0,9,moderately_near,0,5,1.0,1.0,1.0,0.0,1.0,1.0,1.0,0.0,1.0,0.6666666666666666,1.0
BA-lFjpzad4_4,BA-lFjpzad4,2-5s,2.0,64.0,1.0,1.0,0.0,control,0,0,remote,0,11,1.0,1.0,1.0,0.0,0.0,0.0,0.0,0.0,3.5,1.5,4.5
BA-lFjpzad4_4,BA-lFjpzad4,2-5s,2.0,64.0,1.0,1.0,0.0,control,0,1,remote,0,11,1.0,1.0,1.0,0.0,0.0,0.0,0.0,0.0,3.5,1.5,4.5
BA-lFjpzad4_4,BA-lFjpzad4,2-5s,2.0,64.0,1.0,1.0,0.0,control,0,2,remote,0,11,1.0,1.0,1.0,0.0,0.0,0.0,0.0,0.0,3.5,1.5,5.0
BA-lFjpzad4_4,BA-lFjpzad4,2-5s,2.0,64.0,1.0,1.0,0.0,control,0,3,remote,0,11,1.0,1.0,1.0,0.0,0.0,0.0,0.0,0.0,3.5,1.5,5.0
BA-lFjpzad4_4,BA-lFjpzad4,2-5s,2.0,64.0,1.0,1.0,0.0,control,0,4,remote,0,11,1.0,1.0,1.0,0.0,0.0,0.0,0.0,0.0,3.5,1.5,4.5
BA-lFjpzad4_4,BA-lFjpzad4,2-5s,2.0,64.0,1.0,1.0,0.0,control,0,5,remote,0,11,1.0,1.0,1.0,0.0,0.0,0.0,0.0,0.0,3.5,1.5,4.5
BA-lFjpzad4_4,BA-lFjpzad4,2-5s,2.0,64.0,1.0,1.0,0.0,control,0,6,remote,0,11,1.0,1.0,1.0,0.0,0.0,0.0,0.0,0.0,3.5,1.5,4.5
BA-lFjpzad4_4,BA-lFjpzad4,2-5s,2.0,64.0,1.0,1.0,0.0,control,0,7,remote,0,11,1.0,1.0,1.0,0.0,0.0,0.0,0.0,0.0,3.5,1.5,4.5
BA-lFjpzad4_4,BA-lFjpzad4,2-5s,2.0,64.0,1.0,1.0,0.0,control,0,8,remote,0,11,1.0,1.0,1.0,0.0,0.0,0.0,0.0,0.0,3.5,1.5,5.0
BA-lFjpzad4_4,BA-lFjpzad4,2-5s,2.0,64.0,1.0,1.0,0.0,control,0,9,remote,0,11,1.0,1.0,1.0,0.0,0.0,0.0,0.0,0.0,3.5,1.5,1.5
BDpU2Qh77NE_1,BDpU2Qh77NE,0-2s,1.0,248.0,0.0,0.8,-0.8,harmful,1,0,remote,0,9,0.0,0.0,0.0,0.0,0.0,0.0,0.0,0.0,13.0,10.0,13.0
BDpU2Qh77NE_1,BDpU2Qh77NE,0-2s,1.0,248.0,0.0,0.8,-0.8,harmful,1,1,remote,0,9,0.0,0.0,0.0,0.0,0.0,0.0,0.0,0.0,13.0,10.0,13.0
BDpU2Qh77NE_1,BDpU2Qh77NE,0-2s,1.0,248.0,0.0,0.8,-0.8,harmful,1,2,remote,0,9,0.0,0.0,0.0,0.0,0.0,0.0,0.0,0.0,13.0,10.0,13.0
BDpU2Qh77NE_1,BDpU2Qh77NE,0-2s,1.0,248.0,0.0,0.8,-0.8,harmful,1,3,remote,0,9,0.0,0.0,0.0,0.0,0.0,0.0,0.0,0.0,13.0,10.0,13.0
BDpU2Qh77NE_1,BDpU2Qh77NE,0-2s,1.0,248.0,0.0,0.8,-0.8,harmful,1,4,remote,0,9,0.0,0.0,0.0,0.0,0.0,0.0,0.0,0.0,13.0,10.0,13.0
BDpU2Qh77NE_1,BDpU2Qh77NE,0-2s,1.0,248.0,0.0,0.8,-0.8,harmful,1,5,remote,0,9,0.0,0.0,1.0,-100.0,0.0,0.0,0.0,0.0,13.0,10.0,13.0
BDpU2Qh77NE_1,BDpU2Qh77NE,0-2s,1.0,248.0,0.0,0.8,-0.8,harmful,1,6,remote,0,9,0.0,0.0,0.0,0.0,0.0,0.0,0.0,0.0,13.0,10.0,13.0
BDpU2Qh77NE_1,BDpU2Qh77NE,0-2s,1.0,248.0,0.0,0.8,-0.8,harmful,1,7,remote,0,9,0.0,0.0,0.0,0.0,0.0,0.0,0.0,0.0,13.0,10.0,13.0
BDpU2Qh77NE_1,BDpU2Qh77NE,0-2s,1.0,248.0,0.0,0.8,-0.8,harmful,1,8,remote,0,9,0.0,0.0,0.0,0.0,0.0,0.0,0.0,0.0,13.0,10.0,13.0
BDpU2Qh77NE_1,BDpU2Qh77NE,0-2s,1.0,248.0,0.0,0.8,-0.8,harmful,1,9,remote,0,9,0.0,0.0,0.0,0.0,0.0,0.0,0.0,0.0,13.0,10.0,13.0
BDpU2Qh77NE_3,BDpU2Qh77NE,2-5s,4.0,248.0,1.0,1.0,0.0,control,0,0,remote,0,9,1.0,1.0,1.0,0.0,0.0,0.0,0.0,0.0,4.0,2.5,4.0
BDpU2Qh77NE_3,BDpU2Qh77NE,2-5s,4.0,248.0,1.0,1.0,0.0,control,0,1,remote,0,9,1.0,1.0,1.0,0.0,0.0,0.0,0.0,0.0,4.0,2.5,4.0
BDpU2Qh77NE_3,BDpU2Qh77NE,2-5s,4.0,248.0,1.0,1.0,0.0,control,0,2,remote,0,9,1.0,1.0,1.0,0.0,0.0,0.0,0.0,0.0,4.0,2.5,4.0
BDpU2Qh77NE_3,BDpU2Qh77NE,2-5s,4.0,248.0,1.0,1.0,0.0,control,0,3,remote,0,9,1.0,1.0,1.0,0.0,0.0,0.0,0.0,0.0,4.0,2.5,4.0
BDpU2Qh77NE_3,BDpU2Qh77NE,2-5s,4.0,248.0,1.0,1.0,0.0,control,0,4,remote,0,9,1.0,1.0,1.0,0.0,0.0,0.0,0.0,0.0,4.0,2.5,4.0
BDpU2Qh77NE_3,BDpU2Qh77NE,2-5s,4.0,248.0,1.0,1.0,0.0,control,0,5,remote,0,9,1.0,1.0,1.0,0.0,0.0,0.0,0.0,0.0,4.0,2.5,4.0
BDpU2Qh77NE_3,BDpU2Qh77NE,2-5s,4.0,248.0,1.0,1.0,0.0,control,0,6,remote,0,9,1.0,1.0,1.0,0.0,0.0,0.0,0.0,0.0,4.0,2.5,4.25
BDpU2Qh77NE_3,BDpU2Qh77NE,2-5s,4.0,248.0,1.0,1.0,0.0,control,0,7,remote,0,9,1.0,1.0,1.0,0.0,0.0,0.0,0.0,0.0,4.0,2.5,4.0
BDpU2Qh77NE_3,BDpU2Qh77NE,2-5s,4.0,248.0,1.0,1.0,0.0,control,0,8,remote,0,9,1.0,1.0,1.0,0.0,0.0,0.0,0.0,0.0,4.0,2.5,4.0
BDpU2Qh77NE_3,BDpU2Qh77NE,2-5s,4.0,248.0,1.0,1.0,0.0,control,0,9,remote,0,9,1.0,1.0,1.0,0.0,0.0,0.0,0.0,0.0,4.0,2.5,4.0
BL8ksJ0sTXk_3,BL8ksJ0sTXk,0-2s,1.0,299.0,0.0,0.8,-0.8,harmful,1,0,adjacent,0,2,0.0,1.0,0.0,100.0,0.0,0.0,0.0,0.0,10.0,10.0,10.0
BL8ksJ0sTXk_3,BL8ksJ0sTXk,0-2s,1.0,299.0,0.0,0.8,-0.8,harmful,1,1,adjacent,0,2,0.0,1.0,0.0,100.0,0.0,0.0,0.0,0.0,10.0,10.0,10.0
BL8ksJ0sTXk_3,BL8ksJ0sTXk,0-2s,1.0,299.0,0.0,0.8,-0.8,harmful,1,2,adjacent,0,2,0.0,1.0,0.0,100.0,0.0,0.0,0.0,0.0,10.0,10.0,10.0
BL8ksJ0sTXk_3,BL8ksJ0sTXk,0-2s,1.0,299.0,0.0,0.8,-0.8,harmful,1,3,adjacent,0,2,0.0,1.0,0.0,100.0,0.0,0.0,0.0,0.0,10.0,10.0,10.0
BL8ksJ0sTXk_3,BL8ksJ0sTXk,0-2s,1.0,299.0,0.0,0.8,-0.8,harmful,1,4,adjacent,0,2,0.0,1.0,0.0,100.0,0.0,0.0,0.0,0.0,10.0,10.0,10.0
BL8ksJ0sTXk_3,BL8ksJ0sTXk,0-2s,1.0,299.0,0.0,0.8,-0.8,harmful,1,5,adjacent,0,2,0.0,1.0,0.0,100.0,0.0,0.0,0.0,0.0,10.0,10.0,10.0
BL8ksJ0sTXk_3,BL8ksJ0sTXk,0-2s,1.0,299.0,0.0,0.8,-0.8,harmful,1,6,adjacent,0,2,0.0,1.0,0.0,100.0,0.0,0.0,0.0,0.0,10.0,10.0,10.0
BL8ksJ0sTXk_3,BL8ksJ0sTXk,0-2s,1.0,299.0,0.0,0.8,-0.8,harmful,1,7,adjacent,0,2,0.0,1.0,0.0,100.0,0.0,0.0,0.0,0.0,10.0,10.0,10.0
BL8ksJ0sTXk_3,BL8ksJ0sTXk,0-2s,1.0,299.0,0.0,0.8,-0.8,harmful,1,8,adjacent,0,2,0.0,1.0,0.0,100.0,0.0,0.0,0.0,0.0,10.0,10.0,10.0
BL8ksJ0sTXk_3,BL8ksJ0sTXk,0-2s,1.0,299.0,0.0,0.8,-0.8,harmful,1,9,adjacent,0,2,0.0,1.0,0.0,100.0,0.0,0.0,0.0,0.0,10.0,10.0,10.0
BMayJId0X1s_1,BMayJId0X1s,2-5s,3.0,193.0,0.0,1.0,-1.0,harmful,0,0,remote,0,1,1.0,1.0,1.0,0.0,0.0,0.0,0.0,0.0,4.0,4.0,4.0
BMayJId0X1s_1,BMayJId0X1s,2-5s,3.0,193.0,0.0,1.0,-1.0,harmful,0,1,remote,0,1,1.0,1.0,1.0,0.0,0.0,0.0,0.0,0.0,4.0,4.0,4.0
BMayJId0X1s_1,BMayJId0X1s,2-5s,3.0,193.0,0.0,1.0,-1.0,harmful,0,2,remote,0,1,1.0,1.0,1.0,0.0,0.0,0.0,0.0,0.0,4.0,4.0,4.0
BMayJId0X1s_1,BMayJId0X1s,2-5s,3.0,193.0,0.0,1.0,-1.0,harmful,0,3,remote,0,1,1.0,1.0,1.0,0.0,0.0,0.0,0.0,0.0,4.0,4.0,4.0
BMayJId0X1s_1,BMayJId0X1s,2-5s,3.0,193.0,0.0,1.0,-1.0,harmful,0,4,remote,0,1,1.0,1.0,1.0,0.0,0.0,0.0,0.0,0.0,4.0,4.0,4.0
BMayJId0X1s_1,BMayJId0X1s,2-5s,3.0,193.0,0.0,1.0,-1.0,harmful,0,5,remote,0,1,1.0,1.0,1.0,0.0,0.0,0.0,0.0,0.0,4.0,4.0,4.0
BMayJId0X1s_1,BMayJId0X1s,2-5s,3.0,193.0,0.0,1.0,-1.0,harmful,0,6,remote,0,1,1.0,1.0,1.0,0.0,0.0,0.0,0.0,0.0,4.0,4.0,4.0
BMayJId0X1s_1,BMayJId0X1s,2-5s,3.0,193.0,0.0,1.0,-1.0,harmful,0,7,remote,0,1,1.0,1.0,1.0,0.0,0.0,0.0,0.0,0.0,4.0,4.0,4.0
BMayJId0X1s_1,BMayJId0X1s,2-5s,3.0,193.0,0.0,1.0,-1.0,harmful,0,8,remote,0,1,1.0,1.0,1.0,0.0,0.0,0.0,0.0,0.0,4.0,4.0,4.0
BMayJId0X1s_1,BMayJId0X1s,2-5s,3.0,193.0,0.0,1.0,-1.0,harmful,0,9,remote,0,1,1.0,1.0,1.0,0.0,0.0,0.0,0.0,0.0,4.0,4.0,4.0
BUAPM4D3-h8_2,BUAPM4D3-h8,0-2s,1.0,299.0,0.0,0.0,0.0,control,1,0,remote,0,8,0.0,0.0,0.0,0.0,0.0,0.0,0.0,0.0,13.0,10.0,13.0
BUAPM4D3-h8_2,BUAPM4D3-h8,0-2s,1.0,299.0,0.0,0.0,0.0,control,1,1,remote,0,8,0.0,0.0,0.0,0.0,0.0,0.0,0.0,0.0,13.0,10.0,13.0
BUAPM4D3-h8_2,BUAPM4D3-h8,0-2s,1.0,299.0,0.0,0.0,0.0,control,1,2,remote,0,8,0.0,0.0,0.0,0.0,0.0,0.0,0.0,0.0,13.0,10.0,13.0
BUAPM4D3-h8_2,BUAPM4D3-h8,0-2s,1.0,299.0,0.0,0.0,0.0,control,1,3,remote,0,8,0.0,0.0,0.0,0.0,0.0,0.0,0.0,0.0,13.0,10.0,13.0
BUAPM4D3-h8_2,BUAPM4D3-h8,0-2s,1.0,299.0,0.0,0.0,0.0,control,1,4,remote,0,8,0.0,0.0,0.0,0.0,0.0,0.0,0.0,0.0,13.0,10.0,13.0
BUAPM4D3-h8_2,BUAPM4D3-h8,0-2s,1.0,299.0,0.0,0.0,0.0,control,1,5,remote,0,8,0.0,0.0,0.0,0.0,0.0,0.0,0.0,0.0,13.0,10.0,13.0
BUAPM4D3-h8_2,BUAPM4D3-h8,0-2s,1.0,299.0,0.0,0.0,0.0,control,1,6,remote,0,8,0.0,0.0,0.0,0.0,0.0,0.0,0.0,0.0,13.0,10.0,13.0
BUAPM4D3-h8_2,BUAPM4D3-h8,0-2s,1.0,299.0,0.0,0.0,0.0,control,1,7,remote,0,8,0.0,0.0,0.0,0.0,0.0,0.0,0.0,0.0,13.0,10.0,13.0
BUAPM4D3-h8_2,BUAPM4D3-h8,0-2s,1.0,299.0,0.0,0.0,0.0,control,1,8,remote,0,8,0.0,0.0,0.0,0.0,0.0,0.0,0.0,0.0,13.0,10.0,13.0
BUAPM4D3-h8_2,BUAPM4D3-h8,0-2s,1.0,299.0,0.0,0.0,0.0,control,1,9,remote,0,8,0.0,0.0,0.0,0.0,0.0,0.0,0.0,0.0,13.0,10.0,13.0
Ba92IrXFvJo_1,Ba92IrXFvJo,2-5s,2.0,246.0,0.0,0.0,0.0,control,1,0,adjacent,0,1,0.0,0.0,0.0,0.0,0.0,0.0,0.0,0.0,4.5,5.0,4.5
Ba92IrXFvJo_1,Ba92IrXFvJo,2-5s,2.0,246.0,0.0,0.0,0.0,control,1,1,adjacent,0,1,0.0,0.0,0.0,0.0,0.0,0.0,0.0,0.0,4.5,5.0,4.5
Ba92IrXFvJo_1,Ba92IrXFvJo,2-5s,2.0,246.0,0.0,0.0,0.0,control,1,2,adjacent,0,1,0.0,0.0,0.0,0.0,0.0,0.0,0.0,0.0,4.5,5.0,4.5
Ba92IrXFvJo_1,Ba92IrXFvJo,2-5s,2.0,246.0,0.0,0.0,0.0,control,1,3,adjacent,0,1,0.0,0.0,0.0,0.0,0.0,0.0,0.0,0.0,4.5,5.0,4.5
Ba92IrXFvJo_1,Ba92IrXFvJo,2-5s,2.0,246.0,0.0,0.0,0.0,control,1,4,adjacent,0,1,0.0,0.0,0.0,0.0,0.0,0.0,0.0,0.0,4.5,5.0,4.5
Ba92IrXFvJo_1,Ba92IrXFvJo,2-5s,2.0,246.0,0.0,0.0,0.0,control,1,5,adjacent,0,1,0.0,0.0,0.0,0.0,0.0,0.0,0.0,0.0,4.5,5.0,4.5
Ba92IrXFvJo_1,Ba92IrXFvJo,2-5s,2.0,246.0,0.0,0.0,0.0,control,1,6,adjacent,0,1,0.0,0.0,0.0,0.0,0.0,0.0,0.0,0.0,4.5,5.0,4.5
Ba92IrXFvJo_1,Ba92IrXFvJo,2-5s,2.0,246.0,0.0,0.0,0.0,control,1,7,adjacent,0,1,0.0,0.0,0.0,0.0,0.0,0.0,0.0,0.0,4.5,5.0,4.5
Ba92IrXFvJo_1,Ba92IrXFvJo,2-5s,2.0,246.0,0.0,0.0,0.0,control,1,8,adjacent,0,1,0.0,0.0,0.0,0.0,0.0,0.0,0.0,0.0,4.5,5.0,4.5
Ba92IrXFvJo_1,Ba92IrXFvJo,2-5s,2.0,246.0,0.0,0.0,0.0,control,1,9,adjacent,0,1,0.0,0.0,0.0,0.0,0.0,0.0,0.0,0.0,4.5,5.0,4.5
Bvw2gv1fcZw_2,Bvw2gv1fcZw,2-5s,3.0,290.0,1.0,1.0,0.0,control,0,0,remote,0,6,1.0,1.0,1.0,0.0,0.0,0.0,0.0,0.0,2.6666666666666665,3.3333333333333335,3.0
Bvw2gv1fcZw_2,Bvw2gv1fcZw,2-5s,3.0,290.0,1.0,1.0,0.0,control,0,1,remote,0,6,1.0,1.0,1.0,0.0,0.0,0.0,0.0,0.0,2.6666666666666665,3.3333333333333335,2.6666666666666665
Bvw2gv1fcZw_2,Bvw2gv1fcZw,2-5s,3.0,290.0,1.0,1.0,0.0,control,0,2,remote,0,6,1.0,1.0,1.0,0.0,0.0,0.0,0.0,0.0,2.6666666666666665,3.3333333333333335,3.0
Bvw2gv1fcZw_2,Bvw2gv1fcZw,2-5s,3.0,290.0,1.0,1.0,0.0,control,0,3,remote,0,6,1.0,1.0,1.0,0.0,0.0,0.0,0.0,0.0,2.6666666666666665,3.3333333333333335,2.6666666666666665
Bvw2gv1fcZw_2,Bvw2gv1fcZw,2-5s,3.0,290.0,1.0,1.0,0.0,control,0,4,remote,0,6,1.0,1.0,1.0,0.0,0.0,0.0,0.0,0.0,2.6666666666666665,3.3333333333333335,2.6666666666666665
Bvw2gv1fcZw_2,Bvw2gv1fcZw,2-5s,3.0,290.0,1.0,1.0,0.0,control,0,5,remote,0,6,1.0,1.0,1.0,0.0,0.0,0.0,0.0,0.0,2.6666666666666665,3.3333333333333335,2.6666666666666665
Bvw2gv1fcZw_2,Bvw2gv1fcZw,2-5s,3.0,290.0,1.0,1.0,0.0,control,0,6,remote,0,6,1.0,1.0,1.0,0.0,0.0,0.0,0.0,0.0,2.6666666666666665,3.3333333333333335,3.0
Bvw2gv1fcZw_2,Bvw2gv1fcZw,2-5s,3.0,290.0,1.0,1.0,0.0,control,0,7,remote,0,6,1.0,1.0,1.0,0.0,0.0,0.0,0.0,0.0,2.6666666666666665,3.3333333333333335,3.0
Bvw2gv1fcZw_2,Bvw2gv1fcZw,2-5s,3.0,290.0,1.0,1.0,0.0,control,0,8,remote,0,6,1.0,1.0,1.0,0.0,0.0,0.0,0.0,0.0,2.6666666666666665,3.3333333333333335,3.0
Bvw2gv1fcZw_2,Bvw2gv1fcZw,2-5s,3.0,290.0,1.0,1.0,0.0,control,0,9,remote,0,6,1.0,1.0,1.0,0.0,0.0,0.0,0.0,0.0,2.6666666666666665,3.3333333333333335,3.0
BzHTqyX69pI_2,BzHTqyX69pI,2-5s,2.0,230.0,1.0,0.0,1.0,control,1,0,remote,0,5,0.0,0.0,0.0,0.0,0.0,0.0,0.0,0.0,6.0,6.0,6.0
BzHTqyX69pI_2,BzHTqyX69pI,2-5s,2.0,230.0,1.0,0.0,1.0,control,1,1,remote,0,5,0.0,0.0,0.0,0.0,0.0,0.0,0.0,0.0,6.0,6.0,6.0
BzHTqyX69pI_2,BzHTqyX69pI,2-5s,2.0,230.0,1.0,0.0,1.0,control,1,2,remote,0,5,0.0,0.0,0.0,0.0,0.0,0.0,0.0,0.0,6.0,6.0,6.0
BzHTqyX69pI_2,BzHTqyX69pI,2-5s,2.0,230.0,1.0,0.0,1.0,control,1,3,remote,0,5,0.0,0.0,0.0,0.0,0.0,0.0,0.0,0.0,6.0,6.0,6.0
BzHTqyX69pI_2,BzHTqyX69pI,2-5s,2.0,230.0,1.0,0.0,1.0,control,1,4,remote,0,5,0.0,0.0,0.0,0.0,0.0,0.0,0.0,0.0,6.0,6.0,6.0
BzHTqyX69pI_2,BzHTqyX69pI,2-5s,2.0,230.0,1.0,0.0,1.0,control,1,5,remote,0,5,0.0,0.0,0.0,0.0,0.0,0.0,0.0,0.0,6.0,6.0,6.0
BzHTqyX69pI_2,BzHTqyX69pI,2-5s,2.0,230.0,1.0,0.0,1.0,control,1,6,remote,0,5,0.0,0.0,0.0,0.0,0.0,0.0,0.0,0.0,6.0,6.0,6.0
BzHTqyX69pI_2,BzHTqyX69pI,2-5s,2.0,230.0,1.0,0.0,1.0,control,1,7,remote,0,5,0.0,0.0,0.0,0.0,0.0,0.0,0.0,0.0,6.0,6.0,6.0
BzHTqyX69pI_2,BzHTqyX69pI,2-5s,2.0,230.0,1.0,0.0,1.0,control,1,8,remote,0,5,0.0,0.0,0.0,0.0,0.0,0.0,0.0,0.0,6.0,6.0,6.0
BzHTqyX69pI_2,BzHTqyX69pI,2-5s,2.0,230.0,1.0,0.0,1.0,control,1,9,remote,0,5,0.0,0.0,0.0,0.0,0.0,0.0,0.0,0.0,6.0,6.0,6.0
C5kmOK_l4jc_1,C5kmOK_l4jc,0-2s,1.0,79.0,1.0,0.7,0.30000000000000004,control,0,0,remote,0,1,1.0,1.0,1.0,0.0,0.0,0.0,0.0,0.0,4.0,4.0,4.0
C5kmOK_l4jc_1,C5kmOK_l4jc,0-2s,1.0,79.0,1.0,0.7,0.30000000000000004,control,0,1,remote,0,1,1.0,1.0,1.0,0.0,0.0,0.0,0.0,0.0,4.0,4.0,4.0
C5kmOK_l4jc_1,C5kmOK_l4jc,0-2s,1.0,79.0,1.0,0.7,0.30000000000000004,control,0,2,remote,0,1,1.0,1.0,1.0,0.0,0.0,0.0,0.0,0.0,4.0,4.0,4.0
C5kmOK_l4jc_1,C5kmOK_l4jc,0-2s,1.0,79.0,1.0,0.7,0.30000000000000004,control,0,3,remote,0,1,1.0,1.0,1.0,0.0,0.0,0.0,0.0,0.0,4.0,4.0,4.0
C5kmOK_l4jc_1,C5kmOK_l4jc,0-2s,1.0,79.0,1.0,0.7,0.30000000000000004,control,0,4,remote,0,1,1.0,1.0,1.0,0.0,0.0,0.0,0.0,0.0,4.0,4.0,4.0
C5kmOK_l4jc_1,C5kmOK_l4jc,0-2s,1.0,79.0,1.0,0.7,0.30000000000000004,control,0,5,remote,0,1,1.0,1.0,1.0,0.0,0.0,0.0,0.0,0.0,4.0,4.0,4.0
C5kmOK_l4jc_1,C5kmOK_l4jc,0-2s,1.0,79.0,1.0,0.7,0.30000000000000004,control,0,6,remote,0,1,1.0,1.0,1.0,0.0,0.0,0.0,0.0,0.0,4.0,4.0,4.0
C5kmOK_l4jc_1,C5kmOK_l4jc,0-2s,1.0,79.0,1.0,0.7,0.30000000000000004,control,0,7,remote,0,1,1.0,1.0,1.0,0.0,0.0,0.0,0.0,0.0,4.0,4.0,4.0
C5kmOK_l4jc_1,C5kmOK_l4jc,0-2s,1.0,79.0,1.0,0.7,0.30000000000000004,control,0,8,remote,0,1,1.0,1.0,1.0,0.0,0.0,0.0,0.0,0.0,4.0,4.0,4.0
C5kmOK_l4jc_1,C5kmOK_l4jc,0-2s,1.0,79.0,1.0,0.7,0.30000000000000004,control,0,9,remote,0,1,1.0,1.0,1.0,0.0,0.0,0.0,0.0,0.0,4.0,4.0,4.0
C8kR19NvynA_1,C8kR19NvynA,2-5s,4.0,299.0,1.0,1.0,0.0,control,0,0,moderately_near,0,14,1.0,0.0,1.0,-100.0,0.0,0.0,0.0,0.0,1.75,2.0,1.75
C8kR19NvynA_1,C8kR19NvynA,2-5s,4.0,299.0,1.0,1.0,0.0,control,0,1,moderately_near,0,14,1.0,0.0,1.0,-100.0,0.0,0.0,0.0,0.0,1.75,2.0,1.75
C8kR19NvynA_1,C8kR19NvynA,2-5s,4.0,299.0,1.0,1.0,0.0,control,0,2,moderately_near,0,14,1.0,0.0,1.0,-100.0,0.0,0.0,0.0,0.0,1.75,2.0,1.75
C8kR19NvynA_1,C8kR19NvynA,2-5s,4.0,299.0,1.0,1.0,0.0,control,0,3,moderately_near,0,14,1.0,0.0,1.0,-100.0,0.0,0.0,0.0,0.0,1.75,2.0,1.75
C8kR19NvynA_1,C8kR19NvynA,2-5s,4.0,299.0,1.0,1.0,0.0,control,0,4,moderately_near,0,14,1.0,0.0,1.0,-100.0,0.0,0.0,0.0,0.0,1.75,2.0,1.75
C8kR19NvynA_1,C8kR19NvynA,2-5s,4.0,299.0,1.0,1.0,0.0,control,0,5,moderately_near,0,14,1.0,0.0,1.0,-100.0,0.0,0.0,0.0,0.0,1.75,2.0,1.75
C8kR19NvynA_1,C8kR19NvynA,2-5s,4.0,299.0,1.0,1.0,0.0,control,0,6,moderately_near,0,14,1.0,0.0,1.0,-100.0,0.0,0.0,0.0,0.0,1.75,2.0,1.75
C8kR19NvynA_1,C8kR19NvynA,2-5s,4.0,299.0,1.0,1.0,0.0,control,0,7,moderately_near,0,14,1.0,0.0,1.0,-100.0,0.0,0.0,0.0,0.0,1.75,2.0,1.75
C8kR19NvynA_1,C8kR19NvynA,2-5s,4.0,299.0,1.0,1.0,0.0,control,0,8,moderately_near,0,14,1.0,0.0,1.0,-100.0,0.0,0.0,0.0,0.0,1.75,2.0,1.75
C8kR19NvynA_1,C8kR19NvynA,2-5s,4.0,299.0,1.0,1.0,0.0,control,0,9,moderately_near,0,14,1.0,0.0,1.0,-100.0,0.0,0.0,0.0,0.0,1.75,2.0,1.75
CO6-i8NLbeo_1,CO6-i8NLbeo,2-5s,4.0,187.0,0.0,0.1,-0.1,harmful,0,0,remote,0,10,1.0,0.0,1.0,-100.0,0.0,0.0,0.0,0.0,2.75,2.75,2.75
CO6-i8NLbeo_1,CO6-i8NLbeo,2-5s,4.0,187.0,0.0,0.1,-0.1,harmful,0,1,remote,0,10,1.0,0.0,1.0,-100.0,0.0,0.0,0.0,0.0,2.75,2.75,2.75
CO6-i8NLbeo_1,CO6-i8NLbeo,2-5s,4.0,187.0,0.0,0.1,-0.1,harmful,0,2,remote,0,10,1.0,0.0,0.0,0.0,0.0,0.0,0.0,0.0,2.75,2.75,2.75
CO6-i8NLbeo_1,CO6-i8NLbeo,2-5s,4.0,187.0,0.0,0.1,-0.1,harmful,0,3,remote,0,10,1.0,0.0,1.0,-100.0,0.0,0.0,0.0,0.0,2.75,2.75,2.75
CO6-i8NLbeo_1,CO6-i8NLbeo,2-5s,4.0,187.0,0.0,0.1,-0.1,harmful,0,4,remote,0,10,1.0,0.0,1.0,-100.0,0.0,0.0,0.0,0.0,2.75,2.75,2.75
CO6-i8NLbeo_1,CO6-i8NLbeo,2-5s,4.0,187.0,0.0,0.1,-0.1,harmful,0,5,remote,0,10,1.0,0.0,0.0,0.0,0.0,0.0,0.0,0.0,2.75,2.75,2.75
CO6-i8NLbeo_1,CO6-i8NLbeo,2-5s,4.0,187.0,0.0,0.1,-0.1,harmful,0,6,remote,0,10,1.0,0.0,1.0,-100.0,0.0,0.0,0.0,0.0,2.75,2.75,2.75
CO6-i8NLbeo_1,CO6-i8NLbeo,2-5s,4.0,187.0,0.0,0.1,-0.1,harmful,0,7,remote,0,10,1.0,0.0,0.0,0.0,0.0,0.0,0.0,0.0,2.75,2.75,2.75
CO6-i8NLbeo_1,CO6-i8NLbeo,2-5s,4.0,187.0,0.0,0.1,-0.1,harmful,0,8,remote,0,10,1.0,0.0,0.0,0.0,0.0,0.0,0.0,0.0,2.75,2.75,2.75
CO6-i8NLbeo_1,CO6-i8NLbeo,2-5s,4.0,187.0,0.0,0.1,-0.1,harmful,0,9,remote,0,10,1.0,0.0,0.0,0.0,0.0,0.0,0.0,0.0,2.75,2.75,2.75
CO6-i8NLbeo_2,CO6-i8NLbeo,2-5s,3.0,187.0,1.0,1.0,0.0,control,0,0,moderately_near,0,1,1.0,1.0,1.0,0.0,0.0,0.0,0.0,0.0,1.6666666666666667,1.6666666666666667,1.6666666666666667
CO6-i8NLbeo_2,CO6-i8NLbeo,2-5s,3.0,187.0,1.0,1.0,0.0,control,0,1,moderately_near,0,1,1.0,1.0,1.0,0.0,0.0,0.0,0.0,0.0,1.6666666666666667,1.6666666666666667,1.6666666666666667
CO6-i8NLbeo_2,CO6-i8NLbeo,2-5s,3.0,187.0,1.0,1.0,0.0,control,0,2,moderately_near,0,1,1.0,1.0,1.0,0.0,0.0,0.0,0.0,0.0,1.6666666666666667,1.6666666666666667,1.6666666666666667
CO6-i8NLbeo_2,CO6-i8NLbeo,2-5s,3.0,187.0,1.0,1.0,0.0,control,0,3,moderately_near,0,1,1.0,1.0,1.0,0.0,0.0,0.0,0.0,0.0,1.6666666666666667,1.6666666666666667,1.6666666666666667
CO6-i8NLbeo_2,CO6-i8NLbeo,2-5s,3.0,187.0,1.0,1.0,0.0,control,0,4,moderately_near,0,1,1.0,1.0,1.0,0.0,0.0,0.0,0.0,0.0,1.6666666666666667,1.6666666666666667,1.6666666666666667
CO6-i8NLbeo_2,CO6-i8NLbeo,2-5s,3.0,187.0,1.0,1.0,0.0,control,0,5,moderately_near,0,1,1.0,1.0,1.0,0.0,0.0,0.0,0.0,0.0,1.6666666666666667,1.6666666666666667,1.6666666666666667
CO6-i8NLbeo_2,CO6-i8NLbeo,2-5s,3.0,187.0,1.0,1.0,0.0,control,0,6,moderately_near,0,1,1.0,1.0,1.0,0.0,0.0,0.0,0.0,0.0,1.6666666666666667,1.6666666666666667,1.6666666666666667
CO6-i8NLbeo_2,CO6-i8NLbeo,2-5s,3.0,187.0,1.0,1.0,0.0,control,0,7,moderately_near,0,1,1.0,1.0,1.0,0.0,0.0,0.0,0.0,0.0,1.6666666666666667,1.6666666666666667,1.6666666666666667
CO6-i8NLbeo_2,CO6-i8NLbeo,2-5s,3.0,187.0,1.0,1.0,0.0,control,0,8,moderately_near,0,1,1.0,1.0,1.0,0.0,0.0,0.0,0.0,0.0,1.6666666666666667,1.6666666666666667,1.6666666666666667
CO6-i8NLbeo_2,CO6-i8NLbeo,2-5s,3.0,187.0,1.0,1.0,0.0,control,0,9,moderately_near,0,1,1.0,1.0,1.0,0.0,0.0,0.0,0.0,0.0,1.6666666666666667,1.6666666666666667,1.6666666666666667
Cbe2B6ohBpw_1,Cbe2B6ohBpw,2-5s,3.0,60.0,1.0,1.0,0.0,control,0,0,adjacent,0,1,1.0,1.0,1.0,0.0,1.0,1.0,1.0,0.0,1.3333333333333333,1.3333333333333333,1.3333333333333333
Cbe2B6ohBpw_1,Cbe2B6ohBpw,2-5s,3.0,60.0,1.0,1.0,0.0,control,0,1,adjacent,0,1,1.0,1.0,1.0,0.0,1.0,1.0,1.0,0.0,1.3333333333333333,1.3333333333333333,1.3333333333333333
Cbe2B6ohBpw_1,Cbe2B6ohBpw,2-5s,3.0,60.0,1.0,1.0,0.0,control,0,2,adjacent,0,1,1.0,1.0,1.0,0.0,1.0,1.0,1.0,0.0,1.3333333333333333,1.3333333333333333,1.0
Cbe2B6ohBpw_1,Cbe2B6ohBpw,2-5s,3.0,60.0,1.0,1.0,0.0,control,0,3,adjacent,0,1,1.0,1.0,1.0,0.0,1.0,1.0,1.0,0.0,1.3333333333333333,1.3333333333333333,1.0
Cbe2B6ohBpw_1,Cbe2B6ohBpw,2-5s,3.0,60.0,1.0,1.0,0.0,control,0,4,adjacent,0,1,1.0,1.0,1.0,0.0,1.0,1.0,1.0,0.0,1.3333333333333333,1.3333333333333333,1.3333333333333333
Cbe2B6ohBpw_1,Cbe2B6ohBpw,2-5s,3.0,60.0,1.0,1.0,0.0,control,0,5,adjacent,0,1,1.0,1.0,1.0,0.0,1.0,1.0,1.0,0.0,1.3333333333333333,1.3333333333333333,1.0
Cbe2B6ohBpw_1,Cbe2B6ohBpw,2-5s,3.0,60.0,1.0,1.0,0.0,control,0,6,adjacent,0,1,1.0,1.0,1.0,0.0,1.0,1.0,1.0,0.0,1.3333333333333333,1.3333333333333333,1.0
Cbe2B6ohBpw_1,Cbe2B6ohBpw,2-5s,3.0,60.0,1.0,1.0,0.0,control,0,7,adjacent,0,1,1.0,1.0,1.0,0.0,1.0,1.0,1.0,0.0,1.3333333333333333,1.3333333333333333,1.3333333333333333
Cbe2B6ohBpw_1,Cbe2B6ohBpw,2-5s,3.0,60.0,1.0,1.0,0.0,control,0,8,adjacent,0,1,1.0,1.0,1.0,0.0,1.0,1.0,1.0,0.0,1.3333333333333333,1.3333333333333333,1.3333333333333333
Cbe2B6ohBpw_1,Cbe2B6ohBpw,2-5s,3.0,60.0,1.0,1.0,0.0,control,0,9,adjacent,0,1,1.0,1.0,1.0,0.0,1.0,1.0,1.0,0.0,1.3333333333333333,1.3333333333333333,1.3333333333333333
Cbe2B6ohBpw_2,Cbe2B6ohBpw,2-5s,2.0,60.0,1.0,0.8,0.19999999999999996,control,0,0,remote,0,1,1.0,1.0,1.0,0.0,0.0,0.0,0.0,0.0,1.5,1.5,1.5
Cbe2B6ohBpw_2,Cbe2B6ohBpw,2-5s,2.0,60.0,1.0,0.8,0.19999999999999996,control,0,1,remote,0,1,1.0,1.0,1.0,0.0,0.0,0.0,0.0,0.0,1.5,1.5,1.5
Cbe2B6ohBpw_2,Cbe2B6ohBpw,2-5s,2.0,60.0,1.0,0.8,0.19999999999999996,control,0,2,remote,0,1,1.0,1.0,1.0,0.0,0.0,0.0,0.0,0.0,1.5,1.5,1.5
Cbe2B6ohBpw_2,Cbe2B6ohBpw,2-5s,2.0,60.0,1.0,0.8,0.19999999999999996,control,0,3,remote,0,1,1.0,1.0,1.0,0.0,0.0,0.0,0.0,0.0,1.5,1.5,1.5
Cbe2B6ohBpw_2,Cbe2B6ohBpw,2-5s,2.0,60.0,1.0,0.8,0.19999999999999996,control,0,4,remote,0,1,1.0,1.0,1.0,0.0,0.0,0.0,0.0,0.0,1.5,1.5,1.5
Cbe2B6ohBpw_2,Cbe2B6ohBpw,2-5s,2.0,60.0,1.0,0.8,0.19999999999999996,control,0,5,remote,0,1,1.0,1.0,1.0,0.0,0.0,0.0,0.0,0.0,1.5,1.5,1.5
Cbe2B6ohBpw_2,Cbe2B6ohBpw,2-5s,2.0,60.0,1.0,0.8,0.19999999999999996,control,0,6,remote,0,1,1.0,1.0,1.0,0.0,0.0,0.0,0.0,0.0,1.5,1.5,1.5
Cbe2B6ohBpw_2,Cbe2B6ohBpw,2-5s,2.0,60.0,1.0,0.8,0.19999999999999996,control,0,7,remote,0,1,1.0,1.0,1.0,0.0,0.0,0.0,0.0,0.0,1.5,1.5,1.5
Cbe2B6ohBpw_2,Cbe2B6ohBpw,2-5s,2.0,60.0,1.0,0.8,0.19999999999999996,control,0,8,remote,0,1,1.0,1.0,1.0,0.0,0.0,0.0,0.0,0.0,1.5,1.5,1.5
Cbe2B6ohBpw_2,Cbe2B6ohBpw,2-5s,2.0,60.0,1.0,0.8,0.19999999999999996,control,0,9,remote,0,1,1.0,1.0,1.0,0.0,0.0,0.0,0.0,0.0,1.5,1.5,1.5
CefFMA3klxk_1,CefFMA3klxk,0-2s,1.0,299.0,0.0,0.1,-0.1,harmful,1,0,remote,0,17,0.0,0.0,0.0,0.0,0.0,0.0,0.0,0.0,10.0,12.0,10.0
CefFMA3klxk_1,CefFMA3klxk,0-2s,1.0,299.0,0.0,0.1,-0.1,harmful,1,1,remote,0,17,0.0,0.0,1.0,-100.0,0.0,0.0,0.0,0.0,10.0,12.0,10.0
CefFMA3klxk_1,CefFMA3klxk,0-2s,1.0,299.0,0.0,0.1,-0.1,harmful,1,2,remote,0,17,0.0,0.0,0.0,0.0,0.0,0.0,0.0,0.0,10.0,12.0,10.0
CefFMA3klxk_1,CefFMA3klxk,0-2s,1.0,299.0,0.0,0.1,-0.1,harmful,1,3,remote,0,17,0.0,0.0,0.0,0.0,0.0,0.0,0.0,0.0,10.0,12.0,10.0
CefFMA3klxk_1,CefFMA3klxk,0-2s,1.0,299.0,0.0,0.1,-0.1,harmful,1,4,remote,0,17,0.0,0.0,1.0,-100.0,0.0,0.0,0.0,0.0,10.0,12.0,10.0
CefFMA3klxk_1,CefFMA3klxk,0-2s,1.0,299.0,0.0,0.1,-0.1,harmful,1,5,remote,0,17,0.0,0.0,0.0,0.0,0.0,0.0,0.0,0.0,10.0,12.0,10.0
CefFMA3klxk_1,CefFMA3klxk,0-2s,1.0,299.0,0.0,0.1,-0.1,harmful,1,6,remote,0,17,0.0,0.0,0.0,0.0,0.0,0.0,0.0,0.0,10.0,12.0,10.0
CefFMA3klxk_1,CefFMA3klxk,0-2s,1.0,299.0,0.0,0.1,-0.1,harmful,1,7,remote,0,17,0.0,0.0,0.0,0.0,0.0,0.0,0.0,0.0,10.0,12.0,10.0
CefFMA3klxk_1,CefFMA3klxk,0-2s,1.0,299.0,0.0,0.1,-0.1,harmful,1,8,remote,0,17,0.0,0.0,0.0,0.0,0.0,0.0,0.0,0.0,10.0,12.0,10.0
CefFMA3klxk_1,CefFMA3klxk,0-2s,1.0,299.0,0.0,0.1,-0.1,harmful,1,9,remote,0,17,0.0,0.0,0.0,0.0,0.0,0.0,0.0,0.0,10.0,12.0,10.0
CefFMA3klxk_3,CefFMA3klxk,2-5s,2.0,299.0,0.0,0.8,-0.8,harmful,1,0,remote,0,38,1.0,1.0,1.0,0.0,0.0,0.0,0.0,0.0,6.0,4.5,6.0
CefFMA3klxk_3,CefFMA3klxk,2-5s,2.0,299.0,0.0,0.8,-0.8,harmful,1,1,remote,0,38,1.0,1.0,1.0,0.0,0.0,0.0,0.0,0.0,6.0,4.5,6.0
CefFMA3klxk_3,CefFMA3klxk,2-5s,2.0,299.0,0.0,0.8,-0.8,harmful,1,2,remote,0,38,1.0,1.0,1.0,0.0,0.0,0.0,0.0,0.0,6.0,4.5,6.0
CefFMA3klxk_3,CefFMA3klxk,2-5s,2.0,299.0,0.0,0.8,-0.8,harmful,1,3,remote,0,38,1.0,1.0,1.0,0.0,0.0,0.0,0.0,0.0,6.0,4.5,6.0
CefFMA3klxk_3,CefFMA3klxk,2-5s,2.0,299.0,0.0,0.8,-0.8,harmful,1,4,remote,0,38,1.0,1.0,1.0,0.0,0.0,0.0,0.0,0.0,6.0,4.5,6.5
CefFMA3klxk_3,CefFMA3klxk,2-5s,2.0,299.0,0.0,0.8,-0.8,harmful,1,5,remote,0,38,1.0,1.0,1.0,0.0,0.0,0.0,0.0,0.0,6.0,4.5,6.0
CefFMA3klxk_3,CefFMA3klxk,2-5s,2.0,299.0,0.0,0.8,-0.8,harmful,1,6,remote,0,38,1.0,1.0,1.0,0.0,0.0,0.0,0.0,0.0,6.0,4.5,6.0
CefFMA3klxk_3,CefFMA3klxk,2-5s,2.0,299.0,0.0,0.8,-0.8,harmful,1,7,remote,0,38,1.0,1.0,1.0,0.0,0.0,0.0,0.0,0.0,6.0,4.5,6.0
CefFMA3klxk_3,CefFMA3klxk,2-5s,2.0,299.0,0.0,0.8,-0.8,harmful,1,8,remote,0,38,1.0,1.0,1.0,0.0,0.0,0.0,0.0,0.0,6.0,4.5,6.5
CefFMA3klxk_3,CefFMA3klxk,2-5s,2.0,299.0,0.0,0.8,-0.8,harmful,1,9,remote,0,38,1.0,1.0,1.0,0.0,0.0,0.0,0.0,0.0,6.0,4.5,6.5
CvNAwby6Xos_1,CvNAwby6Xos,2-5s,4.0,299.0,0.0,0.9,-0.9,harmful,1,0,remote,0,3,0.0,1.0,0.0,100.0,0.0,0.0,0.0,0.0,2.0,2.0,2.0
CvNAwby6Xos_1,CvNAwby6Xos,2-5s,4.0,299.0,0.0,0.9,-0.9,harmful,1,1,remote,0,3,0.0,1.0,0.0,100.0,0.0,0.0,0.0,0.0,2.0,2.0,2.0
CvNAwby6Xos_1,CvNAwby6Xos,2-5s,4.0,299.0,0.0,0.9,-0.9,harmful,1,2,remote,0,3,0.0,1.0,0.0,100.0,0.0,0.0,0.0,0.0,2.0,2.0,2.0
CvNAwby6Xos_1,CvNAwby6Xos,2-5s,4.0,299.0,0.0,0.9,-0.9,harmful,1,3,remote,0,3,0.0,1.0,0.0,100.0,0.0,0.0,0.0,0.0,2.0,2.0,2.0
CvNAwby6Xos_1,CvNAwby6Xos,2-5s,4.0,299.0,0.0,0.9,-0.9,harmful,1,4,remote,0,3,0.0,1.0,0.0,100.0,0.0,0.0,0.0,0.0,2.0,2.0,2.0
CvNAwby6Xos_1,CvNAwby6Xos,2-5s,4.0,299.0,0.0,0.9,-0.9,harmful,1,5,remote,0,3,0.0,1.0,0.0,100.0,0.0,0.0,0.0,0.0,2.0,2.0,2.0
CvNAwby6Xos_1,CvNAwby6Xos,2-5s,4.0,299.0,0.0,0.9,-0.9,harmful,1,6,remote,0,3,0.0,1.0,0.0,100.0,0.0,0.0,0.0,0.0,2.0,2.0,2.0
CvNAwby6Xos_1,CvNAwby6Xos,2-5s,4.0,299.0,0.0,0.9,-0.9,harmful,1,7,remote,0,3,0.0,1.0,0.0,100.0,0.0,0.0,0.0,0.0,2.0,2.0,2.0
CvNAwby6Xos_1,CvNAwby6Xos,2-5s,4.0,299.0,0.0,0.9,-0.9,harmful,1,8,remote,0,3,0.0,1.0,0.0,100.0,0.0,0.0,0.0,0.0,2.0,2.0,2.0
CvNAwby6Xos_1,CvNAwby6Xos,2-5s,4.0,299.0,0.0,0.9,-0.9,harmful,1,9,remote,0,3,0.0,1.0,0.0,100.0,0.0,0.0,0.0,0.0,2.0,2.0,2.0
D2Xc_jZllDY_2,D2Xc_jZllDY,2-5s,2.0,299.0,1.0,0.9,0.09999999999999998,control,0,0,remote,0,1,1.0,1.0,1.0,0.0,0.0,0.0,0.0,0.0,4.0,4.0,4.0
D2Xc_jZllDY_2,D2Xc_jZllDY,2-5s,2.0,299.0,1.0,0.9,0.09999999999999998,control,0,1,remote,0,1,1.0,1.0,1.0,0.0,0.0,0.0,0.0,0.0,4.0,4.0,4.0
D2Xc_jZllDY_2,D2Xc_jZllDY,2-5s,2.0,299.0,1.0,0.9,0.09999999999999998,control,0,2,remote,0,1,1.0,1.0,1.0,0.0,0.0,0.0,0.0,0.0,4.0,4.0,4.0
D2Xc_jZllDY_2,D2Xc_jZllDY,2-5s,2.0,299.0,1.0,0.9,0.09999999999999998,control,0,3,remote,0,1,1.0,1.0,1.0,0.0,0.0,0.0,0.0,0.0,4.0,4.0,4.0
D2Xc_jZllDY_2,D2Xc_jZllDY,2-5s,2.0,299.0,1.0,0.9,0.09999999999999998,control,0,4,remote,0,1,1.0,1.0,1.0,0.0,0.0,0.0,0.0,0.0,4.0,4.0,4.0
D2Xc_jZllDY_2,D2Xc_jZllDY,2-5s,2.0,299.0,1.0,0.9,0.09999999999999998,control,0,5,remote,0,1,1.0,1.0,1.0,0.0,0.0,0.0,0.0,0.0,4.0,4.0,4.0
D2Xc_jZllDY_2,D2Xc_jZllDY,2-5s,2.0,299.0,1.0,0.9,0.09999999999999998,control,0,6,remote,0,1,1.0,1.0,1.0,0.0,0.0,0.0,0.0,0.0,4.0,4.0,4.0
D2Xc_jZllDY_2,D2Xc_jZllDY,2-5s,2.0,299.0,1.0,0.9,0.09999999999999998,control,0,7,remote,0,1,1.0,1.0,1.0,0.0,0.0,0.0,0.0,0.0,4.0,4.0,4.0
D2Xc_jZllDY_2,D2Xc_jZllDY,2-5s,2.0,299.0,1.0,0.9,0.09999999999999998,control,0,8,remote,0,1,1.0,1.0,1.0,0.0,0.0,0.0,0.0,0.0,4.0,4.0,4.0
D2Xc_jZllDY_2,D2Xc_jZllDY,2-5s,2.0,299.0,1.0,0.9,0.09999999999999998,control,0,9,remote,0,1,1.0,1.0,1.0,0.0,0.0,0.0,0.0,0.0,4.0,4.0,4.0
Dc2WEiRk0rA_2,Dc2WEiRk0rA,2-5s,3.0,73.0,1.0,1.0,0.0,control,0,0,remote,0,15,1.0,0.0,1.0,-100.0,0.0,0.0,0.0,0.0,1.3333333333333333,0.6666666666666666,1.6666666666666667
Dc2WEiRk0rA_2,Dc2WEiRk0rA,2-5s,3.0,73.0,1.0,1.0,0.0,control,0,1,remote,0,15,1.0,0.0,1.0,-100.0,0.0,0.0,0.0,0.0,1.3333333333333333,0.6666666666666666,1.3333333333333333
Dc2WEiRk0rA_2,Dc2WEiRk0rA,2-5s,3.0,73.0,1.0,1.0,0.0,control,0,2,remote,0,15,1.0,0.0,1.0,-100.0,0.0,0.0,0.0,0.0,1.3333333333333333,0.6666666666666666,1.3333333333333333
Dc2WEiRk0rA_2,Dc2WEiRk0rA,2-5s,3.0,73.0,1.0,1.0,0.0,control,0,3,remote,0,15,1.0,0.0,1.0,-100.0,0.0,0.0,0.0,0.0,1.3333333333333333,0.6666666666666666,1.3333333333333333
Dc2WEiRk0rA_2,Dc2WEiRk0rA,2-5s,3.0,73.0,1.0,1.0,0.0,control,0,4,remote,0,15,1.0,0.0,1.0,-100.0,0.0,0.0,0.0,0.0,1.3333333333333333,0.6666666666666666,1.3333333333333333
Dc2WEiRk0rA_2,Dc2WEiRk0rA,2-5s,3.0,73.0,1.0,1.0,0.0,control,0,5,remote,0,15,1.0,0.0,1.0,-100.0,0.0,0.0,0.0,0.0,1.3333333333333333,0.6666666666666666,1.3333333333333333
Dc2WEiRk0rA_2,Dc2WEiRk0rA,2-5s,3.0,73.0,1.0,1.0,0.0,control,0,6,remote,0,15,1.0,0.0,1.0,-100.0,0.0,0.0,0.0,0.0,1.3333333333333333,0.6666666666666666,1.3333333333333333
Dc2WEiRk0rA_2,Dc2WEiRk0rA,2-5s,3.0,73.0,1.0,1.0,0.0,control,0,7,remote,0,15,1.0,0.0,1.0,-100.0,0.0,0.0,0.0,0.0,1.3333333333333333,0.6666666666666666,1.3333333333333333
Dc2WEiRk0rA_2,Dc2WEiRk0rA,2-5s,3.0,73.0,1.0,1.0,0.0,control,0,8,remote,0,15,1.0,0.0,1.0,-100.0,0.0,0.0,0.0,0.0,1.3333333333333333,0.6666666666666666,1.3333333333333333
Dc2WEiRk0rA_2,Dc2WEiRk0rA,2-5s,3.0,73.0,1.0,1.0,0.0,control,0,9,remote,0,15,1.0,0.0,1.0,-100.0,0.0,0.0,0.0,0.0,1.3333333333333333,0.6666666666666666,1.3333333333333333
DjKGzOe_COc_1,DjKGzOe_COc,2-5s,3.0,113.0,1.0,0.1,0.9,control,1,0,remote,0,2,0.0,0.0,0.0,0.0,0.0,0.0,0.0,0.0,6.666666666666667,6.333333333333333,6.333333333333333
DjKGzOe_COc_1,DjKGzOe_COc,2-5s,3.0,113.0,1.0,0.1,0.9,control,1,1,remote,0,2,0.0,0.0,0.0,0.0,0.0,0.0,0.0,0.0,6.666666666666667,6.333333333333333,6.333333333333333
DjKGzOe_COc_1,DjKGzOe_COc,2-5s,3.0,113.0,1.0,0.1,0.9,control,1,2,remote,0,2,0.0,0.0,0.0,0.0,0.0,0.0,0.0,0.0,6.666666666666667,6.333333333333333,6.666666666666667
DjKGzOe_COc_1,DjKGzOe_COc,2-5s,3.0,113.0,1.0,0.1,0.9,control,1,3,remote,0,2,0.0,0.0,0.0,0.0,0.0,0.0,0.0,0.0,6.666666666666667,6.333333333333333,6.333333333333333
DjKGzOe_COc_1,DjKGzOe_COc,2-5s,3.0,113.0,1.0,0.1,0.9,control,1,4,remote,0,2,0.0,0.0,0.0,0.0,0.0,0.0,0.0,0.0,6.666666666666667,6.333333333333333,6.333333333333333
DjKGzOe_COc_1,DjKGzOe_COc,2-5s,3.0,113.0,1.0,0.1,0.9,control,1,5,remote,0,2,0.0,0.0,0.0,0.0,0.0,0.0,0.0,0.0,6.666666666666667,6.333333333333333,6.666666666666667
DjKGzOe_COc_1,DjKGzOe_COc,2-5s,3.0,113.0,1.0,0.1,0.9,control,1,6,remote,0,2,0.0,0.0,0.0,0.0,0.0,0.0,0.0,0.0,6.666666666666667,6.333333333333333,6.333333333333333
DjKGzOe_COc_1,DjKGzOe_COc,2-5s,3.0,113.0,1.0,0.1,0.9,control,1,7,remote,0,2,0.0,0.0,0.0,0.0,0.0,0.0,0.0,0.0,6.666666666666667,6.333333333333333,6.666666666666667
DjKGzOe_COc_1,DjKGzOe_COc,2-5s,3.0,113.0,1.0,0.1,0.9,control,1,8,remote,0,2,0.0,0.0,0.0,0.0,0.0,0.0,0.0,0.0,6.666666666666667,6.333333333333333,6.333333333333333
DjKGzOe_COc_1,DjKGzOe_COc,2-5s,3.0,113.0,1.0,0.1,0.9,control,1,9,remote,0,2,0.0,0.0,0.0,0.0,0.0,0.0,0.0,0.0,6.666666666666667,6.333333333333333,6.666666666666667
Dn3buZWMzwY_1,Dn3buZWMzwY,2-5s,2.0,99.0,1.0,0.8,0.19999999999999996,control,0,0,moderately_near,1,6,1.0,1.0,1.0,0.0,0.0,0.0,0.0,0.0,1.5,2.0,1.5
Dn3buZWMzwY_1,Dn3buZWMzwY,2-5s,2.0,99.0,1.0,0.8,0.19999999999999996,control,0,1,moderately_near,1,6,1.0,1.0,1.0,0.0,0.0,0.0,0.0,0.0,1.5,2.0,1.5
Dn3buZWMzwY_1,Dn3buZWMzwY,2-5s,2.0,99.0,1.0,0.8,0.19999999999999996,control,0,2,moderately_near,1,6,1.0,1.0,1.0,0.0,0.0,0.0,0.0,0.0,1.5,2.0,1.5
Dn3buZWMzwY_1,Dn3buZWMzwY,2-5s,2.0,99.0,1.0,0.8,0.19999999999999996,control,0,3,moderately_near,1,6,1.0,1.0,1.0,0.0,0.0,0.0,0.0,0.0,1.5,2.0,1.5
Dn3buZWMzwY_1,Dn3buZWMzwY,2-5s,2.0,99.0,1.0,0.8,0.19999999999999996,control,0,4,moderately_near,1,6,1.0,1.0,1.0,0.0,0.0,0.0,0.0,0.0,1.5,2.0,1.5
Dn3buZWMzwY_1,Dn3buZWMzwY,2-5s,2.0,99.0,1.0,0.8,0.19999999999999996,control,0,5,moderately_near,1,6,1.0,1.0,1.0,0.0,0.0,0.0,0.0,0.0,1.5,2.0,2.0
Dn3buZWMzwY_1,Dn3buZWMzwY,2-5s,2.0,99.0,1.0,0.8,0.19999999999999996,control,0,6,moderately_near,1,6,1.0,1.0,1.0,0.0,0.0,0.0,0.0,0.0,1.5,2.0,1.5
Dn3buZWMzwY_1,Dn3buZWMzwY,2-5s,2.0,99.0,1.0,0.8,0.19999999999999996,control,0,7,moderately_near,1,6,1.0,1.0,1.0,0.0,0.0,0.0,0.0,0.0,1.5,2.0,1.5
Dn3buZWMzwY_1,Dn3buZWMzwY,2-5s,2.0,99.0,1.0,0.8,0.19999999999999996,control,0,8,moderately_near,1,6,1.0,1.0,1.0,0.0,0.0,0.0,0.0,0.0,1.5,2.0,1.5
Dn3buZWMzwY_1,Dn3buZWMzwY,2-5s,2.0,99.0,1.0,0.8,0.19999999999999996,control,0,9,moderately_near,1,6,1.0,1.0,1.0,0.0,0.0,0.0,0.0,0.0,1.5,2.0,1.5
Dn3buZWMzwY_2,Dn3buZWMzwY,0-2s,1.0,99.0,1.0,0.9,0.09999999999999998,control,0,0,remote,0,3,1.0,1.0,1.0,0.0,0.0,0.0,0.0,0.0,6.0,7.0,6.0
Dn3buZWMzwY_2,Dn3buZWMzwY,0-2s,1.0,99.0,1.0,0.9,0.09999999999999998,control,0,1,remote,0,3,1.0,1.0,1.0,0.0,0.0,0.0,0.0,0.0,6.0,7.0,6.0
Dn3buZWMzwY_2,Dn3buZWMzwY,0-2s,1.0,99.0,1.0,0.9,0.09999999999999998,control,0,2,remote,0,3,1.0,1.0,1.0,0.0,0.0,0.0,0.0,0.0,6.0,7.0,6.0
Dn3buZWMzwY_2,Dn3buZWMzwY,0-2s,1.0,99.0,1.0,0.9,0.09999999999999998,control,0,3,remote,0,3,1.0,1.0,1.0,0.0,0.0,0.0,0.0,0.0,6.0,7.0,6.0
Dn3buZWMzwY_2,Dn3buZWMzwY,0-2s,1.0,99.0,1.0,0.9,0.09999999999999998,control,0,4,remote,0,3,1.0,1.0,1.0,0.0,0.0,0.0,0.0,0.0,6.0,7.0,6.0
Dn3buZWMzwY_2,Dn3buZWMzwY,0-2s,1.0,99.0,1.0,0.9,0.09999999999999998,control,0,5,remote,0,3,1.0,1.0,1.0,0.0,0.0,0.0,0.0,0.0,6.0,7.0,6.0
Dn3buZWMzwY_2,Dn3buZWMzwY,0-2s,1.0,99.0,1.0,0.9,0.09999999999999998,control,0,6,remote,0,3,1.0,1.0,1.0,0.0,0.0,0.0,0.0,0.0,6.0,7.0,6.0
Dn3buZWMzwY_2,Dn3buZWMzwY,0-2s,1.0,99.0,1.0,0.9,0.09999999999999998,control,0,7,remote,0,3,1.0,1.0,1.0,0.0,0.0,0.0,0.0,0.0,6.0,7.0,6.0
Dn3buZWMzwY_2,Dn3buZWMzwY,0-2s,1.0,99.0,1.0,0.9,0.09999999999999998,control,0,8,remote,0,3,1.0,1.0,1.0,0.0,0.0,0.0,0.0,0.0,6.0,7.0,6.0
Dn3buZWMzwY_2,Dn3buZWMzwY,0-2s,1.0,99.0,1.0,0.9,0.09999999999999998,control,0,9,remote,0,3,1.0,1.0,1.0,0.0,0.0,0.0,0.0,0.0,6.0,7.0,6.0
Dn3buZWMzwY_3,Dn3buZWMzwY,0-2s,1.0,99.0,1.0,1.0,0.0,control,0,0,adjacent,1,3,1.0,1.0,1.0,0.0,0.0,0.0,0.0,0.0,9.0,9.0,10.0
Dn3buZWMzwY_3,Dn3buZWMzwY,0-2s,1.0,99.0,1.0,1.0,0.0,control,0,1,adjacent,1,3,1.0,1.0,1.0,0.0,0.0,0.0,0.0,0.0,9.0,9.0,10.0
Dn3buZWMzwY_3,Dn3buZWMzwY,0-2s,1.0,99.0,1.0,1.0,0.0,control,0,2,adjacent,1,3,1.0,1.0,1.0,0.0,0.0,0.0,0.0,0.0,9.0,9.0,10.0
Dn3buZWMzwY_3,Dn3buZWMzwY,0-2s,1.0,99.0,1.0,1.0,0.0,control,0,3,adjacent,1,3,1.0,1.0,1.0,0.0,0.0,0.0,0.0,0.0,9.0,9.0,10.0
Dn3buZWMzwY_3,Dn3buZWMzwY,0-2s,1.0,99.0,1.0,1.0,0.0,control,0,4,adjacent,1,3,1.0,1.0,1.0,0.0,0.0,0.0,0.0,0.0,9.0,9.0,10.0
Dn3buZWMzwY_3,Dn3buZWMzwY,0-2s,1.0,99.0,1.0,1.0,0.0,control,0,5,adjacent,1,3,1.0,1.0,1.0,0.0,0.0,0.0,0.0,0.0,9.0,9.0,10.0
Dn3buZWMzwY_3,Dn3buZWMzwY,0-2s,1.0,99.0,1.0,1.0,0.0,control,0,6,adjacent,1,3,1.0,1.0,1.0,0.0,0.0,0.0,0.0,0.0,9.0,9.0,10.0
Dn3buZWMzwY_3,Dn3buZWMzwY,0-2s,1.0,99.0,1.0,1.0,0.0,control,0,7,adjacent,1,3,1.0,1.0,1.0,0.0,0.0,0.0,0.0,0.0,9.0,9.0,10.0
Dn3buZWMzwY_3,Dn3buZWMzwY,0-2s,1.0,99.0,1.0,1.0,0.0,control,0,8,adjacent,1,3,1.0,1.0,1.0,0.0,0.0,0.0,0.0,0.0,9.0,9.0,10.0
Dn3buZWMzwY_3,Dn3buZWMzwY,0-2s,1.0,99.0,1.0,1.0,0.0,control,0,9,adjacent,1,3,1.0,1.0,1.0,0.0,0.0,0.0,0.0,0.0,9.0,9.0,10.0
Dn3buZWMzwY_4,Dn3buZWMzwY,2-5s,2.0,99.0,0.0,0.8,-0.8,harmful,0,0,moderately_near,1,5,1.0,1.0,1.0,0.0,0.0,0.0,0.0,0.0,8.5,9.0,8.0
Dn3buZWMzwY_4,Dn3buZWMzwY,2-5s,2.0,99.0,0.0,0.8,-0.8,harmful,0,1,moderately_near,1,5,1.0,1.0,1.0,0.0,0.0,0.0,0.0,0.0,8.5,9.0,8.5
Dn3buZWMzwY_4,Dn3buZWMzwY,2-5s,2.0,99.0,0.0,0.8,-0.8,harmful,0,2,moderately_near,1,5,1.0,1.0,1.0,0.0,0.0,0.0,0.0,0.0,8.5,9.0,8.5
Dn3buZWMzwY_4,Dn3buZWMzwY,2-5s,2.0,99.0,0.0,0.8,-0.8,harmful,0,3,moderately_near,1,5,1.0,1.0,1.0,0.0,0.0,0.0,0.0,0.0,8.5,9.0,8.5
Dn3buZWMzwY_4,Dn3buZWMzwY,2-5s,2.0,99.0,0.0,0.8,-0.8,harmful,0,4,moderately_near,1,5,1.0,1.0,1.0,0.0,0.0,0.0,0.0,0.0,8.5,9.0,8.5
Dn3buZWMzwY_4,Dn3buZWMzwY,2-5s,2.0,99.0,0.0,0.8,-0.8,harmful,0,5,moderately_near,1,5,1.0,1.0,1.0,0.0,0.0,0.0,0.0,0.0,8.5,9.0,8.5
Dn3buZWMzwY_4,Dn3buZWMzwY,2-5s,2.0,99.0,0.0,0.8,-0.8,harmful,0,6,moderately_near,1,5,1.0,1.0,1.0,0.0,0.0,0.0,0.0,0.0,8.5,9.0,8.5
Dn3buZWMzwY_4,Dn3buZWMzwY,2-5s,2.0,99.0,0.0,0.8,-0.8,harmful,0,7,moderately_near,1,5,1.0,1.0,1.0,0.0,0.0,0.0,0.0,0.0,8.5,9.0,8.5
Dn3buZWMzwY_4,Dn3buZWMzwY,2-5s,2.0,99.0,0.0,0.8,-0.8,harmful,0,8,moderately_near,1,5,1.0,1.0,1.0,0.0,0.0,0.0,0.0,0.0,8.5,9.0,8.5
Dn3buZWMzwY_4,Dn3buZWMzwY,2-5s,2.0,99.0,0.0,0.8,-0.8,harmful,0,9,moderately_near,1,5,1.0,1.0,1.0,0.0,0.0,0.0,0.0,0.0,8.5,9.0,8.5
E3D_z0aoUEg_4,E3D_z0aoUEg,2-5s,3.0,158.0,0.0,1.0,-1.0,harmful,0,0,moderately_near,1,6,1.0,1.0,1.0,0.0,1.0,1.0,1.0,0.0,1.6666666666666667,1.6666666666666667,1.6666666666666667
E3D_z0aoUEg_4,E3D_z0aoUEg,2-5s,3.0,158.0,0.0,1.0,-1.0,harmful,0,1,moderately_near,1,6,1.0,1.0,1.0,0.0,1.0,1.0,1.0,0.0,1.6666666666666667,1.6666666666666667,2.0
E3D_z0aoUEg_4,E3D_z0aoUEg,2-5s,3.0,158.0,0.0,1.0,-1.0,harmful,0,2,moderately_near,1,6,1.0,1.0,1.0,0.0,1.0,1.0,1.0,0.0,1.6666666666666667,1.6666666666666667,2.0
E3D_z0aoUEg_4,E3D_z0aoUEg,2-5s,3.0,158.0,0.0,1.0,-1.0,harmful,0,3,moderately_near,1,6,1.0,1.0,1.0,0.0,1.0,1.0,1.0,0.0,1.6666666666666667,1.6666666666666667,1.6666666666666667
E3D_z0aoUEg_4,E3D_z0aoUEg,2-5s,3.0,158.0,0.0,1.0,-1.0,harmful,0,4,moderately_near,1,6,1.0,1.0,1.0,0.0,1.0,1.0,1.0,0.0,1.6666666666666667,1.6666666666666667,1.6666666666666667
E3D_z0aoUEg_4,E3D_z0aoUEg,2-5s,3.0,158.0,0.0,1.0,-1.0,harmful,0,5,moderately_near,1,6,1.0,1.0,1.0,0.0,1.0,1.0,1.0,0.0,1.6666666666666667,1.6666666666666667,2.0
E3D_z0aoUEg_4,E3D_z0aoUEg,2-5s,3.0,158.0,0.0,1.0,-1.0,harmful,0,6,moderately_near,1,6,1.0,1.0,1.0,0.0,1.0,1.0,1.0,0.0,1.6666666666666667,1.6666666666666667,1.6666666666666667
E3D_z0aoUEg_4,E3D_z0aoUEg,2-5s,3.0,158.0,0.0,1.0,-1.0,harmful,0,7,moderately_near,1,6,1.0,1.0,1.0,0.0,1.0,1.0,0.0,100.0,1.6666666666666667,1.6666666666666667,1.6666666666666667
E3D_z0aoUEg_4,E3D_z0aoUEg,2-5s,3.0,158.0,0.0,1.0,-1.0,harmful,0,8,moderately_near,1,6,1.0,1.0,1.0,0.0,1.0,1.0,1.0,0.0,1.6666666666666667,1.6666666666666667,1.6666666666666667
E3D_z0aoUEg_4,E3D_z0aoUEg,2-5s,3.0,158.0,0.0,1.0,-1.0,harmful,0,9,moderately_near,1,6,1.0,1.0,1.0,0.0,1.0,1.0,1.0,0.0,1.6666666666666667,1.6666666666666667,1.6666666666666667
E3Q1jfTeuWs_1,E3Q1jfTeuWs,2-5s,2.0,60.0,1.0,0.9,0.09999999999999998,control,1,0,remote,0,7,0.0,0.0,1.0,-100.0,0.0,0.0,0.0,0.0,1.5,1.5,1.5
E3Q1jfTeuWs_1,E3Q1jfTeuWs,2-5s,2.0,60.0,1.0,0.9,0.09999999999999998,control,1,1,remote,0,7,0.0,0.0,1.0,-100.0,0.0,0.0,0.0,0.0,1.5,1.5,1.5
E3Q1jfTeuWs_1,E3Q1jfTeuWs,2-5s,2.0,60.0,1.0,0.9,0.09999999999999998,control,1,2,remote,0,7,0.0,0.0,0.0,0.0,0.0,0.0,0.0,0.0,1.5,1.5,1.5
E3Q1jfTeuWs_1,E3Q1jfTeuWs,2-5s,2.0,60.0,1.0,0.9,0.09999999999999998,control,1,3,remote,0,7,0.0,0.0,1.0,-100.0,0.0,0.0,0.0,0.0,1.5,1.5,1.5
E3Q1jfTeuWs_1,E3Q1jfTeuWs,2-5s,2.0,60.0,1.0,0.9,0.09999999999999998,control,1,4,remote,0,7,0.0,0.0,1.0,-100.0,0.0,0.0,0.0,0.0,1.5,1.5,1.5
E3Q1jfTeuWs_1,E3Q1jfTeuWs,2-5s,2.0,60.0,1.0,0.9,0.09999999999999998,control,1,5,remote,0,7,0.0,0.0,0.0,0.0,0.0,0.0,0.0,0.0,1.5,1.5,1.5
E3Q1jfTeuWs_1,E3Q1jfTeuWs,2-5s,2.0,60.0,1.0,0.9,0.09999999999999998,control,1,6,remote,0,7,0.0,0.0,1.0,-100.0,0.0,0.0,0.0,0.0,1.5,1.5,1.5
E3Q1jfTeuWs_1,E3Q1jfTeuWs,2-5s,2.0,60.0,1.0,0.9,0.09999999999999998,control,1,7,remote,0,7,0.0,0.0,1.0,-100.0,0.0,0.0,0.0,0.0,1.5,1.5,1.5
E3Q1jfTeuWs_1,E3Q1jfTeuWs,2-5s,2.0,60.0,1.0,0.9,0.09999999999999998,control,1,8,remote,0,7,0.0,0.0,0.0,0.0,0.0,0.0,0.0,0.0,1.5,1.5,1.5
E3Q1jfTeuWs_1,E3Q1jfTeuWs,2-5s,2.0,60.0,1.0,0.9,0.09999999999999998,control,1,9,remote,0,7,0.0,0.0,1.0,-100.0,0.0,0.0,0.0,0.0,1.5,1.5,1.5
E3Q1jfTeuWs_2,E3Q1jfTeuWs,2-5s,2.0,60.0,1.0,0.9,0.09999999999999998,control,0,0,remote,0,4,1.0,0.0,1.0,-100.0,0.0,0.0,0.0,0.0,1.5,2.0,1.5
E3Q1jfTeuWs_2,E3Q1jfTeuWs,2-5s,2.0,60.0,1.0,0.9,0.09999999999999998,control,0,1,remote,0,4,1.0,0.0,1.0,-100.0,0.0,0.0,0.0,0.0,1.5,2.0,1.5
E3Q1jfTeuWs_2,E3Q1jfTeuWs,2-5s,2.0,60.0,1.0,0.9,0.09999999999999998,control,0,2,remote,0,4,1.0,0.0,1.0,-100.0,0.0,0.0,0.0,0.0,1.5,2.0,1.5
E3Q1jfTeuWs_2,E3Q1jfTeuWs,2-5s,2.0,60.0,1.0,0.9,0.09999999999999998,control,0,3,remote,0,4,1.0,0.0,1.0,-100.0,0.0,0.0,0.0,0.0,1.5,2.0,1.5
E3Q1jfTeuWs_2,E3Q1jfTeuWs,2-5s,2.0,60.0,1.0,0.9,0.09999999999999998,control,0,4,remote,0,4,1.0,0.0,1.0,-100.0,0.0,0.0,0.0,0.0,1.5,2.0,1.5
E3Q1jfTeuWs_2,E3Q1jfTeuWs,2-5s,2.0,60.0,1.0,0.9,0.09999999999999998,control,0,5,remote,0,4,1.0,0.0,1.0,-100.0,0.0,0.0,0.0,0.0,1.5,2.0,1.5
E3Q1jfTeuWs_2,E3Q1jfTeuWs,2-5s,2.0,60.0,1.0,0.9,0.09999999999999998,control,0,6,remote,0,4,1.0,0.0,1.0,-100.0,0.0,0.0,0.0,0.0,1.5,2.0,1.5
E3Q1jfTeuWs_2,E3Q1jfTeuWs,2-5s,2.0,60.0,1.0,0.9,0.09999999999999998,control,0,7,remote,0,4,1.0,0.0,1.0,-100.0,0.0,0.0,0.0,0.0,1.5,2.0,1.5
E3Q1jfTeuWs_2,E3Q1jfTeuWs,2-5s,2.0,60.0,1.0,0.9,0.09999999999999998,control,0,8,remote,0,4,1.0,0.0,1.0,-100.0,0.0,0.0,0.0,0.0,1.5,2.0,1.5
E3Q1jfTeuWs_2,E3Q1jfTeuWs,2-5s,2.0,60.0,1.0,0.9,0.09999999999999998,control,0,9,remote,0,4,1.0,0.0,1.0,-100.0,0.0,0.0,0.0,0.0,1.5,2.0,1.5
ECw5Yf7QoMo_3,ECw5Yf7QoMo,2-5s,2.0,299.0,0.0,0.1,-0.1,harmful,1,0,remote,0,26,0.0,0.0,0.0,0.0,0.0,0.0,0.0,0.0,5.0,2.5,5.0
ECw5Yf7QoMo_3,ECw5Yf7QoMo,2-5s,2.0,299.0,0.0,0.1,-0.1,harmful,1,1,remote,0,26,0.0,0.0,0.0,0.0,0.0,0.0,0.0,0.0,5.0,2.5,5.0
ECw5Yf7QoMo_3,ECw5Yf7QoMo,2-5s,2.0,299.0,0.0,0.1,-0.1,harmful,1,2,remote,0,26,0.0,0.0,0.0,0.0,0.0,0.0,0.0,0.0,5.0,2.5,5.0
ECw5Yf7QoMo_3,ECw5Yf7QoMo,2-5s,2.0,299.0,0.0,0.1,-0.1,harmful,1,3,remote,0,26,0.0,0.0,0.0,0.0,0.0,0.0,0.0,0.0,5.0,2.5,5.0
ECw5Yf7QoMo_3,ECw5Yf7QoMo,2-5s,2.0,299.0,0.0,0.1,-0.1,harmful,1,4,remote,0,26,0.0,0.0,0.0,0.0,0.0,0.0,0.0,0.0,5.0,2.5,5.0
ECw5Yf7QoMo_3,ECw5Yf7QoMo,2-5s,2.0,299.0,0.0,0.1,-0.1,harmful,1,5,remote,0,26,0.0,0.0,0.0,0.0,0.0,0.0,0.0,0.0,5.0,2.5,5.5
ECw5Yf7QoMo_3,ECw5Yf7QoMo,2-5s,2.0,299.0,0.0,0.1,-0.1,harmful,1,6,remote,0,26,0.0,0.0,0.0,0.0,0.0,0.0,0.0,0.0,5.0,2.5,5.0
ECw5Yf7QoMo_3,ECw5Yf7QoMo,2-5s,2.0,299.0,0.0,0.1,-0.1,harmful,1,7,remote,0,26,0.0,0.0,0.0,0.0,0.0,0.0,0.0,0.0,5.0,2.5,5.5
ECw5Yf7QoMo_3,ECw5Yf7QoMo,2-5s,2.0,299.0,0.0,0.1,-0.1,harmful,1,8,remote,0,26,0.0,0.0,0.0,0.0,0.0,0.0,0.0,0.0,5.0,2.5,5.0
ECw5Yf7QoMo_3,ECw5Yf7QoMo,2-5s,2.0,299.0,0.0,0.1,-0.1,harmful,1,9,remote,0,26,0.0,0.0,0.0,0.0,0.0,0.0,0.0,0.0,5.0,2.5,5.0
ESjMIqrvRj4_2,ESjMIqrvRj4,2-5s,4.0,299.0,1.0,0.9,0.09999999999999998,control,0,0,adjacent,0,2,1.0,1.0,1.0,0.0,0.0,0.0,0.0,0.0,3.75,3.5,4.0
ESjMIqrvRj4_2,ESjMIqrvRj4,2-5s,4.0,299.0,1.0,0.9,0.09999999999999998,control,0,1,adjacent,0,2,1.0,1.0,1.0,0.0,0.0,0.0,0.0,0.0,3.75,3.5,4.0
ESjMIqrvRj4_2,ESjMIqrvRj4,2-5s,4.0,299.0,1.0,0.9,0.09999999999999998,control,0,2,adjacent,0,2,1.0,1.0,1.0,0.0,0.0,0.0,0.0,0.0,3.75,3.5,4.0
ESjMIqrvRj4_2,ESjMIqrvRj4,2-5s,4.0,299.0,1.0,0.9,0.09999999999999998,control,0,3,adjacent,0,2,1.0,1.0,1.0,0.0,0.0,0.0,0.0,0.0,3.75,3.5,4.0
ESjMIqrvRj4_2,ESjMIqrvRj4,2-5s,4.0,299.0,1.0,0.9,0.09999999999999998,control,0,4,adjacent,0,2,1.0,1.0,1.0,0.0,0.0,0.0,0.0,0.0,3.75,3.5,4.0
ESjMIqrvRj4_2,ESjMIqrvRj4,2-5s,4.0,299.0,1.0,0.9,0.09999999999999998,control,0,5,adjacent,0,2,1.0,1.0,1.0,0.0,0.0,0.0,0.0,0.0,3.75,3.5,4.0
ESjMIqrvRj4_2,ESjMIqrvRj4,2-5s,4.0,299.0,1.0,0.9,0.09999999999999998,control,0,6,adjacent,0,2,1.0,1.0,1.0,0.0,0.0,0.0,0.0,0.0,3.75,3.5,4.0
ESjMIqrvRj4_2,ESjMIqrvRj4,2-5s,4.0,299.0,1.0,0.9,0.09999999999999998,control,0,7,adjacent,0,2,1.0,1.0,1.0,0.0,0.0,0.0,0.0,0.0,3.75,3.5,4.0
ESjMIqrvRj4_2,ESjMIqrvRj4,2-5s,4.0,299.0,1.0,0.9,0.09999999999999998,control,0,8,adjacent,0,2,1.0,1.0,1.0,0.0,0.0,0.0,0.0,0.0,3.75,3.5,4.0
ESjMIqrvRj4_2,ESjMIqrvRj4,2-5s,4.0,299.0,1.0,0.9,0.09999999999999998,control,0,9,adjacent,0,2,1.0,1.0,1.0,0.0,0.0,0.0,0.0,0.0,3.75,3.5,4.0
ESjMIqrvRj4_5,ESjMIqrvRj4,0-2s,1.0,299.0,1.0,0.5,0.5,control,0,0,remote,0,13,1.0,1.0,1.0,0.0,0.0,0.0,0.0,0.0,12.0,11.0,12.0
ESjMIqrvRj4_5,ESjMIqrvRj4,0-2s,1.0,299.0,1.0,0.5,0.5,control,0,1,remote,0,13,1.0,1.0,1.0,0.0,0.0,0.0,0.0,0.0,12.0,11.0,11.0
ESjMIqrvRj4_5,ESjMIqrvRj4,0-2s,1.0,299.0,1.0,0.5,0.5,control,0,2,remote,0,13,1.0,1.0,1.0,0.0,0.0,0.0,0.0,0.0,12.0,11.0,12.0
ESjMIqrvRj4_5,ESjMIqrvRj4,0-2s,1.0,299.0,1.0,0.5,0.5,control,0,3,remote,0,13,1.0,1.0,1.0,0.0,0.0,0.0,0.0,0.0,12.0,11.0,12.0
ESjMIqrvRj4_5,ESjMIqrvRj4,0-2s,1.0,299.0,1.0,0.5,0.5,control,0,4,remote,0,13,1.0,1.0,1.0,0.0,0.0,0.0,0.0,0.0,12.0,11.0,11.0
ESjMIqrvRj4_5,ESjMIqrvRj4,0-2s,1.0,299.0,1.0,0.5,0.5,control,0,5,remote,0,13,1.0,1.0,1.0,0.0,0.0,0.0,0.0,0.0,12.0,11.0,12.0
ESjMIqrvRj4_5,ESjMIqrvRj4,0-2s,1.0,299.0,1.0,0.5,0.5,control,0,6,remote,0,13,1.0,1.0,1.0,0.0,0.0,0.0,0.0,0.0,12.0,11.0,12.0
ESjMIqrvRj4_5,ESjMIqrvRj4,0-2s,1.0,299.0,1.0,0.5,0.5,control,0,7,remote,0,13,1.0,1.0,1.0,0.0,0.0,0.0,0.0,0.0,12.0,11.0,12.0
ESjMIqrvRj4_5,ESjMIqrvRj4,0-2s,1.0,299.0,1.0,0.5,0.5,control,0,8,remote,0,13,1.0,1.0,1.0,0.0,0.0,0.0,0.0,0.0,12.0,11.0,12.0
ESjMIqrvRj4_5,ESjMIqrvRj4,0-2s,1.0,299.0,1.0,0.5,0.5,control,0,9,remote,0,13,1.0,1.0,1.0,0.0,0.0,0.0,0.0,0.0,12.0,11.0,12.0
EUZaxaWqhwg_1,EUZaxaWqhwg,2-5s,4.0,165.0,0.0,0.0,0.0,control,1,0,remote,0,13,0.0,0.0,0.0,0.0,0.0,0.0,0.0,0.0,4.25,4.25,4.25
EUZaxaWqhwg_1,EUZaxaWqhwg,2-5s,4.0,165.0,0.0,0.0,0.0,control,1,1,remote,0,13,0.0,0.0,0.0,0.0,0.0,0.0,0.0,0.0,4.25,4.25,4.25
EUZaxaWqhwg_1,EUZaxaWqhwg,2-5s,4.0,165.0,0.0,0.0,0.0,control,1,2,remote,0,13,0.0,0.0,0.0,0.0,0.0,0.0,0.0,0.0,4.25,4.25,8.75
EUZaxaWqhwg_1,EUZaxaWqhwg,2-5s,4.0,165.0,0.0,0.0,0.0,control,1,3,remote,0,13,0.0,0.0,0.0,0.0,0.0,0.0,0.0,0.0,4.25,4.25,4.25
EUZaxaWqhwg_1,EUZaxaWqhwg,2-5s,4.0,165.0,0.0,0.0,0.0,control,1,4,remote,0,13,0.0,0.0,0.0,0.0,0.0,0.0,0.0,0.0,4.25,4.25,8.75
EUZaxaWqhwg_1,EUZaxaWqhwg,2-5s,4.0,165.0,0.0,0.0,0.0,control,1,5,remote,0,13,0.0,0.0,0.0,0.0,0.0,0.0,0.0,0.0,4.25,4.25,4.25
EUZaxaWqhwg_1,EUZaxaWqhwg,2-5s,4.0,165.0,0.0,0.0,0.0,control,1,6,remote,0,13,0.0,0.0,0.0,0.0,0.0,0.0,0.0,0.0,4.25,4.25,4.25
EUZaxaWqhwg_1,EUZaxaWqhwg,2-5s,4.0,165.0,0.0,0.0,0.0,control,1,7,remote,0,13,0.0,0.0,0.0,0.0,0.0,0.0,0.0,0.0,4.25,4.25,8.5
EUZaxaWqhwg_1,EUZaxaWqhwg,2-5s,4.0,165.0,0.0,0.0,0.0,control,1,8,remote,0,13,0.0,0.0,0.0,0.0,0.0,0.0,0.0,0.0,4.25,4.25,4.25
EUZaxaWqhwg_1,EUZaxaWqhwg,2-5s,4.0,165.0,0.0,0.0,0.0,control,1,9,remote,0,13,0.0,0.0,0.0,0.0,0.0,0.0,0.0,0.0,4.25,4.25,4.25
EcihYbSlyck_3,EcihYbSlyck,2-5s,2.0,157.0,0.0,0.3,-0.3,harmful,1,0,remote,0,6,0.0,0.0,0.0,0.0,0.0,0.0,0.0,0.0,5.0,5.0,5.0
EcihYbSlyck_3,EcihYbSlyck,2-5s,2.0,157.0,0.0,0.3,-0.3,harmful,1,1,remote,0,6,0.0,0.0,0.0,0.0,0.0,0.0,0.0,0.0,5.0,5.0,5.0
EcihYbSlyck_3,EcihYbSlyck,2-5s,2.0,157.0,0.0,0.3,-0.3,harmful,1,2,remote,0,6,0.0,0.0,0.0,0.0,0.0,0.0,0.0,0.0,5.0,5.0,5.0
EcihYbSlyck_3,EcihYbSlyck,2-5s,2.0,157.0,0.0,0.3,-0.3,harmful,1,3,remote,0,6,0.0,0.0,0.0,0.0,0.0,0.0,0.0,0.0,5.0,5.0,5.0
EcihYbSlyck_3,EcihYbSlyck,2-5s,2.0,157.0,0.0,0.3,-0.3,harmful,1,4,remote,0,6,0.0,0.0,0.0,0.0,0.0,0.0,0.0,0.0,5.0,5.0,5.5
EcihYbSlyck_3,EcihYbSlyck,2-5s,2.0,157.0,0.0,0.3,-0.3,harmful,1,5,remote,0,6,0.0,0.0,0.0,0.0,0.0,0.0,0.0,0.0,5.0,5.0,5.0
EcihYbSlyck_3,EcihYbSlyck,2-5s,2.0,157.0,0.0,0.3,-0.3,harmful,1,6,remote,0,6,0.0,0.0,0.0,0.0,0.0,0.0,0.0,0.0,5.0,5.0,5.0
EcihYbSlyck_3,EcihYbSlyck,2-5s,2.0,157.0,0.0,0.3,-0.3,harmful,1,7,remote,0,6,0.0,0.0,0.0,0.0,0.0,0.0,0.0,0.0,5.0,5.0,5.0
EcihYbSlyck_3,EcihYbSlyck,2-5s,2.0,157.0,0.0,0.3,-0.3,harmful,1,8,remote,0,6,0.0,0.0,0.0,0.0,0.0,0.0,0.0,0.0,5.0,5.0,5.0
EcihYbSlyck_3,EcihYbSlyck,2-5s,2.0,157.0,0.0,0.3,-0.3,harmful,1,9,remote,0,6,0.0,0.0,0.0,0.0,0.0,0.0,0.0,0.0,5.0,5.0,4.5
ErxgH5g3Kx0_1,ErxgH5g3Kx0,0-2s,1.0,210.0,0.0,0.0,0.0,control,1,0,remote,0,1,0.0,0.0,0.0,0.0,0.0,0.0,0.0,0.0,5.0,7.0,5.0
ErxgH5g3Kx0_1,ErxgH5g3Kx0,0-2s,1.0,210.0,0.0,0.0,0.0,control,1,1,remote,0,1,0.0,0.0,0.0,0.0,0.0,0.0,0.0,0.0,5.0,7.0,5.0
ErxgH5g3Kx0_1,ErxgH5g3Kx0,0-2s,1.0,210.0,0.0,0.0,0.0,control,1,2,remote,0,1,0.0,0.0,0.0,0.0,0.0,0.0,0.0,0.0,5.0,7.0,5.0
ErxgH5g3Kx0_1,ErxgH5g3Kx0,0-2s,1.0,210.0,0.0,0.0,0.0,control,1,3,remote,0,1,0.0,0.0,0.0,0.0,0.0,0.0,0.0,0.0,5.0,7.0,5.0
ErxgH5g3Kx0_1,ErxgH5g3Kx0,0-2s,1.0,210.0,0.0,0.0,0.0,control,1,4,remote,0,1,0.0,0.0,0.0,0.0,0.0,0.0,0.0,0.0,5.0,7.0,5.0
ErxgH5g3Kx0_1,ErxgH5g3Kx0,0-2s,1.0,210.0,0.0,0.0,0.0,control,1,5,remote,0,1,0.0,0.0,0.0,0.0,0.0,0.0,0.0,0.0,5.0,7.0,5.0
ErxgH5g3Kx0_1,ErxgH5g3Kx0,0-2s,1.0,210.0,0.0,0.0,0.0,control,1,6,remote,0,1,0.0,0.0,0.0,0.0,0.0,0.0,0.0,0.0,5.0,7.0,5.0
ErxgH5g3Kx0_1,ErxgH5g3Kx0,0-2s,1.0,210.0,0.0,0.0,0.0,control,1,7,remote,0,1,0.0,0.0,0.0,0.0,0.0,0.0,0.0,0.0,5.0,7.0,6.0
ErxgH5g3Kx0_1,ErxgH5g3Kx0,0-2s,1.0,210.0,0.0,0.0,0.0,control,1,8,remote,0,1,0.0,0.0,0.0,0.0,0.0,0.0,0.0,0.0,5.0,7.0,5.0
ErxgH5g3Kx0_1,ErxgH5g3Kx0,0-2s,1.0,210.0,0.0,0.0,0.0,control,1,9,remote,0,1,0.0,0.0,0.0,0.0,0.0,0.0,0.0,0.0,5.0,7.0,5.0
ErxgH5g3Kx0_2,ErxgH5g3Kx0,2-5s,2.0,210.0,0.0,1.0,-1.0,harmful,0,0,remote,0,30,1.0,1.0,1.0,0.0,0.0,0.0,0.0,0.0,3.5,3.0,3.0
ErxgH5g3Kx0_2,ErxgH5g3Kx0,2-5s,2.0,210.0,0.0,1.0,-1.0,harmful,0,1,remote,0,30,1.0,1.0,1.0,0.0,0.0,0.0,0.0,0.0,3.5,3.0,3.0
ErxgH5g3Kx0_2,ErxgH5g3Kx0,2-5s,2.0,210.0,0.0,1.0,-1.0,harmful,0,2,remote,0,30,1.0,1.0,1.0,0.0,0.0,0.0,0.0,0.0,3.5,3.0,3.0
ErxgH5g3Kx0_2,ErxgH5g3Kx0,2-5s,2.0,210.0,0.0,1.0,-1.0,harmful,0,3,remote,0,30,1.0,1.0,1.0,0.0,0.0,0.0,0.0,0.0,3.5,3.0,3.0
ErxgH5g3Kx0_2,ErxgH5g3Kx0,2-5s,2.0,210.0,0.0,1.0,-1.0,harmful,0,4,remote,0,30,1.0,1.0,1.0,0.0,0.0,0.0,0.0,0.0,3.5,3.0,3.5
ErxgH5g3Kx0_2,ErxgH5g3Kx0,2-5s,2.0,210.0,0.0,1.0,-1.0,harmful,0,5,remote,0,30,1.0,1.0,1.0,0.0,0.0,0.0,0.0,0.0,3.5,3.0,3.0
ErxgH5g3Kx0_2,ErxgH5g3Kx0,2-5s,2.0,210.0,0.0,1.0,-1.0,harmful,0,6,remote,0,30,1.0,1.0,1.0,0.0,0.0,0.0,0.0,0.0,3.5,3.0,2.5
ErxgH5g3Kx0_2,ErxgH5g3Kx0,2-5s,2.0,210.0,0.0,1.0,-1.0,harmful,0,7,remote,0,30,1.0,1.0,1.0,0.0,0.0,0.0,0.0,0.0,3.5,3.0,3.5
ErxgH5g3Kx0_2,ErxgH5g3Kx0,2-5s,2.0,210.0,0.0,1.0,-1.0,harmful,0,8,remote,0,30,1.0,1.0,1.0,0.0,0.0,0.0,0.0,0.0,3.5,3.0,3.0
ErxgH5g3Kx0_2,ErxgH5g3Kx0,2-5s,2.0,210.0,0.0,1.0,-1.0,harmful,0,9,remote,0,30,1.0,1.0,1.0,0.0,0.0,0.0,0.0,0.0,3.5,3.0,3.0
EzWEO2WD_MM_1,EzWEO2WD_MM,2-5s,3.0,188.0,1.0,1.0,0.0,control,1,0,moderately_near,1,7,0.0,0.0,0.0,0.0,0.0,0.0,0.0,0.0,1.6666666666666667,1.3333333333333333,1.3333333333333333
EzWEO2WD_MM_1,EzWEO2WD_MM,2-5s,3.0,188.0,1.0,1.0,0.0,control,1,1,moderately_near,1,7,0.0,0.0,0.0,0.0,0.0,0.0,0.0,0.0,1.6666666666666667,1.3333333333333333,1.6666666666666667
EzWEO2WD_MM_1,EzWEO2WD_MM,2-5s,3.0,188.0,1.0,1.0,0.0,control,1,2,moderately_near,1,7,0.0,0.0,0.0,0.0,0.0,0.0,0.0,0.0,1.6666666666666667,1.3333333333333333,1.3333333333333333
EzWEO2WD_MM_1,EzWEO2WD_MM,2-5s,3.0,188.0,1.0,1.0,0.0,control,1,3,moderately_near,1,7,0.0,0.0,0.0,0.0,0.0,0.0,0.0,0.0,1.6666666666666667,1.3333333333333333,1.6666666666666667
EzWEO2WD_MM_1,EzWEO2WD_MM,2-5s,3.0,188.0,1.0,1.0,0.0,control,1,4,moderately_near,1,7,0.0,0.0,0.0,0.0,0.0,0.0,0.0,0.0,1.6666666666666667,1.3333333333333333,1.3333333333333333
EzWEO2WD_MM_1,EzWEO2WD_MM,2-5s,3.0,188.0,1.0,1.0,0.0,control,1,5,moderately_near,1,7,0.0,0.0,0.0,0.0,0.0,0.0,0.0,0.0,1.6666666666666667,1.3333333333333333,1.3333333333333333
EzWEO2WD_MM_1,EzWEO2WD_MM,2-5s,3.0,188.0,1.0,1.0,0.0,control,1,6,moderately_near,1,7,0.0,0.0,0.0,0.0,0.0,0.0,0.0,0.0,1.6666666666666667,1.3333333333333333,1.3333333333333333
EzWEO2WD_MM_1,EzWEO2WD_MM,2-5s,3.0,188.0,1.0,1.0,0.0,control,1,7,moderately_near,1,7,0.0,0.0,0.0,0.0,0.0,0.0,0.0,0.0,1.6666666666666667,1.3333333333333333,1.3333333333333333
EzWEO2WD_MM_1,EzWEO2WD_MM,2-5s,3.0,188.0,1.0,1.0,0.0,control,1,8,moderately_near,1,7,0.0,0.0,0.0,0.0,0.0,0.0,0.0,0.0,1.6666666666666667,1.3333333333333333,1.3333333333333333
EzWEO2WD_MM_1,EzWEO2WD_MM,2-5s,3.0,188.0,1.0,1.0,0.0,control,1,9,moderately_near,1,7,0.0,0.0,0.0,0.0,0.0,0.0,0.0,0.0,1.6666666666666667,1.3333333333333333,1.6666666666666667
EzWEO2WD_MM_2,EzWEO2WD_MM,2-5s,3.0,188.0,1.0,0.4,0.6,control,0,0,remote,0,26,1.0,1.0,1.0,0.0,0.0,0.0,0.0,0.0,28.666666666666668,28.666666666666668,28.333333333333332
EzWEO2WD_MM_2,EzWEO2WD_MM,2-5s,3.0,188.0,1.0,0.4,0.6,control,0,1,remote,0,26,1.0,1.0,1.0,0.0,0.0,0.0,0.0,0.0,28.666666666666668,28.666666666666668,28.333333333333332
EzWEO2WD_MM_2,EzWEO2WD_MM,2-5s,3.0,188.0,1.0,0.4,0.6,control,0,2,remote,0,26,1.0,1.0,1.0,0.0,0.0,0.0,0.0,0.0,28.666666666666668,28.666666666666668,34.666666666666664
EzWEO2WD_MM_2,EzWEO2WD_MM,2-5s,3.0,188.0,1.0,0.4,0.6,control,0,3,remote,0,26,1.0,1.0,1.0,0.0,0.0,0.0,0.0,0.0,28.666666666666668,28.666666666666668,28.666666666666668
EzWEO2WD_MM_2,EzWEO2WD_MM,2-5s,3.0,188.0,1.0,0.4,0.6,control,0,4,remote,0,26,1.0,1.0,1.0,0.0,0.0,0.0,0.0,0.0,28.666666666666668,28.666666666666668,28.666666666666668
EzWEO2WD_MM_2,EzWEO2WD_MM,2-5s,3.0,188.0,1.0,0.4,0.6,control,0,5,remote,0,26,1.0,1.0,1.0,0.0,0.0,0.0,0.0,0.0,28.666666666666668,28.666666666666668,28.0
EzWEO2WD_MM_2,EzWEO2WD_MM,2-5s,3.0,188.0,1.0,0.4,0.6,control,0,6,remote,0,26,1.0,1.0,1.0,0.0,0.0,0.0,0.0,0.0,28.666666666666668,28.666666666666668,29.0
EzWEO2WD_MM_2,EzWEO2WD_MM,2-5s,3.0,188.0,1.0,0.4,0.6,control,0,7,remote,0,26,1.0,1.0,1.0,0.0,0.0,0.0,0.0,0.0,28.666666666666668,28.666666666666668,28.333333333333332
EzWEO2WD_MM_2,EzWEO2WD_MM,2-5s,3.0,188.0,1.0,0.4,0.6,control,0,8,remote,0,26,1.0,1.0,1.0,0.0,0.0,0.0,0.0,0.0,28.666666666666668,28.666666666666668,28.666666666666668
EzWEO2WD_MM_2,EzWEO2WD_MM,2-5s,3.0,188.0,1.0,0.4,0.6,control,0,9,remote,0,26,1.0,1.0,1.0,0.0,0.0,0.0,0.0,0.0,28.666666666666668,28.666666666666668,28.666666666666668
FDwK7T1JO_0_2,FDwK7T1JO_0,2-5s,3.0,202.0,1.0,0.9,0.09999999999999998,control,0,0,remote,0,5,1.0,1.0,1.0,0.0,0.0,0.0,0.0,0.0,2.0,2.0,2.0
FDwK7T1JO_0_2,FDwK7T1JO_0,2-5s,3.0,202.0,1.0,0.9,0.09999999999999998,control,0,1,remote,0,5,1.0,1.0,1.0,0.0,0.0,0.0,0.0,0.0,2.0,2.0,2.0
FDwK7T1JO_0_2,FDwK7T1JO_0,2-5s,3.0,202.0,1.0,0.9,0.09999999999999998,control,0,2,remote,0,5,1.0,1.0,1.0,0.0,0.0,0.0,0.0,0.0,2.0,2.0,2.0
FDwK7T1JO_0_2,FDwK7T1JO_0,2-5s,3.0,202.0,1.0,0.9,0.09999999999999998,control,0,3,remote,0,5,1.0,1.0,1.0,0.0,0.0,0.0,0.0,0.0,2.0,2.0,2.0
FDwK7T1JO_0_2,FDwK7T1JO_0,2-5s,3.0,202.0,1.0,0.9,0.09999999999999998,control,0,4,remote,0,5,1.0,1.0,1.0,0.0,0.0,0.0,0.0,0.0,2.0,2.0,2.0
FDwK7T1JO_0_2,FDwK7T1JO_0,2-5s,3.0,202.0,1.0,0.9,0.09999999999999998,control,0,5,remote,0,5,1.0,1.0,1.0,0.0,0.0,0.0,0.0,0.0,2.0,2.0,2.0
FDwK7T1JO_0_2,FDwK7T1JO_0,2-5s,3.0,202.0,1.0,0.9,0.09999999999999998,control,0,6,remote,0,5,1.0,1.0,1.0,0.0,0.0,0.0,0.0,0.0,2.0,2.0,2.0
FDwK7T1JO_0_2,FDwK7T1JO_0,2-5s,3.0,202.0,1.0,0.9,0.09999999999999998,control,0,7,remote,0,5,1.0,1.0,1.0,0.0,0.0,0.0,0.0,0.0,2.0,2.0,2.0
FDwK7T1JO_0_2,FDwK7T1JO_0,2-5s,3.0,202.0,1.0,0.9,0.09999999999999998,control,0,8,remote,0,5,1.0,1.0,1.0,0.0,0.0,0.0,0.0,0.0,2.0,2.0,2.0
FDwK7T1JO_0_2,FDwK7T1JO_0,2-5s,3.0,202.0,1.0,0.9,0.09999999999999998,control,0,9,remote,0,5,1.0,1.0,1.0,0.0,0.0,0.0,0.0,0.0,2.0,2.0,2.0
FR7BDRhMATo_2,FR7BDRhMATo,2-5s,4.0,299.0,0.0,0.0,0.0,control,1,0,remote,0,65,0.0,0.0,0.0,0.0,0.0,0.0,0.0,0.0,11.25,6.0,11.5
FR7BDRhMATo_2,FR7BDRhMATo,2-5s,4.0,299.0,0.0,0.0,0.0,control,1,1,remote,0,65,0.0,0.0,0.0,0.0,0.0,0.0,0.0,0.0,11.25,6.0,11.5
FR7BDRhMATo_2,FR7BDRhMATo,2-5s,4.0,299.0,0.0,0.0,0.0,control,1,2,remote,0,65,0.0,0.0,0.0,0.0,0.0,0.0,0.0,0.0,11.25,6.0,11.5
FR7BDRhMATo_2,FR7BDRhMATo,2-5s,4.0,299.0,0.0,0.0,0.0,control,1,3,remote,0,65,0.0,0.0,0.0,0.0,0.0,0.0,0.0,0.0,11.25,6.0,11.75
FR7BDRhMATo_2,FR7BDRhMATo,2-5s,4.0,299.0,0.0,0.0,0.0,control,1,4,remote,0,65,0.0,0.0,0.0,0.0,0.0,0.0,0.0,0.0,11.25,6.0,11.5
FR7BDRhMATo_2,FR7BDRhMATo,2-5s,4.0,299.0,0.0,0.0,0.0,control,1,5,remote,0,65,0.0,0.0,0.0,0.0,0.0,0.0,0.0,0.0,11.25,6.0,11.5
FR7BDRhMATo_2,FR7BDRhMATo,2-5s,4.0,299.0,0.0,0.0,0.0,control,1,6,remote,0,65,0.0,0.0,0.0,0.0,0.0,0.0,0.0,0.0,11.25,6.0,11.5
FR7BDRhMATo_2,FR7BDRhMATo,2-5s,4.0,299.0,0.0,0.0,0.0,control,1,7,remote,0,65,0.0,0.0,0.0,0.0,0.0,0.0,0.0,0.0,11.25,6.0,11.5
FR7BDRhMATo_2,FR7BDRhMATo,2-5s,4.0,299.0,0.0,0.0,0.0,control,1,8,remote,0,65,0.0,0.0,0.0,0.0,0.0,0.0,0.0,0.0,11.25,6.0,11.5
FR7BDRhMATo_2,FR7BDRhMATo,2-5s,4.0,299.0,0.0,0.0,0.0,control,1,9,remote,0,65,0.0,0.0,0.0,0.0,0.0,0.0,0.0,0.0,11.25,6.0,11.5
FXdoNvmrYxo_2,FXdoNvmrYxo,2-5s,4.0,299.0,0.0,0.9,-0.9,harmful,0,0,remote,0,7,1.0,1.0,1.0,0.0,0.0,0.0,0.0,0.0,2.5,3.25,2.5
FXdoNvmrYxo_2,FXdoNvmrYxo,2-5s,4.0,299.0,0.0,0.9,-0.9,harmful,0,1,remote,0,7,1.0,1.0,1.0,0.0,0.0,0.0,0.0,0.0,2.5,3.25,2.5
FXdoNvmrYxo_2,FXdoNvmrYxo,2-5s,4.0,299.0,0.0,0.9,-0.9,harmful,0,2,remote,0,7,1.0,1.0,1.0,0.0,0.0,0.0,0.0,0.0,2.5,3.25,2.5
FXdoNvmrYxo_2,FXdoNvmrYxo,2-5s,4.0,299.0,0.0,0.9,-0.9,harmful,0,3,remote,0,7,1.0,1.0,1.0,0.0,0.0,0.0,0.0,0.0,2.5,3.25,2.5
FXdoNvmrYxo_2,FXdoNvmrYxo,2-5s,4.0,299.0,0.0,0.9,-0.9,harmful,0,4,remote,0,7,1.0,1.0,1.0,0.0,0.0,0.0,0.0,0.0,2.5,3.25,2.5
FXdoNvmrYxo_2,FXdoNvmrYxo,2-5s,4.0,299.0,0.0,0.9,-0.9,harmful,0,5,remote,0,7,1.0,1.0,1.0,0.0,0.0,0.0,0.0,0.0,2.5,3.25,2.5
FXdoNvmrYxo_2,FXdoNvmrYxo,2-5s,4.0,299.0,0.0,0.9,-0.9,harmful,0,6,remote,0,7,1.0,1.0,1.0,0.0,0.0,0.0,0.0,0.0,2.5,3.25,2.5
FXdoNvmrYxo_2,FXdoNvmrYxo,2-5s,4.0,299.0,0.0,0.9,-0.9,harmful,0,7,remote,0,7,1.0,1.0,1.0,0.0,0.0,0.0,0.0,0.0,2.5,3.25,2.5
FXdoNvmrYxo_2,FXdoNvmrYxo,2-5s,4.0,299.0,0.0,0.9,-0.9,harmful,0,8,remote,0,7,1.0,1.0,1.0,0.0,0.0,0.0,0.0,0.0,2.5,3.25,2.5
FXdoNvmrYxo_2,FXdoNvmrYxo,2-5s,4.0,299.0,0.0,0.9,-0.9,harmful,0,9,remote,0,7,1.0,1.0,1.0,0.0,0.0,0.0,0.0,0.0,2.5,3.25,2.5
Flk-X0gwjF4_1,Flk-X0gwjF4,2-5s,4.0,299.0,0.0,0.0,0.0,control,1,0,remote,0,16,0.0,0.0,0.0,0.0,0.0,0.0,0.0,0.0,7.0,4.25,7.0
Flk-X0gwjF4_1,Flk-X0gwjF4,2-5s,4.0,299.0,0.0,0.0,0.0,control,1,1,remote,0,16,0.0,0.0,0.0,0.0,0.0,0.0,0.0,0.0,7.0,4.25,7.0
Flk-X0gwjF4_1,Flk-X0gwjF4,2-5s,4.0,299.0,0.0,0.0,0.0,control,1,2,remote,0,16,0.0,0.0,0.0,0.0,0.0,0.0,0.0,0.0,7.0,4.25,7.0
Flk-X0gwjF4_1,Flk-X0gwjF4,2-5s,4.0,299.0,0.0,0.0,0.0,control,1,3,remote,0,16,0.0,0.0,0.0,0.0,0.0,0.0,0.0,0.0,7.0,4.25,7.0
Flk-X0gwjF4_1,Flk-X0gwjF4,2-5s,4.0,299.0,0.0,0.0,0.0,control,1,4,remote,0,16,0.0,0.0,0.0,0.0,0.0,0.0,0.0,0.0,7.0,4.25,7.0
Flk-X0gwjF4_1,Flk-X0gwjF4,2-5s,4.0,299.0,0.0,0.0,0.0,control,1,5,remote,0,16,0.0,0.0,0.0,0.0,0.0,0.0,0.0,0.0,7.0,4.25,7.0
Flk-X0gwjF4_1,Flk-X0gwjF4,2-5s,4.0,299.0,0.0,0.0,0.0,control,1,6,remote,0,16,0.0,0.0,0.0,0.0,0.0,0.0,0.0,0.0,7.0,4.25,7.0
Flk-X0gwjF4_1,Flk-X0gwjF4,2-5s,4.0,299.0,0.0,0.0,0.0,control,1,7,remote,0,16,0.0,0.0,0.0,0.0,0.0,0.0,0.0,0.0,7.0,4.25,7.0
Flk-X0gwjF4_1,Flk-X0gwjF4,2-5s,4.0,299.0,0.0,0.0,0.0,control,1,8,remote,0,16,0.0,0.0,0.0,0.0,0.0,0.0,0.0,0.0,7.0,4.25,7.0
Flk-X0gwjF4_1,Flk-X0gwjF4,2-5s,4.0,299.0,0.0,0.0,0.0,control,1,9,remote,0,16,0.0,0.0,0.0,0.0,0.0,0.0,0.0,0.0,7.0,4.25,7.0
G3YO2unWz7k_1,G3YO2unWz7k,0-2s,1.0,299.0,0.0,0.0,0.0,control,1,0,remote,0,24,0.0,0.0,0.0,0.0,0.0,0.0,0.0,0.0,9.0,9.0,9.0
G3YO2unWz7k_1,G3YO2unWz7k,0-2s,1.0,299.0,0.0,0.0,0.0,control,1,1,remote,0,24,0.0,0.0,0.0,0.0,0.0,0.0,0.0,0.0,9.0,9.0,10.0
G3YO2unWz7k_1,G3YO2unWz7k,0-2s,1.0,299.0,0.0,0.0,0.0,control,1,2,remote,0,24,0.0,0.0,0.0,0.0,0.0,0.0,0.0,0.0,9.0,9.0,10.0
G3YO2unWz7k_1,G3YO2unWz7k,0-2s,1.0,299.0,0.0,0.0,0.0,control,1,3,remote,0,24,0.0,0.0,0.0,0.0,0.0,0.0,0.0,0.0,9.0,9.0,9.0
G3YO2unWz7k_1,G3YO2unWz7k,0-2s,1.0,299.0,0.0,0.0,0.0,control,1,4,remote,0,24,0.0,0.0,0.0,0.0,0.0,0.0,0.0,0.0,9.0,9.0,9.0
G3YO2unWz7k_1,G3YO2unWz7k,0-2s,1.0,299.0,0.0,0.0,0.0,control,1,5,remote,0,24,0.0,0.0,0.0,0.0,0.0,0.0,0.0,0.0,9.0,9.0,10.0
G3YO2unWz7k_1,G3YO2unWz7k,0-2s,1.0,299.0,0.0,0.0,0.0,control,1,6,remote,0,24,0.0,0.0,0.0,0.0,0.0,0.0,0.0,0.0,9.0,9.0,10.0
G3YO2unWz7k_1,G3YO2unWz7k,0-2s,1.0,299.0,0.0,0.0,0.0,control,1,7,remote,0,24,0.0,0.0,0.0,0.0,0.0,0.0,0.0,0.0,9.0,9.0,10.0
G3YO2unWz7k_1,G3YO2unWz7k,0-2s,1.0,299.0,0.0,0.0,0.0,control,1,8,remote,0,24,0.0,0.0,0.0,0.0,0.0,0.0,0.0,0.0,9.0,9.0,10.0
G3YO2unWz7k_1,G3YO2unWz7k,0-2s,1.0,299.0,0.0,0.0,0.0,control,1,9,remote,0,24,0.0,0.0,0.0,0.0,0.0,0.0,0.0,0.0,9.0,9.0,9.0
GGgQR7aIofY_1,GGgQR7aIofY,2-5s,2.0,168.0,1.0,1.0,0.0,control,0,0,remote,0,4,1.0,1.0,1.0,0.0,0.0,0.0,0.0,0.0,2.5,2.5,2.5
GGgQR7aIofY_1,GGgQR7aIofY,2-5s,2.0,168.0,1.0,1.0,0.0,control,0,1,remote,0,4,1.0,1.0,1.0,0.0,0.0,0.0,0.0,0.0,2.5,2.5,2.5
GGgQR7aIofY_1,GGgQR7aIofY,2-5s,2.0,168.0,1.0,1.0,0.0,control,0,2,remote,0,4,1.0,1.0,1.0,0.0,0.0,0.0,0.0,0.0,2.5,2.5,2.5
GGgQR7aIofY_1,GGgQR7aIofY,2-5s,2.0,168.0,1.0,1.0,0.0,control,0,3,remote,0,4,1.0,1.0,1.0,0.0,0.0,0.0,0.0,0.0,2.5,2.5,2.5
GGgQR7aIofY_1,GGgQR7aIofY,2-5s,2.0,168.0,1.0,1.0,0.0,control,0,4,remote,0,4,1.0,1.0,1.0,0.0,0.0,0.0,0.0,0.0,2.5,2.5,2.5
GGgQR7aIofY_1,GGgQR7aIofY,2-5s,2.0,168.0,1.0,1.0,0.0,control,0,5,remote,0,4,1.0,1.0,1.0,0.0,0.0,0.0,0.0,0.0,2.5,2.5,2.5
GGgQR7aIofY_1,GGgQR7aIofY,2-5s,2.0,168.0,1.0,1.0,0.0,control,0,6,remote,0,4,1.0,1.0,1.0,0.0,0.0,0.0,0.0,0.0,2.5,2.5,2.5
GGgQR7aIofY_1,GGgQR7aIofY,2-5s,2.0,168.0,1.0,1.0,0.0,control,0,7,remote,0,4,1.0,1.0,1.0,0.0,0.0,0.0,0.0,0.0,2.5,2.5,2.5
GGgQR7aIofY_1,GGgQR7aIofY,2-5s,2.0,168.0,1.0,1.0,0.0,control,0,8,remote,0,4,1.0,1.0,1.0,0.0,0.0,0.0,0.0,0.0,2.5,2.5,2.5
GGgQR7aIofY_1,GGgQR7aIofY,2-5s,2.0,168.0,1.0,1.0,0.0,control,0,9,remote,0,4,1.0,1.0,1.0,0.0,0.0,0.0,0.0,0.0,2.5,2.5,2.5
GGgQR7aIofY_3,GGgQR7aIofY,2-5s,3.0,168.0,0.0,0.6,-0.6,harmful,1,0,remote,0,20,0.0,1.0,1.0,0.0,0.0,0.0,0.0,0.0,2.3333333333333335,1.6666666666666667,2.3333333333333335
GGgQR7aIofY_3,GGgQR7aIofY,2-5s,3.0,168.0,0.0,0.6,-0.6,harmful,1,1,remote,0,20,0.0,1.0,1.0,0.0,0.0,0.0,0.0,0.0,2.3333333333333335,1.6666666666666667,2.6666666666666665
GGgQR7aIofY_3,GGgQR7aIofY,2-5s,3.0,168.0,0.0,0.6,-0.6,harmful,1,2,remote,0,20,0.0,1.0,0.0,100.0,0.0,0.0,0.0,0.0,2.3333333333333335,1.6666666666666667,2.3333333333333335
GGgQR7aIofY_3,GGgQR7aIofY,2-5s,3.0,168.0,0.0,0.6,-0.6,harmful,1,3,remote,0,20,0.0,1.0,1.0,0.0,0.0,0.0,0.0,0.0,2.3333333333333335,1.6666666666666667,2.3333333333333335
GGgQR7aIofY_3,GGgQR7aIofY,2-5s,3.0,168.0,0.0,0.6,-0.6,harmful,1,4,remote,0,20,0.0,1.0,0.0,100.0,0.0,0.0,0.0,0.0,2.3333333333333335,1.6666666666666667,2.6666666666666665
GGgQR7aIofY_3,GGgQR7aIofY,2-5s,3.0,168.0,0.0,0.6,-0.6,harmful,1,5,remote,0,20,0.0,1.0,0.0,100.0,0.0,0.0,0.0,0.0,2.3333333333333335,1.6666666666666667,2.3333333333333335
GGgQR7aIofY_3,GGgQR7aIofY,2-5s,3.0,168.0,0.0,0.6,-0.6,harmful,1,6,remote,0,20,0.0,1.0,1.0,0.0,0.0,0.0,0.0,0.0,2.3333333333333335,1.6666666666666667,2.6666666666666665
GGgQR7aIofY_3,GGgQR7aIofY,2-5s,3.0,168.0,0.0,0.6,-0.6,harmful,1,7,remote,0,20,0.0,1.0,0.0,100.0,0.0,0.0,0.0,0.0,2.3333333333333335,1.6666666666666667,2.3333333333333335
GGgQR7aIofY_3,GGgQR7aIofY,2-5s,3.0,168.0,0.0,0.6,-0.6,harmful,1,8,remote,0,20,0.0,1.0,0.0,100.0,0.0,0.0,0.0,0.0,2.3333333333333335,1.6666666666666667,2.3333333333333335
GGgQR7aIofY_3,GGgQR7aIofY,2-5s,3.0,168.0,0.0,0.6,-0.6,harmful,1,9,remote,0,20,0.0,1.0,0.0,100.0,0.0,0.0,0.0,0.0,2.3333333333333335,1.6666666666666667,2.3333333333333335
GOD8Bt5LfDE_2,GOD8Bt5LfDE,2-5s,3.0,129.0,0.0,0.2,-0.2,harmful,1,0,remote,0,1,0.0,0.0,0.0,0.0,0.0,0.0,0.0,0.0,2.3333333333333335,2.3333333333333335,2.3333333333333335
GOD8Bt5LfDE_2,GOD8Bt5LfDE,2-5s,3.0,129.0,0.0,0.2,-0.2,harmful,1,1,remote,0,1,0.0,0.0,0.0,0.0,0.0,0.0,0.0,0.0,2.3333333333333335,2.3333333333333335,2.3333333333333335
GOD8Bt5LfDE_2,GOD8Bt5LfDE,2-5s,3.0,129.0,0.0,0.2,-0.2,harmful,1,2,remote,0,1,0.0,0.0,0.0,0.0,0.0,0.0,0.0,0.0,2.3333333333333335,2.3333333333333335,2.3333333333333335
GOD8Bt5LfDE_2,GOD8Bt5LfDE,2-5s,3.0,129.0,0.0,0.2,-0.2,harmful,1,3,remote,0,1,0.0,0.0,0.0,0.0,0.0,0.0,0.0,0.0,2.3333333333333335,2.3333333333333335,2.3333333333333335
GOD8Bt5LfDE_2,GOD8Bt5LfDE,2-5s,3.0,129.0,0.0,0.2,-0.2,harmful,1,4,remote,0,1,0.0,0.0,0.0,0.0,0.0,0.0,0.0,0.0,2.3333333333333335,2.3333333333333335,2.3333333333333335
GOD8Bt5LfDE_2,GOD8Bt5LfDE,2-5s,3.0,129.0,0.0,0.2,-0.2,harmful,1,5,remote,0,1,0.0,0.0,0.0,0.0,0.0,0.0,0.0,0.0,2.3333333333333335,2.3333333333333335,2.3333333333333335
GOD8Bt5LfDE_2,GOD8Bt5LfDE,2-5s,3.0,129.0,0.0,0.2,-0.2,harmful,1,6,remote,0,1,0.0,0.0,0.0,0.0,0.0,0.0,0.0,0.0,2.3333333333333335,2.3333333333333335,2.3333333333333335
GOD8Bt5LfDE_2,GOD8Bt5LfDE,2-5s,3.0,129.0,0.0,0.2,-0.2,harmful,1,7,remote,0,1,0.0,0.0,0.0,0.0,0.0,0.0,0.0,0.0,2.3333333333333335,2.3333333333333335,2.3333333333333335
GOD8Bt5LfDE_2,GOD8Bt5LfDE,2-5s,3.0,129.0,0.0,0.2,-0.2,harmful,1,8,remote,0,1,0.0,0.0,0.0,0.0,0.0,0.0,0.0,0.0,2.3333333333333335,2.3333333333333335,2.3333333333333335
GOD8Bt5LfDE_2,GOD8Bt5LfDE,2-5s,3.0,129.0,0.0,0.2,-0.2,harmful,1,9,remote,0,1,0.0,0.0,0.0,0.0,0.0,0.0,0.0,0.0,2.3333333333333335,2.3333333333333335,2.3333333333333335
GOD8Bt5LfDE_3,GOD8Bt5LfDE,2-5s,2.0,129.0,1.0,0.7,0.30000000000000004,control,1,0,remote,0,4,0.0,0.0,0.0,0.0,0.0,0.0,0.0,0.0,2.0,3.5,2.5
GOD8Bt5LfDE_3,GOD8Bt5LfDE,2-5s,2.0,129.0,1.0,0.7,0.30000000000000004,control,1,1,remote,0,4,0.0,0.0,0.0,0.0,0.0,0.0,0.0,0.0,2.0,3.5,2.5
GOD8Bt5LfDE_3,GOD8Bt5LfDE,2-5s,2.0,129.0,1.0,0.7,0.30000000000000004,control,1,2,remote,0,4,0.0,0.0,0.0,0.0,0.0,0.0,0.0,0.0,2.0,3.5,2.0
GOD8Bt5LfDE_3,GOD8Bt5LfDE,2-5s,2.0,129.0,1.0,0.7,0.30000000000000004,control,1,3,remote,0,4,0.0,0.0,0.0,0.0,0.0,0.0,0.0,0.0,2.0,3.5,2.0
GOD8Bt5LfDE_3,GOD8Bt5LfDE,2-5s,2.0,129.0,1.0,0.7,0.30000000000000004,control,1,4,remote,0,4,0.0,0.0,0.0,0.0,0.0,0.0,0.0,0.0,2.0,3.5,2.0
GOD8Bt5LfDE_3,GOD8Bt5LfDE,2-5s,2.0,129.0,1.0,0.7,0.30000000000000004,control,1,5,remote,0,4,0.0,0.0,0.0,0.0,0.0,0.0,0.0,0.0,2.0,3.5,2.0
GOD8Bt5LfDE_3,GOD8Bt5LfDE,2-5s,2.0,129.0,1.0,0.7,0.30000000000000004,control,1,6,remote,0,4,0.0,0.0,0.0,0.0,0.0,0.0,0.0,0.0,2.0,3.5,2.0
GOD8Bt5LfDE_3,GOD8Bt5LfDE,2-5s,2.0,129.0,1.0,0.7,0.30000000000000004,control,1,7,remote,0,4,0.0,0.0,0.0,0.0,0.0,0.0,0.0,0.0,2.0,3.5,2.5
GOD8Bt5LfDE_3,GOD8Bt5LfDE,2-5s,2.0,129.0,1.0,0.7,0.30000000000000004,control,1,8,remote,0,4,0.0,0.0,0.0,0.0,0.0,0.0,0.0,0.0,2.0,3.5,2.5
GOD8Bt5LfDE_3,GOD8Bt5LfDE,2-5s,2.0,129.0,1.0,0.7,0.30000000000000004,control,1,9,remote,0,4,0.0,0.0,0.0,0.0,0.0,0.0,0.0,0.0,2.0,3.5,2.0
Gkb4f6yodPE_2,Gkb4f6yodPE,2-5s,3.0,299.0,0.0,0.8,-0.8,harmful,1,0,remote,0,5,0.0,0.0,0.0,0.0,0.0,0.0,0.0,0.0,4.333333333333333,4.0,4.0
Gkb4f6yodPE_2,Gkb4f6yodPE,2-5s,3.0,299.0,0.0,0.8,-0.8,harmful,1,1,remote,0,5,0.0,0.0,0.0,0.0,0.0,0.0,0.0,0.0,4.333333333333333,4.0,4.333333333333333
Gkb4f6yodPE_2,Gkb4f6yodPE,2-5s,3.0,299.0,0.0,0.8,-0.8,harmful,1,2,remote,0,5,0.0,0.0,0.0,0.0,0.0,0.0,0.0,0.0,4.333333333333333,4.0,4.0
Gkb4f6yodPE_2,Gkb4f6yodPE,2-5s,3.0,299.0,0.0,0.8,-0.8,harmful,1,3,remote,0,5,0.0,0.0,0.0,0.0,0.0,0.0,0.0,0.0,4.333333333333333,4.0,4.0
Gkb4f6yodPE_2,Gkb4f6yodPE,2-5s,3.0,299.0,0.0,0.8,-0.8,harmful,1,4,remote,0,5,0.0,0.0,0.0,0.0,0.0,0.0,0.0,0.0,4.333333333333333,4.0,4.333333333333333
Gkb4f6yodPE_2,Gkb4f6yodPE,2-5s,3.0,299.0,0.0,0.8,-0.8,harmful,1,5,remote,0,5,0.0,0.0,0.0,0.0,0.0,0.0,0.0,0.0,4.333333333333333,4.0,4.0
Gkb4f6yodPE_2,Gkb4f6yodPE,2-5s,3.0,299.0,0.0,0.8,-0.8,harmful,1,6,remote,0,5,0.0,0.0,0.0,0.0,0.0,0.0,0.0,0.0,4.333333333333333,4.0,4.333333333333333
Gkb4f6yodPE_2,Gkb4f6yodPE,2-5s,3.0,299.0,0.0,0.8,-0.8,harmful,1,7,remote,0,5,0.0,0.0,0.0,0.0,0.0,0.0,0.0,0.0,4.333333333333333,4.0,4.0
Gkb4f6yodPE_2,Gkb4f6yodPE,2-5s,3.0,299.0,0.0,0.8,-0.8,harmful,1,8,remote,0,5,0.0,0.0,0.0,0.0,0.0,0.0,0.0,0.0,4.333333333333333,4.0,4.333333333333333
Gkb4f6yodPE_2,Gkb4f6yodPE,2-5s,3.0,299.0,0.0,0.8,-0.8,harmful,1,9,remote,0,5,0.0,0.0,0.0,0.0,0.0,0.0,0.0,0.0,4.333333333333333,4.0,4.0
H7-orYrKBeo_1,H7-orYrKBeo,2-5s,4.0,93.0,1.0,0.6,0.4,control,1,0,remote,0,21,0.0,1.0,0.0,100.0,0.0,0.0,0.0,0.0,5.5,12.25,6.0
H7-orYrKBeo_1,H7-orYrKBeo,2-5s,4.0,93.0,1.0,0.6,0.4,control,1,1,remote,0,21,0.0,1.0,0.0,100.0,0.0,0.0,0.0,0.0,5.5,12.25,5.75
H7-orYrKBeo_1,H7-orYrKBeo,2-5s,4.0,93.0,1.0,0.6,0.4,control,1,2,remote,0,21,0.0,1.0,0.0,100.0,0.0,0.0,0.0,0.0,5.5,12.25,5.75
H7-orYrKBeo_1,H7-orYrKBeo,2-5s,4.0,93.0,1.0,0.6,0.4,control,1,3,remote,0,21,0.0,1.0,0.0,100.0,0.0,0.0,0.0,0.0,5.5,12.25,6.0
H7-orYrKBeo_1,H7-orYrKBeo,2-5s,4.0,93.0,1.0,0.6,0.4,control,1,4,remote,0,21,0.0,1.0,0.0,100.0,0.0,0.0,0.0,0.0,5.5,12.25,5.75
H7-orYrKBeo_1,H7-orYrKBeo,2-5s,4.0,93.0,1.0,0.6,0.4,control,1,5,remote,0,21,0.0,1.0,0.0,100.0,0.0,0.0,0.0,0.0,5.5,12.25,6.25
H7-orYrKBeo_1,H7-orYrKBeo,2-5s,4.0,93.0,1.0,0.6,0.4,control,1,6,remote,0,21,0.0,1.0,0.0,100.0,0.0,0.0,0.0,0.0,5.5,12.25,5.75
H7-orYrKBeo_1,H7-orYrKBeo,2-5s,4.0,93.0,1.0,0.6,0.4,control,1,7,remote,0,21,0.0,1.0,0.0,100.0,0.0,0.0,0.0,0.0,5.5,12.25,5.75
H7-orYrKBeo_1,H7-orYrKBeo,2-5s,4.0,93.0,1.0,0.6,0.4,control,1,8,remote,0,21,0.0,1.0,0.0,100.0,0.0,0.0,0.0,0.0,5.5,12.25,5.75
H7-orYrKBeo_1,H7-orYrKBeo,2-5s,4.0,93.0,1.0,0.6,0.4,control,1,9,remote,0,21,0.0,1.0,0.0,100.0,0.0,0.0,0.0,0.0,5.5,12.25,5.25
H7rd9bZtbgc_1,H7rd9bZtbgc,2-5s,3.0,299.0,1.0,1.0,0.0,control,1,0,remote,0,3,0.0,0.0,0.0,0.0,0.0,0.0,0.0,0.0,3.3333333333333335,3.3333333333333335,3.3333333333333335
H7rd9bZtbgc_1,H7rd9bZtbgc,2-5s,3.0,299.0,1.0,1.0,0.0,control,1,1,remote,0,3,0.0,0.0,0.0,0.0,0.0,0.0,0.0,0.0,3.3333333333333335,3.3333333333333335,3.3333333333333335
H7rd9bZtbgc_1,H7rd9bZtbgc,2-5s,3.0,299.0,1.0,1.0,0.0,control,1,2,remote,0,3,0.0,0.0,0.0,0.0,0.0,0.0,0.0,0.0,3.3333333333333335,3.3333333333333335,3.3333333333333335
H7rd9bZtbgc_1,H7rd9bZtbgc,2-5s,3.0,299.0,1.0,1.0,0.0,control,1,3,remote,0,3,0.0,0.0,0.0,0.0,0.0,0.0,0.0,0.0,3.3333333333333335,3.3333333333333335,3.3333333333333335
H7rd9bZtbgc_1,H7rd9bZtbgc,2-5s,3.0,299.0,1.0,1.0,0.0,control,1,4,remote,0,3,0.0,0.0,0.0,0.0,0.0,0.0,0.0,0.0,3.3333333333333335,3.3333333333333335,3.3333333333333335
H7rd9bZtbgc_1,H7rd9bZtbgc,2-5s,3.0,299.0,1.0,1.0,0.0,control,1,5,remote,0,3,0.0,0.0,0.0,0.0,0.0,0.0,0.0,0.0,3.3333333333333335,3.3333333333333335,3.3333333333333335
H7rd9bZtbgc_1,H7rd9bZtbgc,2-5s,3.0,299.0,1.0,1.0,0.0,control,1,6,remote,0,3,0.0,0.0,0.0,0.0,0.0,0.0,0.0,0.0,3.3333333333333335,3.3333333333333335,3.3333333333333335
H7rd9bZtbgc_1,H7rd9bZtbgc,2-5s,3.0,299.0,1.0,1.0,0.0,control,1,7,remote,0,3,0.0,0.0,0.0,0.0,0.0,0.0,0.0,0.0,3.3333333333333335,3.3333333333333335,3.3333333333333335
H7rd9bZtbgc_1,H7rd9bZtbgc,2-5s,3.0,299.0,1.0,1.0,0.0,control,1,8,remote,0,3,0.0,0.0,0.0,0.0,0.0,0.0,0.0,0.0,3.3333333333333335,3.3333333333333335,3.3333333333333335
H7rd9bZtbgc_1,H7rd9bZtbgc,2-5s,3.0,299.0,1.0,1.0,0.0,control,1,9,remote,0,3,0.0,0.0,0.0,0.0,0.0,0.0,0.0,0.0,3.3333333333333335,3.3333333333333335,3.3333333333333335
H7rd9bZtbgc_2,H7rd9bZtbgc,0-2s,1.0,299.0,1.0,0.0,1.0,control,1,0,remote,0,4,0.0,0.0,0.0,0.0,0.0,0.0,0.0,0.0,155.0,155.0,156.0
H7rd9bZtbgc_2,H7rd9bZtbgc,0-2s,1.0,299.0,1.0,0.0,1.0,control,1,1,remote,0,4,0.0,0.0,0.0,0.0,0.0,0.0,0.0,0.0,155.0,155.0,155.0
H7rd9bZtbgc_2,H7rd9bZtbgc,0-2s,1.0,299.0,1.0,0.0,1.0,control,1,2,remote,0,4,0.0,0.0,0.0,0.0,0.0,0.0,0.0,0.0,155.0,155.0,155.0
H7rd9bZtbgc_2,H7rd9bZtbgc,0-2s,1.0,299.0,1.0,0.0,1.0,control,1,3,remote,0,4,0.0,0.0,0.0,0.0,0.0,0.0,0.0,0.0,155.0,155.0,155.0
H7rd9bZtbgc_2,H7rd9bZtbgc,0-2s,1.0,299.0,1.0,0.0,1.0,control,1,4,remote,0,4,0.0,0.0,0.0,0.0,0.0,0.0,0.0,0.0,155.0,155.0,155.0
H7rd9bZtbgc_2,H7rd9bZtbgc,0-2s,1.0,299.0,1.0,0.0,1.0,control,1,5,remote,0,4,0.0,0.0,0.0,0.0,0.0,0.0,0.0,0.0,155.0,155.0,155.0
H7rd9bZtbgc_2,H7rd9bZtbgc,0-2s,1.0,299.0,1.0,0.0,1.0,control,1,6,remote,0,4,0.0,0.0,0.0,0.0,0.0,0.0,0.0,0.0,155.0,155.0,155.0
H7rd9bZtbgc_2,H7rd9bZtbgc,0-2s,1.0,299.0,1.0,0.0,1.0,control,1,7,remote,0,4,0.0,0.0,0.0,0.0,0.0,0.0,0.0,0.0,155.0,155.0,156.0
H7rd9bZtbgc_2,H7rd9bZtbgc,0-2s,1.0,299.0,1.0,0.0,1.0,control,1,8,remote,0,4,0.0,0.0,0.0,0.0,0.0,0.0,0.0,0.0,155.0,155.0,155.0
H7rd9bZtbgc_2,H7rd9bZtbgc,0-2s,1.0,299.0,1.0,0.0,1.0,control,1,9,remote,0,4,0.0,0.0,0.0,0.0,0.0,0.0,0.0,0.0,155.0,155.0,155.0
HVz-FJBf_iM_1,HVz-FJBf_iM,0-2s,1.0,67.0,1.0,1.0,0.0,control,0,0,adjacent,0,3,1.0,1.0,1.0,0.0,0.0,0.0,0.0,0.0,4.0,4.0,4.0
HVz-FJBf_iM_1,HVz-FJBf_iM,0-2s,1.0,67.0,1.0,1.0,0.0,control,0,1,adjacent,0,3,1.0,1.0,1.0,0.0,0.0,0.0,0.0,0.0,4.0,4.0,4.0
HVz-FJBf_iM_1,HVz-FJBf_iM,0-2s,1.0,67.0,1.0,1.0,0.0,control,0,2,adjacent,0,3,1.0,1.0,1.0,0.0,0.0,0.0,0.0,0.0,4.0,4.0,4.0
HVz-FJBf_iM_1,HVz-FJBf_iM,0-2s,1.0,67.0,1.0,1.0,0.0,control,0,3,adjacent,0,3,1.0,1.0,1.0,0.0,0.0,0.0,0.0,0.0,4.0,4.0,4.0
HVz-FJBf_iM_1,HVz-FJBf_iM,0-2s,1.0,67.0,1.0,1.0,0.0,control,0,4,adjacent,0,3,1.0,1.0,1.0,0.0,0.0,0.0,0.0,0.0,4.0,4.0,4.0
HVz-FJBf_iM_1,HVz-FJBf_iM,0-2s,1.0,67.0,1.0,1.0,0.0,control,0,5,adjacent,0,3,1.0,1.0,1.0,0.0,0.0,0.0,0.0,0.0,4.0,4.0,4.0
HVz-FJBf_iM_1,HVz-FJBf_iM,0-2s,1.0,67.0,1.0,1.0,0.0,control,0,6,adjacent,0,3,1.0,1.0,1.0,0.0,0.0,0.0,0.0,0.0,4.0,4.0,4.0
HVz-FJBf_iM_1,HVz-FJBf_iM,0-2s,1.0,67.0,1.0,1.0,0.0,control,0,7,adjacent,0,3,1.0,1.0,1.0,0.0,0.0,0.0,0.0,0.0,4.0,4.0,4.0
HVz-FJBf_iM_1,HVz-FJBf_iM,0-2s,1.0,67.0,1.0,1.0,0.0,control,0,8,adjacent,0,3,1.0,1.0,1.0,0.0,0.0,0.0,0.0,0.0,4.0,4.0,4.0
HVz-FJBf_iM_1,HVz-FJBf_iM,0-2s,1.0,67.0,1.0,1.0,0.0,control,0,9,adjacent,0,3,1.0,1.0,1.0,0.0,0.0,0.0,0.0,0.0,4.0,4.0,4.0
HdPSebdDxe4_1,HdPSebdDxe4,2-5s,2.0,121.0,1.0,1.0,0.0,control,0,0,moderately_near,0,4,1.0,1.0,1.0,0.0,0.0,0.0,0.0,0.0,2.0,2.0,2.0
HdPSebdDxe4_1,HdPSebdDxe4,2-5s,2.0,121.0,1.0,1.0,0.0,control,0,1,moderately_near,0,4,1.0,1.0,1.0,0.0,0.0,0.0,0.0,0.0,2.0,2.0,2.0
HdPSebdDxe4_1,HdPSebdDxe4,2-5s,2.0,121.0,1.0,1.0,0.0,control,0,2,moderately_near,0,4,1.0,1.0,1.0,0.0,0.0,0.0,0.0,0.0,2.0,2.0,2.0
HdPSebdDxe4_1,HdPSebdDxe4,2-5s,2.0,121.0,1.0,1.0,0.0,control,0,3,moderately_near,0,4,1.0,1.0,1.0,0.0,0.0,0.0,0.0,0.0,2.0,2.0,2.0
HdPSebdDxe4_1,HdPSebdDxe4,2-5s,2.0,121.0,1.0,1.0,0.0,control,0,4,moderately_near,0,4,1.0,1.0,1.0,0.0,0.0,0.0,0.0,0.0,2.0,2.0,2.5
HdPSebdDxe4_1,HdPSebdDxe4,2-5s,2.0,121.0,1.0,1.0,0.0,control,0,5,moderately_near,0,4,1.0,1.0,1.0,0.0,0.0,0.0,0.0,0.0,2.0,2.0,2.0
HdPSebdDxe4_1,HdPSebdDxe4,2-5s,2.0,121.0,1.0,1.0,0.0,control,0,6,moderately_near,0,4,1.0,1.0,1.0,0.0,0.0,0.0,0.0,0.0,2.0,2.0,2.0
HdPSebdDxe4_1,HdPSebdDxe4,2-5s,2.0,121.0,1.0,1.0,0.0,control,0,7,moderately_near,0,4,1.0,1.0,1.0,0.0,0.0,0.0,0.0,0.0,2.0,2.0,2.0
HdPSebdDxe4_1,HdPSebdDxe4,2-5s,2.0,121.0,1.0,1.0,0.0,control,0,8,moderately_near,0,4,1.0,1.0,1.0,0.0,0.0,0.0,0.0,0.0,2.0,2.0,2.0
HdPSebdDxe4_1,HdPSebdDxe4,2-5s,2.0,121.0,1.0,1.0,0.0,control,0,9,moderately_near,0,4,1.0,1.0,1.0,0.0,0.0,0.0,0.0,0.0,2.0,2.0,2.0
HdPSebdDxe4_4,HdPSebdDxe4,2-5s,4.0,121.0,1.0,0.9,0.09999999999999998,control,0,0,remote,0,2,1.0,1.0,1.0,0.0,1.0,0.0,1.0,-100.0,0.75,1.75,0.75
HdPSebdDxe4_4,HdPSebdDxe4,2-5s,4.0,121.0,1.0,0.9,0.09999999999999998,control,0,1,remote,0,2,1.0,1.0,1.0,0.0,1.0,0.0,1.0,-100.0,0.75,1.75,0.75
HdPSebdDxe4_4,HdPSebdDxe4,2-5s,4.0,121.0,1.0,0.9,0.09999999999999998,control,0,2,remote,0,2,1.0,1.0,1.0,0.0,1.0,0.0,1.0,-100.0,0.75,1.75,0.75
HdPSebdDxe4_4,HdPSebdDxe4,2-5s,4.0,121.0,1.0,0.9,0.09999999999999998,control,0,3,remote,0,2,1.0,1.0,1.0,0.0,1.0,0.0,1.0,-100.0,0.75,1.75,0.75
HdPSebdDxe4_4,HdPSebdDxe4,2-5s,4.0,121.0,1.0,0.9,0.09999999999999998,control,0,4,remote,0,2,1.0,1.0,1.0,0.0,1.0,0.0,1.0,-100.0,0.75,1.75,0.75
HdPSebdDxe4_4,HdPSebdDxe4,2-5s,4.0,121.0,1.0,0.9,0.09999999999999998,control,0,5,remote,0,2,1.0,1.0,1.0,0.0,1.0,0.0,1.0,-100.0,0.75,1.75,0.75
HdPSebdDxe4_4,HdPSebdDxe4,2-5s,4.0,121.0,1.0,0.9,0.09999999999999998,control,0,6,remote,0,2,1.0,1.0,1.0,0.0,1.0,0.0,1.0,-100.0,0.75,1.75,0.75
HdPSebdDxe4_4,HdPSebdDxe4,2-5s,4.0,121.0,1.0,0.9,0.09999999999999998,control,0,7,remote,0,2,1.0,1.0,1.0,0.0,1.0,0.0,1.0,-100.0,0.75,1.75,0.75
HdPSebdDxe4_4,HdPSebdDxe4,2-5s,4.0,121.0,1.0,0.9,0.09999999999999998,control,0,8,remote,0,2,1.0,1.0,1.0,0.0,1.0,0.0,1.0,-100.0,0.75,1.75,0.75
HdPSebdDxe4_4,HdPSebdDxe4,2-5s,4.0,121.0,1.0,0.9,0.09999999999999998,control,0,9,remote,0,2,1.0,1.0,1.0,0.0,1.0,0.0,1.0,-100.0,0.75,1.75,0.75
Hdxfbpnd2-8_3,Hdxfbpnd2-8,2-5s,2.0,299.0,0.0,0.9,-0.9,harmful,1,0,remote,0,44,0.0,1.0,0.0,100.0,0.0,0.0,0.0,0.0,3.5,2.0,3.5
Hdxfbpnd2-8_3,Hdxfbpnd2-8,2-5s,2.0,299.0,0.0,0.9,-0.9,harmful,1,1,remote,0,44,0.0,1.0,0.0,100.0,0.0,0.0,0.0,0.0,3.5,2.0,3.5
Hdxfbpnd2-8_3,Hdxfbpnd2-8,2-5s,2.0,299.0,0.0,0.9,-0.9,harmful,1,2,remote,0,44,0.0,1.0,0.0,100.0,0.0,0.0,0.0,0.0,3.5,2.0,3.5
Hdxfbpnd2-8_3,Hdxfbpnd2-8,2-5s,2.0,299.0,0.0,0.9,-0.9,harmful,1,3,remote,0,44,0.0,1.0,0.0,100.0,0.0,0.0,0.0,0.0,3.5,2.0,3.5
Hdxfbpnd2-8_3,Hdxfbpnd2-8,2-5s,2.0,299.0,0.0,0.9,-0.9,harmful,1,4,remote,0,44,0.0,1.0,0.0,100.0,0.0,0.0,0.0,0.0,3.5,2.0,3.5
Hdxfbpnd2-8_3,Hdxfbpnd2-8,2-5s,2.0,299.0,0.0,0.9,-0.9,harmful,1,5,remote,0,44,0.0,1.0,1.0,0.0,0.0,0.0,0.0,0.0,3.5,2.0,3.5
Hdxfbpnd2-8_3,Hdxfbpnd2-8,2-5s,2.0,299.0,0.0,0.9,-0.9,harmful,1,6,remote,0,44,0.0,1.0,0.0,100.0,0.0,0.0,0.0,0.0,3.5,2.0,3.5
Hdxfbpnd2-8_3,Hdxfbpnd2-8,2-5s,2.0,299.0,0.0,0.9,-0.9,harmful,1,7,remote,0,44,0.0,1.0,0.0,100.0,0.0,0.0,0.0,0.0,3.5,2.0,3.5
Hdxfbpnd2-8_3,Hdxfbpnd2-8,2-5s,2.0,299.0,0.0,0.9,-0.9,harmful,1,8,remote,0,44,0.0,1.0,0.0,100.0,0.0,0.0,0.0,0.0,3.5,2.0,3.5
Hdxfbpnd2-8_3,Hdxfbpnd2-8,2-5s,2.0,299.0,0.0,0.9,-0.9,harmful,1,9,remote,0,44,0.0,1.0,0.0,100.0,0.0,0.0,0.0,0.0,3.5,2.0,3.5
Hdxfbpnd2-8_4,Hdxfbpnd2-8,0-2s,1.0,299.0,0.0,0.3,-0.3,harmful,0,0,remote,0,2,1.0,1.0,1.0,0.0,0.0,0.0,0.0,0.0,12.0,12.0,12.0
Hdxfbpnd2-8_4,Hdxfbpnd2-8,0-2s,1.0,299.0,0.0,0.3,-0.3,harmful,0,1,remote,0,2,1.0,1.0,1.0,0.0,0.0,0.0,0.0,0.0,12.0,12.0,12.0
Hdxfbpnd2-8_4,Hdxfbpnd2-8,0-2s,1.0,299.0,0.0,0.3,-0.3,harmful,0,2,remote,0,2,1.0,1.0,1.0,0.0,0.0,0.0,0.0,0.0,12.0,12.0,12.0
Hdxfbpnd2-8_4,Hdxfbpnd2-8,0-2s,1.0,299.0,0.0,0.3,-0.3,harmful,0,3,remote,0,2,1.0,1.0,1.0,0.0,0.0,0.0,0.0,0.0,12.0,12.0,12.0
Hdxfbpnd2-8_4,Hdxfbpnd2-8,0-2s,1.0,299.0,0.0,0.3,-0.3,harmful,0,4,remote,0,2,1.0,1.0,1.0,0.0,0.0,0.0,0.0,0.0,12.0,12.0,12.0
Hdxfbpnd2-8_4,Hdxfbpnd2-8,0-2s,1.0,299.0,0.0,0.3,-0.3,harmful,0,5,remote,0,2,1.0,1.0,1.0,0.0,0.0,0.0,0.0,0.0,12.0,12.0,13.0
Hdxfbpnd2-8_4,Hdxfbpnd2-8,0-2s,1.0,299.0,0.0,0.3,-0.3,harmful,0,6,remote,0,2,1.0,1.0,1.0,0.0,0.0,0.0,0.0,0.0,12.0,12.0,12.0
Hdxfbpnd2-8_4,Hdxfbpnd2-8,0-2s,1.0,299.0,0.0,0.3,-0.3,harmful,0,7,remote,0,2,1.0,1.0,1.0,0.0,0.0,0.0,0.0,0.0,12.0,12.0,12.0
Hdxfbpnd2-8_4,Hdxfbpnd2-8,0-2s,1.0,299.0,0.0,0.3,-0.3,harmful,0,8,remote,0,2,1.0,1.0,1.0,0.0,0.0,0.0,0.0,0.0,12.0,12.0,12.0
Hdxfbpnd2-8_4,Hdxfbpnd2-8,0-2s,1.0,299.0,0.0,0.3,-0.3,harmful,0,9,remote,0,2,1.0,1.0,1.0,0.0,0.0,0.0,0.0,0.0,12.0,12.0,12.0
HxZADVzNIqs_2,HxZADVzNIqs,2-5s,4.0,299.0,0.0,0.0,0.0,control,1,0,remote,0,53,1.0,0.0,0.0,0.0,0.0,0.0,0.0,0.0,14.0,31.0,13.75
HxZADVzNIqs_2,HxZADVzNIqs,2-5s,4.0,299.0,0.0,0.0,0.0,control,1,1,remote,0,53,1.0,0.0,1.0,-100.0,0.0,0.0,0.0,0.0,14.0,31.0,14.0
HxZADVzNIqs_2,HxZADVzNIqs,2-5s,4.0,299.0,0.0,0.0,0.0,control,1,2,remote,0,53,1.0,0.0,1.0,-100.0,0.0,0.0,0.0,0.0,14.0,31.0,14.0
HxZADVzNIqs_2,HxZADVzNIqs,2-5s,4.0,299.0,0.0,0.0,0.0,control,1,3,remote,0,53,1.0,0.0,0.0,0.0,0.0,0.0,0.0,0.0,14.0,31.0,13.75
HxZADVzNIqs_2,HxZADVzNIqs,2-5s,4.0,299.0,0.0,0.0,0.0,control,1,4,remote,0,53,1.0,0.0,0.0,0.0,0.0,0.0,0.0,0.0,14.0,31.0,13.75
HxZADVzNIqs_2,HxZADVzNIqs,2-5s,4.0,299.0,0.0,0.0,0.0,control,1,5,remote,0,53,1.0,0.0,1.0,-100.0,0.0,0.0,0.0,0.0,14.0,31.0,14.0
HxZADVzNIqs_2,HxZADVzNIqs,2-5s,4.0,299.0,0.0,0.0,0.0,control,1,6,remote,0,53,1.0,0.0,1.0,-100.0,0.0,0.0,0.0,0.0,14.0,31.0,13.75
HxZADVzNIqs_2,HxZADVzNIqs,2-5s,4.0,299.0,0.0,0.0,0.0,control,1,7,remote,0,53,1.0,0.0,0.0,0.0,0.0,0.0,0.0,0.0,14.0,31.0,13.75
HxZADVzNIqs_2,HxZADVzNIqs,2-5s,4.0,299.0,0.0,0.0,0.0,control,1,8,remote,0,53,1.0,0.0,0.0,0.0,0.0,0.0,0.0,0.0,14.0,31.0,13.75
HxZADVzNIqs_2,HxZADVzNIqs,2-5s,4.0,299.0,0.0,0.0,0.0,control,1,9,remote,0,53,1.0,0.0,1.0,-100.0,0.0,0.0,0.0,0.0,14.0,31.0,13.75
HxZADVzNIqs_3,HxZADVzNIqs,2-5s,3.0,299.0,0.0,0.0,0.0,control,1,0,remote,0,24,0.0,0.0,0.0,0.0,0.0,0.0,0.0,0.0,8.666666666666666,9.666666666666666,8.666666666666666
HxZADVzNIqs_3,HxZADVzNIqs,2-5s,3.0,299.0,0.0,0.0,0.0,control,1,1,remote,0,24,0.0,0.0,0.0,0.0,0.0,0.0,0.0,0.0,8.666666666666666,9.666666666666666,8.666666666666666
HxZADVzNIqs_3,HxZADVzNIqs,2-5s,3.0,299.0,0.0,0.0,0.0,control,1,2,remote,0,24,0.0,0.0,0.0,0.0,0.0,0.0,0.0,0.0,8.666666666666666,9.666666666666666,8.666666666666666
HxZADVzNIqs_3,HxZADVzNIqs,2-5s,3.0,299.0,0.0,0.0,0.0,control,1,3,remote,0,24,0.0,0.0,0.0,0.0,0.0,0.0,0.0,0.0,8.666666666666666,9.666666666666666,8.666666666666666
HxZADVzNIqs_3,HxZADVzNIqs,2-5s,3.0,299.0,0.0,0.0,0.0,control,1,4,remote,0,24,0.0,0.0,0.0,0.0,0.0,0.0,0.0,0.0,8.666666666666666,9.666666666666666,8.666666666666666
HxZADVzNIqs_3,HxZADVzNIqs,2-5s,3.0,299.0,0.0,0.0,0.0,control,1,5,remote,0,24,0.0,0.0,0.0,0.0,0.0,0.0,0.0,0.0,8.666666666666666,9.666666666666666,8.666666666666666
HxZADVzNIqs_3,HxZADVzNIqs,2-5s,3.0,299.0,0.0,0.0,0.0,control,1,6,remote,0,24,0.0,0.0,0.0,0.0,0.0,0.0,0.0,0.0,8.666666666666666,9.666666666666666,8.666666666666666
HxZADVzNIqs_3,HxZADVzNIqs,2-5s,3.0,299.0,0.0,0.0,0.0,control,1,7,remote,0,24,0.0,0.0,0.0,0.0,0.0,0.0,0.0,0.0,8.666666666666666,9.666666666666666,8.0
HxZADVzNIqs_3,HxZADVzNIqs,2-5s,3.0,299.0,0.0,0.0,0.0,control,1,8,remote,0,24,0.0,0.0,0.0,0.0,0.0,0.0,0.0,0.0,8.666666666666666,9.666666666666666,8.333333333333334
HxZADVzNIqs_3,HxZADVzNIqs,2-5s,3.0,299.0,0.0,0.0,0.0,control,1,9,remote,0,24,0.0,0.0,0.0,0.0,0.0,0.0,0.0,0.0,8.666666666666666,9.666666666666666,8.666666666666666
I4HpYGMMsz4_1,I4HpYGMMsz4,2-5s,4.0,238.0,0.0,0.1,-0.1,harmful,1,0,remote,0,35,0.0,0.0,0.0,0.0,0.0,0.0,0.0,0.0,9.25,21.75,9.25
I4HpYGMMsz4_1,I4HpYGMMsz4,2-5s,4.0,238.0,0.0,0.1,-0.1,harmful,1,1,remote,0,35,0.0,0.0,0.0,0.0,0.0,0.0,0.0,0.0,9.25,21.75,9.5
I4HpYGMMsz4_1,I4HpYGMMsz4,2-5s,4.0,238.0,0.0,0.1,-0.1,harmful,1,2,remote,0,35,0.0,0.0,0.0,0.0,0.0,0.0,0.0,0.0,9.25,21.75,9.25
I4HpYGMMsz4_1,I4HpYGMMsz4,2-5s,4.0,238.0,0.0,0.1,-0.1,harmful,1,3,remote,0,35,0.0,0.0,0.0,0.0,0.0,0.0,0.0,0.0,9.25,21.75,9.5
I4HpYGMMsz4_1,I4HpYGMMsz4,2-5s,4.0,238.0,0.0,0.1,-0.1,harmful,1,4,remote,0,35,0.0,0.0,0.0,0.0,0.0,0.0,0.0,0.0,9.25,21.75,9.25
I4HpYGMMsz4_1,I4HpYGMMsz4,2-5s,4.0,238.0,0.0,0.1,-0.1,harmful,1,5,remote,0,35,0.0,0.0,0.0,0.0,0.0,0.0,0.0,0.0,9.25,21.75,9.25
I4HpYGMMsz4_1,I4HpYGMMsz4,2-5s,4.0,238.0,0.0,0.1,-0.1,harmful,1,6,remote,0,35,0.0,0.0,0.0,0.0,0.0,0.0,0.0,0.0,9.25,21.75,9.5
I4HpYGMMsz4_1,I4HpYGMMsz4,2-5s,4.0,238.0,0.0,0.1,-0.1,harmful,1,7,remote,0,35,0.0,0.0,0.0,0.0,0.0,0.0,0.0,0.0,9.25,21.75,9.25
I4HpYGMMsz4_1,I4HpYGMMsz4,2-5s,4.0,238.0,0.0,0.1,-0.1,harmful,1,8,remote,0,35,0.0,0.0,0.0,0.0,0.0,0.0,0.0,0.0,9.25,21.75,9.25
I4HpYGMMsz4_1,I4HpYGMMsz4,2-5s,4.0,238.0,0.0,0.1,-0.1,harmful,1,9,remote,0,35,0.0,0.0,0.0,0.0,0.0,0.0,0.0,0.0,9.25,21.75,9.5
IJ6pm5Kns8A_1,IJ6pm5Kns8A,2-5s,2.0,209.0,0.0,0.2,-0.2,harmful,1,0,remote,0,5,0.0,0.0,0.0,0.0,0.0,0.0,0.0,0.0,3.5,3.0,3.5
IJ6pm5Kns8A_1,IJ6pm5Kns8A,2-5s,2.0,209.0,0.0,0.2,-0.2,harmful,1,1,remote,0,5,0.0,0.0,0.0,0.0,0.0,0.0,0.0,0.0,3.5,3.0,3.5
IJ6pm5Kns8A_1,IJ6pm5Kns8A,2-5s,2.0,209.0,0.0,0.2,-0.2,harmful,1,2,remote,0,5,0.0,0.0,0.0,0.0,0.0,0.0,0.0,0.0,3.5,3.0,3.5
IJ6pm5Kns8A_1,IJ6pm5Kns8A,2-5s,2.0,209.0,0.0,0.2,-0.2,harmful,1,3,remote,0,5,0.0,0.0,0.0,0.0,0.0,0.0,0.0,0.0,3.5,3.0,3.0
IJ6pm5Kns8A_1,IJ6pm5Kns8A,2-5s,2.0,209.0,0.0,0.2,-0.2,harmful,1,4,remote,0,5,0.0,0.0,0.0,0.0,0.0,0.0,0.0,0.0,3.5,3.0,3.5
IJ6pm5Kns8A_1,IJ6pm5Kns8A,2-5s,2.0,209.0,0.0,0.2,-0.2,harmful,1,5,remote,0,5,0.0,0.0,0.0,0.0,0.0,0.0,0.0,0.0,3.5,3.0,3.5
IJ6pm5Kns8A_1,IJ6pm5Kns8A,2-5s,2.0,209.0,0.0,0.2,-0.2,harmful,1,6,remote,0,5,0.0,0.0,0.0,0.0,0.0,0.0,0.0,0.0,3.5,3.0,3.5
IJ6pm5Kns8A_1,IJ6pm5Kns8A,2-5s,2.0,209.0,0.0,0.2,-0.2,harmful,1,7,remote,0,5,0.0,0.0,0.0,0.0,0.0,0.0,0.0,0.0,3.5,3.0,3.5
IJ6pm5Kns8A_1,IJ6pm5Kns8A,2-5s,2.0,209.0,0.0,0.2,-0.2,harmful,1,8,remote,0,5,0.0,0.0,0.0,0.0,0.0,0.0,0.0,0.0,3.5,3.0,3.5
IJ6pm5Kns8A_1,IJ6pm5Kns8A,2-5s,2.0,209.0,0.0,0.2,-0.2,harmful,1,9,remote,0,5,0.0,0.0,0.0,0.0,0.0,0.0,0.0,0.0,3.5,3.0,3.5
IJ6pm5Kns8A_2,IJ6pm5Kns8A,2-5s,2.0,209.0,1.0,1.0,0.0,control,0,0,remote,0,3,1.0,1.0,1.0,0.0,0.0,0.0,0.0,0.0,3.0,3.0,3.0
IJ6pm5Kns8A_2,IJ6pm5Kns8A,2-5s,2.0,209.0,1.0,1.0,0.0,control,0,1,remote,0,3,1.0,1.0,1.0,0.0,0.0,0.0,0.0,0.0,3.0,3.0,2.5
IJ6pm5Kns8A_2,IJ6pm5Kns8A,2-5s,2.0,209.0,1.0,1.0,0.0,control,0,2,remote,0,3,1.0,1.0,1.0,0.0,0.0,0.0,0.0,0.0,3.0,3.0,3.0
IJ6pm5Kns8A_2,IJ6pm5Kns8A,2-5s,2.0,209.0,1.0,1.0,0.0,control,0,3,remote,0,3,1.0,1.0,1.0,0.0,0.0,0.0,0.0,0.0,3.0,3.0,3.0
IJ6pm5Kns8A_2,IJ6pm5Kns8A,2-5s,2.0,209.0,1.0,1.0,0.0,control,0,4,remote,0,3,1.0,1.0,1.0,0.0,0.0,0.0,0.0,0.0,3.0,3.0,3.0
IJ6pm5Kns8A_2,IJ6pm5Kns8A,2-5s,2.0,209.0,1.0,1.0,0.0,control,0,5,remote,0,3,1.0,1.0,1.0,0.0,0.0,0.0,0.0,0.0,3.0,3.0,3.0
IJ6pm5Kns8A_2,IJ6pm5Kns8A,2-5s,2.0,209.0,1.0,1.0,0.0,control,0,6,remote,0,3,1.0,1.0,1.0,0.0,0.0,0.0,0.0,0.0,3.0,3.0,3.0
IJ6pm5Kns8A_2,IJ6pm5Kns8A,2-5s,2.0,209.0,1.0,1.0,0.0,control,0,7,remote,0,3,1.0,1.0,1.0,0.0,0.0,0.0,0.0,0.0,3.0,3.0,3.0
IJ6pm5Kns8A_2,IJ6pm5Kns8A,2-5s,2.0,209.0,1.0,1.0,0.0,control,0,8,remote,0,3,1.0,1.0,1.0,0.0,0.0,0.0,0.0,0.0,3.0,3.0,3.0
IJ6pm5Kns8A_2,IJ6pm5Kns8A,2-5s,2.0,209.0,1.0,1.0,0.0,control,0,9,remote,0,3,1.0,1.0,1.0,0.0,0.0,0.0,0.0,0.0,3.0,3.0,3.0
IsUG5SKWNZA_2,IsUG5SKWNZA,2-5s,2.0,134.0,0.0,0.2,-0.2,harmful,0,0,remote,0,1,1.0,1.0,1.0,0.0,0.0,0.0,0.0,0.0,2.5,3.0,2.5
IsUG5SKWNZA_2,IsUG5SKWNZA,2-5s,2.0,134.0,0.0,0.2,-0.2,harmful,0,1,remote,0,1,1.0,1.0,1.0,0.0,0.0,0.0,0.0,0.0,2.5,3.0,2.5
IsUG5SKWNZA_2,IsUG5SKWNZA,2-5s,2.0,134.0,0.0,0.2,-0.2,harmful,0,2,remote,0,1,1.0,1.0,1.0,0.0,0.0,0.0,0.0,0.0,2.5,3.0,2.5
IsUG5SKWNZA_2,IsUG5SKWNZA,2-5s,2.0,134.0,0.0,0.2,-0.2,harmful,0,3,remote,0,1,1.0,1.0,1.0,0.0,0.0,0.0,0.0,0.0,2.5,3.0,2.5
IsUG5SKWNZA_2,IsUG5SKWNZA,2-5s,2.0,134.0,0.0,0.2,-0.2,harmful,0,4,remote,0,1,1.0,1.0,1.0,0.0,0.0,0.0,0.0,0.0,2.5,3.0,2.5
IsUG5SKWNZA_2,IsUG5SKWNZA,2-5s,2.0,134.0,0.0,0.2,-0.2,harmful,0,5,remote,0,1,1.0,1.0,1.0,0.0,0.0,0.0,0.0,0.0,2.5,3.0,2.5
IsUG5SKWNZA_2,IsUG5SKWNZA,2-5s,2.0,134.0,0.0,0.2,-0.2,harmful,0,6,remote,0,1,1.0,1.0,1.0,0.0,0.0,0.0,0.0,0.0,2.5,3.0,2.5
IsUG5SKWNZA_2,IsUG5SKWNZA,2-5s,2.0,134.0,0.0,0.2,-0.2,harmful,0,7,remote,0,1,1.0,1.0,1.0,0.0,0.0,0.0,0.0,0.0,2.5,3.0,2.5
IsUG5SKWNZA_2,IsUG5SKWNZA,2-5s,2.0,134.0,0.0,0.2,-0.2,harmful,0,8,remote,0,1,1.0,1.0,1.0,0.0,0.0,0.0,0.0,0.0,2.5,3.0,2.5
IsUG5SKWNZA_2,IsUG5SKWNZA,2-5s,2.0,134.0,0.0,0.2,-0.2,harmful,0,9,remote,0,1,1.0,1.0,1.0,0.0,0.0,0.0,0.0,0.0,2.5,3.0,2.5
ItS07xtdi4s_3,ItS07xtdi4s,2-5s,2.0,160.0,1.0,1.0,0.0,control,0,0,remote,0,1,1.0,1.0,1.0,0.0,0.0,0.0,0.0,0.0,3.0,3.0,3.0
ItS07xtdi4s_3,ItS07xtdi4s,2-5s,2.0,160.0,1.0,1.0,0.0,control,0,1,remote,0,1,1.0,1.0,1.0,0.0,0.0,0.0,0.0,0.0,3.0,3.0,3.0
ItS07xtdi4s_3,ItS07xtdi4s,2-5s,2.0,160.0,1.0,1.0,0.0,control,0,2,remote,0,1,1.0,1.0,1.0,0.0,0.0,0.0,0.0,0.0,3.0,3.0,3.0
ItS07xtdi4s_3,ItS07xtdi4s,2-5s,2.0,160.0,1.0,1.0,0.0,control,0,3,remote,0,1,1.0,1.0,1.0,0.0,0.0,0.0,0.0,0.0,3.0,3.0,3.0
ItS07xtdi4s_3,ItS07xtdi4s,2-5s,2.0,160.0,1.0,1.0,0.0,control,0,4,remote,0,1,1.0,1.0,1.0,0.0,0.0,0.0,0.0,0.0,3.0,3.0,3.0
ItS07xtdi4s_3,ItS07xtdi4s,2-5s,2.0,160.0,1.0,1.0,0.0,control,0,5,remote,0,1,1.0,1.0,1.0,0.0,0.0,0.0,0.0,0.0,3.0,3.0,3.0
ItS07xtdi4s_3,ItS07xtdi4s,2-5s,2.0,160.0,1.0,1.0,0.0,control,0,6,remote,0,1,1.0,1.0,1.0,0.0,0.0,0.0,0.0,0.0,3.0,3.0,3.0
ItS07xtdi4s_3,ItS07xtdi4s,2-5s,2.0,160.0,1.0,1.0,0.0,control,0,7,remote,0,1,1.0,1.0,1.0,0.0,0.0,0.0,0.0,0.0,3.0,3.0,3.0
ItS07xtdi4s_3,ItS07xtdi4s,2-5s,2.0,160.0,1.0,1.0,0.0,control,0,8,remote,0,1,1.0,1.0,1.0,0.0,0.0,0.0,0.0,0.0,3.0,3.0,3.0
ItS07xtdi4s_3,ItS07xtdi4s,2-5s,2.0,160.0,1.0,1.0,0.0,control,0,9,remote,0,1,1.0,1.0,1.0,0.0,0.0,0.0,0.0,0.0,3.0,3.0,2.5
ItS07xtdi4s_5,ItS07xtdi4s,0-2s,1.0,160.0,0.0,0.4,-0.4,harmful,0,0,remote,0,2,1.0,1.0,1.0,0.0,0.0,0.0,0.0,0.0,4.0,4.0,4.0
ItS07xtdi4s_5,ItS07xtdi4s,0-2s,1.0,160.0,0.0,0.4,-0.4,harmful,0,1,remote,0,2,1.0,1.0,1.0,0.0,0.0,0.0,0.0,0.0,4.0,4.0,4.0
ItS07xtdi4s_5,ItS07xtdi4s,0-2s,1.0,160.0,0.0,0.4,-0.4,harmful,0,2,remote,0,2,1.0,1.0,1.0,0.0,0.0,0.0,0.0,0.0,4.0,4.0,4.0
ItS07xtdi4s_5,ItS07xtdi4s,0-2s,1.0,160.0,0.0,0.4,-0.4,harmful,0,3,remote,0,2,1.0,1.0,1.0,0.0,0.0,0.0,0.0,0.0,4.0,4.0,4.0
ItS07xtdi4s_5,ItS07xtdi4s,0-2s,1.0,160.0,0.0,0.4,-0.4,harmful,0,4,remote,0,2,1.0,1.0,1.0,0.0,0.0,0.0,0.0,0.0,4.0,4.0,4.0
ItS07xtdi4s_5,ItS07xtdi4s,0-2s,1.0,160.0,0.0,0.4,-0.4,harmful,0,5,remote,0,2,1.0,1.0,1.0,0.0,0.0,0.0,0.0,0.0,4.0,4.0,4.0
ItS07xtdi4s_5,ItS07xtdi4s,0-2s,1.0,160.0,0.0,0.4,-0.4,harmful,0,6,remote,0,2,1.0,1.0,1.0,0.0,0.0,0.0,0.0,0.0,4.0,4.0,4.0
ItS07xtdi4s_5,ItS07xtdi4s,0-2s,1.0,160.0,0.0,0.4,-0.4,harmful,0,7,remote,0,2,1.0,1.0,1.0,0.0,0.0,0.0,0.0,0.0,4.0,4.0,4.0
ItS07xtdi4s_5,ItS07xtdi4s,0-2s,1.0,160.0,0.0,0.4,-0.4,harmful,0,8,remote,0,2,1.0,1.0,1.0,0.0,0.0,0.0,0.0,0.0,4.0,4.0,4.0
ItS07xtdi4s_5,ItS07xtdi4s,0-2s,1.0,160.0,0.0,0.4,-0.4,harmful,0,9,remote,0,2,1.0,1.0,1.0,0.0,0.0,0.0,0.0,0.0,4.0,4.0,4.0
JC2ZrXzCX4Y_2,JC2ZrXzCX4Y,2-5s,2.0,209.0,0.0,0.0,0.0,control,1,0,remote,0,6,0.0,0.0,0.0,0.0,0.0,0.0,0.0,0.0,7.5,8.0,7.5
JC2ZrXzCX4Y_2,JC2ZrXzCX4Y,2-5s,2.0,209.0,0.0,0.0,0.0,control,1,1,remote,0,6,0.0,0.0,0.0,0.0,0.0,0.0,0.0,0.0,7.5,8.0,7.5
JC2ZrXzCX4Y_2,JC2ZrXzCX4Y,2-5s,2.0,209.0,0.0,0.0,0.0,control,1,2,remote,0,6,0.0,0.0,0.0,0.0,0.0,0.0,0.0,0.0,7.5,8.0,7.5
JC2ZrXzCX4Y_2,JC2ZrXzCX4Y,2-5s,2.0,209.0,0.0,0.0,0.0,control,1,3,remote,0,6,0.0,0.0,0.0,0.0,0.0,0.0,0.0,0.0,7.5,8.0,7.5
JC2ZrXzCX4Y_2,JC2ZrXzCX4Y,2-5s,2.0,209.0,0.0,0.0,0.0,control,1,4,remote,0,6,0.0,0.0,0.0,0.0,0.0,0.0,0.0,0.0,7.5,8.0,7.5
JC2ZrXzCX4Y_2,JC2ZrXzCX4Y,2-5s,2.0,209.0,0.0,0.0,0.0,control,1,5,remote,0,6,0.0,0.0,0.0,0.0,0.0,0.0,0.0,0.0,7.5,8.0,8.0
JC2ZrXzCX4Y_2,JC2ZrXzCX4Y,2-5s,2.0,209.0,0.0,0.0,0.0,control,1,6,remote,0,6,0.0,0.0,0.0,0.0,0.0,0.0,0.0,0.0,7.5,8.0,8.0
JC2ZrXzCX4Y_2,JC2ZrXzCX4Y,2-5s,2.0,209.0,0.0,0.0,0.0,control,1,7,remote,0,6,0.0,0.0,0.0,0.0,0.0,0.0,0.0,0.0,7.5,8.0,7.5
JC2ZrXzCX4Y_2,JC2ZrXzCX4Y,2-5s,2.0,209.0,0.0,0.0,0.0,control,1,8,remote,0,6,0.0,0.0,0.0,0.0,0.0,0.0,0.0,0.0,7.5,8.0,7.5
JC2ZrXzCX4Y_2,JC2ZrXzCX4Y,2-5s,2.0,209.0,0.0,0.0,0.0,control,1,9,remote,0,6,0.0,0.0,0.0,0.0,0.0,0.0,0.0,0.0,7.5,8.0,7.5
JZloTOdIY_c_3,JZloTOdIY_c,2-5s,3.0,88.0,0.0,0.2,-0.2,harmful,1,0,moderately_near,0,4,0.0,0.0,0.0,0.0,0.0,0.0,0.0,0.0,3.3333333333333335,3.6666666666666665,3.3333333333333335
JZloTOdIY_c_3,JZloTOdIY_c,2-5s,3.0,88.0,0.0,0.2,-0.2,harmful,1,1,moderately_near,0,4,0.0,0.0,0.0,0.0,0.0,0.0,0.0,0.0,3.3333333333333335,3.6666666666666665,3.3333333333333335
JZloTOdIY_c_3,JZloTOdIY_c,2-5s,3.0,88.0,0.0,0.2,-0.2,harmful,1,2,moderately_near,0,4,0.0,0.0,0.0,0.0,0.0,0.0,0.0,0.0,3.3333333333333335,3.6666666666666665,3.3333333333333335
JZloTOdIY_c_3,JZloTOdIY_c,2-5s,3.0,88.0,0.0,0.2,-0.2,harmful,1,3,moderately_near,0,4,0.0,0.0,0.0,0.0,0.0,0.0,0.0,0.0,3.3333333333333335,3.6666666666666665,3.3333333333333335
JZloTOdIY_c_3,JZloTOdIY_c,2-5s,3.0,88.0,0.0,0.2,-0.2,harmful,1,4,moderately_near,0,4,0.0,0.0,0.0,0.0,0.0,0.0,0.0,0.0,3.3333333333333335,3.6666666666666665,3.3333333333333335
JZloTOdIY_c_3,JZloTOdIY_c,2-5s,3.0,88.0,0.0,0.2,-0.2,harmful,1,5,moderately_near,0,4,0.0,0.0,0.0,0.0,0.0,0.0,0.0,0.0,3.3333333333333335,3.6666666666666665,3.3333333333333335
JZloTOdIY_c_3,JZloTOdIY_c,2-5s,3.0,88.0,0.0,0.2,-0.2,harmful,1,6,moderately_near,0,4,0.0,0.0,0.0,0.0,0.0,0.0,0.0,0.0,3.3333333333333335,3.6666666666666665,3.3333333333333335
JZloTOdIY_c_3,JZloTOdIY_c,2-5s,3.0,88.0,0.0,0.2,-0.2,harmful,1,7,moderately_near,0,4,0.0,0.0,0.0,0.0,0.0,0.0,0.0,0.0,3.3333333333333335,3.6666666666666665,3.3333333333333335
JZloTOdIY_c_3,JZloTOdIY_c,2-5s,3.0,88.0,0.0,0.2,-0.2,harmful,1,8,moderately_near,0,4,0.0,0.0,0.0,0.0,0.0,0.0,0.0,0.0,3.3333333333333335,3.6666666666666665,3.3333333333333335
JZloTOdIY_c_3,JZloTOdIY_c,2-5s,3.0,88.0,0.0,0.2,-0.2,harmful,1,9,moderately_near,0,4,0.0,0.0,0.0,0.0,0.0,0.0,0.0,0.0,3.3333333333333335,3.6666666666666665,3.3333333333333335
JmWaRt8-u0s_1,JmWaRt8-u0s,2-5s,4.0,300.0,0.0,0.4,-0.4,harmful,1,0,remote,0,26,1.0,0.0,0.0,0.0,0.0,0.0,0.0,0.0,4.5,6.5,4.5
JmWaRt8-u0s_1,JmWaRt8-u0s,2-5s,4.0,300.0,0.0,0.4,-0.4,harmful,1,1,remote,0,26,1.0,0.0,1.0,-100.0,0.0,0.0,0.0,0.0,4.5,6.5,4.5
JmWaRt8-u0s_1,JmWaRt8-u0s,2-5s,4.0,300.0,0.0,0.4,-0.4,harmful,1,2,remote,0,26,1.0,0.0,0.0,0.0,0.0,0.0,0.0,0.0,4.5,6.5,4.5
JmWaRt8-u0s_1,JmWaRt8-u0s,2-5s,4.0,300.0,0.0,0.4,-0.4,harmful,1,3,remote,0,26,1.0,0.0,0.0,0.0,0.0,0.0,0.0,0.0,4.5,6.5,4.5
JmWaRt8-u0s_1,JmWaRt8-u0s,2-5s,4.0,300.0,0.0,0.4,-0.4,harmful,1,4,remote,0,26,1.0,0.0,0.0,0.0,0.0,0.0,0.0,0.0,4.5,6.5,4.5
JmWaRt8-u0s_1,JmWaRt8-u0s,2-5s,4.0,300.0,0.0,0.4,-0.4,harmful,1,5,remote,0,26,1.0,0.0,0.0,0.0,0.0,0.0,0.0,0.0,4.5,6.5,4.5
JmWaRt8-u0s_1,JmWaRt8-u0s,2-5s,4.0,300.0,0.0,0.4,-0.4,harmful,1,6,remote,0,26,1.0,0.0,0.0,0.0,0.0,0.0,0.0,0.0,4.5,6.5,4.5
JmWaRt8-u0s_1,JmWaRt8-u0s,2-5s,4.0,300.0,0.0,0.4,-0.4,harmful,1,7,remote,0,26,1.0,0.0,0.0,0.0,0.0,0.0,0.0,0.0,4.5,6.5,4.5
JmWaRt8-u0s_1,JmWaRt8-u0s,2-5s,4.0,300.0,0.0,0.4,-0.4,harmful,1,8,remote,0,26,1.0,0.0,0.0,0.0,0.0,0.0,0.0,0.0,4.5,6.5,4.5
JmWaRt8-u0s_1,JmWaRt8-u0s,2-5s,4.0,300.0,0.0,0.4,-0.4,harmful,1,9,remote,0,26,1.0,0.0,0.0,0.0,0.0,0.0,0.0,0.0,4.5,6.5,4.25
K-7Y8yhcUiw_3,K-7Y8yhcUiw,2-5s,3.0,85.0,0.0,0.5,-0.5,harmful,1,0,remote,0,2,0.0,1.0,0.0,100.0,0.0,1.0,0.0,100.0,1.0,0.6666666666666666,1.0
K-7Y8yhcUiw_3,K-7Y8yhcUiw,2-5s,3.0,85.0,0.0,0.5,-0.5,harmful,1,1,remote,0,2,0.0,1.0,0.0,100.0,0.0,1.0,0.0,100.0,1.0,0.6666666666666666,1.0
K-7Y8yhcUiw_3,K-7Y8yhcUiw,2-5s,3.0,85.0,0.0,0.5,-0.5,harmful,1,2,remote,0,2,0.0,1.0,0.0,100.0,0.0,1.0,0.0,100.0,1.0,0.6666666666666666,1.0
K-7Y8yhcUiw_3,K-7Y8yhcUiw,2-5s,3.0,85.0,0.0,0.5,-0.5,harmful,1,3,remote,0,2,0.0,1.0,0.0,100.0,0.0,1.0,0.0,100.0,1.0,0.6666666666666666,1.0
K-7Y8yhcUiw_3,K-7Y8yhcUiw,2-5s,3.0,85.0,0.0,0.5,-0.5,harmful,1,4,remote,0,2,0.0,1.0,0.0,100.0,0.0,1.0,0.0,100.0,1.0,0.6666666666666666,1.0
K-7Y8yhcUiw_3,K-7Y8yhcUiw,2-5s,3.0,85.0,0.0,0.5,-0.5,harmful,1,5,remote,0,2,0.0,1.0,0.0,100.0,0.0,1.0,0.0,100.0,1.0,0.6666666666666666,1.0
K-7Y8yhcUiw_3,K-7Y8yhcUiw,2-5s,3.0,85.0,0.0,0.5,-0.5,harmful,1,6,remote,0,2,0.0,1.0,0.0,100.0,0.0,1.0,0.0,100.0,1.0,0.6666666666666666,1.0
K-7Y8yhcUiw_3,K-7Y8yhcUiw,2-5s,3.0,85.0,0.0,0.5,-0.5,harmful,1,7,remote,0,2,0.0,1.0,0.0,100.0,0.0,1.0,0.0,100.0,1.0,0.6666666666666666,1.0
K-7Y8yhcUiw_3,K-7Y8yhcUiw,2-5s,3.0,85.0,0.0,0.5,-0.5,harmful,1,8,remote,0,2,0.0,1.0,0.0,100.0,0.0,1.0,0.0,100.0,1.0,0.6666666666666666,1.0
K-7Y8yhcUiw_3,K-7Y8yhcUiw,2-5s,3.0,85.0,0.0,0.5,-0.5,harmful,1,9,remote,0,2,0.0,1.0,0.0,100.0,0.0,1.0,0.0,100.0,1.0,0.6666666666666666,1.0
K03ydb1uaoQ_1,K03ydb1uaoQ,2-5s,3.0,71.0,1.0,1.0,0.0,control,0,0,adjacent,0,2,1.0,1.0,1.0,0.0,0.0,0.0,0.0,0.0,3.3333333333333335,3.3333333333333335,3.3333333333333335
K03ydb1uaoQ_1,K03ydb1uaoQ,2-5s,3.0,71.0,1.0,1.0,0.0,control,0,1,adjacent,0,2,1.0,1.0,1.0,0.0,0.0,0.0,0.0,0.0,3.3333333333333335,3.3333333333333335,3.3333333333333335
K03ydb1uaoQ_1,K03ydb1uaoQ,2-5s,3.0,71.0,1.0,1.0,0.0,control,0,2,adjacent,0,2,1.0,1.0,1.0,0.0,0.0,0.0,0.0,0.0,3.3333333333333335,3.3333333333333335,3.0
K03ydb1uaoQ_1,K03ydb1uaoQ,2-5s,3.0,71.0,1.0,1.0,0.0,control,0,3,adjacent,0,2,1.0,1.0,1.0,0.0,0.0,0.0,0.0,0.0,3.3333333333333335,3.3333333333333335,3.3333333333333335
K03ydb1uaoQ_1,K03ydb1uaoQ,2-5s,3.0,71.0,1.0,1.0,0.0,control,0,4,adjacent,0,2,1.0,1.0,1.0,0.0,0.0,0.0,0.0,0.0,3.3333333333333335,3.3333333333333335,3.0
K03ydb1uaoQ_1,K03ydb1uaoQ,2-5s,3.0,71.0,1.0,1.0,0.0,control,0,5,adjacent,0,2,1.0,1.0,1.0,0.0,0.0,0.0,0.0,0.0,3.3333333333333335,3.3333333333333335,3.3333333333333335
K03ydb1uaoQ_1,K03ydb1uaoQ,2-5s,3.0,71.0,1.0,1.0,0.0,control,0,6,adjacent,0,2,1.0,1.0,1.0,0.0,0.0,0.0,0.0,0.0,3.3333333333333335,3.3333333333333335,3.0
K03ydb1uaoQ_1,K03ydb1uaoQ,2-5s,3.0,71.0,1.0,1.0,0.0,control,0,7,adjacent,0,2,1.0,1.0,1.0,0.0,0.0,0.0,0.0,0.0,3.3333333333333335,3.3333333333333335,3.3333333333333335
K03ydb1uaoQ_1,K03ydb1uaoQ,2-5s,3.0,71.0,1.0,1.0,0.0,control,0,8,adjacent,0,2,1.0,1.0,1.0,0.0,0.0,0.0,0.0,0.0,3.3333333333333335,3.3333333333333335,3.0
K03ydb1uaoQ_1,K03ydb1uaoQ,2-5s,3.0,71.0,1.0,1.0,0.0,control,0,9,adjacent,0,2,1.0,1.0,1.0,0.0,0.0,0.0,0.0,0.0,3.3333333333333335,3.3333333333333335,3.3333333333333335
KJhGuhNHToA_1,KJhGuhNHToA,2-5s,2.0,66.0,1.0,0.7,0.30000000000000004,control,1,0,remote,0,3,0.0,0.0,0.0,0.0,0.0,0.0,0.0,0.0,1.5,1.5,1.5
KJhGuhNHToA_1,KJhGuhNHToA,2-5s,2.0,66.0,1.0,0.7,0.30000000000000004,control,1,1,remote,0,3,0.0,0.0,0.0,0.0,0.0,0.0,0.0,0.0,1.5,1.5,1.5
KJhGuhNHToA_1,KJhGuhNHToA,2-5s,2.0,66.0,1.0,0.7,0.30000000000000004,control,1,2,remote,0,3,0.0,0.0,0.0,0.0,0.0,0.0,0.0,0.0,1.5,1.5,1.5
KJhGuhNHToA_1,KJhGuhNHToA,2-5s,2.0,66.0,1.0,0.7,0.30000000000000004,control,1,3,remote,0,3,0.0,0.0,0.0,0.0,0.0,0.0,0.0,0.0,1.5,1.5,1.5
KJhGuhNHToA_1,KJhGuhNHToA,2-5s,2.0,66.0,1.0,0.7,0.30000000000000004,control,1,4,remote,0,3,0.0,0.0,0.0,0.0,0.0,0.0,0.0,0.0,1.5,1.5,1.5
KJhGuhNHToA_1,KJhGuhNHToA,2-5s,2.0,66.0,1.0,0.7,0.30000000000000004,control,1,5,remote,0,3,0.0,0.0,1.0,-100.0,0.0,0.0,0.0,0.0,1.5,1.5,1.5
KJhGuhNHToA_1,KJhGuhNHToA,2-5s,2.0,66.0,1.0,0.7,0.30000000000000004,control,1,6,remote,0,3,0.0,0.0,0.0,0.0,0.0,0.0,0.0,0.0,1.5,1.5,1.5
KJhGuhNHToA_1,KJhGuhNHToA,2-5s,2.0,66.0,1.0,0.7,0.30000000000000004,control,1,7,remote,0,3,0.0,0.0,0.0,0.0,0.0,0.0,0.0,0.0,1.5,1.5,1.5
KJhGuhNHToA_1,KJhGuhNHToA,2-5s,2.0,66.0,1.0,0.7,0.30000000000000004,control,1,8,remote,0,3,0.0,0.0,0.0,0.0,0.0,0.0,0.0,0.0,1.5,1.5,1.5
KJhGuhNHToA_1,KJhGuhNHToA,2-5s,2.0,66.0,1.0,0.7,0.30000000000000004,control,1,9,remote,0,3,0.0,0.0,0.0,0.0,0.0,0.0,0.0,0.0,1.5,1.5,1.5
KJhGuhNHToA_2,KJhGuhNHToA,2-5s,3.0,66.0,1.0,0.9,0.09999999999999998,control,0,0,remote,0,3,1.0,1.0,1.0,0.0,0.0,0.0,1.0,-100.0,2.0,2.0,1.6666666666666667
KJhGuhNHToA_2,KJhGuhNHToA,2-5s,3.0,66.0,1.0,0.9,0.09999999999999998,control,0,1,remote,0,3,1.0,1.0,1.0,0.0,0.0,0.0,0.0,0.0,2.0,2.0,2.0
KJhGuhNHToA_2,KJhGuhNHToA,2-5s,3.0,66.0,1.0,0.9,0.09999999999999998,control,0,2,remote,0,3,1.0,1.0,1.0,0.0,0.0,0.0,0.0,0.0,2.0,2.0,2.0
KJhGuhNHToA_2,KJhGuhNHToA,2-5s,3.0,66.0,1.0,0.9,0.09999999999999998,control,0,3,remote,0,3,1.0,1.0,1.0,0.0,0.0,0.0,0.0,0.0,2.0,2.0,1.6666666666666667
KJhGuhNHToA_2,KJhGuhNHToA,2-5s,3.0,66.0,1.0,0.9,0.09999999999999998,control,0,4,remote,0,3,1.0,1.0,1.0,0.0,0.0,0.0,0.0,0.0,2.0,2.0,2.0
KJhGuhNHToA_2,KJhGuhNHToA,2-5s,3.0,66.0,1.0,0.9,0.09999999999999998,control,0,5,remote,0,3,1.0,1.0,1.0,0.0,0.0,0.0,0.0,0.0,2.0,2.0,2.0
KJhGuhNHToA_2,KJhGuhNHToA,2-5s,3.0,66.0,1.0,0.9,0.09999999999999998,control,0,6,remote,0,3,1.0,1.0,1.0,0.0,0.0,0.0,0.0,0.0,2.0,2.0,2.0
KJhGuhNHToA_2,KJhGuhNHToA,2-5s,3.0,66.0,1.0,0.9,0.09999999999999998,control,0,7,remote,0,3,1.0,1.0,1.0,0.0,0.0,0.0,0.0,0.0,2.0,2.0,2.0
KJhGuhNHToA_2,KJhGuhNHToA,2-5s,3.0,66.0,1.0,0.9,0.09999999999999998,control,0,8,remote,0,3,1.0,1.0,1.0,0.0,0.0,0.0,0.0,0.0,2.0,2.0,2.0
KJhGuhNHToA_2,KJhGuhNHToA,2-5s,3.0,66.0,1.0,0.9,0.09999999999999998,control,0,9,remote,0,3,1.0,1.0,1.0,0.0,0.0,0.0,0.0,0.0,2.0,2.0,2.0
KJhGuhNHToA_4,KJhGuhNHToA,2-5s,3.0,66.0,1.0,1.0,0.0,control,0,0,moderately_near,0,4,1.0,1.0,1.0,0.0,0.0,0.0,0.0,0.0,1.3333333333333333,1.3333333333333333,1.3333333333333333
KJhGuhNHToA_4,KJhGuhNHToA,2-5s,3.0,66.0,1.0,1.0,0.0,control,0,1,moderately_near,0,4,1.0,1.0,1.0,0.0,0.0,0.0,0.0,0.0,1.3333333333333333,1.3333333333333333,1.3333333333333333
KJhGuhNHToA_4,KJhGuhNHToA,2-5s,3.0,66.0,1.0,1.0,0.0,control,0,2,moderately_near,0,4,1.0,1.0,1.0,0.0,0.0,0.0,0.0,0.0,1.3333333333333333,1.3333333333333333,1.3333333333333333
KJhGuhNHToA_4,KJhGuhNHToA,2-5s,3.0,66.0,1.0,1.0,0.0,control,0,3,moderately_near,0,4,1.0,1.0,1.0,0.0,0.0,0.0,0.0,0.0,1.3333333333333333,1.3333333333333333,1.3333333333333333
KJhGuhNHToA_4,KJhGuhNHToA,2-5s,3.0,66.0,1.0,1.0,0.0,control,0,4,moderately_near,0,4,1.0,1.0,1.0,0.0,0.0,0.0,0.0,0.0,1.3333333333333333,1.3333333333333333,1.3333333333333333
KJhGuhNHToA_4,KJhGuhNHToA,2-5s,3.0,66.0,1.0,1.0,0.0,control,0,5,moderately_near,0,4,1.0,1.0,1.0,0.0,0.0,0.0,0.0,0.0,1.3333333333333333,1.3333333333333333,1.3333333333333333
KJhGuhNHToA_4,KJhGuhNHToA,2-5s,3.0,66.0,1.0,1.0,0.0,control,0,6,moderately_near,0,4,1.0,1.0,1.0,0.0,0.0,0.0,0.0,0.0,1.3333333333333333,1.3333333333333333,1.3333333333333333
KJhGuhNHToA_4,KJhGuhNHToA,2-5s,3.0,66.0,1.0,1.0,0.0,control,0,7,moderately_near,0,4,1.0,1.0,1.0,0.0,0.0,0.0,1.0,-100.0,1.3333333333333333,1.3333333333333333,1.3333333333333333
KJhGuhNHToA_4,KJhGuhNHToA,2-5s,3.0,66.0,1.0,1.0,0.0,control,0,8,moderately_near,0,4,1.0,1.0,1.0,0.0,0.0,0.0,0.0,0.0,1.3333333333333333,1.3333333333333333,1.3333333333333333
KJhGuhNHToA_4,KJhGuhNHToA,2-5s,3.0,66.0,1.0,1.0,0.0,control,0,9,moderately_near,0,4,1.0,1.0,1.0,0.0,0.0,0.0,0.0,0.0,1.3333333333333333,1.3333333333333333,1.3333333333333333
K_Vre_-4KqU_2,K_Vre_-4KqU,2-5s,4.0,177.0,1.0,1.0,0.0,control,0,0,remote,0,2,1.0,1.0,1.0,0.0,1.0,1.0,1.0,0.0,1.25,1.25,1.25
K_Vre_-4KqU_2,K_Vre_-4KqU,2-5s,4.0,177.0,1.0,1.0,0.0,control,0,1,remote,0,2,1.0,1.0,1.0,0.0,1.0,1.0,1.0,0.0,1.25,1.25,1.25
K_Vre_-4KqU_2,K_Vre_-4KqU,2-5s,4.0,177.0,1.0,1.0,0.0,control,0,2,remote,0,2,1.0,1.0,1.0,0.0,1.0,1.0,1.0,0.0,1.25,1.25,1.25
K_Vre_-4KqU_2,K_Vre_-4KqU,2-5s,4.0,177.0,1.0,1.0,0.0,control,0,3,remote,0,2,1.0,1.0,1.0,0.0,1.0,1.0,1.0,0.0,1.25,1.25,1.25
K_Vre_-4KqU_2,K_Vre_-4KqU,2-5s,4.0,177.0,1.0,1.0,0.0,control,0,4,remote,0,2,1.0,1.0,1.0,0.0,1.0,1.0,1.0,0.0,1.25,1.25,1.25
K_Vre_-4KqU_2,K_Vre_-4KqU,2-5s,4.0,177.0,1.0,1.0,0.0,control,0,5,remote,0,2,1.0,1.0,1.0,0.0,1.0,1.0,1.0,0.0,1.25,1.25,1.25
K_Vre_-4KqU_2,K_Vre_-4KqU,2-5s,4.0,177.0,1.0,1.0,0.0,control,0,6,remote,0,2,1.0,1.0,1.0,0.0,1.0,1.0,1.0,0.0,1.25,1.25,1.25
K_Vre_-4KqU_2,K_Vre_-4KqU,2-5s,4.0,177.0,1.0,1.0,0.0,control,0,7,remote,0,2,1.0,1.0,1.0,0.0,1.0,1.0,1.0,0.0,1.25,1.25,1.25
K_Vre_-4KqU_2,K_Vre_-4KqU,2-5s,4.0,177.0,1.0,1.0,0.0,control,0,8,remote,0,2,1.0,1.0,1.0,0.0,1.0,1.0,1.0,0.0,1.25,1.25,1.25
K_Vre_-4KqU_2,K_Vre_-4KqU,2-5s,4.0,177.0,1.0,1.0,0.0,control,0,9,remote,0,2,1.0,1.0,1.0,0.0,1.0,1.0,1.0,0.0,1.25,1.25,1.25
Kel-hfZ_9h8_4,Kel-hfZ_9h8,0-2s,1.0,147.0,0.0,0.6,-0.6,harmful,1,0,remote,0,3,0.0,0.0,0.0,0.0,0.0,0.0,0.0,0.0,4.0,6.0,4.0
Kel-hfZ_9h8_4,Kel-hfZ_9h8,0-2s,1.0,147.0,0.0,0.6,-0.6,harmful,1,1,remote,0,3,0.0,0.0,0.0,0.0,0.0,0.0,0.0,0.0,4.0,6.0,4.0
Kel-hfZ_9h8_4,Kel-hfZ_9h8,0-2s,1.0,147.0,0.0,0.6,-0.6,harmful,1,2,remote,0,3,0.0,0.0,0.0,0.0,0.0,0.0,0.0,0.0,4.0,6.0,4.0
Kel-hfZ_9h8_4,Kel-hfZ_9h8,0-2s,1.0,147.0,0.0,0.6,-0.6,harmful,1,3,remote,0,3,0.0,0.0,0.0,0.0,0.0,0.0,0.0,0.0,4.0,6.0,4.0
Kel-hfZ_9h8_4,Kel-hfZ_9h8,0-2s,1.0,147.0,0.0,0.6,-0.6,harmful,1,4,remote,0,3,0.0,0.0,0.0,0.0,0.0,0.0,0.0,0.0,4.0,6.0,4.0
Kel-hfZ_9h8_4,Kel-hfZ_9h8,0-2s,1.0,147.0,0.0,0.6,-0.6,harmful,1,5,remote,0,3,0.0,0.0,0.0,0.0,0.0,0.0,0.0,0.0,4.0,6.0,4.0
Kel-hfZ_9h8_4,Kel-hfZ_9h8,0-2s,1.0,147.0,0.0,0.6,-0.6,harmful,1,6,remote,0,3,0.0,0.0,0.0,0.0,0.0,0.0,0.0,0.0,4.0,6.0,4.0
Kel-hfZ_9h8_4,Kel-hfZ_9h8,0-2s,1.0,147.0,0.0,0.6,-0.6,harmful,1,7,remote,0,3,0.0,0.0,0.0,0.0,0.0,0.0,0.0,0.0,4.0,6.0,4.0
Kel-hfZ_9h8_4,Kel-hfZ_9h8,0-2s,1.0,147.0,0.0,0.6,-0.6,harmful,1,8,remote,0,3,0.0,0.0,0.0,0.0,0.0,0.0,0.0,0.0,4.0,6.0,3.0
Kel-hfZ_9h8_4,Kel-hfZ_9h8,0-2s,1.0,147.0,0.0,0.6,-0.6,harmful,1,9,remote,0,3,0.0,0.0,0.0,0.0,0.0,0.0,0.0,0.0,4.0,6.0,3.0
KnsKf9KoNds_1,KnsKf9KoNds,0-2s,1.0,299.0,0.0,0.4,-0.4,harmful,1,0,remote,0,3,0.0,0.0,0.0,0.0,0.0,0.0,0.0,0.0,9.0,7.0,9.0
KnsKf9KoNds_1,KnsKf9KoNds,0-2s,1.0,299.0,0.0,0.4,-0.4,harmful,1,1,remote,0,3,0.0,0.0,0.0,0.0,0.0,0.0,0.0,0.0,9.0,7.0,9.0
KnsKf9KoNds_1,KnsKf9KoNds,0-2s,1.0,299.0,0.0,0.4,-0.4,harmful,1,2,remote,0,3,0.0,0.0,0.0,0.0,0.0,0.0,0.0,0.0,9.0,7.0,9.0
KnsKf9KoNds_1,KnsKf9KoNds,0-2s,1.0,299.0,0.0,0.4,-0.4,harmful,1,3,remote,0,3,0.0,0.0,0.0,0.0,0.0,0.0,0.0,0.0,9.0,7.0,9.0
KnsKf9KoNds_1,KnsKf9KoNds,0-2s,1.0,299.0,0.0,0.4,-0.4,harmful,1,4,remote,0,3,0.0,0.0,0.0,0.0,0.0,0.0,0.0,0.0,9.0,7.0,9.0
KnsKf9KoNds_1,KnsKf9KoNds,0-2s,1.0,299.0,0.0,0.4,-0.4,harmful,1,5,remote,0,3,0.0,0.0,0.0,0.0,0.0,0.0,0.0,0.0,9.0,7.0,6.0
KnsKf9KoNds_1,KnsKf9KoNds,0-2s,1.0,299.0,0.0,0.4,-0.4,harmful,1,6,remote,0,3,0.0,0.0,0.0,0.0,0.0,0.0,0.0,0.0,9.0,7.0,9.0
KnsKf9KoNds_1,KnsKf9KoNds,0-2s,1.0,299.0,0.0,0.4,-0.4,harmful,1,7,remote,0,3,0.0,0.0,0.0,0.0,0.0,0.0,0.0,0.0,9.0,7.0,9.0
KnsKf9KoNds_1,KnsKf9KoNds,0-2s,1.0,299.0,0.0,0.4,-0.4,harmful,1,8,remote,0,3,0.0,0.0,0.0,0.0,0.0,0.0,0.0,0.0,9.0,7.0,9.0
KnsKf9KoNds_1,KnsKf9KoNds,0-2s,1.0,299.0,0.0,0.4,-0.4,harmful,1,9,remote,0,3,0.0,0.0,0.0,0.0,0.0,0.0,0.0,0.0,9.0,7.0,9.0
KnsKf9KoNds_2,KnsKf9KoNds,2-5s,3.0,299.0,0.0,0.0,0.0,control,1,0,remote,0,2,0.0,0.0,0.0,0.0,0.0,0.0,0.0,0.0,3.3333333333333335,3.3333333333333335,3.3333333333333335
KnsKf9KoNds_2,KnsKf9KoNds,2-5s,3.0,299.0,0.0,0.0,0.0,control,1,1,remote,0,2,0.0,0.0,0.0,0.0,0.0,0.0,0.0,0.0,3.3333333333333335,3.3333333333333335,3.3333333333333335
KnsKf9KoNds_2,KnsKf9KoNds,2-5s,3.0,299.0,0.0,0.0,0.0,control,1,2,remote,0,2,0.0,0.0,0.0,0.0,0.0,0.0,0.0,0.0,3.3333333333333335,3.3333333333333335,3.3333333333333335
KnsKf9KoNds_2,KnsKf9KoNds,2-5s,3.0,299.0,0.0,0.0,0.0,control,1,3,remote,0,2,0.0,0.0,0.0,0.0,0.0,0.0,0.0,0.0,3.3333333333333335,3.3333333333333335,3.3333333333333335
KnsKf9KoNds_2,KnsKf9KoNds,2-5s,3.0,299.0,0.0,0.0,0.0,control,1,4,remote,0,2,0.0,0.0,0.0,0.0,0.0,0.0,0.0,0.0,3.3333333333333335,3.3333333333333335,3.3333333333333335
KnsKf9KoNds_2,KnsKf9KoNds,2-5s,3.0,299.0,0.0,0.0,0.0,control,1,5,remote,0,2,0.0,0.0,0.0,0.0,0.0,0.0,0.0,0.0,3.3333333333333335,3.3333333333333335,3.3333333333333335
KnsKf9KoNds_2,KnsKf9KoNds,2-5s,3.0,299.0,0.0,0.0,0.0,control,1,6,remote,0,2,0.0,0.0,0.0,0.0,0.0,0.0,0.0,0.0,3.3333333333333335,3.3333333333333335,3.3333333333333335
KnsKf9KoNds_2,KnsKf9KoNds,2-5s,3.0,299.0,0.0,0.0,0.0,control,1,7,remote,0,2,0.0,0.0,0.0,0.0,0.0,0.0,0.0,0.0,3.3333333333333335,3.3333333333333335,3.3333333333333335
KnsKf9KoNds_2,KnsKf9KoNds,2-5s,3.0,299.0,0.0,0.0,0.0,control,1,8,remote,0,2,0.0,0.0,0.0,0.0,0.0,0.0,0.0,0.0,3.3333333333333335,3.3333333333333335,3.3333333333333335
KnsKf9KoNds_2,KnsKf9KoNds,2-5s,3.0,299.0,0.0,0.0,0.0,control,1,9,remote,0,2,0.0,0.0,0.0,0.0,0.0,0.0,0.0,0.0,3.3333333333333335,3.3333333333333335,3.3333333333333335
KvrcRMfFzOE_1,KvrcRMfFzOE,2-5s,4.0,186.0,0.0,1.0,-1.0,harmful,0,0,remote,0,5,1.0,1.0,1.0,0.0,1.0,1.0,1.0,0.0,1.25,1.25,1.25
KvrcRMfFzOE_1,KvrcRMfFzOE,2-5s,4.0,186.0,0.0,1.0,-1.0,harmful,0,1,remote,0,5,1.0,1.0,1.0,0.0,1.0,1.0,1.0,0.0,1.25,1.25,1.5
KvrcRMfFzOE_1,KvrcRMfFzOE,2-5s,4.0,186.0,0.0,1.0,-1.0,harmful,0,2,remote,0,5,1.0,1.0,1.0,0.0,1.0,1.0,1.0,0.0,1.25,1.25,1.5
KvrcRMfFzOE_1,KvrcRMfFzOE,2-5s,4.0,186.0,0.0,1.0,-1.0,harmful,0,3,remote,0,5,1.0,1.0,1.0,0.0,1.0,1.0,1.0,0.0,1.25,1.25,1.25
KvrcRMfFzOE_1,KvrcRMfFzOE,2-5s,4.0,186.0,0.0,1.0,-1.0,harmful,0,4,remote,0,5,1.0,1.0,1.0,0.0,1.0,1.0,1.0,0.0,1.25,1.25,1.25
KvrcRMfFzOE_1,KvrcRMfFzOE,2-5s,4.0,186.0,0.0,1.0,-1.0,harmful,0,5,remote,0,5,1.0,1.0,1.0,0.0,1.0,1.0,1.0,0.0,1.25,1.25,1.25
KvrcRMfFzOE_1,KvrcRMfFzOE,2-5s,4.0,186.0,0.0,1.0,-1.0,harmful,0,6,remote,0,5,1.0,1.0,1.0,0.0,1.0,1.0,1.0,0.0,1.25,1.25,1.25
KvrcRMfFzOE_1,KvrcRMfFzOE,2-5s,4.0,186.0,0.0,1.0,-1.0,harmful,0,7,remote,0,5,1.0,1.0,1.0,0.0,1.0,1.0,1.0,0.0,1.25,1.25,1.25
KvrcRMfFzOE_1,KvrcRMfFzOE,2-5s,4.0,186.0,0.0,1.0,-1.0,harmful,0,8,remote,0,5,1.0,1.0,1.0,0.0,1.0,1.0,1.0,0.0,1.25,1.25,1.25
KvrcRMfFzOE_1,KvrcRMfFzOE,2-5s,4.0,186.0,0.0,1.0,-1.0,harmful,0,9,remote,0,5,1.0,1.0,1.0,0.0,1.0,1.0,1.0,0.0,1.25,1.25,1.5
LB6CZ0x-kns_1,LB6CZ0x-kns,2-5s,2.0,138.0,1.0,1.0,0.0,control,0,0,adjacent,0,1,1.0,0.0,1.0,-100.0,0.0,0.0,0.0,0.0,3.5,4.0,3.5
LB6CZ0x-kns_1,LB6CZ0x-kns,2-5s,2.0,138.0,1.0,1.0,0.0,control,0,1,adjacent,0,1,1.0,0.0,1.0,-100.0,0.0,0.0,0.0,0.0,3.5,4.0,3.5
LB6CZ0x-kns_1,LB6CZ0x-kns,2-5s,2.0,138.0,1.0,1.0,0.0,control,0,2,adjacent,0,1,1.0,0.0,1.0,-100.0,0.0,0.0,0.0,0.0,3.5,4.0,3.5
LB6CZ0x-kns_1,LB6CZ0x-kns,2-5s,2.0,138.0,1.0,1.0,0.0,control,0,3,adjacent,0,1,1.0,0.0,1.0,-100.0,0.0,0.0,0.0,0.0,3.5,4.0,3.5
LB6CZ0x-kns_1,LB6CZ0x-kns,2-5s,2.0,138.0,1.0,1.0,0.0,control,0,4,adjacent,0,1,1.0,0.0,1.0,-100.0,0.0,0.0,0.0,0.0,3.5,4.0,3.5
LB6CZ0x-kns_1,LB6CZ0x-kns,2-5s,2.0,138.0,1.0,1.0,0.0,control,0,5,adjacent,0,1,1.0,0.0,1.0,-100.0,0.0,0.0,0.0,0.0,3.5,4.0,3.5
LB6CZ0x-kns_1,LB6CZ0x-kns,2-5s,2.0,138.0,1.0,1.0,0.0,control,0,6,adjacent,0,1,1.0,0.0,1.0,-100.0,0.0,0.0,0.0,0.0,3.5,4.0,3.5
LB6CZ0x-kns_1,LB6CZ0x-kns,2-5s,2.0,138.0,1.0,1.0,0.0,control,0,7,adjacent,0,1,1.0,0.0,1.0,-100.0,0.0,0.0,0.0,0.0,3.5,4.0,3.5
LB6CZ0x-kns_1,LB6CZ0x-kns,2-5s,2.0,138.0,1.0,1.0,0.0,control,0,8,adjacent,0,1,1.0,0.0,1.0,-100.0,0.0,0.0,0.0,0.0,3.5,4.0,3.5
LB6CZ0x-kns_1,LB6CZ0x-kns,2-5s,2.0,138.0,1.0,1.0,0.0,control,0,9,adjacent,0,1,1.0,0.0,1.0,-100.0,0.0,0.0,0.0,0.0,3.5,4.0,3.5
LCwSUVuTyvg_2,LCwSUVuTyvg,2-5s,4.0,300.0,0.0,0.4,-0.4,harmful,0,0,remote,0,35,0.0,0.0,0.0,0.0,0.0,0.0,0.0,0.0,3.5,3.25,3.5
LCwSUVuTyvg_2,LCwSUVuTyvg,2-5s,4.0,300.0,0.0,0.4,-0.4,harmful,0,1,remote,0,35,0.0,0.0,0.0,0.0,0.0,0.0,0.0,0.0,3.5,3.25,3.5
LCwSUVuTyvg_2,LCwSUVuTyvg,2-5s,4.0,300.0,0.0,0.4,-0.4,harmful,0,2,remote,0,35,0.0,0.0,0.0,0.0,0.0,0.0,0.0,0.0,3.5,3.25,3.5
LCwSUVuTyvg_2,LCwSUVuTyvg,2-5s,4.0,300.0,0.0,0.4,-0.4,harmful,0,3,remote,0,35,0.0,0.0,0.0,0.0,0.0,0.0,0.0,0.0,3.5,3.25,3.5
LCwSUVuTyvg_2,LCwSUVuTyvg,2-5s,4.0,300.0,0.0,0.4,-0.4,harmful,0,4,remote,0,35,0.0,0.0,1.0,-100.0,0.0,0.0,0.0,0.0,3.5,3.25,3.5
LCwSUVuTyvg_2,LCwSUVuTyvg,2-5s,4.0,300.0,0.0,0.4,-0.4,harmful,0,5,remote,0,35,0.0,0.0,0.0,0.0,0.0,0.0,0.0,0.0,3.5,3.25,3.5
LCwSUVuTyvg_2,LCwSUVuTyvg,2-5s,4.0,300.0,0.0,0.4,-0.4,harmful,0,6,remote,0,35,0.0,0.0,0.0,0.0,0.0,0.0,0.0,0.0,3.5,3.25,3.5
LCwSUVuTyvg_2,LCwSUVuTyvg,2-5s,4.0,300.0,0.0,0.4,-0.4,harmful,0,7,remote,0,35,0.0,0.0,0.0,0.0,0.0,0.0,0.0,0.0,3.5,3.25,3.5
LCwSUVuTyvg_2,LCwSUVuTyvg,2-5s,4.0,300.0,0.0,0.4,-0.4,harmful,0,8,remote,0,35,0.0,0.0,0.0,0.0,0.0,0.0,0.0,0.0,3.5,3.25,3.5
LCwSUVuTyvg_2,LCwSUVuTyvg,2-5s,4.0,300.0,0.0,0.4,-0.4,harmful,0,9,remote,0,35,0.0,0.0,0.0,0.0,0.0,0.0,0.0,0.0,3.5,3.25,3.5
LP_DzNUkAKY_1,LP_DzNUkAKY,0-2s,1.0,300.0,0.0,1.0,-1.0,harmful,0,0,remote,0,3,1.0,1.0,1.0,0.0,0.0,0.0,0.0,0.0,12.0,12.0,12.0
LP_DzNUkAKY_1,LP_DzNUkAKY,0-2s,1.0,300.0,0.0,1.0,-1.0,harmful,0,1,remote,0,3,1.0,1.0,1.0,0.0,0.0,0.0,0.0,0.0,12.0,12.0,12.0
LP_DzNUkAKY_1,LP_DzNUkAKY,0-2s,1.0,300.0,0.0,1.0,-1.0,harmful,0,2,remote,0,3,1.0,1.0,1.0,0.0,0.0,0.0,0.0,0.0,12.0,12.0,12.0
LP_DzNUkAKY_1,LP_DzNUkAKY,0-2s,1.0,300.0,0.0,1.0,-1.0,harmful,0,3,remote,0,3,1.0,1.0,1.0,0.0,0.0,0.0,0.0,0.0,12.0,12.0,12.0
LP_DzNUkAKY_1,LP_DzNUkAKY,0-2s,1.0,300.0,0.0,1.0,-1.0,harmful,0,4,remote,0,3,1.0,1.0,1.0,0.0,0.0,0.0,0.0,0.0,12.0,12.0,12.0
LP_DzNUkAKY_1,LP_DzNUkAKY,0-2s,1.0,300.0,0.0,1.0,-1.0,harmful,0,5,remote,0,3,1.0,1.0,1.0,0.0,0.0,0.0,0.0,0.0,12.0,12.0,12.0
LP_DzNUkAKY_1,LP_DzNUkAKY,0-2s,1.0,300.0,0.0,1.0,-1.0,harmful,0,6,remote,0,3,1.0,1.0,1.0,0.0,0.0,0.0,0.0,0.0,12.0,12.0,12.0
LP_DzNUkAKY_1,LP_DzNUkAKY,0-2s,1.0,300.0,0.0,1.0,-1.0,harmful,0,7,remote,0,3,1.0,1.0,1.0,0.0,0.0,0.0,0.0,0.0,12.0,12.0,12.0
LP_DzNUkAKY_1,LP_DzNUkAKY,0-2s,1.0,300.0,0.0,1.0,-1.0,harmful,0,8,remote,0,3,1.0,1.0,1.0,0.0,0.0,0.0,0.0,0.0,12.0,12.0,12.0
LP_DzNUkAKY_1,LP_DzNUkAKY,0-2s,1.0,300.0,0.0,1.0,-1.0,harmful,0,9,remote,0,3,1.0,1.0,1.0,0.0,0.0,0.0,0.0,0.0,12.0,12.0,13.0
LP_DzNUkAKY_2,LP_DzNUkAKY,2-5s,4.0,300.0,0.0,1.0,-1.0,harmful,0,0,remote,0,2,1.0,1.0,1.0,0.0,0.0,0.0,0.0,0.0,2.5,2.5,2.5
LP_DzNUkAKY_2,LP_DzNUkAKY,2-5s,4.0,300.0,0.0,1.0,-1.0,harmful,0,1,remote,0,2,1.0,1.0,1.0,0.0,0.0,0.0,0.0,0.0,2.5,2.5,2.5
LP_DzNUkAKY_2,LP_DzNUkAKY,2-5s,4.0,300.0,0.0,1.0,-1.0,harmful,0,2,remote,0,2,1.0,1.0,1.0,0.0,0.0,0.0,0.0,0.0,2.5,2.5,2.5
LP_DzNUkAKY_2,LP_DzNUkAKY,2-5s,4.0,300.0,0.0,1.0,-1.0,harmful,0,3,remote,0,2,1.0,1.0,1.0,0.0,0.0,0.0,0.0,0.0,2.5,2.5,2.5
LP_DzNUkAKY_2,LP_DzNUkAKY,2-5s,4.0,300.0,0.0,1.0,-1.0,harmful,0,4,remote,0,2,1.0,1.0,1.0,0.0,0.0,0.0,0.0,0.0,2.5,2.5,2.5
LP_DzNUkAKY_2,LP_DzNUkAKY,2-5s,4.0,300.0,0.0,1.0,-1.0,harmful,0,5,remote,0,2,1.0,1.0,1.0,0.0,0.0,0.0,0.0,0.0,2.5,2.5,2.5
LP_DzNUkAKY_2,LP_DzNUkAKY,2-5s,4.0,300.0,0.0,1.0,-1.0,harmful,0,6,remote,0,2,1.0,1.0,1.0,0.0,0.0,0.0,0.0,0.0,2.5,2.5,2.5
LP_DzNUkAKY_2,LP_DzNUkAKY,2-5s,4.0,300.0,0.0,1.0,-1.0,harmful,0,7,remote,0,2,1.0,1.0,1.0,0.0,0.0,0.0,0.0,0.0,2.5,2.5,2.5
LP_DzNUkAKY_2,LP_DzNUkAKY,2-5s,4.0,300.0,0.0,1.0,-1.0,harmful,0,8,remote,0,2,1.0,1.0,1.0,0.0,0.0,0.0,0.0,0.0,2.5,2.5,2.5
LP_DzNUkAKY_2,LP_DzNUkAKY,2-5s,4.0,300.0,0.0,1.0,-1.0,harmful,0,9,remote,0,2,1.0,1.0,1.0,0.0,0.0,0.0,0.0,0.0,2.5,2.5,2.5
LVvS3s9dFKw_2,LVvS3s9dFKw,2-5s,3.0,226.0,0.0,0.5,-0.5,harmful,1,0,remote,0,3,0.0,0.0,0.0,0.0,0.0,0.0,0.0,0.0,3.3333333333333335,3.0,3.3333333333333335
LVvS3s9dFKw_2,LVvS3s9dFKw,2-5s,3.0,226.0,0.0,0.5,-0.5,harmful,1,1,remote,0,3,0.0,0.0,0.0,0.0,0.0,0.0,0.0,0.0,3.3333333333333335,3.0,3.3333333333333335
LVvS3s9dFKw_2,LVvS3s9dFKw,2-5s,3.0,226.0,0.0,0.5,-0.5,harmful,1,2,remote,0,3,0.0,0.0,0.0,0.0,0.0,0.0,0.0,0.0,3.3333333333333335,3.0,3.6666666666666665
LVvS3s9dFKw_2,LVvS3s9dFKw,2-5s,3.0,226.0,0.0,0.5,-0.5,harmful,1,3,remote,0,3,0.0,0.0,0.0,0.0,0.0,0.0,0.0,0.0,3.3333333333333335,3.0,3.6666666666666665
LVvS3s9dFKw_2,LVvS3s9dFKw,2-5s,3.0,226.0,0.0,0.5,-0.5,harmful,1,4,remote,0,3,0.0,0.0,0.0,0.0,0.0,0.0,0.0,0.0,3.3333333333333335,3.0,3.6666666666666665
LVvS3s9dFKw_2,LVvS3s9dFKw,2-5s,3.0,226.0,0.0,0.5,-0.5,harmful,1,5,remote,0,3,0.0,0.0,0.0,0.0,0.0,0.0,0.0,0.0,3.3333333333333335,3.0,3.6666666666666665
LVvS3s9dFKw_2,LVvS3s9dFKw,2-5s,3.0,226.0,0.0,0.5,-0.5,harmful,1,6,remote,0,3,0.0,0.0,0.0,0.0,0.0,0.0,0.0,0.0,3.3333333333333335,3.0,3.6666666666666665
LVvS3s9dFKw_2,LVvS3s9dFKw,2-5s,3.0,226.0,0.0,0.5,-0.5,harmful,1,7,remote,0,3,0.0,0.0,0.0,0.0,0.0,0.0,0.0,0.0,3.3333333333333335,3.0,3.6666666666666665
LVvS3s9dFKw_2,LVvS3s9dFKw,2-5s,3.0,226.0,0.0,0.5,-0.5,harmful,1,8,remote,0,3,0.0,0.0,0.0,0.0,0.0,0.0,0.0,0.0,3.3333333333333335,3.0,3.3333333333333335
LVvS3s9dFKw_2,LVvS3s9dFKw,2-5s,3.0,226.0,0.0,0.5,-0.5,harmful,1,9,remote,0,3,0.0,0.0,0.0,0.0,0.0,0.0,0.0,0.0,3.3333333333333335,3.0,3.3333333333333335
LVvS3s9dFKw_3,LVvS3s9dFKw,2-5s,2.0,226.0,1.0,0.5,0.5,control,1,0,remote,0,3,0.0,0.0,0.0,0.0,0.0,0.0,0.0,0.0,5.0,4.0,5.0
LVvS3s9dFKw_3,LVvS3s9dFKw,2-5s,2.0,226.0,1.0,0.5,0.5,control,1,1,remote,0,3,0.0,0.0,0.0,0.0,0.0,0.0,0.0,0.0,5.0,4.0,5.0
LVvS3s9dFKw_3,LVvS3s9dFKw,2-5s,2.0,226.0,1.0,0.5,0.5,control,1,2,remote,0,3,0.0,0.0,0.0,0.0,0.0,0.0,0.0,0.0,5.0,4.0,4.5
LVvS3s9dFKw_3,LVvS3s9dFKw,2-5s,2.0,226.0,1.0,0.5,0.5,control,1,3,remote,0,3,0.0,0.0,0.0,0.0,0.0,0.0,0.0,0.0,5.0,4.0,5.0
LVvS3s9dFKw_3,LVvS3s9dFKw,2-5s,2.0,226.0,1.0,0.5,0.5,control,1,4,remote,0,3,0.0,0.0,0.0,0.0,0.0,0.0,0.0,0.0,5.0,4.0,5.0
LVvS3s9dFKw_3,LVvS3s9dFKw,2-5s,2.0,226.0,1.0,0.5,0.5,control,1,5,remote,0,3,0.0,0.0,0.0,0.0,0.0,0.0,0.0,0.0,5.0,4.0,4.5
LVvS3s9dFKw_3,LVvS3s9dFKw,2-5s,2.0,226.0,1.0,0.5,0.5,control,1,6,remote,0,3,0.0,0.0,0.0,0.0,0.0,0.0,0.0,0.0,5.0,4.0,5.0
LVvS3s9dFKw_3,LVvS3s9dFKw,2-5s,2.0,226.0,1.0,0.5,0.5,control,1,7,remote,0,3,0.0,0.0,0.0,0.0,0.0,0.0,0.0,0.0,5.0,4.0,4.5
LVvS3s9dFKw_3,LVvS3s9dFKw,2-5s,2.0,226.0,1.0,0.5,0.5,control,1,8,remote,0,3,0.0,0.0,0.0,0.0,0.0,0.0,0.0,0.0,5.0,4.0,5.0
LVvS3s9dFKw_3,LVvS3s9dFKw,2-5s,2.0,226.0,1.0,0.5,0.5,control,1,9,remote,0,3,0.0,0.0,0.0,0.0,0.0,0.0,0.0,0.0,5.0,4.0,5.0
LvMA1Wcgu3w_1,LvMA1Wcgu3w,2-5s,2.0,282.0,0.0,1.0,-1.0,harmful,0,0,adjacent,0,1,1.0,1.0,1.0,0.0,0.0,0.0,0.0,0.0,5.0,5.0,5.0
LvMA1Wcgu3w_1,LvMA1Wcgu3w,2-5s,2.0,282.0,0.0,1.0,-1.0,harmful,0,1,adjacent,0,1,1.0,1.0,1.0,0.0,0.0,0.0,0.0,0.0,5.0,5.0,5.0
LvMA1Wcgu3w_1,LvMA1Wcgu3w,2-5s,2.0,282.0,0.0,1.0,-1.0,harmful,0,2,adjacent,0,1,1.0,1.0,1.0,0.0,0.0,0.0,0.0,0.0,5.0,5.0,5.0
LvMA1Wcgu3w_1,LvMA1Wcgu3w,2-5s,2.0,282.0,0.0,1.0,-1.0,harmful,0,3,adjacent,0,1,1.0,1.0,1.0,0.0,0.0,0.0,0.0,0.0,5.0,5.0,5.0
LvMA1Wcgu3w_1,LvMA1Wcgu3w,2-5s,2.0,282.0,0.0,1.0,-1.0,harmful,0,4,adjacent,0,1,1.0,1.0,1.0,0.0,0.0,0.0,0.0,0.0,5.0,5.0,5.0
LvMA1Wcgu3w_1,LvMA1Wcgu3w,2-5s,2.0,282.0,0.0,1.0,-1.0,harmful,0,5,adjacent,0,1,1.0,1.0,1.0,0.0,0.0,0.0,0.0,0.0,5.0,5.0,5.0
LvMA1Wcgu3w_1,LvMA1Wcgu3w,2-5s,2.0,282.0,0.0,1.0,-1.0,harmful,0,6,adjacent,0,1,1.0,1.0,1.0,0.0,0.0,0.0,0.0,0.0,5.0,5.0,5.0
LvMA1Wcgu3w_1,LvMA1Wcgu3w,2-5s,2.0,282.0,0.0,1.0,-1.0,harmful,0,7,adjacent,0,1,1.0,1.0,1.0,0.0,0.0,0.0,0.0,0.0,5.0,5.0,5.0
LvMA1Wcgu3w_1,LvMA1Wcgu3w,2-5s,2.0,282.0,0.0,1.0,-1.0,harmful,0,8,adjacent,0,1,1.0,1.0,1.0,0.0,0.0,0.0,0.0,0.0,5.0,5.0,5.0
LvMA1Wcgu3w_1,LvMA1Wcgu3w,2-5s,2.0,282.0,0.0,1.0,-1.0,harmful,0,9,adjacent,0,1,1.0,1.0,1.0,0.0,0.0,0.0,0.0,0.0,5.0,5.0,5.0
MBP4RcnwGZw_1,MBP4RcnwGZw,2-5s,3.0,61.0,1.0,1.0,0.0,control,0,0,adjacent,0,2,1.0,1.0,1.0,0.0,0.0,0.0,0.0,0.0,1.6666666666666667,2.0,1.6666666666666667
MBP4RcnwGZw_1,MBP4RcnwGZw,2-5s,3.0,61.0,1.0,1.0,0.0,control,0,1,adjacent,0,2,1.0,1.0,1.0,0.0,0.0,0.0,0.0,0.0,1.6666666666666667,2.0,1.6666666666666667
MBP4RcnwGZw_1,MBP4RcnwGZw,2-5s,3.0,61.0,1.0,1.0,0.0,control,0,2,adjacent,0,2,1.0,1.0,1.0,0.0,0.0,0.0,0.0,0.0,1.6666666666666667,2.0,1.6666666666666667
MBP4RcnwGZw_1,MBP4RcnwGZw,2-5s,3.0,61.0,1.0,1.0,0.0,control,0,3,adjacent,0,2,1.0,1.0,1.0,0.0,0.0,0.0,0.0,0.0,1.6666666666666667,2.0,1.6666666666666667
MBP4RcnwGZw_1,MBP4RcnwGZw,2-5s,3.0,61.0,1.0,1.0,0.0,control,0,4,adjacent,0,2,1.0,1.0,1.0,0.0,0.0,0.0,0.0,0.0,1.6666666666666667,2.0,1.6666666666666667
MBP4RcnwGZw_1,MBP4RcnwGZw,2-5s,3.0,61.0,1.0,1.0,0.0,control,0,5,adjacent,0,2,1.0,1.0,1.0,0.0,0.0,0.0,0.0,0.0,1.6666666666666667,2.0,1.6666666666666667
MBP4RcnwGZw_1,MBP4RcnwGZw,2-5s,3.0,61.0,1.0,1.0,0.0,control,0,6,adjacent,0,2,1.0,1.0,1.0,0.0,0.0,0.0,0.0,0.0,1.6666666666666667,2.0,1.6666666666666667
MBP4RcnwGZw_1,MBP4RcnwGZw,2-5s,3.0,61.0,1.0,1.0,0.0,control,0,7,adjacent,0,2,1.0,1.0,1.0,0.0,0.0,0.0,0.0,0.0,1.6666666666666667,2.0,1.6666666666666667
MBP4RcnwGZw_1,MBP4RcnwGZw,2-5s,3.0,61.0,1.0,1.0,0.0,control,0,8,adjacent,0,2,1.0,1.0,1.0,0.0,0.0,0.0,0.0,0.0,1.6666666666666667,2.0,1.6666666666666667
MBP4RcnwGZw_1,MBP4RcnwGZw,2-5s,3.0,61.0,1.0,1.0,0.0,control,0,9,adjacent,0,2,1.0,1.0,1.0,0.0,0.0,0.0,0.0,0.0,1.6666666666666667,2.0,1.6666666666666667
MPLZUg89y5U_2,MPLZUg89y5U,0-2s,1.0,300.0,1.0,0.0,1.0,control,1,0,remote,0,6,0.0,0.0,0.0,0.0,0.0,0.0,0.0,0.0,32.0,32.0,32.0
MPLZUg89y5U_2,MPLZUg89y5U,0-2s,1.0,300.0,1.0,0.0,1.0,control,1,1,remote,0,6,0.0,0.0,0.0,0.0,0.0,0.0,0.0,0.0,32.0,32.0,32.0
MPLZUg89y5U_2,MPLZUg89y5U,0-2s,1.0,300.0,1.0,0.0,1.0,control,1,2,remote,0,6,0.0,0.0,0.0,0.0,0.0,0.0,0.0,0.0,32.0,32.0,32.0
MPLZUg89y5U_2,MPLZUg89y5U,0-2s,1.0,300.0,1.0,0.0,1.0,control,1,3,remote,0,6,0.0,0.0,0.0,0.0,0.0,0.0,0.0,0.0,32.0,32.0,32.0
MPLZUg89y5U_2,MPLZUg89y5U,0-2s,1.0,300.0,1.0,0.0,1.0,control,1,4,remote,0,6,0.0,0.0,0.0,0.0,0.0,0.0,0.0,0.0,32.0,32.0,32.0
MPLZUg89y5U_2,MPLZUg89y5U,0-2s,1.0,300.0,1.0,0.0,1.0,control,1,5,remote,0,6,0.0,0.0,0.0,0.0,0.0,0.0,0.0,0.0,32.0,32.0,32.0
MPLZUg89y5U_2,MPLZUg89y5U,0-2s,1.0,300.0,1.0,0.0,1.0,control,1,6,remote,0,6,0.0,0.0,0.0,0.0,0.0,0.0,0.0,0.0,32.0,32.0,32.0
MPLZUg89y5U_2,MPLZUg89y5U,0-2s,1.0,300.0,1.0,0.0,1.0,control,1,7,remote,0,6,0.0,0.0,0.0,0.0,0.0,0.0,0.0,0.0,32.0,32.0,32.0
MPLZUg89y5U_2,MPLZUg89y5U,0-2s,1.0,300.0,1.0,0.0,1.0,control,1,8,remote,0,6,0.0,0.0,0.0,0.0,0.0,0.0,0.0,0.0,32.0,32.0,31.0
MPLZUg89y5U_2,MPLZUg89y5U,0-2s,1.0,300.0,1.0,0.0,1.0,control,1,9,remote,0,6,0.0,0.0,0.0,0.0,0.0,0.0,0.0,0.0,32.0,32.0,32.0
MVGhC-xB79s_2,MVGhC-xB79s,2-5s,2.0,268.0,1.0,0.3,0.7,control,1,0,remote,0,4,0.0,0.0,0.0,0.0,0.0,0.0,0.0,0.0,5.0,5.0,5.0
MVGhC-xB79s_2,MVGhC-xB79s,2-5s,2.0,268.0,1.0,0.3,0.7,control,1,1,remote,0,4,0.0,0.0,0.0,0.0,0.0,0.0,0.0,0.0,5.0,5.0,5.0
MVGhC-xB79s_2,MVGhC-xB79s,2-5s,2.0,268.0,1.0,0.3,0.7,control,1,2,remote,0,4,0.0,0.0,0.0,0.0,0.0,0.0,0.0,0.0,5.0,5.0,5.0
MVGhC-xB79s_2,MVGhC-xB79s,2-5s,2.0,268.0,1.0,0.3,0.7,control,1,3,remote,0,4,0.0,0.0,0.0,0.0,0.0,0.0,0.0,0.0,5.0,5.0,5.0
MVGhC-xB79s_2,MVGhC-xB79s,2-5s,2.0,268.0,1.0,0.3,0.7,control,1,4,remote,0,4,0.0,0.0,0.0,0.0,0.0,0.0,0.0,0.0,5.0,5.0,5.0
MVGhC-xB79s_2,MVGhC-xB79s,2-5s,2.0,268.0,1.0,0.3,0.7,control,1,5,remote,0,4,0.0,0.0,0.0,0.0,0.0,0.0,0.0,0.0,5.0,5.0,5.0
MVGhC-xB79s_2,MVGhC-xB79s,2-5s,2.0,268.0,1.0,0.3,0.7,control,1,6,remote,0,4,0.0,0.0,0.0,0.0,0.0,0.0,0.0,0.0,5.0,5.0,4.5
MVGhC-xB79s_2,MVGhC-xB79s,2-5s,2.0,268.0,1.0,0.3,0.7,control,1,7,remote,0,4,0.0,0.0,0.0,0.0,0.0,0.0,0.0,0.0,5.0,5.0,4.5
MVGhC-xB79s_2,MVGhC-xB79s,2-5s,2.0,268.0,1.0,0.3,0.7,control,1,8,remote,0,4,0.0,0.0,0.0,0.0,0.0,0.0,0.0,0.0,5.0,5.0,4.5
MVGhC-xB79s_2,MVGhC-xB79s,2-5s,2.0,268.0,1.0,0.3,0.7,control,1,9,remote,0,4,0.0,0.0,0.0,0.0,0.0,0.0,0.0,0.0,5.0,5.0,5.0
MdlEswBfZMQ_2,MdlEswBfZMQ,2-5s,2.0,120.0,0.0,0.0,0.0,control,1,0,remote,0,6,0.0,0.0,0.0,0.0,0.0,0.0,0.0,0.0,1.5,2.0,1.5
MdlEswBfZMQ_2,MdlEswBfZMQ,2-5s,2.0,120.0,0.0,0.0,0.0,control,1,1,remote,0,6,0.0,0.0,0.0,0.0,0.0,0.0,0.0,0.0,1.5,2.0,1.5
MdlEswBfZMQ_2,MdlEswBfZMQ,2-5s,2.0,120.0,0.0,0.0,0.0,control,1,2,remote,0,6,0.0,0.0,0.0,0.0,0.0,0.0,0.0,0.0,1.5,2.0,1.5
MdlEswBfZMQ_2,MdlEswBfZMQ,2-5s,2.0,120.0,0.0,0.0,0.0,control,1,3,remote,0,6,0.0,0.0,0.0,0.0,0.0,0.0,0.0,0.0,1.5,2.0,1.5
MdlEswBfZMQ_2,MdlEswBfZMQ,2-5s,2.0,120.0,0.0,0.0,0.0,control,1,4,remote,0,6,0.0,0.0,0.0,0.0,0.0,0.0,0.0,0.0,1.5,2.0,2.0
MdlEswBfZMQ_2,MdlEswBfZMQ,2-5s,2.0,120.0,0.0,0.0,0.0,control,1,5,remote,0,6,0.0,0.0,0.0,0.0,0.0,0.0,0.0,0.0,1.5,2.0,2.0
MdlEswBfZMQ_2,MdlEswBfZMQ,2-5s,2.0,120.0,0.0,0.0,0.0,control,1,6,remote,0,6,0.0,0.0,0.0,0.0,0.0,0.0,0.0,0.0,1.5,2.0,2.0
MdlEswBfZMQ_2,MdlEswBfZMQ,2-5s,2.0,120.0,0.0,0.0,0.0,control,1,7,remote,0,6,0.0,0.0,0.0,0.0,0.0,0.0,0.0,0.0,1.5,2.0,2.0
MdlEswBfZMQ_2,MdlEswBfZMQ,2-5s,2.0,120.0,0.0,0.0,0.0,control,1,8,remote,0,6,0.0,0.0,0.0,0.0,0.0,0.0,0.0,0.0,1.5,2.0,1.5
MdlEswBfZMQ_2,MdlEswBfZMQ,2-5s,2.0,120.0,0.0,0.0,0.0,control,1,9,remote,0,6,0.0,0.0,0.0,0.0,0.0,0.0,0.0,0.0,1.5,2.0,1.5
MkbP_8zJwXU_2,MkbP_8zJwXU,2-5s,2.0,99.0,0.0,0.9,-0.9,harmful,0,0,remote,0,12,0.0,1.0,0.0,100.0,0.0,0.0,0.0,0.0,2.5,3.5,2.5
MkbP_8zJwXU_2,MkbP_8zJwXU,2-5s,2.0,99.0,0.0,0.9,-0.9,harmful,0,1,remote,0,12,0.0,1.0,0.0,100.0,0.0,0.0,0.0,0.0,2.5,3.5,2.5
MkbP_8zJwXU_2,MkbP_8zJwXU,2-5s,2.0,99.0,0.0,0.9,-0.9,harmful,0,2,remote,0,12,0.0,1.0,0.0,100.0,0.0,0.0,0.0,0.0,2.5,3.5,2.5
MkbP_8zJwXU_2,MkbP_8zJwXU,2-5s,2.0,99.0,0.0,0.9,-0.9,harmful,0,3,remote,0,12,0.0,1.0,0.0,100.0,0.0,0.0,0.0,0.0,2.5,3.5,2.5
MkbP_8zJwXU_2,MkbP_8zJwXU,2-5s,2.0,99.0,0.0,0.9,-0.9,harmful,0,4,remote,0,12,0.0,1.0,0.0,100.0,0.0,0.0,0.0,0.0,2.5,3.5,2.5
MkbP_8zJwXU_2,MkbP_8zJwXU,2-5s,2.0,99.0,0.0,0.9,-0.9,harmful,0,5,remote,0,12,0.0,1.0,0.0,100.0,0.0,0.0,0.0,0.0,2.5,3.5,2.5
MkbP_8zJwXU_2,MkbP_8zJwXU,2-5s,2.0,99.0,0.0,0.9,-0.9,harmful,0,6,remote,0,12,0.0,1.0,0.0,100.0,0.0,0.0,0.0,0.0,2.5,3.5,2.5
MkbP_8zJwXU_2,MkbP_8zJwXU,2-5s,2.0,99.0,0.0,0.9,-0.9,harmful,0,7,remote,0,12,0.0,1.0,0.0,100.0,0.0,0.0,0.0,0.0,2.5,3.5,2.5
MkbP_8zJwXU_2,MkbP_8zJwXU,2-5s,2.0,99.0,0.0,0.9,-0.9,harmful,0,8,remote,0,12,0.0,1.0,0.0,100.0,0.0,0.0,0.0,0.0,2.5,3.5,2.5
MkbP_8zJwXU_2,MkbP_8zJwXU,2-5s,2.0,99.0,0.0,0.9,-0.9,harmful,0,9,remote,0,12,0.0,1.0,0.0,100.0,0.0,0.0,0.0,0.0,2.5,3.5,2.5
MvHpNzDpC6Q_1,MvHpNzDpC6Q,2-5s,2.0,82.0,1.0,1.0,0.0,control,0,0,adjacent,0,2,1.0,1.0,1.0,0.0,0.0,0.0,0.0,0.0,1.5,1.5,1.5
MvHpNzDpC6Q_1,MvHpNzDpC6Q,2-5s,2.0,82.0,1.0,1.0,0.0,control,0,1,adjacent,0,2,1.0,1.0,1.0,0.0,0.0,0.0,0.0,0.0,1.5,1.5,1.5
MvHpNzDpC6Q_1,MvHpNzDpC6Q,2-5s,2.0,82.0,1.0,1.0,0.0,control,0,2,adjacent,0,2,1.0,1.0,1.0,0.0,0.0,0.0,0.0,0.0,1.5,1.5,1.5
MvHpNzDpC6Q_1,MvHpNzDpC6Q,2-5s,2.0,82.0,1.0,1.0,0.0,control,0,3,adjacent,0,2,1.0,1.0,1.0,0.0,0.0,0.0,0.0,0.0,1.5,1.5,1.5
MvHpNzDpC6Q_1,MvHpNzDpC6Q,2-5s,2.0,82.0,1.0,1.0,0.0,control,0,4,adjacent,0,2,1.0,1.0,1.0,0.0,0.0,0.0,0.0,0.0,1.5,1.5,1.5
MvHpNzDpC6Q_1,MvHpNzDpC6Q,2-5s,2.0,82.0,1.0,1.0,0.0,control,0,5,adjacent,0,2,1.0,1.0,1.0,0.0,0.0,0.0,0.0,0.0,1.5,1.5,1.5
MvHpNzDpC6Q_1,MvHpNzDpC6Q,2-5s,2.0,82.0,1.0,1.0,0.0,control,0,6,adjacent,0,2,1.0,1.0,1.0,0.0,0.0,0.0,0.0,0.0,1.5,1.5,1.5
MvHpNzDpC6Q_1,MvHpNzDpC6Q,2-5s,2.0,82.0,1.0,1.0,0.0,control,0,7,adjacent,0,2,1.0,1.0,1.0,0.0,0.0,0.0,0.0,0.0,1.5,1.5,1.5
MvHpNzDpC6Q_1,MvHpNzDpC6Q,2-5s,2.0,82.0,1.0,1.0,0.0,control,0,8,adjacent,0,2,1.0,1.0,1.0,0.0,0.0,0.0,0.0,0.0,1.5,1.5,1.5
MvHpNzDpC6Q_1,MvHpNzDpC6Q,2-5s,2.0,82.0,1.0,1.0,0.0,control,0,9,adjacent,0,2,1.0,1.0,1.0,0.0,0.0,0.0,0.0,0.0,1.5,1.5,1.5
N_s9F4CI_98_2,N_s9F4CI_98,2-5s,3.0,299.0,1.0,1.0,0.0,control,0,0,remote,0,2,1.0,1.0,1.0,0.0,0.0,0.0,0.0,0.0,3.0,3.0,3.0
N_s9F4CI_98_2,N_s9F4CI_98,2-5s,3.0,299.0,1.0,1.0,0.0,control,0,1,remote,0,2,1.0,1.0,1.0,0.0,0.0,0.0,0.0,0.0,3.0,3.0,3.0
N_s9F4CI_98_2,N_s9F4CI_98,2-5s,3.0,299.0,1.0,1.0,0.0,control,0,2,remote,0,2,1.0,1.0,1.0,0.0,0.0,0.0,0.0,0.0,3.0,3.0,3.0
N_s9F4CI_98_2,N_s9F4CI_98,2-5s,3.0,299.0,1.0,1.0,0.0,control,0,3,remote,0,2,1.0,1.0,1.0,0.0,0.0,0.0,0.0,0.0,3.0,3.0,3.0
N_s9F4CI_98_2,N_s9F4CI_98,2-5s,3.0,299.0,1.0,1.0,0.0,control,0,4,remote,0,2,1.0,1.0,1.0,0.0,0.0,0.0,0.0,0.0,3.0,3.0,3.0
N_s9F4CI_98_2,N_s9F4CI_98,2-5s,3.0,299.0,1.0,1.0,0.0,control,0,5,remote,0,2,1.0,1.0,1.0,0.0,0.0,0.0,0.0,0.0,3.0,3.0,3.0
N_s9F4CI_98_2,N_s9F4CI_98,2-5s,3.0,299.0,1.0,1.0,0.0,control,0,6,remote,0,2,1.0,1.0,1.0,0.0,0.0,0.0,0.0,0.0,3.0,3.0,3.0
N_s9F4CI_98_2,N_s9F4CI_98,2-5s,3.0,299.0,1.0,1.0,0.0,control,0,7,remote,0,2,1.0,1.0,1.0,0.0,0.0,0.0,0.0,0.0,3.0,3.0,3.0
N_s9F4CI_98_2,N_s9F4CI_98,2-5s,3.0,299.0,1.0,1.0,0.0,control,0,8,remote,0,2,1.0,1.0,1.0,0.0,0.0,0.0,0.0,0.0,3.0,3.0,3.0
N_s9F4CI_98_2,N_s9F4CI_98,2-5s,3.0,299.0,1.0,1.0,0.0,control,0,9,remote,0,2,1.0,1.0,1.0,0.0,0.0,0.0,0.0,0.0,3.0,3.0,3.0
NeWW30WZjPc_1,NeWW30WZjPc,0-2s,1.0,128.0,0.0,0.0,0.0,control,1,0,remote,0,1,0.0,0.0,0.0,0.0,0.0,0.0,0.0,0.0,6.0,7.0,5.0
NeWW30WZjPc_1,NeWW30WZjPc,0-2s,1.0,128.0,0.0,0.0,0.0,control,1,1,remote,0,1,0.0,0.0,0.0,0.0,0.0,0.0,0.0,0.0,6.0,7.0,6.0
NeWW30WZjPc_1,NeWW30WZjPc,0-2s,1.0,128.0,0.0,0.0,0.0,control,1,2,remote,0,1,0.0,0.0,0.0,0.0,0.0,0.0,0.0,0.0,6.0,7.0,5.0
NeWW30WZjPc_1,NeWW30WZjPc,0-2s,1.0,128.0,0.0,0.0,0.0,control,1,3,remote,0,1,0.0,0.0,0.0,0.0,0.0,0.0,0.0,0.0,6.0,7.0,6.0
NeWW30WZjPc_1,NeWW30WZjPc,0-2s,1.0,128.0,0.0,0.0,0.0,control,1,4,remote,0,1,0.0,0.0,0.0,0.0,0.0,0.0,0.0,0.0,6.0,7.0,6.0
NeWW30WZjPc_1,NeWW30WZjPc,0-2s,1.0,128.0,0.0,0.0,0.0,control,1,5,remote,0,1,0.0,0.0,0.0,0.0,0.0,0.0,0.0,0.0,6.0,7.0,6.0
NeWW30WZjPc_1,NeWW30WZjPc,0-2s,1.0,128.0,0.0,0.0,0.0,control,1,6,remote,0,1,0.0,0.0,0.0,0.0,0.0,0.0,0.0,0.0,6.0,7.0,6.0
NeWW30WZjPc_1,NeWW30WZjPc,0-2s,1.0,128.0,0.0,0.0,0.0,control,1,7,remote,0,1,0.0,0.0,0.0,0.0,0.0,0.0,0.0,0.0,6.0,7.0,5.0
NeWW30WZjPc_1,NeWW30WZjPc,0-2s,1.0,128.0,0.0,0.0,0.0,control,1,8,remote,0,1,0.0,0.0,0.0,0.0,0.0,0.0,0.0,0.0,6.0,7.0,6.0
NeWW30WZjPc_1,NeWW30WZjPc,0-2s,1.0,128.0,0.0,0.0,0.0,control,1,9,remote,0,1,0.0,0.0,0.0,0.0,0.0,0.0,0.0,0.0,6.0,7.0,6.0
Ni3dIj90Oa4_2,Ni3dIj90Oa4,2-5s,3.0,299.0,0.0,0.2,-0.2,harmful,1,0,remote,0,18,0.0,1.0,0.0,100.0,0.0,0.0,0.0,0.0,4.333333333333333,4.0,4.333333333333333
Ni3dIj90Oa4_2,Ni3dIj90Oa4,2-5s,3.0,299.0,0.0,0.2,-0.2,harmful,1,1,remote,0,18,0.0,1.0,0.0,100.0,0.0,0.0,0.0,0.0,4.333333333333333,4.0,4.666666666666667
Ni3dIj90Oa4_2,Ni3dIj90Oa4,2-5s,3.0,299.0,0.0,0.2,-0.2,harmful,1,2,remote,0,18,0.0,1.0,0.0,100.0,0.0,0.0,0.0,0.0,4.333333333333333,4.0,4.333333333333333
Ni3dIj90Oa4_2,Ni3dIj90Oa4,2-5s,3.0,299.0,0.0,0.2,-0.2,harmful,1,3,remote,0,18,0.0,1.0,0.0,100.0,0.0,0.0,0.0,0.0,4.333333333333333,4.0,4.333333333333333
Ni3dIj90Oa4_2,Ni3dIj90Oa4,2-5s,3.0,299.0,0.0,0.2,-0.2,harmful,1,4,remote,0,18,0.0,1.0,0.0,100.0,0.0,0.0,0.0,0.0,4.333333333333333,4.0,4.333333333333333
Ni3dIj90Oa4_2,Ni3dIj90Oa4,2-5s,3.0,299.0,0.0,0.2,-0.2,harmful,1,5,remote,0,18,0.0,1.0,0.0,100.0,0.0,0.0,0.0,0.0,4.333333333333333,4.0,4.333333333333333
Ni3dIj90Oa4_2,Ni3dIj90Oa4,2-5s,3.0,299.0,0.0,0.2,-0.2,harmful,1,6,remote,0,18,0.0,1.0,0.0,100.0,0.0,0.0,0.0,0.0,4.333333333333333,4.0,4.666666666666667
Ni3dIj90Oa4_2,Ni3dIj90Oa4,2-5s,3.0,299.0,0.0,0.2,-0.2,harmful,1,7,remote,0,18,0.0,1.0,0.0,100.0,0.0,0.0,0.0,0.0,4.333333333333333,4.0,4.666666666666667
Ni3dIj90Oa4_2,Ni3dIj90Oa4,2-5s,3.0,299.0,0.0,0.2,-0.2,harmful,1,8,remote,0,18,0.0,1.0,0.0,100.0,0.0,0.0,0.0,0.0,4.333333333333333,4.0,4.666666666666667
Ni3dIj90Oa4_2,Ni3dIj90Oa4,2-5s,3.0,299.0,0.0,0.2,-0.2,harmful,1,9,remote,0,18,0.0,1.0,0.0,100.0,0.0,0.0,0.0,0.0,4.333333333333333,4.0,4.333333333333333
NlKlRKz8OKI_1,NlKlRKz8OKI,2-5s,4.0,299.0,1.0,1.0,0.0,control,0,0,remote,0,11,1.0,1.0,1.0,0.0,0.0,0.0,0.0,0.0,3.0,2.75,3.0
NlKlRKz8OKI_1,NlKlRKz8OKI,2-5s,4.0,299.0,1.0,1.0,0.0,control,0,1,remote,0,11,1.0,1.0,1.0,0.0,0.0,0.0,0.0,0.0,3.0,2.75,3.0
NlKlRKz8OKI_1,NlKlRKz8OKI,2-5s,4.0,299.0,1.0,1.0,0.0,control,0,2,remote,0,11,1.0,1.0,1.0,0.0,0.0,0.0,0.0,0.0,3.0,2.75,3.0
NlKlRKz8OKI_1,NlKlRKz8OKI,2-5s,4.0,299.0,1.0,1.0,0.0,control,0,3,remote,0,11,1.0,1.0,1.0,0.0,0.0,0.0,0.0,0.0,3.0,2.75,3.0
NlKlRKz8OKI_1,NlKlRKz8OKI,2-5s,4.0,299.0,1.0,1.0,0.0,control,0,4,remote,0,11,1.0,1.0,1.0,0.0,0.0,0.0,0.0,0.0,3.0,2.75,3.5
NlKlRKz8OKI_1,NlKlRKz8OKI,2-5s,4.0,299.0,1.0,1.0,0.0,control,0,5,remote,0,11,1.0,1.0,1.0,0.0,0.0,0.0,0.0,0.0,3.0,2.75,3.0
NlKlRKz8OKI_1,NlKlRKz8OKI,2-5s,4.0,299.0,1.0,1.0,0.0,control,0,6,remote,0,11,1.0,1.0,1.0,0.0,0.0,0.0,0.0,0.0,3.0,2.75,3.0
NlKlRKz8OKI_1,NlKlRKz8OKI,2-5s,4.0,299.0,1.0,1.0,0.0,control,0,7,remote,0,11,1.0,1.0,1.0,0.0,0.0,0.0,0.0,0.0,3.0,2.75,3.0
NlKlRKz8OKI_1,NlKlRKz8OKI,2-5s,4.0,299.0,1.0,1.0,0.0,control,0,8,remote,0,11,1.0,1.0,1.0,0.0,0.0,0.0,0.0,0.0,3.0,2.75,3.5
NlKlRKz8OKI_1,NlKlRKz8OKI,2-5s,4.0,299.0,1.0,1.0,0.0,control,0,9,remote,0,11,1.0,1.0,1.0,0.0,0.0,0.0,0.0,0.0,3.0,2.75,3.0
NlKlRKz8OKI_2,NlKlRKz8OKI,2-5s,2.0,299.0,0.0,0.9,-0.9,harmful,0,0,remote,0,1,1.0,1.0,1.0,0.0,0.0,0.0,0.0,0.0,4.5,4.0,4.5
NlKlRKz8OKI_2,NlKlRKz8OKI,2-5s,2.0,299.0,0.0,0.9,-0.9,harmful,0,1,remote,0,1,1.0,1.0,1.0,0.0,0.0,0.0,0.0,0.0,4.5,4.0,4.5
NlKlRKz8OKI_2,NlKlRKz8OKI,2-5s,2.0,299.0,0.0,0.9,-0.9,harmful,0,2,remote,0,1,1.0,1.0,1.0,0.0,0.0,0.0,0.0,0.0,4.5,4.0,4.5
NlKlRKz8OKI_2,NlKlRKz8OKI,2-5s,2.0,299.0,0.0,0.9,-0.9,harmful,0,3,remote,0,1,1.0,1.0,1.0,0.0,0.0,0.0,0.0,0.0,4.5,4.0,4.5
NlKlRKz8OKI_2,NlKlRKz8OKI,2-5s,2.0,299.0,0.0,0.9,-0.9,harmful,0,4,remote,0,1,1.0,1.0,1.0,0.0,0.0,0.0,0.0,0.0,4.5,4.0,4.5
NlKlRKz8OKI_2,NlKlRKz8OKI,2-5s,2.0,299.0,0.0,0.9,-0.9,harmful,0,5,remote,0,1,1.0,1.0,1.0,0.0,0.0,0.0,0.0,0.0,4.5,4.0,4.0
NlKlRKz8OKI_2,NlKlRKz8OKI,2-5s,2.0,299.0,0.0,0.9,-0.9,harmful,0,6,remote,0,1,1.0,1.0,1.0,0.0,0.0,0.0,0.0,0.0,4.5,4.0,4.5
NlKlRKz8OKI_2,NlKlRKz8OKI,2-5s,2.0,299.0,0.0,0.9,-0.9,harmful,0,7,remote,0,1,1.0,1.0,1.0,0.0,0.0,0.0,0.0,0.0,4.5,4.0,4.5
NlKlRKz8OKI_2,NlKlRKz8OKI,2-5s,2.0,299.0,0.0,0.9,-0.9,harmful,0,8,remote,0,1,1.0,1.0,1.0,0.0,0.0,0.0,0.0,0.0,4.5,4.0,4.0
NlKlRKz8OKI_2,NlKlRKz8OKI,2-5s,2.0,299.0,0.0,0.9,-0.9,harmful,0,9,remote,0,1,1.0,1.0,1.0,0.0,0.0,0.0,0.0,0.0,4.5,4.0,4.5
OMGHnJV0l2U_1,OMGHnJV0l2U,2-5s,2.0,299.0,1.0,0.3,0.7,control,1,0,remote,0,31,0.0,0.0,0.0,0.0,0.0,0.0,0.0,0.0,11.5,8.5,12.0
OMGHnJV0l2U_1,OMGHnJV0l2U,2-5s,2.0,299.0,1.0,0.3,0.7,control,1,1,remote,0,31,0.0,0.0,0.0,0.0,0.0,0.0,0.0,0.0,11.5,8.5,11.5
OMGHnJV0l2U_1,OMGHnJV0l2U,2-5s,2.0,299.0,1.0,0.3,0.7,control,1,2,remote,0,31,0.0,0.0,0.0,0.0,0.0,0.0,0.0,0.0,11.5,8.5,11.5
OMGHnJV0l2U_1,OMGHnJV0l2U,2-5s,2.0,299.0,1.0,0.3,0.7,control,1,3,remote,0,31,0.0,0.0,0.0,0.0,0.0,0.0,0.0,0.0,11.5,8.5,11.5
OMGHnJV0l2U_1,OMGHnJV0l2U,2-5s,2.0,299.0,1.0,0.3,0.7,control,1,4,remote,0,31,0.0,0.0,0.0,0.0,0.0,0.0,0.0,0.0,11.5,8.5,12.0
OMGHnJV0l2U_1,OMGHnJV0l2U,2-5s,2.0,299.0,1.0,0.3,0.7,control,1,5,remote,0,31,0.0,0.0,0.0,0.0,0.0,0.0,0.0,0.0,11.5,8.5,12.0
OMGHnJV0l2U_1,OMGHnJV0l2U,2-5s,2.0,299.0,1.0,0.3,0.7,control,1,6,remote,0,31,0.0,0.0,0.0,0.0,0.0,0.0,0.0,0.0,11.5,8.5,11.5
OMGHnJV0l2U_1,OMGHnJV0l2U,2-5s,2.0,299.0,1.0,0.3,0.7,control,1,7,remote,0,31,0.0,0.0,0.0,0.0,0.0,0.0,0.0,0.0,11.5,8.5,11.5
OMGHnJV0l2U_1,OMGHnJV0l2U,2-5s,2.0,299.0,1.0,0.3,0.7,control,1,8,remote,0,31,0.0,0.0,0.0,0.0,0.0,0.0,0.0,0.0,11.5,8.5,11.5
OMGHnJV0l2U_1,OMGHnJV0l2U,2-5s,2.0,299.0,1.0,0.3,0.7,control,1,9,remote,0,31,0.0,0.0,0.0,0.0,0.0,0.0,0.0,0.0,11.5,8.5,12.0
OUUckswAaNI_4,OUUckswAaNI,0-2s,1.0,260.0,1.0,0.7,0.30000000000000004,control,0,0,remote,0,8,1.0,0.0,0.0,0.0,0.0,0.0,0.0,0.0,6.0,6.0,6.0
OUUckswAaNI_4,OUUckswAaNI,0-2s,1.0,260.0,1.0,0.7,0.30000000000000004,control,0,1,remote,0,8,1.0,0.0,1.0,-100.0,0.0,0.0,0.0,0.0,6.0,6.0,6.0
OUUckswAaNI_4,OUUckswAaNI,0-2s,1.0,260.0,1.0,0.7,0.30000000000000004,control,0,2,remote,0,8,1.0,0.0,0.0,0.0,0.0,0.0,0.0,0.0,6.0,6.0,6.0
OUUckswAaNI_4,OUUckswAaNI,0-2s,1.0,260.0,1.0,0.7,0.30000000000000004,control,0,3,remote,0,8,1.0,0.0,0.0,0.0,0.0,0.0,0.0,0.0,6.0,6.0,7.0
OUUckswAaNI_4,OUUckswAaNI,0-2s,1.0,260.0,1.0,0.7,0.30000000000000004,control,0,4,remote,0,8,1.0,0.0,1.0,-100.0,0.0,0.0,0.0,0.0,6.0,6.0,6.0
OUUckswAaNI_4,OUUckswAaNI,0-2s,1.0,260.0,1.0,0.7,0.30000000000000004,control,0,5,remote,0,8,1.0,0.0,1.0,-100.0,0.0,0.0,0.0,0.0,6.0,6.0,6.0
OUUckswAaNI_4,OUUckswAaNI,0-2s,1.0,260.0,1.0,0.7,0.30000000000000004,control,0,6,remote,0,8,1.0,0.0,1.0,-100.0,0.0,0.0,0.0,0.0,6.0,6.0,6.0
OUUckswAaNI_4,OUUckswAaNI,0-2s,1.0,260.0,1.0,0.7,0.30000000000000004,control,0,7,remote,0,8,1.0,0.0,1.0,-100.0,0.0,0.0,0.0,0.0,6.0,6.0,6.0
OUUckswAaNI_4,OUUckswAaNI,0-2s,1.0,260.0,1.0,0.7,0.30000000000000004,control,0,8,remote,0,8,1.0,0.0,1.0,-100.0,0.0,0.0,0.0,0.0,6.0,6.0,6.0
OUUckswAaNI_4,OUUckswAaNI,0-2s,1.0,260.0,1.0,0.7,0.30000000000000004,control,0,9,remote,0,8,1.0,0.0,1.0,-100.0,0.0,0.0,0.0,0.0,6.0,6.0,6.0
ObWjGBJF_94_1,ObWjGBJF_94,2-5s,2.0,299.0,0.0,0.1,-0.1,harmful,1,0,remote,0,7,0.0,0.0,0.0,0.0,0.0,0.0,0.0,0.0,8.0,8.0,8.0
ObWjGBJF_94_1,ObWjGBJF_94,2-5s,2.0,299.0,0.0,0.1,-0.1,harmful,1,1,remote,0,7,0.0,0.0,0.0,0.0,0.0,0.0,0.0,0.0,8.0,8.0,8.0
ObWjGBJF_94_1,ObWjGBJF_94,2-5s,2.0,299.0,0.0,0.1,-0.1,harmful,1,2,remote,0,7,0.0,0.0,0.0,0.0,0.0,0.0,0.0,0.0,8.0,8.0,7.5
ObWjGBJF_94_1,ObWjGBJF_94,2-5s,2.0,299.0,0.0,0.1,-0.1,harmful,1,3,remote,0,7,0.0,0.0,0.0,0.0,0.0,0.0,0.0,0.0,8.0,8.0,8.0
ObWjGBJF_94_1,ObWjGBJF_94,2-5s,2.0,299.0,0.0,0.1,-0.1,harmful,1,4,remote,0,7,0.0,0.0,0.0,0.0,0.0,0.0,0.0,0.0,8.0,8.0,8.0
ObWjGBJF_94_1,ObWjGBJF_94,2-5s,2.0,299.0,0.0,0.1,-0.1,harmful,1,5,remote,0,7,0.0,0.0,0.0,0.0,0.0,0.0,0.0,0.0,8.0,8.0,8.0
ObWjGBJF_94_1,ObWjGBJF_94,2-5s,2.0,299.0,0.0,0.1,-0.1,harmful,1,6,remote,0,7,0.0,0.0,0.0,0.0,0.0,0.0,0.0,0.0,8.0,8.0,7.5
ObWjGBJF_94_1,ObWjGBJF_94,2-5s,2.0,299.0,0.0,0.1,-0.1,harmful,1,7,remote,0,7,0.0,0.0,0.0,0.0,0.0,0.0,0.0,0.0,8.0,8.0,8.0
ObWjGBJF_94_1,ObWjGBJF_94,2-5s,2.0,299.0,0.0,0.1,-0.1,harmful,1,8,remote,0,7,0.0,0.0,0.0,0.0,0.0,0.0,0.0,0.0,8.0,8.0,8.0
ObWjGBJF_94_1,ObWjGBJF_94,2-5s,2.0,299.0,0.0,0.1,-0.1,harmful,1,9,remote,0,7,0.0,0.0,0.0,0.0,0.0,0.0,0.0,0.0,8.0,8.0,8.0
OpiWMltpj44_1,OpiWMltpj44,2-5s,3.0,77.0,0.0,0.9,-0.9,harmful,0,0,remote,0,7,1.0,1.0,1.0,0.0,0.0,0.0,0.0,0.0,5.0,5.333333333333333,3.0
OpiWMltpj44_1,OpiWMltpj44,2-5s,3.0,77.0,0.0,0.9,-0.9,harmful,0,1,remote,0,7,1.0,1.0,1.0,0.0,0.0,0.0,0.0,0.0,5.0,5.333333333333333,5.0
OpiWMltpj44_1,OpiWMltpj44,2-5s,3.0,77.0,0.0,0.9,-0.9,harmful,0,2,remote,0,7,1.0,1.0,1.0,0.0,0.0,0.0,0.0,0.0,5.0,5.333333333333333,5.0
OpiWMltpj44_1,OpiWMltpj44,2-5s,3.0,77.0,0.0,0.9,-0.9,harmful,0,3,remote,0,7,1.0,1.0,1.0,0.0,0.0,0.0,0.0,0.0,5.0,5.333333333333333,5.0
OpiWMltpj44_1,OpiWMltpj44,2-5s,3.0,77.0,0.0,0.9,-0.9,harmful,0,4,remote,0,7,1.0,1.0,1.0,0.0,0.0,0.0,0.0,0.0,5.0,5.333333333333333,5.0
OpiWMltpj44_1,OpiWMltpj44,2-5s,3.0,77.0,0.0,0.9,-0.9,harmful,0,5,remote,0,7,1.0,1.0,1.0,0.0,0.0,0.0,0.0,0.0,5.0,5.333333333333333,5.333333333333333
OpiWMltpj44_1,OpiWMltpj44,2-5s,3.0,77.0,0.0,0.9,-0.9,harmful,0,6,remote,0,7,1.0,1.0,1.0,0.0,0.0,0.0,0.0,0.0,5.0,5.333333333333333,2.3333333333333335
OpiWMltpj44_1,OpiWMltpj44,2-5s,3.0,77.0,0.0,0.9,-0.9,harmful,0,7,remote,0,7,1.0,1.0,1.0,0.0,0.0,0.0,0.0,0.0,5.0,5.333333333333333,5.333333333333333
OpiWMltpj44_1,OpiWMltpj44,2-5s,3.0,77.0,0.0,0.9,-0.9,harmful,0,8,remote,0,7,1.0,1.0,1.0,0.0,0.0,0.0,0.0,0.0,5.0,5.333333333333333,5.0
OpiWMltpj44_1,OpiWMltpj44,2-5s,3.0,77.0,0.0,0.9,-0.9,harmful,0,9,remote,0,7,1.0,1.0,1.0,0.0,0.0,0.0,0.0,0.0,5.0,5.333333333333333,4.666666666666667
OpiWMltpj44_3,OpiWMltpj44,0-2s,1.0,77.0,1.0,0.9,0.09999999999999998,control,0,0,moderately_near,0,3,1.0,1.0,1.0,0.0,0.0,0.0,0.0,0.0,7.0,8.0,7.0
OpiWMltpj44_3,OpiWMltpj44,0-2s,1.0,77.0,1.0,0.9,0.09999999999999998,control,0,1,moderately_near,0,3,1.0,1.0,1.0,0.0,0.0,0.0,0.0,0.0,7.0,8.0,7.0
OpiWMltpj44_3,OpiWMltpj44,0-2s,1.0,77.0,1.0,0.9,0.09999999999999998,control,0,2,moderately_near,0,3,1.0,1.0,1.0,0.0,0.0,0.0,0.0,0.0,7.0,8.0,7.0
OpiWMltpj44_3,OpiWMltpj44,0-2s,1.0,77.0,1.0,0.9,0.09999999999999998,control,0,3,moderately_near,0,3,1.0,1.0,1.0,0.0,0.0,0.0,0.0,0.0,7.0,8.0,7.0
OpiWMltpj44_3,OpiWMltpj44,0-2s,1.0,77.0,1.0,0.9,0.09999999999999998,control,0,4,moderately_near,0,3,1.0,1.0,1.0,0.0,0.0,0.0,0.0,0.0,7.0,8.0,7.0
OpiWMltpj44_3,OpiWMltpj44,0-2s,1.0,77.0,1.0,0.9,0.09999999999999998,control,0,5,moderately_near,0,3,1.0,1.0,1.0,0.0,0.0,0.0,0.0,0.0,7.0,8.0,7.0
OpiWMltpj44_3,OpiWMltpj44,0-2s,1.0,77.0,1.0,0.9,0.09999999999999998,control,0,6,moderately_near,0,3,1.0,1.0,1.0,0.0,0.0,0.0,0.0,0.0,7.0,8.0,7.0
OpiWMltpj44_3,OpiWMltpj44,0-2s,1.0,77.0,1.0,0.9,0.09999999999999998,control,0,7,moderately_near,0,3,1.0,1.0,1.0,0.0,0.0,0.0,0.0,0.0,7.0,8.0,7.0
OpiWMltpj44_3,OpiWMltpj44,0-2s,1.0,77.0,1.0,0.9,0.09999999999999998,control,0,8,moderately_near,0,3,1.0,1.0,1.0,0.0,0.0,0.0,0.0,0.0,7.0,8.0,7.0
OpiWMltpj44_3,OpiWMltpj44,0-2s,1.0,77.0,1.0,0.9,0.09999999999999998,control,0,9,moderately_near,0,3,1.0,1.0,1.0,0.0,0.0,0.0,0.0,0.0,7.0,8.0,7.0
OpiWMltpj44_4,OpiWMltpj44,2-5s,2.0,77.0,1.0,1.0,0.0,control,0,0,remote,0,6,1.0,1.0,1.0,0.0,0.0,0.0,0.0,0.0,1.0,1.5,1.0
OpiWMltpj44_4,OpiWMltpj44,2-5s,2.0,77.0,1.0,1.0,0.0,control,0,1,remote,0,6,1.0,1.0,1.0,0.0,0.0,0.0,0.0,0.0,1.0,1.5,1.0
OpiWMltpj44_4,OpiWMltpj44,2-5s,2.0,77.0,1.0,1.0,0.0,control,0,2,remote,0,6,1.0,1.0,1.0,0.0,0.0,0.0,0.0,0.0,1.0,1.5,1.0
OpiWMltpj44_4,OpiWMltpj44,2-5s,2.0,77.0,1.0,1.0,0.0,control,0,3,remote,0,6,1.0,1.0,1.0,0.0,0.0,0.0,0.0,0.0,1.0,1.5,1.0
OpiWMltpj44_4,OpiWMltpj44,2-5s,2.0,77.0,1.0,1.0,0.0,control,0,4,remote,0,6,1.0,1.0,1.0,0.0,0.0,0.0,0.0,0.0,1.0,1.5,1.0
OpiWMltpj44_4,OpiWMltpj44,2-5s,2.0,77.0,1.0,1.0,0.0,control,0,5,remote,0,6,1.0,1.0,1.0,0.0,0.0,0.0,0.0,0.0,1.0,1.5,1.0
OpiWMltpj44_4,OpiWMltpj44,2-5s,2.0,77.0,1.0,1.0,0.0,control,0,6,remote,0,6,1.0,1.0,1.0,0.0,0.0,0.0,0.0,0.0,1.0,1.5,1.0
OpiWMltpj44_4,OpiWMltpj44,2-5s,2.0,77.0,1.0,1.0,0.0,control,0,7,remote,0,6,1.0,1.0,1.0,0.0,0.0,0.0,0.0,0.0,1.0,1.5,1.0
OpiWMltpj44_4,OpiWMltpj44,2-5s,2.0,77.0,1.0,1.0,0.0,control,0,8,remote,0,6,1.0,1.0,1.0,0.0,0.0,0.0,0.0,0.0,1.0,1.5,1.0
OpiWMltpj44_4,OpiWMltpj44,2-5s,2.0,77.0,1.0,1.0,0.0,control,0,9,remote,0,6,1.0,1.0,1.0,0.0,0.0,0.0,0.0,0.0,1.0,1.5,1.0
Ot0bN_hz2ec_3,Ot0bN_hz2ec,2-5s,3.0,268.0,1.0,0.9,0.09999999999999998,control,0,0,adjacent,0,3,0.0,0.0,0.0,0.0,0.0,0.0,0.0,0.0,4.666666666666667,4.666666666666667,4.666666666666667
Ot0bN_hz2ec_3,Ot0bN_hz2ec,2-5s,3.0,268.0,1.0,0.9,0.09999999999999998,control,0,1,adjacent,0,3,0.0,0.0,0.0,0.0,0.0,0.0,0.0,0.0,4.666666666666667,4.666666666666667,4.666666666666667
Ot0bN_hz2ec_3,Ot0bN_hz2ec,2-5s,3.0,268.0,1.0,0.9,0.09999999999999998,control,0,2,adjacent,0,3,0.0,0.0,0.0,0.0,0.0,0.0,0.0,0.0,4.666666666666667,4.666666666666667,4.666666666666667
Ot0bN_hz2ec_3,Ot0bN_hz2ec,2-5s,3.0,268.0,1.0,0.9,0.09999999999999998,control,0,3,adjacent,0,3,0.0,0.0,0.0,0.0,0.0,0.0,0.0,0.0,4.666666666666667,4.666666666666667,4.666666666666667
Ot0bN_hz2ec_3,Ot0bN_hz2ec,2-5s,3.0,268.0,1.0,0.9,0.09999999999999998,control,0,4,adjacent,0,3,0.0,0.0,0.0,0.0,0.0,0.0,0.0,0.0,4.666666666666667,4.666666666666667,4.666666666666667
Ot0bN_hz2ec_3,Ot0bN_hz2ec,2-5s,3.0,268.0,1.0,0.9,0.09999999999999998,control,0,5,adjacent,0,3,0.0,0.0,0.0,0.0,0.0,0.0,0.0,0.0,4.666666666666667,4.666666666666667,4.666666666666667
Ot0bN_hz2ec_3,Ot0bN_hz2ec,2-5s,3.0,268.0,1.0,0.9,0.09999999999999998,control,0,6,adjacent,0,3,0.0,0.0,0.0,0.0,0.0,0.0,0.0,0.0,4.666666666666667,4.666666666666667,4.666666666666667
Ot0bN_hz2ec_3,Ot0bN_hz2ec,2-5s,3.0,268.0,1.0,0.9,0.09999999999999998,control,0,7,adjacent,0,3,0.0,0.0,0.0,0.0,0.0,0.0,0.0,0.0,4.666666666666667,4.666666666666667,4.666666666666667
Ot0bN_hz2ec_3,Ot0bN_hz2ec,2-5s,3.0,268.0,1.0,0.9,0.09999999999999998,control,0,8,adjacent,0,3,0.0,0.0,0.0,0.0,0.0,0.0,0.0,0.0,4.666666666666667,4.666666666666667,4.666666666666667
Ot0bN_hz2ec_3,Ot0bN_hz2ec,2-5s,3.0,268.0,1.0,0.9,0.09999999999999998,control,0,9,adjacent,0,3,0.0,0.0,0.0,0.0,0.0,0.0,0.0,0.0,4.666666666666667,4.666666666666667,4.666666666666667
PO8Nu3F8mkA_1,PO8Nu3F8mkA,2-5s,3.0,164.0,1.0,1.0,0.0,control,0,0,adjacent,0,1,1.0,1.0,1.0,0.0,0.0,0.0,0.0,0.0,2.6666666666666665,2.6666666666666665,2.6666666666666665
PO8Nu3F8mkA_1,PO8Nu3F8mkA,2-5s,3.0,164.0,1.0,1.0,0.0,control,0,1,adjacent,0,1,1.0,1.0,1.0,0.0,0.0,0.0,0.0,0.0,2.6666666666666665,2.6666666666666665,2.6666666666666665
PO8Nu3F8mkA_1,PO8Nu3F8mkA,2-5s,3.0,164.0,1.0,1.0,0.0,control,0,2,adjacent,0,1,1.0,1.0,1.0,0.0,0.0,0.0,0.0,0.0,2.6666666666666665,2.6666666666666665,2.6666666666666665
PO8Nu3F8mkA_1,PO8Nu3F8mkA,2-5s,3.0,164.0,1.0,1.0,0.0,control,0,3,adjacent,0,1,1.0,1.0,1.0,0.0,0.0,0.0,0.0,0.0,2.6666666666666665,2.6666666666666665,2.6666666666666665
PO8Nu3F8mkA_1,PO8Nu3F8mkA,2-5s,3.0,164.0,1.0,1.0,0.0,control,0,4,adjacent,0,1,1.0,1.0,1.0,0.0,0.0,0.0,0.0,0.0,2.6666666666666665,2.6666666666666665,2.6666666666666665
PO8Nu3F8mkA_1,PO8Nu3F8mkA,2-5s,3.0,164.0,1.0,1.0,0.0,control,0,5,adjacent,0,1,1.0,1.0,1.0,0.0,0.0,0.0,0.0,0.0,2.6666666666666665,2.6666666666666665,2.6666666666666665
PO8Nu3F8mkA_1,PO8Nu3F8mkA,2-5s,3.0,164.0,1.0,1.0,0.0,control,0,6,adjacent,0,1,1.0,1.0,1.0,0.0,0.0,0.0,0.0,0.0,2.6666666666666665,2.6666666666666665,2.6666666666666665
PO8Nu3F8mkA_1,PO8Nu3F8mkA,2-5s,3.0,164.0,1.0,1.0,0.0,control,0,7,adjacent,0,1,1.0,1.0,1.0,0.0,0.0,0.0,0.0,0.0,2.6666666666666665,2.6666666666666665,2.6666666666666665
PO8Nu3F8mkA_1,PO8Nu3F8mkA,2-5s,3.0,164.0,1.0,1.0,0.0,control,0,8,adjacent,0,1,1.0,1.0,1.0,0.0,0.0,0.0,0.0,0.0,2.6666666666666665,2.6666666666666665,2.6666666666666665
PO8Nu3F8mkA_1,PO8Nu3F8mkA,2-5s,3.0,164.0,1.0,1.0,0.0,control,0,9,adjacent,0,1,1.0,1.0,1.0,0.0,0.0,0.0,0.0,0.0,2.6666666666666665,2.6666666666666665,2.6666666666666665
PTyFYxXdut4_2,PTyFYxXdut4,2-5s,4.0,300.0,1.0,0.4,0.6,control,0,0,moderately_near,0,5,0.0,0.0,0.0,0.0,0.0,0.0,0.0,0.0,6.25,7.25,6.5
PTyFYxXdut4_2,PTyFYxXdut4,2-5s,4.0,300.0,1.0,0.4,0.6,control,0,1,moderately_near,0,5,0.0,0.0,0.0,0.0,0.0,0.0,0.0,0.0,6.25,7.25,6.0
PTyFYxXdut4_2,PTyFYxXdut4,2-5s,4.0,300.0,1.0,0.4,0.6,control,0,2,moderately_near,0,5,0.0,0.0,0.0,0.0,0.0,0.0,0.0,0.0,6.25,7.25,6.25
PTyFYxXdut4_2,PTyFYxXdut4,2-5s,4.0,300.0,1.0,0.4,0.6,control,0,3,moderately_near,0,5,0.0,0.0,0.0,0.0,0.0,0.0,0.0,0.0,6.25,7.25,6.25
PTyFYxXdut4_2,PTyFYxXdut4,2-5s,4.0,300.0,1.0,0.4,0.6,control,0,4,moderately_near,0,5,0.0,0.0,0.0,0.0,0.0,0.0,0.0,0.0,6.25,7.25,6.0
PTyFYxXdut4_2,PTyFYxXdut4,2-5s,4.0,300.0,1.0,0.4,0.6,control,0,5,moderately_near,0,5,0.0,0.0,0.0,0.0,0.0,0.0,0.0,0.0,6.25,7.25,6.5
PTyFYxXdut4_2,PTyFYxXdut4,2-5s,4.0,300.0,1.0,0.4,0.6,control,0,6,moderately_near,0,5,0.0,0.0,0.0,0.0,0.0,0.0,0.0,0.0,6.25,7.25,6.25
PTyFYxXdut4_2,PTyFYxXdut4,2-5s,4.0,300.0,1.0,0.4,0.6,control,0,7,moderately_near,0,5,0.0,0.0,0.0,0.0,0.0,0.0,0.0,0.0,6.25,7.25,6.25
PTyFYxXdut4_2,PTyFYxXdut4,2-5s,4.0,300.0,1.0,0.4,0.6,control,0,8,moderately_near,0,5,0.0,0.0,0.0,0.0,0.0,0.0,0.0,0.0,6.25,7.25,6.5
PTyFYxXdut4_2,PTyFYxXdut4,2-5s,4.0,300.0,1.0,0.4,0.6,control,0,9,moderately_near,0,5,0.0,0.0,0.0,0.0,0.0,0.0,0.0,0.0,6.25,7.25,6.0
PYP-r0nvbFk_2,PYP-r0nvbFk,0-2s,1.0,121.0,0.0,0.1,-0.1,harmful,1,0,remote,0,1,0.0,0.0,0.0,0.0,0.0,0.0,0.0,0.0,4.0,4.0,4.0
PYP-r0nvbFk_2,PYP-r0nvbFk,0-2s,1.0,121.0,0.0,0.1,-0.1,harmful,1,1,remote,0,1,0.0,0.0,0.0,0.0,0.0,0.0,0.0,0.0,4.0,4.0,4.0
PYP-r0nvbFk_2,PYP-r0nvbFk,0-2s,1.0,121.0,0.0,0.1,-0.1,harmful,1,2,remote,0,1,0.0,0.0,0.0,0.0,0.0,0.0,0.0,0.0,4.0,4.0,4.0
PYP-r0nvbFk_2,PYP-r0nvbFk,0-2s,1.0,121.0,0.0,0.1,-0.1,harmful,1,3,remote,0,1,0.0,0.0,0.0,0.0,0.0,0.0,0.0,0.0,4.0,4.0,4.0
PYP-r0nvbFk_2,PYP-r0nvbFk,0-2s,1.0,121.0,0.0,0.1,-0.1,harmful,1,4,remote,0,1,0.0,0.0,0.0,0.0,0.0,0.0,0.0,0.0,4.0,4.0,4.0
PYP-r0nvbFk_2,PYP-r0nvbFk,0-2s,1.0,121.0,0.0,0.1,-0.1,harmful,1,5,remote,0,1,0.0,0.0,0.0,0.0,0.0,0.0,0.0,0.0,4.0,4.0,4.0
PYP-r0nvbFk_2,PYP-r0nvbFk,0-2s,1.0,121.0,0.0,0.1,-0.1,harmful,1,6,remote,0,1,0.0,0.0,0.0,0.0,0.0,0.0,0.0,0.0,4.0,4.0,4.0
PYP-r0nvbFk_2,PYP-r0nvbFk,0-2s,1.0,121.0,0.0,0.1,-0.1,harmful,1,7,remote,0,1,0.0,0.0,0.0,0.0,0.0,0.0,0.0,0.0,4.0,4.0,4.0
PYP-r0nvbFk_2,PYP-r0nvbFk,0-2s,1.0,121.0,0.0,0.1,-0.1,harmful,1,8,remote,0,1,0.0,0.0,0.0,0.0,0.0,0.0,0.0,0.0,4.0,4.0,4.0
PYP-r0nvbFk_2,PYP-r0nvbFk,0-2s,1.0,121.0,0.0,0.1,-0.1,harmful,1,9,remote,0,1,0.0,0.0,0.0,0.0,0.0,0.0,0.0,0.0,4.0,4.0,4.0
PYP-r0nvbFk_3,PYP-r0nvbFk,0-2s,1.0,121.0,0.0,0.9,-0.9,harmful,0,0,adjacent,0,2,1.0,1.0,1.0,0.0,0.0,0.0,0.0,0.0,5.0,5.0,5.0
PYP-r0nvbFk_3,PYP-r0nvbFk,0-2s,1.0,121.0,0.0,0.9,-0.9,harmful,0,1,adjacent,0,2,1.0,1.0,1.0,0.0,0.0,0.0,0.0,0.0,5.0,5.0,5.0
PYP-r0nvbFk_3,PYP-r0nvbFk,0-2s,1.0,121.0,0.0,0.9,-0.9,harmful,0,2,adjacent,0,2,1.0,1.0,1.0,0.0,0.0,0.0,0.0,0.0,5.0,5.0,5.0
PYP-r0nvbFk_3,PYP-r0nvbFk,0-2s,1.0,121.0,0.0,0.9,-0.9,harmful,0,3,adjacent,0,2,1.0,1.0,1.0,0.0,0.0,0.0,0.0,0.0,5.0,5.0,5.0
PYP-r0nvbFk_3,PYP-r0nvbFk,0-2s,1.0,121.0,0.0,0.9,-0.9,harmful,0,4,adjacent,0,2,1.0,1.0,1.0,0.0,0.0,0.0,0.0,0.0,5.0,5.0,5.0
PYP-r0nvbFk_3,PYP-r0nvbFk,0-2s,1.0,121.0,0.0,0.9,-0.9,harmful,0,5,adjacent,0,2,1.0,1.0,1.0,0.0,0.0,0.0,0.0,0.0,5.0,5.0,5.0
PYP-r0nvbFk_3,PYP-r0nvbFk,0-2s,1.0,121.0,0.0,0.9,-0.9,harmful,0,6,adjacent,0,2,1.0,1.0,1.0,0.0,0.0,0.0,0.0,0.0,5.0,5.0,5.0
PYP-r0nvbFk_3,PYP-r0nvbFk,0-2s,1.0,121.0,0.0,0.9,-0.9,harmful,0,7,adjacent,0,2,1.0,1.0,1.0,0.0,0.0,0.0,0.0,0.0,5.0,5.0,5.0
PYP-r0nvbFk_3,PYP-r0nvbFk,0-2s,1.0,121.0,0.0,0.9,-0.9,harmful,0,8,adjacent,0,2,1.0,1.0,1.0,0.0,0.0,0.0,0.0,0.0,5.0,5.0,5.0
PYP-r0nvbFk_3,PYP-r0nvbFk,0-2s,1.0,121.0,0.0,0.9,-0.9,harmful,0,9,adjacent,0,2,1.0,1.0,1.0,0.0,0.0,0.0,0.0,0.0,5.0,5.0,5.0
Pb6MqpdX5Jw_4,Pb6MqpdX5Jw,2-5s,2.0,120.0,1.0,1.0,0.0,control,0,0,remote,0,11,1.0,1.0,1.0,0.0,0.0,0.0,0.0,0.0,3.5,3.5,4.5
Pb6MqpdX5Jw_4,Pb6MqpdX5Jw,2-5s,2.0,120.0,1.0,1.0,0.0,control,0,1,remote,0,11,1.0,1.0,1.0,0.0,0.0,0.0,0.0,0.0,3.5,3.5,4.0
Pb6MqpdX5Jw_4,Pb6MqpdX5Jw,2-5s,2.0,120.0,1.0,1.0,0.0,control,0,2,remote,0,11,1.0,1.0,1.0,0.0,0.0,0.0,0.0,0.0,3.5,3.5,3.5
Pb6MqpdX5Jw_4,Pb6MqpdX5Jw,2-5s,2.0,120.0,1.0,1.0,0.0,control,0,3,remote,0,11,1.0,1.0,1.0,0.0,0.0,0.0,0.0,0.0,3.5,3.5,4.0
Pb6MqpdX5Jw_4,Pb6MqpdX5Jw,2-5s,2.0,120.0,1.0,1.0,0.0,control,0,4,remote,0,11,1.0,1.0,1.0,0.0,0.0,0.0,0.0,0.0,3.5,3.5,4.0
Pb6MqpdX5Jw_4,Pb6MqpdX5Jw,2-5s,2.0,120.0,1.0,1.0,0.0,control,0,5,remote,0,11,1.0,1.0,1.0,0.0,0.0,0.0,0.0,0.0,3.5,3.5,4.5
Pb6MqpdX5Jw_4,Pb6MqpdX5Jw,2-5s,2.0,120.0,1.0,1.0,0.0,control,0,6,remote,0,11,1.0,1.0,1.0,0.0,0.0,0.0,0.0,0.0,3.5,3.5,3.5
Pb6MqpdX5Jw_4,Pb6MqpdX5Jw,2-5s,2.0,120.0,1.0,1.0,0.0,control,0,7,remote,0,11,1.0,1.0,1.0,0.0,0.0,0.0,0.0,0.0,3.5,3.5,4.0
Pb6MqpdX5Jw_4,Pb6MqpdX5Jw,2-5s,2.0,120.0,1.0,1.0,0.0,control,0,8,remote,0,11,1.0,1.0,1.0,0.0,0.0,0.0,0.0,0.0,3.5,3.5,4.0
Pb6MqpdX5Jw_4,Pb6MqpdX5Jw,2-5s,2.0,120.0,1.0,1.0,0.0,control,0,9,remote,0,11,1.0,1.0,1.0,0.0,0.0,0.0,0.0,0.0,3.5,3.5,3.5
Pb6MqpdX5Jw_5,Pb6MqpdX5Jw,2-5s,2.0,120.0,1.0,0.9,0.09999999999999998,control,0,0,remote,0,5,1.0,1.0,1.0,0.0,0.0,0.0,0.0,0.0,3.0,2.0,3.0
Pb6MqpdX5Jw_5,Pb6MqpdX5Jw,2-5s,2.0,120.0,1.0,0.9,0.09999999999999998,control,0,1,remote,0,5,1.0,1.0,1.0,0.0,0.0,0.0,0.0,0.0,3.0,2.0,3.5
Pb6MqpdX5Jw_5,Pb6MqpdX5Jw,2-5s,2.0,120.0,1.0,0.9,0.09999999999999998,control,0,2,remote,0,5,1.0,1.0,1.0,0.0,0.0,0.0,0.0,0.0,3.0,2.0,3.0
Pb6MqpdX5Jw_5,Pb6MqpdX5Jw,2-5s,2.0,120.0,1.0,0.9,0.09999999999999998,control,0,3,remote,0,5,1.0,1.0,1.0,0.0,0.0,0.0,0.0,0.0,3.0,2.0,3.5
Pb6MqpdX5Jw_5,Pb6MqpdX5Jw,2-5s,2.0,120.0,1.0,0.9,0.09999999999999998,control,0,4,remote,0,5,1.0,1.0,1.0,0.0,0.0,0.0,0.0,0.0,3.0,2.0,3.0
Pb6MqpdX5Jw_5,Pb6MqpdX5Jw,2-5s,2.0,120.0,1.0,0.9,0.09999999999999998,control,0,5,remote,0,5,1.0,1.0,1.0,0.0,0.0,0.0,1.0,-100.0,3.0,2.0,3.5
Pb6MqpdX5Jw_5,Pb6MqpdX5Jw,2-5s,2.0,120.0,1.0,0.9,0.09999999999999998,control,0,6,remote,0,5,1.0,1.0,1.0,0.0,0.0,0.0,0.0,0.0,3.0,2.0,3.5
Pb6MqpdX5Jw_5,Pb6MqpdX5Jw,2-5s,2.0,120.0,1.0,0.9,0.09999999999999998,control,0,7,remote,0,5,1.0,1.0,1.0,0.0,0.0,0.0,0.0,0.0,3.0,2.0,3.0
Pb6MqpdX5Jw_5,Pb6MqpdX5Jw,2-5s,2.0,120.0,1.0,0.9,0.09999999999999998,control,0,8,remote,0,5,1.0,1.0,1.0,0.0,0.0,0.0,0.0,0.0,3.0,2.0,3.0
Pb6MqpdX5Jw_5,Pb6MqpdX5Jw,2-5s,2.0,120.0,1.0,0.9,0.09999999999999998,control,0,9,remote,0,5,1.0,1.0,1.0,0.0,0.0,0.0,0.0,0.0,3.0,2.0,3.0
QHfyKaOHSz4_2,QHfyKaOHSz4,2-5s,3.0,82.0,0.0,0.7,-0.7,harmful,1,0,remote,0,1,0.0,0.0,0.0,0.0,0.0,0.0,0.0,0.0,1.3333333333333333,1.3333333333333333,1.3333333333333333
QHfyKaOHSz4_2,QHfyKaOHSz4,2-5s,3.0,82.0,0.0,0.7,-0.7,harmful,1,1,remote,0,1,0.0,0.0,0.0,0.0,0.0,0.0,0.0,0.0,1.3333333333333333,1.3333333333333333,1.6666666666666667
QHfyKaOHSz4_2,QHfyKaOHSz4,2-5s,3.0,82.0,0.0,0.7,-0.7,harmful,1,2,remote,0,1,0.0,0.0,0.0,0.0,0.0,0.0,0.0,0.0,1.3333333333333333,1.3333333333333333,1.3333333333333333
QHfyKaOHSz4_2,QHfyKaOHSz4,2-5s,3.0,82.0,0.0,0.7,-0.7,harmful,1,3,remote,0,1,0.0,0.0,0.0,0.0,0.0,0.0,0.0,0.0,1.3333333333333333,1.3333333333333333,1.3333333333333333
QHfyKaOHSz4_2,QHfyKaOHSz4,2-5s,3.0,82.0,0.0,0.7,-0.7,harmful,1,4,remote,0,1,0.0,0.0,0.0,0.0,0.0,0.0,0.0,0.0,1.3333333333333333,1.3333333333333333,1.6666666666666667
QHfyKaOHSz4_2,QHfyKaOHSz4,2-5s,3.0,82.0,0.0,0.7,-0.7,harmful,1,5,remote,0,1,0.0,0.0,0.0,0.0,0.0,0.0,0.0,0.0,1.3333333333333333,1.3333333333333333,1.6666666666666667
QHfyKaOHSz4_2,QHfyKaOHSz4,2-5s,3.0,82.0,0.0,0.7,-0.7,harmful,1,6,remote,0,1,0.0,0.0,0.0,0.0,0.0,0.0,0.0,0.0,1.3333333333333333,1.3333333333333333,1.3333333333333333
QHfyKaOHSz4_2,QHfyKaOHSz4,2-5s,3.0,82.0,0.0,0.7,-0.7,harmful,1,7,remote,0,1,0.0,0.0,0.0,0.0,0.0,0.0,0.0,0.0,1.3333333333333333,1.3333333333333333,1.3333333333333333
QHfyKaOHSz4_2,QHfyKaOHSz4,2-5s,3.0,82.0,0.0,0.7,-0.7,harmful,1,8,remote,0,1,0.0,0.0,0.0,0.0,0.0,0.0,0.0,0.0,1.3333333333333333,1.3333333333333333,1.3333333333333333
QHfyKaOHSz4_2,QHfyKaOHSz4,2-5s,3.0,82.0,0.0,0.7,-0.7,harmful,1,9,remote,0,1,0.0,0.0,0.0,0.0,0.0,0.0,0.0,0.0,1.3333333333333333,1.3333333333333333,1.3333333333333333
QKHpSAAjakY_1,QKHpSAAjakY,0-2s,1.0,94.0,1.0,1.0,0.0,control,0,0,remote,0,5,1.0,1.0,1.0,0.0,0.0,0.0,0.0,0.0,3.0,3.0,3.0
QKHpSAAjakY_1,QKHpSAAjakY,0-2s,1.0,94.0,1.0,1.0,0.0,control,0,1,remote,0,5,1.0,1.0,1.0,0.0,0.0,0.0,0.0,0.0,3.0,3.0,3.0
QKHpSAAjakY_1,QKHpSAAjakY,0-2s,1.0,94.0,1.0,1.0,0.0,control,0,2,remote,0,5,1.0,1.0,1.0,0.0,0.0,0.0,0.0,0.0,3.0,3.0,3.0
QKHpSAAjakY_1,QKHpSAAjakY,0-2s,1.0,94.0,1.0,1.0,0.0,control,0,3,remote,0,5,1.0,1.0,1.0,0.0,0.0,0.0,0.0,0.0,3.0,3.0,3.0
QKHpSAAjakY_1,QKHpSAAjakY,0-2s,1.0,94.0,1.0,1.0,0.0,control,0,4,remote,0,5,1.0,1.0,1.0,0.0,0.0,0.0,0.0,0.0,3.0,3.0,3.0
QKHpSAAjakY_1,QKHpSAAjakY,0-2s,1.0,94.0,1.0,1.0,0.0,control,0,5,remote,0,5,1.0,1.0,1.0,0.0,0.0,0.0,0.0,0.0,3.0,3.0,3.0
QKHpSAAjakY_1,QKHpSAAjakY,0-2s,1.0,94.0,1.0,1.0,0.0,control,0,6,remote,0,5,1.0,1.0,1.0,0.0,0.0,0.0,0.0,0.0,3.0,3.0,3.0
QKHpSAAjakY_1,QKHpSAAjakY,0-2s,1.0,94.0,1.0,1.0,0.0,control,0,7,remote,0,5,1.0,1.0,1.0,0.0,0.0,0.0,0.0,0.0,3.0,3.0,2.0
QKHpSAAjakY_1,QKHpSAAjakY,0-2s,1.0,94.0,1.0,1.0,0.0,control,0,8,remote,0,5,1.0,1.0,1.0,0.0,0.0,0.0,0.0,0.0,3.0,3.0,3.0
QKHpSAAjakY_1,QKHpSAAjakY,0-2s,1.0,94.0,1.0,1.0,0.0,control,0,9,remote,0,5,1.0,1.0,1.0,0.0,0.0,0.0,0.0,0.0,3.0,3.0,2.0
QKHpSAAjakY_3,QKHpSAAjakY,2-5s,2.0,94.0,0.0,0.4,-0.4,harmful,0,0,moderately_near,1,7,1.0,0.0,1.0,-100.0,0.0,0.0,0.0,0.0,3.0,2.5,4.5
QKHpSAAjakY_3,QKHpSAAjakY,2-5s,2.0,94.0,0.0,0.4,-0.4,harmful,0,1,moderately_near,1,7,1.0,0.0,1.0,-100.0,0.0,0.0,0.0,0.0,3.0,2.5,2.5
QKHpSAAjakY_3,QKHpSAAjakY,2-5s,2.0,94.0,0.0,0.4,-0.4,harmful,0,2,moderately_near,1,7,1.0,0.0,1.0,-100.0,0.0,0.0,0.0,0.0,3.0,2.5,4.5
QKHpSAAjakY_3,QKHpSAAjakY,2-5s,2.0,94.0,0.0,0.4,-0.4,harmful,0,3,moderately_near,1,7,1.0,0.0,1.0,-100.0,0.0,0.0,0.0,0.0,3.0,2.5,5.0
QKHpSAAjakY_3,QKHpSAAjakY,2-5s,2.0,94.0,0.0,0.4,-0.4,harmful,0,4,moderately_near,1,7,1.0,0.0,1.0,-100.0,0.0,0.0,0.0,0.0,3.0,2.5,4.5
QKHpSAAjakY_3,QKHpSAAjakY,2-5s,2.0,94.0,0.0,0.4,-0.4,harmful,0,5,moderately_near,1,7,1.0,0.0,1.0,-100.0,0.0,0.0,0.0,0.0,3.0,2.5,2.5
QKHpSAAjakY_3,QKHpSAAjakY,2-5s,2.0,94.0,0.0,0.4,-0.4,harmful,0,6,moderately_near,1,7,1.0,0.0,1.0,-100.0,0.0,0.0,0.0,0.0,3.0,2.5,4.5
QKHpSAAjakY_3,QKHpSAAjakY,2-5s,2.0,94.0,0.0,0.4,-0.4,harmful,0,7,moderately_near,1,7,1.0,0.0,1.0,-100.0,0.0,0.0,0.0,0.0,3.0,2.5,4.5
QKHpSAAjakY_3,QKHpSAAjakY,2-5s,2.0,94.0,0.0,0.4,-0.4,harmful,0,8,moderately_near,1,7,1.0,0.0,1.0,-100.0,0.0,0.0,0.0,0.0,3.0,2.5,4.5
QKHpSAAjakY_3,QKHpSAAjakY,2-5s,2.0,94.0,0.0,0.4,-0.4,harmful,0,9,moderately_near,1,7,1.0,0.0,1.0,-100.0,0.0,0.0,0.0,0.0,3.0,2.5,2.5
QOmV7O9mFwg_1,QOmV7O9mFwg,2-5s,4.0,260.0,1.0,1.0,0.0,control,0,0,remote,0,3,1.0,1.0,1.0,0.0,0.0,0.0,0.0,0.0,3.75,3.75,3.75
QOmV7O9mFwg_1,QOmV7O9mFwg,2-5s,4.0,260.0,1.0,1.0,0.0,control,0,1,remote,0,3,1.0,1.0,1.0,0.0,0.0,0.0,0.0,0.0,3.75,3.75,3.75
QOmV7O9mFwg_1,QOmV7O9mFwg,2-5s,4.0,260.0,1.0,1.0,0.0,control,0,2,remote,0,3,1.0,1.0,1.0,0.0,0.0,0.0,0.0,0.0,3.75,3.75,3.75
QOmV7O9mFwg_1,QOmV7O9mFwg,2-5s,4.0,260.0,1.0,1.0,0.0,control,0,3,remote,0,3,1.0,1.0,1.0,0.0,0.0,0.0,0.0,0.0,3.75,3.75,3.75
QOmV7O9mFwg_1,QOmV7O9mFwg,2-5s,4.0,260.0,1.0,1.0,0.0,control,0,4,remote,0,3,1.0,1.0,1.0,0.0,0.0,0.0,0.0,0.0,3.75,3.75,3.75
QOmV7O9mFwg_1,QOmV7O9mFwg,2-5s,4.0,260.0,1.0,1.0,0.0,control,0,5,remote,0,3,1.0,1.0,1.0,0.0,0.0,0.0,0.0,0.0,3.75,3.75,4.0
QOmV7O9mFwg_1,QOmV7O9mFwg,2-5s,4.0,260.0,1.0,1.0,0.0,control,0,6,remote,0,3,1.0,1.0,1.0,0.0,0.0,0.0,0.0,0.0,3.75,3.75,3.75
QOmV7O9mFwg_1,QOmV7O9mFwg,2-5s,4.0,260.0,1.0,1.0,0.0,control,0,7,remote,0,3,1.0,1.0,1.0,0.0,0.0,0.0,0.0,0.0,3.75,3.75,3.75
QOmV7O9mFwg_1,QOmV7O9mFwg,2-5s,4.0,260.0,1.0,1.0,0.0,control,0,8,remote,0,3,1.0,1.0,1.0,0.0,0.0,0.0,0.0,0.0,3.75,3.75,3.75
QOmV7O9mFwg_1,QOmV7O9mFwg,2-5s,4.0,260.0,1.0,1.0,0.0,control,0,9,remote,0,3,1.0,1.0,1.0,0.0,0.0,0.0,0.0,0.0,3.75,3.75,3.75
QOmV7O9mFwg_2,QOmV7O9mFwg,2-5s,3.0,260.0,0.0,0.6,-0.6,harmful,0,0,adjacent,0,2,0.0,0.0,0.0,0.0,0.0,0.0,0.0,0.0,6.666666666666667,6.666666666666667,6.666666666666667
QOmV7O9mFwg_2,QOmV7O9mFwg,2-5s,3.0,260.0,0.0,0.6,-0.6,harmful,0,1,adjacent,0,2,0.0,0.0,0.0,0.0,0.0,0.0,0.0,0.0,6.666666666666667,6.666666666666667,7.0
QOmV7O9mFwg_2,QOmV7O9mFwg,2-5s,3.0,260.0,0.0,0.6,-0.6,harmful,0,2,adjacent,0,2,0.0,0.0,0.0,0.0,0.0,0.0,0.0,0.0,6.666666666666667,6.666666666666667,6.666666666666667
QOmV7O9mFwg_2,QOmV7O9mFwg,2-5s,3.0,260.0,0.0,0.6,-0.6,harmful,0,3,adjacent,0,2,0.0,0.0,0.0,0.0,0.0,0.0,0.0,0.0,6.666666666666667,6.666666666666667,6.666666666666667
QOmV7O9mFwg_2,QOmV7O9mFwg,2-5s,3.0,260.0,0.0,0.6,-0.6,harmful,0,4,adjacent,0,2,0.0,0.0,0.0,0.0,0.0,0.0,0.0,0.0,6.666666666666667,6.666666666666667,6.666666666666667
QOmV7O9mFwg_2,QOmV7O9mFwg,2-5s,3.0,260.0,0.0,0.6,-0.6,harmful,0,5,adjacent,0,2,0.0,0.0,0.0,0.0,0.0,0.0,0.0,0.0,6.666666666666667,6.666666666666667,6.666666666666667
QOmV7O9mFwg_2,QOmV7O9mFwg,2-5s,3.0,260.0,0.0,0.6,-0.6,harmful,0,6,adjacent,0,2,0.0,0.0,0.0,0.0,0.0,0.0,0.0,0.0,6.666666666666667,6.666666666666667,6.666666666666667
QOmV7O9mFwg_2,QOmV7O9mFwg,2-5s,3.0,260.0,0.0,0.6,-0.6,harmful,0,7,adjacent,0,2,0.0,0.0,0.0,0.0,0.0,0.0,0.0,0.0,6.666666666666667,6.666666666666667,7.0
QOmV7O9mFwg_2,QOmV7O9mFwg,2-5s,3.0,260.0,0.0,0.6,-0.6,harmful,0,8,adjacent,0,2,0.0,0.0,0.0,0.0,0.0,0.0,0.0,0.0,6.666666666666667,6.666666666666667,6.666666666666667
QOmV7O9mFwg_2,QOmV7O9mFwg,2-5s,3.0,260.0,0.0,0.6,-0.6,harmful,0,9,adjacent,0,2,0.0,0.0,0.0,0.0,0.0,0.0,0.0,0.0,6.666666666666667,6.666666666666667,6.666666666666667
QOmV7O9mFwg_3,QOmV7O9mFwg,2-5s,2.0,260.0,1.0,1.0,0.0,control,0,0,remote,0,1,1.0,1.0,1.0,0.0,0.0,0.0,0.0,0.0,4.5,4.5,4.5
QOmV7O9mFwg_3,QOmV7O9mFwg,2-5s,2.0,260.0,1.0,1.0,0.0,control,0,1,remote,0,1,1.0,1.0,1.0,0.0,0.0,0.0,0.0,0.0,4.5,4.5,4.5
QOmV7O9mFwg_3,QOmV7O9mFwg,2-5s,2.0,260.0,1.0,1.0,0.0,control,0,2,remote,0,1,1.0,1.0,1.0,0.0,0.0,0.0,0.0,0.0,4.5,4.5,4.5
QOmV7O9mFwg_3,QOmV7O9mFwg,2-5s,2.0,260.0,1.0,1.0,0.0,control,0,3,remote,0,1,1.0,1.0,1.0,0.0,0.0,0.0,0.0,0.0,4.5,4.5,4.5
QOmV7O9mFwg_3,QOmV7O9mFwg,2-5s,2.0,260.0,1.0,1.0,0.0,control,0,4,remote,0,1,1.0,1.0,1.0,0.0,0.0,0.0,0.0,0.0,4.5,4.5,4.5
QOmV7O9mFwg_3,QOmV7O9mFwg,2-5s,2.0,260.0,1.0,1.0,0.0,control,0,5,remote,0,1,1.0,1.0,1.0,0.0,0.0,0.0,0.0,0.0,4.5,4.5,4.5
QOmV7O9mFwg_3,QOmV7O9mFwg,2-5s,2.0,260.0,1.0,1.0,0.0,control,0,6,remote,0,1,1.0,1.0,1.0,0.0,0.0,0.0,0.0,0.0,4.5,4.5,4.5
QOmV7O9mFwg_3,QOmV7O9mFwg,2-5s,2.0,260.0,1.0,1.0,0.0,control,0,7,remote,0,1,1.0,1.0,1.0,0.0,0.0,0.0,0.0,0.0,4.5,4.5,4.5
QOmV7O9mFwg_3,QOmV7O9mFwg,2-5s,2.0,260.0,1.0,1.0,0.0,control,0,8,remote,0,1,1.0,1.0,1.0,0.0,0.0,0.0,0.0,0.0,4.5,4.5,4.5
QOmV7O9mFwg_3,QOmV7O9mFwg,2-5s,2.0,260.0,1.0,1.0,0.0,control,0,9,remote,0,1,1.0,1.0,1.0,0.0,0.0,0.0,0.0,0.0,4.5,4.5,4.5
QRtuOWWya30_1,QRtuOWWya30,2-5s,2.0,299.0,0.0,1.0,-1.0,harmful,1,0,moderately_near,1,10,1.0,1.0,1.0,0.0,0.0,0.0,0.0,0.0,8.0,7.5,6.5
QRtuOWWya30_1,QRtuOWWya30,2-5s,2.0,299.0,0.0,1.0,-1.0,harmful,1,1,moderately_near,1,10,1.0,1.0,1.0,0.0,0.0,0.0,0.0,0.0,8.0,7.5,6.5
QRtuOWWya30_1,QRtuOWWya30,2-5s,2.0,299.0,0.0,1.0,-1.0,harmful,1,2,moderately_near,1,10,1.0,1.0,1.0,0.0,0.0,0.0,0.0,0.0,8.0,7.5,7.0
QRtuOWWya30_1,QRtuOWWya30,2-5s,2.0,299.0,0.0,1.0,-1.0,harmful,1,3,moderately_near,1,10,1.0,1.0,1.0,0.0,0.0,0.0,0.0,0.0,8.0,7.5,6.5
QRtuOWWya30_1,QRtuOWWya30,2-5s,2.0,299.0,0.0,1.0,-1.0,harmful,1,4,moderately_near,1,10,1.0,1.0,1.0,0.0,0.0,0.0,0.0,0.0,8.0,7.5,6.5
QRtuOWWya30_1,QRtuOWWya30,2-5s,2.0,299.0,0.0,1.0,-1.0,harmful,1,5,moderately_near,1,10,1.0,1.0,1.0,0.0,0.0,0.0,0.0,0.0,8.0,7.5,6.5
QRtuOWWya30_1,QRtuOWWya30,2-5s,2.0,299.0,0.0,1.0,-1.0,harmful,1,6,moderately_near,1,10,1.0,1.0,1.0,0.0,0.0,0.0,0.0,0.0,8.0,7.5,6.5
QRtuOWWya30_1,QRtuOWWya30,2-5s,2.0,299.0,0.0,1.0,-1.0,harmful,1,7,moderately_near,1,10,1.0,1.0,1.0,0.0,0.0,0.0,0.0,0.0,8.0,7.5,6.5
QRtuOWWya30_1,QRtuOWWya30,2-5s,2.0,299.0,0.0,1.0,-1.0,harmful,1,8,moderately_near,1,10,1.0,1.0,1.0,0.0,0.0,0.0,0.0,0.0,8.0,7.5,6.5
QRtuOWWya30_1,QRtuOWWya30,2-5s,2.0,299.0,0.0,1.0,-1.0,harmful,1,9,moderately_near,1,10,1.0,1.0,1.0,0.0,0.0,0.0,0.0,0.0,8.0,7.5,6.5
QvATUKXYFBs_2,QvATUKXYFBs,2-5s,3.0,119.0,0.0,0.8,-0.8,harmful,1,0,remote,0,14,0.0,0.0,1.0,-100.0,0.0,0.0,0.0,0.0,1.0,1.3333333333333333,1.0
QvATUKXYFBs_2,QvATUKXYFBs,2-5s,3.0,119.0,0.0,0.8,-0.8,harmful,1,1,remote,0,14,0.0,0.0,1.0,-100.0,0.0,0.0,0.0,0.0,1.0,1.3333333333333333,1.0
QvATUKXYFBs_2,QvATUKXYFBs,2-5s,3.0,119.0,0.0,0.8,-0.8,harmful,1,2,remote,0,14,0.0,0.0,0.0,0.0,0.0,0.0,0.0,0.0,1.0,1.3333333333333333,1.0
QvATUKXYFBs_2,QvATUKXYFBs,2-5s,3.0,119.0,0.0,0.8,-0.8,harmful,1,3,remote,0,14,0.0,0.0,1.0,-100.0,0.0,0.0,0.0,0.0,1.0,1.3333333333333333,1.0
QvATUKXYFBs_2,QvATUKXYFBs,2-5s,3.0,119.0,0.0,0.8,-0.8,harmful,1,4,remote,0,14,0.0,0.0,0.0,0.0,0.0,0.0,0.0,0.0,1.0,1.3333333333333333,1.0
QvATUKXYFBs_2,QvATUKXYFBs,2-5s,3.0,119.0,0.0,0.8,-0.8,harmful,1,5,remote,0,14,0.0,0.0,1.0,-100.0,0.0,0.0,0.0,0.0,1.0,1.3333333333333333,1.0
QvATUKXYFBs_2,QvATUKXYFBs,2-5s,3.0,119.0,0.0,0.8,-0.8,harmful,1,6,remote,0,14,0.0,0.0,1.0,-100.0,0.0,0.0,0.0,0.0,1.0,1.3333333333333333,1.0
QvATUKXYFBs_2,QvATUKXYFBs,2-5s,3.0,119.0,0.0,0.8,-0.8,harmful,1,7,remote,0,14,0.0,0.0,0.0,0.0,0.0,0.0,0.0,0.0,1.0,1.3333333333333333,1.0
QvATUKXYFBs_2,QvATUKXYFBs,2-5s,3.0,119.0,0.0,0.8,-0.8,harmful,1,8,remote,0,14,0.0,0.0,1.0,-100.0,0.0,0.0,0.0,0.0,1.0,1.3333333333333333,1.0
QvATUKXYFBs_2,QvATUKXYFBs,2-5s,3.0,119.0,0.0,0.8,-0.8,harmful,1,9,remote,0,14,0.0,0.0,1.0,-100.0,0.0,0.0,0.0,0.0,1.0,1.3333333333333333,1.0
QvATUKXYFBs_4,QvATUKXYFBs,2-5s,4.0,119.0,1.0,1.0,0.0,control,0,0,remote,0,17,1.0,1.0,1.0,0.0,0.0,0.0,0.0,0.0,6.25,2.75,6.25
QvATUKXYFBs_4,QvATUKXYFBs,2-5s,4.0,119.0,1.0,1.0,0.0,control,0,1,remote,0,17,1.0,1.0,1.0,0.0,0.0,0.0,0.0,0.0,6.25,2.75,6.75
QvATUKXYFBs_4,QvATUKXYFBs,2-5s,4.0,119.0,1.0,1.0,0.0,control,0,2,remote,0,17,1.0,1.0,1.0,0.0,0.0,0.0,0.0,0.0,6.25,2.75,6.5
QvATUKXYFBs_4,QvATUKXYFBs,2-5s,4.0,119.0,1.0,1.0,0.0,control,0,3,remote,0,17,1.0,1.0,1.0,0.0,0.0,0.0,0.0,0.0,6.25,2.75,6.5
QvATUKXYFBs_4,QvATUKXYFBs,2-5s,4.0,119.0,1.0,1.0,0.0,control,0,4,remote,0,17,1.0,1.0,1.0,0.0,0.0,0.0,0.0,0.0,6.25,2.75,6.75
QvATUKXYFBs_4,QvATUKXYFBs,2-5s,4.0,119.0,1.0,1.0,0.0,control,0,5,remote,0,17,1.0,1.0,1.0,0.0,0.0,0.0,0.0,0.0,6.25,2.75,6.25
QvATUKXYFBs_4,QvATUKXYFBs,2-5s,4.0,119.0,1.0,1.0,0.0,control,0,6,remote,0,17,1.0,1.0,1.0,0.0,0.0,0.0,1.0,-100.0,6.25,2.75,6.75
QvATUKXYFBs_4,QvATUKXYFBs,2-5s,4.0,119.0,1.0,1.0,0.0,control,0,7,remote,0,17,1.0,1.0,1.0,0.0,0.0,0.0,0.0,0.0,6.25,2.75,7.0
QvATUKXYFBs_4,QvATUKXYFBs,2-5s,4.0,119.0,1.0,1.0,0.0,control,0,8,remote,0,17,1.0,1.0,1.0,0.0,0.0,0.0,0.0,0.0,6.25,2.75,6.25
QvATUKXYFBs_4,QvATUKXYFBs,2-5s,4.0,119.0,1.0,1.0,0.0,control,0,9,remote,0,17,1.0,1.0,1.0,0.0,0.0,0.0,0.0,0.0,6.25,2.75,7.0
R4fXcbWFhJg_1,R4fXcbWFhJg,2-5s,3.0,133.0,1.0,1.0,0.0,control,0,0,adjacent,0,5,1.0,1.0,1.0,0.0,1.0,1.0,1.0,0.0,1.6666666666666667,1.6666666666666667,1.6666666666666667
R4fXcbWFhJg_1,R4fXcbWFhJg,2-5s,3.0,133.0,1.0,1.0,0.0,control,0,1,adjacent,0,5,1.0,1.0,1.0,0.0,1.0,1.0,1.0,0.0,1.6666666666666667,1.6666666666666667,2.0
R4fXcbWFhJg_1,R4fXcbWFhJg,2-5s,3.0,133.0,1.0,1.0,0.0,control,0,2,adjacent,0,5,1.0,1.0,1.0,0.0,1.0,1.0,1.0,0.0,1.6666666666666667,1.6666666666666667,1.6666666666666667
R4fXcbWFhJg_1,R4fXcbWFhJg,2-5s,3.0,133.0,1.0,1.0,0.0,control,0,3,adjacent,0,5,1.0,1.0,1.0,0.0,1.0,1.0,1.0,0.0,1.6666666666666667,1.6666666666666667,1.6666666666666667
R4fXcbWFhJg_1,R4fXcbWFhJg,2-5s,3.0,133.0,1.0,1.0,0.0,control,0,4,adjacent,0,5,1.0,1.0,1.0,0.0,1.0,1.0,1.0,0.0,1.6666666666666667,1.6666666666666667,1.6666666666666667
R4fXcbWFhJg_1,R4fXcbWFhJg,2-5s,3.0,133.0,1.0,1.0,0.0,control,0,5,adjacent,0,5,1.0,1.0,1.0,0.0,1.0,1.0,1.0,0.0,1.6666666666666667,1.6666666666666667,1.6666666666666667
R4fXcbWFhJg_1,R4fXcbWFhJg,2-5s,3.0,133.0,1.0,1.0,0.0,control,0,6,adjacent,0,5,1.0,1.0,1.0,0.0,1.0,1.0,1.0,0.0,1.6666666666666667,1.6666666666666667,1.6666666666666667
R4fXcbWFhJg_1,R4fXcbWFhJg,2-5s,3.0,133.0,1.0,1.0,0.0,control,0,7,adjacent,0,5,1.0,1.0,1.0,0.0,1.0,1.0,1.0,0.0,1.6666666666666667,1.6666666666666667,1.6666666666666667
R4fXcbWFhJg_1,R4fXcbWFhJg,2-5s,3.0,133.0,1.0,1.0,0.0,control,0,8,adjacent,0,5,1.0,1.0,1.0,0.0,1.0,1.0,1.0,0.0,1.6666666666666667,1.6666666666666667,2.0
R4fXcbWFhJg_1,R4fXcbWFhJg,2-5s,3.0,133.0,1.0,1.0,0.0,control,0,9,adjacent,0,5,1.0,1.0,1.0,0.0,1.0,1.0,1.0,0.0,1.6666666666666667,1.6666666666666667,1.6666666666666667
R4fXcbWFhJg_2,R4fXcbWFhJg,2-5s,3.0,133.0,0.0,0.6,-0.6,harmful,0,0,remote,0,19,1.0,1.0,1.0,0.0,0.0,0.0,0.0,0.0,2.0,1.0,2.0
R4fXcbWFhJg_2,R4fXcbWFhJg,2-5s,3.0,133.0,0.0,0.6,-0.6,harmful,0,1,remote,0,19,1.0,1.0,1.0,0.0,0.0,0.0,0.0,0.0,2.0,1.0,2.0
R4fXcbWFhJg_2,R4fXcbWFhJg,2-5s,3.0,133.0,0.0,0.6,-0.6,harmful,0,2,remote,0,19,1.0,1.0,1.0,0.0,0.0,0.0,0.0,0.0,2.0,1.0,1.6666666666666667
R4fXcbWFhJg_2,R4fXcbWFhJg,2-5s,3.0,133.0,0.0,0.6,-0.6,harmful,0,3,remote,0,19,1.0,1.0,1.0,0.0,0.0,0.0,0.0,0.0,2.0,1.0,2.0
R4fXcbWFhJg_2,R4fXcbWFhJg,2-5s,3.0,133.0,0.0,0.6,-0.6,harmful,0,4,remote,0,19,1.0,1.0,1.0,0.0,0.0,0.0,0.0,0.0,2.0,1.0,1.6666666666666667
R4fXcbWFhJg_2,R4fXcbWFhJg,2-5s,3.0,133.0,0.0,0.6,-0.6,harmful,0,5,remote,0,19,1.0,1.0,1.0,0.0,0.0,0.0,0.0,0.0,2.0,1.0,1.6666666666666667
R4fXcbWFhJg_2,R4fXcbWFhJg,2-5s,3.0,133.0,0.0,0.6,-0.6,harmful,0,6,remote,0,19,1.0,1.0,1.0,0.0,0.0,0.0,0.0,0.0,2.0,1.0,2.0
R4fXcbWFhJg_2,R4fXcbWFhJg,2-5s,3.0,133.0,0.0,0.6,-0.6,harmful,0,7,remote,0,19,1.0,1.0,1.0,0.0,0.0,0.0,0.0,0.0,2.0,1.0,1.6666666666666667
R4fXcbWFhJg_2,R4fXcbWFhJg,2-5s,3.0,133.0,0.0,0.6,-0.6,harmful,0,8,remote,0,19,1.0,1.0,1.0,0.0,0.0,0.0,0.0,0.0,2.0,1.0,1.6666666666666667
R4fXcbWFhJg_2,R4fXcbWFhJg,2-5s,3.0,133.0,0.0,0.6,-0.6,harmful,0,9,remote,0,19,1.0,1.0,1.0,0.0,0.0,0.0,0.0,0.0,2.0,1.0,2.0
RNBoH2LHQEM_2,RNBoH2LHQEM,2-5s,4.0,299.0,1.0,0.9,0.09999999999999998,control,0,0,remote,0,1,1.0,1.0,1.0,0.0,1.0,1.0,1.0,0.0,1.5,1.5,1.5
RNBoH2LHQEM_2,RNBoH2LHQEM,2-5s,4.0,299.0,1.0,0.9,0.09999999999999998,control,0,1,remote,0,1,1.0,1.0,1.0,0.0,1.0,1.0,1.0,0.0,1.5,1.5,1.5
RNBoH2LHQEM_2,RNBoH2LHQEM,2-5s,4.0,299.0,1.0,0.9,0.09999999999999998,control,0,2,remote,0,1,1.0,1.0,1.0,0.0,1.0,1.0,1.0,0.0,1.5,1.5,1.5
RNBoH2LHQEM_2,RNBoH2LHQEM,2-5s,4.0,299.0,1.0,0.9,0.09999999999999998,control,0,3,remote,0,1,1.0,1.0,1.0,0.0,1.0,1.0,1.0,0.0,1.5,1.5,1.5
RNBoH2LHQEM_2,RNBoH2LHQEM,2-5s,4.0,299.0,1.0,0.9,0.09999999999999998,control,0,4,remote,0,1,1.0,1.0,1.0,0.0,1.0,1.0,1.0,0.0,1.5,1.5,1.5
RNBoH2LHQEM_2,RNBoH2LHQEM,2-5s,4.0,299.0,1.0,0.9,0.09999999999999998,control,0,5,remote,0,1,1.0,1.0,1.0,0.0,1.0,1.0,1.0,0.0,1.5,1.5,1.5
RNBoH2LHQEM_2,RNBoH2LHQEM,2-5s,4.0,299.0,1.0,0.9,0.09999999999999998,control,0,6,remote,0,1,1.0,1.0,1.0,0.0,1.0,1.0,1.0,0.0,1.5,1.5,1.5
RNBoH2LHQEM_2,RNBoH2LHQEM,2-5s,4.0,299.0,1.0,0.9,0.09999999999999998,control,0,7,remote,0,1,1.0,1.0,1.0,0.0,1.0,1.0,1.0,0.0,1.5,1.5,1.5
RNBoH2LHQEM_2,RNBoH2LHQEM,2-5s,4.0,299.0,1.0,0.9,0.09999999999999998,control,0,8,remote,0,1,1.0,1.0,1.0,0.0,1.0,1.0,1.0,0.0,1.5,1.5,1.5
RNBoH2LHQEM_2,RNBoH2LHQEM,2-5s,4.0,299.0,1.0,0.9,0.09999999999999998,control,0,9,remote,0,1,1.0,1.0,1.0,0.0,1.0,1.0,1.0,0.0,1.5,1.5,1.5
RfGapDlAYoQ_1,RfGapDlAYoQ,2-5s,3.0,150.0,0.0,0.8,-0.8,harmful,0,0,remote,0,6,1.0,1.0,1.0,0.0,0.0,0.0,0.0,0.0,1.3333333333333333,2.0,1.3333333333333333
RfGapDlAYoQ_1,RfGapDlAYoQ,2-5s,3.0,150.0,0.0,0.8,-0.8,harmful,0,1,remote,0,6,1.0,1.0,1.0,0.0,0.0,0.0,0.0,0.0,1.3333333333333333,2.0,1.3333333333333333
RfGapDlAYoQ_1,RfGapDlAYoQ,2-5s,3.0,150.0,0.0,0.8,-0.8,harmful,0,2,remote,0,6,1.0,1.0,1.0,0.0,0.0,0.0,0.0,0.0,1.3333333333333333,2.0,1.3333333333333333
RfGapDlAYoQ_1,RfGapDlAYoQ,2-5s,3.0,150.0,0.0,0.8,-0.8,harmful,0,3,remote,0,6,1.0,1.0,1.0,0.0,0.0,0.0,0.0,0.0,1.3333333333333333,2.0,1.3333333333333333
RfGapDlAYoQ_1,RfGapDlAYoQ,2-5s,3.0,150.0,0.0,0.8,-0.8,harmful,0,4,remote,0,6,1.0,1.0,1.0,0.0,0.0,0.0,0.0,0.0,1.3333333333333333,2.0,1.6666666666666667
RfGapDlAYoQ_1,RfGapDlAYoQ,2-5s,3.0,150.0,0.0,0.8,-0.8,harmful,0,5,remote,0,6,1.0,1.0,1.0,0.0,0.0,0.0,0.0,0.0,1.3333333333333333,2.0,1.3333333333333333
RfGapDlAYoQ_1,RfGapDlAYoQ,2-5s,3.0,150.0,0.0,0.8,-0.8,harmful,0,6,remote,0,6,1.0,1.0,1.0,0.0,0.0,0.0,0.0,0.0,1.3333333333333333,2.0,1.3333333333333333
RfGapDlAYoQ_1,RfGapDlAYoQ,2-5s,3.0,150.0,0.0,0.8,-0.8,harmful,0,7,remote,0,6,1.0,1.0,1.0,0.0,0.0,0.0,0.0,0.0,1.3333333333333333,2.0,1.3333333333333333
RfGapDlAYoQ_1,RfGapDlAYoQ,2-5s,3.0,150.0,0.0,0.8,-0.8,harmful,0,8,remote,0,6,1.0,1.0,1.0,0.0,0.0,0.0,0.0,0.0,1.3333333333333333,2.0,1.3333333333333333
RfGapDlAYoQ_1,RfGapDlAYoQ,2-5s,3.0,150.0,0.0,0.8,-0.8,harmful,0,9,remote,0,6,1.0,1.0,1.0,0.0,0.0,0.0,0.0,0.0,1.3333333333333333,2.0,1.3333333333333333
RfGapDlAYoQ_2,RfGapDlAYoQ,0-2s,1.0,150.0,0.0,0.1,-0.1,harmful,1,0,remote,0,6,0.0,0.0,0.0,0.0,0.0,0.0,0.0,0.0,5.0,7.0,5.0
RfGapDlAYoQ_2,RfGapDlAYoQ,0-2s,1.0,150.0,0.0,0.1,-0.1,harmful,1,1,remote,0,6,0.0,0.0,0.0,0.0,0.0,0.0,0.0,0.0,5.0,7.0,5.0
RfGapDlAYoQ_2,RfGapDlAYoQ,0-2s,1.0,150.0,0.0,0.1,-0.1,harmful,1,2,remote,0,6,0.0,0.0,0.0,0.0,0.0,0.0,0.0,0.0,5.0,7.0,5.0
RfGapDlAYoQ_2,RfGapDlAYoQ,0-2s,1.0,150.0,0.0,0.1,-0.1,harmful,1,3,remote,0,6,0.0,0.0,0.0,0.0,0.0,0.0,0.0,0.0,5.0,7.0,5.0
RfGapDlAYoQ_2,RfGapDlAYoQ,0-2s,1.0,150.0,0.0,0.1,-0.1,harmful,1,4,remote,0,6,0.0,0.0,0.0,0.0,0.0,0.0,0.0,0.0,5.0,7.0,5.0
RfGapDlAYoQ_2,RfGapDlAYoQ,0-2s,1.0,150.0,0.0,0.1,-0.1,harmful,1,5,remote,0,6,0.0,0.0,0.0,0.0,0.0,0.0,0.0,0.0,5.0,7.0,5.0
RfGapDlAYoQ_2,RfGapDlAYoQ,0-2s,1.0,150.0,0.0,0.1,-0.1,harmful,1,6,remote,0,6,0.0,0.0,0.0,0.0,0.0,0.0,0.0,0.0,5.0,7.0,5.0
RfGapDlAYoQ_2,RfGapDlAYoQ,0-2s,1.0,150.0,0.0,0.1,-0.1,harmful,1,7,remote,0,6,0.0,0.0,0.0,0.0,0.0,0.0,0.0,0.0,5.0,7.0,5.0
RfGapDlAYoQ_2,RfGapDlAYoQ,0-2s,1.0,150.0,0.0,0.1,-0.1,harmful,1,8,remote,0,6,0.0,0.0,0.0,0.0,0.0,0.0,0.0,0.0,5.0,7.0,5.0
RfGapDlAYoQ_2,RfGapDlAYoQ,0-2s,1.0,150.0,0.0,0.1,-0.1,harmful,1,9,remote,0,6,0.0,0.0,0.0,0.0,0.0,0.0,0.0,0.0,5.0,7.0,5.0
RfGapDlAYoQ_3,RfGapDlAYoQ,2-5s,4.0,150.0,0.0,0.3,-0.3,harmful,1,0,remote,0,9,0.0,0.0,0.0,0.0,0.0,0.0,0.0,0.0,1.5,1.5,1.25
RfGapDlAYoQ_3,RfGapDlAYoQ,2-5s,4.0,150.0,0.0,0.3,-0.3,harmful,1,1,remote,0,9,0.0,0.0,0.0,0.0,0.0,0.0,0.0,0.0,1.5,1.5,1.5
RfGapDlAYoQ_3,RfGapDlAYoQ,2-5s,4.0,150.0,0.0,0.3,-0.3,harmful,1,2,remote,0,9,0.0,0.0,0.0,0.0,0.0,0.0,0.0,0.0,1.5,1.5,1.5
RfGapDlAYoQ_3,RfGapDlAYoQ,2-5s,4.0,150.0,0.0,0.3,-0.3,harmful,1,3,remote,0,9,0.0,0.0,0.0,0.0,0.0,0.0,0.0,0.0,1.5,1.5,1.5
RfGapDlAYoQ_3,RfGapDlAYoQ,2-5s,4.0,150.0,0.0,0.3,-0.3,harmful,1,4,remote,0,9,0.0,0.0,0.0,0.0,0.0,0.0,0.0,0.0,1.5,1.5,1.5
RfGapDlAYoQ_3,RfGapDlAYoQ,2-5s,4.0,150.0,0.0,0.3,-0.3,harmful,1,5,remote,0,9,0.0,0.0,0.0,0.0,0.0,0.0,0.0,0.0,1.5,1.5,1.5
RfGapDlAYoQ_3,RfGapDlAYoQ,2-5s,4.0,150.0,0.0,0.3,-0.3,harmful,1,6,remote,0,9,0.0,0.0,0.0,0.0,0.0,0.0,0.0,0.0,1.5,1.5,1.5
RfGapDlAYoQ_3,RfGapDlAYoQ,2-5s,4.0,150.0,0.0,0.3,-0.3,harmful,1,7,remote,0,9,0.0,0.0,0.0,0.0,0.0,0.0,0.0,0.0,1.5,1.5,1.5
RfGapDlAYoQ_3,RfGapDlAYoQ,2-5s,4.0,150.0,0.0,0.3,-0.3,harmful,1,8,remote,0,9,0.0,0.0,0.0,0.0,0.0,0.0,0.0,0.0,1.5,1.5,1.5
RfGapDlAYoQ_3,RfGapDlAYoQ,2-5s,4.0,150.0,0.0,0.3,-0.3,harmful,1,9,remote,0,9,0.0,0.0,0.0,0.0,0.0,0.0,0.0,0.0,1.5,1.5,1.5
Rp4Ct_TQvAM_2,Rp4Ct_TQvAM,2-5s,2.0,299.0,0.0,0.3,-0.3,harmful,1,0,remote,0,23,0.0,1.0,0.0,100.0,0.0,0.0,0.0,0.0,6.0,5.0,6.0
Rp4Ct_TQvAM_2,Rp4Ct_TQvAM,2-5s,2.0,299.0,0.0,0.3,-0.3,harmful,1,1,remote,0,23,0.0,1.0,0.0,100.0,0.0,0.0,0.0,0.0,6.0,5.0,6.0
Rp4Ct_TQvAM_2,Rp4Ct_TQvAM,2-5s,2.0,299.0,0.0,0.3,-0.3,harmful,1,2,remote,0,23,0.0,1.0,0.0,100.0,0.0,0.0,0.0,0.0,6.0,5.0,5.5
Rp4Ct_TQvAM_2,Rp4Ct_TQvAM,2-5s,2.0,299.0,0.0,0.3,-0.3,harmful,1,3,remote,0,23,0.0,1.0,0.0,100.0,0.0,0.0,0.0,0.0,6.0,5.0,5.5
Rp4Ct_TQvAM_2,Rp4Ct_TQvAM,2-5s,2.0,299.0,0.0,0.3,-0.3,harmful,1,4,remote,0,23,0.0,1.0,0.0,100.0,0.0,0.0,0.0,0.0,6.0,5.0,6.0
Rp4Ct_TQvAM_2,Rp4Ct_TQvAM,2-5s,2.0,299.0,0.0,0.3,-0.3,harmful,1,5,remote,0,23,0.0,1.0,0.0,100.0,0.0,0.0,0.0,0.0,6.0,5.0,6.0
Rp4Ct_TQvAM_2,Rp4Ct_TQvAM,2-5s,2.0,299.0,0.0,0.3,-0.3,harmful,1,6,remote,0,23,0.0,1.0,0.0,100.0,0.0,0.0,0.0,0.0,6.0,5.0,6.0
Rp4Ct_TQvAM_2,Rp4Ct_TQvAM,2-5s,2.0,299.0,0.0,0.3,-0.3,harmful,1,7,remote,0,23,0.0,1.0,0.0,100.0,0.0,0.0,0.0,0.0,6.0,5.0,5.5
Rp4Ct_TQvAM_2,Rp4Ct_TQvAM,2-5s,2.0,299.0,0.0,0.3,-0.3,harmful,1,8,remote,0,23,0.0,1.0,0.0,100.0,0.0,0.0,0.0,0.0,6.0,5.0,5.5
Rp4Ct_TQvAM_2,Rp4Ct_TQvAM,2-5s,2.0,299.0,0.0,0.3,-0.3,harmful,1,9,remote,0,23,0.0,1.0,0.0,100.0,0.0,0.0,0.0,0.0,6.0,5.0,5.5
RrmBGjJqlEo_1,RrmBGjJqlEo,2-5s,2.0,300.0,0.0,1.0,-1.0,harmful,0,0,remote,0,17,1.0,1.0,1.0,0.0,0.0,0.0,0.0,0.0,5.5,5.5,5.5
RrmBGjJqlEo_1,RrmBGjJqlEo,2-5s,2.0,300.0,0.0,1.0,-1.0,harmful,0,1,remote,0,17,1.0,1.0,1.0,0.0,0.0,0.0,0.0,0.0,5.5,5.5,5.5
RrmBGjJqlEo_1,RrmBGjJqlEo,2-5s,2.0,300.0,0.0,1.0,-1.0,harmful,0,2,remote,0,17,1.0,1.0,1.0,0.0,0.0,0.0,0.0,0.0,5.5,5.5,5.5
RrmBGjJqlEo_1,RrmBGjJqlEo,2-5s,2.0,300.0,0.0,1.0,-1.0,harmful,0,3,remote,0,17,1.0,1.0,1.0,0.0,0.0,0.0,0.0,0.0,5.5,5.5,5.5
RrmBGjJqlEo_1,RrmBGjJqlEo,2-5s,2.0,300.0,0.0,1.0,-1.0,harmful,0,4,remote,0,17,1.0,1.0,1.0,0.0,0.0,0.0,0.0,0.0,5.5,5.5,5.5
RrmBGjJqlEo_1,RrmBGjJqlEo,2-5s,2.0,300.0,0.0,1.0,-1.0,harmful,0,5,remote,0,17,1.0,1.0,1.0,0.0,0.0,0.0,0.0,0.0,5.5,5.5,5.5
RrmBGjJqlEo_1,RrmBGjJqlEo,2-5s,2.0,300.0,0.0,1.0,-1.0,harmful,0,6,remote,0,17,1.0,1.0,1.0,0.0,0.0,0.0,0.0,0.0,5.5,5.5,5.5
RrmBGjJqlEo_1,RrmBGjJqlEo,2-5s,2.0,300.0,0.0,1.0,-1.0,harmful,0,7,remote,0,17,1.0,1.0,1.0,0.0,0.0,0.0,0.0,0.0,5.5,5.5,5.5
RrmBGjJqlEo_1,RrmBGjJqlEo,2-5s,2.0,300.0,0.0,1.0,-1.0,harmful,0,8,remote,0,17,1.0,1.0,1.0,0.0,0.0,0.0,0.0,0.0,5.5,5.5,5.5
RrmBGjJqlEo_1,RrmBGjJqlEo,2-5s,2.0,300.0,0.0,1.0,-1.0,harmful,0,9,remote,0,17,1.0,1.0,1.0,0.0,0.0,0.0,0.0,0.0,5.5,5.5,5.5
S0SQyFXbqF8_2,S0SQyFXbqF8,2-5s,2.0,96.0,1.0,0.7,0.30000000000000004,control,0,0,remote,0,15,1.0,1.0,1.0,0.0,0.0,0.0,0.0,0.0,3.0,1.5,3.0
S0SQyFXbqF8_2,S0SQyFXbqF8,2-5s,2.0,96.0,1.0,0.7,0.30000000000000004,control,0,1,remote,0,15,1.0,1.0,1.0,0.0,0.0,0.0,0.0,0.0,3.0,1.5,3.0
S0SQyFXbqF8_2,S0SQyFXbqF8,2-5s,2.0,96.0,1.0,0.7,0.30000000000000004,control,0,2,remote,0,15,1.0,1.0,1.0,0.0,0.0,0.0,0.0,0.0,3.0,1.5,3.0
S0SQyFXbqF8_2,S0SQyFXbqF8,2-5s,2.0,96.0,1.0,0.7,0.30000000000000004,control,0,3,remote,0,15,1.0,1.0,0.0,100.0,0.0,0.0,0.0,0.0,3.0,1.5,3.0
S0SQyFXbqF8_2,S0SQyFXbqF8,2-5s,2.0,96.0,1.0,0.7,0.30000000000000004,control,0,4,remote,0,15,1.0,1.0,0.0,100.0,0.0,0.0,0.0,0.0,3.0,1.5,3.0
S0SQyFXbqF8_2,S0SQyFXbqF8,2-5s,2.0,96.0,1.0,0.7,0.30000000000000004,control,0,5,remote,0,15,1.0,1.0,0.0,100.0,0.0,0.0,0.0,0.0,3.0,1.5,3.0
S0SQyFXbqF8_2,S0SQyFXbqF8,2-5s,2.0,96.0,1.0,0.7,0.30000000000000004,control,0,6,remote,0,15,1.0,1.0,1.0,0.0,0.0,0.0,0.0,0.0,3.0,1.5,3.0
S0SQyFXbqF8_2,S0SQyFXbqF8,2-5s,2.0,96.0,1.0,0.7,0.30000000000000004,control,0,7,remote,0,15,1.0,1.0,1.0,0.0,0.0,0.0,0.0,0.0,3.0,1.5,3.0
S0SQyFXbqF8_2,S0SQyFXbqF8,2-5s,2.0,96.0,1.0,0.7,0.30000000000000004,control,0,8,remote,0,15,1.0,1.0,1.0,0.0,0.0,0.0,0.0,0.0,3.0,1.5,3.0
S0SQyFXbqF8_2,S0SQyFXbqF8,2-5s,2.0,96.0,1.0,0.7,0.30000000000000004,control,0,9,remote,0,15,1.0,1.0,1.0,0.0,0.0,0.0,0.0,0.0,3.0,1.5,3.0
SQHYl2Kp5ww_2,SQHYl2Kp5ww,2-5s,4.0,300.0,1.0,0.7,0.30000000000000004,control,1,0,moderately_near,0,8,0.0,0.0,0.0,0.0,0.0,0.0,0.0,0.0,14.75,14.25,14.75
SQHYl2Kp5ww_2,SQHYl2Kp5ww,2-5s,4.0,300.0,1.0,0.7,0.30000000000000004,control,1,1,moderately_near,0,8,0.0,0.0,0.0,0.0,0.0,0.0,0.0,0.0,14.75,14.25,14.75
SQHYl2Kp5ww_2,SQHYl2Kp5ww,2-5s,4.0,300.0,1.0,0.7,0.30000000000000004,control,1,2,moderately_near,0,8,0.0,0.0,0.0,0.0,0.0,0.0,0.0,0.0,14.75,14.25,14.75
SQHYl2Kp5ww_2,SQHYl2Kp5ww,2-5s,4.0,300.0,1.0,0.7,0.30000000000000004,control,1,3,moderately_near,0,8,0.0,0.0,0.0,0.0,0.0,0.0,0.0,0.0,14.75,14.25,14.75
SQHYl2Kp5ww_2,SQHYl2Kp5ww,2-5s,4.0,300.0,1.0,0.7,0.30000000000000004,control,1,4,moderately_near,0,8,0.0,0.0,0.0,0.0,0.0,0.0,0.0,0.0,14.75,14.25,14.75
SQHYl2Kp5ww_2,SQHYl2Kp5ww,2-5s,4.0,300.0,1.0,0.7,0.30000000000000004,control,1,5,moderately_near,0,8,0.0,0.0,0.0,0.0,0.0,0.0,0.0,0.0,14.75,14.25,14.75
SQHYl2Kp5ww_2,SQHYl2Kp5ww,2-5s,4.0,300.0,1.0,0.7,0.30000000000000004,control,1,6,moderately_near,0,8,0.0,0.0,0.0,0.0,0.0,0.0,0.0,0.0,14.75,14.25,14.75
SQHYl2Kp5ww_2,SQHYl2Kp5ww,2-5s,4.0,300.0,1.0,0.7,0.30000000000000004,control,1,7,moderately_near,0,8,0.0,0.0,0.0,0.0,0.0,0.0,0.0,0.0,14.75,14.25,14.75
SQHYl2Kp5ww_2,SQHYl2Kp5ww,2-5s,4.0,300.0,1.0,0.7,0.30000000000000004,control,1,8,moderately_near,0,8,0.0,0.0,0.0,0.0,0.0,0.0,0.0,0.0,14.75,14.25,14.75
SQHYl2Kp5ww_2,SQHYl2Kp5ww,2-5s,4.0,300.0,1.0,0.7,0.30000000000000004,control,1,9,moderately_near,0,8,0.0,0.0,0.0,0.0,0.0,0.0,0.0,0.0,14.75,14.25,14.75
T32kii824pA_2,T32kii824pA,2-5s,2.0,299.0,1.0,0.6,0.4,control,1,0,remote,0,1,0.0,0.0,0.0,0.0,0.0,0.0,0.0,0.0,4.5,4.5,4.5
T32kii824pA_2,T32kii824pA,2-5s,2.0,299.0,1.0,0.6,0.4,control,1,1,remote,0,1,0.0,0.0,0.0,0.0,0.0,0.0,0.0,0.0,4.5,4.5,4.5
T32kii824pA_2,T32kii824pA,2-5s,2.0,299.0,1.0,0.6,0.4,control,1,2,remote,0,1,0.0,0.0,0.0,0.0,0.0,0.0,0.0,0.0,4.5,4.5,4.5
T32kii824pA_2,T32kii824pA,2-5s,2.0,299.0,1.0,0.6,0.4,control,1,3,remote,0,1,0.0,0.0,0.0,0.0,0.0,0.0,0.0,0.0,4.5,4.5,4.5
T32kii824pA_2,T32kii824pA,2-5s,2.0,299.0,1.0,0.6,0.4,control,1,4,remote,0,1,0.0,0.0,0.0,0.0,0.0,0.0,0.0,0.0,4.5,4.5,4.5
T32kii824pA_2,T32kii824pA,2-5s,2.0,299.0,1.0,0.6,0.4,control,1,5,remote,0,1,0.0,0.0,0.0,0.0,0.0,0.0,0.0,0.0,4.5,4.5,4.5
T32kii824pA_2,T32kii824pA,2-5s,2.0,299.0,1.0,0.6,0.4,control,1,6,remote,0,1,0.0,0.0,0.0,0.0,0.0,0.0,0.0,0.0,4.5,4.5,4.5
T32kii824pA_2,T32kii824pA,2-5s,2.0,299.0,1.0,0.6,0.4,control,1,7,remote,0,1,0.0,0.0,0.0,0.0,0.0,0.0,0.0,0.0,4.5,4.5,4.5
T32kii824pA_2,T32kii824pA,2-5s,2.0,299.0,1.0,0.6,0.4,control,1,8,remote,0,1,0.0,0.0,0.0,0.0,0.0,0.0,0.0,0.0,4.5,4.5,4.5
T32kii824pA_2,T32kii824pA,2-5s,2.0,299.0,1.0,0.6,0.4,control,1,9,remote,0,1,0.0,0.0,0.0,0.0,0.0,0.0,0.0,0.0,4.5,4.5,4.5
T9_ep-3BZDY_1,T9_ep-3BZDY,0-2s,1.0,299.0,1.0,0.4,0.6,control,1,0,remote,0,1,0.0,0.0,0.0,0.0,0.0,0.0,0.0,0.0,9.0,9.0,9.0
T9_ep-3BZDY_1,T9_ep-3BZDY,0-2s,1.0,299.0,1.0,0.4,0.6,control,1,1,remote,0,1,0.0,0.0,0.0,0.0,0.0,0.0,0.0,0.0,9.0,9.0,9.0
T9_ep-3BZDY_1,T9_ep-3BZDY,0-2s,1.0,299.0,1.0,0.4,0.6,control,1,2,remote,0,1,0.0,0.0,0.0,0.0,0.0,0.0,0.0,0.0,9.0,9.0,9.0
T9_ep-3BZDY_1,T9_ep-3BZDY,0-2s,1.0,299.0,1.0,0.4,0.6,control,1,3,remote,0,1,0.0,0.0,0.0,0.0,0.0,0.0,0.0,0.0,9.0,9.0,9.0
T9_ep-3BZDY_1,T9_ep-3BZDY,0-2s,1.0,299.0,1.0,0.4,0.6,control,1,4,remote,0,1,0.0,0.0,0.0,0.0,0.0,0.0,0.0,0.0,9.0,9.0,9.0
T9_ep-3BZDY_1,T9_ep-3BZDY,0-2s,1.0,299.0,1.0,0.4,0.6,control,1,5,remote,0,1,0.0,0.0,0.0,0.0,0.0,0.0,0.0,0.0,9.0,9.0,9.0
T9_ep-3BZDY_1,T9_ep-3BZDY,0-2s,1.0,299.0,1.0,0.4,0.6,control,1,6,remote,0,1,0.0,0.0,0.0,0.0,0.0,0.0,0.0,0.0,9.0,9.0,9.0
T9_ep-3BZDY_1,T9_ep-3BZDY,0-2s,1.0,299.0,1.0,0.4,0.6,control,1,7,remote,0,1,0.0,0.0,0.0,0.0,0.0,0.0,0.0,0.0,9.0,9.0,9.0
T9_ep-3BZDY_1,T9_ep-3BZDY,0-2s,1.0,299.0,1.0,0.4,0.6,control,1,8,remote,0,1,0.0,0.0,0.0,0.0,0.0,0.0,0.0,0.0,9.0,9.0,9.0
T9_ep-3BZDY_1,T9_ep-3BZDY,0-2s,1.0,299.0,1.0,0.4,0.6,control,1,9,remote,0,1,0.0,0.0,0.0,0.0,0.0,0.0,0.0,0.0,9.0,9.0,9.0
T9_ep-3BZDY_2,T9_ep-3BZDY,0-2s,1.0,299.0,0.0,0.2,-0.2,harmful,1,0,remote,0,10,0.0,0.0,0.0,0.0,0.0,0.0,0.0,0.0,14.0,13.0,14.0
T9_ep-3BZDY_2,T9_ep-3BZDY,0-2s,1.0,299.0,0.0,0.2,-0.2,harmful,1,1,remote,0,10,0.0,0.0,0.0,0.0,0.0,0.0,0.0,0.0,14.0,13.0,14.0
T9_ep-3BZDY_2,T9_ep-3BZDY,0-2s,1.0,299.0,0.0,0.2,-0.2,harmful,1,2,remote,0,10,0.0,0.0,0.0,0.0,0.0,0.0,0.0,0.0,14.0,13.0,14.0
T9_ep-3BZDY_2,T9_ep-3BZDY,0-2s,1.0,299.0,0.0,0.2,-0.2,harmful,1,3,remote,0,10,0.0,0.0,0.0,0.0,0.0,0.0,0.0,0.0,14.0,13.0,15.0
T9_ep-3BZDY_2,T9_ep-3BZDY,0-2s,1.0,299.0,0.0,0.2,-0.2,harmful,1,4,remote,0,10,0.0,0.0,0.0,0.0,0.0,0.0,0.0,0.0,14.0,13.0,15.0
T9_ep-3BZDY_2,T9_ep-3BZDY,0-2s,1.0,299.0,0.0,0.2,-0.2,harmful,1,5,remote,0,10,0.0,0.0,0.0,0.0,0.0,0.0,0.0,0.0,14.0,13.0,14.0
T9_ep-3BZDY_2,T9_ep-3BZDY,0-2s,1.0,299.0,0.0,0.2,-0.2,harmful,1,6,remote,0,10,0.0,0.0,0.0,0.0,0.0,0.0,0.0,0.0,14.0,13.0,15.0
T9_ep-3BZDY_2,T9_ep-3BZDY,0-2s,1.0,299.0,0.0,0.2,-0.2,harmful,1,7,remote,0,10,0.0,0.0,0.0,0.0,0.0,0.0,0.0,0.0,14.0,13.0,14.0
T9_ep-3BZDY_2,T9_ep-3BZDY,0-2s,1.0,299.0,0.0,0.2,-0.2,harmful,1,8,remote,0,10,0.0,0.0,0.0,0.0,0.0,0.0,0.0,0.0,14.0,13.0,14.0
T9_ep-3BZDY_2,T9_ep-3BZDY,0-2s,1.0,299.0,0.0,0.2,-0.2,harmful,1,9,remote,0,10,0.0,0.0,0.0,0.0,0.0,0.0,0.0,0.0,14.0,13.0,14.0
Tgxst7Ft9js_1,Tgxst7Ft9js,2-5s,4.0,225.0,1.0,1.0,0.0,control,0,0,remote,0,32,1.0,1.0,1.0,0.0,1.0,1.0,1.0,0.0,1.0,2.75,1.0
Tgxst7Ft9js_1,Tgxst7Ft9js,2-5s,4.0,225.0,1.0,1.0,0.0,control,0,1,remote,0,32,1.0,1.0,1.0,0.0,1.0,1.0,1.0,0.0,1.0,2.75,1.0
Tgxst7Ft9js_1,Tgxst7Ft9js,2-5s,4.0,225.0,1.0,1.0,0.0,control,0,2,remote,0,32,1.0,1.0,1.0,0.0,1.0,1.0,1.0,0.0,1.0,2.75,1.0
Tgxst7Ft9js_1,Tgxst7Ft9js,2-5s,4.0,225.0,1.0,1.0,0.0,control,0,3,remote,0,32,1.0,1.0,1.0,0.0,1.0,1.0,1.0,0.0,1.0,2.75,1.0
Tgxst7Ft9js_1,Tgxst7Ft9js,2-5s,4.0,225.0,1.0,1.0,0.0,control,0,4,remote,0,32,1.0,1.0,1.0,0.0,1.0,1.0,1.0,0.0,1.0,2.75,1.0
Tgxst7Ft9js_1,Tgxst7Ft9js,2-5s,4.0,225.0,1.0,1.0,0.0,control,0,5,remote,0,32,1.0,1.0,1.0,0.0,1.0,1.0,1.0,0.0,1.0,2.75,1.0
Tgxst7Ft9js_1,Tgxst7Ft9js,2-5s,4.0,225.0,1.0,1.0,0.0,control,0,6,remote,0,32,1.0,1.0,1.0,0.0,1.0,1.0,1.0,0.0,1.0,2.75,1.0
Tgxst7Ft9js_1,Tgxst7Ft9js,2-5s,4.0,225.0,1.0,1.0,0.0,control,0,7,remote,0,32,1.0,1.0,1.0,0.0,1.0,1.0,1.0,0.0,1.0,2.75,1.0
Tgxst7Ft9js_1,Tgxst7Ft9js,2-5s,4.0,225.0,1.0,1.0,0.0,control,0,8,remote,0,32,1.0,1.0,1.0,0.0,1.0,1.0,1.0,0.0,1.0,2.75,1.0
Tgxst7Ft9js_1,Tgxst7Ft9js,2-5s,4.0,225.0,1.0,1.0,0.0,control,0,9,remote,0,32,1.0,1.0,1.0,0.0,1.0,1.0,1.0,0.0,1.0,2.75,1.0
TtRtURWVYBE_2,TtRtURWVYBE,2-5s,3.0,67.0,1.0,1.0,0.0,control,0,0,moderately_near,0,4,1.0,1.0,1.0,0.0,1.0,1.0,1.0,0.0,1.0,1.0,1.0
TtRtURWVYBE_2,TtRtURWVYBE,2-5s,3.0,67.0,1.0,1.0,0.0,control,0,1,moderately_near,0,4,1.0,1.0,1.0,0.0,1.0,1.0,1.0,0.0,1.0,1.0,1.0
TtRtURWVYBE_2,TtRtURWVYBE,2-5s,3.0,67.0,1.0,1.0,0.0,control,0,2,moderately_near,0,4,1.0,1.0,1.0,0.0,1.0,1.0,1.0,0.0,1.0,1.0,1.0
TtRtURWVYBE_2,TtRtURWVYBE,2-5s,3.0,67.0,1.0,1.0,0.0,control,0,3,moderately_near,0,4,1.0,1.0,1.0,0.0,1.0,1.0,1.0,0.0,1.0,1.0,1.0
TtRtURWVYBE_2,TtRtURWVYBE,2-5s,3.0,67.0,1.0,1.0,0.0,control,0,4,moderately_near,0,4,1.0,1.0,1.0,0.0,1.0,1.0,1.0,0.0,1.0,1.0,1.0
TtRtURWVYBE_2,TtRtURWVYBE,2-5s,3.0,67.0,1.0,1.0,0.0,control,0,5,moderately_near,0,4,1.0,1.0,1.0,0.0,1.0,1.0,1.0,0.0,1.0,1.0,1.0
TtRtURWVYBE_2,TtRtURWVYBE,2-5s,3.0,67.0,1.0,1.0,0.0,control,0,6,moderately_near,0,4,1.0,1.0,1.0,0.0,1.0,1.0,1.0,0.0,1.0,1.0,1.0
TtRtURWVYBE_2,TtRtURWVYBE,2-5s,3.0,67.0,1.0,1.0,0.0,control,0,7,moderately_near,0,4,1.0,1.0,1.0,0.0,1.0,1.0,1.0,0.0,1.0,1.0,1.0
TtRtURWVYBE_2,TtRtURWVYBE,2-5s,3.0,67.0,1.0,1.0,0.0,control,0,8,moderately_near,0,4,1.0,1.0,1.0,0.0,1.0,1.0,1.0,0.0,1.0,1.0,1.0
TtRtURWVYBE_2,TtRtURWVYBE,2-5s,3.0,67.0,1.0,1.0,0.0,control,0,9,moderately_near,0,4,1.0,1.0,1.0,0.0,1.0,1.0,1.0,0.0,1.0,1.0,1.0
U3CAjsm1sec_1,U3CAjsm1sec,2-5s,4.0,89.0,0.0,0.1,-0.1,harmful,1,0,remote,0,5,0.0,0.0,0.0,0.0,0.0,0.0,0.0,0.0,0.75,2.25,0.75
U3CAjsm1sec_1,U3CAjsm1sec,2-5s,4.0,89.0,0.0,0.1,-0.1,harmful,1,1,remote,0,5,0.0,0.0,0.0,0.0,0.0,0.0,0.0,0.0,0.75,2.25,1.0
U3CAjsm1sec_1,U3CAjsm1sec,2-5s,4.0,89.0,0.0,0.1,-0.1,harmful,1,2,remote,0,5,0.0,0.0,0.0,0.0,0.0,0.0,0.0,0.0,0.75,2.25,1.0
U3CAjsm1sec_1,U3CAjsm1sec,2-5s,4.0,89.0,0.0,0.1,-0.1,harmful,1,3,remote,0,5,0.0,0.0,0.0,0.0,0.0,0.0,0.0,0.0,0.75,2.25,0.75
U3CAjsm1sec_1,U3CAjsm1sec,2-5s,4.0,89.0,0.0,0.1,-0.1,harmful,1,4,remote,0,5,0.0,0.0,0.0,0.0,0.0,0.0,0.0,0.0,0.75,2.25,0.75
U3CAjsm1sec_1,U3CAjsm1sec,2-5s,4.0,89.0,0.0,0.1,-0.1,harmful,1,5,remote,0,5,0.0,0.0,0.0,0.0,0.0,0.0,0.0,0.0,0.75,2.25,0.75
U3CAjsm1sec_1,U3CAjsm1sec,2-5s,4.0,89.0,0.0,0.1,-0.1,harmful,1,6,remote,0,5,0.0,0.0,0.0,0.0,0.0,0.0,0.0,0.0,0.75,2.25,0.75
U3CAjsm1sec_1,U3CAjsm1sec,2-5s,4.0,89.0,0.0,0.1,-0.1,harmful,1,7,remote,0,5,0.0,0.0,0.0,0.0,0.0,0.0,0.0,0.0,0.75,2.25,1.0
U3CAjsm1sec_1,U3CAjsm1sec,2-5s,4.0,89.0,0.0,0.1,-0.1,harmful,1,8,remote,0,5,0.0,0.0,0.0,0.0,0.0,0.0,0.0,0.0,0.75,2.25,0.75
U3CAjsm1sec_1,U3CAjsm1sec,2-5s,4.0,89.0,0.0,0.1,-0.1,harmful,1,9,remote,0,5,0.0,0.0,0.0,0.0,0.0,0.0,0.0,0.0,0.75,2.25,0.75
U5ij0M7T-hk_1,U5ij0M7T-hk,2-5s,3.0,223.0,1.0,1.0,0.0,control,0,0,remote,0,3,1.0,1.0,1.0,0.0,0.0,0.0,0.0,0.0,2.0,2.0,2.0
U5ij0M7T-hk_1,U5ij0M7T-hk,2-5s,3.0,223.0,1.0,1.0,0.0,control,0,1,remote,0,3,1.0,1.0,1.0,0.0,0.0,0.0,0.0,0.0,2.0,2.0,2.0
U5ij0M7T-hk_1,U5ij0M7T-hk,2-5s,3.0,223.0,1.0,1.0,0.0,control,0,2,remote,0,3,1.0,1.0,1.0,0.0,0.0,0.0,0.0,0.0,2.0,2.0,2.0
U5ij0M7T-hk_1,U5ij0M7T-hk,2-5s,3.0,223.0,1.0,1.0,0.0,control,0,3,remote,0,3,1.0,1.0,1.0,0.0,0.0,0.0,0.0,0.0,2.0,2.0,2.0
U5ij0M7T-hk_1,U5ij0M7T-hk,2-5s,3.0,223.0,1.0,1.0,0.0,control,0,4,remote,0,3,1.0,1.0,1.0,0.0,0.0,0.0,0.0,0.0,2.0,2.0,2.0
U5ij0M7T-hk_1,U5ij0M7T-hk,2-5s,3.0,223.0,1.0,1.0,0.0,control,0,5,remote,0,3,1.0,1.0,1.0,0.0,0.0,0.0,0.0,0.0,2.0,2.0,2.0
U5ij0M7T-hk_1,U5ij0M7T-hk,2-5s,3.0,223.0,1.0,1.0,0.0,control,0,6,remote,0,3,1.0,1.0,1.0,0.0,0.0,0.0,0.0,0.0,2.0,2.0,2.0
U5ij0M7T-hk_1,U5ij0M7T-hk,2-5s,3.0,223.0,1.0,1.0,0.0,control,0,7,remote,0,3,1.0,1.0,1.0,0.0,0.0,0.0,0.0,0.0,2.0,2.0,2.0
U5ij0M7T-hk_1,U5ij0M7T-hk,2-5s,3.0,223.0,1.0,1.0,0.0,control,0,8,remote,0,3,1.0,1.0,1.0,0.0,0.0,0.0,0.0,0.0,2.0,2.0,2.0
U5ij0M7T-hk_1,U5ij0M7T-hk,2-5s,3.0,223.0,1.0,1.0,0.0,control,0,9,remote,0,3,1.0,1.0,1.0,0.0,0.0,0.0,0.0,0.0,2.0,2.0,2.0
U90e2P9jy30_1,U90e2P9jy30,2-5s,2.0,300.0,0.0,0.9,-0.9,harmful,0,0,remote,0,32,1.0,1.0,1.0,0.0,0.0,0.0,0.0,0.0,5.5,5.5,5.5
U90e2P9jy30_1,U90e2P9jy30,2-5s,2.0,300.0,0.0,0.9,-0.9,harmful,0,1,remote,0,32,1.0,1.0,1.0,0.0,0.0,0.0,0.0,0.0,5.5,5.5,5.5
U90e2P9jy30_1,U90e2P9jy30,2-5s,2.0,300.0,0.0,0.9,-0.9,harmful,0,2,remote,0,32,1.0,1.0,1.0,0.0,0.0,0.0,0.0,0.0,5.5,5.5,5.5
U90e2P9jy30_1,U90e2P9jy30,2-5s,2.0,300.0,0.0,0.9,-0.9,harmful,0,3,remote,0,32,1.0,1.0,1.0,0.0,0.0,0.0,0.0,0.0,5.5,5.5,5.5
U90e2P9jy30_1,U90e2P9jy30,2-5s,2.0,300.0,0.0,0.9,-0.9,harmful,0,4,remote,0,32,1.0,1.0,1.0,0.0,0.0,0.0,0.0,0.0,5.5,5.5,5.5
U90e2P9jy30_1,U90e2P9jy30,2-5s,2.0,300.0,0.0,0.9,-0.9,harmful,0,5,remote,0,32,1.0,1.0,1.0,0.0,0.0,0.0,0.0,0.0,5.5,5.5,5.5
U90e2P9jy30_1,U90e2P9jy30,2-5s,2.0,300.0,0.0,0.9,-0.9,harmful,0,6,remote,0,32,1.0,1.0,1.0,0.0,0.0,0.0,0.0,0.0,5.5,5.5,5.5
U90e2P9jy30_1,U90e2P9jy30,2-5s,2.0,300.0,0.0,0.9,-0.9,harmful,0,7,remote,0,32,1.0,1.0,1.0,0.0,0.0,0.0,0.0,0.0,5.5,5.5,5.5
U90e2P9jy30_1,U90e2P9jy30,2-5s,2.0,300.0,0.0,0.9,-0.9,harmful,0,8,remote,0,32,1.0,1.0,1.0,0.0,0.0,0.0,0.0,0.0,5.5,5.5,5.5
U90e2P9jy30_1,U90e2P9jy30,2-5s,2.0,300.0,0.0,0.9,-0.9,harmful,0,9,remote,0,32,1.0,1.0,1.0,0.0,0.0,0.0,0.0,0.0,5.5,5.5,5.5
U90e2P9jy30_2,U90e2P9jy30,2-5s,3.0,300.0,0.0,0.0,0.0,control,1,0,remote,0,16,0.0,0.0,0.0,0.0,0.0,0.0,0.0,0.0,5.0,5.0,5.0
U90e2P9jy30_2,U90e2P9jy30,2-5s,3.0,300.0,0.0,0.0,0.0,control,1,1,remote,0,16,0.0,0.0,0.0,0.0,0.0,0.0,0.0,0.0,5.0,5.0,5.0
U90e2P9jy30_2,U90e2P9jy30,2-5s,3.0,300.0,0.0,0.0,0.0,control,1,2,remote,0,16,0.0,0.0,0.0,0.0,0.0,0.0,0.0,0.0,5.0,5.0,5.0
U90e2P9jy30_2,U90e2P9jy30,2-5s,3.0,300.0,0.0,0.0,0.0,control,1,3,remote,0,16,0.0,0.0,0.0,0.0,0.0,0.0,0.0,0.0,5.0,5.0,5.0
U90e2P9jy30_2,U90e2P9jy30,2-5s,3.0,300.0,0.0,0.0,0.0,control,1,4,remote,0,16,0.0,0.0,0.0,0.0,0.0,0.0,0.0,0.0,5.0,5.0,5.0
U90e2P9jy30_2,U90e2P9jy30,2-5s,3.0,300.0,0.0,0.0,0.0,control,1,5,remote,0,16,0.0,0.0,0.0,0.0,0.0,0.0,0.0,0.0,5.0,5.0,5.0
U90e2P9jy30_2,U90e2P9jy30,2-5s,3.0,300.0,0.0,0.0,0.0,control,1,6,remote,0,16,0.0,0.0,0.0,0.0,0.0,0.0,0.0,0.0,5.0,5.0,5.0
U90e2P9jy30_2,U90e2P9jy30,2-5s,3.0,300.0,0.0,0.0,0.0,control,1,7,remote,0,16,0.0,0.0,0.0,0.0,0.0,0.0,0.0,0.0,5.0,5.0,5.0
U90e2P9jy30_2,U90e2P9jy30,2-5s,3.0,300.0,0.0,0.0,0.0,control,1,8,remote,0,16,0.0,0.0,0.0,0.0,0.0,0.0,0.0,0.0,5.0,5.0,4.666666666666667
U90e2P9jy30_2,U90e2P9jy30,2-5s,3.0,300.0,0.0,0.0,0.0,control,1,9,remote,0,16,0.0,0.0,0.0,0.0,0.0,0.0,0.0,0.0,5.0,5.0,5.0
UAmDLPjNyMg_1,UAmDLPjNyMg,2-5s,2.0,137.0,1.0,1.0,0.0,control,0,0,moderately_near,0,2,1.0,1.0,1.0,0.0,0.0,0.0,0.0,0.0,3.0,2.5,3.0
UAmDLPjNyMg_1,UAmDLPjNyMg,2-5s,2.0,137.0,1.0,1.0,0.0,control,0,1,moderately_near,0,2,1.0,1.0,1.0,0.0,0.0,0.0,0.0,0.0,3.0,2.5,3.0
UAmDLPjNyMg_1,UAmDLPjNyMg,2-5s,2.0,137.0,1.0,1.0,0.0,control,0,2,moderately_near,0,2,1.0,1.0,1.0,0.0,0.0,0.0,0.0,0.0,3.0,2.5,3.0
UAmDLPjNyMg_1,UAmDLPjNyMg,2-5s,2.0,137.0,1.0,1.0,0.0,control,0,3,moderately_near,0,2,1.0,1.0,1.0,0.0,0.0,0.0,0.0,0.0,3.0,2.5,3.0
UAmDLPjNyMg_1,UAmDLPjNyMg,2-5s,2.0,137.0,1.0,1.0,0.0,control,0,4,moderately_near,0,2,1.0,1.0,1.0,0.0,0.0,0.0,0.0,0.0,3.0,2.5,3.0
UAmDLPjNyMg_1,UAmDLPjNyMg,2-5s,2.0,137.0,1.0,1.0,0.0,control,0,5,moderately_near,0,2,1.0,1.0,1.0,0.0,0.0,0.0,0.0,0.0,3.0,2.5,3.0
UAmDLPjNyMg_1,UAmDLPjNyMg,2-5s,2.0,137.0,1.0,1.0,0.0,control,0,6,moderately_near,0,2,1.0,1.0,1.0,0.0,0.0,0.0,0.0,0.0,3.0,2.5,3.0
UAmDLPjNyMg_1,UAmDLPjNyMg,2-5s,2.0,137.0,1.0,1.0,0.0,control,0,7,moderately_near,0,2,1.0,1.0,1.0,0.0,0.0,0.0,0.0,0.0,3.0,2.5,3.0
UAmDLPjNyMg_1,UAmDLPjNyMg,2-5s,2.0,137.0,1.0,1.0,0.0,control,0,8,moderately_near,0,2,1.0,1.0,1.0,0.0,0.0,0.0,0.0,0.0,3.0,2.5,3.0
UAmDLPjNyMg_1,UAmDLPjNyMg,2-5s,2.0,137.0,1.0,1.0,0.0,control,0,9,moderately_near,0,2,1.0,1.0,1.0,0.0,0.0,0.0,0.0,0.0,3.0,2.5,3.0
UE3XnVFodMI_1,UE3XnVFodMI,2-5s,4.0,249.0,0.0,0.2,-0.2,harmful,1,0,remote,0,18,0.0,0.0,0.0,0.0,0.0,0.0,0.0,0.0,1.5,10.25,1.5
UE3XnVFodMI_1,UE3XnVFodMI,2-5s,4.0,249.0,0.0,0.2,-0.2,harmful,1,1,remote,0,18,0.0,0.0,0.0,0.0,0.0,0.0,0.0,0.0,1.5,10.25,1.5
UE3XnVFodMI_1,UE3XnVFodMI,2-5s,4.0,249.0,0.0,0.2,-0.2,harmful,1,2,remote,0,18,0.0,0.0,0.0,0.0,0.0,0.0,0.0,0.0,1.5,10.25,1.5
UE3XnVFodMI_1,UE3XnVFodMI,2-5s,4.0,249.0,0.0,0.2,-0.2,harmful,1,3,remote,0,18,0.0,0.0,0.0,0.0,0.0,0.0,0.0,0.0,1.5,10.25,1.5
UE3XnVFodMI_1,UE3XnVFodMI,2-5s,4.0,249.0,0.0,0.2,-0.2,harmful,1,4,remote,0,18,0.0,0.0,0.0,0.0,0.0,0.0,0.0,0.0,1.5,10.25,1.5
UE3XnVFodMI_1,UE3XnVFodMI,2-5s,4.0,249.0,0.0,0.2,-0.2,harmful,1,5,remote,0,18,0.0,0.0,0.0,0.0,0.0,0.0,0.0,0.0,1.5,10.25,1.5
UE3XnVFodMI_1,UE3XnVFodMI,2-5s,4.0,249.0,0.0,0.2,-0.2,harmful,1,6,remote,0,18,0.0,0.0,0.0,0.0,0.0,0.0,0.0,0.0,1.5,10.25,1.5
UE3XnVFodMI_1,UE3XnVFodMI,2-5s,4.0,249.0,0.0,0.2,-0.2,harmful,1,7,remote,0,18,0.0,0.0,0.0,0.0,0.0,0.0,0.0,0.0,1.5,10.25,1.5
UE3XnVFodMI_1,UE3XnVFodMI,2-5s,4.0,249.0,0.0,0.2,-0.2,harmful,1,8,remote,0,18,0.0,0.0,0.0,0.0,0.0,0.0,0.0,0.0,1.5,10.25,1.5
UE3XnVFodMI_1,UE3XnVFodMI,2-5s,4.0,249.0,0.0,0.2,-0.2,harmful,1,9,remote,0,18,0.0,0.0,0.0,0.0,0.0,0.0,0.0,0.0,1.5,10.25,1.5
UQtBt6CQpwg_1,UQtBt6CQpwg,2-5s,2.0,59.0,1.0,1.0,0.0,control,0,0,remote,0,1,1.0,1.0,1.0,0.0,0.0,1.0,0.0,100.0,1.5,1.0,1.5
UQtBt6CQpwg_1,UQtBt6CQpwg,2-5s,2.0,59.0,1.0,1.0,0.0,control,0,1,remote,0,1,1.0,1.0,1.0,0.0,0.0,1.0,0.0,100.0,1.5,1.0,1.5
UQtBt6CQpwg_1,UQtBt6CQpwg,2-5s,2.0,59.0,1.0,1.0,0.0,control,0,2,remote,0,1,1.0,1.0,1.0,0.0,0.0,1.0,0.0,100.0,1.5,1.0,1.5
UQtBt6CQpwg_1,UQtBt6CQpwg,2-5s,2.0,59.0,1.0,1.0,0.0,control,0,3,remote,0,1,1.0,1.0,1.0,0.0,0.0,1.0,0.0,100.0,1.5,1.0,1.5
UQtBt6CQpwg_1,UQtBt6CQpwg,2-5s,2.0,59.0,1.0,1.0,0.0,control,0,4,remote,0,1,1.0,1.0,1.0,0.0,0.0,1.0,0.0,100.0,1.5,1.0,1.5
UQtBt6CQpwg_1,UQtBt6CQpwg,2-5s,2.0,59.0,1.0,1.0,0.0,control,0,5,remote,0,1,1.0,1.0,1.0,0.0,0.0,1.0,0.0,100.0,1.5,1.0,1.5
UQtBt6CQpwg_1,UQtBt6CQpwg,2-5s,2.0,59.0,1.0,1.0,0.0,control,0,6,remote,0,1,1.0,1.0,1.0,0.0,0.0,1.0,0.0,100.0,1.5,1.0,1.5
UQtBt6CQpwg_1,UQtBt6CQpwg,2-5s,2.0,59.0,1.0,1.0,0.0,control,0,7,remote,0,1,1.0,1.0,1.0,0.0,0.0,1.0,0.0,100.0,1.5,1.0,1.5
UQtBt6CQpwg_1,UQtBt6CQpwg,2-5s,2.0,59.0,1.0,1.0,0.0,control,0,8,remote,0,1,1.0,1.0,1.0,0.0,0.0,1.0,0.0,100.0,1.5,1.0,1.5
UQtBt6CQpwg_1,UQtBt6CQpwg,2-5s,2.0,59.0,1.0,1.0,0.0,control,0,9,remote,0,1,1.0,1.0,1.0,0.0,0.0,1.0,0.0,100.0,1.5,1.0,1.5
UXGzbBGbqAA_2,UXGzbBGbqAA,2-5s,3.0,113.0,1.0,0.9,0.09999999999999998,control,0,0,remote,0,6,1.0,1.0,1.0,0.0,0.0,0.0,0.0,0.0,2.3333333333333335,8.0,2.3333333333333335
UXGzbBGbqAA_2,UXGzbBGbqAA,2-5s,3.0,113.0,1.0,0.9,0.09999999999999998,control,0,1,remote,0,6,1.0,1.0,1.0,0.0,0.0,0.0,0.0,0.0,2.3333333333333335,8.0,2.3333333333333335
UXGzbBGbqAA_2,UXGzbBGbqAA,2-5s,3.0,113.0,1.0,0.9,0.09999999999999998,control,0,2,remote,0,6,1.0,1.0,1.0,0.0,0.0,0.0,0.0,0.0,2.3333333333333335,8.0,2.3333333333333335
UXGzbBGbqAA_2,UXGzbBGbqAA,2-5s,3.0,113.0,1.0,0.9,0.09999999999999998,control,0,3,remote,0,6,1.0,1.0,1.0,0.0,0.0,0.0,0.0,0.0,2.3333333333333335,8.0,2.3333333333333335
UXGzbBGbqAA_2,UXGzbBGbqAA,2-5s,3.0,113.0,1.0,0.9,0.09999999999999998,control,0,4,remote,0,6,1.0,1.0,1.0,0.0,0.0,0.0,0.0,0.0,2.3333333333333335,8.0,2.3333333333333335
UXGzbBGbqAA_2,UXGzbBGbqAA,2-5s,3.0,113.0,1.0,0.9,0.09999999999999998,control,0,5,remote,0,6,1.0,1.0,1.0,0.0,0.0,0.0,0.0,0.0,2.3333333333333335,8.0,2.3333333333333335
UXGzbBGbqAA_2,UXGzbBGbqAA,2-5s,3.0,113.0,1.0,0.9,0.09999999999999998,control,0,6,remote,0,6,1.0,1.0,1.0,0.0,0.0,0.0,0.0,0.0,2.3333333333333335,8.0,2.3333333333333335
UXGzbBGbqAA_2,UXGzbBGbqAA,2-5s,3.0,113.0,1.0,0.9,0.09999999999999998,control,0,7,remote,0,6,1.0,1.0,1.0,0.0,0.0,0.0,0.0,0.0,2.3333333333333335,8.0,2.3333333333333335
UXGzbBGbqAA_2,UXGzbBGbqAA,2-5s,3.0,113.0,1.0,0.9,0.09999999999999998,control,0,8,remote,0,6,1.0,1.0,1.0,0.0,0.0,0.0,0.0,0.0,2.3333333333333335,8.0,2.3333333333333335
UXGzbBGbqAA_2,UXGzbBGbqAA,2-5s,3.0,113.0,1.0,0.9,0.09999999999999998,control,0,9,remote,0,6,1.0,1.0,1.0,0.0,0.0,0.0,0.0,0.0,2.3333333333333335,8.0,2.3333333333333335
V4PLSw_WzVw_1,V4PLSw_WzVw,2-5s,4.0,82.0,0.0,0.5,-0.5,harmful,0,0,remote,0,14,1.0,1.0,1.0,0.0,0.0,0.0,0.0,0.0,0.5,0.5,0.5
V4PLSw_WzVw_1,V4PLSw_WzVw,2-5s,4.0,82.0,0.0,0.5,-0.5,harmful,0,1,remote,0,14,1.0,1.0,1.0,0.0,0.0,0.0,0.0,0.0,0.5,0.5,0.5
V4PLSw_WzVw_1,V4PLSw_WzVw,2-5s,4.0,82.0,0.0,0.5,-0.5,harmful,0,2,remote,0,14,1.0,1.0,1.0,0.0,0.0,0.0,0.0,0.0,0.5,0.5,0.5
V4PLSw_WzVw_1,V4PLSw_WzVw,2-5s,4.0,82.0,0.0,0.5,-0.5,harmful,0,3,remote,0,14,1.0,1.0,1.0,0.0,0.0,0.0,0.0,0.0,0.5,0.5,0.5
V4PLSw_WzVw_1,V4PLSw_WzVw,2-5s,4.0,82.0,0.0,0.5,-0.5,harmful,0,4,remote,0,14,1.0,1.0,0.0,100.0,0.0,0.0,0.0,0.0,0.5,0.5,0.75
V4PLSw_WzVw_1,V4PLSw_WzVw,2-5s,4.0,82.0,0.0,0.5,-0.5,harmful,0,5,remote,0,14,1.0,1.0,1.0,0.0,0.0,0.0,0.0,0.0,0.5,0.5,0.5
V4PLSw_WzVw_1,V4PLSw_WzVw,2-5s,4.0,82.0,0.0,0.5,-0.5,harmful,0,6,remote,0,14,1.0,1.0,1.0,0.0,0.0,0.0,0.0,0.0,0.5,0.5,0.5
V4PLSw_WzVw_1,V4PLSw_WzVw,2-5s,4.0,82.0,0.0,0.5,-0.5,harmful,0,7,remote,0,14,1.0,1.0,1.0,0.0,0.0,0.0,0.0,0.0,0.5,0.5,0.5
V4PLSw_WzVw_1,V4PLSw_WzVw,2-5s,4.0,82.0,0.0,0.5,-0.5,harmful,0,8,remote,0,14,1.0,1.0,1.0,0.0,0.0,0.0,0.0,0.0,0.5,0.5,0.5
V4PLSw_WzVw_1,V4PLSw_WzVw,2-5s,4.0,82.0,0.0,0.5,-0.5,harmful,0,9,remote,0,14,1.0,1.0,1.0,0.0,0.0,0.0,0.0,0.0,0.5,0.5,0.5
V4PLSw_WzVw_2,V4PLSw_WzVw,2-5s,2.0,82.0,1.0,1.0,0.0,control,0,0,remote,0,4,1.0,1.0,1.0,0.0,0.0,0.0,0.0,0.0,1.5,2.0,1.5
V4PLSw_WzVw_2,V4PLSw_WzVw,2-5s,2.0,82.0,1.0,1.0,0.0,control,0,1,remote,0,4,1.0,1.0,1.0,0.0,0.0,0.0,0.0,0.0,1.5,2.0,1.5
V4PLSw_WzVw_2,V4PLSw_WzVw,2-5s,2.0,82.0,1.0,1.0,0.0,control,0,2,remote,0,4,1.0,1.0,1.0,0.0,0.0,0.0,0.0,0.0,1.5,2.0,1.5
V4PLSw_WzVw_2,V4PLSw_WzVw,2-5s,2.0,82.0,1.0,1.0,0.0,control,0,3,remote,0,4,1.0,1.0,1.0,0.0,0.0,0.0,0.0,0.0,1.5,2.0,1.5
V4PLSw_WzVw_2,V4PLSw_WzVw,2-5s,2.0,82.0,1.0,1.0,0.0,control,0,4,remote,0,4,1.0,1.0,1.0,0.0,0.0,0.0,0.0,0.0,1.5,2.0,1.5
V4PLSw_WzVw_2,V4PLSw_WzVw,2-5s,2.0,82.0,1.0,1.0,0.0,control,0,5,remote,0,4,1.0,1.0,1.0,0.0,0.0,0.0,0.0,0.0,1.5,2.0,1.5
V4PLSw_WzVw_2,V4PLSw_WzVw,2-5s,2.0,82.0,1.0,1.0,0.0,control,0,6,remote,0,4,1.0,1.0,1.0,0.0,0.0,0.0,0.0,0.0,1.5,2.0,1.5
V4PLSw_WzVw_2,V4PLSw_WzVw,2-5s,2.0,82.0,1.0,1.0,0.0,control,0,7,remote,0,4,1.0,1.0,1.0,0.0,0.0,0.0,0.0,0.0,1.5,2.0,1.5
V4PLSw_WzVw_2,V4PLSw_WzVw,2-5s,2.0,82.0,1.0,1.0,0.0,control,0,8,remote,0,4,1.0,1.0,1.0,0.0,0.0,0.0,0.0,0.0,1.5,2.0,2.0
V4PLSw_WzVw_2,V4PLSw_WzVw,2-5s,2.0,82.0,1.0,1.0,0.0,control,0,9,remote,0,4,1.0,1.0,1.0,0.0,0.0,0.0,0.0,0.0,1.5,2.0,2.0
V8A0VRGdgwM_1,V8A0VRGdgwM,2-5s,4.0,77.0,1.0,1.0,0.0,control,0,0,moderately_near,0,4,1.0,1.0,1.0,0.0,1.0,1.0,1.0,0.0,1.25,1.25,0.75
V8A0VRGdgwM_1,V8A0VRGdgwM,2-5s,4.0,77.0,1.0,1.0,0.0,control,0,1,moderately_near,0,4,1.0,1.0,1.0,0.0,1.0,1.0,1.0,0.0,1.25,1.25,0.75
V8A0VRGdgwM_1,V8A0VRGdgwM,2-5s,4.0,77.0,1.0,1.0,0.0,control,0,2,moderately_near,0,4,1.0,1.0,1.0,0.0,1.0,1.0,1.0,0.0,1.25,1.25,1.25
V8A0VRGdgwM_1,V8A0VRGdgwM,2-5s,4.0,77.0,1.0,1.0,0.0,control,0,3,moderately_near,0,4,1.0,1.0,1.0,0.0,1.0,1.0,1.0,0.0,1.25,1.25,0.75
V8A0VRGdgwM_1,V8A0VRGdgwM,2-5s,4.0,77.0,1.0,1.0,0.0,control,0,4,moderately_near,0,4,1.0,1.0,1.0,0.0,1.0,1.0,1.0,0.0,1.25,1.25,0.75
V8A0VRGdgwM_1,V8A0VRGdgwM,2-5s,4.0,77.0,1.0,1.0,0.0,control,0,5,moderately_near,0,4,1.0,1.0,1.0,0.0,1.0,1.0,1.0,0.0,1.25,1.25,0.75
V8A0VRGdgwM_1,V8A0VRGdgwM,2-5s,4.0,77.0,1.0,1.0,0.0,control,0,6,moderately_near,0,4,1.0,1.0,1.0,0.0,1.0,1.0,1.0,0.0,1.25,1.25,0.75
V8A0VRGdgwM_1,V8A0VRGdgwM,2-5s,4.0,77.0,1.0,1.0,0.0,control,0,7,moderately_near,0,4,1.0,1.0,1.0,0.0,1.0,1.0,1.0,0.0,1.25,1.25,0.75
V8A0VRGdgwM_1,V8A0VRGdgwM,2-5s,4.0,77.0,1.0,1.0,0.0,control,0,8,moderately_near,0,4,1.0,1.0,1.0,0.0,1.0,1.0,1.0,0.0,1.25,1.25,0.75
V8A0VRGdgwM_1,V8A0VRGdgwM,2-5s,4.0,77.0,1.0,1.0,0.0,control,0,9,moderately_near,0,4,1.0,1.0,1.0,0.0,1.0,1.0,1.0,0.0,1.25,1.25,1.25
V8A0VRGdgwM_2,V8A0VRGdgwM,2-5s,2.0,77.0,0.0,0.6,-0.6,harmful,1,0,remote,0,2,0.0,0.0,0.0,0.0,0.0,0.0,0.0,0.0,2.0,2.0,2.0
V8A0VRGdgwM_2,V8A0VRGdgwM,2-5s,2.0,77.0,0.0,0.6,-0.6,harmful,1,1,remote,0,2,0.0,0.0,0.0,0.0,0.0,0.0,0.0,0.0,2.0,2.0,2.0
V8A0VRGdgwM_2,V8A0VRGdgwM,2-5s,2.0,77.0,0.0,0.6,-0.6,harmful,1,2,remote,0,2,0.0,0.0,0.0,0.0,0.0,0.0,0.0,0.0,2.0,2.0,2.0
V8A0VRGdgwM_2,V8A0VRGdgwM,2-5s,2.0,77.0,0.0,0.6,-0.6,harmful,1,3,remote,0,2,0.0,0.0,0.0,0.0,0.0,0.0,0.0,0.0,2.0,2.0,2.0
V8A0VRGdgwM_2,V8A0VRGdgwM,2-5s,2.0,77.0,0.0,0.6,-0.6,harmful,1,4,remote,0,2,0.0,0.0,0.0,0.0,0.0,0.0,0.0,0.0,2.0,2.0,2.0
V8A0VRGdgwM_2,V8A0VRGdgwM,2-5s,2.0,77.0,0.0,0.6,-0.6,harmful,1,5,remote,0,2,0.0,0.0,0.0,0.0,0.0,0.0,0.0,0.0,2.0,2.0,2.0
V8A0VRGdgwM_2,V8A0VRGdgwM,2-5s,2.0,77.0,0.0,0.6,-0.6,harmful,1,6,remote,0,2,0.0,0.0,0.0,0.0,0.0,0.0,0.0,0.0,2.0,2.0,2.0
V8A0VRGdgwM_2,V8A0VRGdgwM,2-5s,2.0,77.0,0.0,0.6,-0.6,harmful,1,7,remote,0,2,0.0,0.0,0.0,0.0,0.0,0.0,0.0,0.0,2.0,2.0,2.0
V8A0VRGdgwM_2,V8A0VRGdgwM,2-5s,2.0,77.0,0.0,0.6,-0.6,harmful,1,8,remote,0,2,0.0,0.0,0.0,0.0,0.0,0.0,0.0,0.0,2.0,2.0,2.0
V8A0VRGdgwM_2,V8A0VRGdgwM,2-5s,2.0,77.0,0.0,0.6,-0.6,harmful,1,9,remote,0,2,0.0,0.0,0.0,0.0,0.0,0.0,0.0,0.0,2.0,2.0,2.0
VE6Ku0-ucUM_1,VE6Ku0-ucUM,2-5s,2.0,66.0,1.0,1.0,0.0,control,0,0,remote,0,13,1.0,1.0,1.0,0.0,1.0,0.0,1.0,-100.0,1.0,2.5,1.0
VE6Ku0-ucUM_1,VE6Ku0-ucUM,2-5s,2.0,66.0,1.0,1.0,0.0,control,0,1,remote,0,13,1.0,1.0,1.0,0.0,1.0,0.0,1.0,-100.0,1.0,2.5,1.0
VE6Ku0-ucUM_1,VE6Ku0-ucUM,2-5s,2.0,66.0,1.0,1.0,0.0,control,0,2,remote,0,13,1.0,1.0,1.0,0.0,1.0,0.0,1.0,-100.0,1.0,2.5,1.0
VE6Ku0-ucUM_1,VE6Ku0-ucUM,2-5s,2.0,66.0,1.0,1.0,0.0,control,0,3,remote,0,13,1.0,1.0,1.0,0.0,1.0,0.0,1.0,-100.0,1.0,2.5,1.0
VE6Ku0-ucUM_1,VE6Ku0-ucUM,2-5s,2.0,66.0,1.0,1.0,0.0,control,0,4,remote,0,13,1.0,1.0,1.0,0.0,1.0,0.0,1.0,-100.0,1.0,2.5,1.0
VE6Ku0-ucUM_1,VE6Ku0-ucUM,2-5s,2.0,66.0,1.0,1.0,0.0,control,0,5,remote,0,13,1.0,1.0,1.0,0.0,1.0,0.0,1.0,-100.0,1.0,2.5,1.0
VE6Ku0-ucUM_1,VE6Ku0-ucUM,2-5s,2.0,66.0,1.0,1.0,0.0,control,0,6,remote,0,13,1.0,1.0,1.0,0.0,1.0,0.0,1.0,-100.0,1.0,2.5,1.0
VE6Ku0-ucUM_1,VE6Ku0-ucUM,2-5s,2.0,66.0,1.0,1.0,0.0,control,0,7,remote,0,13,1.0,1.0,1.0,0.0,1.0,0.0,1.0,-100.0,1.0,2.5,1.0
VE6Ku0-ucUM_1,VE6Ku0-ucUM,2-5s,2.0,66.0,1.0,1.0,0.0,control,0,8,remote,0,13,1.0,1.0,1.0,0.0,1.0,0.0,1.0,-100.0,1.0,2.5,1.0
VE6Ku0-ucUM_1,VE6Ku0-ucUM,2-5s,2.0,66.0,1.0,1.0,0.0,control,0,9,remote,0,13,1.0,1.0,1.0,0.0,1.0,0.0,1.0,-100.0,1.0,2.5,1.0
VE6Ku0-ucUM_2,VE6Ku0-ucUM,2-5s,3.0,66.0,1.0,1.0,0.0,control,0,0,remote,0,4,1.0,1.0,1.0,0.0,0.0,0.0,0.0,0.0,1.0,1.0,1.0
VE6Ku0-ucUM_2,VE6Ku0-ucUM,2-5s,3.0,66.0,1.0,1.0,0.0,control,0,1,remote,0,4,1.0,1.0,1.0,0.0,0.0,0.0,0.0,0.0,1.0,1.0,0.6666666666666666
VE6Ku0-ucUM_2,VE6Ku0-ucUM,2-5s,3.0,66.0,1.0,1.0,0.0,control,0,2,remote,0,4,1.0,1.0,1.0,0.0,0.0,0.0,0.0,0.0,1.0,1.0,1.0
VE6Ku0-ucUM_2,VE6Ku0-ucUM,2-5s,3.0,66.0,1.0,1.0,0.0,control,0,3,remote,0,4,1.0,1.0,1.0,0.0,0.0,0.0,0.0,0.0,1.0,1.0,1.0
VE6Ku0-ucUM_2,VE6Ku0-ucUM,2-5s,3.0,66.0,1.0,1.0,0.0,control,0,4,remote,0,4,1.0,1.0,1.0,0.0,0.0,0.0,0.0,0.0,1.0,1.0,1.0
VE6Ku0-ucUM_2,VE6Ku0-ucUM,2-5s,3.0,66.0,1.0,1.0,0.0,control,0,5,remote,0,4,1.0,1.0,1.0,0.0,0.0,0.0,0.0,0.0,1.0,1.0,0.6666666666666666
VE6Ku0-ucUM_2,VE6Ku0-ucUM,2-5s,3.0,66.0,1.0,1.0,0.0,control,0,6,remote,0,4,1.0,1.0,1.0,0.0,0.0,0.0,0.0,0.0,1.0,1.0,1.0
VE6Ku0-ucUM_2,VE6Ku0-ucUM,2-5s,3.0,66.0,1.0,1.0,0.0,control,0,7,remote,0,4,1.0,1.0,1.0,0.0,0.0,0.0,0.0,0.0,1.0,1.0,0.6666666666666666
VE6Ku0-ucUM_2,VE6Ku0-ucUM,2-5s,3.0,66.0,1.0,1.0,0.0,control,0,8,remote,0,4,1.0,1.0,1.0,0.0,0.0,0.0,0.0,0.0,1.0,1.0,1.0
VE6Ku0-ucUM_2,VE6Ku0-ucUM,2-5s,3.0,66.0,1.0,1.0,0.0,control,0,9,remote,0,4,1.0,1.0,1.0,0.0,0.0,0.0,0.0,0.0,1.0,1.0,1.0
VE6Ku0-ucUM_3,VE6Ku0-ucUM,2-5s,2.0,66.0,1.0,0.9,0.09999999999999998,control,0,0,remote,0,3,1.0,1.0,1.0,0.0,0.0,0.0,0.0,0.0,5.0,5.0,5.0
VE6Ku0-ucUM_3,VE6Ku0-ucUM,2-5s,2.0,66.0,1.0,0.9,0.09999999999999998,control,0,1,remote,0,3,1.0,1.0,1.0,0.0,0.0,0.0,0.0,0.0,5.0,5.0,5.0
VE6Ku0-ucUM_3,VE6Ku0-ucUM,2-5s,2.0,66.0,1.0,0.9,0.09999999999999998,control,0,2,remote,0,3,1.0,1.0,1.0,0.0,0.0,0.0,0.0,0.0,5.0,5.0,5.0
VE6Ku0-ucUM_3,VE6Ku0-ucUM,2-5s,2.0,66.0,1.0,0.9,0.09999999999999998,control,0,3,remote,0,3,1.0,1.0,1.0,0.0,0.0,0.0,0.0,0.0,5.0,5.0,6.0
VE6Ku0-ucUM_3,VE6Ku0-ucUM,2-5s,2.0,66.0,1.0,0.9,0.09999999999999998,control,0,4,remote,0,3,1.0,1.0,1.0,0.0,0.0,0.0,0.0,0.0,5.0,5.0,5.0
VE6Ku0-ucUM_3,VE6Ku0-ucUM,2-5s,2.0,66.0,1.0,0.9,0.09999999999999998,control,0,5,remote,0,3,1.0,1.0,1.0,0.0,0.0,0.0,0.0,0.0,5.0,5.0,5.0
VE6Ku0-ucUM_3,VE6Ku0-ucUM,2-5s,2.0,66.0,1.0,0.9,0.09999999999999998,control,0,6,remote,0,3,1.0,1.0,1.0,0.0,0.0,0.0,0.0,0.0,5.0,5.0,5.0
VE6Ku0-ucUM_3,VE6Ku0-ucUM,2-5s,2.0,66.0,1.0,0.9,0.09999999999999998,control,0,7,remote,0,3,1.0,1.0,1.0,0.0,0.0,0.0,0.0,0.0,5.0,5.0,5.0
VE6Ku0-ucUM_3,VE6Ku0-ucUM,2-5s,2.0,66.0,1.0,0.9,0.09999999999999998,control,0,8,remote,0,3,1.0,1.0,1.0,0.0,0.0,0.0,0.0,0.0,5.0,5.0,5.0
VE6Ku0-ucUM_3,VE6Ku0-ucUM,2-5s,2.0,66.0,1.0,0.9,0.09999999999999998,control,0,9,remote,0,3,1.0,1.0,1.0,0.0,0.0,0.0,0.0,0.0,5.0,5.0,5.5
VZLZ08k3YeA_1,VZLZ08k3YeA,2-5s,2.0,142.0,1.0,1.0,0.0,control,0,0,remote,0,10,1.0,1.0,1.0,0.0,0.0,0.0,0.0,0.0,2.0,1.5,2.0
VZLZ08k3YeA_1,VZLZ08k3YeA,2-5s,2.0,142.0,1.0,1.0,0.0,control,0,1,remote,0,10,1.0,1.0,1.0,0.0,0.0,0.0,0.0,0.0,2.0,1.5,1.5
VZLZ08k3YeA_1,VZLZ08k3YeA,2-5s,2.0,142.0,1.0,1.0,0.0,control,0,2,remote,0,10,1.0,1.0,1.0,0.0,0.0,0.0,0.0,0.0,2.0,1.5,2.0
VZLZ08k3YeA_1,VZLZ08k3YeA,2-5s,2.0,142.0,1.0,1.0,0.0,control,0,3,remote,0,10,1.0,1.0,1.0,0.0,0.0,0.0,0.0,0.0,2.0,1.5,2.0
VZLZ08k3YeA_1,VZLZ08k3YeA,2-5s,2.0,142.0,1.0,1.0,0.0,control,0,4,remote,0,10,1.0,1.0,1.0,0.0,0.0,0.0,0.0,0.0,2.0,1.5,2.0
VZLZ08k3YeA_1,VZLZ08k3YeA,2-5s,2.0,142.0,1.0,1.0,0.0,control,0,5,remote,0,10,1.0,1.0,1.0,0.0,0.0,0.0,0.0,0.0,2.0,1.5,2.0
VZLZ08k3YeA_1,VZLZ08k3YeA,2-5s,2.0,142.0,1.0,1.0,0.0,control,0,6,remote,0,10,1.0,1.0,1.0,0.0,0.0,0.0,0.0,0.0,2.0,1.5,2.5
VZLZ08k3YeA_1,VZLZ08k3YeA,2-5s,2.0,142.0,1.0,1.0,0.0,control,0,7,remote,0,10,1.0,1.0,1.0,0.0,0.0,0.0,0.0,0.0,2.0,1.5,2.0
VZLZ08k3YeA_1,VZLZ08k3YeA,2-5s,2.0,142.0,1.0,1.0,0.0,control,0,8,remote,0,10,1.0,1.0,1.0,0.0,0.0,0.0,0.0,0.0,2.0,1.5,2.0
VZLZ08k3YeA_1,VZLZ08k3YeA,2-5s,2.0,142.0,1.0,1.0,0.0,control,0,9,remote,0,10,1.0,1.0,1.0,0.0,0.0,0.0,0.0,0.0,2.0,1.5,2.0
VZLZ08k3YeA_3,VZLZ08k3YeA,0-2s,1.0,142.0,0.0,0.5,-0.5,harmful,1,0,remote,0,4,0.0,1.0,0.0,100.0,0.0,0.0,0.0,0.0,3.0,3.0,3.0
VZLZ08k3YeA_3,VZLZ08k3YeA,0-2s,1.0,142.0,0.0,0.5,-0.5,harmful,1,1,remote,0,4,0.0,1.0,0.0,100.0,0.0,0.0,0.0,0.0,3.0,3.0,3.0
VZLZ08k3YeA_3,VZLZ08k3YeA,0-2s,1.0,142.0,0.0,0.5,-0.5,harmful,1,2,remote,0,4,0.0,1.0,0.0,100.0,0.0,0.0,0.0,0.0,3.0,3.0,3.0
VZLZ08k3YeA_3,VZLZ08k3YeA,0-2s,1.0,142.0,0.0,0.5,-0.5,harmful,1,3,remote,0,4,0.0,1.0,0.0,100.0,0.0,0.0,0.0,0.0,3.0,3.0,3.0
VZLZ08k3YeA_3,VZLZ08k3YeA,0-2s,1.0,142.0,0.0,0.5,-0.5,harmful,1,4,remote,0,4,0.0,1.0,0.0,100.0,0.0,0.0,0.0,0.0,3.0,3.0,3.0
VZLZ08k3YeA_3,VZLZ08k3YeA,0-2s,1.0,142.0,0.0,0.5,-0.5,harmful,1,5,remote,0,4,0.0,1.0,0.0,100.0,0.0,0.0,0.0,0.0,3.0,3.0,3.0
VZLZ08k3YeA_3,VZLZ08k3YeA,0-2s,1.0,142.0,0.0,0.5,-0.5,harmful,1,6,remote,0,4,0.0,1.0,0.0,100.0,0.0,0.0,0.0,0.0,3.0,3.0,3.0
VZLZ08k3YeA_3,VZLZ08k3YeA,0-2s,1.0,142.0,0.0,0.5,-0.5,harmful,1,7,remote,0,4,0.0,1.0,0.0,100.0,0.0,0.0,0.0,0.0,3.0,3.0,3.0
VZLZ08k3YeA_3,VZLZ08k3YeA,0-2s,1.0,142.0,0.0,0.5,-0.5,harmful,1,8,remote,0,4,0.0,1.0,0.0,100.0,0.0,0.0,0.0,0.0,3.0,3.0,3.0
VZLZ08k3YeA_3,VZLZ08k3YeA,0-2s,1.0,142.0,0.0,0.5,-0.5,harmful,1,9,remote,0,4,0.0,1.0,0.0,100.0,0.0,0.0,0.0,0.0,3.0,3.0,3.0
VZLZ08k3YeA_4,VZLZ08k3YeA,2-5s,4.0,142.0,1.0,1.0,0.0,control,0,0,remote,0,8,1.0,1.0,1.0,0.0,0.0,0.0,0.0,0.0,1.5,1.5,1.5
VZLZ08k3YeA_4,VZLZ08k3YeA,2-5s,4.0,142.0,1.0,1.0,0.0,control,0,1,remote,0,8,1.0,1.0,1.0,0.0,0.0,0.0,0.0,0.0,1.5,1.5,1.5
VZLZ08k3YeA_4,VZLZ08k3YeA,2-5s,4.0,142.0,1.0,1.0,0.0,control,0,2,remote,0,8,1.0,1.0,1.0,0.0,0.0,0.0,0.0,0.0,1.5,1.5,1.5
VZLZ08k3YeA_4,VZLZ08k3YeA,2-5s,4.0,142.0,1.0,1.0,0.0,control,0,3,remote,0,8,1.0,1.0,1.0,0.0,0.0,0.0,0.0,0.0,1.5,1.5,1.5
VZLZ08k3YeA_4,VZLZ08k3YeA,2-5s,4.0,142.0,1.0,1.0,0.0,control,0,4,remote,0,8,1.0,1.0,1.0,0.0,0.0,0.0,0.0,0.0,1.5,1.5,1.5
VZLZ08k3YeA_4,VZLZ08k3YeA,2-5s,4.0,142.0,1.0,1.0,0.0,control,0,5,remote,0,8,1.0,1.0,1.0,0.0,0.0,0.0,0.0,0.0,1.5,1.5,1.0
VZLZ08k3YeA_4,VZLZ08k3YeA,2-5s,4.0,142.0,1.0,1.0,0.0,control,0,6,remote,0,8,1.0,1.0,1.0,0.0,0.0,0.0,0.0,0.0,1.5,1.5,1.5
VZLZ08k3YeA_4,VZLZ08k3YeA,2-5s,4.0,142.0,1.0,1.0,0.0,control,0,7,remote,0,8,1.0,1.0,1.0,0.0,0.0,0.0,0.0,0.0,1.5,1.5,1.5
VZLZ08k3YeA_4,VZLZ08k3YeA,2-5s,4.0,142.0,1.0,1.0,0.0,control,0,8,remote,0,8,1.0,1.0,1.0,0.0,0.0,0.0,0.0,0.0,1.5,1.5,1.5
VZLZ08k3YeA_4,VZLZ08k3YeA,2-5s,4.0,142.0,1.0,1.0,0.0,control,0,9,remote,0,8,1.0,1.0,1.0,0.0,0.0,0.0,0.0,0.0,1.5,1.5,1.5
VjSEIRnLAh8_2,VjSEIRnLAh8,2-5s,2.0,300.0,0.0,0.0,0.0,control,1,0,remote,0,41,0.0,0.0,0.0,0.0,0.0,0.0,0.0,0.0,7.5,6.0,8.0
VjSEIRnLAh8_2,VjSEIRnLAh8,2-5s,2.0,300.0,0.0,0.0,0.0,control,1,1,remote,0,41,0.0,0.0,0.0,0.0,0.0,0.0,0.0,0.0,7.5,6.0,8.0
VjSEIRnLAh8_2,VjSEIRnLAh8,2-5s,2.0,300.0,0.0,0.0,0.0,control,1,2,remote,0,41,0.0,0.0,0.0,0.0,0.0,0.0,0.0,0.0,7.5,6.0,7.5
VjSEIRnLAh8_2,VjSEIRnLAh8,2-5s,2.0,300.0,0.0,0.0,0.0,control,1,3,remote,0,41,0.0,0.0,0.0,0.0,0.0,0.0,0.0,0.0,7.5,6.0,8.0
VjSEIRnLAh8_2,VjSEIRnLAh8,2-5s,2.0,300.0,0.0,0.0,0.0,control,1,4,remote,0,41,0.0,0.0,0.0,0.0,0.0,0.0,0.0,0.0,7.5,6.0,7.5
VjSEIRnLAh8_2,VjSEIRnLAh8,2-5s,2.0,300.0,0.0,0.0,0.0,control,1,5,remote,0,41,0.0,0.0,0.0,0.0,0.0,0.0,0.0,0.0,7.5,6.0,7.5
VjSEIRnLAh8_2,VjSEIRnLAh8,2-5s,2.0,300.0,0.0,0.0,0.0,control,1,6,remote,0,41,0.0,0.0,0.0,0.0,0.0,0.0,0.0,0.0,7.5,6.0,8.0
VjSEIRnLAh8_2,VjSEIRnLAh8,2-5s,2.0,300.0,0.0,0.0,0.0,control,1,7,remote,0,41,0.0,0.0,0.0,0.0,0.0,0.0,0.0,0.0,7.5,6.0,8.0
VjSEIRnLAh8_2,VjSEIRnLAh8,2-5s,2.0,300.0,0.0,0.0,0.0,control,1,8,remote,0,41,0.0,0.0,0.0,0.0,0.0,0.0,0.0,0.0,7.5,6.0,8.0
VjSEIRnLAh8_2,VjSEIRnLAh8,2-5s,2.0,300.0,0.0,0.0,0.0,control,1,9,remote,0,41,0.0,0.0,0.0,0.0,0.0,0.0,0.0,0.0,7.5,6.0,8.0
VjSEIRnLAh8_4,VjSEIRnLAh8,2-5s,2.0,300.0,0.0,0.2,-0.2,harmful,1,0,remote,0,43,0.0,0.0,0.0,0.0,0.0,0.0,0.0,0.0,13.5,14.0,13.5
VjSEIRnLAh8_4,VjSEIRnLAh8,2-5s,2.0,300.0,0.0,0.2,-0.2,harmful,1,1,remote,0,43,0.0,0.0,0.0,0.0,0.0,0.0,0.0,0.0,13.5,14.0,13.5
VjSEIRnLAh8_4,VjSEIRnLAh8,2-5s,2.0,300.0,0.0,0.2,-0.2,harmful,1,2,remote,0,43,0.0,0.0,0.0,0.0,0.0,0.0,0.0,0.0,13.5,14.0,14.0
VjSEIRnLAh8_4,VjSEIRnLAh8,2-5s,2.0,300.0,0.0,0.2,-0.2,harmful,1,3,remote,0,43,0.0,0.0,1.0,-100.0,0.0,0.0,0.0,0.0,13.5,14.0,13.5
VjSEIRnLAh8_4,VjSEIRnLAh8,2-5s,2.0,300.0,0.0,0.2,-0.2,harmful,1,4,remote,0,43,0.0,0.0,0.0,0.0,0.0,0.0,0.0,0.0,13.5,14.0,13.5
VjSEIRnLAh8_4,VjSEIRnLAh8,2-5s,2.0,300.0,0.0,0.2,-0.2,harmful,1,5,remote,0,43,0.0,0.0,0.0,0.0,0.0,0.0,0.0,0.0,13.5,14.0,13.5
VjSEIRnLAh8_4,VjSEIRnLAh8,2-5s,2.0,300.0,0.0,0.2,-0.2,harmful,1,6,remote,0,43,0.0,0.0,0.0,0.0,0.0,0.0,0.0,0.0,13.5,14.0,14.0
VjSEIRnLAh8_4,VjSEIRnLAh8,2-5s,2.0,300.0,0.0,0.2,-0.2,harmful,1,7,remote,0,43,0.0,0.0,0.0,0.0,0.0,0.0,0.0,0.0,13.5,14.0,14.0
VjSEIRnLAh8_4,VjSEIRnLAh8,2-5s,2.0,300.0,0.0,0.2,-0.2,harmful,1,8,remote,0,43,0.0,0.0,0.0,0.0,0.0,0.0,0.0,0.0,13.5,14.0,13.5
VjSEIRnLAh8_4,VjSEIRnLAh8,2-5s,2.0,300.0,0.0,0.2,-0.2,harmful,1,9,remote,0,43,0.0,0.0,0.0,0.0,0.0,0.0,0.0,0.0,13.5,14.0,13.5
WCYfCfW9NA0_4,WCYfCfW9NA0,2-5s,3.0,281.0,1.0,1.0,0.0,control,0,0,remote,0,5,1.0,1.0,1.0,0.0,0.0,0.0,0.0,0.0,4.0,4.0,4.0
WCYfCfW9NA0_4,WCYfCfW9NA0,2-5s,3.0,281.0,1.0,1.0,0.0,control,0,1,remote,0,5,1.0,1.0,1.0,0.0,0.0,0.0,0.0,0.0,4.0,4.0,4.0
WCYfCfW9NA0_4,WCYfCfW9NA0,2-5s,3.0,281.0,1.0,1.0,0.0,control,0,2,remote,0,5,1.0,1.0,1.0,0.0,0.0,0.0,0.0,0.0,4.0,4.0,4.0
WCYfCfW9NA0_4,WCYfCfW9NA0,2-5s,3.0,281.0,1.0,1.0,0.0,control,0,3,remote,0,5,1.0,1.0,1.0,0.0,0.0,0.0,0.0,0.0,4.0,4.0,4.0
WCYfCfW9NA0_4,WCYfCfW9NA0,2-5s,3.0,281.0,1.0,1.0,0.0,control,0,4,remote,0,5,1.0,1.0,1.0,0.0,0.0,0.0,0.0,0.0,4.0,4.0,3.6666666666666665
WCYfCfW9NA0_4,WCYfCfW9NA0,2-5s,3.0,281.0,1.0,1.0,0.0,control,0,5,remote,0,5,1.0,1.0,1.0,0.0,0.0,0.0,0.0,0.0,4.0,4.0,4.0
WCYfCfW9NA0_4,WCYfCfW9NA0,2-5s,3.0,281.0,1.0,1.0,0.0,control,0,6,remote,0,5,1.0,1.0,1.0,0.0,0.0,0.0,0.0,0.0,4.0,4.0,4.0
WCYfCfW9NA0_4,WCYfCfW9NA0,2-5s,3.0,281.0,1.0,1.0,0.0,control,0,7,remote,0,5,1.0,1.0,1.0,0.0,0.0,0.0,0.0,0.0,4.0,4.0,4.0
WCYfCfW9NA0_4,WCYfCfW9NA0,2-5s,3.0,281.0,1.0,1.0,0.0,control,0,8,remote,0,5,1.0,1.0,1.0,0.0,0.0,0.0,0.0,0.0,4.0,4.0,4.0
WCYfCfW9NA0_4,WCYfCfW9NA0,2-5s,3.0,281.0,1.0,1.0,0.0,control,0,9,remote,0,5,1.0,1.0,1.0,0.0,0.0,0.0,0.0,0.0,4.0,4.0,4.0
WUpeplQr3A4_1,WUpeplQr3A4,2-5s,2.0,300.0,0.0,0.3,-0.3,harmful,0,0,remote,0,12,1.0,1.0,1.0,0.0,0.0,0.0,0.0,0.0,4.5,5.0,4.5
WUpeplQr3A4_1,WUpeplQr3A4,2-5s,2.0,300.0,0.0,0.3,-0.3,harmful,0,1,remote,0,12,1.0,1.0,1.0,0.0,0.0,0.0,0.0,0.0,4.5,5.0,4.5
WUpeplQr3A4_1,WUpeplQr3A4,2-5s,2.0,300.0,0.0,0.3,-0.3,harmful,0,2,remote,0,12,1.0,1.0,1.0,0.0,0.0,0.0,0.0,0.0,4.5,5.0,4.5
WUpeplQr3A4_1,WUpeplQr3A4,2-5s,2.0,300.0,0.0,0.3,-0.3,harmful,0,3,remote,0,12,1.0,1.0,1.0,0.0,0.0,0.0,0.0,0.0,4.5,5.0,4.5
WUpeplQr3A4_1,WUpeplQr3A4,2-5s,2.0,300.0,0.0,0.3,-0.3,harmful,0,4,remote,0,12,1.0,1.0,1.0,0.0,0.0,0.0,0.0,0.0,4.5,5.0,4.5
WUpeplQr3A4_1,WUpeplQr3A4,2-5s,2.0,300.0,0.0,0.3,-0.3,harmful,0,5,remote,0,12,1.0,1.0,1.0,0.0,0.0,0.0,0.0,0.0,4.5,5.0,4.5
WUpeplQr3A4_1,WUpeplQr3A4,2-5s,2.0,300.0,0.0,0.3,-0.3,harmful,0,6,remote,0,12,1.0,1.0,1.0,0.0,0.0,0.0,0.0,0.0,4.5,5.0,4.5
WUpeplQr3A4_1,WUpeplQr3A4,2-5s,2.0,300.0,0.0,0.3,-0.3,harmful,0,7,remote,0,12,1.0,1.0,1.0,0.0,0.0,0.0,0.0,0.0,4.5,5.0,4.5
WUpeplQr3A4_1,WUpeplQr3A4,2-5s,2.0,300.0,0.0,0.3,-0.3,harmful,0,8,remote,0,12,1.0,1.0,1.0,0.0,0.0,0.0,0.0,0.0,4.5,5.0,4.5
WUpeplQr3A4_1,WUpeplQr3A4,2-5s,2.0,300.0,0.0,0.3,-0.3,harmful,0,9,remote,0,12,1.0,1.0,0.0,100.0,0.0,0.0,0.0,0.0,4.5,5.0,4.5
WUyeFOyKIg0_1,WUyeFOyKIg0,2-5s,2.0,299.0,0.0,0.3,-0.3,harmful,1,0,remote,0,2,0.0,0.0,0.0,0.0,0.0,0.0,0.0,0.0,4.0,4.0,4.0
WUyeFOyKIg0_1,WUyeFOyKIg0,2-5s,2.0,299.0,0.0,0.3,-0.3,harmful,1,1,remote,0,2,0.0,0.0,0.0,0.0,0.0,0.0,0.0,0.0,4.0,4.0,4.0
WUyeFOyKIg0_1,WUyeFOyKIg0,2-5s,2.0,299.0,0.0,0.3,-0.3,harmful,1,2,remote,0,2,0.0,0.0,0.0,0.0,0.0,0.0,0.0,0.0,4.0,4.0,4.0
WUyeFOyKIg0_1,WUyeFOyKIg0,2-5s,2.0,299.0,0.0,0.3,-0.3,harmful,1,3,remote,0,2,0.0,0.0,0.0,0.0,0.0,0.0,0.0,0.0,4.0,4.0,4.0
WUyeFOyKIg0_1,WUyeFOyKIg0,2-5s,2.0,299.0,0.0,0.3,-0.3,harmful,1,4,remote,0,2,0.0,0.0,0.0,0.0,0.0,0.0,0.0,0.0,4.0,4.0,4.0
WUyeFOyKIg0_1,WUyeFOyKIg0,2-5s,2.0,299.0,0.0,0.3,-0.3,harmful,1,5,remote,0,2,0.0,0.0,0.0,0.0,0.0,0.0,0.0,0.0,4.0,4.0,4.0
WUyeFOyKIg0_1,WUyeFOyKIg0,2-5s,2.0,299.0,0.0,0.3,-0.3,harmful,1,6,remote,0,2,0.0,0.0,0.0,0.0,0.0,0.0,0.0,0.0,4.0,4.0,4.0
WUyeFOyKIg0_1,WUyeFOyKIg0,2-5s,2.0,299.0,0.0,0.3,-0.3,harmful,1,7,remote,0,2,0.0,0.0,0.0,0.0,0.0,0.0,0.0,0.0,4.0,4.0,4.0
WUyeFOyKIg0_1,WUyeFOyKIg0,2-5s,2.0,299.0,0.0,0.3,-0.3,harmful,1,8,remote,0,2,0.0,0.0,0.0,0.0,0.0,0.0,0.0,0.0,4.0,4.0,4.0
WUyeFOyKIg0_1,WUyeFOyKIg0,2-5s,2.0,299.0,0.0,0.3,-0.3,harmful,1,9,remote,0,2,0.0,0.0,0.0,0.0,0.0,0.0,0.0,0.0,4.0,4.0,4.0
WUyeFOyKIg0_2,WUyeFOyKIg0,2-5s,3.0,299.0,1.0,1.0,0.0,control,0,0,remote,0,5,1.0,1.0,1.0,0.0,0.0,0.0,0.0,0.0,3.3333333333333335,3.3333333333333335,3.3333333333333335
WUyeFOyKIg0_2,WUyeFOyKIg0,2-5s,3.0,299.0,1.0,1.0,0.0,control,0,1,remote,0,5,1.0,1.0,1.0,0.0,0.0,0.0,0.0,0.0,3.3333333333333335,3.3333333333333335,3.3333333333333335
WUyeFOyKIg0_2,WUyeFOyKIg0,2-5s,3.0,299.0,1.0,1.0,0.0,control,0,2,remote,0,5,1.0,1.0,1.0,0.0,0.0,0.0,0.0,0.0,3.3333333333333335,3.3333333333333335,3.3333333333333335
WUyeFOyKIg0_2,WUyeFOyKIg0,2-5s,3.0,299.0,1.0,1.0,0.0,control,0,3,remote,0,5,1.0,1.0,1.0,0.0,0.0,0.0,0.0,0.0,3.3333333333333335,3.3333333333333335,3.3333333333333335
WUyeFOyKIg0_2,WUyeFOyKIg0,2-5s,3.0,299.0,1.0,1.0,0.0,control,0,4,remote,0,5,1.0,1.0,1.0,0.0,0.0,0.0,0.0,0.0,3.3333333333333335,3.3333333333333335,3.3333333333333335
WUyeFOyKIg0_2,WUyeFOyKIg0,2-5s,3.0,299.0,1.0,1.0,0.0,control,0,5,remote,0,5,1.0,1.0,1.0,0.0,0.0,0.0,0.0,0.0,3.3333333333333335,3.3333333333333335,3.3333333333333335
WUyeFOyKIg0_2,WUyeFOyKIg0,2-5s,3.0,299.0,1.0,1.0,0.0,control,0,6,remote,0,5,1.0,1.0,1.0,0.0,0.0,0.0,0.0,0.0,3.3333333333333335,3.3333333333333335,3.3333333333333335
WUyeFOyKIg0_2,WUyeFOyKIg0,2-5s,3.0,299.0,1.0,1.0,0.0,control,0,7,remote,0,5,1.0,1.0,1.0,0.0,0.0,0.0,0.0,0.0,3.3333333333333335,3.3333333333333335,3.3333333333333335
WUyeFOyKIg0_2,WUyeFOyKIg0,2-5s,3.0,299.0,1.0,1.0,0.0,control,0,8,remote,0,5,1.0,1.0,1.0,0.0,0.0,0.0,0.0,0.0,3.3333333333333335,3.3333333333333335,3.0
WUyeFOyKIg0_2,WUyeFOyKIg0,2-5s,3.0,299.0,1.0,1.0,0.0,control,0,9,remote,0,5,1.0,1.0,1.0,0.0,0.0,0.0,0.0,0.0,3.3333333333333335,3.3333333333333335,3.3333333333333335
Wq4OD3olO2w_1,Wq4OD3olO2w,2-5s,2.0,299.0,1.0,1.0,0.0,control,0,0,remote,0,2,1.0,1.0,1.0,0.0,0.0,0.0,0.0,0.0,3.0,3.5,3.0
Wq4OD3olO2w_1,Wq4OD3olO2w,2-5s,2.0,299.0,1.0,1.0,0.0,control,0,1,remote,0,2,1.0,1.0,1.0,0.0,0.0,0.0,0.0,0.0,3.0,3.5,3.0
Wq4OD3olO2w_1,Wq4OD3olO2w,2-5s,2.0,299.0,1.0,1.0,0.0,control,0,2,remote,0,2,1.0,1.0,1.0,0.0,0.0,0.0,0.0,0.0,3.0,3.5,3.5
Wq4OD3olO2w_1,Wq4OD3olO2w,2-5s,2.0,299.0,1.0,1.0,0.0,control,0,3,remote,0,2,1.0,1.0,1.0,0.0,0.0,0.0,0.0,0.0,3.0,3.5,3.0
Wq4OD3olO2w_1,Wq4OD3olO2w,2-5s,2.0,299.0,1.0,1.0,0.0,control,0,4,remote,0,2,1.0,1.0,1.0,0.0,0.0,0.0,0.0,0.0,3.0,3.5,3.0
Wq4OD3olO2w_1,Wq4OD3olO2w,2-5s,2.0,299.0,1.0,1.0,0.0,control,0,5,remote,0,2,1.0,1.0,1.0,0.0,0.0,0.0,0.0,0.0,3.0,3.5,3.0
Wq4OD3olO2w_1,Wq4OD3olO2w,2-5s,2.0,299.0,1.0,1.0,0.0,control,0,6,remote,0,2,1.0,1.0,1.0,0.0,0.0,0.0,0.0,0.0,3.0,3.5,3.0
Wq4OD3olO2w_1,Wq4OD3olO2w,2-5s,2.0,299.0,1.0,1.0,0.0,control,0,7,remote,0,2,1.0,1.0,1.0,0.0,0.0,0.0,0.0,0.0,3.0,3.5,3.0
Wq4OD3olO2w_1,Wq4OD3olO2w,2-5s,2.0,299.0,1.0,1.0,0.0,control,0,8,remote,0,2,1.0,1.0,1.0,0.0,0.0,0.0,0.0,0.0,3.0,3.5,3.0
Wq4OD3olO2w_1,Wq4OD3olO2w,2-5s,2.0,299.0,1.0,1.0,0.0,control,0,9,remote,0,2,1.0,1.0,1.0,0.0,0.0,0.0,0.0,0.0,3.0,3.5,3.0
WqXFAY4k79s_1,WqXFAY4k79s,2-5s,3.0,300.0,1.0,1.0,0.0,control,0,0,remote,0,3,1.0,1.0,1.0,0.0,0.0,0.0,0.0,0.0,4.333333333333333,4.0,4.0
WqXFAY4k79s_1,WqXFAY4k79s,2-5s,3.0,300.0,1.0,1.0,0.0,control,0,1,remote,0,3,1.0,1.0,1.0,0.0,0.0,0.0,0.0,0.0,4.333333333333333,4.0,4.0
WqXFAY4k79s_1,WqXFAY4k79s,2-5s,3.0,300.0,1.0,1.0,0.0,control,0,2,remote,0,3,1.0,1.0,1.0,0.0,0.0,0.0,0.0,0.0,4.333333333333333,4.0,4.333333333333333
WqXFAY4k79s_1,WqXFAY4k79s,2-5s,3.0,300.0,1.0,1.0,0.0,control,0,3,remote,0,3,1.0,1.0,1.0,0.0,0.0,0.0,0.0,0.0,4.333333333333333,4.0,3.6666666666666665
WqXFAY4k79s_1,WqXFAY4k79s,2-5s,3.0,300.0,1.0,1.0,0.0,control,0,4,remote,0,3,1.0,1.0,1.0,0.0,0.0,0.0,0.0,0.0,4.333333333333333,4.0,4.333333333333333
WqXFAY4k79s_1,WqXFAY4k79s,2-5s,3.0,300.0,1.0,1.0,0.0,control,0,5,remote,0,3,1.0,1.0,1.0,0.0,0.0,0.0,0.0,0.0,4.333333333333333,4.0,4.333333333333333
WqXFAY4k79s_1,WqXFAY4k79s,2-5s,3.0,300.0,1.0,1.0,0.0,control,0,6,remote,0,3,1.0,1.0,1.0,0.0,0.0,0.0,0.0,0.0,4.333333333333333,4.0,4.0
WqXFAY4k79s_1,WqXFAY4k79s,2-5s,3.0,300.0,1.0,1.0,0.0,control,0,7,remote,0,3,1.0,1.0,1.0,0.0,0.0,0.0,0.0,0.0,4.333333333333333,4.0,4.333333333333333
WqXFAY4k79s_1,WqXFAY4k79s,2-5s,3.0,300.0,1.0,1.0,0.0,control,0,8,remote,0,3,1.0,1.0,1.0,0.0,0.0,0.0,0.0,0.0,4.333333333333333,4.0,4.333333333333333
WqXFAY4k79s_1,WqXFAY4k79s,2-5s,3.0,300.0,1.0,1.0,0.0,control,0,9,remote,0,3,1.0,1.0,1.0,0.0,0.0,0.0,0.0,0.0,4.333333333333333,4.0,4.333333333333333
XZTt1xdK8uQ_1,XZTt1xdK8uQ,0-2s,1.0,140.0,1.0,0.0,1.0,control,1,0,remote,0,3,0.0,0.0,0.0,0.0,0.0,0.0,0.0,0.0,8.0,7.0,8.0
XZTt1xdK8uQ_1,XZTt1xdK8uQ,0-2s,1.0,140.0,1.0,0.0,1.0,control,1,1,remote,0,3,0.0,0.0,0.0,0.0,0.0,0.0,0.0,0.0,8.0,7.0,8.0
XZTt1xdK8uQ_1,XZTt1xdK8uQ,0-2s,1.0,140.0,1.0,0.0,1.0,control,1,2,remote,0,3,0.0,0.0,0.0,0.0,0.0,0.0,0.0,0.0,8.0,7.0,8.0
XZTt1xdK8uQ_1,XZTt1xdK8uQ,0-2s,1.0,140.0,1.0,0.0,1.0,control,1,3,remote,0,3,0.0,0.0,0.0,0.0,0.0,0.0,0.0,0.0,8.0,7.0,8.0
XZTt1xdK8uQ_1,XZTt1xdK8uQ,0-2s,1.0,140.0,1.0,0.0,1.0,control,1,4,remote,0,3,0.0,0.0,0.0,0.0,0.0,0.0,0.0,0.0,8.0,7.0,8.0
XZTt1xdK8uQ_1,XZTt1xdK8uQ,0-2s,1.0,140.0,1.0,0.0,1.0,control,1,5,remote,0,3,0.0,0.0,0.0,0.0,0.0,0.0,0.0,0.0,8.0,7.0,8.0
XZTt1xdK8uQ_1,XZTt1xdK8uQ,0-2s,1.0,140.0,1.0,0.0,1.0,control,1,6,remote,0,3,0.0,0.0,0.0,0.0,0.0,0.0,0.0,0.0,8.0,7.0,8.0
XZTt1xdK8uQ_1,XZTt1xdK8uQ,0-2s,1.0,140.0,1.0,0.0,1.0,control,1,7,remote,0,3,0.0,0.0,0.0,0.0,0.0,0.0,0.0,0.0,8.0,7.0,8.0
XZTt1xdK8uQ_1,XZTt1xdK8uQ,0-2s,1.0,140.0,1.0,0.0,1.0,control,1,8,remote,0,3,0.0,0.0,0.0,0.0,0.0,0.0,0.0,0.0,8.0,7.0,8.0
XZTt1xdK8uQ_1,XZTt1xdK8uQ,0-2s,1.0,140.0,1.0,0.0,1.0,control,1,9,remote,0,3,0.0,0.0,0.0,0.0,0.0,0.0,0.0,0.0,8.0,7.0,8.0
YflmW68gL4E_2,YflmW68gL4E,2-5s,2.0,285.0,1.0,1.0,0.0,control,0,0,remote,0,1,1.0,1.0,1.0,0.0,0.0,0.0,0.0,0.0,3.5,3.0,3.5
YflmW68gL4E_2,YflmW68gL4E,2-5s,2.0,285.0,1.0,1.0,0.0,control,0,1,remote,0,1,1.0,1.0,1.0,0.0,0.0,0.0,0.0,0.0,3.5,3.0,3.5
YflmW68gL4E_2,YflmW68gL4E,2-5s,2.0,285.0,1.0,1.0,0.0,control,0,2,remote,0,1,1.0,1.0,1.0,0.0,0.0,0.0,0.0,0.0,3.5,3.0,3.5
YflmW68gL4E_2,YflmW68gL4E,2-5s,2.0,285.0,1.0,1.0,0.0,control,0,3,remote,0,1,1.0,1.0,1.0,0.0,0.0,0.0,0.0,0.0,3.5,3.0,3.5
YflmW68gL4E_2,YflmW68gL4E,2-5s,2.0,285.0,1.0,1.0,0.0,control,0,4,remote,0,1,1.0,1.0,1.0,0.0,0.0,0.0,0.0,0.0,3.5,3.0,3.5
YflmW68gL4E_2,YflmW68gL4E,2-5s,2.0,285.0,1.0,1.0,0.0,control,0,5,remote,0,1,1.0,1.0,1.0,0.0,0.0,0.0,0.0,0.0,3.5,3.0,3.5
YflmW68gL4E_2,YflmW68gL4E,2-5s,2.0,285.0,1.0,1.0,0.0,control,0,6,remote,0,1,1.0,1.0,1.0,0.0,0.0,0.0,0.0,0.0,3.5,3.0,3.5
YflmW68gL4E_2,YflmW68gL4E,2-5s,2.0,285.0,1.0,1.0,0.0,control,0,7,remote,0,1,1.0,1.0,1.0,0.0,0.0,0.0,0.0,0.0,3.5,3.0,3.5
YflmW68gL4E_2,YflmW68gL4E,2-5s,2.0,285.0,1.0,1.0,0.0,control,0,8,remote,0,1,1.0,1.0,1.0,0.0,0.0,0.0,0.0,0.0,3.5,3.0,3.5
YflmW68gL4E_2,YflmW68gL4E,2-5s,2.0,285.0,1.0,1.0,0.0,control,0,9,remote,0,1,1.0,1.0,1.0,0.0,0.0,0.0,0.0,0.0,3.5,3.0,3.5
Z1Cyj4N05lk_3,Z1Cyj4N05lk,2-5s,2.0,299.0,0.0,0.0,0.0,control,1,0,remote,0,1,0.0,0.0,0.0,0.0,0.0,0.0,0.0,0.0,8.0,8.0,8.0
Z1Cyj4N05lk_3,Z1Cyj4N05lk,2-5s,2.0,299.0,0.0,0.0,0.0,control,1,1,remote,0,1,0.0,0.0,0.0,0.0,0.0,0.0,0.0,0.0,8.0,8.0,8.0
Z1Cyj4N05lk_3,Z1Cyj4N05lk,2-5s,2.0,299.0,0.0,0.0,0.0,control,1,2,remote,0,1,0.0,0.0,0.0,0.0,0.0,0.0,0.0,0.0,8.0,8.0,8.0
Z1Cyj4N05lk_3,Z1Cyj4N05lk,2-5s,2.0,299.0,0.0,0.0,0.0,control,1,3,remote,0,1,0.0,0.0,0.0,0.0,0.0,0.0,0.0,0.0,8.0,8.0,8.0
Z1Cyj4N05lk_3,Z1Cyj4N05lk,2-5s,2.0,299.0,0.0,0.0,0.0,control,1,4,remote,0,1,0.0,0.0,0.0,0.0,0.0,0.0,0.0,0.0,8.0,8.0,8.0
Z1Cyj4N05lk_3,Z1Cyj4N05lk,2-5s,2.0,299.0,0.0,0.0,0.0,control,1,5,remote,0,1,0.0,0.0,0.0,0.0,0.0,0.0,0.0,0.0,8.0,8.0,8.0
Z1Cyj4N05lk_3,Z1Cyj4N05lk,2-5s,2.0,299.0,0.0,0.0,0.0,control,1,6,remote,0,1,0.0,0.0,0.0,0.0,0.0,0.0,0.0,0.0,8.0,8.0,8.0
Z1Cyj4N05lk_3,Z1Cyj4N05lk,2-5s,2.0,299.0,0.0,0.0,0.0,control,1,7,remote,0,1,0.0,0.0,0.0,0.0,0.0,0.0,0.0,0.0,8.0,8.0,8.5
Z1Cyj4N05lk_3,Z1Cyj4N05lk,2-5s,2.0,299.0,0.0,0.0,0.0,control,1,8,remote,0,1,0.0,0.0,0.0,0.0,0.0,0.0,0.0,0.0,8.0,8.0,8.0
Z1Cyj4N05lk_3,Z1Cyj4N05lk,2-5s,2.0,299.0,0.0,0.0,0.0,control,1,9,remote,0,1,0.0,0.0,0.0,0.0,0.0,0.0,0.0,0.0,8.0,8.0,8.0
Z3wDry8nnJs_1,Z3wDry8nnJs,2-5s,3.0,90.0,1.0,1.0,0.0,control,0,0,remote,0,14,1.0,1.0,1.0,0.0,0.0,0.0,0.0,0.0,1.6666666666666667,1.3333333333333333,1.6666666666666667
Z3wDry8nnJs_1,Z3wDry8nnJs,2-5s,3.0,90.0,1.0,1.0,0.0,control,0,1,remote,0,14,1.0,1.0,1.0,0.0,0.0,0.0,0.0,0.0,1.6666666666666667,1.3333333333333333,1.6666666666666667
Z3wDry8nnJs_1,Z3wDry8nnJs,2-5s,3.0,90.0,1.0,1.0,0.0,control,0,2,remote,0,14,1.0,1.0,1.0,0.0,0.0,0.0,0.0,0.0,1.6666666666666667,1.3333333333333333,1.6666666666666667
Z3wDry8nnJs_1,Z3wDry8nnJs,2-5s,3.0,90.0,1.0,1.0,0.0,control,0,3,remote,0,14,1.0,1.0,1.0,0.0,0.0,0.0,0.0,0.0,1.6666666666666667,1.3333333333333333,2.0
Z3wDry8nnJs_1,Z3wDry8nnJs,2-5s,3.0,90.0,1.0,1.0,0.0,control,0,4,remote,0,14,1.0,1.0,1.0,0.0,0.0,0.0,0.0,0.0,1.6666666666666667,1.3333333333333333,1.6666666666666667
Z3wDry8nnJs_1,Z3wDry8nnJs,2-5s,3.0,90.0,1.0,1.0,0.0,control,0,5,remote,0,14,1.0,1.0,1.0,0.0,0.0,0.0,0.0,0.0,1.6666666666666667,1.3333333333333333,2.0
Z3wDry8nnJs_1,Z3wDry8nnJs,2-5s,3.0,90.0,1.0,1.0,0.0,control,0,6,remote,0,14,1.0,1.0,1.0,0.0,0.0,0.0,0.0,0.0,1.6666666666666667,1.3333333333333333,2.3333333333333335
Z3wDry8nnJs_1,Z3wDry8nnJs,2-5s,3.0,90.0,1.0,1.0,0.0,control,0,7,remote,0,14,1.0,1.0,1.0,0.0,0.0,0.0,0.0,0.0,1.6666666666666667,1.3333333333333333,2.0
Z3wDry8nnJs_1,Z3wDry8nnJs,2-5s,3.0,90.0,1.0,1.0,0.0,control,0,8,remote,0,14,1.0,1.0,1.0,0.0,0.0,0.0,0.0,0.0,1.6666666666666667,1.3333333333333333,3.0
Z3wDry8nnJs_1,Z3wDry8nnJs,2-5s,3.0,90.0,1.0,1.0,0.0,control,0,9,remote,0,14,1.0,1.0,1.0,0.0,0.0,0.0,0.0,0.0,1.6666666666666667,1.3333333333333333,2.3333333333333335
Z3wDry8nnJs_3,Z3wDry8nnJs,2-5s,2.0,90.0,1.0,1.0,0.0,control,0,0,remote,0,3,1.0,1.0,1.0,0.0,1.0,1.0,1.0,0.0,1.5,2.0,1.5
Z3wDry8nnJs_3,Z3wDry8nnJs,2-5s,2.0,90.0,1.0,1.0,0.0,control,0,1,remote,0,3,1.0,1.0,1.0,0.0,1.0,1.0,1.0,0.0,1.5,2.0,1.5
Z3wDry8nnJs_3,Z3wDry8nnJs,2-5s,2.0,90.0,1.0,1.0,0.0,control,0,2,remote,0,3,1.0,1.0,1.0,0.0,1.0,1.0,1.0,0.0,1.5,2.0,1.5
Z3wDry8nnJs_3,Z3wDry8nnJs,2-5s,2.0,90.0,1.0,1.0,0.0,control,0,3,remote,0,3,1.0,1.0,1.0,0.0,1.0,1.0,1.0,0.0,1.5,2.0,1.5
Z3wDry8nnJs_3,Z3wDry8nnJs,2-5s,2.0,90.0,1.0,1.0,0.0,control,0,4,remote,0,3,1.0,1.0,1.0,0.0,1.0,1.0,1.0,0.0,1.5,2.0,1.5
Z3wDry8nnJs_3,Z3wDry8nnJs,2-5s,2.0,90.0,1.0,1.0,0.0,control,0,5,remote,0,3,1.0,1.0,1.0,0.0,1.0,1.0,1.0,0.0,1.5,2.0,1.5
Z3wDry8nnJs_3,Z3wDry8nnJs,2-5s,2.0,90.0,1.0,1.0,0.0,control,0,6,remote,0,3,1.0,1.0,1.0,0.0,1.0,1.0,1.0,0.0,1.5,2.0,1.5
Z3wDry8nnJs_3,Z3wDry8nnJs,2-5s,2.0,90.0,1.0,1.0,0.0,control,0,7,remote,0,3,1.0,1.0,1.0,0.0,1.0,1.0,1.0,0.0,1.5,2.0,1.5
Z3wDry8nnJs_3,Z3wDry8nnJs,2-5s,2.0,90.0,1.0,1.0,0.0,control,0,8,remote,0,3,1.0,1.0,1.0,0.0,1.0,1.0,1.0,0.0,1.5,2.0,1.5
Z3wDry8nnJs_3,Z3wDry8nnJs,2-5s,2.0,90.0,1.0,1.0,0.0,control,0,9,remote,0,3,1.0,1.0,1.0,0.0,1.0,1.0,1.0,0.0,1.5,2.0,1.5
ZBtgrP4vU_w_2,ZBtgrP4vU_w,2-5s,2.0,300.0,0.0,0.1,-0.1,harmful,1,0,remote,0,6,0.0,0.0,0.0,0.0,0.0,0.0,0.0,0.0,3.0,3.5,3.0
ZBtgrP4vU_w_2,ZBtgrP4vU_w,2-5s,2.0,300.0,0.0,0.1,-0.1,harmful,1,1,remote,0,6,0.0,0.0,0.0,0.0,0.0,0.0,0.0,0.0,3.0,3.5,3.0
ZBtgrP4vU_w_2,ZBtgrP4vU_w,2-5s,2.0,300.0,0.0,0.1,-0.1,harmful,1,2,remote,0,6,0.0,0.0,0.0,0.0,0.0,0.0,0.0,0.0,3.0,3.5,3.0
ZBtgrP4vU_w_2,ZBtgrP4vU_w,2-5s,2.0,300.0,0.0,0.1,-0.1,harmful,1,3,remote,0,6,0.0,0.0,0.0,0.0,0.0,0.0,0.0,0.0,3.0,3.5,3.5
ZBtgrP4vU_w_2,ZBtgrP4vU_w,2-5s,2.0,300.0,0.0,0.1,-0.1,harmful,1,4,remote,0,6,0.0,0.0,0.0,0.0,0.0,0.0,0.0,0.0,3.0,3.5,3.0
ZBtgrP4vU_w_2,ZBtgrP4vU_w,2-5s,2.0,300.0,0.0,0.1,-0.1,harmful,1,5,remote,0,6,0.0,0.0,0.0,0.0,0.0,0.0,0.0,0.0,3.0,3.5,3.5
ZBtgrP4vU_w_2,ZBtgrP4vU_w,2-5s,2.0,300.0,0.0,0.1,-0.1,harmful,1,6,remote,0,6,0.0,0.0,0.0,0.0,0.0,0.0,0.0,0.0,3.0,3.5,3.0
ZBtgrP4vU_w_2,ZBtgrP4vU_w,2-5s,2.0,300.0,0.0,0.1,-0.1,harmful,1,7,remote,0,6,0.0,0.0,0.0,0.0,0.0,0.0,0.0,0.0,3.0,3.5,3.0
ZBtgrP4vU_w_2,ZBtgrP4vU_w,2-5s,2.0,300.0,0.0,0.1,-0.1,harmful,1,8,remote,0,6,0.0,0.0,0.0,0.0,0.0,0.0,0.0,0.0,3.0,3.5,3.5
ZBtgrP4vU_w_2,ZBtgrP4vU_w,2-5s,2.0,300.0,0.0,0.1,-0.1,harmful,1,9,remote,0,6,0.0,0.0,0.0,0.0,0.0,0.0,0.0,0.0,3.0,3.5,3.0
ZTYAQBnU4GM_1,ZTYAQBnU4GM,2-5s,2.0,114.0,1.0,1.0,0.0,control,0,0,remote,0,19,1.0,1.0,1.0,0.0,0.0,0.0,0.0,0.0,3.0,2.0,3.0
ZTYAQBnU4GM_1,ZTYAQBnU4GM,2-5s,2.0,114.0,1.0,1.0,0.0,control,0,1,remote,0,19,1.0,1.0,1.0,0.0,0.0,0.0,0.0,0.0,3.0,2.0,3.0
ZTYAQBnU4GM_1,ZTYAQBnU4GM,2-5s,2.0,114.0,1.0,1.0,0.0,control,0,2,remote,0,19,1.0,1.0,1.0,0.0,0.0,0.0,0.0,0.0,3.0,2.0,3.0
ZTYAQBnU4GM_1,ZTYAQBnU4GM,2-5s,2.0,114.0,1.0,1.0,0.0,control,0,3,remote,0,19,1.0,1.0,1.0,0.0,0.0,0.0,0.0,0.0,3.0,2.0,3.0
ZTYAQBnU4GM_1,ZTYAQBnU4GM,2-5s,2.0,114.0,1.0,1.0,0.0,control,0,4,remote,0,19,1.0,1.0,1.0,0.0,0.0,0.0,0.0,0.0,3.0,2.0,3.0
ZTYAQBnU4GM_1,ZTYAQBnU4GM,2-5s,2.0,114.0,1.0,1.0,0.0,control,0,5,remote,0,19,1.0,1.0,1.0,0.0,0.0,0.0,0.0,0.0,3.0,2.0,3.0
ZTYAQBnU4GM_1,ZTYAQBnU4GM,2-5s,2.0,114.0,1.0,1.0,0.0,control,0,6,remote,0,19,1.0,1.0,1.0,0.0,0.0,0.0,0.0,0.0,3.0,2.0,3.0
ZTYAQBnU4GM_1,ZTYAQBnU4GM,2-5s,2.0,114.0,1.0,1.0,0.0,control,0,7,remote,0,19,1.0,1.0,1.0,0.0,0.0,0.0,0.0,0.0,3.0,2.0,3.0
ZTYAQBnU4GM_1,ZTYAQBnU4GM,2-5s,2.0,114.0,1.0,1.0,0.0,control,0,8,remote,0,19,1.0,1.0,1.0,0.0,0.0,0.0,0.0,0.0,3.0,2.0,3.0
ZTYAQBnU4GM_1,ZTYAQBnU4GM,2-5s,2.0,114.0,1.0,1.0,0.0,control,0,9,remote,0,19,1.0,1.0,1.0,0.0,0.0,0.0,0.0,0.0,3.0,2.0,3.0
ZUmZgPL0ges_3,ZUmZgPL0ges,2-5s,2.0,168.0,1.0,1.0,0.0,control,0,0,moderately_near,1,9,1.0,1.0,1.0,0.0,0.0,0.0,0.0,0.0,3.0,2.5,3.0
ZUmZgPL0ges_3,ZUmZgPL0ges,2-5s,2.0,168.0,1.0,1.0,0.0,control,0,1,moderately_near,1,9,1.0,1.0,1.0,0.0,0.0,0.0,0.0,0.0,3.0,2.5,2.5
ZUmZgPL0ges_3,ZUmZgPL0ges,2-5s,2.0,168.0,1.0,1.0,0.0,control,0,2,moderately_near,1,9,1.0,1.0,1.0,0.0,0.0,0.0,0.0,0.0,3.0,2.5,3.0
ZUmZgPL0ges_3,ZUmZgPL0ges,2-5s,2.0,168.0,1.0,1.0,0.0,control,0,3,moderately_near,1,9,1.0,1.0,1.0,0.0,0.0,0.0,0.0,0.0,3.0,2.5,2.5
ZUmZgPL0ges_3,ZUmZgPL0ges,2-5s,2.0,168.0,1.0,1.0,0.0,control,0,4,moderately_near,1,9,1.0,1.0,1.0,0.0,0.0,0.0,0.0,0.0,3.0,2.5,3.0
ZUmZgPL0ges_3,ZUmZgPL0ges,2-5s,2.0,168.0,1.0,1.0,0.0,control,0,5,moderately_near,1,9,1.0,1.0,1.0,0.0,0.0,0.0,0.0,0.0,3.0,2.5,3.0
ZUmZgPL0ges_3,ZUmZgPL0ges,2-5s,2.0,168.0,1.0,1.0,0.0,control,0,6,moderately_near,1,9,1.0,1.0,1.0,0.0,0.0,0.0,0.0,0.0,3.0,2.5,3.0
ZUmZgPL0ges_3,ZUmZgPL0ges,2-5s,2.0,168.0,1.0,1.0,0.0,control,0,7,moderately_near,1,9,1.0,1.0,1.0,0.0,0.0,0.0,0.0,0.0,3.0,2.5,3.0
ZUmZgPL0ges_3,ZUmZgPL0ges,2-5s,2.0,168.0,1.0,1.0,0.0,control,0,8,moderately_near,1,9,1.0,1.0,1.0,0.0,0.0,0.0,0.0,0.0,3.0,2.5,2.5
ZUmZgPL0ges_3,ZUmZgPL0ges,2-5s,2.0,168.0,1.0,1.0,0.0,control,0,9,moderately_near,1,9,1.0,1.0,1.0,0.0,0.0,0.0,0.0,0.0,3.0,2.5,2.5
Z_smJ66Tb3c_1,Z_smJ66Tb3c,2-5s,4.0,201.0,1.0,1.0,0.0,control,0,0,moderately_near,0,10,1.0,1.0,1.0,0.0,0.0,0.0,0.0,0.0,1.25,1.5,1.25
Z_smJ66Tb3c_1,Z_smJ66Tb3c,2-5s,4.0,201.0,1.0,1.0,0.0,control,0,1,moderately_near,0,10,1.0,1.0,1.0,0.0,0.0,0.0,0.0,0.0,1.25,1.5,1.25
Z_smJ66Tb3c_1,Z_smJ66Tb3c,2-5s,4.0,201.0,1.0,1.0,0.0,control,0,2,moderately_near,0,10,1.0,1.0,1.0,0.0,0.0,0.0,0.0,0.0,1.25,1.5,1.25
Z_smJ66Tb3c_1,Z_smJ66Tb3c,2-5s,4.0,201.0,1.0,1.0,0.0,control,0,3,moderately_near,0,10,1.0,1.0,1.0,0.0,0.0,0.0,0.0,0.0,1.25,1.5,1.25
Z_smJ66Tb3c_1,Z_smJ66Tb3c,2-5s,4.0,201.0,1.0,1.0,0.0,control,0,4,moderately_near,0,10,1.0,1.0,1.0,0.0,0.0,0.0,0.0,0.0,1.25,1.5,1.25
Z_smJ66Tb3c_1,Z_smJ66Tb3c,2-5s,4.0,201.0,1.0,1.0,0.0,control,0,5,moderately_near,0,10,1.0,1.0,1.0,0.0,0.0,0.0,0.0,0.0,1.25,1.5,1.25
Z_smJ66Tb3c_1,Z_smJ66Tb3c,2-5s,4.0,201.0,1.0,1.0,0.0,control,0,6,moderately_near,0,10,1.0,1.0,1.0,0.0,0.0,0.0,0.0,0.0,1.25,1.5,1.25
Z_smJ66Tb3c_1,Z_smJ66Tb3c,2-5s,4.0,201.0,1.0,1.0,0.0,control,0,7,moderately_near,0,10,1.0,1.0,1.0,0.0,0.0,0.0,0.0,0.0,1.25,1.5,1.25
Z_smJ66Tb3c_1,Z_smJ66Tb3c,2-5s,4.0,201.0,1.0,1.0,0.0,control,0,8,moderately_near,0,10,1.0,1.0,1.0,0.0,0.0,0.0,0.0,0.0,1.25,1.5,1.25
Z_smJ66Tb3c_1,Z_smJ66Tb3c,2-5s,4.0,201.0,1.0,1.0,0.0,control,0,9,moderately_near,0,10,1.0,1.0,1.0,0.0,0.0,0.0,0.0,0.0,1.25,1.5,1.25
Z_smJ66Tb3c_3,Z_smJ66Tb3c,0-2s,1.0,201.0,0.0,0.0,0.0,control,1,0,remote,0,29,0.0,0.0,0.0,0.0,0.0,0.0,0.0,0.0,9.0,6.0,9.0
Z_smJ66Tb3c_3,Z_smJ66Tb3c,0-2s,1.0,201.0,0.0,0.0,0.0,control,1,1,remote,0,29,0.0,0.0,0.0,0.0,0.0,0.0,0.0,0.0,9.0,6.0,9.0
Z_smJ66Tb3c_3,Z_smJ66Tb3c,0-2s,1.0,201.0,0.0,0.0,0.0,control,1,2,remote,0,29,0.0,0.0,0.0,0.0,0.0,0.0,0.0,0.0,9.0,6.0,9.0
Z_smJ66Tb3c_3,Z_smJ66Tb3c,0-2s,1.0,201.0,0.0,0.0,0.0,control,1,3,remote,0,29,0.0,0.0,0.0,0.0,0.0,0.0,0.0,0.0,9.0,6.0,9.0
Z_smJ66Tb3c_3,Z_smJ66Tb3c,0-2s,1.0,201.0,0.0,0.0,0.0,control,1,4,remote,0,29,0.0,0.0,0.0,0.0,0.0,0.0,0.0,0.0,9.0,6.0,9.0
Z_smJ66Tb3c_3,Z_smJ66Tb3c,0-2s,1.0,201.0,0.0,0.0,0.0,control,1,5,remote,0,29,0.0,0.0,0.0,0.0,0.0,0.0,0.0,0.0,9.0,6.0,9.0
Z_smJ66Tb3c_3,Z_smJ66Tb3c,0-2s,1.0,201.0,0.0,0.0,0.0,control,1,6,remote,0,29,0.0,0.0,0.0,0.0,0.0,0.0,0.0,0.0,9.0,6.0,9.0
Z_smJ66Tb3c_3,Z_smJ66Tb3c,0-2s,1.0,201.0,0.0,0.0,0.0,control,1,7,remote,0,29,0.0,0.0,0.0,0.0,0.0,0.0,0.0,0.0,9.0,6.0,9.0
Z_smJ66Tb3c_3,Z_smJ66Tb3c,0-2s,1.0,201.0,0.0,0.0,0.0,control,1,8,remote,0,29,0.0,0.0,0.0,0.0,0.0,0.0,0.0,0.0,9.0,6.0,9.0
Z_smJ66Tb3c_3,Z_smJ66Tb3c,0-2s,1.0,201.0,0.0,0.0,0.0,control,1,9,remote,0,29,0.0,0.0,0.0,0.0,0.0,0.0,0.0,0.0,9.0,6.0,9.0
Zsf2YvJfCKw_1,Zsf2YvJfCKw,2-5s,2.0,135.0,1.0,1.0,0.0,control,0,0,remote,0,3,1.0,1.0,1.0,0.0,0.0,0.0,0.0,0.0,2.5,2.5,2.5
Zsf2YvJfCKw_1,Zsf2YvJfCKw,2-5s,2.0,135.0,1.0,1.0,0.0,control,0,1,remote,0,3,1.0,1.0,1.0,0.0,0.0,0.0,0.0,0.0,2.5,2.5,2.5
Zsf2YvJfCKw_1,Zsf2YvJfCKw,2-5s,2.0,135.0,1.0,1.0,0.0,control,0,2,remote,0,3,1.0,1.0,1.0,0.0,0.0,0.0,0.0,0.0,2.5,2.5,2.5
Zsf2YvJfCKw_1,Zsf2YvJfCKw,2-5s,2.0,135.0,1.0,1.0,0.0,control,0,3,remote,0,3,1.0,1.0,1.0,0.0,0.0,0.0,0.0,0.0,2.5,2.5,2.5
Zsf2YvJfCKw_1,Zsf2YvJfCKw,2-5s,2.0,135.0,1.0,1.0,0.0,control,0,4,remote,0,3,1.0,1.0,1.0,0.0,0.0,0.0,0.0,0.0,2.5,2.5,2.5
Zsf2YvJfCKw_1,Zsf2YvJfCKw,2-5s,2.0,135.0,1.0,1.0,0.0,control,0,5,remote,0,3,1.0,1.0,1.0,0.0,0.0,0.0,0.0,0.0,2.5,2.5,2.5
Zsf2YvJfCKw_1,Zsf2YvJfCKw,2-5s,2.0,135.0,1.0,1.0,0.0,control,0,6,remote,0,3,1.0,1.0,1.0,0.0,0.0,0.0,0.0,0.0,2.5,2.5,2.5
Zsf2YvJfCKw_1,Zsf2YvJfCKw,2-5s,2.0,135.0,1.0,1.0,0.0,control,0,7,remote,0,3,1.0,1.0,1.0,0.0,0.0,0.0,0.0,0.0,2.5,2.5,2.5
Zsf2YvJfCKw_1,Zsf2YvJfCKw,2-5s,2.0,135.0,1.0,1.0,0.0,control,0,8,remote,0,3,1.0,1.0,1.0,0.0,0.0,0.0,0.0,0.0,2.5,2.5,2.5
Zsf2YvJfCKw_1,Zsf2YvJfCKw,2-5s,2.0,135.0,1.0,1.0,0.0,control,0,9,remote,0,3,1.0,1.0,1.0,0.0,0.0,0.0,0.0,0.0,2.5,2.5,2.5
_AcJVyToQUQ_1,_AcJVyToQUQ,2-5s,2.0,115.0,1.0,1.0,0.0,control,0,0,adjacent,0,5,1.0,1.0,1.0,0.0,0.0,0.0,0.0,0.0,3.0,3.0,3.5
_AcJVyToQUQ_1,_AcJVyToQUQ,2-5s,2.0,115.0,1.0,1.0,0.0,control,0,1,adjacent,0,5,1.0,1.0,1.0,0.0,0.0,0.0,0.0,0.0,3.0,3.0,3.0
_AcJVyToQUQ_1,_AcJVyToQUQ,2-5s,2.0,115.0,1.0,1.0,0.0,control,0,2,adjacent,0,5,1.0,1.0,1.0,0.0,0.0,0.0,0.0,0.0,3.0,3.0,3.0
_AcJVyToQUQ_1,_AcJVyToQUQ,2-5s,2.0,115.0,1.0,1.0,0.0,control,0,3,adjacent,0,5,1.0,1.0,1.0,0.0,0.0,0.0,0.0,0.0,3.0,3.0,3.0
_AcJVyToQUQ_1,_AcJVyToQUQ,2-5s,2.0,115.0,1.0,1.0,0.0,control,0,4,adjacent,0,5,1.0,1.0,1.0,0.0,0.0,0.0,0.0,0.0,3.0,3.0,2.5
_AcJVyToQUQ_1,_AcJVyToQUQ,2-5s,2.0,115.0,1.0,1.0,0.0,control,0,5,adjacent,0,5,1.0,1.0,1.0,0.0,0.0,0.0,0.0,0.0,3.0,3.0,3.0
_AcJVyToQUQ_1,_AcJVyToQUQ,2-5s,2.0,115.0,1.0,1.0,0.0,control,0,6,adjacent,0,5,1.0,1.0,1.0,0.0,0.0,0.0,0.0,0.0,3.0,3.0,3.0
_AcJVyToQUQ_1,_AcJVyToQUQ,2-5s,2.0,115.0,1.0,1.0,0.0,control,0,7,adjacent,0,5,1.0,1.0,1.0,0.0,0.0,0.0,0.0,0.0,3.0,3.0,3.0
_AcJVyToQUQ_1,_AcJVyToQUQ,2-5s,2.0,115.0,1.0,1.0,0.0,control,0,8,adjacent,0,5,1.0,1.0,1.0,0.0,0.0,0.0,0.0,0.0,3.0,3.0,3.0
_AcJVyToQUQ_1,_AcJVyToQUQ,2-5s,2.0,115.0,1.0,1.0,0.0,control,0,9,adjacent,0,5,1.0,1.0,1.0,0.0,0.0,0.0,0.0,0.0,3.0,3.0,3.0
_BSmz3SEW1w_1,_BSmz3SEW1w,2-5s,2.0,133.0,1.0,0.8,0.19999999999999996,control,1,0,moderately_near,0,2,0.0,0.0,0.0,0.0,0.0,0.0,0.0,0.0,2.5,2.5,3.0
_BSmz3SEW1w_1,_BSmz3SEW1w,2-5s,2.0,133.0,1.0,0.8,0.19999999999999996,control,1,1,moderately_near,0,2,0.0,0.0,0.0,0.0,0.0,0.0,0.0,0.0,2.5,2.5,2.5
_BSmz3SEW1w_1,_BSmz3SEW1w,2-5s,2.0,133.0,1.0,0.8,0.19999999999999996,control,1,2,moderately_near,0,2,0.0,0.0,0.0,0.0,0.0,0.0,0.0,0.0,2.5,2.5,2.5
_BSmz3SEW1w_1,_BSmz3SEW1w,2-5s,2.0,133.0,1.0,0.8,0.19999999999999996,control,1,3,moderately_near,0,2,0.0,0.0,0.0,0.0,0.0,0.0,0.0,0.0,2.5,2.5,3.0
_BSmz3SEW1w_1,_BSmz3SEW1w,2-5s,2.0,133.0,1.0,0.8,0.19999999999999996,control,1,4,moderately_near,0,2,0.0,0.0,0.0,0.0,0.0,0.0,0.0,0.0,2.5,2.5,2.5
_BSmz3SEW1w_1,_BSmz3SEW1w,2-5s,2.0,133.0,1.0,0.8,0.19999999999999996,control,1,5,moderately_near,0,2,0.0,0.0,0.0,0.0,0.0,0.0,0.0,0.0,2.5,2.5,3.0
_BSmz3SEW1w_1,_BSmz3SEW1w,2-5s,2.0,133.0,1.0,0.8,0.19999999999999996,control,1,6,moderately_near,0,2,0.0,0.0,0.0,0.0,0.0,0.0,0.0,0.0,2.5,2.5,2.5
_BSmz3SEW1w_1,_BSmz3SEW1w,2-5s,2.0,133.0,1.0,0.8,0.19999999999999996,control,1,7,moderately_near,0,2,0.0,0.0,0.0,0.0,0.0,0.0,0.0,0.0,2.5,2.5,2.5
_BSmz3SEW1w_1,_BSmz3SEW1w,2-5s,2.0,133.0,1.0,0.8,0.19999999999999996,control,1,8,moderately_near,0,2,0.0,0.0,0.0,0.0,0.0,0.0,0.0,0.0,2.5,2.5,2.5
_BSmz3SEW1w_1,_BSmz3SEW1w,2-5s,2.0,133.0,1.0,0.8,0.19999999999999996,control,1,9,moderately_near,0,2,0.0,0.0,0.0,0.0,0.0,0.0,0.0,0.0,2.5,2.5,2.5
_BSmz3SEW1w_2,_BSmz3SEW1w,2-5s,3.0,133.0,1.0,1.0,0.0,control,0,0,remote,0,14,1.0,1.0,1.0,0.0,0.0,0.0,0.0,0.0,3.3333333333333335,3.0,3.6666666666666665
_BSmz3SEW1w_2,_BSmz3SEW1w,2-5s,3.0,133.0,1.0,1.0,0.0,control,0,1,remote,0,14,1.0,1.0,1.0,0.0,0.0,0.0,0.0,0.0,3.3333333333333335,3.0,3.6666666666666665
_BSmz3SEW1w_2,_BSmz3SEW1w,2-5s,3.0,133.0,1.0,1.0,0.0,control,0,2,remote,0,14,1.0,1.0,1.0,0.0,0.0,0.0,0.0,0.0,3.3333333333333335,3.0,3.3333333333333335
_BSmz3SEW1w_2,_BSmz3SEW1w,2-5s,3.0,133.0,1.0,1.0,0.0,control,0,3,remote,0,14,1.0,1.0,1.0,0.0,0.0,0.0,0.0,0.0,3.3333333333333335,3.0,3.3333333333333335
_BSmz3SEW1w_2,_BSmz3SEW1w,2-5s,3.0,133.0,1.0,1.0,0.0,control,0,4,remote,0,14,1.0,1.0,1.0,0.0,0.0,0.0,0.0,0.0,3.3333333333333335,3.0,3.6666666666666665
_BSmz3SEW1w_2,_BSmz3SEW1w,2-5s,3.0,133.0,1.0,1.0,0.0,control,0,5,remote,0,14,1.0,1.0,1.0,0.0,0.0,0.0,0.0,0.0,3.3333333333333335,3.0,3.6666666666666665
_BSmz3SEW1w_2,_BSmz3SEW1w,2-5s,3.0,133.0,1.0,1.0,0.0,control,0,6,remote,0,14,1.0,1.0,1.0,0.0,0.0,0.0,0.0,0.0,3.3333333333333335,3.0,3.3333333333333335
_BSmz3SEW1w_2,_BSmz3SEW1w,2-5s,3.0,133.0,1.0,1.0,0.0,control,0,7,remote,0,14,1.0,1.0,1.0,0.0,0.0,0.0,0.0,0.0,3.3333333333333335,3.0,3.3333333333333335
_BSmz3SEW1w_2,_BSmz3SEW1w,2-5s,3.0,133.0,1.0,1.0,0.0,control,0,8,remote,0,14,1.0,1.0,1.0,0.0,0.0,0.0,0.0,0.0,3.3333333333333335,3.0,3.3333333333333335
_BSmz3SEW1w_2,_BSmz3SEW1w,2-5s,3.0,133.0,1.0,1.0,0.0,control,0,9,remote,0,14,1.0,1.0,1.0,0.0,0.0,0.0,0.0,0.0,3.3333333333333335,3.0,3.3333333333333335
_C2HinL8VlM_1,_C2HinL8VlM,2-5s,4.0,73.0,1.0,1.0,0.0,control,0,0,moderately_near,0,5,1.0,1.0,1.0,0.0,1.0,1.0,1.0,0.0,0.75,1.25,0.75
_C2HinL8VlM_1,_C2HinL8VlM,2-5s,4.0,73.0,1.0,1.0,0.0,control,0,1,moderately_near,0,5,1.0,1.0,1.0,0.0,1.0,1.0,1.0,0.0,0.75,1.25,0.75
_C2HinL8VlM_1,_C2HinL8VlM,2-5s,4.0,73.0,1.0,1.0,0.0,control,0,2,moderately_near,0,5,1.0,1.0,1.0,0.0,1.0,1.0,1.0,0.0,0.75,1.25,0.75
_C2HinL8VlM_1,_C2HinL8VlM,2-5s,4.0,73.0,1.0,1.0,0.0,control,0,3,moderately_near,0,5,1.0,1.0,1.0,0.0,1.0,1.0,1.0,0.0,0.75,1.25,0.75
_C2HinL8VlM_1,_C2HinL8VlM,2-5s,4.0,73.0,1.0,1.0,0.0,control,0,4,moderately_near,0,5,1.0,1.0,1.0,0.0,1.0,1.0,1.0,0.0,0.75,1.25,0.75
_C2HinL8VlM_1,_C2HinL8VlM,2-5s,4.0,73.0,1.0,1.0,0.0,control,0,5,moderately_near,0,5,1.0,1.0,1.0,0.0,1.0,1.0,1.0,0.0,0.75,1.25,0.75
_C2HinL8VlM_1,_C2HinL8VlM,2-5s,4.0,73.0,1.0,1.0,0.0,control,0,6,moderately_near,0,5,1.0,1.0,1.0,0.0,1.0,1.0,1.0,0.0,0.75,1.25,0.75
_C2HinL8VlM_1,_C2HinL8VlM,2-5s,4.0,73.0,1.0,1.0,0.0,control,0,7,moderately_near,0,5,1.0,1.0,1.0,0.0,1.0,1.0,1.0,0.0,0.75,1.25,0.75
_C2HinL8VlM_1,_C2HinL8VlM,2-5s,4.0,73.0,1.0,1.0,0.0,control,0,8,moderately_near,0,5,1.0,1.0,1.0,0.0,1.0,1.0,1.0,0.0,0.75,1.25,0.75
_C2HinL8VlM_1,_C2HinL8VlM,2-5s,4.0,73.0,1.0,1.0,0.0,control,0,9,moderately_near,0,5,1.0,1.0,1.0,0.0,1.0,1.0,1.0,0.0,0.75,1.25,0.75
_YS5uKWoB6g_2,_YS5uKWoB6g,0-2s,1.0,237.0,0.0,0.6,-0.6,harmful,1,0,remote,0,13,0.0,0.0,0.0,0.0,0.0,0.0,0.0,0.0,17.0,21.0,17.0
_YS5uKWoB6g_2,_YS5uKWoB6g,0-2s,1.0,237.0,0.0,0.6,-0.6,harmful,1,1,remote,0,13,0.0,0.0,0.0,0.0,0.0,0.0,0.0,0.0,17.0,21.0,17.0
_YS5uKWoB6g_2,_YS5uKWoB6g,0-2s,1.0,237.0,0.0,0.6,-0.6,harmful,1,2,remote,0,13,0.0,0.0,0.0,0.0,0.0,0.0,0.0,0.0,17.0,21.0,17.0
_YS5uKWoB6g_2,_YS5uKWoB6g,0-2s,1.0,237.0,0.0,0.6,-0.6,harmful,1,3,remote,0,13,0.0,0.0,0.0,0.0,0.0,0.0,0.0,0.0,17.0,21.0,17.0
_YS5uKWoB6g_2,_YS5uKWoB6g,0-2s,1.0,237.0,0.0,0.6,-0.6,harmful,1,4,remote,0,13,0.0,0.0,0.0,0.0,0.0,0.0,0.0,0.0,17.0,21.0,17.0
_YS5uKWoB6g_2,_YS5uKWoB6g,0-2s,1.0,237.0,0.0,0.6,-0.6,harmful,1,5,remote,0,13,0.0,0.0,0.0,0.0,0.0,0.0,0.0,0.0,17.0,21.0,17.0
_YS5uKWoB6g_2,_YS5uKWoB6g,0-2s,1.0,237.0,0.0,0.6,-0.6,harmful,1,6,remote,0,13,0.0,0.0,0.0,0.0,0.0,0.0,0.0,0.0,17.0,21.0,17.0
_YS5uKWoB6g_2,_YS5uKWoB6g,0-2s,1.0,237.0,0.0,0.6,-0.6,harmful,1,7,remote,0,13,0.0,0.0,0.0,0.0,0.0,0.0,0.0,0.0,17.0,21.0,17.0
_YS5uKWoB6g_2,_YS5uKWoB6g,0-2s,1.0,237.0,0.0,0.6,-0.6,harmful,1,8,remote,0,13,0.0,0.0,0.0,0.0,0.0,0.0,0.0,0.0,17.0,21.0,17.0
_YS5uKWoB6g_2,_YS5uKWoB6g,0-2s,1.0,237.0,0.0,0.6,-0.6,harmful,1,9,remote,0,13,0.0,0.0,0.0,0.0,0.0,0.0,0.0,0.0,17.0,21.0,17.0
_YS5uKWoB6g_5,_YS5uKWoB6g,0-2s,1.0,237.0,0.0,0.0,0.0,control,1,0,remote,0,33,0.0,0.0,0.0,0.0,0.0,0.0,0.0,0.0,12.0,13.0,12.0
_YS5uKWoB6g_5,_YS5uKWoB6g,0-2s,1.0,237.0,0.0,0.0,0.0,control,1,1,remote,0,33,0.0,0.0,0.0,0.0,0.0,0.0,0.0,0.0,12.0,13.0,12.0
_YS5uKWoB6g_5,_YS5uKWoB6g,0-2s,1.0,237.0,0.0,0.0,0.0,control,1,2,remote,0,33,0.0,0.0,0.0,0.0,0.0,0.0,0.0,0.0,12.0,13.0,12.0
_YS5uKWoB6g_5,_YS5uKWoB6g,0-2s,1.0,237.0,0.0,0.0,0.0,control,1,3,remote,0,33,0.0,0.0,0.0,0.0,0.0,0.0,0.0,0.0,12.0,13.0,12.0
_YS5uKWoB6g_5,_YS5uKWoB6g,0-2s,1.0,237.0,0.0,0.0,0.0,control,1,4,remote,0,33,0.0,0.0,0.0,0.0,0.0,0.0,0.0,0.0,12.0,13.0,12.0
_YS5uKWoB6g_5,_YS5uKWoB6g,0-2s,1.0,237.0,0.0,0.0,0.0,control,1,5,remote,0,33,0.0,0.0,0.0,0.0,0.0,0.0,0.0,0.0,12.0,13.0,12.0
_YS5uKWoB6g_5,_YS5uKWoB6g,0-2s,1.0,237.0,0.0,0.0,0.0,control,1,6,remote,0,33,0.0,0.0,0.0,0.0,0.0,0.0,0.0,0.0,12.0,13.0,12.0
_YS5uKWoB6g_5,_YS5uKWoB6g,0-2s,1.0,237.0,0.0,0.0,0.0,control,1,7,remote,0,33,0.0,0.0,0.0,0.0,0.0,0.0,0.0,0.0,12.0,13.0,12.0
_YS5uKWoB6g_5,_YS5uKWoB6g,0-2s,1.0,237.0,0.0,0.0,0.0,control,1,8,remote,0,33,0.0,0.0,0.0,0.0,0.0,0.0,0.0,0.0,12.0,13.0,12.0
_YS5uKWoB6g_5,_YS5uKWoB6g,0-2s,1.0,237.0,0.0,0.0,0.0,control,1,9,remote,0,33,0.0,0.0,0.0,0.0,0.0,0.0,0.0,0.0,12.0,13.0,12.0
_ezm-TpKj1w_1,_ezm-TpKj1w,2-5s,2.0,130.0,1.0,1.0,0.0,control,0,0,remote,0,26,1.0,0.0,1.0,-100.0,0.0,0.0,0.0,0.0,4.0,4.0,4.0
_ezm-TpKj1w_1,_ezm-TpKj1w,2-5s,2.0,130.0,1.0,1.0,0.0,control,0,1,remote,0,26,1.0,0.0,1.0,-100.0,0.0,0.0,0.0,0.0,4.0,4.0,4.0
_ezm-TpKj1w_1,_ezm-TpKj1w,2-5s,2.0,130.0,1.0,1.0,0.0,control,0,2,remote,0,26,1.0,0.0,1.0,-100.0,0.0,0.0,0.0,0.0,4.0,4.0,4.0
_ezm-TpKj1w_1,_ezm-TpKj1w,2-5s,2.0,130.0,1.0,1.0,0.0,control,0,3,remote,0,26,1.0,0.0,1.0,-100.0,0.0,0.0,0.0,0.0,4.0,4.0,4.0
_ezm-TpKj1w_1,_ezm-TpKj1w,2-5s,2.0,130.0,1.0,1.0,0.0,control,0,4,remote,0,26,1.0,0.0,1.0,-100.0,0.0,0.0,0.0,0.0,4.0,4.0,4.0
_ezm-TpKj1w_1,_ezm-TpKj1w,2-5s,2.0,130.0,1.0,1.0,0.0,control,0,5,remote,0,26,1.0,0.0,1.0,-100.0,0.0,0.0,0.0,0.0,4.0,4.0,4.0
_ezm-TpKj1w_1,_ezm-TpKj1w,2-5s,2.0,130.0,1.0,1.0,0.0,control,0,6,remote,0,26,1.0,0.0,1.0,-100.0,0.0,0.0,0.0,0.0,4.0,4.0,4.0
_ezm-TpKj1w_1,_ezm-TpKj1w,2-5s,2.0,130.0,1.0,1.0,0.0,control,0,7,remote,0,26,1.0,0.0,1.0,-100.0,0.0,0.0,0.0,0.0,4.0,4.0,4.0
_ezm-TpKj1w_1,_ezm-TpKj1w,2-5s,2.0,130.0,1.0,1.0,0.0,control,0,8,remote,0,26,1.0,0.0,1.0,-100.0,0.0,0.0,0.0,0.0,4.0,4.0,4.0
_ezm-TpKj1w_1,_ezm-TpKj1w,2-5s,2.0,130.0,1.0,1.0,0.0,control,0,9,remote,0,26,1.0,0.0,1.0,-100.0,0.0,0.0,0.0,0.0,4.0,4.0,4.0
_oKXrY5Ff0g_3,_oKXrY5Ff0g,2-5s,2.0,82.0,0.0,0.7,-0.7,harmful,1,0,remote,0,2,0.0,0.0,0.0,0.0,0.0,0.0,0.0,0.0,2.0,5.5,1.5
_oKXrY5Ff0g_3,_oKXrY5Ff0g,2-5s,2.0,82.0,0.0,0.7,-0.7,harmful,1,1,remote,0,2,0.0,0.0,0.0,0.0,0.0,0.0,0.0,0.0,2.0,5.5,2.0
_oKXrY5Ff0g_3,_oKXrY5Ff0g,2-5s,2.0,82.0,0.0,0.7,-0.7,harmful,1,2,remote,0,2,0.0,0.0,0.0,0.0,0.0,0.0,0.0,0.0,2.0,5.5,2.0
_oKXrY5Ff0g_3,_oKXrY5Ff0g,2-5s,2.0,82.0,0.0,0.7,-0.7,harmful,1,3,remote,0,2,0.0,0.0,0.0,0.0,0.0,0.0,0.0,0.0,2.0,5.5,2.0
_oKXrY5Ff0g_3,_oKXrY5Ff0g,2-5s,2.0,82.0,0.0,0.7,-0.7,harmful,1,4,remote,0,2,0.0,0.0,0.0,0.0,0.0,0.0,0.0,0.0,2.0,5.5,2.0
_oKXrY5Ff0g_3,_oKXrY5Ff0g,2-5s,2.0,82.0,0.0,0.7,-0.7,harmful,1,5,remote,0,2,0.0,0.0,0.0,0.0,0.0,0.0,0.0,0.0,2.0,5.5,2.0
_oKXrY5Ff0g_3,_oKXrY5Ff0g,2-5s,2.0,82.0,0.0,0.7,-0.7,harmful,1,6,remote,0,2,0.0,0.0,1.0,-100.0,0.0,0.0,0.0,0.0,2.0,5.5,2.0
_oKXrY5Ff0g_3,_oKXrY5Ff0g,2-5s,2.0,82.0,0.0,0.7,-0.7,harmful,1,7,remote,0,2,0.0,0.0,0.0,0.0,0.0,0.0,0.0,0.0,2.0,5.5,2.0
_oKXrY5Ff0g_3,_oKXrY5Ff0g,2-5s,2.0,82.0,0.0,0.7,-0.7,harmful,1,8,remote,0,2,0.0,0.0,0.0,0.0,0.0,0.0,0.0,0.0,2.0,5.5,2.0
_oKXrY5Ff0g_3,_oKXrY5Ff0g,2-5s,2.0,82.0,0.0,0.7,-0.7,harmful,1,9,remote,0,2,0.0,0.0,1.0,-100.0,0.0,0.0,0.0,0.0,2.0,5.5,1.5
aMhu5eMQAsI_3,aMhu5eMQAsI,2-5s,3.0,170.0,0.0,0.9,-0.9,harmful,1,0,remote,0,22,0.0,1.0,0.0,100.0,0.0,0.0,0.0,0.0,3.0,2.0,3.0
aMhu5eMQAsI_3,aMhu5eMQAsI,2-5s,3.0,170.0,0.0,0.9,-0.9,harmful,1,1,remote,0,22,0.0,1.0,0.0,100.0,0.0,0.0,0.0,0.0,3.0,2.0,3.0
aMhu5eMQAsI_3,aMhu5eMQAsI,2-5s,3.0,170.0,0.0,0.9,-0.9,harmful,1,2,remote,0,22,0.0,1.0,0.0,100.0,0.0,0.0,0.0,0.0,3.0,2.0,2.3333333333333335
aMhu5eMQAsI_3,aMhu5eMQAsI,2-5s,3.0,170.0,0.0,0.9,-0.9,harmful,1,3,remote,0,22,0.0,1.0,0.0,100.0,0.0,0.0,0.0,0.0,3.0,2.0,3.0
aMhu5eMQAsI_3,aMhu5eMQAsI,2-5s,3.0,170.0,0.0,0.9,-0.9,harmful,1,4,remote,0,22,0.0,1.0,0.0,100.0,0.0,0.0,0.0,0.0,3.0,2.0,2.3333333333333335
aMhu5eMQAsI_3,aMhu5eMQAsI,2-5s,3.0,170.0,0.0,0.9,-0.9,harmful,1,5,remote,0,22,0.0,1.0,0.0,100.0,0.0,0.0,0.0,0.0,3.0,2.0,3.3333333333333335
aMhu5eMQAsI_3,aMhu5eMQAsI,2-5s,3.0,170.0,0.0,0.9,-0.9,harmful,1,6,remote,0,22,0.0,1.0,0.0,100.0,0.0,0.0,0.0,0.0,3.0,2.0,3.0
aMhu5eMQAsI_3,aMhu5eMQAsI,2-5s,3.0,170.0,0.0,0.9,-0.9,harmful,1,7,remote,0,22,0.0,1.0,0.0,100.0,0.0,0.0,0.0,0.0,3.0,2.0,3.0
aMhu5eMQAsI_3,aMhu5eMQAsI,2-5s,3.0,170.0,0.0,0.9,-0.9,harmful,1,8,remote,0,22,0.0,1.0,0.0,100.0,0.0,0.0,0.0,0.0,3.0,2.0,3.3333333333333335
aMhu5eMQAsI_3,aMhu5eMQAsI,2-5s,3.0,170.0,0.0,0.9,-0.9,harmful,1,9,remote,0,22,0.0,1.0,0.0,100.0,0.0,0.0,0.0,0.0,3.0,2.0,3.0
aZAXO2WZn84_2,aZAXO2WZn84,2-5s,4.0,300.0,1.0,0.9,0.09999999999999998,control,0,0,remote,0,25,1.0,1.0,1.0,0.0,0.0,0.0,0.0,0.0,3.25,3.25,3.25
aZAXO2WZn84_2,aZAXO2WZn84,2-5s,4.0,300.0,1.0,0.9,0.09999999999999998,control,0,1,remote,0,25,1.0,1.0,1.0,0.0,0.0,0.0,0.0,0.0,3.25,3.25,3.25
aZAXO2WZn84_2,aZAXO2WZn84,2-5s,4.0,300.0,1.0,0.9,0.09999999999999998,control,0,2,remote,0,25,1.0,1.0,1.0,0.0,0.0,0.0,0.0,0.0,3.25,3.25,3.25
aZAXO2WZn84_2,aZAXO2WZn84,2-5s,4.0,300.0,1.0,0.9,0.09999999999999998,control,0,3,remote,0,25,1.0,1.0,1.0,0.0,0.0,0.0,0.0,0.0,3.25,3.25,3.25
aZAXO2WZn84_2,aZAXO2WZn84,2-5s,4.0,300.0,1.0,0.9,0.09999999999999998,control,0,4,remote,0,25,1.0,1.0,1.0,0.0,0.0,0.0,0.0,0.0,3.25,3.25,3.25
aZAXO2WZn84_2,aZAXO2WZn84,2-5s,4.0,300.0,1.0,0.9,0.09999999999999998,control,0,5,remote,0,25,1.0,1.0,1.0,0.0,0.0,0.0,0.0,0.0,3.25,3.25,3.25
aZAXO2WZn84_2,aZAXO2WZn84,2-5s,4.0,300.0,1.0,0.9,0.09999999999999998,control,0,6,remote,0,25,1.0,1.0,1.0,0.0,0.0,0.0,0.0,0.0,3.25,3.25,3.25
aZAXO2WZn84_2,aZAXO2WZn84,2-5s,4.0,300.0,1.0,0.9,0.09999999999999998,control,0,7,remote,0,25,1.0,1.0,1.0,0.0,0.0,0.0,0.0,0.0,3.25,3.25,3.25
aZAXO2WZn84_2,aZAXO2WZn84,2-5s,4.0,300.0,1.0,0.9,0.09999999999999998,control,0,8,remote,0,25,1.0,1.0,1.0,0.0,0.0,0.0,0.0,0.0,3.25,3.25,3.25
aZAXO2WZn84_2,aZAXO2WZn84,2-5s,4.0,300.0,1.0,0.9,0.09999999999999998,control,0,9,remote,0,25,1.0,1.0,1.0,0.0,0.0,0.0,0.0,0.0,3.25,3.25,3.25
aZAXO2WZn84_4,aZAXO2WZn84,2-5s,3.0,300.0,1.0,0.1,0.9,control,1,0,remote,0,18,0.0,1.0,0.0,100.0,0.0,0.0,0.0,0.0,5.0,9.333333333333334,5.0
aZAXO2WZn84_4,aZAXO2WZn84,2-5s,3.0,300.0,1.0,0.1,0.9,control,1,1,remote,0,18,0.0,1.0,0.0,100.0,0.0,0.0,0.0,0.0,5.0,9.333333333333334,5.333333333333333
aZAXO2WZn84_4,aZAXO2WZn84,2-5s,3.0,300.0,1.0,0.1,0.9,control,1,2,remote,0,18,0.0,1.0,0.0,100.0,0.0,0.0,0.0,0.0,5.0,9.333333333333334,5.333333333333333
aZAXO2WZn84_4,aZAXO2WZn84,2-5s,3.0,300.0,1.0,0.1,0.9,control,1,3,remote,0,18,0.0,1.0,0.0,100.0,0.0,0.0,0.0,0.0,5.0,9.333333333333334,5.333333333333333
aZAXO2WZn84_4,aZAXO2WZn84,2-5s,3.0,300.0,1.0,0.1,0.9,control,1,4,remote,0,18,0.0,1.0,0.0,100.0,0.0,0.0,0.0,0.0,5.0,9.333333333333334,5.0
aZAXO2WZn84_4,aZAXO2WZn84,2-5s,3.0,300.0,1.0,0.1,0.9,control,1,5,remote,0,18,0.0,1.0,0.0,100.0,0.0,0.0,0.0,0.0,5.0,9.333333333333334,5.0
aZAXO2WZn84_4,aZAXO2WZn84,2-5s,3.0,300.0,1.0,0.1,0.9,control,1,6,remote,0,18,0.0,1.0,0.0,100.0,0.0,0.0,0.0,0.0,5.0,9.333333333333334,5.333333333333333
aZAXO2WZn84_4,aZAXO2WZn84,2-5s,3.0,300.0,1.0,0.1,0.9,control,1,7,remote,0,18,0.0,1.0,0.0,100.0,0.0,0.0,0.0,0.0,5.0,9.333333333333334,5.333333333333333
aZAXO2WZn84_4,aZAXO2WZn84,2-5s,3.0,300.0,1.0,0.1,0.9,control,1,8,remote,0,18,0.0,1.0,0.0,100.0,0.0,0.0,0.0,0.0,5.0,9.333333333333334,5.333333333333333
aZAXO2WZn84_4,aZAXO2WZn84,2-5s,3.0,300.0,1.0,0.1,0.9,control,1,9,remote,0,18,0.0,1.0,0.0,100.0,0.0,0.0,0.0,0.0,5.0,9.333333333333334,5.0
aZAXO2WZn84_5,aZAXO2WZn84,0-2s,1.0,300.0,0.0,0.6,-0.6,harmful,0,0,remote,0,21,0.0,1.0,0.0,100.0,0.0,0.0,0.0,0.0,14.0,10.0,14.0
aZAXO2WZn84_5,aZAXO2WZn84,0-2s,1.0,300.0,0.0,0.6,-0.6,harmful,0,1,remote,0,21,0.0,1.0,1.0,0.0,0.0,0.0,0.0,0.0,14.0,10.0,14.0
aZAXO2WZn84_5,aZAXO2WZn84,0-2s,1.0,300.0,0.0,0.6,-0.6,harmful,0,2,remote,0,21,0.0,1.0,0.0,100.0,0.0,0.0,0.0,0.0,14.0,10.0,14.0
aZAXO2WZn84_5,aZAXO2WZn84,0-2s,1.0,300.0,0.0,0.6,-0.6,harmful,0,3,remote,0,21,0.0,1.0,0.0,100.0,0.0,0.0,0.0,0.0,14.0,10.0,14.0
aZAXO2WZn84_5,aZAXO2WZn84,0-2s,1.0,300.0,0.0,0.6,-0.6,harmful,0,4,remote,0,21,0.0,1.0,0.0,100.0,0.0,0.0,0.0,0.0,14.0,10.0,14.0
aZAXO2WZn84_5,aZAXO2WZn84,0-2s,1.0,300.0,0.0,0.6,-0.6,harmful,0,5,remote,0,21,0.0,1.0,0.0,100.0,0.0,0.0,0.0,0.0,14.0,10.0,14.0
aZAXO2WZn84_5,aZAXO2WZn84,0-2s,1.0,300.0,0.0,0.6,-0.6,harmful,0,6,remote,0,21,0.0,1.0,0.0,100.0,0.0,0.0,0.0,0.0,14.0,10.0,14.0
aZAXO2WZn84_5,aZAXO2WZn84,0-2s,1.0,300.0,0.0,0.6,-0.6,harmful,0,7,remote,0,21,0.0,1.0,0.0,100.0,0.0,0.0,0.0,0.0,14.0,10.0,14.0
aZAXO2WZn84_5,aZAXO2WZn84,0-2s,1.0,300.0,0.0,0.6,-0.6,harmful,0,8,remote,0,21,0.0,1.0,1.0,0.0,0.0,0.0,0.0,0.0,14.0,10.0,14.0
aZAXO2WZn84_5,aZAXO2WZn84,0-2s,1.0,300.0,0.0,0.6,-0.6,harmful,0,9,remote,0,21,0.0,1.0,0.0,100.0,0.0,0.0,0.0,0.0,14.0,10.0,14.0
ajheseWZmmU_2,ajheseWZmmU,2-5s,2.0,122.0,1.0,0.9,0.09999999999999998,control,0,0,remote,0,1,1.0,1.0,1.0,0.0,0.0,0.0,0.0,0.0,2.0,2.0,2.0
ajheseWZmmU_2,ajheseWZmmU,2-5s,2.0,122.0,1.0,0.9,0.09999999999999998,control,0,1,remote,0,1,1.0,1.0,1.0,0.0,0.0,0.0,0.0,0.0,2.0,2.0,2.0
ajheseWZmmU_2,ajheseWZmmU,2-5s,2.0,122.0,1.0,0.9,0.09999999999999998,control,0,2,remote,0,1,1.0,1.0,1.0,0.0,0.0,0.0,0.0,0.0,2.0,2.0,2.0
ajheseWZmmU_2,ajheseWZmmU,2-5s,2.0,122.0,1.0,0.9,0.09999999999999998,control,0,3,remote,0,1,1.0,1.0,1.0,0.0,0.0,0.0,0.0,0.0,2.0,2.0,2.0
ajheseWZmmU_2,ajheseWZmmU,2-5s,2.0,122.0,1.0,0.9,0.09999999999999998,control,0,4,remote,0,1,1.0,1.0,1.0,0.0,0.0,0.0,0.0,0.0,2.0,2.0,2.0
ajheseWZmmU_2,ajheseWZmmU,2-5s,2.0,122.0,1.0,0.9,0.09999999999999998,control,0,5,remote,0,1,1.0,1.0,1.0,0.0,0.0,0.0,0.0,0.0,2.0,2.0,2.0
ajheseWZmmU_2,ajheseWZmmU,2-5s,2.0,122.0,1.0,0.9,0.09999999999999998,control,0,6,remote,0,1,1.0,1.0,1.0,0.0,0.0,0.0,0.0,0.0,2.0,2.0,2.0
ajheseWZmmU_2,ajheseWZmmU,2-5s,2.0,122.0,1.0,0.9,0.09999999999999998,control,0,7,remote,0,1,1.0,1.0,1.0,0.0,0.0,0.0,0.0,0.0,2.0,2.0,2.0
ajheseWZmmU_2,ajheseWZmmU,2-5s,2.0,122.0,1.0,0.9,0.09999999999999998,control,0,8,remote,0,1,1.0,1.0,1.0,0.0,0.0,0.0,0.0,0.0,2.0,2.0,2.0
ajheseWZmmU_2,ajheseWZmmU,2-5s,2.0,122.0,1.0,0.9,0.09999999999999998,control,0,9,remote,0,1,1.0,1.0,1.0,0.0,0.0,0.0,0.0,0.0,2.0,2.0,2.0
b1PXsfgQw5w_1,b1PXsfgQw5w,0-2s,1.0,297.0,1.0,0.9,0.09999999999999998,control,0,0,remote,0,2,1.0,1.0,1.0,0.0,0.0,0.0,0.0,0.0,10.0,11.0,10.0
b1PXsfgQw5w_1,b1PXsfgQw5w,0-2s,1.0,297.0,1.0,0.9,0.09999999999999998,control,0,1,remote,0,2,1.0,1.0,1.0,0.0,0.0,0.0,0.0,0.0,10.0,11.0,10.0
b1PXsfgQw5w_1,b1PXsfgQw5w,0-2s,1.0,297.0,1.0,0.9,0.09999999999999998,control,0,2,remote,0,2,1.0,1.0,1.0,0.0,0.0,0.0,0.0,0.0,10.0,11.0,10.0
b1PXsfgQw5w_1,b1PXsfgQw5w,0-2s,1.0,297.0,1.0,0.9,0.09999999999999998,control,0,3,remote,0,2,1.0,1.0,1.0,0.0,0.0,0.0,0.0,0.0,10.0,11.0,10.0
b1PXsfgQw5w_1,b1PXsfgQw5w,0-2s,1.0,297.0,1.0,0.9,0.09999999999999998,control,0,4,remote,0,2,1.0,1.0,1.0,0.0,0.0,0.0,0.0,0.0,10.0,11.0,10.0
b1PXsfgQw5w_1,b1PXsfgQw5w,0-2s,1.0,297.0,1.0,0.9,0.09999999999999998,control,0,5,remote,0,2,1.0,1.0,1.0,0.0,0.0,0.0,0.0,0.0,10.0,11.0,10.0
b1PXsfgQw5w_1,b1PXsfgQw5w,0-2s,1.0,297.0,1.0,0.9,0.09999999999999998,control,0,6,remote,0,2,1.0,1.0,1.0,0.0,0.0,0.0,0.0,0.0,10.0,11.0,10.0
b1PXsfgQw5w_1,b1PXsfgQw5w,0-2s,1.0,297.0,1.0,0.9,0.09999999999999998,control,0,7,remote,0,2,1.0,1.0,1.0,0.0,0.0,0.0,0.0,0.0,10.0,11.0,10.0
b1PXsfgQw5w_1,b1PXsfgQw5w,0-2s,1.0,297.0,1.0,0.9,0.09999999999999998,control,0,8,remote,0,2,1.0,1.0,1.0,0.0,0.0,0.0,0.0,0.0,10.0,11.0,10.0
b1PXsfgQw5w_1,b1PXsfgQw5w,0-2s,1.0,297.0,1.0,0.9,0.09999999999999998,control,0,9,remote,0,2,1.0,1.0,1.0,0.0,0.0,0.0,0.0,0.0,10.0,11.0,10.0
b1PXsfgQw5w_2,b1PXsfgQw5w,0-2s,1.0,297.0,0.0,0.0,0.0,control,1,0,remote,0,4,0.0,0.0,0.0,0.0,0.0,0.0,0.0,0.0,14.0,14.0,14.0
b1PXsfgQw5w_2,b1PXsfgQw5w,0-2s,1.0,297.0,0.0,0.0,0.0,control,1,1,remote,0,4,0.0,0.0,0.0,0.0,0.0,0.0,0.0,0.0,14.0,14.0,14.0
b1PXsfgQw5w_2,b1PXsfgQw5w,0-2s,1.0,297.0,0.0,0.0,0.0,control,1,2,remote,0,4,0.0,0.0,0.0,0.0,0.0,0.0,0.0,0.0,14.0,14.0,14.0
b1PXsfgQw5w_2,b1PXsfgQw5w,0-2s,1.0,297.0,0.0,0.0,0.0,control,1,3,remote,0,4,0.0,0.0,0.0,0.0,0.0,0.0,0.0,0.0,14.0,14.0,13.0
b1PXsfgQw5w_2,b1PXsfgQw5w,0-2s,1.0,297.0,0.0,0.0,0.0,control,1,4,remote,0,4,0.0,0.0,0.0,0.0,0.0,0.0,0.0,0.0,14.0,14.0,14.0
b1PXsfgQw5w_2,b1PXsfgQw5w,0-2s,1.0,297.0,0.0,0.0,0.0,control,1,5,remote,0,4,0.0,0.0,0.0,0.0,0.0,0.0,0.0,0.0,14.0,14.0,14.0
b1PXsfgQw5w_2,b1PXsfgQw5w,0-2s,1.0,297.0,0.0,0.0,0.0,control,1,6,remote,0,4,0.0,0.0,0.0,0.0,0.0,0.0,0.0,0.0,14.0,14.0,14.0
b1PXsfgQw5w_2,b1PXsfgQw5w,0-2s,1.0,297.0,0.0,0.0,0.0,control,1,7,remote,0,4,0.0,0.0,0.0,0.0,0.0,0.0,0.0,0.0,14.0,14.0,13.0
b1PXsfgQw5w_2,b1PXsfgQw5w,0-2s,1.0,297.0,0.0,0.0,0.0,control,1,8,remote,0,4,0.0,0.0,0.0,0.0,0.0,0.0,0.0,0.0,14.0,14.0,14.0
b1PXsfgQw5w_2,b1PXsfgQw5w,0-2s,1.0,297.0,0.0,0.0,0.0,control,1,9,remote,0,4,0.0,0.0,0.0,0.0,0.0,0.0,0.0,0.0,14.0,14.0,14.0
bUTOsLXYyxg_1,bUTOsLXYyxg,2-5s,2.0,300.0,0.0,0.3,-0.3,harmful,1,0,remote,0,7,0.0,0.0,0.0,0.0,0.0,0.0,0.0,0.0,5.5,5.0,5.5
bUTOsLXYyxg_1,bUTOsLXYyxg,2-5s,2.0,300.0,0.0,0.3,-0.3,harmful,1,1,remote,0,7,0.0,0.0,0.0,0.0,0.0,0.0,0.0,0.0,5.5,5.0,5.5
bUTOsLXYyxg_1,bUTOsLXYyxg,2-5s,2.0,300.0,0.0,0.3,-0.3,harmful,1,2,remote,0,7,0.0,0.0,0.0,0.0,0.0,0.0,0.0,0.0,5.5,5.0,5.0
bUTOsLXYyxg_1,bUTOsLXYyxg,2-5s,2.0,300.0,0.0,0.3,-0.3,harmful,1,3,remote,0,7,0.0,0.0,0.0,0.0,0.0,0.0,0.0,0.0,5.5,5.0,5.5
bUTOsLXYyxg_1,bUTOsLXYyxg,2-5s,2.0,300.0,0.0,0.3,-0.3,harmful,1,4,remote,0,7,0.0,0.0,0.0,0.0,0.0,0.0,0.0,0.0,5.5,5.0,5.5
bUTOsLXYyxg_1,bUTOsLXYyxg,2-5s,2.0,300.0,0.0,0.3,-0.3,harmful,1,5,remote,0,7,0.0,0.0,0.0,0.0,0.0,0.0,0.0,0.0,5.5,5.0,5.5
bUTOsLXYyxg_1,bUTOsLXYyxg,2-5s,2.0,300.0,0.0,0.3,-0.3,harmful,1,6,remote,0,7,0.0,0.0,0.0,0.0,0.0,0.0,0.0,0.0,5.5,5.0,5.5
bUTOsLXYyxg_1,bUTOsLXYyxg,2-5s,2.0,300.0,0.0,0.3,-0.3,harmful,1,7,remote,0,7,0.0,0.0,0.0,0.0,0.0,0.0,0.0,0.0,5.5,5.0,5.5
bUTOsLXYyxg_1,bUTOsLXYyxg,2-5s,2.0,300.0,0.0,0.3,-0.3,harmful,1,8,remote,0,7,0.0,0.0,0.0,0.0,0.0,0.0,0.0,0.0,5.5,5.0,5.0
bUTOsLXYyxg_1,bUTOsLXYyxg,2-5s,2.0,300.0,0.0,0.3,-0.3,harmful,1,9,remote,0,7,0.0,0.0,0.0,0.0,0.0,0.0,0.0,0.0,5.5,5.0,5.5
bX2vDaHL26U_1,bX2vDaHL26U,2-5s,3.0,74.0,1.0,1.0,0.0,control,0,0,remote,0,2,1.0,1.0,1.0,0.0,0.0,0.0,0.0,0.0,1.0,1.0,1.0
bX2vDaHL26U_1,bX2vDaHL26U,2-5s,3.0,74.0,1.0,1.0,0.0,control,0,1,remote,0,2,1.0,1.0,1.0,0.0,0.0,0.0,0.0,0.0,1.0,1.0,1.0
bX2vDaHL26U_1,bX2vDaHL26U,2-5s,3.0,74.0,1.0,1.0,0.0,control,0,2,remote,0,2,1.0,1.0,1.0,0.0,0.0,0.0,0.0,0.0,1.0,1.0,1.0
bX2vDaHL26U_1,bX2vDaHL26U,2-5s,3.0,74.0,1.0,1.0,0.0,control,0,3,remote,0,2,1.0,1.0,1.0,0.0,0.0,0.0,0.0,0.0,1.0,1.0,1.0
bX2vDaHL26U_1,bX2vDaHL26U,2-5s,3.0,74.0,1.0,1.0,0.0,control,0,4,remote,0,2,1.0,1.0,1.0,0.0,0.0,0.0,0.0,0.0,1.0,1.0,1.0
bX2vDaHL26U_1,bX2vDaHL26U,2-5s,3.0,74.0,1.0,1.0,0.0,control,0,5,remote,0,2,1.0,1.0,1.0,0.0,0.0,0.0,0.0,0.0,1.0,1.0,1.0
bX2vDaHL26U_1,bX2vDaHL26U,2-5s,3.0,74.0,1.0,1.0,0.0,control,0,6,remote,0,2,1.0,1.0,1.0,0.0,0.0,0.0,0.0,0.0,1.0,1.0,1.0
bX2vDaHL26U_1,bX2vDaHL26U,2-5s,3.0,74.0,1.0,1.0,0.0,control,0,7,remote,0,2,1.0,1.0,1.0,0.0,0.0,0.0,0.0,0.0,1.0,1.0,1.0
bX2vDaHL26U_1,bX2vDaHL26U,2-5s,3.0,74.0,1.0,1.0,0.0,control,0,8,remote,0,2,1.0,1.0,1.0,0.0,0.0,0.0,0.0,0.0,1.0,1.0,1.0
bX2vDaHL26U_1,bX2vDaHL26U,2-5s,3.0,74.0,1.0,1.0,0.0,control,0,9,remote,0,2,1.0,1.0,1.0,0.0,0.0,0.0,0.0,0.0,1.0,1.0,1.0
bX2vDaHL26U_2,bX2vDaHL26U,0-2s,1.0,74.0,1.0,1.0,0.0,control,0,0,adjacent,0,1,1.0,1.0,1.0,0.0,0.0,0.0,0.0,0.0,4.0,4.0,4.0
bX2vDaHL26U_2,bX2vDaHL26U,0-2s,1.0,74.0,1.0,1.0,0.0,control,0,1,adjacent,0,1,1.0,1.0,1.0,0.0,0.0,0.0,0.0,0.0,4.0,4.0,4.0
bX2vDaHL26U_2,bX2vDaHL26U,0-2s,1.0,74.0,1.0,1.0,0.0,control,0,2,adjacent,0,1,1.0,1.0,1.0,0.0,0.0,0.0,0.0,0.0,4.0,4.0,4.0
bX2vDaHL26U_2,bX2vDaHL26U,0-2s,1.0,74.0,1.0,1.0,0.0,control,0,3,adjacent,0,1,1.0,1.0,1.0,0.0,0.0,0.0,0.0,0.0,4.0,4.0,4.0
bX2vDaHL26U_2,bX2vDaHL26U,0-2s,1.0,74.0,1.0,1.0,0.0,control,0,4,adjacent,0,1,1.0,1.0,1.0,0.0,0.0,0.0,0.0,0.0,4.0,4.0,4.0
bX2vDaHL26U_2,bX2vDaHL26U,0-2s,1.0,74.0,1.0,1.0,0.0,control,0,5,adjacent,0,1,1.0,1.0,1.0,0.0,0.0,0.0,0.0,0.0,4.0,4.0,4.0
bX2vDaHL26U_2,bX2vDaHL26U,0-2s,1.0,74.0,1.0,1.0,0.0,control,0,6,adjacent,0,1,1.0,1.0,1.0,0.0,0.0,0.0,0.0,0.0,4.0,4.0,4.0
bX2vDaHL26U_2,bX2vDaHL26U,0-2s,1.0,74.0,1.0,1.0,0.0,control,0,7,adjacent,0,1,1.0,1.0,1.0,0.0,0.0,0.0,0.0,0.0,4.0,4.0,4.0
bX2vDaHL26U_2,bX2vDaHL26U,0-2s,1.0,74.0,1.0,1.0,0.0,control,0,8,adjacent,0,1,1.0,1.0,1.0,0.0,0.0,0.0,0.0,0.0,4.0,4.0,4.0
bX2vDaHL26U_2,bX2vDaHL26U,0-2s,1.0,74.0,1.0,1.0,0.0,control,0,9,adjacent,0,1,1.0,1.0,1.0,0.0,0.0,0.0,0.0,0.0,4.0,4.0,4.0
bgbnu5YKTDg_4,bgbnu5YKTDg,2-5s,3.0,198.0,1.0,1.0,0.0,control,0,0,moderately_near,0,5,1.0,1.0,1.0,0.0,0.0,0.0,0.0,0.0,5.666666666666667,5.666666666666667,5.666666666666667
bgbnu5YKTDg_4,bgbnu5YKTDg,2-5s,3.0,198.0,1.0,1.0,0.0,control,0,1,moderately_near,0,5,1.0,1.0,1.0,0.0,0.0,0.0,0.0,0.0,5.666666666666667,5.666666666666667,5.666666666666667
bgbnu5YKTDg_4,bgbnu5YKTDg,2-5s,3.0,198.0,1.0,1.0,0.0,control,0,2,moderately_near,0,5,1.0,1.0,1.0,0.0,0.0,0.0,0.0,0.0,5.666666666666667,5.666666666666667,6.0
bgbnu5YKTDg_4,bgbnu5YKTDg,2-5s,3.0,198.0,1.0,1.0,0.0,control,0,3,moderately_near,0,5,1.0,1.0,1.0,0.0,0.0,0.0,0.0,0.0,5.666666666666667,5.666666666666667,5.666666666666667
bgbnu5YKTDg_4,bgbnu5YKTDg,2-5s,3.0,198.0,1.0,1.0,0.0,control,0,4,moderately_near,0,5,1.0,1.0,1.0,0.0,0.0,0.0,0.0,0.0,5.666666666666667,5.666666666666667,5.666666666666667
bgbnu5YKTDg_4,bgbnu5YKTDg,2-5s,3.0,198.0,1.0,1.0,0.0,control,0,5,moderately_near,0,5,1.0,1.0,1.0,0.0,0.0,0.0,0.0,0.0,5.666666666666667,5.666666666666667,5.666666666666667
bgbnu5YKTDg_4,bgbnu5YKTDg,2-5s,3.0,198.0,1.0,1.0,0.0,control,0,6,moderately_near,0,5,1.0,1.0,1.0,0.0,0.0,0.0,0.0,0.0,5.666666666666667,5.666666666666667,6.0
bgbnu5YKTDg_4,bgbnu5YKTDg,2-5s,3.0,198.0,1.0,1.0,0.0,control,0,7,moderately_near,0,5,1.0,1.0,1.0,0.0,0.0,0.0,0.0,0.0,5.666666666666667,5.666666666666667,5.666666666666667
bgbnu5YKTDg_4,bgbnu5YKTDg,2-5s,3.0,198.0,1.0,1.0,0.0,control,0,8,moderately_near,0,5,1.0,1.0,1.0,0.0,0.0,0.0,0.0,0.0,5.666666666666667,5.666666666666667,5.666666666666667
bgbnu5YKTDg_4,bgbnu5YKTDg,2-5s,3.0,198.0,1.0,1.0,0.0,control,0,9,moderately_near,0,5,1.0,1.0,1.0,0.0,0.0,0.0,0.0,0.0,5.666666666666667,5.666666666666667,5.666666666666667
bpv_LneHmfU_1,bpv_LneHmfU,2-5s,3.0,138.0,1.0,0.9,0.09999999999999998,control,0,0,remote,0,14,0.0,0.0,0.0,0.0,0.0,0.0,0.0,0.0,1.6666666666666667,1.0,1.6666666666666667
bpv_LneHmfU_1,bpv_LneHmfU,2-5s,3.0,138.0,1.0,0.9,0.09999999999999998,control,0,1,remote,0,14,0.0,0.0,0.0,0.0,0.0,0.0,0.0,0.0,1.6666666666666667,1.0,1.6666666666666667
bpv_LneHmfU_1,bpv_LneHmfU,2-5s,3.0,138.0,1.0,0.9,0.09999999999999998,control,0,2,remote,0,14,0.0,0.0,0.0,0.0,0.0,0.0,0.0,0.0,1.6666666666666667,1.0,1.6666666666666667
bpv_LneHmfU_1,bpv_LneHmfU,2-5s,3.0,138.0,1.0,0.9,0.09999999999999998,control,0,3,remote,0,14,0.0,0.0,0.0,0.0,0.0,0.0,0.0,0.0,1.6666666666666667,1.0,1.6666666666666667
bpv_LneHmfU_1,bpv_LneHmfU,2-5s,3.0,138.0,1.0,0.9,0.09999999999999998,control,0,4,remote,0,14,0.0,0.0,0.0,0.0,0.0,0.0,0.0,0.0,1.6666666666666667,1.0,1.6666666666666667
bpv_LneHmfU_1,bpv_LneHmfU,2-5s,3.0,138.0,1.0,0.9,0.09999999999999998,control,0,5,remote,0,14,0.0,0.0,0.0,0.0,0.0,0.0,0.0,0.0,1.6666666666666667,1.0,1.6666666666666667
bpv_LneHmfU_1,bpv_LneHmfU,2-5s,3.0,138.0,1.0,0.9,0.09999999999999998,control,0,6,remote,0,14,0.0,0.0,0.0,0.0,0.0,0.0,0.0,0.0,1.6666666666666667,1.0,1.6666666666666667
bpv_LneHmfU_1,bpv_LneHmfU,2-5s,3.0,138.0,1.0,0.9,0.09999999999999998,control,0,7,remote,0,14,0.0,0.0,0.0,0.0,0.0,0.0,0.0,0.0,1.6666666666666667,1.0,1.6666666666666667
bpv_LneHmfU_1,bpv_LneHmfU,2-5s,3.0,138.0,1.0,0.9,0.09999999999999998,control,0,8,remote,0,14,0.0,0.0,0.0,0.0,0.0,0.0,0.0,0.0,1.6666666666666667,1.0,1.6666666666666667
bpv_LneHmfU_1,bpv_LneHmfU,2-5s,3.0,138.0,1.0,0.9,0.09999999999999998,control,0,9,remote,0,14,0.0,0.0,0.0,0.0,0.0,0.0,0.0,0.0,1.6666666666666667,1.0,1.6666666666666667
cPiSd5nJLrI_1,cPiSd5nJLrI,2-5s,2.0,60.0,0.0,0.8,-0.8,harmful,1,0,remote,0,8,0.0,1.0,0.0,100.0,0.0,0.0,0.0,0.0,7.0,4.0,7.5
cPiSd5nJLrI_1,cPiSd5nJLrI,2-5s,2.0,60.0,0.0,0.8,-0.8,harmful,1,1,remote,0,8,0.0,1.0,0.0,100.0,0.0,0.0,0.0,0.0,7.0,4.0,7.0
cPiSd5nJLrI_1,cPiSd5nJLrI,2-5s,2.0,60.0,0.0,0.8,-0.8,harmful,1,2,remote,0,8,0.0,1.0,0.0,100.0,0.0,0.0,0.0,0.0,7.0,4.0,7.0
cPiSd5nJLrI_1,cPiSd5nJLrI,2-5s,2.0,60.0,0.0,0.8,-0.8,harmful,1,3,remote,0,8,0.0,1.0,0.0,100.0,0.0,0.0,0.0,0.0,7.0,4.0,7.0
cPiSd5nJLrI_1,cPiSd5nJLrI,2-5s,2.0,60.0,0.0,0.8,-0.8,harmful,1,4,remote,0,8,0.0,1.0,0.0,100.0,0.0,0.0,0.0,0.0,7.0,4.0,7.0
cPiSd5nJLrI_1,cPiSd5nJLrI,2-5s,2.0,60.0,0.0,0.8,-0.8,harmful,1,5,remote,0,8,0.0,1.0,0.0,100.0,0.0,0.0,0.0,0.0,7.0,4.0,7.5
cPiSd5nJLrI_1,cPiSd5nJLrI,2-5s,2.0,60.0,0.0,0.8,-0.8,harmful,1,6,remote,0,8,0.0,1.0,0.0,100.0,0.0,0.0,0.0,0.0,7.0,4.0,7.5
cPiSd5nJLrI_1,cPiSd5nJLrI,2-5s,2.0,60.0,0.0,0.8,-0.8,harmful,1,7,remote,0,8,0.0,1.0,0.0,100.0,0.0,0.0,0.0,0.0,7.0,4.0,7.0
cPiSd5nJLrI_1,cPiSd5nJLrI,2-5s,2.0,60.0,0.0,0.8,-0.8,harmful,1,8,remote,0,8,0.0,1.0,0.0,100.0,0.0,0.0,0.0,0.0,7.0,4.0,7.5
cPiSd5nJLrI_1,cPiSd5nJLrI,2-5s,2.0,60.0,0.0,0.8,-0.8,harmful,1,9,remote,0,8,0.0,1.0,0.0,100.0,0.0,0.0,0.0,0.0,7.0,4.0,7.0
cPiSd5nJLrI_2,cPiSd5nJLrI,2-5s,3.0,60.0,1.0,1.0,0.0,control,0,0,remote,0,2,1.0,1.0,1.0,0.0,1.0,1.0,1.0,0.0,1.0,1.0,1.0
cPiSd5nJLrI_2,cPiSd5nJLrI,2-5s,3.0,60.0,1.0,1.0,0.0,control,0,1,remote,0,2,1.0,1.0,1.0,0.0,1.0,1.0,1.0,0.0,1.0,1.0,1.0
cPiSd5nJLrI_2,cPiSd5nJLrI,2-5s,3.0,60.0,1.0,1.0,0.0,control,0,2,remote,0,2,1.0,1.0,1.0,0.0,1.0,1.0,1.0,0.0,1.0,1.0,1.0
cPiSd5nJLrI_2,cPiSd5nJLrI,2-5s,3.0,60.0,1.0,1.0,0.0,control,0,3,remote,0,2,1.0,1.0,1.0,0.0,1.0,1.0,1.0,0.0,1.0,1.0,1.0
cPiSd5nJLrI_2,cPiSd5nJLrI,2-5s,3.0,60.0,1.0,1.0,0.0,control,0,4,remote,0,2,1.0,1.0,1.0,0.0,1.0,1.0,1.0,0.0,1.0,1.0,1.0
cPiSd5nJLrI_2,cPiSd5nJLrI,2-5s,3.0,60.0,1.0,1.0,0.0,control,0,5,remote,0,2,1.0,1.0,1.0,0.0,1.0,1.0,1.0,0.0,1.0,1.0,1.0
cPiSd5nJLrI_2,cPiSd5nJLrI,2-5s,3.0,60.0,1.0,1.0,0.0,control,0,6,remote,0,2,1.0,1.0,1.0,0.0,1.0,1.0,1.0,0.0,1.0,1.0,1.0
cPiSd5nJLrI_2,cPiSd5nJLrI,2-5s,3.0,60.0,1.0,1.0,0.0,control,0,7,remote,0,2,1.0,1.0,1.0,0.0,1.0,1.0,1.0,0.0,1.0,1.0,1.0
cPiSd5nJLrI_2,cPiSd5nJLrI,2-5s,3.0,60.0,1.0,1.0,0.0,control,0,8,remote,0,2,1.0,1.0,1.0,0.0,1.0,1.0,1.0,0.0,1.0,1.0,1.0
cPiSd5nJLrI_2,cPiSd5nJLrI,2-5s,3.0,60.0,1.0,1.0,0.0,control,0,9,remote,0,2,1.0,1.0,1.0,0.0,1.0,1.0,1.0,0.0,1.0,1.0,1.0
cz0FSQDVBMw_2,cz0FSQDVBMw,0-2s,1.0,248.0,0.0,0.2,-0.2,harmful,1,0,remote,0,6,0.0,0.0,1.0,-100.0,0.0,0.0,0.0,0.0,8.0,12.0,8.0
cz0FSQDVBMw_2,cz0FSQDVBMw,0-2s,1.0,248.0,0.0,0.2,-0.2,harmful,1,1,remote,0,6,0.0,0.0,0.0,0.0,0.0,0.0,0.0,0.0,8.0,12.0,8.0
cz0FSQDVBMw_2,cz0FSQDVBMw,0-2s,1.0,248.0,0.0,0.2,-0.2,harmful,1,2,remote,0,6,0.0,0.0,0.0,0.0,0.0,0.0,0.0,0.0,8.0,12.0,8.0
cz0FSQDVBMw_2,cz0FSQDVBMw,0-2s,1.0,248.0,0.0,0.2,-0.2,harmful,1,3,remote,0,6,0.0,0.0,0.0,0.0,0.0,0.0,0.0,0.0,8.0,12.0,8.0
cz0FSQDVBMw_2,cz0FSQDVBMw,0-2s,1.0,248.0,0.0,0.2,-0.2,harmful,1,4,remote,0,6,0.0,0.0,0.0,0.0,0.0,0.0,0.0,0.0,8.0,12.0,8.0
cz0FSQDVBMw_2,cz0FSQDVBMw,0-2s,1.0,248.0,0.0,0.2,-0.2,harmful,1,5,remote,0,6,0.0,0.0,0.0,0.0,0.0,0.0,0.0,0.0,8.0,12.0,8.0
cz0FSQDVBMw_2,cz0FSQDVBMw,0-2s,1.0,248.0,0.0,0.2,-0.2,harmful,1,6,remote,0,6,0.0,0.0,0.0,0.0,0.0,0.0,0.0,0.0,8.0,12.0,8.0
cz0FSQDVBMw_2,cz0FSQDVBMw,0-2s,1.0,248.0,0.0,0.2,-0.2,harmful,1,7,remote,0,6,0.0,0.0,0.0,0.0,0.0,0.0,0.0,0.0,8.0,12.0,8.0
cz0FSQDVBMw_2,cz0FSQDVBMw,0-2s,1.0,248.0,0.0,0.2,-0.2,harmful,1,8,remote,0,6,0.0,0.0,0.0,0.0,0.0,0.0,0.0,0.0,8.0,12.0,8.0
cz0FSQDVBMw_2,cz0FSQDVBMw,0-2s,1.0,248.0,0.0,0.2,-0.2,harmful,1,9,remote,0,6,0.0,0.0,0.0,0.0,0.0,0.0,0.0,0.0,8.0,12.0,8.0
d6gu2w19YQo_1,d6gu2w19YQo,2-5s,2.0,102.0,1.0,1.0,0.0,control,0,0,moderately_near,0,2,1.0,1.0,1.0,0.0,0.0,0.0,0.0,0.0,2.0,3.0,2.0
d6gu2w19YQo_1,d6gu2w19YQo,2-5s,2.0,102.0,1.0,1.0,0.0,control,0,1,moderately_near,0,2,1.0,1.0,1.0,0.0,0.0,0.0,0.0,0.0,2.0,3.0,2.0
d6gu2w19YQo_1,d6gu2w19YQo,2-5s,2.0,102.0,1.0,1.0,0.0,control,0,2,moderately_near,0,2,1.0,1.0,1.0,0.0,0.0,0.0,0.0,0.0,2.0,3.0,2.0
d6gu2w19YQo_1,d6gu2w19YQo,2-5s,2.0,102.0,1.0,1.0,0.0,control,0,3,moderately_near,0,2,1.0,1.0,1.0,0.0,0.0,0.0,0.0,0.0,2.0,3.0,2.0
d6gu2w19YQo_1,d6gu2w19YQo,2-5s,2.0,102.0,1.0,1.0,0.0,control,0,4,moderately_near,0,2,1.0,1.0,1.0,0.0,0.0,0.0,0.0,0.0,2.0,3.0,2.0
d6gu2w19YQo_1,d6gu2w19YQo,2-5s,2.0,102.0,1.0,1.0,0.0,control,0,5,moderately_near,0,2,1.0,1.0,1.0,0.0,0.0,0.0,0.0,0.0,2.0,3.0,2.0
d6gu2w19YQo_1,d6gu2w19YQo,2-5s,2.0,102.0,1.0,1.0,0.0,control,0,6,moderately_near,0,2,1.0,1.0,1.0,0.0,0.0,0.0,0.0,0.0,2.0,3.0,2.0
d6gu2w19YQo_1,d6gu2w19YQo,2-5s,2.0,102.0,1.0,1.0,0.0,control,0,7,moderately_near,0,2,1.0,1.0,1.0,0.0,0.0,0.0,0.0,0.0,2.0,3.0,2.0
d6gu2w19YQo_1,d6gu2w19YQo,2-5s,2.0,102.0,1.0,1.0,0.0,control,0,8,moderately_near,0,2,1.0,1.0,1.0,0.0,0.0,0.0,0.0,0.0,2.0,3.0,2.0
d6gu2w19YQo_1,d6gu2w19YQo,2-5s,2.0,102.0,1.0,1.0,0.0,control,0,9,moderately_near,0,2,1.0,1.0,1.0,0.0,0.0,0.0,0.0,0.0,2.0,3.0,2.0
dYvL6uEMl6E_1,dYvL6uEMl6E,0-2s,1.0,178.0,0.0,0.0,0.0,control,1,0,remote,0,9,0.0,0.0,0.0,0.0,0.0,0.0,0.0,0.0,5.0,7.0,5.0
dYvL6uEMl6E_1,dYvL6uEMl6E,0-2s,1.0,178.0,0.0,0.0,0.0,control,1,1,remote,0,9,0.0,0.0,0.0,0.0,0.0,0.0,0.0,0.0,5.0,7.0,5.0
dYvL6uEMl6E_1,dYvL6uEMl6E,0-2s,1.0,178.0,0.0,0.0,0.0,control,1,2,remote,0,9,0.0,0.0,0.0,0.0,0.0,0.0,0.0,0.0,5.0,7.0,6.0
dYvL6uEMl6E_1,dYvL6uEMl6E,0-2s,1.0,178.0,0.0,0.0,0.0,control,1,3,remote,0,9,0.0,0.0,0.0,0.0,0.0,0.0,0.0,0.0,5.0,7.0,5.0
dYvL6uEMl6E_1,dYvL6uEMl6E,0-2s,1.0,178.0,0.0,0.0,0.0,control,1,4,remote,0,9,0.0,0.0,0.0,0.0,0.0,0.0,0.0,0.0,5.0,7.0,6.0
dYvL6uEMl6E_1,dYvL6uEMl6E,0-2s,1.0,178.0,0.0,0.0,0.0,control,1,5,remote,0,9,0.0,0.0,0.0,0.0,0.0,0.0,0.0,0.0,5.0,7.0,5.0
dYvL6uEMl6E_1,dYvL6uEMl6E,0-2s,1.0,178.0,0.0,0.0,0.0,control,1,6,remote,0,9,0.0,0.0,0.0,0.0,0.0,0.0,0.0,0.0,5.0,7.0,5.0
dYvL6uEMl6E_1,dYvL6uEMl6E,0-2s,1.0,178.0,0.0,0.0,0.0,control,1,7,remote,0,9,0.0,0.0,0.0,0.0,0.0,0.0,0.0,0.0,5.0,7.0,5.0
dYvL6uEMl6E_1,dYvL6uEMl6E,0-2s,1.0,178.0,0.0,0.0,0.0,control,1,8,remote,0,9,0.0,0.0,0.0,0.0,0.0,0.0,0.0,0.0,5.0,7.0,5.0
dYvL6uEMl6E_1,dYvL6uEMl6E,0-2s,1.0,178.0,0.0,0.0,0.0,control,1,9,remote,0,9,0.0,0.0,0.0,0.0,0.0,0.0,0.0,0.0,5.0,7.0,5.0
dkiwn2FdDVw_2,dkiwn2FdDVw,2-5s,2.0,300.0,0.0,0.0,0.0,control,1,0,remote,0,13,0.0,0.0,0.0,0.0,0.0,0.0,0.0,0.0,7.0,7.0,7.5
dkiwn2FdDVw_2,dkiwn2FdDVw,2-5s,2.0,300.0,0.0,0.0,0.0,control,1,1,remote,0,13,0.0,0.0,0.0,0.0,0.0,0.0,0.0,0.0,7.0,7.0,7.5
dkiwn2FdDVw_2,dkiwn2FdDVw,2-5s,2.0,300.0,0.0,0.0,0.0,control,1,2,remote,0,13,0.0,0.0,0.0,0.0,0.0,0.0,0.0,0.0,7.0,7.0,7.5
dkiwn2FdDVw_2,dkiwn2FdDVw,2-5s,2.0,300.0,0.0,0.0,0.0,control,1,3,remote,0,13,0.0,0.0,0.0,0.0,0.0,0.0,0.0,0.0,7.0,7.0,7.5
dkiwn2FdDVw_2,dkiwn2FdDVw,2-5s,2.0,300.0,0.0,0.0,0.0,control,1,4,remote,0,13,0.0,0.0,0.0,0.0,0.0,0.0,0.0,0.0,7.0,7.0,7.5
dkiwn2FdDVw_2,dkiwn2FdDVw,2-5s,2.0,300.0,0.0,0.0,0.0,control,1,5,remote,0,13,0.0,0.0,0.0,0.0,0.0,0.0,0.0,0.0,7.0,7.0,7.5
dkiwn2FdDVw_2,dkiwn2FdDVw,2-5s,2.0,300.0,0.0,0.0,0.0,control,1,6,remote,0,13,0.0,0.0,0.0,0.0,0.0,0.0,0.0,0.0,7.0,7.0,7.5
dkiwn2FdDVw_2,dkiwn2FdDVw,2-5s,2.0,300.0,0.0,0.0,0.0,control,1,7,remote,0,13,0.0,0.0,0.0,0.0,0.0,0.0,0.0,0.0,7.0,7.0,7.5
dkiwn2FdDVw_2,dkiwn2FdDVw,2-5s,2.0,300.0,0.0,0.0,0.0,control,1,8,remote,0,13,0.0,0.0,0.0,0.0,0.0,0.0,0.0,0.0,7.0,7.0,7.5
dkiwn2FdDVw_2,dkiwn2FdDVw,2-5s,2.0,300.0,0.0,0.0,0.0,control,1,9,remote,0,13,0.0,0.0,0.0,0.0,0.0,0.0,0.0,0.0,7.0,7.0,7.0
dkiwn2FdDVw_3,dkiwn2FdDVw,0-2s,1.0,300.0,1.0,0.3,0.7,control,1,0,remote,0,13,0.0,0.0,0.0,0.0,0.0,0.0,0.0,0.0,12.0,12.0,12.0
dkiwn2FdDVw_3,dkiwn2FdDVw,0-2s,1.0,300.0,1.0,0.3,0.7,control,1,1,remote,0,13,0.0,0.0,0.0,0.0,0.0,0.0,0.0,0.0,12.0,12.0,12.0
dkiwn2FdDVw_3,dkiwn2FdDVw,0-2s,1.0,300.0,1.0,0.3,0.7,control,1,2,remote,0,13,0.0,0.0,0.0,0.0,0.0,0.0,0.0,0.0,12.0,12.0,12.0
dkiwn2FdDVw_3,dkiwn2FdDVw,0-2s,1.0,300.0,1.0,0.3,0.7,control,1,3,remote,0,13,0.0,0.0,0.0,0.0,0.0,0.0,0.0,0.0,12.0,12.0,12.0
dkiwn2FdDVw_3,dkiwn2FdDVw,0-2s,1.0,300.0,1.0,0.3,0.7,control,1,4,remote,0,13,0.0,0.0,0.0,0.0,0.0,0.0,0.0,0.0,12.0,12.0,12.0
dkiwn2FdDVw_3,dkiwn2FdDVw,0-2s,1.0,300.0,1.0,0.3,0.7,control,1,5,remote,0,13,0.0,0.0,0.0,0.0,0.0,0.0,0.0,0.0,12.0,12.0,12.0
dkiwn2FdDVw_3,dkiwn2FdDVw,0-2s,1.0,300.0,1.0,0.3,0.7,control,1,6,remote,0,13,0.0,0.0,0.0,0.0,0.0,0.0,0.0,0.0,12.0,12.0,12.0
dkiwn2FdDVw_3,dkiwn2FdDVw,0-2s,1.0,300.0,1.0,0.3,0.7,control,1,7,remote,0,13,0.0,0.0,0.0,0.0,0.0,0.0,0.0,0.0,12.0,12.0,12.0
dkiwn2FdDVw_3,dkiwn2FdDVw,0-2s,1.0,300.0,1.0,0.3,0.7,control,1,8,remote,0,13,0.0,0.0,0.0,0.0,0.0,0.0,0.0,0.0,12.0,12.0,12.0
dkiwn2FdDVw_3,dkiwn2FdDVw,0-2s,1.0,300.0,1.0,0.3,0.7,control,1,9,remote,0,13,0.0,0.0,0.0,0.0,0.0,0.0,0.0,0.0,12.0,12.0,12.0
dkiwn2FdDVw_4,dkiwn2FdDVw,2-5s,3.0,300.0,0.0,0.6,-0.6,harmful,1,0,remote,0,20,1.0,1.0,1.0,0.0,0.0,0.0,0.0,0.0,4.333333333333333,5.0,4.333333333333333
dkiwn2FdDVw_4,dkiwn2FdDVw,2-5s,3.0,300.0,0.0,0.6,-0.6,harmful,1,1,remote,0,20,1.0,1.0,1.0,0.0,0.0,0.0,0.0,0.0,4.333333333333333,5.0,4.333333333333333
dkiwn2FdDVw_4,dkiwn2FdDVw,2-5s,3.0,300.0,0.0,0.6,-0.6,harmful,1,2,remote,0,20,1.0,1.0,1.0,0.0,0.0,0.0,0.0,0.0,4.333333333333333,5.0,4.333333333333333
dkiwn2FdDVw_4,dkiwn2FdDVw,2-5s,3.0,300.0,0.0,0.6,-0.6,harmful,1,3,remote,0,20,1.0,1.0,1.0,0.0,0.0,0.0,0.0,0.0,4.333333333333333,5.0,4.333333333333333
dkiwn2FdDVw_4,dkiwn2FdDVw,2-5s,3.0,300.0,0.0,0.6,-0.6,harmful,1,4,remote,0,20,1.0,1.0,1.0,0.0,0.0,0.0,0.0,0.0,4.333333333333333,5.0,4.333333333333333
dkiwn2FdDVw_4,dkiwn2FdDVw,2-5s,3.0,300.0,0.0,0.6,-0.6,harmful,1,5,remote,0,20,1.0,1.0,1.0,0.0,0.0,0.0,0.0,0.0,4.333333333333333,5.0,4.0
dkiwn2FdDVw_4,dkiwn2FdDVw,2-5s,3.0,300.0,0.0,0.6,-0.6,harmful,1,6,remote,0,20,1.0,1.0,1.0,0.0,0.0,0.0,0.0,0.0,4.333333333333333,5.0,4.0
dkiwn2FdDVw_4,dkiwn2FdDVw,2-5s,3.0,300.0,0.0,0.6,-0.6,harmful,1,7,remote,0,20,1.0,1.0,1.0,0.0,0.0,0.0,0.0,0.0,4.333333333333333,5.0,4.0
dkiwn2FdDVw_4,dkiwn2FdDVw,2-5s,3.0,300.0,0.0,0.6,-0.6,harmful,1,8,remote,0,20,1.0,1.0,1.0,0.0,0.0,0.0,0.0,0.0,4.333333333333333,5.0,4.333333333333333
dkiwn2FdDVw_4,dkiwn2FdDVw,2-5s,3.0,300.0,0.0,0.6,-0.6,harmful,1,9,remote,0,20,1.0,1.0,1.0,0.0,0.0,0.0,0.0,0.0,4.333333333333333,5.0,4.333333333333333
e2rScj9UyMs_2,e2rScj9UyMs,0-2s,1.0,225.0,0.0,0.3,-0.3,harmful,0,0,remote,0,1,1.0,1.0,1.0,0.0,0.0,0.0,0.0,0.0,9.0,10.0,10.0
e2rScj9UyMs_2,e2rScj9UyMs,0-2s,1.0,225.0,0.0,0.3,-0.3,harmful,0,1,remote,0,1,1.0,1.0,1.0,0.0,0.0,0.0,0.0,0.0,9.0,10.0,10.0
e2rScj9UyMs_2,e2rScj9UyMs,0-2s,1.0,225.0,0.0,0.3,-0.3,harmful,0,2,remote,0,1,1.0,1.0,1.0,0.0,0.0,0.0,0.0,0.0,9.0,10.0,9.0
e2rScj9UyMs_2,e2rScj9UyMs,0-2s,1.0,225.0,0.0,0.3,-0.3,harmful,0,3,remote,0,1,1.0,1.0,1.0,0.0,0.0,0.0,0.0,0.0,9.0,10.0,9.0
e2rScj9UyMs_2,e2rScj9UyMs,0-2s,1.0,225.0,0.0,0.3,-0.3,harmful,0,4,remote,0,1,1.0,1.0,1.0,0.0,0.0,0.0,0.0,0.0,9.0,10.0,9.0
e2rScj9UyMs_2,e2rScj9UyMs,0-2s,1.0,225.0,0.0,0.3,-0.3,harmful,0,5,remote,0,1,1.0,1.0,1.0,0.0,0.0,0.0,0.0,0.0,9.0,10.0,9.0
e2rScj9UyMs_2,e2rScj9UyMs,0-2s,1.0,225.0,0.0,0.3,-0.3,harmful,0,6,remote,0,1,1.0,1.0,1.0,0.0,0.0,0.0,0.0,0.0,9.0,10.0,10.0
e2rScj9UyMs_2,e2rScj9UyMs,0-2s,1.0,225.0,0.0,0.3,-0.3,harmful,0,7,remote,0,1,1.0,1.0,1.0,0.0,0.0,0.0,0.0,0.0,9.0,10.0,9.0
e2rScj9UyMs_2,e2rScj9UyMs,0-2s,1.0,225.0,0.0,0.3,-0.3,harmful,0,8,remote,0,1,1.0,1.0,1.0,0.0,0.0,0.0,0.0,0.0,9.0,10.0,9.0
e2rScj9UyMs_2,e2rScj9UyMs,0-2s,1.0,225.0,0.0,0.3,-0.3,harmful,0,9,remote,0,1,1.0,1.0,1.0,0.0,0.0,0.0,0.0,0.0,9.0,10.0,9.0
eRU-rABp8nk_2,eRU-rABp8nk,2-5s,2.0,299.0,0.0,0.9,-0.9,harmful,0,0,remote,0,2,1.0,1.0,1.0,0.0,0.0,0.0,0.0,0.0,5.0,5.0,5.0
eRU-rABp8nk_2,eRU-rABp8nk,2-5s,2.0,299.0,0.0,0.9,-0.9,harmful,0,1,remote,0,2,1.0,1.0,1.0,0.0,0.0,0.0,0.0,0.0,5.0,5.0,5.0
eRU-rABp8nk_2,eRU-rABp8nk,2-5s,2.0,299.0,0.0,0.9,-0.9,harmful,0,2,remote,0,2,1.0,1.0,1.0,0.0,0.0,0.0,0.0,0.0,5.0,5.0,5.0
eRU-rABp8nk_2,eRU-rABp8nk,2-5s,2.0,299.0,0.0,0.9,-0.9,harmful,0,3,remote,0,2,1.0,1.0,1.0,0.0,0.0,0.0,0.0,0.0,5.0,5.0,5.0
eRU-rABp8nk_2,eRU-rABp8nk,2-5s,2.0,299.0,0.0,0.9,-0.9,harmful,0,4,remote,0,2,1.0,1.0,1.0,0.0,0.0,0.0,0.0,0.0,5.0,5.0,5.0
eRU-rABp8nk_2,eRU-rABp8nk,2-5s,2.0,299.0,0.0,0.9,-0.9,harmful,0,5,remote,0,2,1.0,1.0,1.0,0.0,0.0,0.0,0.0,0.0,5.0,5.0,4.5
eRU-rABp8nk_2,eRU-rABp8nk,2-5s,2.0,299.0,0.0,0.9,-0.9,harmful,0,6,remote,0,2,1.0,1.0,1.0,0.0,0.0,0.0,0.0,0.0,5.0,5.0,5.0
eRU-rABp8nk_2,eRU-rABp8nk,2-5s,2.0,299.0,0.0,0.9,-0.9,harmful,0,7,remote,0,2,1.0,1.0,1.0,0.0,0.0,0.0,0.0,0.0,5.0,5.0,5.0
eRU-rABp8nk_2,eRU-rABp8nk,2-5s,2.0,299.0,0.0,0.9,-0.9,harmful,0,8,remote,0,2,1.0,1.0,1.0,0.0,0.0,0.0,0.0,0.0,5.0,5.0,5.0
eRU-rABp8nk_2,eRU-rABp8nk,2-5s,2.0,299.0,0.0,0.9,-0.9,harmful,0,9,remote,0,2,1.0,1.0,1.0,0.0,0.0,0.0,0.0,0.0,5.0,5.0,5.0
eRU-rABp8nk_3,eRU-rABp8nk,0-2s,1.0,299.0,0.0,0.0,0.0,control,1,0,remote,0,2,0.0,0.0,0.0,0.0,0.0,0.0,0.0,0.0,12.0,12.0,12.0
eRU-rABp8nk_3,eRU-rABp8nk,0-2s,1.0,299.0,0.0,0.0,0.0,control,1,1,remote,0,2,0.0,0.0,0.0,0.0,0.0,0.0,0.0,0.0,12.0,12.0,12.0
eRU-rABp8nk_3,eRU-rABp8nk,0-2s,1.0,299.0,0.0,0.0,0.0,control,1,2,remote,0,2,0.0,0.0,0.0,0.0,0.0,0.0,0.0,0.0,12.0,12.0,12.0
eRU-rABp8nk_3,eRU-rABp8nk,0-2s,1.0,299.0,0.0,0.0,0.0,control,1,3,remote,0,2,0.0,0.0,0.0,0.0,0.0,0.0,0.0,0.0,12.0,12.0,12.0
eRU-rABp8nk_3,eRU-rABp8nk,0-2s,1.0,299.0,0.0,0.0,0.0,control,1,4,remote,0,2,0.0,0.0,0.0,0.0,0.0,0.0,0.0,0.0,12.0,12.0,12.0
eRU-rABp8nk_3,eRU-rABp8nk,0-2s,1.0,299.0,0.0,0.0,0.0,control,1,5,remote,0,2,0.0,0.0,0.0,0.0,0.0,0.0,0.0,0.0,12.0,12.0,12.0
eRU-rABp8nk_3,eRU-rABp8nk,0-2s,1.0,299.0,0.0,0.0,0.0,control,1,6,remote,0,2,0.0,0.0,0.0,0.0,0.0,0.0,0.0,0.0,12.0,12.0,12.0
eRU-rABp8nk_3,eRU-rABp8nk,0-2s,1.0,299.0,0.0,0.0,0.0,control,1,7,remote,0,2,0.0,0.0,0.0,0.0,0.0,0.0,0.0,0.0,12.0,12.0,12.0
eRU-rABp8nk_3,eRU-rABp8nk,0-2s,1.0,299.0,0.0,0.0,0.0,control,1,8,remote,0,2,0.0,0.0,0.0,0.0,0.0,0.0,0.0,0.0,12.0,12.0,12.0
eRU-rABp8nk_3,eRU-rABp8nk,0-2s,1.0,299.0,0.0,0.0,0.0,control,1,9,remote,0,2,0.0,0.0,0.0,0.0,0.0,0.0,0.0,0.0,12.0,12.0,12.0
eUecAF626A8_2,eUecAF626A8,2-5s,3.0,299.0,0.0,0.4,-0.4,harmful,1,0,remote,0,41,0.0,0.0,0.0,0.0,0.0,0.0,0.0,0.0,3.0,3.0,3.0
eUecAF626A8_2,eUecAF626A8,2-5s,3.0,299.0,0.0,0.4,-0.4,harmful,1,1,remote,0,41,0.0,0.0,0.0,0.0,0.0,0.0,0.0,0.0,3.0,3.0,3.0
eUecAF626A8_2,eUecAF626A8,2-5s,3.0,299.0,0.0,0.4,-0.4,harmful,1,2,remote,0,41,0.0,0.0,0.0,0.0,0.0,0.0,0.0,0.0,3.0,3.0,3.0
eUecAF626A8_2,eUecAF626A8,2-5s,3.0,299.0,0.0,0.4,-0.4,harmful,1,3,remote,0,41,0.0,0.0,0.0,0.0,0.0,0.0,0.0,0.0,3.0,3.0,3.0
eUecAF626A8_2,eUecAF626A8,2-5s,3.0,299.0,0.0,0.4,-0.4,harmful,1,4,remote,0,41,0.0,0.0,0.0,0.0,0.0,0.0,0.0,0.0,3.0,3.0,3.0
eUecAF626A8_2,eUecAF626A8,2-5s,3.0,299.0,0.0,0.4,-0.4,harmful,1,5,remote,0,41,0.0,0.0,0.0,0.0,0.0,0.0,0.0,0.0,3.0,3.0,3.0
eUecAF626A8_2,eUecAF626A8,2-5s,3.0,299.0,0.0,0.4,-0.4,harmful,1,6,remote,0,41,0.0,0.0,0.0,0.0,0.0,0.0,0.0,0.0,3.0,3.0,3.0
eUecAF626A8_2,eUecAF626A8,2-5s,3.0,299.0,0.0,0.4,-0.4,harmful,1,7,remote,0,41,0.0,0.0,0.0,0.0,0.0,0.0,0.0,0.0,3.0,3.0,3.0
eUecAF626A8_2,eUecAF626A8,2-5s,3.0,299.0,0.0,0.4,-0.4,harmful,1,8,remote,0,41,0.0,0.0,0.0,0.0,0.0,0.0,0.0,0.0,3.0,3.0,3.0
eUecAF626A8_2,eUecAF626A8,2-5s,3.0,299.0,0.0,0.4,-0.4,harmful,1,9,remote,0,41,0.0,0.0,0.0,0.0,0.0,0.0,0.0,0.0,3.0,3.0,3.0
eYbFtxZmKL4_1,eYbFtxZmKL4,2-5s,3.0,299.0,1.0,0.6,0.4,control,1,0,moderately_near,0,1,0.0,0.0,0.0,0.0,0.0,0.0,0.0,0.0,3.6666666666666665,3.6666666666666665,3.6666666666666665
eYbFtxZmKL4_1,eYbFtxZmKL4,2-5s,3.0,299.0,1.0,0.6,0.4,control,1,1,moderately_near,0,1,0.0,0.0,0.0,0.0,0.0,0.0,0.0,0.0,3.6666666666666665,3.6666666666666665,3.6666666666666665
eYbFtxZmKL4_1,eYbFtxZmKL4,2-5s,3.0,299.0,1.0,0.6,0.4,control,1,2,moderately_near,0,1,0.0,0.0,0.0,0.0,0.0,0.0,0.0,0.0,3.6666666666666665,3.6666666666666665,3.6666666666666665
eYbFtxZmKL4_1,eYbFtxZmKL4,2-5s,3.0,299.0,1.0,0.6,0.4,control,1,3,moderately_near,0,1,0.0,0.0,0.0,0.0,0.0,0.0,0.0,0.0,3.6666666666666665,3.6666666666666665,3.6666666666666665
eYbFtxZmKL4_1,eYbFtxZmKL4,2-5s,3.0,299.0,1.0,0.6,0.4,control,1,4,moderately_near,0,1,0.0,0.0,0.0,0.0,0.0,0.0,0.0,0.0,3.6666666666666665,3.6666666666666665,3.6666666666666665
eYbFtxZmKL4_1,eYbFtxZmKL4,2-5s,3.0,299.0,1.0,0.6,0.4,control,1,5,moderately_near,0,1,0.0,0.0,0.0,0.0,0.0,0.0,0.0,0.0,3.6666666666666665,3.6666666666666665,3.6666666666666665
eYbFtxZmKL4_1,eYbFtxZmKL4,2-5s,3.0,299.0,1.0,0.6,0.4,control,1,6,moderately_near,0,1,0.0,0.0,0.0,0.0,0.0,0.0,0.0,0.0,3.6666666666666665,3.6666666666666665,3.6666666666666665
eYbFtxZmKL4_1,eYbFtxZmKL4,2-5s,3.0,299.0,1.0,0.6,0.4,control,1,7,moderately_near,0,1,0.0,0.0,0.0,0.0,0.0,0.0,0.0,0.0,3.6666666666666665,3.6666666666666665,3.6666666666666665
eYbFtxZmKL4_1,eYbFtxZmKL4,2-5s,3.0,299.0,1.0,0.6,0.4,control,1,8,moderately_near,0,1,0.0,0.0,0.0,0.0,0.0,0.0,0.0,0.0,3.6666666666666665,3.6666666666666665,3.6666666666666665
eYbFtxZmKL4_1,eYbFtxZmKL4,2-5s,3.0,299.0,1.0,0.6,0.4,control,1,9,moderately_near,0,1,0.0,0.0,0.0,0.0,0.0,0.0,0.0,0.0,3.6666666666666665,3.6666666666666665,3.6666666666666665
elztUCeNQvQ_1,elztUCeNQvQ,2-5s,4.0,299.0,1.0,0.9,0.09999999999999998,control,0,0,remote,0,11,1.0,1.0,1.0,0.0,0.0,0.0,0.0,0.0,2.25,2.25,2.25
elztUCeNQvQ_1,elztUCeNQvQ,2-5s,4.0,299.0,1.0,0.9,0.09999999999999998,control,0,1,remote,0,11,1.0,1.0,1.0,0.0,0.0,0.0,0.0,0.0,2.25,2.25,2.25
elztUCeNQvQ_1,elztUCeNQvQ,2-5s,4.0,299.0,1.0,0.9,0.09999999999999998,control,0,2,remote,0,11,1.0,1.0,1.0,0.0,0.0,0.0,0.0,0.0,2.25,2.25,2.25
elztUCeNQvQ_1,elztUCeNQvQ,2-5s,4.0,299.0,1.0,0.9,0.09999999999999998,control,0,3,remote,0,11,1.0,1.0,1.0,0.0,0.0,0.0,0.0,0.0,2.25,2.25,2.25
elztUCeNQvQ_1,elztUCeNQvQ,2-5s,4.0,299.0,1.0,0.9,0.09999999999999998,control,0,4,remote,0,11,1.0,1.0,1.0,0.0,0.0,0.0,0.0,0.0,2.25,2.25,2.25
elztUCeNQvQ_1,elztUCeNQvQ,2-5s,4.0,299.0,1.0,0.9,0.09999999999999998,control,0,5,remote,0,11,1.0,1.0,1.0,0.0,0.0,0.0,0.0,0.0,2.25,2.25,2.25
elztUCeNQvQ_1,elztUCeNQvQ,2-5s,4.0,299.0,1.0,0.9,0.09999999999999998,control,0,6,remote,0,11,1.0,1.0,1.0,0.0,0.0,0.0,0.0,0.0,2.25,2.25,2.25
elztUCeNQvQ_1,elztUCeNQvQ,2-5s,4.0,299.0,1.0,0.9,0.09999999999999998,control,0,7,remote,0,11,1.0,1.0,1.0,0.0,0.0,0.0,0.0,0.0,2.25,2.25,2.5
elztUCeNQvQ_1,elztUCeNQvQ,2-5s,4.0,299.0,1.0,0.9,0.09999999999999998,control,0,8,remote,0,11,1.0,1.0,1.0,0.0,0.0,0.0,0.0,0.0,2.25,2.25,2.25
elztUCeNQvQ_1,elztUCeNQvQ,2-5s,4.0,299.0,1.0,0.9,0.09999999999999998,control,0,9,remote,0,11,1.0,1.0,1.0,0.0,0.0,0.0,0.0,0.0,2.25,2.25,2.25
elztUCeNQvQ_2,elztUCeNQvQ,2-5s,3.0,299.0,0.0,0.5,-0.5,harmful,0,0,remote,0,30,1.0,0.0,1.0,-100.0,0.0,0.0,0.0,0.0,2.3333333333333335,2.6666666666666665,2.3333333333333335
elztUCeNQvQ_2,elztUCeNQvQ,2-5s,3.0,299.0,0.0,0.5,-0.5,harmful,0,1,remote,0,30,1.0,0.0,0.0,0.0,0.0,0.0,0.0,0.0,2.3333333333333335,2.6666666666666665,2.3333333333333335
elztUCeNQvQ_2,elztUCeNQvQ,2-5s,3.0,299.0,0.0,0.5,-0.5,harmful,0,2,remote,0,30,1.0,0.0,1.0,-100.0,0.0,0.0,0.0,0.0,2.3333333333333335,2.6666666666666665,2.3333333333333335
elztUCeNQvQ_2,elztUCeNQvQ,2-5s,3.0,299.0,0.0,0.5,-0.5,harmful,0,3,remote,0,30,1.0,0.0,0.0,0.0,0.0,0.0,0.0,0.0,2.3333333333333335,2.6666666666666665,2.3333333333333335
elztUCeNQvQ_2,elztUCeNQvQ,2-5s,3.0,299.0,0.0,0.5,-0.5,harmful,0,4,remote,0,30,1.0,0.0,0.0,0.0,0.0,0.0,0.0,0.0,2.3333333333333335,2.6666666666666665,2.3333333333333335
elztUCeNQvQ_2,elztUCeNQvQ,2-5s,3.0,299.0,0.0,0.5,-0.5,harmful,0,5,remote,0,30,1.0,0.0,1.0,-100.0,0.0,0.0,0.0,0.0,2.3333333333333335,2.6666666666666665,2.3333333333333335
elztUCeNQvQ_2,elztUCeNQvQ,2-5s,3.0,299.0,0.0,0.5,-0.5,harmful,0,6,remote,0,30,1.0,0.0,0.0,0.0,0.0,0.0,0.0,0.0,2.3333333333333335,2.6666666666666665,2.3333333333333335
elztUCeNQvQ_2,elztUCeNQvQ,2-5s,3.0,299.0,0.0,0.5,-0.5,harmful,0,7,remote,0,30,1.0,0.0,1.0,-100.0,0.0,0.0,0.0,0.0,2.3333333333333335,2.6666666666666665,2.3333333333333335
elztUCeNQvQ_2,elztUCeNQvQ,2-5s,3.0,299.0,0.0,0.5,-0.5,harmful,0,8,remote,0,30,1.0,0.0,1.0,-100.0,0.0,0.0,0.0,0.0,2.3333333333333335,2.6666666666666665,2.3333333333333335
elztUCeNQvQ_2,elztUCeNQvQ,2-5s,3.0,299.0,0.0,0.5,-0.5,harmful,0,9,remote,0,30,1.0,0.0,1.0,-100.0,0.0,0.0,0.0,0.0,2.3333333333333335,2.6666666666666665,2.3333333333333335
elztUCeNQvQ_5,elztUCeNQvQ,2-5s,2.0,299.0,1.0,0.8,0.19999999999999996,control,0,0,remote,0,11,1.0,1.0,1.0,0.0,0.0,0.0,0.0,0.0,4.0,3.5,4.5
elztUCeNQvQ_5,elztUCeNQvQ,2-5s,2.0,299.0,1.0,0.8,0.19999999999999996,control,0,1,remote,0,11,1.0,1.0,1.0,0.0,0.0,0.0,0.0,0.0,4.0,3.5,4.5
elztUCeNQvQ_5,elztUCeNQvQ,2-5s,2.0,299.0,1.0,0.8,0.19999999999999996,control,0,2,remote,0,11,1.0,1.0,1.0,0.0,0.0,0.0,0.0,0.0,4.0,3.5,4.0
elztUCeNQvQ_5,elztUCeNQvQ,2-5s,2.0,299.0,1.0,0.8,0.19999999999999996,control,0,3,remote,0,11,1.0,1.0,1.0,0.0,0.0,0.0,0.0,0.0,4.0,3.5,4.0
elztUCeNQvQ_5,elztUCeNQvQ,2-5s,2.0,299.0,1.0,0.8,0.19999999999999996,control,0,4,remote,0,11,1.0,1.0,1.0,0.0,0.0,0.0,0.0,0.0,4.0,3.5,4.0
elztUCeNQvQ_5,elztUCeNQvQ,2-5s,2.0,299.0,1.0,0.8,0.19999999999999996,control,0,5,remote,0,11,1.0,1.0,1.0,0.0,0.0,0.0,0.0,0.0,4.0,3.5,4.0
elztUCeNQvQ_5,elztUCeNQvQ,2-5s,2.0,299.0,1.0,0.8,0.19999999999999996,control,0,6,remote,0,11,1.0,1.0,1.0,0.0,0.0,0.0,0.0,0.0,4.0,3.5,4.0
elztUCeNQvQ_5,elztUCeNQvQ,2-5s,2.0,299.0,1.0,0.8,0.19999999999999996,control,0,7,remote,0,11,1.0,1.0,1.0,0.0,0.0,0.0,0.0,0.0,4.0,3.5,4.0
elztUCeNQvQ_5,elztUCeNQvQ,2-5s,2.0,299.0,1.0,0.8,0.19999999999999996,control,0,8,remote,0,11,1.0,1.0,1.0,0.0,0.0,0.0,0.0,0.0,4.0,3.5,4.5
elztUCeNQvQ_5,elztUCeNQvQ,2-5s,2.0,299.0,1.0,0.8,0.19999999999999996,control,0,9,remote,0,11,1.0,1.0,1.0,0.0,0.0,0.0,0.0,0.0,4.0,3.5,4.0
emGPabOePzA_1,emGPabOePzA,2-5s,2.0,101.0,1.0,1.0,0.0,control,0,0,remote,0,2,1.0,1.0,1.0,0.0,0.0,0.0,0.0,0.0,5.5,5.5,5.5
emGPabOePzA_1,emGPabOePzA,2-5s,2.0,101.0,1.0,1.0,0.0,control,0,1,remote,0,2,1.0,1.0,1.0,0.0,0.0,0.0,0.0,0.0,5.5,5.5,5.5
emGPabOePzA_1,emGPabOePzA,2-5s,2.0,101.0,1.0,1.0,0.0,control,0,2,remote,0,2,1.0,1.0,1.0,0.0,0.0,0.0,0.0,0.0,5.5,5.5,5.5
emGPabOePzA_1,emGPabOePzA,2-5s,2.0,101.0,1.0,1.0,0.0,control,0,3,remote,0,2,1.0,1.0,1.0,0.0,0.0,0.0,0.0,0.0,5.5,5.5,5.5
emGPabOePzA_1,emGPabOePzA,2-5s,2.0,101.0,1.0,1.0,0.0,control,0,4,remote,0,2,1.0,1.0,1.0,0.0,0.0,0.0,0.0,0.0,5.5,5.5,5.5
emGPabOePzA_1,emGPabOePzA,2-5s,2.0,101.0,1.0,1.0,0.0,control,0,5,remote,0,2,1.0,1.0,1.0,0.0,0.0,0.0,0.0,0.0,5.5,5.5,5.5
emGPabOePzA_1,emGPabOePzA,2-5s,2.0,101.0,1.0,1.0,0.0,control,0,6,remote,0,2,1.0,1.0,1.0,0.0,0.0,0.0,0.0,0.0,5.5,5.5,5.5
emGPabOePzA_1,emGPabOePzA,2-5s,2.0,101.0,1.0,1.0,0.0,control,0,7,remote,0,2,1.0,1.0,1.0,0.0,0.0,0.0,0.0,0.0,5.5,5.5,5.5
emGPabOePzA_1,emGPabOePzA,2-5s,2.0,101.0,1.0,1.0,0.0,control,0,8,remote,0,2,1.0,1.0,1.0,0.0,0.0,0.0,0.0,0.0,5.5,5.5,5.0
emGPabOePzA_1,emGPabOePzA,2-5s,2.0,101.0,1.0,1.0,0.0,control,0,9,remote,0,2,1.0,1.0,1.0,0.0,0.0,0.0,0.0,0.0,5.5,5.5,5.5
eu5bq0A3XVQ_2,eu5bq0A3XVQ,2-5s,2.0,300.0,0.0,0.8,-0.8,harmful,0,0,remote,0,16,1.0,1.0,1.0,0.0,0.0,0.0,0.0,0.0,5.5,5.5,5.5
eu5bq0A3XVQ_2,eu5bq0A3XVQ,2-5s,2.0,300.0,0.0,0.8,-0.8,harmful,0,1,remote,0,16,1.0,1.0,1.0,0.0,0.0,0.0,0.0,0.0,5.5,5.5,5.5
eu5bq0A3XVQ_2,eu5bq0A3XVQ,2-5s,2.0,300.0,0.0,0.8,-0.8,harmful,0,2,remote,0,16,1.0,1.0,1.0,0.0,0.0,0.0,0.0,0.0,5.5,5.5,5.5
eu5bq0A3XVQ_2,eu5bq0A3XVQ,2-5s,2.0,300.0,0.0,0.8,-0.8,harmful,0,3,remote,0,16,1.0,1.0,1.0,0.0,0.0,0.0,0.0,0.0,5.5,5.5,5.5
eu5bq0A3XVQ_2,eu5bq0A3XVQ,2-5s,2.0,300.0,0.0,0.8,-0.8,harmful,0,4,remote,0,16,1.0,1.0,1.0,0.0,0.0,0.0,0.0,0.0,5.5,5.5,5.5
eu5bq0A3XVQ_2,eu5bq0A3XVQ,2-5s,2.0,300.0,0.0,0.8,-0.8,harmful,0,5,remote,0,16,1.0,1.0,1.0,0.0,0.0,0.0,0.0,0.0,5.5,5.5,5.5
eu5bq0A3XVQ_2,eu5bq0A3XVQ,2-5s,2.0,300.0,0.0,0.8,-0.8,harmful,0,6,remote,0,16,1.0,1.0,1.0,0.0,0.0,0.0,0.0,0.0,5.5,5.5,5.5
eu5bq0A3XVQ_2,eu5bq0A3XVQ,2-5s,2.0,300.0,0.0,0.8,-0.8,harmful,0,7,remote,0,16,1.0,1.0,1.0,0.0,0.0,0.0,0.0,0.0,5.5,5.5,5.5
eu5bq0A3XVQ_2,eu5bq0A3XVQ,2-5s,2.0,300.0,0.0,0.8,-0.8,harmful,0,8,remote,0,16,1.0,1.0,1.0,0.0,0.0,0.0,0.0,0.0,5.5,5.5,5.5
eu5bq0A3XVQ_2,eu5bq0A3XVQ,2-5s,2.0,300.0,0.0,0.8,-0.8,harmful,0,9,remote,0,16,1.0,1.0,1.0,0.0,0.0,0.0,0.0,0.0,5.5,5.5,5.5
eu5bq0A3XVQ_3,eu5bq0A3XVQ,2-5s,3.0,300.0,0.0,0.5,-0.5,harmful,0,0,remote,0,9,1.0,1.0,1.0,0.0,0.0,0.0,0.0,0.0,3.0,2.6666666666666665,3.3333333333333335
eu5bq0A3XVQ_3,eu5bq0A3XVQ,2-5s,3.0,300.0,0.0,0.5,-0.5,harmful,0,1,remote,0,9,1.0,1.0,1.0,0.0,0.0,0.0,0.0,0.0,3.0,2.6666666666666665,3.0
eu5bq0A3XVQ_3,eu5bq0A3XVQ,2-5s,3.0,300.0,0.0,0.5,-0.5,harmful,0,2,remote,0,9,1.0,1.0,1.0,0.0,0.0,0.0,0.0,0.0,3.0,2.6666666666666665,3.0
eu5bq0A3XVQ_3,eu5bq0A3XVQ,2-5s,3.0,300.0,0.0,0.5,-0.5,harmful,0,3,remote,0,9,1.0,1.0,1.0,0.0,0.0,0.0,0.0,0.0,3.0,2.6666666666666665,3.0
eu5bq0A3XVQ_3,eu5bq0A3XVQ,2-5s,3.0,300.0,0.0,0.5,-0.5,harmful,0,4,remote,0,9,1.0,1.0,1.0,0.0,0.0,0.0,0.0,0.0,3.0,2.6666666666666665,3.3333333333333335
eu5bq0A3XVQ_3,eu5bq0A3XVQ,2-5s,3.0,300.0,0.0,0.5,-0.5,harmful,0,5,remote,0,9,1.0,1.0,1.0,0.0,0.0,0.0,0.0,0.0,3.0,2.6666666666666665,3.0
eu5bq0A3XVQ_3,eu5bq0A3XVQ,2-5s,3.0,300.0,0.0,0.5,-0.5,harmful,0,6,remote,0,9,1.0,1.0,1.0,0.0,0.0,0.0,0.0,0.0,3.0,2.6666666666666665,3.3333333333333335
eu5bq0A3XVQ_3,eu5bq0A3XVQ,2-5s,3.0,300.0,0.0,0.5,-0.5,harmful,0,7,remote,0,9,1.0,1.0,1.0,0.0,0.0,0.0,0.0,0.0,3.0,2.6666666666666665,3.0
eu5bq0A3XVQ_3,eu5bq0A3XVQ,2-5s,3.0,300.0,0.0,0.5,-0.5,harmful,0,8,remote,0,9,1.0,1.0,1.0,0.0,0.0,0.0,0.0,0.0,3.0,2.6666666666666665,3.0
eu5bq0A3XVQ_3,eu5bq0A3XVQ,2-5s,3.0,300.0,0.0,0.5,-0.5,harmful,0,9,remote,0,9,1.0,1.0,1.0,0.0,0.0,0.0,0.0,0.0,3.0,2.6666666666666665,3.0
fGGYeXR_LS8_1,fGGYeXR_LS8,2-5s,4.0,127.0,1.0,1.0,0.0,control,0,0,remote,0,20,1.0,1.0,1.0,0.0,1.0,0.0,1.0,-100.0,0.75,1.5,0.75
fGGYeXR_LS8_1,fGGYeXR_LS8,2-5s,4.0,127.0,1.0,1.0,0.0,control,0,1,remote,0,20,1.0,1.0,1.0,0.0,1.0,0.0,1.0,-100.0,0.75,1.5,1.0
fGGYeXR_LS8_1,fGGYeXR_LS8,2-5s,4.0,127.0,1.0,1.0,0.0,control,0,2,remote,0,20,1.0,1.0,1.0,0.0,1.0,0.0,1.0,-100.0,0.75,1.5,0.75
fGGYeXR_LS8_1,fGGYeXR_LS8,2-5s,4.0,127.0,1.0,1.0,0.0,control,0,3,remote,0,20,1.0,1.0,1.0,0.0,1.0,0.0,1.0,-100.0,0.75,1.5,0.75
fGGYeXR_LS8_1,fGGYeXR_LS8,2-5s,4.0,127.0,1.0,1.0,0.0,control,0,4,remote,0,20,1.0,1.0,1.0,0.0,1.0,0.0,1.0,-100.0,0.75,1.5,1.0
fGGYeXR_LS8_1,fGGYeXR_LS8,2-5s,4.0,127.0,1.0,1.0,0.0,control,0,5,remote,0,20,1.0,1.0,1.0,0.0,1.0,0.0,1.0,-100.0,0.75,1.5,1.0
fGGYeXR_LS8_1,fGGYeXR_LS8,2-5s,4.0,127.0,1.0,1.0,0.0,control,0,6,remote,0,20,1.0,1.0,1.0,0.0,1.0,0.0,1.0,-100.0,0.75,1.5,0.75
fGGYeXR_LS8_1,fGGYeXR_LS8,2-5s,4.0,127.0,1.0,1.0,0.0,control,0,7,remote,0,20,1.0,1.0,1.0,0.0,1.0,0.0,1.0,-100.0,0.75,1.5,0.75
fGGYeXR_LS8_1,fGGYeXR_LS8,2-5s,4.0,127.0,1.0,1.0,0.0,control,0,8,remote,0,20,1.0,1.0,1.0,0.0,1.0,0.0,1.0,-100.0,0.75,1.5,0.75
fGGYeXR_LS8_1,fGGYeXR_LS8,2-5s,4.0,127.0,1.0,1.0,0.0,control,0,9,remote,0,20,1.0,1.0,1.0,0.0,1.0,0.0,1.0,-100.0,0.75,1.5,1.0
fK4QBQZ6i7w_1,fK4QBQZ6i7w,2-5s,4.0,299.0,0.0,0.6,-0.6,harmful,0,0,remote,0,3,0.0,1.0,0.0,100.0,0.0,0.0,0.0,0.0,4.25,4.25,4.25
fK4QBQZ6i7w_1,fK4QBQZ6i7w,2-5s,4.0,299.0,0.0,0.6,-0.6,harmful,0,1,remote,0,3,0.0,1.0,0.0,100.0,0.0,0.0,0.0,0.0,4.25,4.25,4.25
fK4QBQZ6i7w_1,fK4QBQZ6i7w,2-5s,4.0,299.0,0.0,0.6,-0.6,harmful,0,2,remote,0,3,0.0,1.0,0.0,100.0,0.0,0.0,0.0,0.0,4.25,4.25,4.25
fK4QBQZ6i7w_1,fK4QBQZ6i7w,2-5s,4.0,299.0,0.0,0.6,-0.6,harmful,0,3,remote,0,3,0.0,1.0,0.0,100.0,0.0,0.0,0.0,0.0,4.25,4.25,4.25
fK4QBQZ6i7w_1,fK4QBQZ6i7w,2-5s,4.0,299.0,0.0,0.6,-0.6,harmful,0,4,remote,0,3,0.0,1.0,0.0,100.0,0.0,0.0,0.0,0.0,4.25,4.25,4.25
fK4QBQZ6i7w_1,fK4QBQZ6i7w,2-5s,4.0,299.0,0.0,0.6,-0.6,harmful,0,5,remote,0,3,0.0,1.0,0.0,100.0,0.0,0.0,0.0,0.0,4.25,4.25,4.25
fK4QBQZ6i7w_1,fK4QBQZ6i7w,2-5s,4.0,299.0,0.0,0.6,-0.6,harmful,0,6,remote,0,3,0.0,1.0,0.0,100.0,0.0,0.0,0.0,0.0,4.25,4.25,4.25
fK4QBQZ6i7w_1,fK4QBQZ6i7w,2-5s,4.0,299.0,0.0,0.6,-0.6,harmful,0,7,remote,0,3,0.0,1.0,0.0,100.0,0.0,0.0,0.0,0.0,4.25,4.25,4.25
fK4QBQZ6i7w_1,fK4QBQZ6i7w,2-5s,4.0,299.0,0.0,0.6,-0.6,harmful,0,8,remote,0,3,0.0,1.0,0.0,100.0,0.0,0.0,0.0,0.0,4.25,4.25,4.25
fK4QBQZ6i7w_1,fK4QBQZ6i7w,2-5s,4.0,299.0,0.0,0.6,-0.6,harmful,0,9,remote,0,3,0.0,1.0,0.0,100.0,0.0,0.0,0.0,0.0,4.25,4.25,4.25
fPqj3nnwQOI_1,fPqj3nnwQOI,2-5s,3.0,280.0,1.0,1.0,0.0,control,0,0,remote,0,35,1.0,1.0,1.0,0.0,0.0,0.0,0.0,0.0,7.666666666666667,7.0,7.666666666666667
fPqj3nnwQOI_1,fPqj3nnwQOI,2-5s,3.0,280.0,1.0,1.0,0.0,control,0,1,remote,0,35,1.0,1.0,1.0,0.0,0.0,0.0,0.0,0.0,7.666666666666667,7.0,8.0
fPqj3nnwQOI_1,fPqj3nnwQOI,2-5s,3.0,280.0,1.0,1.0,0.0,control,0,2,remote,0,35,1.0,1.0,1.0,0.0,0.0,0.0,0.0,0.0,7.666666666666667,7.0,7.666666666666667
fPqj3nnwQOI_1,fPqj3nnwQOI,2-5s,3.0,280.0,1.0,1.0,0.0,control,0,3,remote,0,35,1.0,1.0,1.0,0.0,0.0,0.0,0.0,0.0,7.666666666666667,7.0,7.666666666666667
fPqj3nnwQOI_1,fPqj3nnwQOI,2-5s,3.0,280.0,1.0,1.0,0.0,control,0,4,remote,0,35,1.0,1.0,1.0,0.0,0.0,0.0,0.0,0.0,7.666666666666667,7.0,7.666666666666667
fPqj3nnwQOI_1,fPqj3nnwQOI,2-5s,3.0,280.0,1.0,1.0,0.0,control,0,5,remote,0,35,1.0,1.0,1.0,0.0,0.0,0.0,0.0,0.0,7.666666666666667,7.0,7.666666666666667
fPqj3nnwQOI_1,fPqj3nnwQOI,2-5s,3.0,280.0,1.0,1.0,0.0,control,0,6,remote,0,35,1.0,1.0,1.0,0.0,0.0,0.0,0.0,0.0,7.666666666666667,7.0,7.666666666666667
fPqj3nnwQOI_1,fPqj3nnwQOI,2-5s,3.0,280.0,1.0,1.0,0.0,control,0,7,remote,0,35,1.0,1.0,1.0,0.0,0.0,0.0,0.0,0.0,7.666666666666667,7.0,8.0
fPqj3nnwQOI_1,fPqj3nnwQOI,2-5s,3.0,280.0,1.0,1.0,0.0,control,0,8,remote,0,35,1.0,1.0,1.0,0.0,0.0,0.0,0.0,0.0,7.666666666666667,7.0,7.666666666666667
fPqj3nnwQOI_1,fPqj3nnwQOI,2-5s,3.0,280.0,1.0,1.0,0.0,control,0,9,remote,0,35,1.0,1.0,1.0,0.0,0.0,0.0,0.0,0.0,7.666666666666667,7.0,7.666666666666667
fPqj3nnwQOI_2,fPqj3nnwQOI,2-5s,2.0,280.0,1.0,1.0,0.0,control,0,0,remote,0,29,1.0,1.0,1.0,0.0,0.0,0.0,0.0,0.0,20.5,19.0,20.0
fPqj3nnwQOI_2,fPqj3nnwQOI,2-5s,2.0,280.0,1.0,1.0,0.0,control,0,1,remote,0,29,1.0,1.0,1.0,0.0,0.0,0.0,0.0,0.0,20.5,19.0,20.5
fPqj3nnwQOI_2,fPqj3nnwQOI,2-5s,2.0,280.0,1.0,1.0,0.0,control,0,2,remote,0,29,1.0,1.0,1.0,0.0,0.0,0.0,0.0,0.0,20.5,19.0,21.0
fPqj3nnwQOI_2,fPqj3nnwQOI,2-5s,2.0,280.0,1.0,1.0,0.0,control,0,3,remote,0,29,1.0,1.0,1.0,0.0,0.0,0.0,0.0,0.0,20.5,19.0,20.0
fPqj3nnwQOI_2,fPqj3nnwQOI,2-5s,2.0,280.0,1.0,1.0,0.0,control,0,4,remote,0,29,1.0,1.0,1.0,0.0,0.0,0.0,0.0,0.0,20.5,19.0,20.5
fPqj3nnwQOI_2,fPqj3nnwQOI,2-5s,2.0,280.0,1.0,1.0,0.0,control,0,5,remote,0,29,1.0,1.0,1.0,0.0,0.0,0.0,0.0,0.0,20.5,19.0,20.5
fPqj3nnwQOI_2,fPqj3nnwQOI,2-5s,2.0,280.0,1.0,1.0,0.0,control,0,6,remote,0,29,1.0,1.0,1.0,0.0,0.0,0.0,0.0,0.0,20.5,19.0,20.0
fPqj3nnwQOI_2,fPqj3nnwQOI,2-5s,2.0,280.0,1.0,1.0,0.0,control,0,7,remote,0,29,1.0,1.0,1.0,0.0,0.0,0.0,0.0,0.0,20.5,19.0,20.0
fPqj3nnwQOI_2,fPqj3nnwQOI,2-5s,2.0,280.0,1.0,1.0,0.0,control,0,8,remote,0,29,1.0,1.0,1.0,0.0,0.0,0.0,0.0,0.0,20.5,19.0,20.5
fPqj3nnwQOI_2,fPqj3nnwQOI,2-5s,2.0,280.0,1.0,1.0,0.0,control,0,9,remote,0,29,1.0,1.0,1.0,0.0,0.0,0.0,0.0,0.0,20.5,19.0,20.0
fPqj3nnwQOI_3,fPqj3nnwQOI,0-2s,1.0,280.0,0.0,0.7,-0.7,harmful,1,0,remote,0,29,0.0,0.0,0.0,0.0,0.0,0.0,0.0,0.0,26.0,26.0,26.0
fPqj3nnwQOI_3,fPqj3nnwQOI,0-2s,1.0,280.0,0.0,0.7,-0.7,harmful,1,1,remote,0,29,0.0,0.0,0.0,0.0,0.0,0.0,0.0,0.0,26.0,26.0,27.0
fPqj3nnwQOI_3,fPqj3nnwQOI,0-2s,1.0,280.0,0.0,0.7,-0.7,harmful,1,2,remote,0,29,0.0,0.0,1.0,-100.0,0.0,0.0,0.0,0.0,26.0,26.0,27.0
fPqj3nnwQOI_3,fPqj3nnwQOI,0-2s,1.0,280.0,0.0,0.7,-0.7,harmful,1,3,remote,0,29,0.0,0.0,0.0,0.0,0.0,0.0,0.0,0.0,26.0,26.0,26.0
fPqj3nnwQOI_3,fPqj3nnwQOI,0-2s,1.0,280.0,0.0,0.7,-0.7,harmful,1,4,remote,0,29,0.0,0.0,0.0,0.0,0.0,0.0,0.0,0.0,26.0,26.0,26.0
fPqj3nnwQOI_3,fPqj3nnwQOI,0-2s,1.0,280.0,0.0,0.7,-0.7,harmful,1,5,remote,0,29,0.0,0.0,0.0,0.0,0.0,0.0,0.0,0.0,26.0,26.0,26.0
fPqj3nnwQOI_3,fPqj3nnwQOI,0-2s,1.0,280.0,0.0,0.7,-0.7,harmful,1,6,remote,0,29,0.0,0.0,0.0,0.0,0.0,0.0,0.0,0.0,26.0,26.0,28.0
fPqj3nnwQOI_3,fPqj3nnwQOI,0-2s,1.0,280.0,0.0,0.7,-0.7,harmful,1,7,remote,0,29,0.0,0.0,0.0,0.0,0.0,0.0,0.0,0.0,26.0,26.0,27.0
fPqj3nnwQOI_3,fPqj3nnwQOI,0-2s,1.0,280.0,0.0,0.7,-0.7,harmful,1,8,remote,0,29,0.0,0.0,0.0,0.0,0.0,0.0,0.0,0.0,26.0,26.0,26.0
fPqj3nnwQOI_3,fPqj3nnwQOI,0-2s,1.0,280.0,0.0,0.7,-0.7,harmful,1,9,remote,0,29,0.0,0.0,0.0,0.0,0.0,0.0,0.0,0.0,26.0,26.0,26.0
fPqj3nnwQOI_4,fPqj3nnwQOI,0-2s,1.0,280.0,0.0,0.3,-0.3,harmful,1,0,remote,0,21,0.0,0.0,0.0,0.0,0.0,0.0,0.0,0.0,32.0,30.0,23.0
fPqj3nnwQOI_4,fPqj3nnwQOI,0-2s,1.0,280.0,0.0,0.3,-0.3,harmful,1,1,remote,0,21,0.0,0.0,0.0,0.0,0.0,0.0,0.0,0.0,32.0,30.0,24.0
fPqj3nnwQOI_4,fPqj3nnwQOI,0-2s,1.0,280.0,0.0,0.3,-0.3,harmful,1,2,remote,0,21,0.0,0.0,0.0,0.0,0.0,0.0,0.0,0.0,32.0,30.0,33.0
fPqj3nnwQOI_4,fPqj3nnwQOI,0-2s,1.0,280.0,0.0,0.3,-0.3,harmful,1,3,remote,0,21,0.0,0.0,0.0,0.0,0.0,0.0,0.0,0.0,32.0,30.0,24.0
fPqj3nnwQOI_4,fPqj3nnwQOI,0-2s,1.0,280.0,0.0,0.3,-0.3,harmful,1,4,remote,0,21,0.0,0.0,0.0,0.0,0.0,0.0,0.0,0.0,32.0,30.0,23.0
fPqj3nnwQOI_4,fPqj3nnwQOI,0-2s,1.0,280.0,0.0,0.3,-0.3,harmful,1,5,remote,0,21,0.0,0.0,0.0,0.0,0.0,0.0,0.0,0.0,32.0,30.0,32.0
fPqj3nnwQOI_4,fPqj3nnwQOI,0-2s,1.0,280.0,0.0,0.3,-0.3,harmful,1,6,remote,0,21,0.0,0.0,0.0,0.0,0.0,0.0,0.0,0.0,32.0,30.0,23.0
fPqj3nnwQOI_4,fPqj3nnwQOI,0-2s,1.0,280.0,0.0,0.3,-0.3,harmful,1,7,remote,0,21,0.0,0.0,0.0,0.0,0.0,0.0,0.0,0.0,32.0,30.0,24.0
fPqj3nnwQOI_4,fPqj3nnwQOI,0-2s,1.0,280.0,0.0,0.3,-0.3,harmful,1,8,remote,0,21,0.0,0.0,0.0,0.0,0.0,0.0,0.0,0.0,32.0,30.0,32.0
fPqj3nnwQOI_4,fPqj3nnwQOI,0-2s,1.0,280.0,0.0,0.3,-0.3,harmful,1,9,remote,0,21,0.0,0.0,0.0,0.0,0.0,0.0,0.0,0.0,32.0,30.0,32.0
fWvWhLJ5Fow_1,fWvWhLJ5Fow,2-5s,4.0,128.0,1.0,1.0,0.0,control,0,0,remote,0,10,1.0,1.0,1.0,0.0,1.0,1.0,1.0,0.0,1.25,1.0,1.25
fWvWhLJ5Fow_1,fWvWhLJ5Fow,2-5s,4.0,128.0,1.0,1.0,0.0,control,0,1,remote,0,10,1.0,1.0,1.0,0.0,1.0,1.0,1.0,0.0,1.25,1.0,1.25
fWvWhLJ5Fow_1,fWvWhLJ5Fow,2-5s,4.0,128.0,1.0,1.0,0.0,control,0,2,remote,0,10,1.0,1.0,1.0,0.0,1.0,1.0,1.0,0.0,1.25,1.0,1.25
fWvWhLJ5Fow_1,fWvWhLJ5Fow,2-5s,4.0,128.0,1.0,1.0,0.0,control,0,3,remote,0,10,1.0,1.0,1.0,0.0,1.0,1.0,1.0,0.0,1.25,1.0,1.25
fWvWhLJ5Fow_1,fWvWhLJ5Fow,2-5s,4.0,128.0,1.0,1.0,0.0,control,0,4,remote,0,10,1.0,1.0,1.0,0.0,1.0,1.0,1.0,0.0,1.25,1.0,1.25
fWvWhLJ5Fow_1,fWvWhLJ5Fow,2-5s,4.0,128.0,1.0,1.0,0.0,control,0,5,remote,0,10,1.0,1.0,1.0,0.0,1.0,1.0,1.0,0.0,1.25,1.0,1.25
fWvWhLJ5Fow_1,fWvWhLJ5Fow,2-5s,4.0,128.0,1.0,1.0,0.0,control,0,6,remote,0,10,1.0,1.0,1.0,0.0,1.0,1.0,1.0,0.0,1.25,1.0,1.25
fWvWhLJ5Fow_1,fWvWhLJ5Fow,2-5s,4.0,128.0,1.0,1.0,0.0,control,0,7,remote,0,10,1.0,1.0,1.0,0.0,1.0,1.0,1.0,0.0,1.25,1.0,1.25
fWvWhLJ5Fow_1,fWvWhLJ5Fow,2-5s,4.0,128.0,1.0,1.0,0.0,control,0,8,remote,0,10,1.0,1.0,1.0,0.0,1.0,1.0,1.0,0.0,1.25,1.0,1.25
fWvWhLJ5Fow_1,fWvWhLJ5Fow,2-5s,4.0,128.0,1.0,1.0,0.0,control,0,9,remote,0,10,1.0,1.0,1.0,0.0,1.0,1.0,1.0,0.0,1.25,1.0,1.25
fWvWhLJ5Fow_3,fWvWhLJ5Fow,2-5s,4.0,128.0,1.0,0.7,0.30000000000000004,control,0,0,moderately_near,1,6,1.0,1.0,1.0,0.0,0.0,0.0,0.0,0.0,2.0,2.25,2.0
fWvWhLJ5Fow_3,fWvWhLJ5Fow,2-5s,4.0,128.0,1.0,0.7,0.30000000000000004,control,0,1,moderately_near,1,6,1.0,1.0,1.0,0.0,0.0,0.0,0.0,0.0,2.0,2.25,2.0
fWvWhLJ5Fow_3,fWvWhLJ5Fow,2-5s,4.0,128.0,1.0,0.7,0.30000000000000004,control,0,2,moderately_near,1,6,1.0,1.0,1.0,0.0,0.0,0.0,0.0,0.0,2.0,2.25,2.0
fWvWhLJ5Fow_3,fWvWhLJ5Fow,2-5s,4.0,128.0,1.0,0.7,0.30000000000000004,control,0,3,moderately_near,1,6,1.0,1.0,1.0,0.0,0.0,0.0,0.0,0.0,2.0,2.25,2.0
fWvWhLJ5Fow_3,fWvWhLJ5Fow,2-5s,4.0,128.0,1.0,0.7,0.30000000000000004,control,0,4,moderately_near,1,6,1.0,1.0,1.0,0.0,0.0,0.0,0.0,0.0,2.0,2.25,2.0
fWvWhLJ5Fow_3,fWvWhLJ5Fow,2-5s,4.0,128.0,1.0,0.7,0.30000000000000004,control,0,5,moderately_near,1,6,1.0,1.0,1.0,0.0,0.0,0.0,0.0,0.0,2.0,2.25,2.0
fWvWhLJ5Fow_3,fWvWhLJ5Fow,2-5s,4.0,128.0,1.0,0.7,0.30000000000000004,control,0,6,moderately_near,1,6,1.0,1.0,1.0,0.0,0.0,0.0,0.0,0.0,2.0,2.25,2.0
fWvWhLJ5Fow_3,fWvWhLJ5Fow,2-5s,4.0,128.0,1.0,0.7,0.30000000000000004,control,0,7,moderately_near,1,6,1.0,1.0,1.0,0.0,0.0,0.0,0.0,0.0,2.0,2.25,2.25
fWvWhLJ5Fow_3,fWvWhLJ5Fow,2-5s,4.0,128.0,1.0,0.7,0.30000000000000004,control,0,8,moderately_near,1,6,1.0,1.0,1.0,0.0,0.0,0.0,0.0,0.0,2.0,2.25,2.0
fWvWhLJ5Fow_3,fWvWhLJ5Fow,2-5s,4.0,128.0,1.0,0.7,0.30000000000000004,control,0,9,moderately_near,1,6,1.0,1.0,1.0,0.0,0.0,0.0,0.0,0.0,2.0,2.25,2.0
fYTZVxQ8LJk_2,fYTZVxQ8LJk,2-5s,3.0,95.0,1.0,1.0,0.0,control,0,0,remote,0,4,1.0,1.0,1.0,0.0,0.0,0.0,0.0,0.0,1.3333333333333333,1.3333333333333333,1.3333333333333333
fYTZVxQ8LJk_2,fYTZVxQ8LJk,2-5s,3.0,95.0,1.0,1.0,0.0,control,0,1,remote,0,4,1.0,1.0,1.0,0.0,0.0,0.0,0.0,0.0,1.3333333333333333,1.3333333333333333,1.3333333333333333
fYTZVxQ8LJk_2,fYTZVxQ8LJk,2-5s,3.0,95.0,1.0,1.0,0.0,control,0,2,remote,0,4,1.0,1.0,1.0,0.0,0.0,0.0,0.0,0.0,1.3333333333333333,1.3333333333333333,1.3333333333333333
fYTZVxQ8LJk_2,fYTZVxQ8LJk,2-5s,3.0,95.0,1.0,1.0,0.0,control,0,3,remote,0,4,1.0,1.0,1.0,0.0,0.0,0.0,0.0,0.0,1.3333333333333333,1.3333333333333333,1.3333333333333333
fYTZVxQ8LJk_2,fYTZVxQ8LJk,2-5s,3.0,95.0,1.0,1.0,0.0,control,0,4,remote,0,4,1.0,1.0,1.0,0.0,0.0,0.0,0.0,0.0,1.3333333333333333,1.3333333333333333,1.3333333333333333
fYTZVxQ8LJk_2,fYTZVxQ8LJk,2-5s,3.0,95.0,1.0,1.0,0.0,control,0,5,remote,0,4,1.0,1.0,1.0,0.0,0.0,0.0,0.0,0.0,1.3333333333333333,1.3333333333333333,1.3333333333333333
fYTZVxQ8LJk_2,fYTZVxQ8LJk,2-5s,3.0,95.0,1.0,1.0,0.0,control,0,6,remote,0,4,1.0,1.0,1.0,0.0,0.0,0.0,0.0,0.0,1.3333333333333333,1.3333333333333333,1.3333333333333333
fYTZVxQ8LJk_2,fYTZVxQ8LJk,2-5s,3.0,95.0,1.0,1.0,0.0,control,0,7,remote,0,4,1.0,1.0,1.0,0.0,0.0,0.0,0.0,0.0,1.3333333333333333,1.3333333333333333,1.3333333333333333
fYTZVxQ8LJk_2,fYTZVxQ8LJk,2-5s,3.0,95.0,1.0,1.0,0.0,control,0,8,remote,0,4,1.0,1.0,1.0,0.0,0.0,0.0,0.0,0.0,1.3333333333333333,1.3333333333333333,1.3333333333333333
fYTZVxQ8LJk_2,fYTZVxQ8LJk,2-5s,3.0,95.0,1.0,1.0,0.0,control,0,9,remote,0,4,1.0,1.0,1.0,0.0,0.0,0.0,0.0,0.0,1.3333333333333333,1.3333333333333333,1.3333333333333333
fYTZVxQ8LJk_3,fYTZVxQ8LJk,2-5s,2.0,95.0,1.0,0.9,0.09999999999999998,control,0,0,remote,0,2,1.0,1.0,1.0,0.0,0.0,0.0,0.0,0.0,1.5,3.0,1.5
fYTZVxQ8LJk_3,fYTZVxQ8LJk,2-5s,2.0,95.0,1.0,0.9,0.09999999999999998,control,0,1,remote,0,2,1.0,1.0,1.0,0.0,0.0,0.0,0.0,0.0,1.5,3.0,1.5
fYTZVxQ8LJk_3,fYTZVxQ8LJk,2-5s,2.0,95.0,1.0,0.9,0.09999999999999998,control,0,2,remote,0,2,1.0,1.0,1.0,0.0,0.0,0.0,0.0,0.0,1.5,3.0,1.5
fYTZVxQ8LJk_3,fYTZVxQ8LJk,2-5s,2.0,95.0,1.0,0.9,0.09999999999999998,control,0,3,remote,0,2,1.0,1.0,1.0,0.0,0.0,0.0,0.0,0.0,1.5,3.0,2.0
fYTZVxQ8LJk_3,fYTZVxQ8LJk,2-5s,2.0,95.0,1.0,0.9,0.09999999999999998,control,0,4,remote,0,2,1.0,1.0,1.0,0.0,0.0,0.0,0.0,0.0,1.5,3.0,1.5
fYTZVxQ8LJk_3,fYTZVxQ8LJk,2-5s,2.0,95.0,1.0,0.9,0.09999999999999998,control,0,5,remote,0,2,1.0,1.0,1.0,0.0,0.0,0.0,0.0,0.0,1.5,3.0,1.5
fYTZVxQ8LJk_3,fYTZVxQ8LJk,2-5s,2.0,95.0,1.0,0.9,0.09999999999999998,control,0,6,remote,0,2,1.0,1.0,1.0,0.0,0.0,0.0,0.0,0.0,1.5,3.0,1.5
fYTZVxQ8LJk_3,fYTZVxQ8LJk,2-5s,2.0,95.0,1.0,0.9,0.09999999999999998,control,0,7,remote,0,2,1.0,1.0,1.0,0.0,0.0,0.0,0.0,0.0,1.5,3.0,1.5
fYTZVxQ8LJk_3,fYTZVxQ8LJk,2-5s,2.0,95.0,1.0,0.9,0.09999999999999998,control,0,8,remote,0,2,1.0,1.0,1.0,0.0,0.0,0.0,0.0,0.0,1.5,3.0,1.5
fYTZVxQ8LJk_3,fYTZVxQ8LJk,2-5s,2.0,95.0,1.0,0.9,0.09999999999999998,control,0,9,remote,0,2,1.0,1.0,1.0,0.0,0.0,0.0,0.0,0.0,1.5,3.0,1.5
fmEft49sPfE_2,fmEft49sPfE,2-5s,3.0,300.0,1.0,0.7,0.30000000000000004,control,1,0,remote,0,19,0.0,0.0,0.0,0.0,0.0,0.0,0.0,0.0,6.666666666666667,9.333333333333334,6.666666666666667
fmEft49sPfE_2,fmEft49sPfE,2-5s,3.0,300.0,1.0,0.7,0.30000000000000004,control,1,1,remote,0,19,0.0,0.0,0.0,0.0,0.0,0.0,0.0,0.0,6.666666666666667,9.333333333333334,6.666666666666667
fmEft49sPfE_2,fmEft49sPfE,2-5s,3.0,300.0,1.0,0.7,0.30000000000000004,control,1,2,remote,0,19,0.0,0.0,0.0,0.0,0.0,0.0,0.0,0.0,6.666666666666667,9.333333333333334,6.666666666666667
fmEft49sPfE_2,fmEft49sPfE,2-5s,3.0,300.0,1.0,0.7,0.30000000000000004,control,1,3,remote,0,19,0.0,0.0,0.0,0.0,0.0,0.0,0.0,0.0,6.666666666666667,9.333333333333334,6.666666666666667
fmEft49sPfE_2,fmEft49sPfE,2-5s,3.0,300.0,1.0,0.7,0.30000000000000004,control,1,4,remote,0,19,0.0,0.0,0.0,0.0,0.0,0.0,0.0,0.0,6.666666666666667,9.333333333333334,6.666666666666667
fmEft49sPfE_2,fmEft49sPfE,2-5s,3.0,300.0,1.0,0.7,0.30000000000000004,control,1,5,remote,0,19,0.0,0.0,0.0,0.0,0.0,0.0,0.0,0.0,6.666666666666667,9.333333333333334,6.666666666666667
fmEft49sPfE_2,fmEft49sPfE,2-5s,3.0,300.0,1.0,0.7,0.30000000000000004,control,1,6,remote,0,19,0.0,0.0,0.0,0.0,0.0,0.0,0.0,0.0,6.666666666666667,9.333333333333334,6.666666666666667
fmEft49sPfE_2,fmEft49sPfE,2-5s,3.0,300.0,1.0,0.7,0.30000000000000004,control,1,7,remote,0,19,0.0,0.0,0.0,0.0,0.0,0.0,0.0,0.0,6.666666666666667,9.333333333333334,6.666666666666667
fmEft49sPfE_2,fmEft49sPfE,2-5s,3.0,300.0,1.0,0.7,0.30000000000000004,control,1,8,remote,0,19,0.0,0.0,0.0,0.0,0.0,0.0,0.0,0.0,6.666666666666667,9.333333333333334,6.666666666666667
fmEft49sPfE_2,fmEft49sPfE,2-5s,3.0,300.0,1.0,0.7,0.30000000000000004,control,1,9,remote,0,19,0.0,0.0,0.0,0.0,0.0,0.0,0.0,0.0,6.666666666666667,9.333333333333334,6.666666666666667
frOqlk0Wm5Y_1,frOqlk0Wm5Y,0-2s,1.0,109.0,1.0,1.0,0.0,control,0,0,remote,0,1,1.0,1.0,1.0,0.0,0.0,0.0,0.0,0.0,4.0,4.0,4.0
frOqlk0Wm5Y_1,frOqlk0Wm5Y,0-2s,1.0,109.0,1.0,1.0,0.0,control,0,1,remote,0,1,1.0,1.0,1.0,0.0,0.0,0.0,0.0,0.0,4.0,4.0,4.0
frOqlk0Wm5Y_1,frOqlk0Wm5Y,0-2s,1.0,109.0,1.0,1.0,0.0,control,0,2,remote,0,1,1.0,1.0,1.0,0.0,0.0,0.0,0.0,0.0,4.0,4.0,4.0
frOqlk0Wm5Y_1,frOqlk0Wm5Y,0-2s,1.0,109.0,1.0,1.0,0.0,control,0,3,remote,0,1,1.0,1.0,1.0,0.0,0.0,0.0,0.0,0.0,4.0,4.0,4.0
frOqlk0Wm5Y_1,frOqlk0Wm5Y,0-2s,1.0,109.0,1.0,1.0,0.0,control,0,4,remote,0,1,1.0,1.0,1.0,0.0,0.0,0.0,0.0,0.0,4.0,4.0,4.0
frOqlk0Wm5Y_1,frOqlk0Wm5Y,0-2s,1.0,109.0,1.0,1.0,0.0,control,0,5,remote,0,1,1.0,1.0,1.0,0.0,0.0,0.0,0.0,0.0,4.0,4.0,4.0
frOqlk0Wm5Y_1,frOqlk0Wm5Y,0-2s,1.0,109.0,1.0,1.0,0.0,control,0,6,remote,0,1,1.0,1.0,1.0,0.0,0.0,0.0,0.0,0.0,4.0,4.0,4.0
frOqlk0Wm5Y_1,frOqlk0Wm5Y,0-2s,1.0,109.0,1.0,1.0,0.0,control,0,7,remote,0,1,1.0,1.0,1.0,0.0,0.0,0.0,0.0,0.0,4.0,4.0,4.0
frOqlk0Wm5Y_1,frOqlk0Wm5Y,0-2s,1.0,109.0,1.0,1.0,0.0,control,0,8,remote,0,1,1.0,1.0,1.0,0.0,0.0,0.0,0.0,0.0,4.0,4.0,4.0
frOqlk0Wm5Y_1,frOqlk0Wm5Y,0-2s,1.0,109.0,1.0,1.0,0.0,control,0,9,remote,0,1,1.0,1.0,1.0,0.0,0.0,0.0,0.0,0.0,4.0,4.0,4.0
frOqlk0Wm5Y_3,frOqlk0Wm5Y,2-5s,3.0,109.0,1.0,1.0,0.0,control,0,0,remote,0,2,1.0,1.0,1.0,0.0,1.0,1.0,1.0,0.0,1.0,1.0,1.0
frOqlk0Wm5Y_3,frOqlk0Wm5Y,2-5s,3.0,109.0,1.0,1.0,0.0,control,0,1,remote,0,2,1.0,1.0,1.0,0.0,1.0,1.0,1.0,0.0,1.0,1.0,1.0
frOqlk0Wm5Y_3,frOqlk0Wm5Y,2-5s,3.0,109.0,1.0,1.0,0.0,control,0,2,remote,0,2,1.0,1.0,1.0,0.0,1.0,1.0,1.0,0.0,1.0,1.0,1.0
frOqlk0Wm5Y_3,frOqlk0Wm5Y,2-5s,3.0,109.0,1.0,1.0,0.0,control,0,3,remote,0,2,1.0,1.0,1.0,0.0,1.0,1.0,1.0,0.0,1.0,1.0,1.0
frOqlk0Wm5Y_3,frOqlk0Wm5Y,2-5s,3.0,109.0,1.0,1.0,0.0,control,0,4,remote,0,2,1.0,1.0,1.0,0.0,1.0,1.0,1.0,0.0,1.0,1.0,1.0
frOqlk0Wm5Y_3,frOqlk0Wm5Y,2-5s,3.0,109.0,1.0,1.0,0.0,control,0,5,remote,0,2,1.0,1.0,1.0,0.0,1.0,1.0,1.0,0.0,1.0,1.0,1.0
frOqlk0Wm5Y_3,frOqlk0Wm5Y,2-5s,3.0,109.0,1.0,1.0,0.0,control,0,6,remote,0,2,1.0,1.0,1.0,0.0,1.0,1.0,1.0,0.0,1.0,1.0,1.0
frOqlk0Wm5Y_3,frOqlk0Wm5Y,2-5s,3.0,109.0,1.0,1.0,0.0,control,0,7,remote,0,2,1.0,1.0,1.0,0.0,1.0,1.0,1.0,0.0,1.0,1.0,1.0
frOqlk0Wm5Y_3,frOqlk0Wm5Y,2-5s,3.0,109.0,1.0,1.0,0.0,control,0,8,remote,0,2,1.0,1.0,1.0,0.0,1.0,1.0,1.0,0.0,1.0,1.0,1.0
frOqlk0Wm5Y_3,frOqlk0Wm5Y,2-5s,3.0,109.0,1.0,1.0,0.0,control,0,9,remote,0,2,1.0,1.0,1.0,0.0,1.0,1.0,1.0,0.0,1.0,1.0,1.0
fwhkCnOeyC0_1,fwhkCnOeyC0,2-5s,2.0,299.0,1.0,1.0,0.0,control,0,0,moderately_near,0,2,1.0,1.0,1.0,0.0,0.0,0.0,0.0,0.0,3.5,4.0,3.5
fwhkCnOeyC0_1,fwhkCnOeyC0,2-5s,2.0,299.0,1.0,1.0,0.0,control,0,1,moderately_near,0,2,1.0,1.0,1.0,0.0,0.0,0.0,0.0,0.0,3.5,4.0,3.5
fwhkCnOeyC0_1,fwhkCnOeyC0,2-5s,2.0,299.0,1.0,1.0,0.0,control,0,2,moderately_near,0,2,1.0,1.0,1.0,0.0,0.0,0.0,0.0,0.0,3.5,4.0,3.5
fwhkCnOeyC0_1,fwhkCnOeyC0,2-5s,2.0,299.0,1.0,1.0,0.0,control,0,3,moderately_near,0,2,1.0,1.0,1.0,0.0,0.0,0.0,0.0,0.0,3.5,4.0,4.0
fwhkCnOeyC0_1,fwhkCnOeyC0,2-5s,2.0,299.0,1.0,1.0,0.0,control,0,4,moderately_near,0,2,1.0,1.0,1.0,0.0,0.0,0.0,0.0,0.0,3.5,4.0,3.5
fwhkCnOeyC0_1,fwhkCnOeyC0,2-5s,2.0,299.0,1.0,1.0,0.0,control,0,5,moderately_near,0,2,1.0,1.0,1.0,0.0,0.0,0.0,0.0,0.0,3.5,4.0,3.5
fwhkCnOeyC0_1,fwhkCnOeyC0,2-5s,2.0,299.0,1.0,1.0,0.0,control,0,6,moderately_near,0,2,1.0,1.0,1.0,0.0,0.0,0.0,0.0,0.0,3.5,4.0,3.5
fwhkCnOeyC0_1,fwhkCnOeyC0,2-5s,2.0,299.0,1.0,1.0,0.0,control,0,7,moderately_near,0,2,1.0,1.0,1.0,0.0,0.0,0.0,0.0,0.0,3.5,4.0,3.5
fwhkCnOeyC0_1,fwhkCnOeyC0,2-5s,2.0,299.0,1.0,1.0,0.0,control,0,8,moderately_near,0,2,1.0,1.0,1.0,0.0,0.0,0.0,0.0,0.0,3.5,4.0,3.5
fwhkCnOeyC0_1,fwhkCnOeyC0,2-5s,2.0,299.0,1.0,1.0,0.0,control,0,9,moderately_near,0,2,1.0,1.0,1.0,0.0,0.0,0.0,0.0,0.0,3.5,4.0,3.5
fwhkCnOeyC0_3,fwhkCnOeyC0,2-5s,4.0,299.0,1.0,1.0,0.0,control,0,0,remote,0,5,1.0,0.0,1.0,-100.0,0.0,0.0,0.0,0.0,1.5,1.5,1.75
fwhkCnOeyC0_3,fwhkCnOeyC0,2-5s,4.0,299.0,1.0,1.0,0.0,control,0,1,remote,0,5,1.0,0.0,1.0,-100.0,0.0,0.0,0.0,0.0,1.5,1.5,1.75
fwhkCnOeyC0_3,fwhkCnOeyC0,2-5s,4.0,299.0,1.0,1.0,0.0,control,0,2,remote,0,5,1.0,0.0,1.0,-100.0,0.0,0.0,0.0,0.0,1.5,1.5,1.5
fwhkCnOeyC0_3,fwhkCnOeyC0,2-5s,4.0,299.0,1.0,1.0,0.0,control,0,3,remote,0,5,1.0,0.0,1.0,-100.0,0.0,0.0,0.0,0.0,1.5,1.5,1.75
fwhkCnOeyC0_3,fwhkCnOeyC0,2-5s,4.0,299.0,1.0,1.0,0.0,control,0,4,remote,0,5,1.0,0.0,1.0,-100.0,0.0,0.0,0.0,0.0,1.5,1.5,1.75
fwhkCnOeyC0_3,fwhkCnOeyC0,2-5s,4.0,299.0,1.0,1.0,0.0,control,0,5,remote,0,5,1.0,0.0,1.0,-100.0,0.0,0.0,0.0,0.0,1.5,1.5,1.5
fwhkCnOeyC0_3,fwhkCnOeyC0,2-5s,4.0,299.0,1.0,1.0,0.0,control,0,6,remote,0,5,1.0,0.0,1.0,-100.0,0.0,0.0,0.0,0.0,1.5,1.5,1.75
fwhkCnOeyC0_3,fwhkCnOeyC0,2-5s,4.0,299.0,1.0,1.0,0.0,control,0,7,remote,0,5,1.0,0.0,1.0,-100.0,0.0,0.0,0.0,0.0,1.5,1.5,1.5
fwhkCnOeyC0_3,fwhkCnOeyC0,2-5s,4.0,299.0,1.0,1.0,0.0,control,0,8,remote,0,5,1.0,0.0,1.0,-100.0,0.0,0.0,0.0,0.0,1.5,1.5,1.5
fwhkCnOeyC0_3,fwhkCnOeyC0,2-5s,4.0,299.0,1.0,1.0,0.0,control,0,9,remote,0,5,1.0,0.0,1.0,-100.0,0.0,0.0,0.0,0.0,1.5,1.5,1.5
gW7s3YAthpI_1,gW7s3YAthpI,2-5s,4.0,299.0,0.0,0.2,-0.2,harmful,1,0,remote,0,33,0.0,0.0,0.0,0.0,0.0,0.0,0.0,0.0,3.75,3.25,3.75
gW7s3YAthpI_1,gW7s3YAthpI,2-5s,4.0,299.0,0.0,0.2,-0.2,harmful,1,1,remote,0,33,0.0,0.0,0.0,0.0,0.0,0.0,0.0,0.0,3.75,3.25,3.75
gW7s3YAthpI_1,gW7s3YAthpI,2-5s,4.0,299.0,0.0,0.2,-0.2,harmful,1,2,remote,0,33,0.0,0.0,0.0,0.0,0.0,0.0,0.0,0.0,3.75,3.25,3.75
gW7s3YAthpI_1,gW7s3YAthpI,2-5s,4.0,299.0,0.0,0.2,-0.2,harmful,1,3,remote,0,33,0.0,0.0,0.0,0.0,0.0,0.0,0.0,0.0,3.75,3.25,3.75
gW7s3YAthpI_1,gW7s3YAthpI,2-5s,4.0,299.0,0.0,0.2,-0.2,harmful,1,4,remote,0,33,0.0,0.0,0.0,0.0,0.0,0.0,0.0,0.0,3.75,3.25,4.0
gW7s3YAthpI_1,gW7s3YAthpI,2-5s,4.0,299.0,0.0,0.2,-0.2,harmful,1,5,remote,0,33,0.0,0.0,0.0,0.0,0.0,0.0,0.0,0.0,3.75,3.25,3.75
gW7s3YAthpI_1,gW7s3YAthpI,2-5s,4.0,299.0,0.0,0.2,-0.2,harmful,1,6,remote,0,33,0.0,0.0,0.0,0.0,0.0,0.0,0.0,0.0,3.75,3.25,4.0
gW7s3YAthpI_1,gW7s3YAthpI,2-5s,4.0,299.0,0.0,0.2,-0.2,harmful,1,7,remote,0,33,0.0,0.0,0.0,0.0,0.0,0.0,0.0,0.0,3.75,3.25,4.0
gW7s3YAthpI_1,gW7s3YAthpI,2-5s,4.0,299.0,0.0,0.2,-0.2,harmful,1,8,remote,0,33,0.0,0.0,0.0,0.0,0.0,0.0,0.0,0.0,3.75,3.25,3.75
gW7s3YAthpI_1,gW7s3YAthpI,2-5s,4.0,299.0,0.0,0.2,-0.2,harmful,1,9,remote,0,33,0.0,0.0,0.0,0.0,0.0,0.0,0.0,0.0,3.75,3.25,3.75
gW7s3YAthpI_2,gW7s3YAthpI,2-5s,3.0,299.0,0.0,0.3,-0.3,harmful,1,0,remote,0,9,0.0,1.0,0.0,100.0,0.0,0.0,0.0,0.0,4.333333333333333,5.0,4.333333333333333
gW7s3YAthpI_2,gW7s3YAthpI,2-5s,3.0,299.0,0.0,0.3,-0.3,harmful,1,1,remote,0,9,0.0,1.0,0.0,100.0,0.0,0.0,0.0,0.0,4.333333333333333,5.0,4.333333333333333
gW7s3YAthpI_2,gW7s3YAthpI,2-5s,3.0,299.0,0.0,0.3,-0.3,harmful,1,2,remote,0,9,0.0,1.0,0.0,100.0,0.0,0.0,0.0,0.0,4.333333333333333,5.0,4.333333333333333
gW7s3YAthpI_2,gW7s3YAthpI,2-5s,3.0,299.0,0.0,0.3,-0.3,harmful,1,3,remote,0,9,0.0,1.0,0.0,100.0,0.0,0.0,0.0,0.0,4.333333333333333,5.0,4.333333333333333
gW7s3YAthpI_2,gW7s3YAthpI,2-5s,3.0,299.0,0.0,0.3,-0.3,harmful,1,4,remote,0,9,0.0,1.0,0.0,100.0,0.0,0.0,0.0,0.0,4.333333333333333,5.0,4.333333333333333
gW7s3YAthpI_2,gW7s3YAthpI,2-5s,3.0,299.0,0.0,0.3,-0.3,harmful,1,5,remote,0,9,0.0,1.0,0.0,100.0,0.0,0.0,0.0,0.0,4.333333333333333,5.0,4.333333333333333
gW7s3YAthpI_2,gW7s3YAthpI,2-5s,3.0,299.0,0.0,0.3,-0.3,harmful,1,6,remote,0,9,0.0,1.0,0.0,100.0,0.0,0.0,0.0,0.0,4.333333333333333,5.0,4.0
gW7s3YAthpI_2,gW7s3YAthpI,2-5s,3.0,299.0,0.0,0.3,-0.3,harmful,1,7,remote,0,9,0.0,1.0,0.0,100.0,0.0,0.0,0.0,0.0,4.333333333333333,5.0,4.666666666666667
gW7s3YAthpI_2,gW7s3YAthpI,2-5s,3.0,299.0,0.0,0.3,-0.3,harmful,1,8,remote,0,9,0.0,1.0,0.0,100.0,0.0,0.0,0.0,0.0,4.333333333333333,5.0,4.333333333333333
gW7s3YAthpI_2,gW7s3YAthpI,2-5s,3.0,299.0,0.0,0.3,-0.3,harmful,1,9,remote,0,9,0.0,1.0,0.0,100.0,0.0,0.0,0.0,0.0,4.333333333333333,5.0,4.666666666666667
gbi6MxPf3hA_1,gbi6MxPf3hA,2-5s,4.0,65.0,1.0,1.0,0.0,control,0,0,remote,0,11,1.0,1.0,1.0,0.0,0.0,1.0,0.0,100.0,1.25,0.75,1.25
gbi6MxPf3hA_1,gbi6MxPf3hA,2-5s,4.0,65.0,1.0,1.0,0.0,control,0,1,remote,0,11,1.0,1.0,1.0,0.0,0.0,1.0,0.0,100.0,1.25,0.75,1.25
gbi6MxPf3hA_1,gbi6MxPf3hA,2-5s,4.0,65.0,1.0,1.0,0.0,control,0,2,remote,0,11,1.0,1.0,1.0,0.0,0.0,1.0,0.0,100.0,1.25,0.75,1.25
gbi6MxPf3hA_1,gbi6MxPf3hA,2-5s,4.0,65.0,1.0,1.0,0.0,control,0,3,remote,0,11,1.0,1.0,1.0,0.0,0.0,1.0,0.0,100.0,1.25,0.75,0.75
gbi6MxPf3hA_1,gbi6MxPf3hA,2-5s,4.0,65.0,1.0,1.0,0.0,control,0,4,remote,0,11,1.0,1.0,1.0,0.0,0.0,1.0,0.0,100.0,1.25,0.75,1.25
gbi6MxPf3hA_1,gbi6MxPf3hA,2-5s,4.0,65.0,1.0,1.0,0.0,control,0,5,remote,0,11,1.0,1.0,1.0,0.0,0.0,1.0,0.0,100.0,1.25,0.75,1.0
gbi6MxPf3hA_1,gbi6MxPf3hA,2-5s,4.0,65.0,1.0,1.0,0.0,control,0,6,remote,0,11,1.0,1.0,1.0,0.0,0.0,1.0,1.0,0.0,1.25,0.75,1.0
gbi6MxPf3hA_1,gbi6MxPf3hA,2-5s,4.0,65.0,1.0,1.0,0.0,control,0,7,remote,0,11,1.0,1.0,1.0,0.0,0.0,1.0,0.0,100.0,1.25,0.75,1.0
gbi6MxPf3hA_1,gbi6MxPf3hA,2-5s,4.0,65.0,1.0,1.0,0.0,control,0,8,remote,0,11,1.0,1.0,1.0,0.0,0.0,1.0,0.0,100.0,1.25,0.75,1.25
gbi6MxPf3hA_1,gbi6MxPf3hA,2-5s,4.0,65.0,1.0,1.0,0.0,control,0,9,remote,0,11,1.0,1.0,1.0,0.0,0.0,1.0,0.0,100.0,1.25,0.75,1.25
gbi6MxPf3hA_2,gbi6MxPf3hA,2-5s,4.0,65.0,1.0,1.0,0.0,control,0,0,moderately_near,1,8,1.0,1.0,1.0,0.0,1.0,0.0,1.0,-100.0,0.75,0.75,0.75
gbi6MxPf3hA_2,gbi6MxPf3hA,2-5s,4.0,65.0,1.0,1.0,0.0,control,0,1,moderately_near,1,8,1.0,1.0,1.0,0.0,1.0,0.0,1.0,-100.0,0.75,0.75,0.75
gbi6MxPf3hA_2,gbi6MxPf3hA,2-5s,4.0,65.0,1.0,1.0,0.0,control,0,2,moderately_near,1,8,1.0,1.0,1.0,0.0,1.0,0.0,1.0,-100.0,0.75,0.75,0.75
gbi6MxPf3hA_2,gbi6MxPf3hA,2-5s,4.0,65.0,1.0,1.0,0.0,control,0,3,moderately_near,1,8,1.0,1.0,1.0,0.0,1.0,0.0,1.0,-100.0,0.75,0.75,0.75
gbi6MxPf3hA_2,gbi6MxPf3hA,2-5s,4.0,65.0,1.0,1.0,0.0,control,0,4,moderately_near,1,8,1.0,1.0,1.0,0.0,1.0,0.0,1.0,-100.0,0.75,0.75,0.75
gbi6MxPf3hA_2,gbi6MxPf3hA,2-5s,4.0,65.0,1.0,1.0,0.0,control,0,5,moderately_near,1,8,1.0,1.0,1.0,0.0,1.0,0.0,1.0,-100.0,0.75,0.75,0.75
gbi6MxPf3hA_2,gbi6MxPf3hA,2-5s,4.0,65.0,1.0,1.0,0.0,control,0,6,moderately_near,1,8,1.0,1.0,1.0,0.0,1.0,0.0,1.0,-100.0,0.75,0.75,0.75
gbi6MxPf3hA_2,gbi6MxPf3hA,2-5s,4.0,65.0,1.0,1.0,0.0,control,0,7,moderately_near,1,8,1.0,1.0,1.0,0.0,1.0,0.0,1.0,-100.0,0.75,0.75,0.75
gbi6MxPf3hA_2,gbi6MxPf3hA,2-5s,4.0,65.0,1.0,1.0,0.0,control,0,8,moderately_near,1,8,1.0,1.0,1.0,0.0,1.0,0.0,1.0,-100.0,0.75,0.75,0.75
gbi6MxPf3hA_2,gbi6MxPf3hA,2-5s,4.0,65.0,1.0,1.0,0.0,control,0,9,moderately_near,1,8,1.0,1.0,1.0,0.0,1.0,0.0,1.0,-100.0,0.75,0.75,0.75
gbi6MxPf3hA_3,gbi6MxPf3hA,2-5s,3.0,65.0,1.0,0.8,0.19999999999999996,control,0,0,remote,0,8,1.0,1.0,1.0,0.0,0.0,0.0,0.0,0.0,0.6666666666666666,0.6666666666666666,0.6666666666666666
gbi6MxPf3hA_3,gbi6MxPf3hA,2-5s,3.0,65.0,1.0,0.8,0.19999999999999996,control,0,1,remote,0,8,1.0,1.0,1.0,0.0,0.0,0.0,0.0,0.0,0.6666666666666666,0.6666666666666666,0.6666666666666666
gbi6MxPf3hA_3,gbi6MxPf3hA,2-5s,3.0,65.0,1.0,0.8,0.19999999999999996,control,0,2,remote,0,8,1.0,1.0,1.0,0.0,0.0,0.0,0.0,0.0,0.6666666666666666,0.6666666666666666,0.6666666666666666
gbi6MxPf3hA_3,gbi6MxPf3hA,2-5s,3.0,65.0,1.0,0.8,0.19999999999999996,control,0,3,remote,0,8,1.0,1.0,1.0,0.0,0.0,0.0,0.0,0.0,0.6666666666666666,0.6666666666666666,0.6666666666666666
gbi6MxPf3hA_3,gbi6MxPf3hA,2-5s,3.0,65.0,1.0,0.8,0.19999999999999996,control,0,4,remote,0,8,1.0,1.0,1.0,0.0,0.0,0.0,0.0,0.0,0.6666666666666666,0.6666666666666666,0.6666666666666666
gbi6MxPf3hA_3,gbi6MxPf3hA,2-5s,3.0,65.0,1.0,0.8,0.19999999999999996,control,0,5,remote,0,8,1.0,1.0,1.0,0.0,0.0,0.0,0.0,0.0,0.6666666666666666,0.6666666666666666,0.6666666666666666
gbi6MxPf3hA_3,gbi6MxPf3hA,2-5s,3.0,65.0,1.0,0.8,0.19999999999999996,control,0,6,remote,0,8,1.0,1.0,1.0,0.0,0.0,0.0,0.0,0.0,0.6666666666666666,0.6666666666666666,0.6666666666666666
gbi6MxPf3hA_3,gbi6MxPf3hA,2-5s,3.0,65.0,1.0,0.8,0.19999999999999996,control,0,7,remote,0,8,1.0,1.0,1.0,0.0,0.0,0.0,0.0,0.0,0.6666666666666666,0.6666666666666666,0.6666666666666666
gbi6MxPf3hA_3,gbi6MxPf3hA,2-5s,3.0,65.0,1.0,0.8,0.19999999999999996,control,0,8,remote,0,8,1.0,1.0,1.0,0.0,0.0,0.0,0.0,0.0,0.6666666666666666,0.6666666666666666,0.6666666666666666
gbi6MxPf3hA_3,gbi6MxPf3hA,2-5s,3.0,65.0,1.0,0.8,0.19999999999999996,control,0,9,remote,0,8,1.0,1.0,1.0,0.0,0.0,0.0,0.0,0.0,0.6666666666666666,0.6666666666666666,0.6666666666666666
gbtcDoh0q3c_2,gbtcDoh0q3c,2-5s,4.0,240.0,0.0,0.1,-0.1,harmful,1,0,remote,0,2,0.0,0.0,0.0,0.0,0.0,0.0,0.0,0.0,4.0,4.0,4.0
gbtcDoh0q3c_2,gbtcDoh0q3c,2-5s,4.0,240.0,0.0,0.1,-0.1,harmful,1,1,remote,0,2,0.0,0.0,0.0,0.0,0.0,0.0,0.0,0.0,4.0,4.0,4.0
gbtcDoh0q3c_2,gbtcDoh0q3c,2-5s,4.0,240.0,0.0,0.1,-0.1,harmful,1,2,remote,0,2,0.0,0.0,0.0,0.0,0.0,0.0,0.0,0.0,4.0,4.0,4.25
gbtcDoh0q3c_2,gbtcDoh0q3c,2-5s,4.0,240.0,0.0,0.1,-0.1,harmful,1,3,remote,0,2,0.0,0.0,0.0,0.0,0.0,0.0,0.0,0.0,4.0,4.0,4.0
gbtcDoh0q3c_2,gbtcDoh0q3c,2-5s,4.0,240.0,0.0,0.1,-0.1,harmful,1,4,remote,0,2,0.0,0.0,0.0,0.0,0.0,0.0,0.0,0.0,4.0,4.0,4.25
gbtcDoh0q3c_2,gbtcDoh0q3c,2-5s,4.0,240.0,0.0,0.1,-0.1,harmful,1,5,remote,0,2,0.0,0.0,0.0,0.0,0.0,0.0,0.0,0.0,4.0,4.0,4.0
gbtcDoh0q3c_2,gbtcDoh0q3c,2-5s,4.0,240.0,0.0,0.1,-0.1,harmful,1,6,remote,0,2,0.0,0.0,0.0,0.0,0.0,0.0,0.0,0.0,4.0,4.0,4.25
gbtcDoh0q3c_2,gbtcDoh0q3c,2-5s,4.0,240.0,0.0,0.1,-0.1,harmful,1,7,remote,0,2,0.0,0.0,0.0,0.0,0.0,0.0,0.0,0.0,4.0,4.0,4.0
gbtcDoh0q3c_2,gbtcDoh0q3c,2-5s,4.0,240.0,0.0,0.1,-0.1,harmful,1,8,remote,0,2,0.0,0.0,0.0,0.0,0.0,0.0,0.0,0.0,4.0,4.0,4.0
gbtcDoh0q3c_2,gbtcDoh0q3c,2-5s,4.0,240.0,0.0,0.1,-0.1,harmful,1,9,remote,0,2,0.0,0.0,0.0,0.0,0.0,0.0,0.0,0.0,4.0,4.0,4.25
gf6H_MWCqjw_4,gf6H_MWCqjw,2-5s,3.0,119.0,0.0,0.3,-0.3,harmful,0,0,remote,0,5,1.0,1.0,1.0,0.0,0.0,0.0,0.0,0.0,2.6666666666666665,2.0,2.6666666666666665
gf6H_MWCqjw_4,gf6H_MWCqjw,2-5s,3.0,119.0,0.0,0.3,-0.3,harmful,0,1,remote,0,5,1.0,1.0,1.0,0.0,0.0,0.0,0.0,0.0,2.6666666666666665,2.0,2.3333333333333335
gf6H_MWCqjw_4,gf6H_MWCqjw,2-5s,3.0,119.0,0.0,0.3,-0.3,harmful,0,2,remote,0,5,1.0,1.0,1.0,0.0,0.0,0.0,0.0,0.0,2.6666666666666665,2.0,2.6666666666666665
gf6H_MWCqjw_4,gf6H_MWCqjw,2-5s,3.0,119.0,0.0,0.3,-0.3,harmful,0,3,remote,0,5,1.0,1.0,1.0,0.0,0.0,0.0,0.0,0.0,2.6666666666666665,2.0,2.6666666666666665
gf6H_MWCqjw_4,gf6H_MWCqjw,2-5s,3.0,119.0,0.0,0.3,-0.3,harmful,0,4,remote,0,5,1.0,1.0,1.0,0.0,0.0,0.0,0.0,0.0,2.6666666666666665,2.0,2.6666666666666665
gf6H_MWCqjw_4,gf6H_MWCqjw,2-5s,3.0,119.0,0.0,0.3,-0.3,harmful,0,5,remote,0,5,1.0,1.0,1.0,0.0,0.0,0.0,0.0,0.0,2.6666666666666665,2.0,2.6666666666666665
gf6H_MWCqjw_4,gf6H_MWCqjw,2-5s,3.0,119.0,0.0,0.3,-0.3,harmful,0,6,remote,0,5,1.0,1.0,1.0,0.0,0.0,0.0,0.0,0.0,2.6666666666666665,2.0,2.6666666666666665
gf6H_MWCqjw_4,gf6H_MWCqjw,2-5s,3.0,119.0,0.0,0.3,-0.3,harmful,0,7,remote,0,5,1.0,1.0,1.0,0.0,0.0,0.0,0.0,0.0,2.6666666666666665,2.0,2.3333333333333335
gf6H_MWCqjw_4,gf6H_MWCqjw,2-5s,3.0,119.0,0.0,0.3,-0.3,harmful,0,8,remote,0,5,1.0,1.0,1.0,0.0,0.0,0.0,0.0,0.0,2.6666666666666665,2.0,2.6666666666666665
gf6H_MWCqjw_4,gf6H_MWCqjw,2-5s,3.0,119.0,0.0,0.3,-0.3,harmful,0,9,remote,0,5,1.0,1.0,1.0,0.0,0.0,0.0,0.0,0.0,2.6666666666666665,2.0,2.6666666666666665
gkWd1HugK2w_1,gkWd1HugK2w,2-5s,2.0,151.0,1.0,0.4,0.6,control,1,0,remote,0,8,0.0,0.0,0.0,0.0,0.0,0.0,0.0,0.0,7.5,5.0,7.5
gkWd1HugK2w_1,gkWd1HugK2w,2-5s,2.0,151.0,1.0,0.4,0.6,control,1,1,remote,0,8,0.0,0.0,0.0,0.0,0.0,0.0,0.0,0.0,7.5,5.0,7.5
gkWd1HugK2w_1,gkWd1HugK2w,2-5s,2.0,151.0,1.0,0.4,0.6,control,1,2,remote,0,8,0.0,0.0,0.0,0.0,0.0,0.0,0.0,0.0,7.5,5.0,7.5
gkWd1HugK2w_1,gkWd1HugK2w,2-5s,2.0,151.0,1.0,0.4,0.6,control,1,3,remote,0,8,0.0,0.0,0.0,0.0,0.0,0.0,0.0,0.0,7.5,5.0,7.5
gkWd1HugK2w_1,gkWd1HugK2w,2-5s,2.0,151.0,1.0,0.4,0.6,control,1,4,remote,0,8,0.0,0.0,0.0,0.0,0.0,0.0,0.0,0.0,7.5,5.0,7.5
gkWd1HugK2w_1,gkWd1HugK2w,2-5s,2.0,151.0,1.0,0.4,0.6,control,1,5,remote,0,8,0.0,0.0,0.0,0.0,0.0,0.0,0.0,0.0,7.5,5.0,7.5
gkWd1HugK2w_1,gkWd1HugK2w,2-5s,2.0,151.0,1.0,0.4,0.6,control,1,6,remote,0,8,0.0,0.0,0.0,0.0,0.0,0.0,0.0,0.0,7.5,5.0,7.5
gkWd1HugK2w_1,gkWd1HugK2w,2-5s,2.0,151.0,1.0,0.4,0.6,control,1,7,remote,0,8,0.0,0.0,0.0,0.0,0.0,0.0,0.0,0.0,7.5,5.0,7.5
gkWd1HugK2w_1,gkWd1HugK2w,2-5s,2.0,151.0,1.0,0.4,0.6,control,1,8,remote,0,8,0.0,0.0,0.0,0.0,0.0,0.0,0.0,0.0,7.5,5.0,7.5
gkWd1HugK2w_1,gkWd1HugK2w,2-5s,2.0,151.0,1.0,0.4,0.6,control,1,9,remote,0,8,0.0,0.0,0.0,0.0,0.0,0.0,0.0,0.0,7.5,5.0,7.5
glAeihz0NAM_1,glAeihz0NAM,2-5s,4.0,185.0,0.0,0.9,-0.9,harmful,0,0,remote,0,5,1.0,1.0,1.0,0.0,0.0,0.0,0.0,0.0,4.25,2.5,2.5
glAeihz0NAM_1,glAeihz0NAM,2-5s,4.0,185.0,0.0,0.9,-0.9,harmful,0,1,remote,0,5,1.0,1.0,1.0,0.0,0.0,0.0,0.0,0.0,4.25,2.5,4.25
glAeihz0NAM_1,glAeihz0NAM,2-5s,4.0,185.0,0.0,0.9,-0.9,harmful,0,2,remote,0,5,1.0,1.0,1.0,0.0,0.0,0.0,0.0,0.0,4.25,2.5,4.25
glAeihz0NAM_1,glAeihz0NAM,2-5s,4.0,185.0,0.0,0.9,-0.9,harmful,0,3,remote,0,5,1.0,1.0,1.0,0.0,0.0,0.0,0.0,0.0,4.25,2.5,2.5
glAeihz0NAM_1,glAeihz0NAM,2-5s,4.0,185.0,0.0,0.9,-0.9,harmful,0,4,remote,0,5,1.0,1.0,1.0,0.0,0.0,0.0,0.0,0.0,4.25,2.5,2.5
glAeihz0NAM_1,glAeihz0NAM,2-5s,4.0,185.0,0.0,0.9,-0.9,harmful,0,5,remote,0,5,1.0,1.0,1.0,0.0,0.0,0.0,0.0,0.0,4.25,2.5,2.5
glAeihz0NAM_1,glAeihz0NAM,2-5s,4.0,185.0,0.0,0.9,-0.9,harmful,0,6,remote,0,5,1.0,1.0,1.0,0.0,0.0,0.0,0.0,0.0,4.25,2.5,4.25
glAeihz0NAM_1,glAeihz0NAM,2-5s,4.0,185.0,0.0,0.9,-0.9,harmful,0,7,remote,0,5,1.0,1.0,1.0,0.0,0.0,0.0,0.0,0.0,4.25,2.5,4.5
glAeihz0NAM_1,glAeihz0NAM,2-5s,4.0,185.0,0.0,0.9,-0.9,harmful,0,8,remote,0,5,1.0,1.0,1.0,0.0,0.0,0.0,0.0,0.0,4.25,2.5,4.25
glAeihz0NAM_1,glAeihz0NAM,2-5s,4.0,185.0,0.0,0.9,-0.9,harmful,0,9,remote,0,5,1.0,1.0,1.0,0.0,0.0,0.0,0.0,0.0,4.25,2.5,4.25
gr5Zss89yLQ_1,gr5Zss89yLQ,0-2s,1.0,106.0,0.0,1.0,-1.0,harmful,0,0,remote,0,3,1.0,1.0,1.0,0.0,0.0,0.0,0.0,0.0,4.0,4.0,4.0
gr5Zss89yLQ_1,gr5Zss89yLQ,0-2s,1.0,106.0,0.0,1.0,-1.0,harmful,0,1,remote,0,3,1.0,1.0,1.0,0.0,0.0,0.0,0.0,0.0,4.0,4.0,4.0
gr5Zss89yLQ_1,gr5Zss89yLQ,0-2s,1.0,106.0,0.0,1.0,-1.0,harmful,0,2,remote,0,3,1.0,1.0,1.0,0.0,0.0,0.0,0.0,0.0,4.0,4.0,4.0
gr5Zss89yLQ_1,gr5Zss89yLQ,0-2s,1.0,106.0,0.0,1.0,-1.0,harmful,0,3,remote,0,3,1.0,1.0,1.0,0.0,0.0,0.0,0.0,0.0,4.0,4.0,4.0
gr5Zss89yLQ_1,gr5Zss89yLQ,0-2s,1.0,106.0,0.0,1.0,-1.0,harmful,0,4,remote,0,3,1.0,1.0,1.0,0.0,0.0,0.0,0.0,0.0,4.0,4.0,4.0
gr5Zss89yLQ_1,gr5Zss89yLQ,0-2s,1.0,106.0,0.0,1.0,-1.0,harmful,0,5,remote,0,3,1.0,1.0,1.0,0.0,0.0,0.0,0.0,0.0,4.0,4.0,4.0
gr5Zss89yLQ_1,gr5Zss89yLQ,0-2s,1.0,106.0,0.0,1.0,-1.0,harmful,0,6,remote,0,3,1.0,1.0,1.0,0.0,0.0,0.0,0.0,0.0,4.0,4.0,4.0
gr5Zss89yLQ_1,gr5Zss89yLQ,0-2s,1.0,106.0,0.0,1.0,-1.0,harmful,0,7,remote,0,3,1.0,1.0,1.0,0.0,0.0,0.0,0.0,0.0,4.0,4.0,4.0
gr5Zss89yLQ_1,gr5Zss89yLQ,0-2s,1.0,106.0,0.0,1.0,-1.0,harmful,0,8,remote,0,3,1.0,1.0,1.0,0.0,0.0,0.0,0.0,0.0,4.0,4.0,4.0
gr5Zss89yLQ_1,gr5Zss89yLQ,0-2s,1.0,106.0,0.0,1.0,-1.0,harmful,0,9,remote,0,3,1.0,1.0,1.0,0.0,0.0,0.0,0.0,0.0,4.0,4.0,4.0
gr5Zss89yLQ_3,gr5Zss89yLQ,2-5s,2.0,106.0,1.0,1.0,0.0,control,0,0,adjacent,0,1,1.0,1.0,1.0,0.0,0.0,0.0,0.0,0.0,1.0,1.0,1.0
gr5Zss89yLQ_3,gr5Zss89yLQ,2-5s,2.0,106.0,1.0,1.0,0.0,control,0,1,adjacent,0,1,1.0,1.0,1.0,0.0,0.0,0.0,0.0,0.0,1.0,1.0,1.0
gr5Zss89yLQ_3,gr5Zss89yLQ,2-5s,2.0,106.0,1.0,1.0,0.0,control,0,2,adjacent,0,1,1.0,1.0,1.0,0.0,0.0,0.0,0.0,0.0,1.0,1.0,1.0
gr5Zss89yLQ_3,gr5Zss89yLQ,2-5s,2.0,106.0,1.0,1.0,0.0,control,0,3,adjacent,0,1,1.0,1.0,1.0,0.0,0.0,0.0,0.0,0.0,1.0,1.0,1.0
gr5Zss89yLQ_3,gr5Zss89yLQ,2-5s,2.0,106.0,1.0,1.0,0.0,control,0,4,adjacent,0,1,1.0,1.0,1.0,0.0,0.0,0.0,0.0,0.0,1.0,1.0,1.0
gr5Zss89yLQ_3,gr5Zss89yLQ,2-5s,2.0,106.0,1.0,1.0,0.0,control,0,5,adjacent,0,1,1.0,1.0,1.0,0.0,0.0,0.0,0.0,0.0,1.0,1.0,1.0
gr5Zss89yLQ_3,gr5Zss89yLQ,2-5s,2.0,106.0,1.0,1.0,0.0,control,0,6,adjacent,0,1,1.0,1.0,1.0,0.0,0.0,0.0,0.0,0.0,1.0,1.0,1.0
gr5Zss89yLQ_3,gr5Zss89yLQ,2-5s,2.0,106.0,1.0,1.0,0.0,control,0,7,adjacent,0,1,1.0,1.0,1.0,0.0,0.0,0.0,0.0,0.0,1.0,1.0,1.0
gr5Zss89yLQ_3,gr5Zss89yLQ,2-5s,2.0,106.0,1.0,1.0,0.0,control,0,8,adjacent,0,1,1.0,1.0,1.0,0.0,0.0,0.0,0.0,0.0,1.0,1.0,1.0
gr5Zss89yLQ_3,gr5Zss89yLQ,2-5s,2.0,106.0,1.0,1.0,0.0,control,0,9,adjacent,0,1,1.0,1.0,1.0,0.0,0.0,0.0,0.0,0.0,1.0,1.0,1.0
gr5Zss89yLQ_4,gr5Zss89yLQ,2-5s,4.0,106.0,1.0,1.0,0.0,control,0,0,remote,0,4,1.0,1.0,1.0,0.0,0.0,0.0,0.0,0.0,1.25,1.25,1.25
gr5Zss89yLQ_4,gr5Zss89yLQ,2-5s,4.0,106.0,1.0,1.0,0.0,control,0,1,remote,0,4,1.0,1.0,1.0,0.0,0.0,0.0,0.0,0.0,1.25,1.25,1.25
gr5Zss89yLQ_4,gr5Zss89yLQ,2-5s,4.0,106.0,1.0,1.0,0.0,control,0,2,remote,0,4,1.0,1.0,1.0,0.0,0.0,0.0,0.0,0.0,1.25,1.25,1.25
gr5Zss89yLQ_4,gr5Zss89yLQ,2-5s,4.0,106.0,1.0,1.0,0.0,control,0,3,remote,0,4,1.0,1.0,1.0,0.0,0.0,0.0,0.0,0.0,1.25,1.25,1.25
gr5Zss89yLQ_4,gr5Zss89yLQ,2-5s,4.0,106.0,1.0,1.0,0.0,control,0,4,remote,0,4,1.0,1.0,1.0,0.0,0.0,0.0,0.0,0.0,1.25,1.25,1.25
gr5Zss89yLQ_4,gr5Zss89yLQ,2-5s,4.0,106.0,1.0,1.0,0.0,control,0,5,remote,0,4,1.0,1.0,1.0,0.0,0.0,0.0,0.0,0.0,1.25,1.25,1.25
gr5Zss89yLQ_4,gr5Zss89yLQ,2-5s,4.0,106.0,1.0,1.0,0.0,control,0,6,remote,0,4,1.0,1.0,1.0,0.0,0.0,0.0,0.0,0.0,1.25,1.25,1.25
gr5Zss89yLQ_4,gr5Zss89yLQ,2-5s,4.0,106.0,1.0,1.0,0.0,control,0,7,remote,0,4,1.0,1.0,1.0,0.0,0.0,0.0,0.0,0.0,1.25,1.25,1.25
gr5Zss89yLQ_4,gr5Zss89yLQ,2-5s,4.0,106.0,1.0,1.0,0.0,control,0,8,remote,0,4,1.0,1.0,1.0,0.0,0.0,0.0,0.0,0.0,1.25,1.25,1.25
gr5Zss89yLQ_4,gr5Zss89yLQ,2-5s,4.0,106.0,1.0,1.0,0.0,control,0,9,remote,0,4,1.0,1.0,1.0,0.0,0.0,0.0,0.0,0.0,1.25,1.25,1.25
h3UhoHIMfpw_1,h3UhoHIMfpw,2-5s,2.0,130.0,0.0,1.0,-1.0,harmful,0,0,moderately_near,0,2,1.0,1.0,1.0,0.0,0.0,0.0,0.0,0.0,3.0,2.5,3.0
h3UhoHIMfpw_1,h3UhoHIMfpw,2-5s,2.0,130.0,0.0,1.0,-1.0,harmful,0,1,moderately_near,0,2,1.0,1.0,1.0,0.0,0.0,0.0,0.0,0.0,3.0,2.5,3.0
h3UhoHIMfpw_1,h3UhoHIMfpw,2-5s,2.0,130.0,0.0,1.0,-1.0,harmful,0,2,moderately_near,0,2,1.0,1.0,1.0,0.0,0.0,0.0,0.0,0.0,3.0,2.5,2.5
h3UhoHIMfpw_1,h3UhoHIMfpw,2-5s,2.0,130.0,0.0,1.0,-1.0,harmful,0,3,moderately_near,0,2,1.0,1.0,1.0,0.0,0.0,0.0,0.0,0.0,3.0,2.5,3.0
h3UhoHIMfpw_1,h3UhoHIMfpw,2-5s,2.0,130.0,0.0,1.0,-1.0,harmful,0,4,moderately_near,0,2,1.0,1.0,1.0,0.0,0.0,0.0,0.0,0.0,3.0,2.5,3.0
h3UhoHIMfpw_1,h3UhoHIMfpw,2-5s,2.0,130.0,0.0,1.0,-1.0,harmful,0,5,moderately_near,0,2,1.0,1.0,1.0,0.0,0.0,0.0,0.0,0.0,3.0,2.5,3.0
h3UhoHIMfpw_1,h3UhoHIMfpw,2-5s,2.0,130.0,0.0,1.0,-1.0,harmful,0,6,moderately_near,0,2,1.0,1.0,1.0,0.0,0.0,0.0,0.0,0.0,3.0,2.5,3.0
h3UhoHIMfpw_1,h3UhoHIMfpw,2-5s,2.0,130.0,0.0,1.0,-1.0,harmful,0,7,moderately_near,0,2,1.0,1.0,1.0,0.0,0.0,0.0,0.0,0.0,3.0,2.5,3.0
h3UhoHIMfpw_1,h3UhoHIMfpw,2-5s,2.0,130.0,0.0,1.0,-1.0,harmful,0,8,moderately_near,0,2,1.0,1.0,1.0,0.0,0.0,0.0,0.0,0.0,3.0,2.5,3.0
h3UhoHIMfpw_1,h3UhoHIMfpw,2-5s,2.0,130.0,0.0,1.0,-1.0,harmful,0,9,moderately_near,0,2,1.0,1.0,1.0,0.0,0.0,0.0,0.0,0.0,3.0,2.5,2.5
hDMHIDJdfDA_3,hDMHIDJdfDA,2-5s,2.0,76.0,0.0,0.1,-0.1,harmful,1,0,remote,0,7,0.0,0.0,1.0,-100.0,0.0,0.0,0.0,0.0,2.0,1.0,2.0
hDMHIDJdfDA_3,hDMHIDJdfDA,2-5s,2.0,76.0,0.0,0.1,-0.1,harmful,1,1,remote,0,7,0.0,0.0,0.0,0.0,0.0,0.0,0.0,0.0,2.0,1.0,2.0
hDMHIDJdfDA_3,hDMHIDJdfDA,2-5s,2.0,76.0,0.0,0.1,-0.1,harmful,1,2,remote,0,7,0.0,0.0,1.0,-100.0,0.0,0.0,0.0,0.0,2.0,1.0,1.5
hDMHIDJdfDA_3,hDMHIDJdfDA,2-5s,2.0,76.0,0.0,0.1,-0.1,harmful,1,3,remote,0,7,0.0,0.0,0.0,0.0,0.0,0.0,0.0,0.0,2.0,1.0,1.5
hDMHIDJdfDA_3,hDMHIDJdfDA,2-5s,2.0,76.0,0.0,0.1,-0.1,harmful,1,4,remote,0,7,0.0,0.0,0.0,0.0,0.0,0.0,0.0,0.0,2.0,1.0,2.0
hDMHIDJdfDA_3,hDMHIDJdfDA,2-5s,2.0,76.0,0.0,0.1,-0.1,harmful,1,5,remote,0,7,0.0,0.0,0.0,0.0,0.0,0.0,0.0,0.0,2.0,1.0,2.0
hDMHIDJdfDA_3,hDMHIDJdfDA,2-5s,2.0,76.0,0.0,0.1,-0.1,harmful,1,6,remote,0,7,0.0,0.0,0.0,0.0,0.0,0.0,0.0,0.0,2.0,1.0,2.0
hDMHIDJdfDA_3,hDMHIDJdfDA,2-5s,2.0,76.0,0.0,0.1,-0.1,harmful,1,7,remote,0,7,0.0,0.0,0.0,0.0,0.0,0.0,0.0,0.0,2.0,1.0,2.0
hDMHIDJdfDA_3,hDMHIDJdfDA,2-5s,2.0,76.0,0.0,0.1,-0.1,harmful,1,8,remote,0,7,0.0,0.0,1.0,-100.0,0.0,0.0,0.0,0.0,2.0,1.0,2.0
hDMHIDJdfDA_3,hDMHIDJdfDA,2-5s,2.0,76.0,0.0,0.1,-0.1,harmful,1,9,remote,0,7,0.0,0.0,1.0,-100.0,0.0,0.0,0.0,0.0,2.0,1.0,2.0
hVUmQfBIYe8_1,hVUmQfBIYe8,2-5s,4.0,179.0,1.0,1.0,0.0,control,0,0,remote,0,4,1.0,1.0,1.0,0.0,0.0,0.0,0.0,0.0,1.75,1.5,1.75
hVUmQfBIYe8_1,hVUmQfBIYe8,2-5s,4.0,179.0,1.0,1.0,0.0,control,0,1,remote,0,4,1.0,1.0,1.0,0.0,0.0,0.0,0.0,0.0,1.75,1.5,1.5
hVUmQfBIYe8_1,hVUmQfBIYe8,2-5s,4.0,179.0,1.0,1.0,0.0,control,0,2,remote,0,4,1.0,1.0,1.0,0.0,0.0,0.0,0.0,0.0,1.75,1.5,1.5
hVUmQfBIYe8_1,hVUmQfBIYe8,2-5s,4.0,179.0,1.0,1.0,0.0,control,0,3,remote,0,4,1.0,1.0,1.0,0.0,0.0,0.0,0.0,0.0,1.75,1.5,1.5
hVUmQfBIYe8_1,hVUmQfBIYe8,2-5s,4.0,179.0,1.0,1.0,0.0,control,0,4,remote,0,4,1.0,1.0,1.0,0.0,0.0,0.0,0.0,0.0,1.75,1.5,1.75
hVUmQfBIYe8_1,hVUmQfBIYe8,2-5s,4.0,179.0,1.0,1.0,0.0,control,0,5,remote,0,4,1.0,1.0,1.0,0.0,0.0,0.0,0.0,0.0,1.75,1.5,1.5
hVUmQfBIYe8_1,hVUmQfBIYe8,2-5s,4.0,179.0,1.0,1.0,0.0,control,0,6,remote,0,4,1.0,1.0,1.0,0.0,0.0,0.0,0.0,0.0,1.75,1.5,1.5
hVUmQfBIYe8_1,hVUmQfBIYe8,2-5s,4.0,179.0,1.0,1.0,0.0,control,0,7,remote,0,4,1.0,1.0,1.0,0.0,0.0,0.0,0.0,0.0,1.75,1.5,1.75
hVUmQfBIYe8_1,hVUmQfBIYe8,2-5s,4.0,179.0,1.0,1.0,0.0,control,0,8,remote,0,4,1.0,1.0,1.0,0.0,0.0,0.0,0.0,0.0,1.75,1.5,1.5
hVUmQfBIYe8_1,hVUmQfBIYe8,2-5s,4.0,179.0,1.0,1.0,0.0,control,0,9,remote,0,4,1.0,1.0,1.0,0.0,0.0,0.0,0.0,0.0,1.75,1.5,1.75
hmd6pa2e_rs_1,hmd6pa2e_rs,0-2s,1.0,242.0,0.0,0.0,0.0,control,1,0,remote,0,9,0.0,0.0,0.0,0.0,0.0,0.0,0.0,0.0,15.0,10.0,15.0
hmd6pa2e_rs_1,hmd6pa2e_rs,0-2s,1.0,242.0,0.0,0.0,0.0,control,1,1,remote,0,9,0.0,0.0,0.0,0.0,0.0,0.0,0.0,0.0,15.0,10.0,15.0
hmd6pa2e_rs_1,hmd6pa2e_rs,0-2s,1.0,242.0,0.0,0.0,0.0,control,1,2,remote,0,9,0.0,0.0,0.0,0.0,0.0,0.0,0.0,0.0,15.0,10.0,15.0
hmd6pa2e_rs_1,hmd6pa2e_rs,0-2s,1.0,242.0,0.0,0.0,0.0,control,1,3,remote,0,9,0.0,0.0,0.0,0.0,0.0,0.0,0.0,0.0,15.0,10.0,14.0
hmd6pa2e_rs_1,hmd6pa2e_rs,0-2s,1.0,242.0,0.0,0.0,0.0,control,1,4,remote,0,9,0.0,0.0,0.0,0.0,0.0,0.0,0.0,0.0,15.0,10.0,15.0
hmd6pa2e_rs_1,hmd6pa2e_rs,0-2s,1.0,242.0,0.0,0.0,0.0,control,1,5,remote,0,9,0.0,0.0,0.0,0.0,0.0,0.0,0.0,0.0,15.0,10.0,14.0
hmd6pa2e_rs_1,hmd6pa2e_rs,0-2s,1.0,242.0,0.0,0.0,0.0,control,1,6,remote,0,9,0.0,0.0,0.0,0.0,0.0,0.0,0.0,0.0,15.0,10.0,14.0
hmd6pa2e_rs_1,hmd6pa2e_rs,0-2s,1.0,242.0,0.0,0.0,0.0,control,1,7,remote,0,9,0.0,0.0,0.0,0.0,0.0,0.0,0.0,0.0,15.0,10.0,15.0
hmd6pa2e_rs_1,hmd6pa2e_rs,0-2s,1.0,242.0,0.0,0.0,0.0,control,1,8,remote,0,9,0.0,0.0,0.0,0.0,0.0,0.0,0.0,0.0,15.0,10.0,15.0
hmd6pa2e_rs_1,hmd6pa2e_rs,0-2s,1.0,242.0,0.0,0.0,0.0,control,1,9,remote,0,9,0.0,0.0,0.0,0.0,0.0,0.0,0.0,0.0,15.0,10.0,15.0
hmd6pa2e_rs_2,hmd6pa2e_rs,2-5s,2.0,242.0,0.0,0.2,-0.2,harmful,1,0,remote,0,16,0.0,1.0,0.0,100.0,0.0,0.0,0.0,0.0,7.0,5.5,7.5
hmd6pa2e_rs_2,hmd6pa2e_rs,2-5s,2.0,242.0,0.0,0.2,-0.2,harmful,1,1,remote,0,16,0.0,1.0,0.0,100.0,0.0,0.0,0.0,0.0,7.0,5.5,7.0
hmd6pa2e_rs_2,hmd6pa2e_rs,2-5s,2.0,242.0,0.0,0.2,-0.2,harmful,1,2,remote,0,16,0.0,1.0,0.0,100.0,0.0,0.0,0.0,0.0,7.0,5.5,7.0
hmd6pa2e_rs_2,hmd6pa2e_rs,2-5s,2.0,242.0,0.0,0.2,-0.2,harmful,1,3,remote,0,16,0.0,1.0,0.0,100.0,0.0,0.0,0.0,0.0,7.0,5.5,7.5
hmd6pa2e_rs_2,hmd6pa2e_rs,2-5s,2.0,242.0,0.0,0.2,-0.2,harmful,1,4,remote,0,16,0.0,1.0,0.0,100.0,0.0,0.0,0.0,0.0,7.0,5.5,7.0
hmd6pa2e_rs_2,hmd6pa2e_rs,2-5s,2.0,242.0,0.0,0.2,-0.2,harmful,1,5,remote,0,16,0.0,1.0,0.0,100.0,0.0,0.0,0.0,0.0,7.0,5.5,7.5
hmd6pa2e_rs_2,hmd6pa2e_rs,2-5s,2.0,242.0,0.0,0.2,-0.2,harmful,1,6,remote,0,16,0.0,1.0,0.0,100.0,0.0,0.0,0.0,0.0,7.0,5.5,7.0
hmd6pa2e_rs_2,hmd6pa2e_rs,2-5s,2.0,242.0,0.0,0.2,-0.2,harmful,1,7,remote,0,16,0.0,1.0,0.0,100.0,0.0,0.0,0.0,0.0,7.0,5.5,7.0
hmd6pa2e_rs_2,hmd6pa2e_rs,2-5s,2.0,242.0,0.0,0.2,-0.2,harmful,1,8,remote,0,16,0.0,1.0,0.0,100.0,0.0,0.0,0.0,0.0,7.0,5.5,7.0
hmd6pa2e_rs_2,hmd6pa2e_rs,2-5s,2.0,242.0,0.0,0.2,-0.2,harmful,1,9,remote,0,16,0.0,1.0,0.0,100.0,0.0,0.0,0.0,0.0,7.0,5.5,7.5
hmd6pa2e_rs_3,hmd6pa2e_rs,2-5s,3.0,242.0,0.0,0.0,0.0,control,1,0,remote,0,36,0.0,0.0,0.0,0.0,0.0,0.0,0.0,0.0,2.6666666666666665,4.0,2.6666666666666665
hmd6pa2e_rs_3,hmd6pa2e_rs,2-5s,3.0,242.0,0.0,0.0,0.0,control,1,1,remote,0,36,0.0,0.0,0.0,0.0,0.0,0.0,0.0,0.0,2.6666666666666665,4.0,2.6666666666666665
hmd6pa2e_rs_3,hmd6pa2e_rs,2-5s,3.0,242.0,0.0,0.0,0.0,control,1,2,remote,0,36,0.0,0.0,0.0,0.0,0.0,0.0,0.0,0.0,2.6666666666666665,4.0,2.6666666666666665
hmd6pa2e_rs_3,hmd6pa2e_rs,2-5s,3.0,242.0,0.0,0.0,0.0,control,1,3,remote,0,36,0.0,0.0,0.0,0.0,0.0,0.0,0.0,0.0,2.6666666666666665,4.0,2.6666666666666665
hmd6pa2e_rs_3,hmd6pa2e_rs,2-5s,3.0,242.0,0.0,0.0,0.0,control,1,4,remote,0,36,0.0,0.0,0.0,0.0,0.0,0.0,0.0,0.0,2.6666666666666665,4.0,2.6666666666666665
hmd6pa2e_rs_3,hmd6pa2e_rs,2-5s,3.0,242.0,0.0,0.0,0.0,control,1,5,remote,0,36,0.0,0.0,0.0,0.0,0.0,0.0,0.0,0.0,2.6666666666666665,4.0,2.6666666666666665
hmd6pa2e_rs_3,hmd6pa2e_rs,2-5s,3.0,242.0,0.0,0.0,0.0,control,1,6,remote,0,36,0.0,0.0,0.0,0.0,0.0,0.0,0.0,0.0,2.6666666666666665,4.0,2.6666666666666665
hmd6pa2e_rs_3,hmd6pa2e_rs,2-5s,3.0,242.0,0.0,0.0,0.0,control,1,7,remote,0,36,0.0,0.0,0.0,0.0,0.0,0.0,0.0,0.0,2.6666666666666665,4.0,2.6666666666666665
hmd6pa2e_rs_3,hmd6pa2e_rs,2-5s,3.0,242.0,0.0,0.0,0.0,control,1,8,remote,0,36,0.0,0.0,0.0,0.0,0.0,0.0,0.0,0.0,2.6666666666666665,4.0,2.6666666666666665
hmd6pa2e_rs_3,hmd6pa2e_rs,2-5s,3.0,242.0,0.0,0.0,0.0,control,1,9,remote,0,36,0.0,0.0,0.0,0.0,0.0,0.0,0.0,0.0,2.6666666666666665,4.0,2.6666666666666665
hzn_wGlzGpU_1,hzn_wGlzGpU,2-5s,2.0,126.0,0.0,1.0,-1.0,harmful,0,0,remote,0,2,1.0,1.0,1.0,0.0,0.0,0.0,0.0,0.0,3.0,2.5,3.0
hzn_wGlzGpU_1,hzn_wGlzGpU,2-5s,2.0,126.0,0.0,1.0,-1.0,harmful,0,1,remote,0,2,1.0,1.0,1.0,0.0,0.0,0.0,0.0,0.0,3.0,2.5,3.0
hzn_wGlzGpU_1,hzn_wGlzGpU,2-5s,2.0,126.0,0.0,1.0,-1.0,harmful,0,2,remote,0,2,1.0,1.0,1.0,0.0,0.0,0.0,0.0,0.0,3.0,2.5,3.0
hzn_wGlzGpU_1,hzn_wGlzGpU,2-5s,2.0,126.0,0.0,1.0,-1.0,harmful,0,3,remote,0,2,1.0,1.0,1.0,0.0,0.0,0.0,0.0,0.0,3.0,2.5,3.0
hzn_wGlzGpU_1,hzn_wGlzGpU,2-5s,2.0,126.0,0.0,1.0,-1.0,harmful,0,4,remote,0,2,1.0,1.0,1.0,0.0,0.0,0.0,0.0,0.0,3.0,2.5,3.0
hzn_wGlzGpU_1,hzn_wGlzGpU,2-5s,2.0,126.0,0.0,1.0,-1.0,harmful,0,5,remote,0,2,1.0,1.0,1.0,0.0,0.0,0.0,0.0,0.0,3.0,2.5,3.0
hzn_wGlzGpU_1,hzn_wGlzGpU,2-5s,2.0,126.0,0.0,1.0,-1.0,harmful,0,6,remote,0,2,1.0,1.0,1.0,0.0,0.0,0.0,0.0,0.0,3.0,2.5,3.0
hzn_wGlzGpU_1,hzn_wGlzGpU,2-5s,2.0,126.0,0.0,1.0,-1.0,harmful,0,7,remote,0,2,1.0,1.0,1.0,0.0,0.0,0.0,0.0,0.0,3.0,2.5,3.0
hzn_wGlzGpU_1,hzn_wGlzGpU,2-5s,2.0,126.0,0.0,1.0,-1.0,harmful,0,8,remote,0,2,1.0,1.0,1.0,0.0,0.0,0.0,0.0,0.0,3.0,2.5,3.0
hzn_wGlzGpU_1,hzn_wGlzGpU,2-5s,2.0,126.0,0.0,1.0,-1.0,harmful,0,9,remote,0,2,1.0,1.0,1.0,0.0,0.0,0.0,0.0,0.0,3.0,2.5,3.0
hzn_wGlzGpU_2,hzn_wGlzGpU,0-2s,1.0,126.0,1.0,1.0,0.0,control,0,0,adjacent,0,2,1.0,1.0,1.0,0.0,0.0,0.0,0.0,0.0,5.0,4.0,4.0
hzn_wGlzGpU_2,hzn_wGlzGpU,0-2s,1.0,126.0,1.0,1.0,0.0,control,0,1,adjacent,0,2,1.0,1.0,1.0,0.0,0.0,0.0,0.0,0.0,5.0,4.0,5.0
hzn_wGlzGpU_2,hzn_wGlzGpU,0-2s,1.0,126.0,1.0,1.0,0.0,control,0,2,adjacent,0,2,1.0,1.0,1.0,0.0,0.0,0.0,0.0,0.0,5.0,4.0,5.0
hzn_wGlzGpU_2,hzn_wGlzGpU,0-2s,1.0,126.0,1.0,1.0,0.0,control,0,3,adjacent,0,2,1.0,1.0,1.0,0.0,0.0,0.0,0.0,0.0,5.0,4.0,4.0
hzn_wGlzGpU_2,hzn_wGlzGpU,0-2s,1.0,126.0,1.0,1.0,0.0,control,0,4,adjacent,0,2,1.0,1.0,1.0,0.0,0.0,0.0,0.0,0.0,5.0,4.0,5.0
hzn_wGlzGpU_2,hzn_wGlzGpU,0-2s,1.0,126.0,1.0,1.0,0.0,control,0,5,adjacent,0,2,1.0,1.0,1.0,0.0,0.0,0.0,0.0,0.0,5.0,4.0,5.0
hzn_wGlzGpU_2,hzn_wGlzGpU,0-2s,1.0,126.0,1.0,1.0,0.0,control,0,6,adjacent,0,2,1.0,1.0,1.0,0.0,0.0,0.0,0.0,0.0,5.0,4.0,4.0
hzn_wGlzGpU_2,hzn_wGlzGpU,0-2s,1.0,126.0,1.0,1.0,0.0,control,0,7,adjacent,0,2,1.0,1.0,1.0,0.0,0.0,0.0,0.0,0.0,5.0,4.0,5.0
hzn_wGlzGpU_2,hzn_wGlzGpU,0-2s,1.0,126.0,1.0,1.0,0.0,control,0,8,adjacent,0,2,1.0,1.0,1.0,0.0,0.0,0.0,0.0,0.0,5.0,4.0,5.0
hzn_wGlzGpU_2,hzn_wGlzGpU,0-2s,1.0,126.0,1.0,1.0,0.0,control,0,9,adjacent,0,2,1.0,1.0,1.0,0.0,0.0,0.0,0.0,0.0,5.0,4.0,5.0
i6MQCm58zlY_3,i6MQCm58zlY,2-5s,3.0,247.0,0.0,1.0,-1.0,harmful,0,0,remote,0,5,0.0,1.0,0.0,100.0,0.0,0.0,0.0,0.0,3.3333333333333335,3.0,3.0
i6MQCm58zlY_3,i6MQCm58zlY,2-5s,3.0,247.0,0.0,1.0,-1.0,harmful,0,1,remote,0,5,0.0,1.0,0.0,100.0,0.0,0.0,0.0,0.0,3.3333333333333335,3.0,3.3333333333333335
i6MQCm58zlY_3,i6MQCm58zlY,2-5s,3.0,247.0,0.0,1.0,-1.0,harmful,0,2,remote,0,5,0.0,1.0,0.0,100.0,0.0,0.0,0.0,0.0,3.3333333333333335,3.0,3.3333333333333335
i6MQCm58zlY_3,i6MQCm58zlY,2-5s,3.0,247.0,0.0,1.0,-1.0,harmful,0,3,remote,0,5,0.0,1.0,0.0,100.0,0.0,0.0,0.0,0.0,3.3333333333333335,3.0,3.3333333333333335
i6MQCm58zlY_3,i6MQCm58zlY,2-5s,3.0,247.0,0.0,1.0,-1.0,harmful,0,4,remote,0,5,0.0,1.0,0.0,100.0,0.0,0.0,0.0,0.0,3.3333333333333335,3.0,3.3333333333333335
i6MQCm58zlY_3,i6MQCm58zlY,2-5s,3.0,247.0,0.0,1.0,-1.0,harmful,0,5,remote,0,5,0.0,1.0,0.0,100.0,0.0,0.0,0.0,0.0,3.3333333333333335,3.0,3.3333333333333335
i6MQCm58zlY_3,i6MQCm58zlY,2-5s,3.0,247.0,0.0,1.0,-1.0,harmful,0,6,remote,0,5,0.0,1.0,0.0,100.0,0.0,0.0,0.0,0.0,3.3333333333333335,3.0,3.0
i6MQCm58zlY_3,i6MQCm58zlY,2-5s,3.0,247.0,0.0,1.0,-1.0,harmful,0,7,remote,0,5,0.0,1.0,0.0,100.0,0.0,0.0,0.0,0.0,3.3333333333333335,3.0,3.3333333333333335
i6MQCm58zlY_3,i6MQCm58zlY,2-5s,3.0,247.0,0.0,1.0,-1.0,harmful,0,8,remote,0,5,0.0,1.0,1.0,0.0,0.0,0.0,0.0,0.0,3.3333333333333335,3.0,3.0
i6MQCm58zlY_3,i6MQCm58zlY,2-5s,3.0,247.0,0.0,1.0,-1.0,harmful,0,9,remote,0,5,0.0,1.0,0.0,100.0,0.0,0.0,0.0,0.0,3.3333333333333335,3.0,3.3333333333333335
iOCpICiu4LA_2,iOCpICiu4LA,2-5s,3.0,299.0,0.0,0.0,0.0,control,1,0,remote,0,4,0.0,0.0,0.0,0.0,0.0,0.0,0.0,0.0,4.333333333333333,4.333333333333333,4.333333333333333
iOCpICiu4LA_2,iOCpICiu4LA,2-5s,3.0,299.0,0.0,0.0,0.0,control,1,1,remote,0,4,0.0,0.0,0.0,0.0,0.0,0.0,0.0,0.0,4.333333333333333,4.333333333333333,4.333333333333333
iOCpICiu4LA_2,iOCpICiu4LA,2-5s,3.0,299.0,0.0,0.0,0.0,control,1,2,remote,0,4,0.0,0.0,0.0,0.0,0.0,0.0,0.0,0.0,4.333333333333333,4.333333333333333,4.333333333333333
iOCpICiu4LA_2,iOCpICiu4LA,2-5s,3.0,299.0,0.0,0.0,0.0,control,1,3,remote,0,4,0.0,0.0,0.0,0.0,0.0,0.0,0.0,0.0,4.333333333333333,4.333333333333333,4.333333333333333
iOCpICiu4LA_2,iOCpICiu4LA,2-5s,3.0,299.0,0.0,0.0,0.0,control,1,4,remote,0,4,0.0,0.0,0.0,0.0,0.0,0.0,0.0,0.0,4.333333333333333,4.333333333333333,4.666666666666667
iOCpICiu4LA_2,iOCpICiu4LA,2-5s,3.0,299.0,0.0,0.0,0.0,control,1,5,remote,0,4,0.0,0.0,0.0,0.0,0.0,0.0,0.0,0.0,4.333333333333333,4.333333333333333,4.333333333333333
iOCpICiu4LA_2,iOCpICiu4LA,2-5s,3.0,299.0,0.0,0.0,0.0,control,1,6,remote,0,4,0.0,0.0,0.0,0.0,0.0,0.0,0.0,0.0,4.333333333333333,4.333333333333333,4.666666666666667
iOCpICiu4LA_2,iOCpICiu4LA,2-5s,3.0,299.0,0.0,0.0,0.0,control,1,7,remote,0,4,0.0,0.0,0.0,0.0,0.0,0.0,0.0,0.0,4.333333333333333,4.333333333333333,4.333333333333333
iOCpICiu4LA_2,iOCpICiu4LA,2-5s,3.0,299.0,0.0,0.0,0.0,control,1,8,remote,0,4,0.0,0.0,0.0,0.0,0.0,0.0,0.0,0.0,4.333333333333333,4.333333333333333,4.666666666666667
iOCpICiu4LA_2,iOCpICiu4LA,2-5s,3.0,299.0,0.0,0.0,0.0,control,1,9,remote,0,4,0.0,0.0,0.0,0.0,0.0,0.0,0.0,0.0,4.333333333333333,4.333333333333333,4.333333333333333
ilspW7JRjAg_1,ilspW7JRjAg,0-2s,1.0,208.0,0.0,0.0,0.0,control,1,0,remote,0,4,0.0,0.0,0.0,0.0,0.0,0.0,0.0,0.0,41.0,41.0,41.0
ilspW7JRjAg_1,ilspW7JRjAg,0-2s,1.0,208.0,0.0,0.0,0.0,control,1,1,remote,0,4,0.0,0.0,0.0,0.0,0.0,0.0,0.0,0.0,41.0,41.0,41.0
ilspW7JRjAg_1,ilspW7JRjAg,0-2s,1.0,208.0,0.0,0.0,0.0,control,1,2,remote,0,4,0.0,0.0,0.0,0.0,0.0,0.0,0.0,0.0,41.0,41.0,41.0
ilspW7JRjAg_1,ilspW7JRjAg,0-2s,1.0,208.0,0.0,0.0,0.0,control,1,3,remote,0,4,0.0,0.0,0.0,0.0,0.0,0.0,0.0,0.0,41.0,41.0,40.0
ilspW7JRjAg_1,ilspW7JRjAg,0-2s,1.0,208.0,0.0,0.0,0.0,control,1,4,remote,0,4,0.0,0.0,0.0,0.0,0.0,0.0,0.0,0.0,41.0,41.0,41.0
ilspW7JRjAg_1,ilspW7JRjAg,0-2s,1.0,208.0,0.0,0.0,0.0,control,1,5,remote,0,4,0.0,0.0,0.0,0.0,0.0,0.0,0.0,0.0,41.0,41.0,41.0
ilspW7JRjAg_1,ilspW7JRjAg,0-2s,1.0,208.0,0.0,0.0,0.0,control,1,6,remote,0,4,0.0,0.0,0.0,0.0,0.0,0.0,0.0,0.0,41.0,41.0,42.0
ilspW7JRjAg_1,ilspW7JRjAg,0-2s,1.0,208.0,0.0,0.0,0.0,control,1,7,remote,0,4,0.0,0.0,0.0,0.0,0.0,0.0,0.0,0.0,41.0,41.0,41.0
ilspW7JRjAg_1,ilspW7JRjAg,0-2s,1.0,208.0,0.0,0.0,0.0,control,1,8,remote,0,4,0.0,0.0,0.0,0.0,0.0,0.0,0.0,0.0,41.0,41.0,41.0
ilspW7JRjAg_1,ilspW7JRjAg,0-2s,1.0,208.0,0.0,0.0,0.0,control,1,9,remote,0,4,0.0,0.0,0.0,0.0,0.0,0.0,0.0,0.0,41.0,41.0,41.0
inSvboaSRwA_2,inSvboaSRwA,0-2s,1.0,299.0,0.0,0.5,-0.5,harmful,0,0,moderately_near,0,2,0.0,0.0,0.0,0.0,0.0,0.0,0.0,0.0,10.0,10.0,10.0
inSvboaSRwA_2,inSvboaSRwA,0-2s,1.0,299.0,0.0,0.5,-0.5,harmful,0,1,moderately_near,0,2,0.0,0.0,0.0,0.0,0.0,0.0,0.0,0.0,10.0,10.0,10.0
inSvboaSRwA_2,inSvboaSRwA,0-2s,1.0,299.0,0.0,0.5,-0.5,harmful,0,2,moderately_near,0,2,0.0,0.0,0.0,0.0,0.0,0.0,0.0,0.0,10.0,10.0,10.0
inSvboaSRwA_2,inSvboaSRwA,0-2s,1.0,299.0,0.0,0.5,-0.5,harmful,0,3,moderately_near,0,2,0.0,0.0,0.0,0.0,0.0,0.0,0.0,0.0,10.0,10.0,10.0
inSvboaSRwA_2,inSvboaSRwA,0-2s,1.0,299.0,0.0,0.5,-0.5,harmful,0,4,moderately_near,0,2,0.0,0.0,0.0,0.0,0.0,0.0,0.0,0.0,10.0,10.0,10.0
inSvboaSRwA_2,inSvboaSRwA,0-2s,1.0,299.0,0.0,0.5,-0.5,harmful,0,5,moderately_near,0,2,0.0,0.0,0.0,0.0,0.0,0.0,0.0,0.0,10.0,10.0,10.0
inSvboaSRwA_2,inSvboaSRwA,0-2s,1.0,299.0,0.0,0.5,-0.5,harmful,0,6,moderately_near,0,2,0.0,0.0,0.0,0.0,0.0,0.0,0.0,0.0,10.0,10.0,10.0
inSvboaSRwA_2,inSvboaSRwA,0-2s,1.0,299.0,0.0,0.5,-0.5,harmful,0,7,moderately_near,0,2,0.0,0.0,0.0,0.0,0.0,0.0,0.0,0.0,10.0,10.0,10.0
inSvboaSRwA_2,inSvboaSRwA,0-2s,1.0,299.0,0.0,0.5,-0.5,harmful,0,8,moderately_near,0,2,0.0,0.0,0.0,0.0,0.0,0.0,0.0,0.0,10.0,10.0,10.0
inSvboaSRwA_2,inSvboaSRwA,0-2s,1.0,299.0,0.0,0.5,-0.5,harmful,0,9,moderately_near,0,2,0.0,0.0,0.0,0.0,0.0,0.0,0.0,0.0,10.0,10.0,10.0
jid4t-FzUn0_1,jid4t-FzUn0,2-5s,2.0,163.0,1.0,0.9,0.09999999999999998,control,0,0,remote,0,4,1.0,1.0,1.0,0.0,0.0,0.0,0.0,0.0,3.0,2.5,3.0
jid4t-FzUn0_1,jid4t-FzUn0,2-5s,2.0,163.0,1.0,0.9,0.09999999999999998,control,0,1,remote,0,4,1.0,1.0,1.0,0.0,0.0,0.0,0.0,0.0,3.0,2.5,3.0
jid4t-FzUn0_1,jid4t-FzUn0,2-5s,2.0,163.0,1.0,0.9,0.09999999999999998,control,0,2,remote,0,4,1.0,1.0,1.0,0.0,0.0,0.0,0.0,0.0,3.0,2.5,3.0
jid4t-FzUn0_1,jid4t-FzUn0,2-5s,2.0,163.0,1.0,0.9,0.09999999999999998,control,0,3,remote,0,4,1.0,1.0,1.0,0.0,0.0,0.0,0.0,0.0,3.0,2.5,3.0
jid4t-FzUn0_1,jid4t-FzUn0,2-5s,2.0,163.0,1.0,0.9,0.09999999999999998,control,0,4,remote,0,4,1.0,1.0,1.0,0.0,0.0,0.0,0.0,0.0,3.0,2.5,3.5
jid4t-FzUn0_1,jid4t-FzUn0,2-5s,2.0,163.0,1.0,0.9,0.09999999999999998,control,0,5,remote,0,4,1.0,1.0,1.0,0.0,0.0,0.0,0.0,0.0,3.0,2.5,3.0
jid4t-FzUn0_1,jid4t-FzUn0,2-5s,2.0,163.0,1.0,0.9,0.09999999999999998,control,0,6,remote,0,4,1.0,1.0,1.0,0.0,0.0,0.0,0.0,0.0,3.0,2.5,3.5
jid4t-FzUn0_1,jid4t-FzUn0,2-5s,2.0,163.0,1.0,0.9,0.09999999999999998,control,0,7,remote,0,4,1.0,1.0,1.0,0.0,0.0,0.0,0.0,0.0,3.0,2.5,3.0
jid4t-FzUn0_1,jid4t-FzUn0,2-5s,2.0,163.0,1.0,0.9,0.09999999999999998,control,0,8,remote,0,4,1.0,1.0,1.0,0.0,0.0,0.0,0.0,0.0,3.0,2.5,3.0
jid4t-FzUn0_1,jid4t-FzUn0,2-5s,2.0,163.0,1.0,0.9,0.09999999999999998,control,0,9,remote,0,4,1.0,1.0,1.0,0.0,0.0,0.0,0.0,0.0,3.0,2.5,3.0
jid4t-FzUn0_3,jid4t-FzUn0,2-5s,3.0,163.0,1.0,0.9,0.09999999999999998,control,1,0,remote,0,4,0.0,0.0,0.0,0.0,0.0,0.0,0.0,0.0,1.3333333333333333,1.6666666666666667,1.3333333333333333
jid4t-FzUn0_3,jid4t-FzUn0,2-5s,3.0,163.0,1.0,0.9,0.09999999999999998,control,1,1,remote,0,4,0.0,0.0,0.0,0.0,0.0,0.0,0.0,0.0,1.3333333333333333,1.6666666666666667,1.3333333333333333
jid4t-FzUn0_3,jid4t-FzUn0,2-5s,3.0,163.0,1.0,0.9,0.09999999999999998,control,1,2,remote,0,4,0.0,0.0,0.0,0.0,0.0,0.0,0.0,0.0,1.3333333333333333,1.6666666666666667,1.3333333333333333
jid4t-FzUn0_3,jid4t-FzUn0,2-5s,3.0,163.0,1.0,0.9,0.09999999999999998,control,1,3,remote,0,4,0.0,0.0,0.0,0.0,0.0,0.0,0.0,0.0,1.3333333333333333,1.6666666666666667,1.3333333333333333
jid4t-FzUn0_3,jid4t-FzUn0,2-5s,3.0,163.0,1.0,0.9,0.09999999999999998,control,1,4,remote,0,4,0.0,0.0,0.0,0.0,0.0,0.0,0.0,0.0,1.3333333333333333,1.6666666666666667,1.3333333333333333
jid4t-FzUn0_3,jid4t-FzUn0,2-5s,3.0,163.0,1.0,0.9,0.09999999999999998,control,1,5,remote,0,4,0.0,0.0,0.0,0.0,0.0,0.0,0.0,0.0,1.3333333333333333,1.6666666666666667,1.3333333333333333
jid4t-FzUn0_3,jid4t-FzUn0,2-5s,3.0,163.0,1.0,0.9,0.09999999999999998,control,1,6,remote,0,4,0.0,0.0,0.0,0.0,0.0,0.0,0.0,0.0,1.3333333333333333,1.6666666666666667,1.6666666666666667
jid4t-FzUn0_3,jid4t-FzUn0,2-5s,3.0,163.0,1.0,0.9,0.09999999999999998,control,1,7,remote,0,4,0.0,0.0,0.0,0.0,0.0,0.0,0.0,0.0,1.3333333333333333,1.6666666666666667,1.3333333333333333
jid4t-FzUn0_3,jid4t-FzUn0,2-5s,3.0,163.0,1.0,0.9,0.09999999999999998,control,1,8,remote,0,4,0.0,0.0,0.0,0.0,0.0,0.0,0.0,0.0,1.3333333333333333,1.6666666666666667,1.3333333333333333
jid4t-FzUn0_3,jid4t-FzUn0,2-5s,3.0,163.0,1.0,0.9,0.09999999999999998,control,1,9,remote,0,4,0.0,0.0,0.0,0.0,0.0,0.0,0.0,0.0,1.3333333333333333,1.6666666666666667,1.3333333333333333
jjfUaMQaG1A_2,jjfUaMQaG1A,0-2s,1.0,300.0,0.0,0.7,-0.7,harmful,1,0,remote,0,6,0.0,0.0,0.0,0.0,0.0,0.0,0.0,0.0,9.0,12.0,9.0
jjfUaMQaG1A_2,jjfUaMQaG1A,0-2s,1.0,300.0,0.0,0.7,-0.7,harmful,1,1,remote,0,6,0.0,0.0,0.0,0.0,0.0,0.0,0.0,0.0,9.0,12.0,9.0
jjfUaMQaG1A_2,jjfUaMQaG1A,0-2s,1.0,300.0,0.0,0.7,-0.7,harmful,1,2,remote,0,6,0.0,0.0,0.0,0.0,0.0,0.0,0.0,0.0,9.0,12.0,9.0
jjfUaMQaG1A_2,jjfUaMQaG1A,0-2s,1.0,300.0,0.0,0.7,-0.7,harmful,1,3,remote,0,6,0.0,0.0,0.0,0.0,0.0,0.0,0.0,0.0,9.0,12.0,9.0
jjfUaMQaG1A_2,jjfUaMQaG1A,0-2s,1.0,300.0,0.0,0.7,-0.7,harmful,1,4,remote,0,6,0.0,0.0,0.0,0.0,0.0,0.0,0.0,0.0,9.0,12.0,9.0
jjfUaMQaG1A_2,jjfUaMQaG1A,0-2s,1.0,300.0,0.0,0.7,-0.7,harmful,1,5,remote,0,6,0.0,0.0,0.0,0.0,0.0,0.0,0.0,0.0,9.0,12.0,9.0
jjfUaMQaG1A_2,jjfUaMQaG1A,0-2s,1.0,300.0,0.0,0.7,-0.7,harmful,1,6,remote,0,6,0.0,0.0,0.0,0.0,0.0,0.0,0.0,0.0,9.0,12.0,9.0
jjfUaMQaG1A_2,jjfUaMQaG1A,0-2s,1.0,300.0,0.0,0.7,-0.7,harmful,1,7,remote,0,6,0.0,0.0,0.0,0.0,0.0,0.0,0.0,0.0,9.0,12.0,9.0
jjfUaMQaG1A_2,jjfUaMQaG1A,0-2s,1.0,300.0,0.0,0.7,-0.7,harmful,1,8,remote,0,6,0.0,0.0,0.0,0.0,0.0,0.0,0.0,0.0,9.0,12.0,9.0
jjfUaMQaG1A_2,jjfUaMQaG1A,0-2s,1.0,300.0,0.0,0.7,-0.7,harmful,1,9,remote,0,6,0.0,0.0,0.0,0.0,0.0,0.0,0.0,0.0,9.0,12.0,9.0
jlwe9jtu5Gw_1,jlwe9jtu5Gw,2-5s,3.0,63.0,1.0,1.0,0.0,control,0,0,remote,0,3,1.0,1.0,1.0,0.0,1.0,0.0,1.0,-100.0,1.0,0.6666666666666666,1.0
jlwe9jtu5Gw_1,jlwe9jtu5Gw,2-5s,3.0,63.0,1.0,1.0,0.0,control,0,1,remote,0,3,1.0,1.0,1.0,0.0,1.0,0.0,1.0,-100.0,1.0,0.6666666666666666,1.0
jlwe9jtu5Gw_1,jlwe9jtu5Gw,2-5s,3.0,63.0,1.0,1.0,0.0,control,0,2,remote,0,3,1.0,1.0,1.0,0.0,1.0,0.0,1.0,-100.0,1.0,0.6666666666666666,1.0
jlwe9jtu5Gw_1,jlwe9jtu5Gw,2-5s,3.0,63.0,1.0,1.0,0.0,control,0,3,remote,0,3,1.0,1.0,1.0,0.0,1.0,0.0,1.0,-100.0,1.0,0.6666666666666666,1.0
jlwe9jtu5Gw_1,jlwe9jtu5Gw,2-5s,3.0,63.0,1.0,1.0,0.0,control,0,4,remote,0,3,1.0,1.0,1.0,0.0,1.0,0.0,1.0,-100.0,1.0,0.6666666666666666,1.0
jlwe9jtu5Gw_1,jlwe9jtu5Gw,2-5s,3.0,63.0,1.0,1.0,0.0,control,0,5,remote,0,3,1.0,1.0,1.0,0.0,1.0,0.0,1.0,-100.0,1.0,0.6666666666666666,1.0
jlwe9jtu5Gw_1,jlwe9jtu5Gw,2-5s,3.0,63.0,1.0,1.0,0.0,control,0,6,remote,0,3,1.0,1.0,1.0,0.0,1.0,0.0,1.0,-100.0,1.0,0.6666666666666666,1.0
jlwe9jtu5Gw_1,jlwe9jtu5Gw,2-5s,3.0,63.0,1.0,1.0,0.0,control,0,7,remote,0,3,1.0,1.0,1.0,0.0,1.0,0.0,1.0,-100.0,1.0,0.6666666666666666,1.0
jlwe9jtu5Gw_1,jlwe9jtu5Gw,2-5s,3.0,63.0,1.0,1.0,0.0,control,0,8,remote,0,3,1.0,1.0,1.0,0.0,1.0,0.0,1.0,-100.0,1.0,0.6666666666666666,1.0
jlwe9jtu5Gw_1,jlwe9jtu5Gw,2-5s,3.0,63.0,1.0,1.0,0.0,control,0,9,remote,0,3,1.0,1.0,1.0,0.0,1.0,0.0,1.0,-100.0,1.0,0.6666666666666666,1.0
jlwe9jtu5Gw_2,jlwe9jtu5Gw,2-5s,2.0,63.0,0.0,1.0,-1.0,harmful,0,0,moderately_near,0,6,1.0,1.0,1.0,0.0,0.0,0.0,0.0,0.0,1.5,1.5,1.5
jlwe9jtu5Gw_2,jlwe9jtu5Gw,2-5s,2.0,63.0,0.0,1.0,-1.0,harmful,0,1,moderately_near,0,6,1.0,1.0,1.0,0.0,0.0,0.0,0.0,0.0,1.5,1.5,1.5
jlwe9jtu5Gw_2,jlwe9jtu5Gw,2-5s,2.0,63.0,0.0,1.0,-1.0,harmful,0,2,moderately_near,0,6,1.0,1.0,1.0,0.0,0.0,0.0,0.0,0.0,1.5,1.5,1.5
jlwe9jtu5Gw_2,jlwe9jtu5Gw,2-5s,2.0,63.0,0.0,1.0,-1.0,harmful,0,3,moderately_near,0,6,1.0,1.0,1.0,0.0,0.0,0.0,0.0,0.0,1.5,1.5,1.5
jlwe9jtu5Gw_2,jlwe9jtu5Gw,2-5s,2.0,63.0,0.0,1.0,-1.0,harmful,0,4,moderately_near,0,6,1.0,1.0,1.0,0.0,0.0,0.0,0.0,0.0,1.5,1.5,1.5
jlwe9jtu5Gw_2,jlwe9jtu5Gw,2-5s,2.0,63.0,0.0,1.0,-1.0,harmful,0,5,moderately_near,0,6,1.0,1.0,1.0,0.0,0.0,0.0,0.0,0.0,1.5,1.5,1.5
jlwe9jtu5Gw_2,jlwe9jtu5Gw,2-5s,2.0,63.0,0.0,1.0,-1.0,harmful,0,6,moderately_near,0,6,1.0,1.0,1.0,0.0,0.0,0.0,0.0,0.0,1.5,1.5,1.5
jlwe9jtu5Gw_2,jlwe9jtu5Gw,2-5s,2.0,63.0,0.0,1.0,-1.0,harmful,0,7,moderately_near,0,6,1.0,1.0,1.0,0.0,0.0,0.0,0.0,0.0,1.5,1.5,1.5
jlwe9jtu5Gw_2,jlwe9jtu5Gw,2-5s,2.0,63.0,0.0,1.0,-1.0,harmful,0,8,moderately_near,0,6,1.0,1.0,1.0,0.0,0.0,0.0,0.0,0.0,1.5,1.5,1.5
jlwe9jtu5Gw_2,jlwe9jtu5Gw,2-5s,2.0,63.0,0.0,1.0,-1.0,harmful,0,9,moderately_near,0,6,1.0,1.0,1.0,0.0,0.0,0.0,0.0,0.0,1.5,1.5,1.5
jlwe9jtu5Gw_3,jlwe9jtu5Gw,2-5s,3.0,63.0,1.0,1.0,0.0,control,0,0,remote,0,3,1.0,1.0,1.0,0.0,0.0,1.0,0.0,100.0,1.0,1.0,1.0
jlwe9jtu5Gw_3,jlwe9jtu5Gw,2-5s,3.0,63.0,1.0,1.0,0.0,control,0,1,remote,0,3,1.0,1.0,1.0,0.0,0.0,1.0,0.0,100.0,1.0,1.0,1.0
jlwe9jtu5Gw_3,jlwe9jtu5Gw,2-5s,3.0,63.0,1.0,1.0,0.0,control,0,2,remote,0,3,1.0,1.0,1.0,0.0,0.0,1.0,0.0,100.0,1.0,1.0,1.0
jlwe9jtu5Gw_3,jlwe9jtu5Gw,2-5s,3.0,63.0,1.0,1.0,0.0,control,0,3,remote,0,3,1.0,1.0,1.0,0.0,0.0,1.0,0.0,100.0,1.0,1.0,1.0
jlwe9jtu5Gw_3,jlwe9jtu5Gw,2-5s,3.0,63.0,1.0,1.0,0.0,control,0,4,remote,0,3,1.0,1.0,1.0,0.0,0.0,1.0,0.0,100.0,1.0,1.0,1.0
jlwe9jtu5Gw_3,jlwe9jtu5Gw,2-5s,3.0,63.0,1.0,1.0,0.0,control,0,5,remote,0,3,1.0,1.0,1.0,0.0,0.0,1.0,0.0,100.0,1.0,1.0,1.0
jlwe9jtu5Gw_3,jlwe9jtu5Gw,2-5s,3.0,63.0,1.0,1.0,0.0,control,0,6,remote,0,3,1.0,1.0,1.0,0.0,0.0,1.0,0.0,100.0,1.0,1.0,1.0
jlwe9jtu5Gw_3,jlwe9jtu5Gw,2-5s,3.0,63.0,1.0,1.0,0.0,control,0,7,remote,0,3,1.0,1.0,1.0,0.0,0.0,1.0,0.0,100.0,1.0,1.0,1.0
jlwe9jtu5Gw_3,jlwe9jtu5Gw,2-5s,3.0,63.0,1.0,1.0,0.0,control,0,8,remote,0,3,1.0,1.0,1.0,0.0,0.0,1.0,0.0,100.0,1.0,1.0,1.0
jlwe9jtu5Gw_3,jlwe9jtu5Gw,2-5s,3.0,63.0,1.0,1.0,0.0,control,0,9,remote,0,3,1.0,1.0,1.0,0.0,0.0,1.0,0.0,100.0,1.0,1.0,1.0
kHIe4CfaccQ_2,kHIe4CfaccQ,2-5s,2.0,112.0,1.0,0.8,0.19999999999999996,control,0,0,remote,0,3,1.0,1.0,1.0,0.0,0.0,0.0,0.0,0.0,7.5,11.0,7.5
kHIe4CfaccQ_2,kHIe4CfaccQ,2-5s,2.0,112.0,1.0,0.8,0.19999999999999996,control,0,1,remote,0,3,1.0,1.0,1.0,0.0,0.0,0.0,0.0,0.0,7.5,11.0,7.5
kHIe4CfaccQ_2,kHIe4CfaccQ,2-5s,2.0,112.0,1.0,0.8,0.19999999999999996,control,0,2,remote,0,3,1.0,1.0,1.0,0.0,0.0,0.0,0.0,0.0,7.5,11.0,7.5
kHIe4CfaccQ_2,kHIe4CfaccQ,2-5s,2.0,112.0,1.0,0.8,0.19999999999999996,control,0,3,remote,0,3,1.0,1.0,1.0,0.0,0.0,0.0,0.0,0.0,7.5,11.0,7.5
kHIe4CfaccQ_2,kHIe4CfaccQ,2-5s,2.0,112.0,1.0,0.8,0.19999999999999996,control,0,4,remote,0,3,1.0,1.0,1.0,0.0,0.0,0.0,0.0,0.0,7.5,11.0,7.5
kHIe4CfaccQ_2,kHIe4CfaccQ,2-5s,2.0,112.0,1.0,0.8,0.19999999999999996,control,0,5,remote,0,3,1.0,1.0,1.0,0.0,0.0,0.0,0.0,0.0,7.5,11.0,7.5
kHIe4CfaccQ_2,kHIe4CfaccQ,2-5s,2.0,112.0,1.0,0.8,0.19999999999999996,control,0,6,remote,0,3,1.0,1.0,1.0,0.0,0.0,0.0,0.0,0.0,7.5,11.0,8.0
kHIe4CfaccQ_2,kHIe4CfaccQ,2-5s,2.0,112.0,1.0,0.8,0.19999999999999996,control,0,7,remote,0,3,1.0,1.0,1.0,0.0,0.0,0.0,0.0,0.0,7.5,11.0,7.5
kHIe4CfaccQ_2,kHIe4CfaccQ,2-5s,2.0,112.0,1.0,0.8,0.19999999999999996,control,0,8,remote,0,3,1.0,1.0,1.0,0.0,0.0,0.0,0.0,0.0,7.5,11.0,7.5
kHIe4CfaccQ_2,kHIe4CfaccQ,2-5s,2.0,112.0,1.0,0.8,0.19999999999999996,control,0,9,remote,0,3,1.0,1.0,1.0,0.0,0.0,0.0,0.0,0.0,7.5,11.0,7.5
kXjzsroVTtw_1,kXjzsroVTtw,0-2s,1.0,92.0,0.0,1.0,-1.0,harmful,1,0,remote,0,6,0.0,1.0,1.0,0.0,0.0,0.0,0.0,0.0,2.0,3.0,2.0
kXjzsroVTtw_1,kXjzsroVTtw,0-2s,1.0,92.0,0.0,1.0,-1.0,harmful,1,1,remote,0,6,0.0,1.0,1.0,0.0,0.0,0.0,0.0,0.0,2.0,3.0,2.0
kXjzsroVTtw_1,kXjzsroVTtw,0-2s,1.0,92.0,0.0,1.0,-1.0,harmful,1,2,remote,0,6,0.0,1.0,0.0,100.0,0.0,0.0,0.0,0.0,2.0,3.0,2.0
kXjzsroVTtw_1,kXjzsroVTtw,0-2s,1.0,92.0,0.0,1.0,-1.0,harmful,1,3,remote,0,6,0.0,1.0,1.0,0.0,0.0,0.0,0.0,0.0,2.0,3.0,2.0
kXjzsroVTtw_1,kXjzsroVTtw,0-2s,1.0,92.0,0.0,1.0,-1.0,harmful,1,4,remote,0,6,0.0,1.0,1.0,0.0,0.0,0.0,0.0,0.0,2.0,3.0,2.0
kXjzsroVTtw_1,kXjzsroVTtw,0-2s,1.0,92.0,0.0,1.0,-1.0,harmful,1,5,remote,0,6,0.0,1.0,0.0,100.0,0.0,0.0,0.0,0.0,2.0,3.0,2.0
kXjzsroVTtw_1,kXjzsroVTtw,0-2s,1.0,92.0,0.0,1.0,-1.0,harmful,1,6,remote,0,6,0.0,1.0,0.0,100.0,0.0,0.0,0.0,0.0,2.0,3.0,2.0
kXjzsroVTtw_1,kXjzsroVTtw,0-2s,1.0,92.0,0.0,1.0,-1.0,harmful,1,7,remote,0,6,0.0,1.0,1.0,0.0,0.0,0.0,0.0,0.0,2.0,3.0,2.0
kXjzsroVTtw_1,kXjzsroVTtw,0-2s,1.0,92.0,0.0,1.0,-1.0,harmful,1,8,remote,0,6,0.0,1.0,1.0,0.0,0.0,0.0,0.0,0.0,2.0,3.0,2.0
kXjzsroVTtw_1,kXjzsroVTtw,0-2s,1.0,92.0,0.0,1.0,-1.0,harmful,1,9,remote,0,6,0.0,1.0,1.0,0.0,0.0,0.0,0.0,0.0,2.0,3.0,2.0
kdflh3akyH8_1,kdflh3akyH8,2-5s,2.0,99.0,1.0,0.6,0.4,control,0,0,remote,0,6,1.0,1.0,1.0,0.0,0.0,0.0,0.0,0.0,2.0,2.5,2.0
kdflh3akyH8_1,kdflh3akyH8,2-5s,2.0,99.0,1.0,0.6,0.4,control,0,1,remote,0,6,1.0,1.0,1.0,0.0,0.0,0.0,0.0,0.0,2.0,2.5,2.0
kdflh3akyH8_1,kdflh3akyH8,2-5s,2.0,99.0,1.0,0.6,0.4,control,0,2,remote,0,6,1.0,1.0,1.0,0.0,0.0,0.0,0.0,0.0,2.0,2.5,2.5
kdflh3akyH8_1,kdflh3akyH8,2-5s,2.0,99.0,1.0,0.6,0.4,control,0,3,remote,0,6,1.0,1.0,1.0,0.0,0.0,0.0,0.0,0.0,2.0,2.5,2.5
kdflh3akyH8_1,kdflh3akyH8,2-5s,2.0,99.0,1.0,0.6,0.4,control,0,4,remote,0,6,1.0,1.0,1.0,0.0,0.0,0.0,0.0,0.0,2.0,2.5,2.0
kdflh3akyH8_1,kdflh3akyH8,2-5s,2.0,99.0,1.0,0.6,0.4,control,0,5,remote,0,6,1.0,1.0,1.0,0.0,0.0,0.0,0.0,0.0,2.0,2.5,2.0
kdflh3akyH8_1,kdflh3akyH8,2-5s,2.0,99.0,1.0,0.6,0.4,control,0,6,remote,0,6,1.0,1.0,1.0,0.0,0.0,0.0,0.0,0.0,2.0,2.5,2.5
kdflh3akyH8_1,kdflh3akyH8,2-5s,2.0,99.0,1.0,0.6,0.4,control,0,7,remote,0,6,1.0,1.0,1.0,0.0,0.0,0.0,0.0,0.0,2.0,2.5,2.5
kdflh3akyH8_1,kdflh3akyH8,2-5s,2.0,99.0,1.0,0.6,0.4,control,0,8,remote,0,6,1.0,1.0,1.0,0.0,0.0,0.0,0.0,0.0,2.0,2.5,2.0
kdflh3akyH8_1,kdflh3akyH8,2-5s,2.0,99.0,1.0,0.6,0.4,control,0,9,remote,0,6,1.0,1.0,1.0,0.0,0.0,0.0,0.0,0.0,2.0,2.5,2.5
lTfNLKEy1RU_2,lTfNLKEy1RU,2-5s,2.0,181.0,1.0,1.0,0.0,control,0,0,remote,0,6,1.0,1.0,1.0,0.0,0.0,0.0,0.0,0.0,2.5,2.5,2.5
lTfNLKEy1RU_2,lTfNLKEy1RU,2-5s,2.0,181.0,1.0,1.0,0.0,control,0,1,remote,0,6,1.0,1.0,1.0,0.0,0.0,0.0,0.0,0.0,2.5,2.5,2.5
lTfNLKEy1RU_2,lTfNLKEy1RU,2-5s,2.0,181.0,1.0,1.0,0.0,control,0,2,remote,0,6,1.0,1.0,1.0,0.0,0.0,0.0,0.0,0.0,2.5,2.5,2.5
lTfNLKEy1RU_2,lTfNLKEy1RU,2-5s,2.0,181.0,1.0,1.0,0.0,control,0,3,remote,0,6,1.0,1.0,1.0,0.0,0.0,0.0,0.0,0.0,2.5,2.5,2.5
lTfNLKEy1RU_2,lTfNLKEy1RU,2-5s,2.0,181.0,1.0,1.0,0.0,control,0,4,remote,0,6,1.0,1.0,1.0,0.0,0.0,0.0,0.0,0.0,2.5,2.5,2.5
lTfNLKEy1RU_2,lTfNLKEy1RU,2-5s,2.0,181.0,1.0,1.0,0.0,control,0,5,remote,0,6,1.0,1.0,1.0,0.0,0.0,0.0,0.0,0.0,2.5,2.5,2.5
lTfNLKEy1RU_2,lTfNLKEy1RU,2-5s,2.0,181.0,1.0,1.0,0.0,control,0,6,remote,0,6,1.0,1.0,1.0,0.0,0.0,0.0,0.0,0.0,2.5,2.5,2.5
lTfNLKEy1RU_2,lTfNLKEy1RU,2-5s,2.0,181.0,1.0,1.0,0.0,control,0,7,remote,0,6,1.0,1.0,1.0,0.0,0.0,0.0,0.0,0.0,2.5,2.5,2.5
lTfNLKEy1RU_2,lTfNLKEy1RU,2-5s,2.0,181.0,1.0,1.0,0.0,control,0,8,remote,0,6,1.0,1.0,1.0,0.0,0.0,0.0,0.0,0.0,2.5,2.5,2.5
lTfNLKEy1RU_2,lTfNLKEy1RU,2-5s,2.0,181.0,1.0,1.0,0.0,control,0,9,remote,0,6,1.0,1.0,1.0,0.0,0.0,0.0,0.0,0.0,2.5,2.5,2.5
lVr-PxhZo8s_1,lVr-PxhZo8s,2-5s,2.0,69.0,1.0,1.0,0.0,control,0,0,adjacent,0,1,1.0,1.0,1.0,0.0,0.0,1.0,0.0,100.0,1.0,1.0,1.0
lVr-PxhZo8s_1,lVr-PxhZo8s,2-5s,2.0,69.0,1.0,1.0,0.0,control,0,1,adjacent,0,1,1.0,1.0,1.0,0.0,0.0,1.0,0.0,100.0,1.0,1.0,1.0
lVr-PxhZo8s_1,lVr-PxhZo8s,2-5s,2.0,69.0,1.0,1.0,0.0,control,0,2,adjacent,0,1,1.0,1.0,1.0,0.0,0.0,1.0,0.0,100.0,1.0,1.0,1.0
lVr-PxhZo8s_1,lVr-PxhZo8s,2-5s,2.0,69.0,1.0,1.0,0.0,control,0,3,adjacent,0,1,1.0,1.0,1.0,0.0,0.0,1.0,0.0,100.0,1.0,1.0,1.0
lVr-PxhZo8s_1,lVr-PxhZo8s,2-5s,2.0,69.0,1.0,1.0,0.0,control,0,4,adjacent,0,1,1.0,1.0,1.0,0.0,0.0,1.0,0.0,100.0,1.0,1.0,1.0
lVr-PxhZo8s_1,lVr-PxhZo8s,2-5s,2.0,69.0,1.0,1.0,0.0,control,0,5,adjacent,0,1,1.0,1.0,1.0,0.0,0.0,1.0,0.0,100.0,1.0,1.0,1.0
lVr-PxhZo8s_1,lVr-PxhZo8s,2-5s,2.0,69.0,1.0,1.0,0.0,control,0,6,adjacent,0,1,1.0,1.0,1.0,0.0,0.0,1.0,0.0,100.0,1.0,1.0,1.0
lVr-PxhZo8s_1,lVr-PxhZo8s,2-5s,2.0,69.0,1.0,1.0,0.0,control,0,7,adjacent,0,1,1.0,1.0,1.0,0.0,0.0,1.0,0.0,100.0,1.0,1.0,1.0
lVr-PxhZo8s_1,lVr-PxhZo8s,2-5s,2.0,69.0,1.0,1.0,0.0,control,0,8,adjacent,0,1,1.0,1.0,1.0,0.0,0.0,1.0,0.0,100.0,1.0,1.0,1.0
lVr-PxhZo8s_1,lVr-PxhZo8s,2-5s,2.0,69.0,1.0,1.0,0.0,control,0,9,adjacent,0,1,1.0,1.0,1.0,0.0,0.0,1.0,0.0,100.0,1.0,1.0,1.0
lVr-PxhZo8s_3,lVr-PxhZo8s,0-2s,1.0,69.0,0.0,0.8,-0.8,harmful,0,0,adjacent,1,3,1.0,1.0,1.0,0.0,0.0,0.0,0.0,0.0,6.0,8.0,6.0
lVr-PxhZo8s_3,lVr-PxhZo8s,0-2s,1.0,69.0,0.0,0.8,-0.8,harmful,0,1,adjacent,1,3,1.0,1.0,1.0,0.0,0.0,0.0,0.0,0.0,6.0,8.0,6.0
lVr-PxhZo8s_3,lVr-PxhZo8s,0-2s,1.0,69.0,0.0,0.8,-0.8,harmful,0,2,adjacent,1,3,1.0,1.0,1.0,0.0,0.0,0.0,0.0,0.0,6.0,8.0,6.0
lVr-PxhZo8s_3,lVr-PxhZo8s,0-2s,1.0,69.0,0.0,0.8,-0.8,harmful,0,3,adjacent,1,3,1.0,1.0,1.0,0.0,0.0,0.0,0.0,0.0,6.0,8.0,6.0
lVr-PxhZo8s_3,lVr-PxhZo8s,0-2s,1.0,69.0,0.0,0.8,-0.8,harmful,0,4,adjacent,1,3,1.0,1.0,1.0,0.0,0.0,0.0,0.0,0.0,6.0,8.0,6.0
lVr-PxhZo8s_3,lVr-PxhZo8s,0-2s,1.0,69.0,0.0,0.8,-0.8,harmful,0,5,adjacent,1,3,1.0,1.0,1.0,0.0,0.0,0.0,0.0,0.0,6.0,8.0,6.0
lVr-PxhZo8s_3,lVr-PxhZo8s,0-2s,1.0,69.0,0.0,0.8,-0.8,harmful,0,6,adjacent,1,3,1.0,1.0,1.0,0.0,0.0,0.0,0.0,0.0,6.0,8.0,6.0
lVr-PxhZo8s_3,lVr-PxhZo8s,0-2s,1.0,69.0,0.0,0.8,-0.8,harmful,0,7,adjacent,1,3,1.0,1.0,1.0,0.0,0.0,0.0,0.0,0.0,6.0,8.0,6.0
lVr-PxhZo8s_3,lVr-PxhZo8s,0-2s,1.0,69.0,0.0,0.8,-0.8,harmful,0,8,adjacent,1,3,1.0,1.0,1.0,0.0,0.0,0.0,0.0,0.0,6.0,8.0,6.0
lVr-PxhZo8s_3,lVr-PxhZo8s,0-2s,1.0,69.0,0.0,0.8,-0.8,harmful,0,9,adjacent,1,3,1.0,1.0,1.0,0.0,0.0,0.0,0.0,0.0,6.0,8.0,6.0
lgwpIImXCWA_3,lgwpIImXCWA,2-5s,2.0,194.0,1.0,1.0,0.0,control,0,0,remote,0,8,1.0,1.0,1.0,0.0,0.0,0.0,0.0,0.0,2.5,2.5,2.5
lgwpIImXCWA_3,lgwpIImXCWA,2-5s,2.0,194.0,1.0,1.0,0.0,control,0,1,remote,0,8,1.0,1.0,1.0,0.0,0.0,0.0,0.0,0.0,2.5,2.5,2.5
lgwpIImXCWA_3,lgwpIImXCWA,2-5s,2.0,194.0,1.0,1.0,0.0,control,0,2,remote,0,8,1.0,1.0,1.0,0.0,0.0,0.0,0.0,0.0,2.5,2.5,2.5
lgwpIImXCWA_3,lgwpIImXCWA,2-5s,2.0,194.0,1.0,1.0,0.0,control,0,3,remote,0,8,1.0,1.0,1.0,0.0,0.0,0.0,0.0,0.0,2.5,2.5,2.5
lgwpIImXCWA_3,lgwpIImXCWA,2-5s,2.0,194.0,1.0,1.0,0.0,control,0,4,remote,0,8,1.0,1.0,1.0,0.0,0.0,0.0,0.0,0.0,2.5,2.5,2.5
lgwpIImXCWA_3,lgwpIImXCWA,2-5s,2.0,194.0,1.0,1.0,0.0,control,0,5,remote,0,8,1.0,1.0,1.0,0.0,0.0,0.0,0.0,0.0,2.5,2.5,2.5
lgwpIImXCWA_3,lgwpIImXCWA,2-5s,2.0,194.0,1.0,1.0,0.0,control,0,6,remote,0,8,1.0,1.0,1.0,0.0,0.0,0.0,0.0,0.0,2.5,2.5,2.5
lgwpIImXCWA_3,lgwpIImXCWA,2-5s,2.0,194.0,1.0,1.0,0.0,control,0,7,remote,0,8,1.0,1.0,1.0,0.0,0.0,0.0,0.0,0.0,2.5,2.5,2.5
lgwpIImXCWA_3,lgwpIImXCWA,2-5s,2.0,194.0,1.0,1.0,0.0,control,0,8,remote,0,8,1.0,1.0,1.0,0.0,0.0,0.0,0.0,0.0,2.5,2.5,2.5
lgwpIImXCWA_3,lgwpIImXCWA,2-5s,2.0,194.0,1.0,1.0,0.0,control,0,9,remote,0,8,1.0,1.0,1.0,0.0,0.0,0.0,0.0,0.0,2.5,2.5,2.5
lh801oHGtD4_2,lh801oHGtD4,2-5s,3.0,97.0,1.0,1.0,0.0,control,0,0,moderately_near,0,2,1.0,1.0,1.0,0.0,1.0,1.0,1.0,0.0,1.0,1.0,1.0
lh801oHGtD4_2,lh801oHGtD4,2-5s,3.0,97.0,1.0,1.0,0.0,control,0,1,moderately_near,0,2,1.0,1.0,1.0,0.0,1.0,1.0,1.0,0.0,1.0,1.0,1.0
lh801oHGtD4_2,lh801oHGtD4,2-5s,3.0,97.0,1.0,1.0,0.0,control,0,2,moderately_near,0,2,1.0,1.0,1.0,0.0,1.0,1.0,1.0,0.0,1.0,1.0,1.0
lh801oHGtD4_2,lh801oHGtD4,2-5s,3.0,97.0,1.0,1.0,0.0,control,0,3,moderately_near,0,2,1.0,1.0,1.0,0.0,1.0,1.0,1.0,0.0,1.0,1.0,1.0
lh801oHGtD4_2,lh801oHGtD4,2-5s,3.0,97.0,1.0,1.0,0.0,control,0,4,moderately_near,0,2,1.0,1.0,1.0,0.0,1.0,1.0,1.0,0.0,1.0,1.0,1.0
lh801oHGtD4_2,lh801oHGtD4,2-5s,3.0,97.0,1.0,1.0,0.0,control,0,5,moderately_near,0,2,1.0,1.0,1.0,0.0,1.0,1.0,1.0,0.0,1.0,1.0,1.0
lh801oHGtD4_2,lh801oHGtD4,2-5s,3.0,97.0,1.0,1.0,0.0,control,0,6,moderately_near,0,2,1.0,1.0,1.0,0.0,1.0,1.0,1.0,0.0,1.0,1.0,1.0
lh801oHGtD4_2,lh801oHGtD4,2-5s,3.0,97.0,1.0,1.0,0.0,control,0,7,moderately_near,0,2,1.0,1.0,1.0,0.0,1.0,1.0,1.0,0.0,1.0,1.0,1.0
lh801oHGtD4_2,lh801oHGtD4,2-5s,3.0,97.0,1.0,1.0,0.0,control,0,8,moderately_near,0,2,1.0,1.0,1.0,0.0,1.0,1.0,1.0,0.0,1.0,1.0,1.0
lh801oHGtD4_2,lh801oHGtD4,2-5s,3.0,97.0,1.0,1.0,0.0,control,0,9,moderately_near,0,2,1.0,1.0,1.0,0.0,1.0,1.0,1.0,0.0,1.0,1.0,1.0
lh801oHGtD4_3,lh801oHGtD4,2-5s,4.0,97.0,1.0,1.0,0.0,control,0,0,remote,0,18,0.0,1.0,0.0,100.0,0.0,0.0,0.0,0.0,2.0,1.5,1.75
lh801oHGtD4_3,lh801oHGtD4,2-5s,4.0,97.0,1.0,1.0,0.0,control,0,1,remote,0,18,0.0,1.0,0.0,100.0,0.0,0.0,0.0,0.0,2.0,1.5,1.75
lh801oHGtD4_3,lh801oHGtD4,2-5s,4.0,97.0,1.0,1.0,0.0,control,0,2,remote,0,18,0.0,1.0,0.0,100.0,0.0,0.0,0.0,0.0,2.0,1.5,1.75
lh801oHGtD4_3,lh801oHGtD4,2-5s,4.0,97.0,1.0,1.0,0.0,control,0,3,remote,0,18,0.0,1.0,0.0,100.0,0.0,0.0,0.0,0.0,2.0,1.5,1.75
lh801oHGtD4_3,lh801oHGtD4,2-5s,4.0,97.0,1.0,1.0,0.0,control,0,4,remote,0,18,0.0,1.0,0.0,100.0,0.0,0.0,0.0,0.0,2.0,1.5,1.75
lh801oHGtD4_3,lh801oHGtD4,2-5s,4.0,97.0,1.0,1.0,0.0,control,0,5,remote,0,18,0.0,1.0,0.0,100.0,0.0,0.0,0.0,0.0,2.0,1.5,1.75
lh801oHGtD4_3,lh801oHGtD4,2-5s,4.0,97.0,1.0,1.0,0.0,control,0,6,remote,0,18,0.0,1.0,0.0,100.0,0.0,0.0,0.0,0.0,2.0,1.5,1.75
lh801oHGtD4_3,lh801oHGtD4,2-5s,4.0,97.0,1.0,1.0,0.0,control,0,7,remote,0,18,0.0,1.0,0.0,100.0,0.0,0.0,0.0,0.0,2.0,1.5,1.75
lh801oHGtD4_3,lh801oHGtD4,2-5s,4.0,97.0,1.0,1.0,0.0,control,0,8,remote,0,18,0.0,1.0,0.0,100.0,0.0,0.0,0.0,0.0,2.0,1.5,1.75
lh801oHGtD4_3,lh801oHGtD4,2-5s,4.0,97.0,1.0,1.0,0.0,control,0,9,remote,0,18,0.0,1.0,0.0,100.0,0.0,0.0,0.0,0.0,2.0,1.5,2.0
lmPMhs-9IYE_2,lmPMhs-9IYE,2-5s,4.0,155.0,1.0,0.1,0.9,control,1,0,remote,0,9,0.0,0.0,0.0,0.0,0.0,0.0,0.0,0.0,6.0,5.25,6.0
lmPMhs-9IYE_2,lmPMhs-9IYE,2-5s,4.0,155.0,1.0,0.1,0.9,control,1,1,remote,0,9,0.0,0.0,0.0,0.0,0.0,0.0,0.0,0.0,6.0,5.25,6.0
lmPMhs-9IYE_2,lmPMhs-9IYE,2-5s,4.0,155.0,1.0,0.1,0.9,control,1,2,remote,0,9,0.0,0.0,0.0,0.0,0.0,0.0,0.0,0.0,6.0,5.25,5.75
lmPMhs-9IYE_2,lmPMhs-9IYE,2-5s,4.0,155.0,1.0,0.1,0.9,control,1,3,remote,0,9,0.0,0.0,0.0,0.0,0.0,0.0,0.0,0.0,6.0,5.25,5.75
lmPMhs-9IYE_2,lmPMhs-9IYE,2-5s,4.0,155.0,1.0,0.1,0.9,control,1,4,remote,0,9,0.0,0.0,0.0,0.0,0.0,0.0,0.0,0.0,6.0,5.25,5.75
lmPMhs-9IYE_2,lmPMhs-9IYE,2-5s,4.0,155.0,1.0,0.1,0.9,control,1,5,remote,0,9,0.0,0.0,0.0,0.0,0.0,0.0,0.0,0.0,6.0,5.25,6.0
lmPMhs-9IYE_2,lmPMhs-9IYE,2-5s,4.0,155.0,1.0,0.1,0.9,control,1,6,remote,0,9,0.0,0.0,0.0,0.0,0.0,0.0,0.0,0.0,6.0,5.25,5.5
lmPMhs-9IYE_2,lmPMhs-9IYE,2-5s,4.0,155.0,1.0,0.1,0.9,control,1,7,remote,0,9,0.0,0.0,0.0,0.0,0.0,0.0,0.0,0.0,6.0,5.25,5.75
lmPMhs-9IYE_2,lmPMhs-9IYE,2-5s,4.0,155.0,1.0,0.1,0.9,control,1,8,remote,0,9,0.0,0.0,0.0,0.0,0.0,0.0,0.0,0.0,6.0,5.25,5.5
lmPMhs-9IYE_2,lmPMhs-9IYE,2-5s,4.0,155.0,1.0,0.1,0.9,control,1,9,remote,0,9,0.0,0.0,0.0,0.0,0.0,0.0,0.0,0.0,6.0,5.25,5.75
lrKGCtSsAkA_2,lrKGCtSsAkA,2-5s,2.0,240.0,0.0,0.0,0.0,control,1,0,remote,0,4,0.0,0.0,0.0,0.0,0.0,0.0,0.0,0.0,98.5,98.0,98.5
lrKGCtSsAkA_2,lrKGCtSsAkA,2-5s,2.0,240.0,0.0,0.0,0.0,control,1,1,remote,0,4,0.0,0.0,0.0,0.0,0.0,0.0,0.0,0.0,98.5,98.0,98.5
lrKGCtSsAkA_2,lrKGCtSsAkA,2-5s,2.0,240.0,0.0,0.0,0.0,control,1,2,remote,0,4,0.0,0.0,0.0,0.0,0.0,0.0,0.0,0.0,98.5,98.0,98.5
lrKGCtSsAkA_2,lrKGCtSsAkA,2-5s,2.0,240.0,0.0,0.0,0.0,control,1,3,remote,0,4,0.0,0.0,0.0,0.0,0.0,0.0,0.0,0.0,98.5,98.0,98.5
lrKGCtSsAkA_2,lrKGCtSsAkA,2-5s,2.0,240.0,0.0,0.0,0.0,control,1,4,remote,0,4,0.0,0.0,0.0,0.0,0.0,0.0,0.0,0.0,98.5,98.0,98.5
lrKGCtSsAkA_2,lrKGCtSsAkA,2-5s,2.0,240.0,0.0,0.0,0.0,control,1,5,remote,0,4,0.0,0.0,0.0,0.0,0.0,0.0,0.0,0.0,98.5,98.0,98.5
lrKGCtSsAkA_2,lrKGCtSsAkA,2-5s,2.0,240.0,0.0,0.0,0.0,control,1,6,remote,0,4,0.0,0.0,0.0,0.0,0.0,0.0,0.0,0.0,98.5,98.0,98.5
lrKGCtSsAkA_2,lrKGCtSsAkA,2-5s,2.0,240.0,0.0,0.0,0.0,control,1,7,remote,0,4,0.0,0.0,0.0,0.0,0.0,0.0,0.0,0.0,98.5,98.0,98.0
lrKGCtSsAkA_2,lrKGCtSsAkA,2-5s,2.0,240.0,0.0,0.0,0.0,control,1,8,remote,0,4,0.0,0.0,0.0,0.0,0.0,0.0,0.0,0.0,98.5,98.0,98.0
lrKGCtSsAkA_2,lrKGCtSsAkA,2-5s,2.0,240.0,0.0,0.0,0.0,control,1,9,remote,0,4,0.0,0.0,0.0,0.0,0.0,0.0,0.0,0.0,98.5,98.0,99.0
lrKGCtSsAkA_3,lrKGCtSsAkA,0-2s,1.0,240.0,0.0,0.8,-0.8,harmful,0,0,remote,0,12,0.0,1.0,0.0,100.0,0.0,0.0,0.0,0.0,15.0,46.0,15.0
lrKGCtSsAkA_3,lrKGCtSsAkA,0-2s,1.0,240.0,0.0,0.8,-0.8,harmful,0,1,remote,0,12,0.0,1.0,0.0,100.0,0.0,0.0,0.0,0.0,15.0,46.0,46.0
lrKGCtSsAkA_3,lrKGCtSsAkA,0-2s,1.0,240.0,0.0,0.8,-0.8,harmful,0,2,remote,0,12,0.0,1.0,0.0,100.0,0.0,0.0,0.0,0.0,15.0,46.0,15.0
lrKGCtSsAkA_3,lrKGCtSsAkA,0-2s,1.0,240.0,0.0,0.8,-0.8,harmful,0,3,remote,0,12,0.0,1.0,0.0,100.0,0.0,0.0,0.0,0.0,15.0,46.0,48.0
lrKGCtSsAkA_3,lrKGCtSsAkA,0-2s,1.0,240.0,0.0,0.8,-0.8,harmful,0,4,remote,0,12,0.0,1.0,0.0,100.0,0.0,0.0,0.0,0.0,15.0,46.0,15.0
lrKGCtSsAkA_3,lrKGCtSsAkA,0-2s,1.0,240.0,0.0,0.8,-0.8,harmful,0,5,remote,0,12,0.0,1.0,0.0,100.0,0.0,0.0,0.0,0.0,15.0,46.0,15.0
lrKGCtSsAkA_3,lrKGCtSsAkA,0-2s,1.0,240.0,0.0,0.8,-0.8,harmful,0,6,remote,0,12,0.0,1.0,0.0,100.0,0.0,0.0,0.0,0.0,15.0,46.0,14.0
lrKGCtSsAkA_3,lrKGCtSsAkA,0-2s,1.0,240.0,0.0,0.8,-0.8,harmful,0,7,remote,0,12,0.0,1.0,0.0,100.0,0.0,0.0,0.0,0.0,15.0,46.0,15.0
lrKGCtSsAkA_3,lrKGCtSsAkA,0-2s,1.0,240.0,0.0,0.8,-0.8,harmful,0,8,remote,0,12,0.0,1.0,0.0,100.0,0.0,0.0,0.0,0.0,15.0,46.0,15.0
lrKGCtSsAkA_3,lrKGCtSsAkA,0-2s,1.0,240.0,0.0,0.8,-0.8,harmful,0,9,remote,0,12,0.0,1.0,0.0,100.0,0.0,0.0,0.0,0.0,15.0,46.0,15.0
lrKGCtSsAkA_4,lrKGCtSsAkA,0-2s,1.0,240.0,1.0,1.0,0.0,control,0,0,moderately_near,1,8,1.0,1.0,1.0,0.0,0.0,1.0,0.0,100.0,8.0,6.0,8.0
lrKGCtSsAkA_4,lrKGCtSsAkA,0-2s,1.0,240.0,1.0,1.0,0.0,control,0,1,moderately_near,1,8,1.0,1.0,1.0,0.0,0.0,1.0,0.0,100.0,8.0,6.0,8.0
lrKGCtSsAkA_4,lrKGCtSsAkA,0-2s,1.0,240.0,1.0,1.0,0.0,control,0,2,moderately_near,1,8,1.0,1.0,1.0,0.0,0.0,1.0,0.0,100.0,8.0,6.0,8.0
lrKGCtSsAkA_4,lrKGCtSsAkA,0-2s,1.0,240.0,1.0,1.0,0.0,control,0,3,moderately_near,1,8,1.0,1.0,1.0,0.0,0.0,1.0,0.0,100.0,8.0,6.0,8.0
lrKGCtSsAkA_4,lrKGCtSsAkA,0-2s,1.0,240.0,1.0,1.0,0.0,control,0,4,moderately_near,1,8,1.0,1.0,1.0,0.0,0.0,1.0,0.0,100.0,8.0,6.0,8.0
lrKGCtSsAkA_4,lrKGCtSsAkA,0-2s,1.0,240.0,1.0,1.0,0.0,control,0,5,moderately_near,1,8,1.0,1.0,1.0,0.0,0.0,1.0,0.0,100.0,8.0,6.0,8.0
lrKGCtSsAkA_4,lrKGCtSsAkA,0-2s,1.0,240.0,1.0,1.0,0.0,control,0,6,moderately_near,1,8,1.0,1.0,1.0,0.0,0.0,1.0,0.0,100.0,8.0,6.0,8.0
lrKGCtSsAkA_4,lrKGCtSsAkA,0-2s,1.0,240.0,1.0,1.0,0.0,control,0,7,moderately_near,1,8,1.0,1.0,1.0,0.0,0.0,1.0,0.0,100.0,8.0,6.0,8.0
lrKGCtSsAkA_4,lrKGCtSsAkA,0-2s,1.0,240.0,1.0,1.0,0.0,control,0,8,moderately_near,1,8,1.0,1.0,1.0,0.0,0.0,1.0,0.0,100.0,8.0,6.0,8.0
lrKGCtSsAkA_4,lrKGCtSsAkA,0-2s,1.0,240.0,1.0,1.0,0.0,control,0,9,moderately_near,1,8,1.0,1.0,1.0,0.0,0.0,1.0,0.0,100.0,8.0,6.0,8.0
mSF_FqBtRPs_1,mSF_FqBtRPs,2-5s,4.0,67.0,1.0,1.0,0.0,control,0,0,remote,0,3,1.0,1.0,1.0,0.0,0.0,0.0,0.0,0.0,0.5,0.5,0.5
mSF_FqBtRPs_1,mSF_FqBtRPs,2-5s,4.0,67.0,1.0,1.0,0.0,control,0,1,remote,0,3,1.0,1.0,1.0,0.0,0.0,0.0,1.0,-100.0,0.5,0.5,0.75
mSF_FqBtRPs_1,mSF_FqBtRPs,2-5s,4.0,67.0,1.0,1.0,0.0,control,0,2,remote,0,3,1.0,1.0,1.0,0.0,0.0,0.0,1.0,-100.0,0.5,0.5,0.75
mSF_FqBtRPs_1,mSF_FqBtRPs,2-5s,4.0,67.0,1.0,1.0,0.0,control,0,3,remote,0,3,1.0,1.0,1.0,0.0,0.0,0.0,1.0,-100.0,0.5,0.5,0.75
mSF_FqBtRPs_1,mSF_FqBtRPs,2-5s,4.0,67.0,1.0,1.0,0.0,control,0,4,remote,0,3,1.0,1.0,1.0,0.0,0.0,0.0,0.0,0.0,0.5,0.5,0.5
mSF_FqBtRPs_1,mSF_FqBtRPs,2-5s,4.0,67.0,1.0,1.0,0.0,control,0,5,remote,0,3,1.0,1.0,1.0,0.0,0.0,0.0,1.0,-100.0,0.5,0.5,0.75
mSF_FqBtRPs_1,mSF_FqBtRPs,2-5s,4.0,67.0,1.0,1.0,0.0,control,0,6,remote,0,3,1.0,1.0,1.0,0.0,0.0,0.0,0.0,0.0,0.5,0.5,0.5
mSF_FqBtRPs_1,mSF_FqBtRPs,2-5s,4.0,67.0,1.0,1.0,0.0,control,0,7,remote,0,3,1.0,1.0,1.0,0.0,0.0,0.0,0.0,0.0,0.5,0.5,0.5
mSF_FqBtRPs_1,mSF_FqBtRPs,2-5s,4.0,67.0,1.0,1.0,0.0,control,0,8,remote,0,3,1.0,1.0,1.0,0.0,0.0,0.0,0.0,0.0,0.5,0.5,0.5
mSF_FqBtRPs_1,mSF_FqBtRPs,2-5s,4.0,67.0,1.0,1.0,0.0,control,0,9,remote,0,3,1.0,1.0,1.0,0.0,0.0,0.0,0.0,0.0,0.5,0.5,0.5
mWqH2xwjkYA_1,mWqH2xwjkYA,2-5s,4.0,118.0,1.0,1.0,0.0,control,0,0,adjacent,0,2,1.0,1.0,1.0,0.0,0.0,0.0,0.0,0.0,1.5,1.75,1.5
mWqH2xwjkYA_1,mWqH2xwjkYA,2-5s,4.0,118.0,1.0,1.0,0.0,control,0,1,adjacent,0,2,1.0,1.0,1.0,0.0,0.0,0.0,0.0,0.0,1.5,1.75,1.5
mWqH2xwjkYA_1,mWqH2xwjkYA,2-5s,4.0,118.0,1.0,1.0,0.0,control,0,2,adjacent,0,2,1.0,1.0,1.0,0.0,0.0,0.0,1.0,-100.0,1.5,1.75,1.5
mWqH2xwjkYA_1,mWqH2xwjkYA,2-5s,4.0,118.0,1.0,1.0,0.0,control,0,3,adjacent,0,2,1.0,1.0,1.0,0.0,0.0,0.0,0.0,0.0,1.5,1.75,1.75
mWqH2xwjkYA_1,mWqH2xwjkYA,2-5s,4.0,118.0,1.0,1.0,0.0,control,0,4,adjacent,0,2,1.0,1.0,1.0,0.0,0.0,0.0,0.0,0.0,1.5,1.75,1.5
mWqH2xwjkYA_1,mWqH2xwjkYA,2-5s,4.0,118.0,1.0,1.0,0.0,control,0,5,adjacent,0,2,1.0,1.0,1.0,0.0,0.0,0.0,0.0,0.0,1.5,1.75,1.5
mWqH2xwjkYA_1,mWqH2xwjkYA,2-5s,4.0,118.0,1.0,1.0,0.0,control,0,6,adjacent,0,2,1.0,1.0,1.0,0.0,0.0,0.0,0.0,0.0,1.5,1.75,1.5
mWqH2xwjkYA_1,mWqH2xwjkYA,2-5s,4.0,118.0,1.0,1.0,0.0,control,0,7,adjacent,0,2,1.0,1.0,1.0,0.0,0.0,0.0,0.0,0.0,1.5,1.75,1.75
mWqH2xwjkYA_1,mWqH2xwjkYA,2-5s,4.0,118.0,1.0,1.0,0.0,control,0,8,adjacent,0,2,1.0,1.0,1.0,0.0,0.0,0.0,0.0,0.0,1.5,1.75,1.5
mWqH2xwjkYA_1,mWqH2xwjkYA,2-5s,4.0,118.0,1.0,1.0,0.0,control,0,9,adjacent,0,2,1.0,1.0,1.0,0.0,0.0,0.0,0.0,0.0,1.5,1.75,1.5
m_U506sf9p4_2,m_U506sf9p4,2-5s,2.0,212.0,0.0,0.7,-0.7,harmful,1,0,remote,0,4,0.0,0.0,0.0,0.0,0.0,0.0,0.0,0.0,2.5,3.5,3.0
m_U506sf9p4_2,m_U506sf9p4,2-5s,2.0,212.0,0.0,0.7,-0.7,harmful,1,1,remote,0,4,0.0,0.0,0.0,0.0,0.0,0.0,0.0,0.0,2.5,3.5,2.5
m_U506sf9p4_2,m_U506sf9p4,2-5s,2.0,212.0,0.0,0.7,-0.7,harmful,1,2,remote,0,4,0.0,0.0,0.0,0.0,0.0,0.0,0.0,0.0,2.5,3.5,3.0
m_U506sf9p4_2,m_U506sf9p4,2-5s,2.0,212.0,0.0,0.7,-0.7,harmful,1,3,remote,0,4,0.0,0.0,0.0,0.0,0.0,0.0,0.0,0.0,2.5,3.5,3.0
m_U506sf9p4_2,m_U506sf9p4,2-5s,2.0,212.0,0.0,0.7,-0.7,harmful,1,4,remote,0,4,0.0,0.0,0.0,0.0,0.0,0.0,0.0,0.0,2.5,3.5,3.0
m_U506sf9p4_2,m_U506sf9p4,2-5s,2.0,212.0,0.0,0.7,-0.7,harmful,1,5,remote,0,4,0.0,0.0,0.0,0.0,0.0,0.0,0.0,0.0,2.5,3.5,3.0
m_U506sf9p4_2,m_U506sf9p4,2-5s,2.0,212.0,0.0,0.7,-0.7,harmful,1,6,remote,0,4,0.0,0.0,0.0,0.0,0.0,0.0,0.0,0.0,2.5,3.5,3.0
m_U506sf9p4_2,m_U506sf9p4,2-5s,2.0,212.0,0.0,0.7,-0.7,harmful,1,7,remote,0,4,0.0,0.0,0.0,0.0,0.0,0.0,0.0,0.0,2.5,3.5,3.0
m_U506sf9p4_2,m_U506sf9p4,2-5s,2.0,212.0,0.0,0.7,-0.7,harmful,1,8,remote,0,4,0.0,0.0,0.0,0.0,0.0,0.0,0.0,0.0,2.5,3.5,3.0
m_U506sf9p4_2,m_U506sf9p4,2-5s,2.0,212.0,0.0,0.7,-0.7,harmful,1,9,remote,0,4,0.0,0.0,0.0,0.0,0.0,0.0,0.0,0.0,2.5,3.5,3.0
m_U506sf9p4_3,m_U506sf9p4,2-5s,2.0,212.0,0.0,1.0,-1.0,harmful,1,0,remote,0,8,0.0,0.0,0.0,0.0,0.0,0.0,0.0,0.0,3.5,3.5,3.5
m_U506sf9p4_3,m_U506sf9p4,2-5s,2.0,212.0,0.0,1.0,-1.0,harmful,1,1,remote,0,8,0.0,0.0,0.0,0.0,0.0,0.0,0.0,0.0,3.5,3.5,3.5
m_U506sf9p4_3,m_U506sf9p4,2-5s,2.0,212.0,0.0,1.0,-1.0,harmful,1,2,remote,0,8,0.0,0.0,0.0,0.0,0.0,0.0,0.0,0.0,3.5,3.5,3.5
m_U506sf9p4_3,m_U506sf9p4,2-5s,2.0,212.0,0.0,1.0,-1.0,harmful,1,3,remote,0,8,0.0,0.0,0.0,0.0,0.0,0.0,0.0,0.0,3.5,3.5,3.5
m_U506sf9p4_3,m_U506sf9p4,2-5s,2.0,212.0,0.0,1.0,-1.0,harmful,1,4,remote,0,8,0.0,0.0,0.0,0.0,0.0,0.0,0.0,0.0,3.5,3.5,3.5
m_U506sf9p4_3,m_U506sf9p4,2-5s,2.0,212.0,0.0,1.0,-1.0,harmful,1,5,remote,0,8,0.0,0.0,0.0,0.0,0.0,0.0,0.0,0.0,3.5,3.5,3.5
m_U506sf9p4_3,m_U506sf9p4,2-5s,2.0,212.0,0.0,1.0,-1.0,harmful,1,6,remote,0,8,0.0,0.0,1.0,-100.0,0.0,0.0,0.0,0.0,3.5,3.5,3.5
m_U506sf9p4_3,m_U506sf9p4,2-5s,2.0,212.0,0.0,1.0,-1.0,harmful,1,7,remote,0,8,0.0,0.0,0.0,0.0,0.0,0.0,0.0,0.0,3.5,3.5,3.5
m_U506sf9p4_3,m_U506sf9p4,2-5s,2.0,212.0,0.0,1.0,-1.0,harmful,1,8,remote,0,8,0.0,0.0,0.0,0.0,0.0,0.0,0.0,0.0,3.5,3.5,3.5
m_U506sf9p4_3,m_U506sf9p4,2-5s,2.0,212.0,0.0,1.0,-1.0,harmful,1,9,remote,0,8,0.0,0.0,0.0,0.0,0.0,0.0,0.0,0.0,3.5,3.5,3.5
m_U506sf9p4_4,m_U506sf9p4,2-5s,3.0,212.0,1.0,1.0,0.0,control,0,0,moderately_near,0,1,1.0,1.0,1.0,0.0,0.0,0.0,0.0,0.0,3.6666666666666665,3.6666666666666665,3.6666666666666665
m_U506sf9p4_4,m_U506sf9p4,2-5s,3.0,212.0,1.0,1.0,0.0,control,0,1,moderately_near,0,1,1.0,1.0,1.0,0.0,0.0,0.0,0.0,0.0,3.6666666666666665,3.6666666666666665,3.6666666666666665
m_U506sf9p4_4,m_U506sf9p4,2-5s,3.0,212.0,1.0,1.0,0.0,control,0,2,moderately_near,0,1,1.0,1.0,1.0,0.0,0.0,0.0,0.0,0.0,3.6666666666666665,3.6666666666666665,3.6666666666666665
m_U506sf9p4_4,m_U506sf9p4,2-5s,3.0,212.0,1.0,1.0,0.0,control,0,3,moderately_near,0,1,1.0,1.0,1.0,0.0,0.0,0.0,0.0,0.0,3.6666666666666665,3.6666666666666665,3.6666666666666665
m_U506sf9p4_4,m_U506sf9p4,2-5s,3.0,212.0,1.0,1.0,0.0,control,0,4,moderately_near,0,1,1.0,1.0,1.0,0.0,0.0,0.0,0.0,0.0,3.6666666666666665,3.6666666666666665,3.6666666666666665
m_U506sf9p4_4,m_U506sf9p4,2-5s,3.0,212.0,1.0,1.0,0.0,control,0,5,moderately_near,0,1,1.0,1.0,1.0,0.0,0.0,0.0,0.0,0.0,3.6666666666666665,3.6666666666666665,3.6666666666666665
m_U506sf9p4_4,m_U506sf9p4,2-5s,3.0,212.0,1.0,1.0,0.0,control,0,6,moderately_near,0,1,1.0,1.0,1.0,0.0,0.0,0.0,0.0,0.0,3.6666666666666665,3.6666666666666665,3.6666666666666665
m_U506sf9p4_4,m_U506sf9p4,2-5s,3.0,212.0,1.0,1.0,0.0,control,0,7,moderately_near,0,1,1.0,1.0,1.0,0.0,0.0,0.0,0.0,0.0,3.6666666666666665,3.6666666666666665,3.6666666666666665
m_U506sf9p4_4,m_U506sf9p4,2-5s,3.0,212.0,1.0,1.0,0.0,control,0,8,moderately_near,0,1,1.0,1.0,1.0,0.0,0.0,0.0,0.0,0.0,3.6666666666666665,3.6666666666666665,3.6666666666666665
m_U506sf9p4_4,m_U506sf9p4,2-5s,3.0,212.0,1.0,1.0,0.0,control,0,9,moderately_near,0,1,1.0,1.0,1.0,0.0,0.0,0.0,0.0,0.0,3.6666666666666665,3.6666666666666665,3.6666666666666665
n-JyOqYSLQM_2,n-JyOqYSLQM,2-5s,2.0,299.0,1.0,0.1,0.9,control,1,0,remote,0,2,0.0,0.0,0.0,0.0,0.0,0.0,0.0,0.0,5.0,4.5,5.0
n-JyOqYSLQM_2,n-JyOqYSLQM,2-5s,2.0,299.0,1.0,0.1,0.9,control,1,1,remote,0,2,0.0,0.0,0.0,0.0,0.0,0.0,0.0,0.0,5.0,4.5,5.0
n-JyOqYSLQM_2,n-JyOqYSLQM,2-5s,2.0,299.0,1.0,0.1,0.9,control,1,2,remote,0,2,0.0,0.0,0.0,0.0,0.0,0.0,0.0,0.0,5.0,4.5,5.0
n-JyOqYSLQM_2,n-JyOqYSLQM,2-5s,2.0,299.0,1.0,0.1,0.9,control,1,3,remote,0,2,0.0,0.0,0.0,0.0,0.0,0.0,0.0,0.0,5.0,4.5,5.0
n-JyOqYSLQM_2,n-JyOqYSLQM,2-5s,2.0,299.0,1.0,0.1,0.9,control,1,4,remote,0,2,0.0,0.0,0.0,0.0,0.0,0.0,0.0,0.0,5.0,4.5,4.5
n-JyOqYSLQM_2,n-JyOqYSLQM,2-5s,2.0,299.0,1.0,0.1,0.9,control,1,5,remote,0,2,0.0,0.0,0.0,0.0,0.0,0.0,0.0,0.0,5.0,4.5,5.0
n-JyOqYSLQM_2,n-JyOqYSLQM,2-5s,2.0,299.0,1.0,0.1,0.9,control,1,6,remote,0,2,0.0,0.0,0.0,0.0,0.0,0.0,0.0,0.0,5.0,4.5,5.0
n-JyOqYSLQM_2,n-JyOqYSLQM,2-5s,2.0,299.0,1.0,0.1,0.9,control,1,7,remote,0,2,0.0,0.0,0.0,0.0,0.0,0.0,0.0,0.0,5.0,4.5,5.0
n-JyOqYSLQM_2,n-JyOqYSLQM,2-5s,2.0,299.0,1.0,0.1,0.9,control,1,8,remote,0,2,0.0,0.0,0.0,0.0,0.0,0.0,0.0,0.0,5.0,4.5,5.0
n-JyOqYSLQM_2,n-JyOqYSLQM,2-5s,2.0,299.0,1.0,0.1,0.9,control,1,9,remote,0,2,0.0,0.0,0.0,0.0,0.0,0.0,0.0,0.0,5.0,4.5,5.0
nLtNjMimLE0_1,nLtNjMimLE0,2-5s,4.0,299.0,0.0,0.3,-0.3,harmful,1,0,remote,0,36,0.0,0.0,0.0,0.0,0.0,0.0,0.0,0.0,6.25,6.5,6.25
nLtNjMimLE0_1,nLtNjMimLE0,2-5s,4.0,299.0,0.0,0.3,-0.3,harmful,1,1,remote,0,36,0.0,0.0,0.0,0.0,0.0,0.0,0.0,0.0,6.25,6.5,6.25
nLtNjMimLE0_1,nLtNjMimLE0,2-5s,4.0,299.0,0.0,0.3,-0.3,harmful,1,2,remote,0,36,0.0,0.0,0.0,0.0,0.0,0.0,0.0,0.0,6.25,6.5,6.5
nLtNjMimLE0_1,nLtNjMimLE0,2-5s,4.0,299.0,0.0,0.3,-0.3,harmful,1,3,remote,0,36,0.0,0.0,0.0,0.0,0.0,0.0,0.0,0.0,6.25,6.5,6.0
nLtNjMimLE0_1,nLtNjMimLE0,2-5s,4.0,299.0,0.0,0.3,-0.3,harmful,1,4,remote,0,36,0.0,0.0,0.0,0.0,0.0,0.0,0.0,0.0,6.25,6.5,6.5
nLtNjMimLE0_1,nLtNjMimLE0,2-5s,4.0,299.0,0.0,0.3,-0.3,harmful,1,5,remote,0,36,0.0,0.0,0.0,0.0,0.0,0.0,0.0,0.0,6.25,6.5,6.0
nLtNjMimLE0_1,nLtNjMimLE0,2-5s,4.0,299.0,0.0,0.3,-0.3,harmful,1,6,remote,0,36,0.0,0.0,0.0,0.0,0.0,0.0,0.0,0.0,6.25,6.5,5.75
nLtNjMimLE0_1,nLtNjMimLE0,2-5s,4.0,299.0,0.0,0.3,-0.3,harmful,1,7,remote,0,36,0.0,0.0,0.0,0.0,0.0,0.0,0.0,0.0,6.25,6.5,5.75
nLtNjMimLE0_1,nLtNjMimLE0,2-5s,4.0,299.0,0.0,0.3,-0.3,harmful,1,8,remote,0,36,0.0,0.0,0.0,0.0,0.0,0.0,0.0,0.0,6.25,6.5,6.5
nLtNjMimLE0_1,nLtNjMimLE0,2-5s,4.0,299.0,0.0,0.3,-0.3,harmful,1,9,remote,0,36,0.0,0.0,0.0,0.0,0.0,0.0,0.0,0.0,6.25,6.5,6.0
nU-AI3Cmc3M_1,nU-AI3Cmc3M,2-5s,3.0,86.0,0.0,1.0,-1.0,harmful,0,0,remote,0,4,1.0,1.0,1.0,0.0,0.0,0.0,0.0,0.0,1.3333333333333333,1.3333333333333333,1.3333333333333333
nU-AI3Cmc3M_1,nU-AI3Cmc3M,2-5s,3.0,86.0,0.0,1.0,-1.0,harmful,0,1,remote,0,4,1.0,1.0,1.0,0.0,0.0,0.0,0.0,0.0,1.3333333333333333,1.3333333333333333,1.3333333333333333
nU-AI3Cmc3M_1,nU-AI3Cmc3M,2-5s,3.0,86.0,0.0,1.0,-1.0,harmful,0,2,remote,0,4,1.0,1.0,1.0,0.0,0.0,0.0,0.0,0.0,1.3333333333333333,1.3333333333333333,1.3333333333333333
nU-AI3Cmc3M_1,nU-AI3Cmc3M,2-5s,3.0,86.0,0.0,1.0,-1.0,harmful,0,3,remote,0,4,1.0,1.0,1.0,0.0,0.0,0.0,0.0,0.0,1.3333333333333333,1.3333333333333333,1.3333333333333333
nU-AI3Cmc3M_1,nU-AI3Cmc3M,2-5s,3.0,86.0,0.0,1.0,-1.0,harmful,0,4,remote,0,4,1.0,1.0,1.0,0.0,0.0,0.0,0.0,0.0,1.3333333333333333,1.3333333333333333,1.3333333333333333
nU-AI3Cmc3M_1,nU-AI3Cmc3M,2-5s,3.0,86.0,0.0,1.0,-1.0,harmful,0,5,remote,0,4,1.0,1.0,1.0,0.0,0.0,0.0,0.0,0.0,1.3333333333333333,1.3333333333333333,1.3333333333333333
nU-AI3Cmc3M_1,nU-AI3Cmc3M,2-5s,3.0,86.0,0.0,1.0,-1.0,harmful,0,6,remote,0,4,1.0,1.0,1.0,0.0,0.0,0.0,0.0,0.0,1.3333333333333333,1.3333333333333333,1.3333333333333333
nU-AI3Cmc3M_1,nU-AI3Cmc3M,2-5s,3.0,86.0,0.0,1.0,-1.0,harmful,0,7,remote,0,4,1.0,1.0,1.0,0.0,0.0,0.0,0.0,0.0,1.3333333333333333,1.3333333333333333,1.3333333333333333
nU-AI3Cmc3M_1,nU-AI3Cmc3M,2-5s,3.0,86.0,0.0,1.0,-1.0,harmful,0,8,remote,0,4,1.0,1.0,1.0,0.0,0.0,0.0,0.0,0.0,1.3333333333333333,1.3333333333333333,1.3333333333333333
nU-AI3Cmc3M_1,nU-AI3Cmc3M,2-5s,3.0,86.0,0.0,1.0,-1.0,harmful,0,9,remote,0,4,1.0,1.0,1.0,0.0,0.0,0.0,0.0,0.0,1.3333333333333333,1.3333333333333333,1.3333333333333333
nlC4UI4hZ60_2,nlC4UI4hZ60,2-5s,3.0,77.0,0.0,0.0,0.0,control,0,0,remote,0,18,1.0,0.0,0.0,0.0,0.0,0.0,0.0,0.0,1.6666666666666667,0.3333333333333333,1.6666666666666667
nlC4UI4hZ60_2,nlC4UI4hZ60,2-5s,3.0,77.0,0.0,0.0,0.0,control,0,1,remote,0,18,1.0,0.0,0.0,0.0,0.0,0.0,0.0,0.0,1.6666666666666667,0.3333333333333333,1.6666666666666667
nlC4UI4hZ60_2,nlC4UI4hZ60,2-5s,3.0,77.0,0.0,0.0,0.0,control,0,2,remote,0,18,1.0,0.0,0.0,0.0,0.0,0.0,0.0,0.0,1.6666666666666667,0.3333333333333333,1.6666666666666667
nlC4UI4hZ60_2,nlC4UI4hZ60,2-5s,3.0,77.0,0.0,0.0,0.0,control,0,3,remote,0,18,1.0,0.0,0.0,0.0,0.0,0.0,0.0,0.0,1.6666666666666667,0.3333333333333333,1.6666666666666667
nlC4UI4hZ60_2,nlC4UI4hZ60,2-5s,3.0,77.0,0.0,0.0,0.0,control,0,4,remote,0,18,1.0,0.0,0.0,0.0,0.0,0.0,0.0,0.0,1.6666666666666667,0.3333333333333333,1.6666666666666667
nlC4UI4hZ60_2,nlC4UI4hZ60,2-5s,3.0,77.0,0.0,0.0,0.0,control,0,5,remote,0,18,1.0,0.0,0.0,0.0,0.0,0.0,0.0,0.0,1.6666666666666667,0.3333333333333333,1.6666666666666667
nlC4UI4hZ60_2,nlC4UI4hZ60,2-5s,3.0,77.0,0.0,0.0,0.0,control,0,6,remote,0,18,1.0,0.0,0.0,0.0,0.0,0.0,0.0,0.0,1.6666666666666667,0.3333333333333333,1.6666666666666667
nlC4UI4hZ60_2,nlC4UI4hZ60,2-5s,3.0,77.0,0.0,0.0,0.0,control,0,7,remote,0,18,1.0,0.0,0.0,0.0,0.0,0.0,0.0,0.0,1.6666666666666667,0.3333333333333333,1.6666666666666667
nlC4UI4hZ60_2,nlC4UI4hZ60,2-5s,3.0,77.0,0.0,0.0,0.0,control,0,8,remote,0,18,1.0,0.0,0.0,0.0,0.0,0.0,0.0,0.0,1.6666666666666667,0.3333333333333333,1.6666666666666667
nlC4UI4hZ60_2,nlC4UI4hZ60,2-5s,3.0,77.0,0.0,0.0,0.0,control,0,9,remote,0,18,1.0,0.0,0.0,0.0,0.0,0.0,0.0,0.0,1.6666666666666667,0.3333333333333333,1.6666666666666667
o7-X8DAToGc_1,o7-X8DAToGc,2-5s,2.0,300.0,1.0,0.0,1.0,control,1,0,remote,0,1,0.0,0.0,0.0,0.0,0.0,0.0,0.0,0.0,5.5,5.5,5.5
o7-X8DAToGc_1,o7-X8DAToGc,2-5s,2.0,300.0,1.0,0.0,1.0,control,1,1,remote,0,1,0.0,0.0,0.0,0.0,0.0,0.0,0.0,0.0,5.5,5.5,5.5
o7-X8DAToGc_1,o7-X8DAToGc,2-5s,2.0,300.0,1.0,0.0,1.0,control,1,2,remote,0,1,0.0,0.0,0.0,0.0,0.0,0.0,0.0,0.0,5.5,5.5,5.5
o7-X8DAToGc_1,o7-X8DAToGc,2-5s,2.0,300.0,1.0,0.0,1.0,control,1,3,remote,0,1,0.0,0.0,0.0,0.0,0.0,0.0,0.0,0.0,5.5,5.5,6.0
o7-X8DAToGc_1,o7-X8DAToGc,2-5s,2.0,300.0,1.0,0.0,1.0,control,1,4,remote,0,1,0.0,0.0,0.0,0.0,0.0,0.0,0.0,0.0,5.5,5.5,5.5
o7-X8DAToGc_1,o7-X8DAToGc,2-5s,2.0,300.0,1.0,0.0,1.0,control,1,5,remote,0,1,0.0,0.0,0.0,0.0,0.0,0.0,0.0,0.0,5.5,5.5,5.5
o7-X8DAToGc_1,o7-X8DAToGc,2-5s,2.0,300.0,1.0,0.0,1.0,control,1,6,remote,0,1,0.0,0.0,0.0,0.0,0.0,0.0,0.0,0.0,5.5,5.5,5.5
o7-X8DAToGc_1,o7-X8DAToGc,2-5s,2.0,300.0,1.0,0.0,1.0,control,1,7,remote,0,1,0.0,0.0,0.0,0.0,0.0,0.0,0.0,0.0,5.5,5.5,5.5
o7-X8DAToGc_1,o7-X8DAToGc,2-5s,2.0,300.0,1.0,0.0,1.0,control,1,8,remote,0,1,0.0,0.0,0.0,0.0,0.0,0.0,0.0,0.0,5.5,5.5,6.0
o7-X8DAToGc_1,o7-X8DAToGc,2-5s,2.0,300.0,1.0,0.0,1.0,control,1,9,remote,0,1,0.0,0.0,0.0,0.0,0.0,0.0,0.0,0.0,5.5,5.5,5.5
o7-X8DAToGc_2,o7-X8DAToGc,2-5s,2.0,300.0,0.0,0.0,0.0,control,1,0,remote,0,2,0.0,0.0,0.0,0.0,0.0,0.0,0.0,0.0,7.5,7.5,7.5
o7-X8DAToGc_2,o7-X8DAToGc,2-5s,2.0,300.0,0.0,0.0,0.0,control,1,1,remote,0,2,0.0,0.0,0.0,0.0,0.0,0.0,0.0,0.0,7.5,7.5,7.5
o7-X8DAToGc_2,o7-X8DAToGc,2-5s,2.0,300.0,0.0,0.0,0.0,control,1,2,remote,0,2,0.0,0.0,0.0,0.0,0.0,0.0,0.0,0.0,7.5,7.5,7.5
o7-X8DAToGc_2,o7-X8DAToGc,2-5s,2.0,300.0,0.0,0.0,0.0,control,1,3,remote,0,2,0.0,0.0,0.0,0.0,0.0,0.0,0.0,0.0,7.5,7.5,7.5
o7-X8DAToGc_2,o7-X8DAToGc,2-5s,2.0,300.0,0.0,0.0,0.0,control,1,4,remote,0,2,0.0,0.0,0.0,0.0,0.0,0.0,0.0,0.0,7.5,7.5,7.5
o7-X8DAToGc_2,o7-X8DAToGc,2-5s,2.0,300.0,0.0,0.0,0.0,control,1,5,remote,0,2,0.0,0.0,0.0,0.0,0.0,0.0,0.0,0.0,7.5,7.5,7.5
o7-X8DAToGc_2,o7-X8DAToGc,2-5s,2.0,300.0,0.0,0.0,0.0,control,1,6,remote,0,2,0.0,0.0,0.0,0.0,0.0,0.0,0.0,0.0,7.5,7.5,7.5
o7-X8DAToGc_2,o7-X8DAToGc,2-5s,2.0,300.0,0.0,0.0,0.0,control,1,7,remote,0,2,0.0,0.0,0.0,0.0,0.0,0.0,0.0,0.0,7.5,7.5,7.5
o7-X8DAToGc_2,o7-X8DAToGc,2-5s,2.0,300.0,0.0,0.0,0.0,control,1,8,remote,0,2,0.0,0.0,0.0,0.0,0.0,0.0,0.0,0.0,7.5,7.5,7.5
o7-X8DAToGc_2,o7-X8DAToGc,2-5s,2.0,300.0,0.0,0.0,0.0,control,1,9,remote,0,2,0.0,0.0,0.0,0.0,0.0,0.0,0.0,0.0,7.5,7.5,7.5
oN0IcZaHD_8_2,oN0IcZaHD_8,2-5s,2.0,299.0,1.0,1.0,0.0,control,0,0,adjacent,0,2,1.0,1.0,1.0,0.0,0.0,0.0,0.0,0.0,6.5,6.0,6.5
oN0IcZaHD_8_2,oN0IcZaHD_8,2-5s,2.0,299.0,1.0,1.0,0.0,control,0,1,adjacent,0,2,1.0,1.0,1.0,0.0,0.0,0.0,0.0,0.0,6.5,6.0,6.0
oN0IcZaHD_8_2,oN0IcZaHD_8,2-5s,2.0,299.0,1.0,1.0,0.0,control,0,2,adjacent,0,2,1.0,1.0,1.0,0.0,0.0,0.0,0.0,0.0,6.5,6.0,6.0
oN0IcZaHD_8_2,oN0IcZaHD_8,2-5s,2.0,299.0,1.0,1.0,0.0,control,0,3,adjacent,0,2,1.0,1.0,1.0,0.0,0.0,0.0,0.0,0.0,6.5,6.0,6.5
oN0IcZaHD_8_2,oN0IcZaHD_8,2-5s,2.0,299.0,1.0,1.0,0.0,control,0,4,adjacent,0,2,1.0,1.0,1.0,0.0,0.0,0.0,0.0,0.0,6.5,6.0,6.0
oN0IcZaHD_8_2,oN0IcZaHD_8,2-5s,2.0,299.0,1.0,1.0,0.0,control,0,5,adjacent,0,2,1.0,1.0,1.0,0.0,0.0,0.0,0.0,0.0,6.5,6.0,6.0
oN0IcZaHD_8_2,oN0IcZaHD_8,2-5s,2.0,299.0,1.0,1.0,0.0,control,0,6,adjacent,0,2,1.0,1.0,1.0,0.0,0.0,0.0,0.0,0.0,6.5,6.0,6.0
oN0IcZaHD_8_2,oN0IcZaHD_8,2-5s,2.0,299.0,1.0,1.0,0.0,control,0,7,adjacent,0,2,1.0,1.0,1.0,0.0,0.0,0.0,0.0,0.0,6.5,6.0,6.0
oN0IcZaHD_8_2,oN0IcZaHD_8,2-5s,2.0,299.0,1.0,1.0,0.0,control,0,8,adjacent,0,2,1.0,1.0,1.0,0.0,0.0,0.0,0.0,0.0,6.5,6.0,6.0
oN0IcZaHD_8_2,oN0IcZaHD_8,2-5s,2.0,299.0,1.0,1.0,0.0,control,0,9,adjacent,0,2,1.0,1.0,1.0,0.0,0.0,0.0,0.0,0.0,6.5,6.0,6.0
oNHCc_izsDE_1,oNHCc_izsDE,0-2s,1.0,106.0,0.0,1.0,-1.0,harmful,0,0,adjacent,0,1,1.0,1.0,1.0,0.0,0.0,0.0,0.0,0.0,3.0,3.0,3.0
oNHCc_izsDE_1,oNHCc_izsDE,0-2s,1.0,106.0,0.0,1.0,-1.0,harmful,0,1,adjacent,0,1,1.0,1.0,1.0,0.0,0.0,0.0,0.0,0.0,3.0,3.0,3.0
oNHCc_izsDE_1,oNHCc_izsDE,0-2s,1.0,106.0,0.0,1.0,-1.0,harmful,0,2,adjacent,0,1,1.0,1.0,1.0,0.0,0.0,0.0,0.0,0.0,3.0,3.0,3.0
oNHCc_izsDE_1,oNHCc_izsDE,0-2s,1.0,106.0,0.0,1.0,-1.0,harmful,0,3,adjacent,0,1,1.0,1.0,1.0,0.0,0.0,0.0,0.0,0.0,3.0,3.0,3.0
oNHCc_izsDE_1,oNHCc_izsDE,0-2s,1.0,106.0,0.0,1.0,-1.0,harmful,0,4,adjacent,0,1,1.0,1.0,1.0,0.0,0.0,0.0,0.0,0.0,3.0,3.0,3.0
oNHCc_izsDE_1,oNHCc_izsDE,0-2s,1.0,106.0,0.0,1.0,-1.0,harmful,0,5,adjacent,0,1,1.0,1.0,1.0,0.0,0.0,0.0,0.0,0.0,3.0,3.0,3.0
oNHCc_izsDE_1,oNHCc_izsDE,0-2s,1.0,106.0,0.0,1.0,-1.0,harmful,0,6,adjacent,0,1,1.0,1.0,1.0,0.0,0.0,0.0,0.0,0.0,3.0,3.0,3.0
oNHCc_izsDE_1,oNHCc_izsDE,0-2s,1.0,106.0,0.0,1.0,-1.0,harmful,0,7,adjacent,0,1,1.0,1.0,1.0,0.0,0.0,0.0,0.0,0.0,3.0,3.0,3.0
oNHCc_izsDE_1,oNHCc_izsDE,0-2s,1.0,106.0,0.0,1.0,-1.0,harmful,0,8,adjacent,0,1,1.0,1.0,1.0,0.0,0.0,0.0,0.0,0.0,3.0,3.0,3.0
oNHCc_izsDE_1,oNHCc_izsDE,0-2s,1.0,106.0,0.0,1.0,-1.0,harmful,0,9,adjacent,0,1,1.0,1.0,1.0,0.0,0.0,0.0,0.0,0.0,3.0,3.0,3.0
os_2U4xqTqw_1,os_2U4xqTqw,2-5s,3.0,223.0,1.0,1.0,0.0,control,0,0,moderately_near,0,9,1.0,1.0,1.0,0.0,0.0,0.0,0.0,0.0,4.666666666666667,4.666666666666667,4.666666666666667
os_2U4xqTqw_1,os_2U4xqTqw,2-5s,3.0,223.0,1.0,1.0,0.0,control,0,1,moderately_near,0,9,1.0,1.0,1.0,0.0,0.0,0.0,0.0,0.0,4.666666666666667,4.666666666666667,4.666666666666667
os_2U4xqTqw_1,os_2U4xqTqw,2-5s,3.0,223.0,1.0,1.0,0.0,control,0,2,moderately_near,0,9,1.0,1.0,1.0,0.0,0.0,0.0,0.0,0.0,4.666666666666667,4.666666666666667,4.666666666666667
os_2U4xqTqw_1,os_2U4xqTqw,2-5s,3.0,223.0,1.0,1.0,0.0,control,0,3,moderately_near,0,9,1.0,1.0,1.0,0.0,0.0,0.0,0.0,0.0,4.666666666666667,4.666666666666667,4.666666666666667
os_2U4xqTqw_1,os_2U4xqTqw,2-5s,3.0,223.0,1.0,1.0,0.0,control,0,4,moderately_near,0,9,1.0,1.0,1.0,0.0,0.0,0.0,0.0,0.0,4.666666666666667,4.666666666666667,4.666666666666667
os_2U4xqTqw_1,os_2U4xqTqw,2-5s,3.0,223.0,1.0,1.0,0.0,control,0,5,moderately_near,0,9,1.0,1.0,1.0,0.0,0.0,0.0,0.0,0.0,4.666666666666667,4.666666666666667,4.666666666666667
os_2U4xqTqw_1,os_2U4xqTqw,2-5s,3.0,223.0,1.0,1.0,0.0,control,0,6,moderately_near,0,9,1.0,1.0,1.0,0.0,0.0,0.0,0.0,0.0,4.666666666666667,4.666666666666667,4.666666666666667
os_2U4xqTqw_1,os_2U4xqTqw,2-5s,3.0,223.0,1.0,1.0,0.0,control,0,7,moderately_near,0,9,1.0,1.0,1.0,0.0,0.0,0.0,0.0,0.0,4.666666666666667,4.666666666666667,4.666666666666667
os_2U4xqTqw_1,os_2U4xqTqw,2-5s,3.0,223.0,1.0,1.0,0.0,control,0,8,moderately_near,0,9,1.0,1.0,1.0,0.0,0.0,0.0,0.0,0.0,4.666666666666667,4.666666666666667,4.666666666666667
os_2U4xqTqw_1,os_2U4xqTqw,2-5s,3.0,223.0,1.0,1.0,0.0,control,0,9,moderately_near,0,9,1.0,1.0,1.0,0.0,0.0,0.0,0.0,0.0,4.666666666666667,4.666666666666667,4.666666666666667
os_2U4xqTqw_2,os_2U4xqTqw,2-5s,3.0,223.0,1.0,1.0,0.0,control,0,0,remote,0,7,1.0,1.0,1.0,0.0,0.0,0.0,0.0,0.0,6.0,6.333333333333333,6.0
os_2U4xqTqw_2,os_2U4xqTqw,2-5s,3.0,223.0,1.0,1.0,0.0,control,0,1,remote,0,7,1.0,1.0,1.0,0.0,0.0,0.0,0.0,0.0,6.0,6.333333333333333,6.0
os_2U4xqTqw_2,os_2U4xqTqw,2-5s,3.0,223.0,1.0,1.0,0.0,control,0,2,remote,0,7,1.0,1.0,1.0,0.0,0.0,0.0,0.0,0.0,6.0,6.333333333333333,6.0
os_2U4xqTqw_2,os_2U4xqTqw,2-5s,3.0,223.0,1.0,1.0,0.0,control,0,3,remote,0,7,1.0,1.0,1.0,0.0,0.0,0.0,0.0,0.0,6.0,6.333333333333333,6.0
os_2U4xqTqw_2,os_2U4xqTqw,2-5s,3.0,223.0,1.0,1.0,0.0,control,0,4,remote,0,7,1.0,1.0,1.0,0.0,0.0,0.0,0.0,0.0,6.0,6.333333333333333,6.0
os_2U4xqTqw_2,os_2U4xqTqw,2-5s,3.0,223.0,1.0,1.0,0.0,control,0,5,remote,0,7,1.0,1.0,1.0,0.0,0.0,0.0,0.0,0.0,6.0,6.333333333333333,6.0
os_2U4xqTqw_2,os_2U4xqTqw,2-5s,3.0,223.0,1.0,1.0,0.0,control,0,6,remote,0,7,1.0,1.0,1.0,0.0,0.0,0.0,0.0,0.0,6.0,6.333333333333333,6.0
os_2U4xqTqw_2,os_2U4xqTqw,2-5s,3.0,223.0,1.0,1.0,0.0,control,0,7,remote,0,7,1.0,1.0,1.0,0.0,0.0,0.0,0.0,0.0,6.0,6.333333333333333,6.333333333333333
os_2U4xqTqw_2,os_2U4xqTqw,2-5s,3.0,223.0,1.0,1.0,0.0,control,0,8,remote,0,7,1.0,1.0,1.0,0.0,0.0,0.0,0.0,0.0,6.0,6.333333333333333,6.0
os_2U4xqTqw_2,os_2U4xqTqw,2-5s,3.0,223.0,1.0,1.0,0.0,control,0,9,remote,0,7,1.0,1.0,1.0,0.0,0.0,0.0,0.0,0.0,6.0,6.333333333333333,6.0
os_2U4xqTqw_3,os_2U4xqTqw,0-2s,1.0,223.0,1.0,1.0,0.0,control,0,0,adjacent,0,1,1.0,0.0,1.0,-100.0,0.0,0.0,0.0,0.0,9.0,9.0,9.0
os_2U4xqTqw_3,os_2U4xqTqw,0-2s,1.0,223.0,1.0,1.0,0.0,control,0,1,adjacent,0,1,1.0,0.0,1.0,-100.0,0.0,0.0,0.0,0.0,9.0,9.0,9.0
os_2U4xqTqw_3,os_2U4xqTqw,0-2s,1.0,223.0,1.0,1.0,0.0,control,0,2,adjacent,0,1,1.0,0.0,1.0,-100.0,0.0,0.0,0.0,0.0,9.0,9.0,9.0
os_2U4xqTqw_3,os_2U4xqTqw,0-2s,1.0,223.0,1.0,1.0,0.0,control,0,3,adjacent,0,1,1.0,0.0,1.0,-100.0,0.0,0.0,0.0,0.0,9.0,9.0,9.0
os_2U4xqTqw_3,os_2U4xqTqw,0-2s,1.0,223.0,1.0,1.0,0.0,control,0,4,adjacent,0,1,1.0,0.0,1.0,-100.0,0.0,0.0,0.0,0.0,9.0,9.0,9.0
os_2U4xqTqw_3,os_2U4xqTqw,0-2s,1.0,223.0,1.0,1.0,0.0,control,0,5,adjacent,0,1,1.0,0.0,1.0,-100.0,0.0,0.0,0.0,0.0,9.0,9.0,9.0
os_2U4xqTqw_3,os_2U4xqTqw,0-2s,1.0,223.0,1.0,1.0,0.0,control,0,6,adjacent,0,1,1.0,0.0,1.0,-100.0,0.0,0.0,0.0,0.0,9.0,9.0,9.0
os_2U4xqTqw_3,os_2U4xqTqw,0-2s,1.0,223.0,1.0,1.0,0.0,control,0,7,adjacent,0,1,1.0,0.0,1.0,-100.0,0.0,0.0,0.0,0.0,9.0,9.0,9.0
os_2U4xqTqw_3,os_2U4xqTqw,0-2s,1.0,223.0,1.0,1.0,0.0,control,0,8,adjacent,0,1,1.0,0.0,1.0,-100.0,0.0,0.0,0.0,0.0,9.0,9.0,9.0
os_2U4xqTqw_3,os_2U4xqTqw,0-2s,1.0,223.0,1.0,1.0,0.0,control,0,9,adjacent,0,1,1.0,0.0,1.0,-100.0,0.0,0.0,0.0,0.0,9.0,9.0,9.0
os_2U4xqTqw_4,os_2U4xqTqw,2-5s,4.0,223.0,0.0,0.7,-0.7,harmful,0,0,remote,0,3,1.0,1.0,1.0,0.0,0.0,0.0,0.0,0.0,2.25,1.75,2.25
os_2U4xqTqw_4,os_2U4xqTqw,2-5s,4.0,223.0,0.0,0.7,-0.7,harmful,0,1,remote,0,3,1.0,1.0,1.0,0.0,0.0,0.0,0.0,0.0,2.25,1.75,2.25
os_2U4xqTqw_4,os_2U4xqTqw,2-5s,4.0,223.0,0.0,0.7,-0.7,harmful,0,2,remote,0,3,1.0,1.0,1.0,0.0,0.0,0.0,0.0,0.0,2.25,1.75,2.25
os_2U4xqTqw_4,os_2U4xqTqw,2-5s,4.0,223.0,0.0,0.7,-0.7,harmful,0,3,remote,0,3,1.0,1.0,1.0,0.0,0.0,0.0,0.0,0.0,2.25,1.75,2.25
os_2U4xqTqw_4,os_2U4xqTqw,2-5s,4.0,223.0,0.0,0.7,-0.7,harmful,0,4,remote,0,3,1.0,1.0,1.0,0.0,0.0,0.0,0.0,0.0,2.25,1.75,2.25
os_2U4xqTqw_4,os_2U4xqTqw,2-5s,4.0,223.0,0.0,0.7,-0.7,harmful,0,5,remote,0,3,1.0,1.0,1.0,0.0,0.0,0.0,0.0,0.0,2.25,1.75,2.25
os_2U4xqTqw_4,os_2U4xqTqw,2-5s,4.0,223.0,0.0,0.7,-0.7,harmful,0,6,remote,0,3,1.0,1.0,1.0,0.0,0.0,0.0,0.0,0.0,2.25,1.75,2.25
os_2U4xqTqw_4,os_2U4xqTqw,2-5s,4.0,223.0,0.0,0.7,-0.7,harmful,0,7,remote,0,3,1.0,1.0,1.0,0.0,0.0,0.0,0.0,0.0,2.25,1.75,2.25
os_2U4xqTqw_4,os_2U4xqTqw,2-5s,4.0,223.0,0.0,0.7,-0.7,harmful,0,8,remote,0,3,1.0,1.0,1.0,0.0,0.0,0.0,0.0,0.0,2.25,1.75,2.25
os_2U4xqTqw_4,os_2U4xqTqw,2-5s,4.0,223.0,0.0,0.7,-0.7,harmful,0,9,remote,0,3,1.0,1.0,1.0,0.0,0.0,0.0,0.0,0.0,2.25,1.75,2.25
p9qRTh4BmSE_1,p9qRTh4BmSE,2-5s,2.0,128.0,0.0,0.3,-0.3,harmful,1,0,moderately_near,1,7,0.0,1.0,0.0,100.0,0.0,0.0,0.0,0.0,3.5,4.0,4.0
p9qRTh4BmSE_1,p9qRTh4BmSE,2-5s,2.0,128.0,0.0,0.3,-0.3,harmful,1,1,moderately_near,1,7,0.0,1.0,0.0,100.0,0.0,0.0,0.0,0.0,3.5,4.0,4.0
p9qRTh4BmSE_1,p9qRTh4BmSE,2-5s,2.0,128.0,0.0,0.3,-0.3,harmful,1,2,moderately_near,1,7,0.0,1.0,0.0,100.0,0.0,0.0,0.0,0.0,3.5,4.0,4.0
p9qRTh4BmSE_1,p9qRTh4BmSE,2-5s,2.0,128.0,0.0,0.3,-0.3,harmful,1,3,moderately_near,1,7,0.0,1.0,0.0,100.0,0.0,0.0,0.0,0.0,3.5,4.0,4.0
p9qRTh4BmSE_1,p9qRTh4BmSE,2-5s,2.0,128.0,0.0,0.3,-0.3,harmful,1,4,moderately_near,1,7,0.0,1.0,0.0,100.0,0.0,0.0,0.0,0.0,3.5,4.0,4.0
p9qRTh4BmSE_1,p9qRTh4BmSE,2-5s,2.0,128.0,0.0,0.3,-0.3,harmful,1,5,moderately_near,1,7,0.0,1.0,0.0,100.0,0.0,0.0,0.0,0.0,3.5,4.0,4.0
p9qRTh4BmSE_1,p9qRTh4BmSE,2-5s,2.0,128.0,0.0,0.3,-0.3,harmful,1,6,moderately_near,1,7,0.0,1.0,0.0,100.0,0.0,0.0,0.0,0.0,3.5,4.0,4.0
p9qRTh4BmSE_1,p9qRTh4BmSE,2-5s,2.0,128.0,0.0,0.3,-0.3,harmful,1,7,moderately_near,1,7,0.0,1.0,0.0,100.0,0.0,0.0,0.0,0.0,3.5,4.0,4.0
p9qRTh4BmSE_1,p9qRTh4BmSE,2-5s,2.0,128.0,0.0,0.3,-0.3,harmful,1,8,moderately_near,1,7,0.0,1.0,0.0,100.0,0.0,0.0,0.0,0.0,3.5,4.0,4.0
p9qRTh4BmSE_1,p9qRTh4BmSE,2-5s,2.0,128.0,0.0,0.3,-0.3,harmful,1,9,moderately_near,1,7,0.0,1.0,0.0,100.0,0.0,0.0,0.0,0.0,3.5,4.0,4.0
p9qRTh4BmSE_2,p9qRTh4BmSE,2-5s,2.0,128.0,1.0,0.9,0.09999999999999998,control,0,0,remote,0,26,1.0,1.0,1.0,0.0,0.0,0.0,0.0,0.0,10.5,8.5,10.5
p9qRTh4BmSE_2,p9qRTh4BmSE,2-5s,2.0,128.0,1.0,0.9,0.09999999999999998,control,0,1,remote,0,26,1.0,1.0,1.0,0.0,0.0,0.0,0.0,0.0,10.5,8.5,10.0
p9qRTh4BmSE_2,p9qRTh4BmSE,2-5s,2.0,128.0,1.0,0.9,0.09999999999999998,control,0,2,remote,0,26,1.0,1.0,1.0,0.0,0.0,0.0,0.0,0.0,10.5,8.5,10.0
p9qRTh4BmSE_2,p9qRTh4BmSE,2-5s,2.0,128.0,1.0,0.9,0.09999999999999998,control,0,3,remote,0,26,1.0,1.0,1.0,0.0,0.0,0.0,0.0,0.0,10.5,8.5,10.5
p9qRTh4BmSE_2,p9qRTh4BmSE,2-5s,2.0,128.0,1.0,0.9,0.09999999999999998,control,0,4,remote,0,26,1.0,1.0,1.0,0.0,0.0,0.0,0.0,0.0,10.5,8.5,10.5
p9qRTh4BmSE_2,p9qRTh4BmSE,2-5s,2.0,128.0,1.0,0.9,0.09999999999999998,control,0,5,remote,0,26,1.0,1.0,1.0,0.0,0.0,0.0,0.0,0.0,10.5,8.5,10.5
p9qRTh4BmSE_2,p9qRTh4BmSE,2-5s,2.0,128.0,1.0,0.9,0.09999999999999998,control,0,6,remote,0,26,1.0,1.0,1.0,0.0,0.0,0.0,0.0,0.0,10.5,8.5,11.5
p9qRTh4BmSE_2,p9qRTh4BmSE,2-5s,2.0,128.0,1.0,0.9,0.09999999999999998,control,0,7,remote,0,26,1.0,1.0,1.0,0.0,0.0,0.0,0.0,0.0,10.5,8.5,10.5
p9qRTh4BmSE_2,p9qRTh4BmSE,2-5s,2.0,128.0,1.0,0.9,0.09999999999999998,control,0,8,remote,0,26,1.0,1.0,1.0,0.0,0.0,0.0,0.0,0.0,10.5,8.5,11.0
p9qRTh4BmSE_2,p9qRTh4BmSE,2-5s,2.0,128.0,1.0,0.9,0.09999999999999998,control,0,9,remote,0,26,1.0,1.0,1.0,0.0,0.0,0.0,0.0,0.0,10.5,8.5,10.0
pCQEWAFGEjc_1,pCQEWAFGEjc,2-5s,3.0,299.0,1.0,1.0,0.0,control,0,0,moderately_near,0,8,1.0,1.0,1.0,0.0,0.0,0.0,0.0,0.0,3.0,2.6666666666666665,3.0
pCQEWAFGEjc_1,pCQEWAFGEjc,2-5s,3.0,299.0,1.0,1.0,0.0,control,0,1,moderately_near,0,8,1.0,1.0,1.0,0.0,0.0,0.0,0.0,0.0,3.0,2.6666666666666665,3.0
pCQEWAFGEjc_1,pCQEWAFGEjc,2-5s,3.0,299.0,1.0,1.0,0.0,control,0,2,moderately_near,0,8,1.0,1.0,1.0,0.0,0.0,0.0,0.0,0.0,3.0,2.6666666666666665,3.0
pCQEWAFGEjc_1,pCQEWAFGEjc,2-5s,3.0,299.0,1.0,1.0,0.0,control,0,3,moderately_near,0,8,1.0,1.0,1.0,0.0,0.0,0.0,0.0,0.0,3.0,2.6666666666666665,3.0
pCQEWAFGEjc_1,pCQEWAFGEjc,2-5s,3.0,299.0,1.0,1.0,0.0,control,0,4,moderately_near,0,8,1.0,1.0,1.0,0.0,0.0,0.0,0.0,0.0,3.0,2.6666666666666665,3.0
pCQEWAFGEjc_1,pCQEWAFGEjc,2-5s,3.0,299.0,1.0,1.0,0.0,control,0,5,moderately_near,0,8,1.0,1.0,1.0,0.0,0.0,0.0,0.0,0.0,3.0,2.6666666666666665,3.0
pCQEWAFGEjc_1,pCQEWAFGEjc,2-5s,3.0,299.0,1.0,1.0,0.0,control,0,6,moderately_near,0,8,1.0,1.0,1.0,0.0,0.0,0.0,0.0,0.0,3.0,2.6666666666666665,3.0
pCQEWAFGEjc_1,pCQEWAFGEjc,2-5s,3.0,299.0,1.0,1.0,0.0,control,0,7,moderately_near,0,8,1.0,1.0,1.0,0.0,0.0,0.0,0.0,0.0,3.0,2.6666666666666665,3.0
pCQEWAFGEjc_1,pCQEWAFGEjc,2-5s,3.0,299.0,1.0,1.0,0.0,control,0,8,moderately_near,0,8,1.0,1.0,1.0,0.0,0.0,0.0,0.0,0.0,3.0,2.6666666666666665,4.0
pCQEWAFGEjc_1,pCQEWAFGEjc,2-5s,3.0,299.0,1.0,1.0,0.0,control,0,9,moderately_near,0,8,1.0,1.0,1.0,0.0,0.0,0.0,0.0,0.0,3.0,2.6666666666666665,3.0
pCQEWAFGEjc_2,pCQEWAFGEjc,2-5s,4.0,299.0,0.0,0.8,-0.8,harmful,1,0,remote,0,50,0.0,0.0,1.0,-100.0,0.0,0.0,0.0,0.0,2.75,1.5,2.5
pCQEWAFGEjc_2,pCQEWAFGEjc,2-5s,4.0,299.0,0.0,0.8,-0.8,harmful,1,1,remote,0,50,0.0,0.0,0.0,0.0,0.0,0.0,0.0,0.0,2.75,1.5,3.0
pCQEWAFGEjc_2,pCQEWAFGEjc,2-5s,4.0,299.0,0.0,0.8,-0.8,harmful,1,2,remote,0,50,0.0,0.0,1.0,-100.0,0.0,0.0,0.0,0.0,2.75,1.5,2.75
pCQEWAFGEjc_2,pCQEWAFGEjc,2-5s,4.0,299.0,0.0,0.8,-0.8,harmful,1,3,remote,0,50,0.0,0.0,0.0,0.0,0.0,0.0,0.0,0.0,2.75,1.5,2.5
pCQEWAFGEjc_2,pCQEWAFGEjc,2-5s,4.0,299.0,0.0,0.8,-0.8,harmful,1,4,remote,0,50,0.0,0.0,1.0,-100.0,0.0,0.0,0.0,0.0,2.75,1.5,3.25
pCQEWAFGEjc_2,pCQEWAFGEjc,2-5s,4.0,299.0,0.0,0.8,-0.8,harmful,1,5,remote,0,50,0.0,0.0,1.0,-100.0,0.0,0.0,0.0,0.0,2.75,1.5,2.75
pCQEWAFGEjc_2,pCQEWAFGEjc,2-5s,4.0,299.0,0.0,0.8,-0.8,harmful,1,6,remote,0,50,0.0,0.0,1.0,-100.0,0.0,0.0,0.0,0.0,2.75,1.5,2.75
pCQEWAFGEjc_2,pCQEWAFGEjc,2-5s,4.0,299.0,0.0,0.8,-0.8,harmful,1,7,remote,0,50,0.0,0.0,1.0,-100.0,0.0,0.0,0.0,0.0,2.75,1.5,2.75
pCQEWAFGEjc_2,pCQEWAFGEjc,2-5s,4.0,299.0,0.0,0.8,-0.8,harmful,1,8,remote,0,50,0.0,0.0,0.0,0.0,0.0,0.0,0.0,0.0,2.75,1.5,2.75
pCQEWAFGEjc_2,pCQEWAFGEjc,2-5s,4.0,299.0,0.0,0.8,-0.8,harmful,1,9,remote,0,50,0.0,0.0,0.0,0.0,0.0,0.0,0.0,0.0,2.75,1.5,2.75
pHYkWkZ4guE_3,pHYkWkZ4guE,2-5s,2.0,300.0,0.0,0.9,-0.9,harmful,1,0,remote,0,13,0.0,0.0,0.0,0.0,0.0,0.0,0.0,0.0,4.5,4.5,4.5
pHYkWkZ4guE_3,pHYkWkZ4guE,2-5s,2.0,300.0,0.0,0.9,-0.9,harmful,1,1,remote,0,13,0.0,0.0,0.0,0.0,0.0,0.0,0.0,0.0,4.5,4.5,4.5
pHYkWkZ4guE_3,pHYkWkZ4guE,2-5s,2.0,300.0,0.0,0.9,-0.9,harmful,1,2,remote,0,13,0.0,0.0,0.0,0.0,0.0,0.0,0.0,0.0,4.5,4.5,4.5
pHYkWkZ4guE_3,pHYkWkZ4guE,2-5s,2.0,300.0,0.0,0.9,-0.9,harmful,1,3,remote,0,13,0.0,0.0,0.0,0.0,0.0,0.0,0.0,0.0,4.5,4.5,4.5
pHYkWkZ4guE_3,pHYkWkZ4guE,2-5s,2.0,300.0,0.0,0.9,-0.9,harmful,1,4,remote,0,13,0.0,0.0,0.0,0.0,0.0,0.0,0.0,0.0,4.5,4.5,4.5
pHYkWkZ4guE_3,pHYkWkZ4guE,2-5s,2.0,300.0,0.0,0.9,-0.9,harmful,1,5,remote,0,13,0.0,0.0,0.0,0.0,0.0,0.0,0.0,0.0,4.5,4.5,4.5
pHYkWkZ4guE_3,pHYkWkZ4guE,2-5s,2.0,300.0,0.0,0.9,-0.9,harmful,1,6,remote,0,13,0.0,0.0,0.0,0.0,0.0,0.0,0.0,0.0,4.5,4.5,4.5
pHYkWkZ4guE_3,pHYkWkZ4guE,2-5s,2.0,300.0,0.0,0.9,-0.9,harmful,1,7,remote,0,13,0.0,0.0,0.0,0.0,0.0,0.0,0.0,0.0,4.5,4.5,4.5
pHYkWkZ4guE_3,pHYkWkZ4guE,2-5s,2.0,300.0,0.0,0.9,-0.9,harmful,1,8,remote,0,13,0.0,0.0,0.0,0.0,0.0,0.0,0.0,0.0,4.5,4.5,4.5
pHYkWkZ4guE_3,pHYkWkZ4guE,2-5s,2.0,300.0,0.0,0.9,-0.9,harmful,1,9,remote,0,13,0.0,0.0,0.0,0.0,0.0,0.0,0.0,0.0,4.5,4.5,4.5
pI_kPedctoo_1,pI_kPedctoo,0-2s,1.0,76.0,1.0,1.0,0.0,control,0,0,adjacent,0,2,1.0,1.0,1.0,0.0,1.0,0.0,1.0,-100.0,2.0,2.0,2.0
pI_kPedctoo_1,pI_kPedctoo,0-2s,1.0,76.0,1.0,1.0,0.0,control,0,1,adjacent,0,2,1.0,1.0,1.0,0.0,1.0,0.0,1.0,-100.0,2.0,2.0,2.0
pI_kPedctoo_1,pI_kPedctoo,0-2s,1.0,76.0,1.0,1.0,0.0,control,0,2,adjacent,0,2,1.0,1.0,1.0,0.0,1.0,0.0,1.0,-100.0,2.0,2.0,2.0
pI_kPedctoo_1,pI_kPedctoo,0-2s,1.0,76.0,1.0,1.0,0.0,control,0,3,adjacent,0,2,1.0,1.0,1.0,0.0,1.0,0.0,1.0,-100.0,2.0,2.0,2.0
pI_kPedctoo_1,pI_kPedctoo,0-2s,1.0,76.0,1.0,1.0,0.0,control,0,4,adjacent,0,2,1.0,1.0,1.0,0.0,1.0,0.0,1.0,-100.0,2.0,2.0,2.0
pI_kPedctoo_1,pI_kPedctoo,0-2s,1.0,76.0,1.0,1.0,0.0,control,0,5,adjacent,0,2,1.0,1.0,1.0,0.0,1.0,0.0,1.0,-100.0,2.0,2.0,2.0
pI_kPedctoo_1,pI_kPedctoo,0-2s,1.0,76.0,1.0,1.0,0.0,control,0,6,adjacent,0,2,1.0,1.0,1.0,0.0,1.0,0.0,1.0,-100.0,2.0,2.0,2.0
pI_kPedctoo_1,pI_kPedctoo,0-2s,1.0,76.0,1.0,1.0,0.0,control,0,7,adjacent,0,2,1.0,1.0,1.0,0.0,1.0,0.0,1.0,-100.0,2.0,2.0,2.0
pI_kPedctoo_1,pI_kPedctoo,0-2s,1.0,76.0,1.0,1.0,0.0,control,0,8,adjacent,0,2,1.0,1.0,1.0,0.0,1.0,0.0,1.0,-100.0,2.0,2.0,2.0
pI_kPedctoo_1,pI_kPedctoo,0-2s,1.0,76.0,1.0,1.0,0.0,control,0,9,adjacent,0,2,1.0,1.0,1.0,0.0,1.0,0.0,1.0,-100.0,2.0,2.0,2.0
pO8kbg9IJnc_2,pO8kbg9IJnc,2-5s,4.0,131.0,1.0,1.0,0.0,control,0,0,remote,0,7,1.0,1.0,1.0,0.0,0.0,0.0,0.0,0.0,2.0,2.0,2.0
pO8kbg9IJnc_2,pO8kbg9IJnc,2-5s,4.0,131.0,1.0,1.0,0.0,control,0,1,remote,0,7,1.0,1.0,1.0,0.0,0.0,0.0,0.0,0.0,2.0,2.0,2.0
pO8kbg9IJnc_2,pO8kbg9IJnc,2-5s,4.0,131.0,1.0,1.0,0.0,control,0,2,remote,0,7,1.0,1.0,1.0,0.0,0.0,0.0,0.0,0.0,2.0,2.0,1.75
pO8kbg9IJnc_2,pO8kbg9IJnc,2-5s,4.0,131.0,1.0,1.0,0.0,control,0,3,remote,0,7,1.0,1.0,1.0,0.0,0.0,0.0,0.0,0.0,2.0,2.0,2.0
pO8kbg9IJnc_2,pO8kbg9IJnc,2-5s,4.0,131.0,1.0,1.0,0.0,control,0,4,remote,0,7,1.0,1.0,1.0,0.0,0.0,0.0,0.0,0.0,2.0,2.0,2.0
pO8kbg9IJnc_2,pO8kbg9IJnc,2-5s,4.0,131.0,1.0,1.0,0.0,control,0,5,remote,0,7,1.0,1.0,1.0,0.0,0.0,0.0,0.0,0.0,2.0,2.0,1.75
pO8kbg9IJnc_2,pO8kbg9IJnc,2-5s,4.0,131.0,1.0,1.0,0.0,control,0,6,remote,0,7,1.0,1.0,1.0,0.0,0.0,0.0,0.0,0.0,2.0,2.0,2.0
pO8kbg9IJnc_2,pO8kbg9IJnc,2-5s,4.0,131.0,1.0,1.0,0.0,control,0,7,remote,0,7,1.0,1.0,1.0,0.0,0.0,0.0,0.0,0.0,2.0,2.0,2.0
pO8kbg9IJnc_2,pO8kbg9IJnc,2-5s,4.0,131.0,1.0,1.0,0.0,control,0,8,remote,0,7,1.0,1.0,1.0,0.0,0.0,0.0,0.0,0.0,2.0,2.0,2.0
pO8kbg9IJnc_2,pO8kbg9IJnc,2-5s,4.0,131.0,1.0,1.0,0.0,control,0,9,remote,0,7,1.0,1.0,1.0,0.0,0.0,0.0,0.0,0.0,2.0,2.0,1.75
pO8kbg9IJnc_3,pO8kbg9IJnc,2-5s,2.0,131.0,1.0,1.0,0.0,control,0,0,remote,0,1,1.0,1.0,1.0,0.0,0.0,0.0,0.0,0.0,2.0,2.0,2.0
pO8kbg9IJnc_3,pO8kbg9IJnc,2-5s,2.0,131.0,1.0,1.0,0.0,control,0,1,remote,0,1,1.0,1.0,1.0,0.0,0.0,0.0,0.0,0.0,2.0,2.0,2.0
pO8kbg9IJnc_3,pO8kbg9IJnc,2-5s,2.0,131.0,1.0,1.0,0.0,control,0,2,remote,0,1,1.0,1.0,1.0,0.0,0.0,0.0,0.0,0.0,2.0,2.0,2.0
pO8kbg9IJnc_3,pO8kbg9IJnc,2-5s,2.0,131.0,1.0,1.0,0.0,control,0,3,remote,0,1,1.0,1.0,1.0,0.0,0.0,0.0,0.0,0.0,2.0,2.0,2.0
pO8kbg9IJnc_3,pO8kbg9IJnc,2-5s,2.0,131.0,1.0,1.0,0.0,control,0,4,remote,0,1,1.0,1.0,1.0,0.0,0.0,0.0,0.0,0.0,2.0,2.0,2.0
pO8kbg9IJnc_3,pO8kbg9IJnc,2-5s,2.0,131.0,1.0,1.0,0.0,control,0,5,remote,0,1,1.0,1.0,1.0,0.0,0.0,0.0,0.0,0.0,2.0,2.0,2.0
pO8kbg9IJnc_3,pO8kbg9IJnc,2-5s,2.0,131.0,1.0,1.0,0.0,control,0,6,remote,0,1,1.0,1.0,1.0,0.0,0.0,0.0,0.0,0.0,2.0,2.0,2.0
pO8kbg9IJnc_3,pO8kbg9IJnc,2-5s,2.0,131.0,1.0,1.0,0.0,control,0,7,remote,0,1,1.0,1.0,1.0,0.0,0.0,0.0,0.0,0.0,2.0,2.0,2.0
pO8kbg9IJnc_3,pO8kbg9IJnc,2-5s,2.0,131.0,1.0,1.0,0.0,control,0,8,remote,0,1,1.0,1.0,1.0,0.0,0.0,0.0,0.0,0.0,2.0,2.0,2.0
pO8kbg9IJnc_3,pO8kbg9IJnc,2-5s,2.0,131.0,1.0,1.0,0.0,control,0,9,remote,0,1,1.0,1.0,1.0,0.0,0.0,0.0,0.0,0.0,2.0,2.0,2.0
paf0nyjg1Js_1,paf0nyjg1Js,2-5s,4.0,299.0,0.0,0.4,-0.4,harmful,1,0,remote,0,22,0.0,0.0,0.0,0.0,0.0,0.0,0.0,0.0,5.25,4.5,3.5
paf0nyjg1Js_1,paf0nyjg1Js,2-5s,4.0,299.0,0.0,0.4,-0.4,harmful,1,1,remote,0,22,0.0,0.0,0.0,0.0,0.0,0.0,0.0,0.0,5.25,4.5,3.5
paf0nyjg1Js_1,paf0nyjg1Js,2-5s,4.0,299.0,0.0,0.4,-0.4,harmful,1,2,remote,0,22,0.0,0.0,0.0,0.0,0.0,0.0,0.0,0.0,5.25,4.5,3.75
paf0nyjg1Js_1,paf0nyjg1Js,2-5s,4.0,299.0,0.0,0.4,-0.4,harmful,1,3,remote,0,22,0.0,0.0,0.0,0.0,0.0,0.0,0.0,0.0,5.25,4.5,3.75
paf0nyjg1Js_1,paf0nyjg1Js,2-5s,4.0,299.0,0.0,0.4,-0.4,harmful,1,4,remote,0,22,0.0,0.0,0.0,0.0,0.0,0.0,0.0,0.0,5.25,4.5,5.25
paf0nyjg1Js_1,paf0nyjg1Js,2-5s,4.0,299.0,0.0,0.4,-0.4,harmful,1,5,remote,0,22,0.0,0.0,0.0,0.0,0.0,0.0,0.0,0.0,5.25,4.5,3.75
paf0nyjg1Js_1,paf0nyjg1Js,2-5s,4.0,299.0,0.0,0.4,-0.4,harmful,1,6,remote,0,22,0.0,0.0,0.0,0.0,0.0,0.0,0.0,0.0,5.25,4.5,5.0
paf0nyjg1Js_1,paf0nyjg1Js,2-5s,4.0,299.0,0.0,0.4,-0.4,harmful,1,7,remote,0,22,0.0,0.0,0.0,0.0,0.0,0.0,0.0,0.0,5.25,4.5,5.25
paf0nyjg1Js_1,paf0nyjg1Js,2-5s,4.0,299.0,0.0,0.4,-0.4,harmful,1,8,remote,0,22,0.0,0.0,0.0,0.0,0.0,0.0,0.0,0.0,5.25,4.5,5.25
paf0nyjg1Js_1,paf0nyjg1Js,2-5s,4.0,299.0,0.0,0.4,-0.4,harmful,1,9,remote,0,22,0.0,0.0,0.0,0.0,0.0,0.0,0.0,0.0,5.25,4.5,3.75
paf0nyjg1Js_2,paf0nyjg1Js,2-5s,3.0,299.0,1.0,0.3,0.7,control,1,0,remote,0,4,1.0,1.0,1.0,0.0,0.0,0.0,0.0,0.0,5.0,5.0,5.0
paf0nyjg1Js_2,paf0nyjg1Js,2-5s,3.0,299.0,1.0,0.3,0.7,control,1,1,remote,0,4,1.0,1.0,1.0,0.0,0.0,0.0,0.0,0.0,5.0,5.0,5.0
paf0nyjg1Js_2,paf0nyjg1Js,2-5s,3.0,299.0,1.0,0.3,0.7,control,1,2,remote,0,4,1.0,1.0,1.0,0.0,0.0,0.0,0.0,0.0,5.0,5.0,4.666666666666667
paf0nyjg1Js_2,paf0nyjg1Js,2-5s,3.0,299.0,1.0,0.3,0.7,control,1,3,remote,0,4,1.0,1.0,1.0,0.0,0.0,0.0,0.0,0.0,5.0,5.0,5.0
paf0nyjg1Js_2,paf0nyjg1Js,2-5s,3.0,299.0,1.0,0.3,0.7,control,1,4,remote,0,4,1.0,1.0,1.0,0.0,0.0,0.0,0.0,0.0,5.0,5.0,4.666666666666667
paf0nyjg1Js_2,paf0nyjg1Js,2-5s,3.0,299.0,1.0,0.3,0.7,control,1,5,remote,0,4,1.0,1.0,1.0,0.0,0.0,0.0,0.0,0.0,5.0,5.0,5.0
paf0nyjg1Js_2,paf0nyjg1Js,2-5s,3.0,299.0,1.0,0.3,0.7,control,1,6,remote,0,4,1.0,1.0,1.0,0.0,0.0,0.0,0.0,0.0,5.0,5.0,5.0
paf0nyjg1Js_2,paf0nyjg1Js,2-5s,3.0,299.0,1.0,0.3,0.7,control,1,7,remote,0,4,1.0,1.0,1.0,0.0,0.0,0.0,0.0,0.0,5.0,5.0,5.0
paf0nyjg1Js_2,paf0nyjg1Js,2-5s,3.0,299.0,1.0,0.3,0.7,control,1,8,remote,0,4,1.0,1.0,1.0,0.0,0.0,0.0,0.0,0.0,5.0,5.0,5.0
paf0nyjg1Js_2,paf0nyjg1Js,2-5s,3.0,299.0,1.0,0.3,0.7,control,1,9,remote,0,4,1.0,1.0,1.0,0.0,0.0,0.0,0.0,0.0,5.0,5.0,5.0
pgq2KPX5_SA_2,pgq2KPX5_SA,2-5s,4.0,208.0,0.0,0.2,-0.2,harmful,1,0,remote,0,8,0.0,0.0,0.0,0.0,0.0,0.0,0.0,0.0,2.75,2.75,2.75
pgq2KPX5_SA_2,pgq2KPX5_SA,2-5s,4.0,208.0,0.0,0.2,-0.2,harmful,1,1,remote,0,8,0.0,0.0,0.0,0.0,0.0,0.0,0.0,0.0,2.75,2.75,2.75
pgq2KPX5_SA_2,pgq2KPX5_SA,2-5s,4.0,208.0,0.0,0.2,-0.2,harmful,1,2,remote,0,8,0.0,0.0,0.0,0.0,0.0,0.0,0.0,0.0,2.75,2.75,2.75
pgq2KPX5_SA_2,pgq2KPX5_SA,2-5s,4.0,208.0,0.0,0.2,-0.2,harmful,1,3,remote,0,8,0.0,0.0,0.0,0.0,0.0,0.0,0.0,0.0,2.75,2.75,2.75
pgq2KPX5_SA_2,pgq2KPX5_SA,2-5s,4.0,208.0,0.0,0.2,-0.2,harmful,1,4,remote,0,8,0.0,0.0,0.0,0.0,0.0,0.0,0.0,0.0,2.75,2.75,2.75
pgq2KPX5_SA_2,pgq2KPX5_SA,2-5s,4.0,208.0,0.0,0.2,-0.2,harmful,1,5,remote,0,8,0.0,0.0,0.0,0.0,0.0,0.0,0.0,0.0,2.75,2.75,2.75
pgq2KPX5_SA_2,pgq2KPX5_SA,2-5s,4.0,208.0,0.0,0.2,-0.2,harmful,1,6,remote,0,8,0.0,0.0,0.0,0.0,0.0,0.0,0.0,0.0,2.75,2.75,3.0
pgq2KPX5_SA_2,pgq2KPX5_SA,2-5s,4.0,208.0,0.0,0.2,-0.2,harmful,1,7,remote,0,8,0.0,0.0,0.0,0.0,0.0,0.0,0.0,0.0,2.75,2.75,3.0
pgq2KPX5_SA_2,pgq2KPX5_SA,2-5s,4.0,208.0,0.0,0.2,-0.2,harmful,1,8,remote,0,8,0.0,0.0,0.0,0.0,0.0,0.0,0.0,0.0,2.75,2.75,3.0
pgq2KPX5_SA_2,pgq2KPX5_SA,2-5s,4.0,208.0,0.0,0.2,-0.2,harmful,1,9,remote,0,8,0.0,0.0,0.0,0.0,0.0,0.0,0.0,0.0,2.75,2.75,3.0
pgq2KPX5_SA_4,pgq2KPX5_SA,2-5s,2.0,208.0,1.0,1.0,0.0,control,0,0,remote,0,11,1.0,1.0,1.0,0.0,0.0,0.0,0.0,0.0,3.0,2.5,3.5
pgq2KPX5_SA_4,pgq2KPX5_SA,2-5s,2.0,208.0,1.0,1.0,0.0,control,0,1,remote,0,11,1.0,1.0,1.0,0.0,0.0,0.0,0.0,0.0,3.0,2.5,3.0
pgq2KPX5_SA_4,pgq2KPX5_SA,2-5s,2.0,208.0,1.0,1.0,0.0,control,0,2,remote,0,11,1.0,1.0,1.0,0.0,0.0,0.0,0.0,0.0,3.0,2.5,3.5
pgq2KPX5_SA_4,pgq2KPX5_SA,2-5s,2.0,208.0,1.0,1.0,0.0,control,0,3,remote,0,11,1.0,1.0,1.0,0.0,0.0,0.0,0.0,0.0,3.0,2.5,3.0
pgq2KPX5_SA_4,pgq2KPX5_SA,2-5s,2.0,208.0,1.0,1.0,0.0,control,0,4,remote,0,11,1.0,1.0,1.0,0.0,0.0,0.0,0.0,0.0,3.0,2.5,3.0
pgq2KPX5_SA_4,pgq2KPX5_SA,2-5s,2.0,208.0,1.0,1.0,0.0,control,0,5,remote,0,11,1.0,1.0,1.0,0.0,0.0,0.0,0.0,0.0,3.0,2.5,3.0
pgq2KPX5_SA_4,pgq2KPX5_SA,2-5s,2.0,208.0,1.0,1.0,0.0,control,0,6,remote,0,11,1.0,1.0,1.0,0.0,0.0,0.0,0.0,0.0,3.0,2.5,3.0
pgq2KPX5_SA_4,pgq2KPX5_SA,2-5s,2.0,208.0,1.0,1.0,0.0,control,0,7,remote,0,11,1.0,1.0,1.0,0.0,0.0,0.0,0.0,0.0,3.0,2.5,3.5
pgq2KPX5_SA_4,pgq2KPX5_SA,2-5s,2.0,208.0,1.0,1.0,0.0,control,0,8,remote,0,11,1.0,1.0,1.0,0.0,0.0,0.0,0.0,0.0,3.0,2.5,3.0
pgq2KPX5_SA_4,pgq2KPX5_SA,2-5s,2.0,208.0,1.0,1.0,0.0,control,0,9,remote,0,11,1.0,1.0,1.0,0.0,0.0,0.0,0.0,0.0,3.0,2.5,3.0
ptIksg9KEac_2,ptIksg9KEac,2-5s,4.0,133.0,1.0,1.0,0.0,control,0,0,remote,0,11,1.0,1.0,1.0,0.0,0.0,0.0,0.0,0.0,1.0,1.0,1.0
ptIksg9KEac_2,ptIksg9KEac,2-5s,4.0,133.0,1.0,1.0,0.0,control,0,1,remote,0,11,1.0,1.0,1.0,0.0,0.0,0.0,0.0,0.0,1.0,1.0,1.0
ptIksg9KEac_2,ptIksg9KEac,2-5s,4.0,133.0,1.0,1.0,0.0,control,0,2,remote,0,11,1.0,1.0,1.0,0.0,0.0,0.0,0.0,0.0,1.0,1.0,1.0
ptIksg9KEac_2,ptIksg9KEac,2-5s,4.0,133.0,1.0,1.0,0.0,control,0,3,remote,0,11,1.0,1.0,1.0,0.0,0.0,0.0,0.0,0.0,1.0,1.0,1.0
ptIksg9KEac_2,ptIksg9KEac,2-5s,4.0,133.0,1.0,1.0,0.0,control,0,4,remote,0,11,1.0,1.0,1.0,0.0,0.0,0.0,0.0,0.0,1.0,1.0,1.0
ptIksg9KEac_2,ptIksg9KEac,2-5s,4.0,133.0,1.0,1.0,0.0,control,0,5,remote,0,11,1.0,1.0,1.0,0.0,0.0,0.0,0.0,0.0,1.0,1.0,1.0
ptIksg9KEac_2,ptIksg9KEac,2-5s,4.0,133.0,1.0,1.0,0.0,control,0,6,remote,0,11,1.0,1.0,1.0,0.0,0.0,0.0,0.0,0.0,1.0,1.0,1.0
ptIksg9KEac_2,ptIksg9KEac,2-5s,4.0,133.0,1.0,1.0,0.0,control,0,7,remote,0,11,1.0,1.0,1.0,0.0,0.0,0.0,0.0,0.0,1.0,1.0,1.0
ptIksg9KEac_2,ptIksg9KEac,2-5s,4.0,133.0,1.0,1.0,0.0,control,0,8,remote,0,11,1.0,1.0,1.0,0.0,0.0,0.0,0.0,0.0,1.0,1.0,1.0
ptIksg9KEac_2,ptIksg9KEac,2-5s,4.0,133.0,1.0,1.0,0.0,control,0,9,remote,0,11,1.0,1.0,1.0,0.0,0.0,0.0,0.0,0.0,1.0,1.0,1.0
ptIksg9KEac_3,ptIksg9KEac,0-2s,1.0,133.0,1.0,1.0,0.0,control,0,0,remote,0,6,1.0,1.0,1.0,0.0,0.0,0.0,0.0,0.0,9.0,9.0,9.0
ptIksg9KEac_3,ptIksg9KEac,0-2s,1.0,133.0,1.0,1.0,0.0,control,0,1,remote,0,6,1.0,1.0,1.0,0.0,0.0,0.0,0.0,0.0,9.0,9.0,9.0
ptIksg9KEac_3,ptIksg9KEac,0-2s,1.0,133.0,1.0,1.0,0.0,control,0,2,remote,0,6,1.0,1.0,1.0,0.0,0.0,0.0,0.0,0.0,9.0,9.0,9.0
ptIksg9KEac_3,ptIksg9KEac,0-2s,1.0,133.0,1.0,1.0,0.0,control,0,3,remote,0,6,1.0,1.0,1.0,0.0,0.0,0.0,0.0,0.0,9.0,9.0,9.0
ptIksg9KEac_3,ptIksg9KEac,0-2s,1.0,133.0,1.0,1.0,0.0,control,0,4,remote,0,6,1.0,1.0,1.0,0.0,0.0,0.0,0.0,0.0,9.0,9.0,10.0
ptIksg9KEac_3,ptIksg9KEac,0-2s,1.0,133.0,1.0,1.0,0.0,control,0,5,remote,0,6,1.0,1.0,1.0,0.0,0.0,0.0,0.0,0.0,9.0,9.0,9.0
ptIksg9KEac_3,ptIksg9KEac,0-2s,1.0,133.0,1.0,1.0,0.0,control,0,6,remote,0,6,1.0,1.0,1.0,0.0,0.0,0.0,0.0,0.0,9.0,9.0,9.0
ptIksg9KEac_3,ptIksg9KEac,0-2s,1.0,133.0,1.0,1.0,0.0,control,0,7,remote,0,6,1.0,1.0,1.0,0.0,0.0,0.0,0.0,0.0,9.0,9.0,9.0
ptIksg9KEac_3,ptIksg9KEac,0-2s,1.0,133.0,1.0,1.0,0.0,control,0,8,remote,0,6,1.0,1.0,1.0,0.0,0.0,0.0,0.0,0.0,9.0,9.0,5.0
ptIksg9KEac_3,ptIksg9KEac,0-2s,1.0,133.0,1.0,1.0,0.0,control,0,9,remote,0,6,1.0,1.0,1.0,0.0,0.0,0.0,0.0,0.0,9.0,9.0,10.0
q1ivQ_2fddk_3,q1ivQ_2fddk,2-5s,2.0,167.0,0.0,0.9,-0.9,harmful,0,0,remote,0,1,1.0,1.0,1.0,0.0,0.0,0.0,0.0,0.0,4.0,3.5,4.0
q1ivQ_2fddk_3,q1ivQ_2fddk,2-5s,2.0,167.0,0.0,0.9,-0.9,harmful,0,1,remote,0,1,1.0,1.0,1.0,0.0,0.0,0.0,0.0,0.0,4.0,3.5,4.0
q1ivQ_2fddk_3,q1ivQ_2fddk,2-5s,2.0,167.0,0.0,0.9,-0.9,harmful,0,2,remote,0,1,1.0,1.0,1.0,0.0,0.0,0.0,0.0,0.0,4.0,3.5,3.5
q1ivQ_2fddk_3,q1ivQ_2fddk,2-5s,2.0,167.0,0.0,0.9,-0.9,harmful,0,3,remote,0,1,1.0,1.0,1.0,0.0,0.0,0.0,0.0,0.0,4.0,3.5,4.0
q1ivQ_2fddk_3,q1ivQ_2fddk,2-5s,2.0,167.0,0.0,0.9,-0.9,harmful,0,4,remote,0,1,1.0,1.0,1.0,0.0,0.0,0.0,0.0,0.0,4.0,3.5,3.5
q1ivQ_2fddk_3,q1ivQ_2fddk,2-5s,2.0,167.0,0.0,0.9,-0.9,harmful,0,5,remote,0,1,1.0,1.0,1.0,0.0,0.0,0.0,0.0,0.0,4.0,3.5,4.0
q1ivQ_2fddk_3,q1ivQ_2fddk,2-5s,2.0,167.0,0.0,0.9,-0.9,harmful,0,6,remote,0,1,1.0,1.0,1.0,0.0,0.0,0.0,0.0,0.0,4.0,3.5,4.0
q1ivQ_2fddk_3,q1ivQ_2fddk,2-5s,2.0,167.0,0.0,0.9,-0.9,harmful,0,7,remote,0,1,1.0,1.0,1.0,0.0,0.0,0.0,0.0,0.0,4.0,3.5,4.0
q1ivQ_2fddk_3,q1ivQ_2fddk,2-5s,2.0,167.0,0.0,0.9,-0.9,harmful,0,8,remote,0,1,1.0,1.0,1.0,0.0,0.0,0.0,0.0,0.0,4.0,3.5,4.0
q1ivQ_2fddk_3,q1ivQ_2fddk,2-5s,2.0,167.0,0.0,0.9,-0.9,harmful,0,9,remote,0,1,1.0,1.0,1.0,0.0,0.0,0.0,0.0,0.0,4.0,3.5,4.0
q3SEOW2m4WY_1,q3SEOW2m4WY,2-5s,2.0,62.0,1.0,0.9,0.09999999999999998,control,0,0,adjacent,0,1,1.0,1.0,1.0,0.0,0.0,0.0,0.0,0.0,1.0,1.0,1.0
q3SEOW2m4WY_1,q3SEOW2m4WY,2-5s,2.0,62.0,1.0,0.9,0.09999999999999998,control,0,1,adjacent,0,1,1.0,1.0,1.0,0.0,0.0,0.0,0.0,0.0,1.0,1.0,1.0
q3SEOW2m4WY_1,q3SEOW2m4WY,2-5s,2.0,62.0,1.0,0.9,0.09999999999999998,control,0,2,adjacent,0,1,1.0,1.0,1.0,0.0,0.0,0.0,0.0,0.0,1.0,1.0,1.0
q3SEOW2m4WY_1,q3SEOW2m4WY,2-5s,2.0,62.0,1.0,0.9,0.09999999999999998,control,0,3,adjacent,0,1,1.0,1.0,1.0,0.0,0.0,0.0,0.0,0.0,1.0,1.0,1.0
q3SEOW2m4WY_1,q3SEOW2m4WY,2-5s,2.0,62.0,1.0,0.9,0.09999999999999998,control,0,4,adjacent,0,1,1.0,1.0,1.0,0.0,0.0,0.0,0.0,0.0,1.0,1.0,1.0
q3SEOW2m4WY_1,q3SEOW2m4WY,2-5s,2.0,62.0,1.0,0.9,0.09999999999999998,control,0,5,adjacent,0,1,1.0,1.0,1.0,0.0,0.0,0.0,0.0,0.0,1.0,1.0,1.5
q3SEOW2m4WY_1,q3SEOW2m4WY,2-5s,2.0,62.0,1.0,0.9,0.09999999999999998,control,0,6,adjacent,0,1,1.0,1.0,1.0,0.0,0.0,0.0,0.0,0.0,1.0,1.0,1.0
q3SEOW2m4WY_1,q3SEOW2m4WY,2-5s,2.0,62.0,1.0,0.9,0.09999999999999998,control,0,7,adjacent,0,1,1.0,1.0,1.0,0.0,0.0,0.0,0.0,0.0,1.0,1.0,1.5
q3SEOW2m4WY_1,q3SEOW2m4WY,2-5s,2.0,62.0,1.0,0.9,0.09999999999999998,control,0,8,adjacent,0,1,1.0,1.0,1.0,0.0,0.0,0.0,0.0,0.0,1.0,1.0,1.0
q3SEOW2m4WY_1,q3SEOW2m4WY,2-5s,2.0,62.0,1.0,0.9,0.09999999999999998,control,0,9,adjacent,0,1,1.0,1.0,1.0,0.0,0.0,0.0,0.0,0.0,1.0,1.0,1.0
q3SEOW2m4WY_3,q3SEOW2m4WY,0-2s,1.0,62.0,1.0,1.0,0.0,control,0,0,remote,0,4,1.0,1.0,1.0,0.0,0.0,0.0,0.0,0.0,2.0,2.0,2.0
q3SEOW2m4WY_3,q3SEOW2m4WY,0-2s,1.0,62.0,1.0,1.0,0.0,control,0,1,remote,0,4,1.0,1.0,1.0,0.0,0.0,0.0,0.0,0.0,2.0,2.0,2.0
q3SEOW2m4WY_3,q3SEOW2m4WY,0-2s,1.0,62.0,1.0,1.0,0.0,control,0,2,remote,0,4,1.0,1.0,1.0,0.0,0.0,0.0,0.0,0.0,2.0,2.0,2.0
q3SEOW2m4WY_3,q3SEOW2m4WY,0-2s,1.0,62.0,1.0,1.0,0.0,control,0,3,remote,0,4,1.0,1.0,1.0,0.0,0.0,0.0,0.0,0.0,2.0,2.0,2.0
q3SEOW2m4WY_3,q3SEOW2m4WY,0-2s,1.0,62.0,1.0,1.0,0.0,control,0,4,remote,0,4,1.0,1.0,1.0,0.0,0.0,0.0,0.0,0.0,2.0,2.0,2.0
q3SEOW2m4WY_3,q3SEOW2m4WY,0-2s,1.0,62.0,1.0,1.0,0.0,control,0,5,remote,0,4,1.0,1.0,1.0,0.0,0.0,0.0,0.0,0.0,2.0,2.0,2.0
q3SEOW2m4WY_3,q3SEOW2m4WY,0-2s,1.0,62.0,1.0,1.0,0.0,control,0,6,remote,0,4,1.0,1.0,1.0,0.0,0.0,0.0,0.0,0.0,2.0,2.0,2.0
q3SEOW2m4WY_3,q3SEOW2m4WY,0-2s,1.0,62.0,1.0,1.0,0.0,control,0,7,remote,0,4,1.0,1.0,1.0,0.0,0.0,0.0,0.0,0.0,2.0,2.0,2.0
q3SEOW2m4WY_3,q3SEOW2m4WY,0-2s,1.0,62.0,1.0,1.0,0.0,control,0,8,remote,0,4,1.0,1.0,1.0,0.0,0.0,0.0,0.0,0.0,2.0,2.0,2.0
q3SEOW2m4WY_3,q3SEOW2m4WY,0-2s,1.0,62.0,1.0,1.0,0.0,control,0,9,remote,0,4,1.0,1.0,1.0,0.0,0.0,0.0,0.0,0.0,2.0,2.0,2.0
q3SEOW2m4WY_4,q3SEOW2m4WY,2-5s,4.0,62.0,1.0,1.0,0.0,control,0,0,remote,0,14,1.0,1.0,1.0,0.0,0.0,0.0,0.0,0.0,1.0,9.0,1.0
q3SEOW2m4WY_4,q3SEOW2m4WY,2-5s,4.0,62.0,1.0,1.0,0.0,control,0,1,remote,0,14,1.0,1.0,1.0,0.0,0.0,0.0,0.0,0.0,1.0,9.0,1.0
q3SEOW2m4WY_4,q3SEOW2m4WY,2-5s,4.0,62.0,1.0,1.0,0.0,control,0,2,remote,0,14,1.0,1.0,1.0,0.0,0.0,0.0,0.0,0.0,1.0,9.0,1.0
q3SEOW2m4WY_4,q3SEOW2m4WY,2-5s,4.0,62.0,1.0,1.0,0.0,control,0,3,remote,0,14,1.0,1.0,1.0,0.0,0.0,0.0,0.0,0.0,1.0,9.0,1.0
q3SEOW2m4WY_4,q3SEOW2m4WY,2-5s,4.0,62.0,1.0,1.0,0.0,control,0,4,remote,0,14,1.0,1.0,1.0,0.0,0.0,0.0,0.0,0.0,1.0,9.0,1.0
q3SEOW2m4WY_4,q3SEOW2m4WY,2-5s,4.0,62.0,1.0,1.0,0.0,control,0,5,remote,0,14,1.0,1.0,1.0,0.0,0.0,0.0,0.0,0.0,1.0,9.0,1.0
q3SEOW2m4WY_4,q3SEOW2m4WY,2-5s,4.0,62.0,1.0,1.0,0.0,control,0,6,remote,0,14,1.0,1.0,1.0,0.0,0.0,0.0,0.0,0.0,1.0,9.0,1.0
q3SEOW2m4WY_4,q3SEOW2m4WY,2-5s,4.0,62.0,1.0,1.0,0.0,control,0,7,remote,0,14,1.0,1.0,1.0,0.0,0.0,0.0,0.0,0.0,1.0,9.0,1.0
q3SEOW2m4WY_4,q3SEOW2m4WY,2-5s,4.0,62.0,1.0,1.0,0.0,control,0,8,remote,0,14,1.0,1.0,1.0,0.0,0.0,0.0,0.0,0.0,1.0,9.0,1.0
q3SEOW2m4WY_4,q3SEOW2m4WY,2-5s,4.0,62.0,1.0,1.0,0.0,control,0,9,remote,0,14,1.0,1.0,1.0,0.0,0.0,0.0,0.0,0.0,1.0,9.0,1.0
qeSl7YZAfs4_2,qeSl7YZAfs4,2-5s,4.0,299.0,0.0,0.5,-0.5,harmful,0,0,remote,0,52,1.0,1.0,1.0,0.0,0.0,0.0,0.0,0.0,9.0,9.25,10.0
qeSl7YZAfs4_2,qeSl7YZAfs4,2-5s,4.0,299.0,0.0,0.5,-0.5,harmful,0,1,remote,0,52,1.0,1.0,0.0,100.0,0.0,0.0,0.0,0.0,9.0,9.25,9.25
qeSl7YZAfs4_2,qeSl7YZAfs4,2-5s,4.0,299.0,0.0,0.5,-0.5,harmful,0,2,remote,0,52,1.0,1.0,1.0,0.0,0.0,0.0,0.0,0.0,9.0,9.25,10.0
qeSl7YZAfs4_2,qeSl7YZAfs4,2-5s,4.0,299.0,0.0,0.5,-0.5,harmful,0,3,remote,0,52,1.0,1.0,1.0,0.0,0.0,0.0,0.0,0.0,9.0,9.25,9.25
qeSl7YZAfs4_2,qeSl7YZAfs4,2-5s,4.0,299.0,0.0,0.5,-0.5,harmful,0,4,remote,0,52,1.0,1.0,0.0,100.0,0.0,0.0,0.0,0.0,9.0,9.25,10.25
qeSl7YZAfs4_2,qeSl7YZAfs4,2-5s,4.0,299.0,0.0,0.5,-0.5,harmful,0,5,remote,0,52,1.0,1.0,0.0,100.0,0.0,0.0,0.0,0.0,9.0,9.25,9.75
qeSl7YZAfs4_2,qeSl7YZAfs4,2-5s,4.0,299.0,0.0,0.5,-0.5,harmful,0,6,remote,0,52,1.0,1.0,0.0,100.0,0.0,0.0,0.0,0.0,9.0,9.25,9.75
qeSl7YZAfs4_2,qeSl7YZAfs4,2-5s,4.0,299.0,0.0,0.5,-0.5,harmful,0,7,remote,0,52,1.0,1.0,0.0,100.0,0.0,0.0,0.0,0.0,9.0,9.25,9.0
qeSl7YZAfs4_2,qeSl7YZAfs4,2-5s,4.0,299.0,0.0,0.5,-0.5,harmful,0,8,remote,0,52,1.0,1.0,0.0,100.0,0.0,0.0,0.0,0.0,9.0,9.25,10.0
qeSl7YZAfs4_2,qeSl7YZAfs4,2-5s,4.0,299.0,0.0,0.5,-0.5,harmful,0,9,remote,0,52,1.0,1.0,1.0,0.0,0.0,0.0,0.0,0.0,9.0,9.25,9.25
r2KhpX_QgXA_1,r2KhpX_QgXA,2-5s,4.0,299.0,1.0,0.3,0.7,control,0,0,remote,0,2,0.0,1.0,0.0,100.0,0.0,0.0,0.0,0.0,2.5,2.5,2.5
r2KhpX_QgXA_1,r2KhpX_QgXA,2-5s,4.0,299.0,1.0,0.3,0.7,control,0,1,remote,0,2,0.0,1.0,0.0,100.0,0.0,0.0,0.0,0.0,2.5,2.5,2.5
r2KhpX_QgXA_1,r2KhpX_QgXA,2-5s,4.0,299.0,1.0,0.3,0.7,control,0,2,remote,0,2,0.0,1.0,0.0,100.0,0.0,0.0,0.0,0.0,2.5,2.5,2.5
r2KhpX_QgXA_1,r2KhpX_QgXA,2-5s,4.0,299.0,1.0,0.3,0.7,control,0,3,remote,0,2,0.0,1.0,0.0,100.0,0.0,0.0,0.0,0.0,2.5,2.5,2.5
r2KhpX_QgXA_1,r2KhpX_QgXA,2-5s,4.0,299.0,1.0,0.3,0.7,control,0,4,remote,0,2,0.0,1.0,0.0,100.0,0.0,0.0,0.0,0.0,2.5,2.5,2.5
r2KhpX_QgXA_1,r2KhpX_QgXA,2-5s,4.0,299.0,1.0,0.3,0.7,control,0,5,remote,0,2,0.0,1.0,0.0,100.0,0.0,0.0,0.0,0.0,2.5,2.5,2.5
r2KhpX_QgXA_1,r2KhpX_QgXA,2-5s,4.0,299.0,1.0,0.3,0.7,control,0,6,remote,0,2,0.0,1.0,0.0,100.0,0.0,0.0,0.0,0.0,2.5,2.5,2.75
r2KhpX_QgXA_1,r2KhpX_QgXA,2-5s,4.0,299.0,1.0,0.3,0.7,control,0,7,remote,0,2,0.0,1.0,0.0,100.0,0.0,0.0,0.0,0.0,2.5,2.5,2.5
r2KhpX_QgXA_1,r2KhpX_QgXA,2-5s,4.0,299.0,1.0,0.3,0.7,control,0,8,remote,0,2,0.0,1.0,0.0,100.0,0.0,0.0,0.0,0.0,2.5,2.5,2.5
r2KhpX_QgXA_1,r2KhpX_QgXA,2-5s,4.0,299.0,1.0,0.3,0.7,control,0,9,remote,0,2,0.0,1.0,0.0,100.0,0.0,0.0,0.0,0.0,2.5,2.5,2.5
rE6BJ0Bo4w4_3,rE6BJ0Bo4w4,2-5s,4.0,242.0,1.0,1.0,0.0,control,0,0,remote,0,4,1.0,1.0,1.0,0.0,0.0,1.0,0.0,100.0,0.75,1.0,0.75
rE6BJ0Bo4w4_3,rE6BJ0Bo4w4,2-5s,4.0,242.0,1.0,1.0,0.0,control,0,1,remote,0,4,1.0,1.0,1.0,0.0,0.0,1.0,0.0,100.0,0.75,1.0,1.0
rE6BJ0Bo4w4_3,rE6BJ0Bo4w4,2-5s,4.0,242.0,1.0,1.0,0.0,control,0,2,remote,0,4,1.0,1.0,1.0,0.0,0.0,1.0,0.0,100.0,0.75,1.0,0.75
rE6BJ0Bo4w4_3,rE6BJ0Bo4w4,2-5s,4.0,242.0,1.0,1.0,0.0,control,0,3,remote,0,4,1.0,1.0,1.0,0.0,0.0,1.0,0.0,100.0,0.75,1.0,0.75
rE6BJ0Bo4w4_3,rE6BJ0Bo4w4,2-5s,4.0,242.0,1.0,1.0,0.0,control,0,4,remote,0,4,1.0,1.0,1.0,0.0,0.0,1.0,0.0,100.0,0.75,1.0,0.75
rE6BJ0Bo4w4_3,rE6BJ0Bo4w4,2-5s,4.0,242.0,1.0,1.0,0.0,control,0,5,remote,0,4,1.0,1.0,1.0,0.0,0.0,1.0,0.0,100.0,0.75,1.0,0.75
rE6BJ0Bo4w4_3,rE6BJ0Bo4w4,2-5s,4.0,242.0,1.0,1.0,0.0,control,0,6,remote,0,4,1.0,1.0,1.0,0.0,0.0,1.0,0.0,100.0,0.75,1.0,1.0
rE6BJ0Bo4w4_3,rE6BJ0Bo4w4,2-5s,4.0,242.0,1.0,1.0,0.0,control,0,7,remote,0,4,1.0,1.0,1.0,0.0,0.0,1.0,0.0,100.0,0.75,1.0,0.75
rE6BJ0Bo4w4_3,rE6BJ0Bo4w4,2-5s,4.0,242.0,1.0,1.0,0.0,control,0,8,remote,0,4,1.0,1.0,1.0,0.0,0.0,1.0,0.0,100.0,0.75,1.0,0.75
rE6BJ0Bo4w4_3,rE6BJ0Bo4w4,2-5s,4.0,242.0,1.0,1.0,0.0,control,0,9,remote,0,4,1.0,1.0,1.0,0.0,0.0,1.0,0.0,100.0,0.75,1.0,0.75
rE6BJ0Bo4w4_4,rE6BJ0Bo4w4,2-5s,3.0,242.0,1.0,0.8,0.19999999999999996,control,0,0,remote,0,2,1.0,1.0,1.0,0.0,0.0,0.0,0.0,0.0,3.3333333333333335,3.3333333333333335,3.3333333333333335
rE6BJ0Bo4w4_4,rE6BJ0Bo4w4,2-5s,3.0,242.0,1.0,0.8,0.19999999999999996,control,0,1,remote,0,2,1.0,1.0,1.0,0.0,0.0,0.0,0.0,0.0,3.3333333333333335,3.3333333333333335,3.3333333333333335
rE6BJ0Bo4w4_4,rE6BJ0Bo4w4,2-5s,3.0,242.0,1.0,0.8,0.19999999999999996,control,0,2,remote,0,2,1.0,1.0,1.0,0.0,0.0,0.0,0.0,0.0,3.3333333333333335,3.3333333333333335,3.3333333333333335
rE6BJ0Bo4w4_4,rE6BJ0Bo4w4,2-5s,3.0,242.0,1.0,0.8,0.19999999999999996,control,0,3,remote,0,2,1.0,1.0,1.0,0.0,0.0,0.0,0.0,0.0,3.3333333333333335,3.3333333333333335,3.3333333333333335
rE6BJ0Bo4w4_4,rE6BJ0Bo4w4,2-5s,3.0,242.0,1.0,0.8,0.19999999999999996,control,0,4,remote,0,2,1.0,1.0,1.0,0.0,0.0,0.0,0.0,0.0,3.3333333333333335,3.3333333333333335,3.3333333333333335
rE6BJ0Bo4w4_4,rE6BJ0Bo4w4,2-5s,3.0,242.0,1.0,0.8,0.19999999999999996,control,0,5,remote,0,2,1.0,1.0,1.0,0.0,0.0,0.0,0.0,0.0,3.3333333333333335,3.3333333333333335,3.3333333333333335
rE6BJ0Bo4w4_4,rE6BJ0Bo4w4,2-5s,3.0,242.0,1.0,0.8,0.19999999999999996,control,0,6,remote,0,2,1.0,1.0,1.0,0.0,0.0,0.0,0.0,0.0,3.3333333333333335,3.3333333333333335,3.3333333333333335
rE6BJ0Bo4w4_4,rE6BJ0Bo4w4,2-5s,3.0,242.0,1.0,0.8,0.19999999999999996,control,0,7,remote,0,2,1.0,1.0,1.0,0.0,0.0,0.0,0.0,0.0,3.3333333333333335,3.3333333333333335,3.3333333333333335
rE6BJ0Bo4w4_4,rE6BJ0Bo4w4,2-5s,3.0,242.0,1.0,0.8,0.19999999999999996,control,0,8,remote,0,2,1.0,1.0,1.0,0.0,0.0,0.0,0.0,0.0,3.3333333333333335,3.3333333333333335,3.3333333333333335
rE6BJ0Bo4w4_4,rE6BJ0Bo4w4,2-5s,3.0,242.0,1.0,0.8,0.19999999999999996,control,0,9,remote,0,2,1.0,1.0,1.0,0.0,0.0,0.0,0.0,0.0,3.3333333333333335,3.3333333333333335,3.3333333333333335
rPkCYq4Zjwk_1,rPkCYq4Zjwk,2-5s,3.0,203.0,0.0,0.6,-0.6,harmful,0,0,moderately_near,0,3,0.0,0.0,0.0,0.0,0.0,0.0,0.0,0.0,2.3333333333333335,2.6666666666666665,2.3333333333333335
rPkCYq4Zjwk_1,rPkCYq4Zjwk,2-5s,3.0,203.0,0.0,0.6,-0.6,harmful,0,1,moderately_near,0,3,0.0,0.0,0.0,0.0,0.0,0.0,0.0,0.0,2.3333333333333335,2.6666666666666665,2.3333333333333335
rPkCYq4Zjwk_1,rPkCYq4Zjwk,2-5s,3.0,203.0,0.0,0.6,-0.6,harmful,0,2,moderately_near,0,3,0.0,0.0,0.0,0.0,0.0,0.0,0.0,0.0,2.3333333333333335,2.6666666666666665,2.3333333333333335
rPkCYq4Zjwk_1,rPkCYq4Zjwk,2-5s,3.0,203.0,0.0,0.6,-0.6,harmful,0,3,moderately_near,0,3,0.0,0.0,0.0,0.0,0.0,0.0,0.0,0.0,2.3333333333333335,2.6666666666666665,2.3333333333333335
rPkCYq4Zjwk_1,rPkCYq4Zjwk,2-5s,3.0,203.0,0.0,0.6,-0.6,harmful,0,4,moderately_near,0,3,0.0,0.0,0.0,0.0,0.0,0.0,0.0,0.0,2.3333333333333335,2.6666666666666665,2.3333333333333335
rPkCYq4Zjwk_1,rPkCYq4Zjwk,2-5s,3.0,203.0,0.0,0.6,-0.6,harmful,0,5,moderately_near,0,3,0.0,0.0,0.0,0.0,0.0,0.0,0.0,0.0,2.3333333333333335,2.6666666666666665,2.6666666666666665
rPkCYq4Zjwk_1,rPkCYq4Zjwk,2-5s,3.0,203.0,0.0,0.6,-0.6,harmful,0,6,moderately_near,0,3,0.0,0.0,0.0,0.0,0.0,0.0,0.0,0.0,2.3333333333333335,2.6666666666666665,2.3333333333333335
rPkCYq4Zjwk_1,rPkCYq4Zjwk,2-5s,3.0,203.0,0.0,0.6,-0.6,harmful,0,7,moderately_near,0,3,0.0,0.0,0.0,0.0,0.0,0.0,0.0,0.0,2.3333333333333335,2.6666666666666665,2.3333333333333335
rPkCYq4Zjwk_1,rPkCYq4Zjwk,2-5s,3.0,203.0,0.0,0.6,-0.6,harmful,0,8,moderately_near,0,3,0.0,0.0,0.0,0.0,0.0,0.0,0.0,0.0,2.3333333333333335,2.6666666666666665,2.3333333333333335
rPkCYq4Zjwk_1,rPkCYq4Zjwk,2-5s,3.0,203.0,0.0,0.6,-0.6,harmful,0,9,moderately_near,0,3,0.0,0.0,0.0,0.0,0.0,0.0,0.0,0.0,2.3333333333333335,2.6666666666666665,2.3333333333333335
rPkCYq4Zjwk_2,rPkCYq4Zjwk,2-5s,3.0,203.0,1.0,0.9,0.09999999999999998,control,0,0,remote,0,2,1.0,1.0,1.0,0.0,0.0,0.0,0.0,0.0,12.333333333333334,12.666666666666666,12.333333333333334
rPkCYq4Zjwk_2,rPkCYq4Zjwk,2-5s,3.0,203.0,1.0,0.9,0.09999999999999998,control,0,1,remote,0,2,1.0,1.0,1.0,0.0,0.0,0.0,0.0,0.0,12.333333333333334,12.666666666666666,12.333333333333334
rPkCYq4Zjwk_2,rPkCYq4Zjwk,2-5s,3.0,203.0,1.0,0.9,0.09999999999999998,control,0,2,remote,0,2,1.0,1.0,1.0,0.0,0.0,0.0,0.0,0.0,12.333333333333334,12.666666666666666,12.333333333333334
rPkCYq4Zjwk_2,rPkCYq4Zjwk,2-5s,3.0,203.0,1.0,0.9,0.09999999999999998,control,0,3,remote,0,2,1.0,1.0,1.0,0.0,0.0,0.0,0.0,0.0,12.333333333333334,12.666666666666666,12.333333333333334
rPkCYq4Zjwk_2,rPkCYq4Zjwk,2-5s,3.0,203.0,1.0,0.9,0.09999999999999998,control,0,4,remote,0,2,1.0,1.0,1.0,0.0,0.0,0.0,0.0,0.0,12.333333333333334,12.666666666666666,12.333333333333334
rPkCYq4Zjwk_2,rPkCYq4Zjwk,2-5s,3.0,203.0,1.0,0.9,0.09999999999999998,control,0,5,remote,0,2,1.0,1.0,1.0,0.0,0.0,0.0,0.0,0.0,12.333333333333334,12.666666666666666,12.333333333333334
rPkCYq4Zjwk_2,rPkCYq4Zjwk,2-5s,3.0,203.0,1.0,0.9,0.09999999999999998,control,0,6,remote,0,2,1.0,1.0,1.0,0.0,0.0,0.0,0.0,0.0,12.333333333333334,12.666666666666666,12.333333333333334
rPkCYq4Zjwk_2,rPkCYq4Zjwk,2-5s,3.0,203.0,1.0,0.9,0.09999999999999998,control,0,7,remote,0,2,1.0,1.0,1.0,0.0,0.0,0.0,0.0,0.0,12.333333333333334,12.666666666666666,12.333333333333334
rPkCYq4Zjwk_2,rPkCYq4Zjwk,2-5s,3.0,203.0,1.0,0.9,0.09999999999999998,control,0,8,remote,0,2,1.0,1.0,1.0,0.0,0.0,0.0,0.0,0.0,12.333333333333334,12.666666666666666,12.333333333333334
rPkCYq4Zjwk_2,rPkCYq4Zjwk,2-5s,3.0,203.0,1.0,0.9,0.09999999999999998,control,0,9,remote,0,2,1.0,1.0,1.0,0.0,0.0,0.0,0.0,0.0,12.333333333333334,12.666666666666666,12.333333333333334
riM7b5bJ9KQ_1,riM7b5bJ9KQ,2-5s,3.0,74.0,1.0,1.0,0.0,control,0,0,moderately_near,0,1,1.0,1.0,1.0,0.0,0.0,1.0,0.0,100.0,1.3333333333333333,1.3333333333333333,1.3333333333333333
riM7b5bJ9KQ_1,riM7b5bJ9KQ,2-5s,3.0,74.0,1.0,1.0,0.0,control,0,1,moderately_near,0,1,1.0,1.0,1.0,0.0,0.0,1.0,0.0,100.0,1.3333333333333333,1.3333333333333333,1.0
riM7b5bJ9KQ_1,riM7b5bJ9KQ,2-5s,3.0,74.0,1.0,1.0,0.0,control,0,2,moderately_near,0,1,1.0,1.0,1.0,0.0,0.0,1.0,0.0,100.0,1.3333333333333333,1.3333333333333333,1.3333333333333333
riM7b5bJ9KQ_1,riM7b5bJ9KQ,2-5s,3.0,74.0,1.0,1.0,0.0,control,0,3,moderately_near,0,1,1.0,1.0,1.0,0.0,0.0,1.0,0.0,100.0,1.3333333333333333,1.3333333333333333,1.3333333333333333
riM7b5bJ9KQ_1,riM7b5bJ9KQ,2-5s,3.0,74.0,1.0,1.0,0.0,control,0,4,moderately_near,0,1,1.0,1.0,1.0,0.0,0.0,1.0,0.0,100.0,1.3333333333333333,1.3333333333333333,1.0
riM7b5bJ9KQ_1,riM7b5bJ9KQ,2-5s,3.0,74.0,1.0,1.0,0.0,control,0,5,moderately_near,0,1,1.0,1.0,1.0,0.0,0.0,1.0,0.0,100.0,1.3333333333333333,1.3333333333333333,1.0
riM7b5bJ9KQ_1,riM7b5bJ9KQ,2-5s,3.0,74.0,1.0,1.0,0.0,control,0,6,moderately_near,0,1,1.0,1.0,1.0,0.0,0.0,1.0,0.0,100.0,1.3333333333333333,1.3333333333333333,1.3333333333333333
riM7b5bJ9KQ_1,riM7b5bJ9KQ,2-5s,3.0,74.0,1.0,1.0,0.0,control,0,7,moderately_near,0,1,1.0,1.0,1.0,0.0,0.0,1.0,0.0,100.0,1.3333333333333333,1.3333333333333333,1.0
riM7b5bJ9KQ_1,riM7b5bJ9KQ,2-5s,3.0,74.0,1.0,1.0,0.0,control,0,8,moderately_near,0,1,1.0,1.0,1.0,0.0,0.0,1.0,0.0,100.0,1.3333333333333333,1.3333333333333333,1.3333333333333333
riM7b5bJ9KQ_1,riM7b5bJ9KQ,2-5s,3.0,74.0,1.0,1.0,0.0,control,0,9,moderately_near,0,1,1.0,1.0,1.0,0.0,0.0,1.0,0.0,100.0,1.3333333333333333,1.3333333333333333,1.3333333333333333
riM7b5bJ9KQ_3,riM7b5bJ9KQ,2-5s,2.0,74.0,1.0,1.0,0.0,control,0,0,remote,0,1,1.0,1.0,1.0,0.0,1.0,0.0,1.0,-100.0,2.5,2.5,2.5
riM7b5bJ9KQ_3,riM7b5bJ9KQ,2-5s,2.0,74.0,1.0,1.0,0.0,control,0,1,remote,0,1,1.0,1.0,1.0,0.0,1.0,0.0,1.0,-100.0,2.5,2.5,2.5
riM7b5bJ9KQ_3,riM7b5bJ9KQ,2-5s,2.0,74.0,1.0,1.0,0.0,control,0,2,remote,0,1,1.0,1.0,1.0,0.0,1.0,0.0,1.0,-100.0,2.5,2.5,2.5
riM7b5bJ9KQ_3,riM7b5bJ9KQ,2-5s,2.0,74.0,1.0,1.0,0.0,control,0,3,remote,0,1,1.0,1.0,1.0,0.0,1.0,0.0,1.0,-100.0,2.5,2.5,2.5
riM7b5bJ9KQ_3,riM7b5bJ9KQ,2-5s,2.0,74.0,1.0,1.0,0.0,control,0,4,remote,0,1,1.0,1.0,1.0,0.0,1.0,0.0,1.0,-100.0,2.5,2.5,2.5
riM7b5bJ9KQ_3,riM7b5bJ9KQ,2-5s,2.0,74.0,1.0,1.0,0.0,control,0,5,remote,0,1,1.0,1.0,1.0,0.0,1.0,0.0,1.0,-100.0,2.5,2.5,2.5
riM7b5bJ9KQ_3,riM7b5bJ9KQ,2-5s,2.0,74.0,1.0,1.0,0.0,control,0,6,remote,0,1,1.0,1.0,1.0,0.0,1.0,0.0,1.0,-100.0,2.5,2.5,2.5
riM7b5bJ9KQ_3,riM7b5bJ9KQ,2-5s,2.0,74.0,1.0,1.0,0.0,control,0,7,remote,0,1,1.0,1.0,1.0,0.0,1.0,0.0,1.0,-100.0,2.5,2.5,2.5
riM7b5bJ9KQ_3,riM7b5bJ9KQ,2-5s,2.0,74.0,1.0,1.0,0.0,control,0,8,remote,0,1,1.0,1.0,1.0,0.0,1.0,0.0,1.0,-100.0,2.5,2.5,2.5
riM7b5bJ9KQ_3,riM7b5bJ9KQ,2-5s,2.0,74.0,1.0,1.0,0.0,control,0,9,remote,0,1,1.0,1.0,1.0,0.0,1.0,0.0,0.0,0.0,2.5,2.5,2.5
rvtA7c1I4xo_1,rvtA7c1I4xo,2-5s,3.0,130.0,1.0,0.9,0.09999999999999998,control,1,0,remote,0,14,0.0,1.0,0.0,100.0,0.0,1.0,0.0,100.0,2.0,1.0,2.0
rvtA7c1I4xo_1,rvtA7c1I4xo,2-5s,3.0,130.0,1.0,0.9,0.09999999999999998,control,1,1,remote,0,14,0.0,1.0,0.0,100.0,0.0,1.0,0.0,100.0,2.0,1.0,2.0
rvtA7c1I4xo_1,rvtA7c1I4xo,2-5s,3.0,130.0,1.0,0.9,0.09999999999999998,control,1,2,remote,0,14,0.0,1.0,0.0,100.0,0.0,1.0,0.0,100.0,2.0,1.0,2.0
rvtA7c1I4xo_1,rvtA7c1I4xo,2-5s,3.0,130.0,1.0,0.9,0.09999999999999998,control,1,3,remote,0,14,0.0,1.0,0.0,100.0,0.0,1.0,0.0,100.0,2.0,1.0,2.0
rvtA7c1I4xo_1,rvtA7c1I4xo,2-5s,3.0,130.0,1.0,0.9,0.09999999999999998,control,1,4,remote,0,14,0.0,1.0,0.0,100.0,0.0,1.0,0.0,100.0,2.0,1.0,2.0
rvtA7c1I4xo_1,rvtA7c1I4xo,2-5s,3.0,130.0,1.0,0.9,0.09999999999999998,control,1,5,remote,0,14,0.0,1.0,0.0,100.0,0.0,1.0,0.0,100.0,2.0,1.0,2.0
rvtA7c1I4xo_1,rvtA7c1I4xo,2-5s,3.0,130.0,1.0,0.9,0.09999999999999998,control,1,6,remote,0,14,0.0,1.0,0.0,100.0,0.0,1.0,0.0,100.0,2.0,1.0,2.0
rvtA7c1I4xo_1,rvtA7c1I4xo,2-5s,3.0,130.0,1.0,0.9,0.09999999999999998,control,1,7,remote,0,14,0.0,1.0,0.0,100.0,0.0,1.0,0.0,100.0,2.0,1.0,2.0
rvtA7c1I4xo_1,rvtA7c1I4xo,2-5s,3.0,130.0,1.0,0.9,0.09999999999999998,control,1,8,remote,0,14,0.0,1.0,0.0,100.0,0.0,1.0,0.0,100.0,2.0,1.0,2.0
rvtA7c1I4xo_1,rvtA7c1I4xo,2-5s,3.0,130.0,1.0,0.9,0.09999999999999998,control,1,9,remote,0,14,0.0,1.0,0.0,100.0,0.0,1.0,0.0,100.0,2.0,1.0,2.0
rvtA7c1I4xo_2,rvtA7c1I4xo,2-5s,4.0,130.0,0.0,0.9,-0.9,harmful,0,0,moderately_near,1,4,1.0,1.0,1.0,0.0,0.0,0.0,0.0,0.0,1.0,0.75,1.25
rvtA7c1I4xo_2,rvtA7c1I4xo,2-5s,4.0,130.0,0.0,0.9,-0.9,harmful,0,1,moderately_near,1,4,1.0,1.0,1.0,0.0,0.0,0.0,0.0,0.0,1.0,0.75,1.25
rvtA7c1I4xo_2,rvtA7c1I4xo,2-5s,4.0,130.0,0.0,0.9,-0.9,harmful,0,2,moderately_near,1,4,1.0,1.0,1.0,0.0,0.0,0.0,0.0,0.0,1.0,0.75,1.25
rvtA7c1I4xo_2,rvtA7c1I4xo,2-5s,4.0,130.0,0.0,0.9,-0.9,harmful,0,3,moderately_near,1,4,1.0,1.0,1.0,0.0,0.0,0.0,0.0,0.0,1.0,0.75,1.25
rvtA7c1I4xo_2,rvtA7c1I4xo,2-5s,4.0,130.0,0.0,0.9,-0.9,harmful,0,4,moderately_near,1,4,1.0,1.0,1.0,0.0,0.0,0.0,0.0,0.0,1.0,0.75,1.25
rvtA7c1I4xo_2,rvtA7c1I4xo,2-5s,4.0,130.0,0.0,0.9,-0.9,harmful,0,5,moderately_near,1,4,1.0,1.0,1.0,0.0,0.0,0.0,0.0,0.0,1.0,0.75,1.25
rvtA7c1I4xo_2,rvtA7c1I4xo,2-5s,4.0,130.0,0.0,0.9,-0.9,harmful,0,6,moderately_near,1,4,1.0,1.0,1.0,0.0,0.0,0.0,0.0,0.0,1.0,0.75,1.25
rvtA7c1I4xo_2,rvtA7c1I4xo,2-5s,4.0,130.0,0.0,0.9,-0.9,harmful,0,7,moderately_near,1,4,1.0,1.0,1.0,0.0,0.0,0.0,0.0,0.0,1.0,0.75,1.25
rvtA7c1I4xo_2,rvtA7c1I4xo,2-5s,4.0,130.0,0.0,0.9,-0.9,harmful,0,8,moderately_near,1,4,1.0,1.0,1.0,0.0,0.0,0.0,0.0,0.0,1.0,0.75,1.25
rvtA7c1I4xo_2,rvtA7c1I4xo,2-5s,4.0,130.0,0.0,0.9,-0.9,harmful,0,9,moderately_near,1,4,1.0,1.0,1.0,0.0,0.0,0.0,0.0,0.0,1.0,0.75,1.25
rvtA7c1I4xo_3,rvtA7c1I4xo,2-5s,2.0,130.0,1.0,0.9,0.09999999999999998,control,0,0,adjacent,0,4,1.0,0.0,1.0,-100.0,0.0,0.0,0.0,0.0,5.0,5.0,5.0
rvtA7c1I4xo_3,rvtA7c1I4xo,2-5s,2.0,130.0,1.0,0.9,0.09999999999999998,control,0,1,adjacent,0,4,1.0,0.0,1.0,-100.0,0.0,0.0,0.0,0.0,5.0,5.0,5.0
rvtA7c1I4xo_3,rvtA7c1I4xo,2-5s,2.0,130.0,1.0,0.9,0.09999999999999998,control,0,2,adjacent,0,4,1.0,0.0,1.0,-100.0,0.0,0.0,0.0,0.0,5.0,5.0,5.0
rvtA7c1I4xo_3,rvtA7c1I4xo,2-5s,2.0,130.0,1.0,0.9,0.09999999999999998,control,0,3,adjacent,0,4,1.0,0.0,1.0,-100.0,0.0,0.0,0.0,0.0,5.0,5.0,5.0
rvtA7c1I4xo_3,rvtA7c1I4xo,2-5s,2.0,130.0,1.0,0.9,0.09999999999999998,control,0,4,adjacent,0,4,1.0,0.0,1.0,-100.0,0.0,0.0,0.0,0.0,5.0,5.0,5.0
rvtA7c1I4xo_3,rvtA7c1I4xo,2-5s,2.0,130.0,1.0,0.9,0.09999999999999998,control,0,5,adjacent,0,4,1.0,0.0,1.0,-100.0,0.0,0.0,0.0,0.0,5.0,5.0,5.5
rvtA7c1I4xo_3,rvtA7c1I4xo,2-5s,2.0,130.0,1.0,0.9,0.09999999999999998,control,0,6,adjacent,0,4,1.0,0.0,1.0,-100.0,0.0,0.0,0.0,0.0,5.0,5.0,5.5
rvtA7c1I4xo_3,rvtA7c1I4xo,2-5s,2.0,130.0,1.0,0.9,0.09999999999999998,control,0,7,adjacent,0,4,1.0,0.0,1.0,-100.0,0.0,0.0,0.0,0.0,5.0,5.0,5.5
rvtA7c1I4xo_3,rvtA7c1I4xo,2-5s,2.0,130.0,1.0,0.9,0.09999999999999998,control,0,8,adjacent,0,4,1.0,0.0,1.0,-100.0,0.0,0.0,0.0,0.0,5.0,5.0,5.0
rvtA7c1I4xo_3,rvtA7c1I4xo,2-5s,2.0,130.0,1.0,0.9,0.09999999999999998,control,0,9,adjacent,0,4,1.0,0.0,1.0,-100.0,0.0,0.0,0.0,0.0,5.0,5.0,5.0
rvtA7c1I4xo_4,rvtA7c1I4xo,2-5s,3.0,130.0,0.0,0.8,-0.8,harmful,0,0,remote,0,28,1.0,1.0,1.0,0.0,0.0,0.0,0.0,0.0,2.0,2.3333333333333335,2.0
rvtA7c1I4xo_4,rvtA7c1I4xo,2-5s,3.0,130.0,0.0,0.8,-0.8,harmful,0,1,remote,0,28,1.0,1.0,1.0,0.0,0.0,0.0,0.0,0.0,2.0,2.3333333333333335,2.0
rvtA7c1I4xo_4,rvtA7c1I4xo,2-5s,3.0,130.0,0.0,0.8,-0.8,harmful,0,2,remote,0,28,1.0,1.0,1.0,0.0,0.0,0.0,0.0,0.0,2.0,2.3333333333333335,2.0
rvtA7c1I4xo_4,rvtA7c1I4xo,2-5s,3.0,130.0,0.0,0.8,-0.8,harmful,0,3,remote,0,28,1.0,1.0,1.0,0.0,0.0,0.0,0.0,0.0,2.0,2.3333333333333335,1.6666666666666667
rvtA7c1I4xo_4,rvtA7c1I4xo,2-5s,3.0,130.0,0.0,0.8,-0.8,harmful,0,4,remote,0,28,1.0,1.0,1.0,0.0,0.0,0.0,0.0,0.0,2.0,2.3333333333333335,2.0
rvtA7c1I4xo_4,rvtA7c1I4xo,2-5s,3.0,130.0,0.0,0.8,-0.8,harmful,0,5,remote,0,28,1.0,1.0,1.0,0.0,0.0,0.0,0.0,0.0,2.0,2.3333333333333335,2.0
rvtA7c1I4xo_4,rvtA7c1I4xo,2-5s,3.0,130.0,0.0,0.8,-0.8,harmful,0,6,remote,0,28,1.0,1.0,1.0,0.0,0.0,0.0,0.0,0.0,2.0,2.3333333333333335,2.0
rvtA7c1I4xo_4,rvtA7c1I4xo,2-5s,3.0,130.0,0.0,0.8,-0.8,harmful,0,7,remote,0,28,1.0,1.0,1.0,0.0,0.0,0.0,0.0,0.0,2.0,2.3333333333333335,2.0
rvtA7c1I4xo_4,rvtA7c1I4xo,2-5s,3.0,130.0,0.0,0.8,-0.8,harmful,0,8,remote,0,28,1.0,1.0,1.0,0.0,0.0,0.0,0.0,0.0,2.0,2.3333333333333335,2.0
rvtA7c1I4xo_4,rvtA7c1I4xo,2-5s,3.0,130.0,0.0,0.8,-0.8,harmful,0,9,remote,0,28,1.0,1.0,1.0,0.0,0.0,0.0,0.0,0.0,2.0,2.3333333333333335,2.0
sTMKled6Q1M_1,sTMKled6Q1M,2-5s,4.0,300.0,1.0,1.0,0.0,control,0,0,moderately_near,0,10,1.0,1.0,1.0,0.0,0.0,0.0,0.0,0.0,4.25,4.25,4.5
sTMKled6Q1M_1,sTMKled6Q1M,2-5s,4.0,300.0,1.0,1.0,0.0,control,0,1,moderately_near,0,10,1.0,1.0,1.0,0.0,0.0,0.0,0.0,0.0,4.25,4.25,4.25
sTMKled6Q1M_1,sTMKled6Q1M,2-5s,4.0,300.0,1.0,1.0,0.0,control,0,2,moderately_near,0,10,1.0,1.0,1.0,0.0,0.0,0.0,0.0,0.0,4.25,4.25,4.5
sTMKled6Q1M_1,sTMKled6Q1M,2-5s,4.0,300.0,1.0,1.0,0.0,control,0,3,moderately_near,0,10,1.0,1.0,1.0,0.0,0.0,0.0,0.0,0.0,4.25,4.25,4.75
sTMKled6Q1M_1,sTMKled6Q1M,2-5s,4.0,300.0,1.0,1.0,0.0,control,0,4,moderately_near,0,10,1.0,1.0,1.0,0.0,0.0,0.0,0.0,0.0,4.25,4.25,4.25
sTMKled6Q1M_1,sTMKled6Q1M,2-5s,4.0,300.0,1.0,1.0,0.0,control,0,5,moderately_near,0,10,1.0,1.0,1.0,0.0,0.0,0.0,0.0,0.0,4.25,4.25,4.25
sTMKled6Q1M_1,sTMKled6Q1M,2-5s,4.0,300.0,1.0,1.0,0.0,control,0,6,moderately_near,0,10,1.0,1.0,1.0,0.0,0.0,0.0,0.0,0.0,4.25,4.25,4.25
sTMKled6Q1M_1,sTMKled6Q1M,2-5s,4.0,300.0,1.0,1.0,0.0,control,0,7,moderately_near,0,10,1.0,1.0,1.0,0.0,0.0,0.0,0.0,0.0,4.25,4.25,4.5
sTMKled6Q1M_1,sTMKled6Q1M,2-5s,4.0,300.0,1.0,1.0,0.0,control,0,8,moderately_near,0,10,1.0,1.0,1.0,0.0,0.0,0.0,0.0,0.0,4.25,4.25,4.5
sTMKled6Q1M_1,sTMKled6Q1M,2-5s,4.0,300.0,1.0,1.0,0.0,control,0,9,moderately_near,0,10,1.0,1.0,1.0,0.0,0.0,0.0,0.0,0.0,4.25,4.25,4.25
sTMKled6Q1M_2,sTMKled6Q1M,2-5s,3.0,300.0,1.0,0.2,0.8,control,1,0,remote,0,2,0.0,1.0,0.0,100.0,0.0,0.0,0.0,0.0,3.0,3.0,3.0
sTMKled6Q1M_2,sTMKled6Q1M,2-5s,3.0,300.0,1.0,0.2,0.8,control,1,1,remote,0,2,0.0,1.0,0.0,100.0,0.0,0.0,0.0,0.0,3.0,3.0,3.0
sTMKled6Q1M_2,sTMKled6Q1M,2-5s,3.0,300.0,1.0,0.2,0.8,control,1,2,remote,0,2,0.0,1.0,0.0,100.0,0.0,0.0,0.0,0.0,3.0,3.0,3.0
sTMKled6Q1M_2,sTMKled6Q1M,2-5s,3.0,300.0,1.0,0.2,0.8,control,1,3,remote,0,2,0.0,1.0,0.0,100.0,0.0,0.0,0.0,0.0,3.0,3.0,3.0
sTMKled6Q1M_2,sTMKled6Q1M,2-5s,3.0,300.0,1.0,0.2,0.8,control,1,4,remote,0,2,0.0,1.0,0.0,100.0,0.0,0.0,0.0,0.0,3.0,3.0,3.3333333333333335
sTMKled6Q1M_2,sTMKled6Q1M,2-5s,3.0,300.0,1.0,0.2,0.8,control,1,5,remote,0,2,0.0,1.0,0.0,100.0,0.0,0.0,0.0,0.0,3.0,3.0,3.0
sTMKled6Q1M_2,sTMKled6Q1M,2-5s,3.0,300.0,1.0,0.2,0.8,control,1,6,remote,0,2,0.0,1.0,1.0,0.0,0.0,0.0,0.0,0.0,3.0,3.0,3.0
sTMKled6Q1M_2,sTMKled6Q1M,2-5s,3.0,300.0,1.0,0.2,0.8,control,1,7,remote,0,2,0.0,1.0,0.0,100.0,0.0,0.0,0.0,0.0,3.0,3.0,3.0
sTMKled6Q1M_2,sTMKled6Q1M,2-5s,3.0,300.0,1.0,0.2,0.8,control,1,8,remote,0,2,0.0,1.0,0.0,100.0,0.0,0.0,0.0,0.0,3.0,3.0,3.0
sTMKled6Q1M_2,sTMKled6Q1M,2-5s,3.0,300.0,1.0,0.2,0.8,control,1,9,remote,0,2,0.0,1.0,0.0,100.0,0.0,0.0,0.0,0.0,3.0,3.0,3.0
sTMKled6Q1M_3,sTMKled6Q1M,2-5s,3.0,300.0,0.0,0.9,-0.9,harmful,0,0,remote,0,5,1.0,1.0,1.0,0.0,0.0,0.0,0.0,0.0,4.666666666666667,4.666666666666667,4.666666666666667
sTMKled6Q1M_3,sTMKled6Q1M,2-5s,3.0,300.0,0.0,0.9,-0.9,harmful,0,1,remote,0,5,1.0,1.0,1.0,0.0,0.0,0.0,0.0,0.0,4.666666666666667,4.666666666666667,4.666666666666667
sTMKled6Q1M_3,sTMKled6Q1M,2-5s,3.0,300.0,0.0,0.9,-0.9,harmful,0,2,remote,0,5,1.0,1.0,1.0,0.0,0.0,0.0,0.0,0.0,4.666666666666667,4.666666666666667,5.0
sTMKled6Q1M_3,sTMKled6Q1M,2-5s,3.0,300.0,0.0,0.9,-0.9,harmful,0,3,remote,0,5,1.0,1.0,1.0,0.0,0.0,0.0,0.0,0.0,4.666666666666667,4.666666666666667,4.666666666666667
sTMKled6Q1M_3,sTMKled6Q1M,2-5s,3.0,300.0,0.0,0.9,-0.9,harmful,0,4,remote,0,5,1.0,1.0,1.0,0.0,0.0,0.0,0.0,0.0,4.666666666666667,4.666666666666667,4.666666666666667
sTMKled6Q1M_3,sTMKled6Q1M,2-5s,3.0,300.0,0.0,0.9,-0.9,harmful,0,5,remote,0,5,1.0,1.0,1.0,0.0,0.0,0.0,0.0,0.0,4.666666666666667,4.666666666666667,4.666666666666667
sTMKled6Q1M_3,sTMKled6Q1M,2-5s,3.0,300.0,0.0,0.9,-0.9,harmful,0,6,remote,0,5,1.0,1.0,1.0,0.0,0.0,0.0,0.0,0.0,4.666666666666667,4.666666666666667,5.0
sTMKled6Q1M_3,sTMKled6Q1M,2-5s,3.0,300.0,0.0,0.9,-0.9,harmful,0,7,remote,0,5,1.0,1.0,1.0,0.0,0.0,0.0,0.0,0.0,4.666666666666667,4.666666666666667,4.666666666666667
sTMKled6Q1M_3,sTMKled6Q1M,2-5s,3.0,300.0,0.0,0.9,-0.9,harmful,0,8,remote,0,5,1.0,1.0,1.0,0.0,0.0,0.0,0.0,0.0,4.666666666666667,4.666666666666667,4.666666666666667
sTMKled6Q1M_3,sTMKled6Q1M,2-5s,3.0,300.0,0.0,0.9,-0.9,harmful,0,9,remote,0,5,1.0,1.0,1.0,0.0,0.0,0.0,0.0,0.0,4.666666666666667,4.666666666666667,5.0
sVYTOURVsQ0_2,sVYTOURVsQ0,0-2s,1.0,71.0,1.0,0.5,0.5,control,1,0,remote,0,18,0.0,0.0,1.0,-100.0,0.0,0.0,0.0,0.0,37.0,33.0,38.0
sVYTOURVsQ0_2,sVYTOURVsQ0,0-2s,1.0,71.0,1.0,0.5,0.5,control,1,1,remote,0,18,0.0,0.0,0.0,0.0,0.0,0.0,0.0,0.0,37.0,33.0,38.0
sVYTOURVsQ0_2,sVYTOURVsQ0,0-2s,1.0,71.0,1.0,0.5,0.5,control,1,2,remote,0,18,0.0,0.0,1.0,-100.0,0.0,0.0,0.0,0.0,37.0,33.0,38.0
sVYTOURVsQ0_2,sVYTOURVsQ0,0-2s,1.0,71.0,1.0,0.5,0.5,control,1,3,remote,0,18,0.0,0.0,0.0,0.0,0.0,0.0,0.0,0.0,37.0,33.0,38.0
sVYTOURVsQ0_2,sVYTOURVsQ0,0-2s,1.0,71.0,1.0,0.5,0.5,control,1,4,remote,0,18,0.0,0.0,0.0,0.0,0.0,0.0,0.0,0.0,37.0,33.0,38.0
sVYTOURVsQ0_2,sVYTOURVsQ0,0-2s,1.0,71.0,1.0,0.5,0.5,control,1,5,remote,0,18,0.0,0.0,0.0,0.0,0.0,0.0,0.0,0.0,37.0,33.0,37.0
sVYTOURVsQ0_2,sVYTOURVsQ0,0-2s,1.0,71.0,1.0,0.5,0.5,control,1,6,remote,0,18,0.0,0.0,0.0,0.0,0.0,0.0,0.0,0.0,37.0,33.0,38.0
sVYTOURVsQ0_2,sVYTOURVsQ0,0-2s,1.0,71.0,1.0,0.5,0.5,control,1,7,remote,0,18,0.0,0.0,1.0,-100.0,0.0,0.0,0.0,0.0,37.0,33.0,38.0
sVYTOURVsQ0_2,sVYTOURVsQ0,0-2s,1.0,71.0,1.0,0.5,0.5,control,1,8,remote,0,18,0.0,0.0,0.0,0.0,0.0,0.0,0.0,0.0,37.0,33.0,37.0
sVYTOURVsQ0_2,sVYTOURVsQ0,0-2s,1.0,71.0,1.0,0.5,0.5,control,1,9,remote,0,18,0.0,0.0,0.0,0.0,0.0,0.0,0.0,0.0,37.0,33.0,38.0
sl_Pxpc7beo_1,sl_Pxpc7beo,2-5s,2.0,74.0,1.0,1.0,0.0,control,0,0,moderately_near,1,10,1.0,1.0,1.0,0.0,1.0,0.0,1.0,-100.0,1.5,1.5,1.5
sl_Pxpc7beo_1,sl_Pxpc7beo,2-5s,2.0,74.0,1.0,1.0,0.0,control,0,1,moderately_near,1,10,1.0,1.0,1.0,0.0,1.0,0.0,1.0,-100.0,1.5,1.5,1.5
sl_Pxpc7beo_1,sl_Pxpc7beo,2-5s,2.0,74.0,1.0,1.0,0.0,control,0,2,moderately_near,1,10,1.0,1.0,1.0,0.0,1.0,0.0,1.0,-100.0,1.5,1.5,1.5
sl_Pxpc7beo_1,sl_Pxpc7beo,2-5s,2.0,74.0,1.0,1.0,0.0,control,0,3,moderately_near,1,10,1.0,1.0,1.0,0.0,1.0,0.0,1.0,-100.0,1.5,1.5,1.5
sl_Pxpc7beo_1,sl_Pxpc7beo,2-5s,2.0,74.0,1.0,1.0,0.0,control,0,4,moderately_near,1,10,1.0,1.0,1.0,0.0,1.0,0.0,0.0,0.0,1.5,1.5,1.5
sl_Pxpc7beo_1,sl_Pxpc7beo,2-5s,2.0,74.0,1.0,1.0,0.0,control,0,5,moderately_near,1,10,1.0,1.0,1.0,0.0,1.0,0.0,1.0,-100.0,1.5,1.5,1.5
sl_Pxpc7beo_1,sl_Pxpc7beo,2-5s,2.0,74.0,1.0,1.0,0.0,control,0,6,moderately_near,1,10,1.0,1.0,1.0,0.0,1.0,0.0,1.0,-100.0,1.5,1.5,1.5
sl_Pxpc7beo_1,sl_Pxpc7beo,2-5s,2.0,74.0,1.0,1.0,0.0,control,0,7,moderately_near,1,10,1.0,1.0,1.0,0.0,1.0,0.0,1.0,-100.0,1.5,1.5,1.5
sl_Pxpc7beo_1,sl_Pxpc7beo,2-5s,2.0,74.0,1.0,1.0,0.0,control,0,8,moderately_near,1,10,1.0,1.0,1.0,0.0,1.0,0.0,1.0,-100.0,1.5,1.5,1.5
sl_Pxpc7beo_1,sl_Pxpc7beo,2-5s,2.0,74.0,1.0,1.0,0.0,control,0,9,moderately_near,1,10,1.0,1.0,1.0,0.0,1.0,0.0,0.0,0.0,1.5,1.5,1.5
sqsI2UyrcBQ_1,sqsI2UyrcBQ,2-5s,2.0,67.0,0.0,1.0,-1.0,harmful,0,0,remote,0,13,1.0,1.0,1.0,0.0,0.0,0.0,0.0,0.0,1.5,1.5,1.5
sqsI2UyrcBQ_1,sqsI2UyrcBQ,2-5s,2.0,67.0,0.0,1.0,-1.0,harmful,0,1,remote,0,13,1.0,1.0,1.0,0.0,0.0,0.0,0.0,0.0,1.5,1.5,1.5
sqsI2UyrcBQ_1,sqsI2UyrcBQ,2-5s,2.0,67.0,0.0,1.0,-1.0,harmful,0,2,remote,0,13,1.0,1.0,1.0,0.0,0.0,0.0,0.0,0.0,1.5,1.5,1.5
sqsI2UyrcBQ_1,sqsI2UyrcBQ,2-5s,2.0,67.0,0.0,1.0,-1.0,harmful,0,3,remote,0,13,1.0,1.0,1.0,0.0,0.0,0.0,0.0,0.0,1.5,1.5,1.5
sqsI2UyrcBQ_1,sqsI2UyrcBQ,2-5s,2.0,67.0,0.0,1.0,-1.0,harmful,0,4,remote,0,13,1.0,1.0,1.0,0.0,0.0,0.0,0.0,0.0,1.5,1.5,1.5
sqsI2UyrcBQ_1,sqsI2UyrcBQ,2-5s,2.0,67.0,0.0,1.0,-1.0,harmful,0,5,remote,0,13,1.0,1.0,1.0,0.0,0.0,0.0,0.0,0.0,1.5,1.5,1.5
sqsI2UyrcBQ_1,sqsI2UyrcBQ,2-5s,2.0,67.0,0.0,1.0,-1.0,harmful,0,6,remote,0,13,1.0,1.0,1.0,0.0,0.0,0.0,0.0,0.0,1.5,1.5,1.5
sqsI2UyrcBQ_1,sqsI2UyrcBQ,2-5s,2.0,67.0,0.0,1.0,-1.0,harmful,0,7,remote,0,13,1.0,1.0,1.0,0.0,0.0,0.0,0.0,0.0,1.5,1.5,1.5
sqsI2UyrcBQ_1,sqsI2UyrcBQ,2-5s,2.0,67.0,0.0,1.0,-1.0,harmful,0,8,remote,0,13,1.0,1.0,1.0,0.0,0.0,0.0,0.0,0.0,1.5,1.5,1.5
sqsI2UyrcBQ_1,sqsI2UyrcBQ,2-5s,2.0,67.0,0.0,1.0,-1.0,harmful,0,9,remote,0,13,1.0,1.0,1.0,0.0,0.0,0.0,0.0,0.0,1.5,1.5,1.5
szkiW0GXEOI_1,szkiW0GXEOI,2-5s,3.0,148.0,1.0,1.0,0.0,control,0,0,adjacent,0,1,1.0,1.0,1.0,0.0,0.0,0.0,0.0,0.0,2.3333333333333335,2.3333333333333335,2.3333333333333335
szkiW0GXEOI_1,szkiW0GXEOI,2-5s,3.0,148.0,1.0,1.0,0.0,control,0,1,adjacent,0,1,1.0,1.0,1.0,0.0,0.0,0.0,0.0,0.0,2.3333333333333335,2.3333333333333335,2.3333333333333335
szkiW0GXEOI_1,szkiW0GXEOI,2-5s,3.0,148.0,1.0,1.0,0.0,control,0,2,adjacent,0,1,1.0,1.0,1.0,0.0,0.0,0.0,0.0,0.0,2.3333333333333335,2.3333333333333335,2.3333333333333335
szkiW0GXEOI_1,szkiW0GXEOI,2-5s,3.0,148.0,1.0,1.0,0.0,control,0,3,adjacent,0,1,1.0,1.0,1.0,0.0,0.0,0.0,0.0,0.0,2.3333333333333335,2.3333333333333335,2.3333333333333335
szkiW0GXEOI_1,szkiW0GXEOI,2-5s,3.0,148.0,1.0,1.0,0.0,control,0,4,adjacent,0,1,1.0,1.0,1.0,0.0,0.0,0.0,0.0,0.0,2.3333333333333335,2.3333333333333335,2.3333333333333335
szkiW0GXEOI_1,szkiW0GXEOI,2-5s,3.0,148.0,1.0,1.0,0.0,control,0,5,adjacent,0,1,1.0,1.0,1.0,0.0,0.0,0.0,0.0,0.0,2.3333333333333335,2.3333333333333335,2.3333333333333335
szkiW0GXEOI_1,szkiW0GXEOI,2-5s,3.0,148.0,1.0,1.0,0.0,control,0,6,adjacent,0,1,1.0,1.0,1.0,0.0,0.0,0.0,0.0,0.0,2.3333333333333335,2.3333333333333335,2.3333333333333335
szkiW0GXEOI_1,szkiW0GXEOI,2-5s,3.0,148.0,1.0,1.0,0.0,control,0,7,adjacent,0,1,1.0,1.0,1.0,0.0,0.0,0.0,0.0,0.0,2.3333333333333335,2.3333333333333335,2.3333333333333335
szkiW0GXEOI_1,szkiW0GXEOI,2-5s,3.0,148.0,1.0,1.0,0.0,control,0,8,adjacent,0,1,1.0,1.0,1.0,0.0,0.0,0.0,0.0,0.0,2.3333333333333335,2.3333333333333335,2.3333333333333335
szkiW0GXEOI_1,szkiW0GXEOI,2-5s,3.0,148.0,1.0,1.0,0.0,control,0,9,adjacent,0,1,1.0,1.0,1.0,0.0,0.0,0.0,0.0,0.0,2.3333333333333335,2.3333333333333335,2.3333333333333335
t1hj7se76wQ_2,t1hj7se76wQ,2-5s,2.0,119.0,1.0,1.0,0.0,control,0,0,adjacent,0,3,1.0,1.0,1.0,0.0,0.0,0.0,0.0,0.0,12.0,12.0,12.0
t1hj7se76wQ_2,t1hj7se76wQ,2-5s,2.0,119.0,1.0,1.0,0.0,control,0,1,adjacent,0,3,1.0,1.0,1.0,0.0,0.0,0.0,0.0,0.0,12.0,12.0,12.0
t1hj7se76wQ_2,t1hj7se76wQ,2-5s,2.0,119.0,1.0,1.0,0.0,control,0,2,adjacent,0,3,1.0,1.0,1.0,0.0,0.0,0.0,0.0,0.0,12.0,12.0,12.0
t1hj7se76wQ_2,t1hj7se76wQ,2-5s,2.0,119.0,1.0,1.0,0.0,control,0,3,adjacent,0,3,1.0,1.0,1.0,0.0,0.0,0.0,0.0,0.0,12.0,12.0,12.0
t1hj7se76wQ_2,t1hj7se76wQ,2-5s,2.0,119.0,1.0,1.0,0.0,control,0,4,adjacent,0,3,1.0,1.0,1.0,0.0,0.0,0.0,0.0,0.0,12.0,12.0,12.0
t1hj7se76wQ_2,t1hj7se76wQ,2-5s,2.0,119.0,1.0,1.0,0.0,control,0,5,adjacent,0,3,1.0,1.0,1.0,0.0,0.0,0.0,0.0,0.0,12.0,12.0,12.0
t1hj7se76wQ_2,t1hj7se76wQ,2-5s,2.0,119.0,1.0,1.0,0.0,control,0,6,adjacent,0,3,1.0,1.0,1.0,0.0,0.0,0.0,0.0,0.0,12.0,12.0,12.0
t1hj7se76wQ_2,t1hj7se76wQ,2-5s,2.0,119.0,1.0,1.0,0.0,control,0,7,adjacent,0,3,1.0,1.0,1.0,0.0,0.0,0.0,0.0,0.0,12.0,12.0,12.0
t1hj7se76wQ_2,t1hj7se76wQ,2-5s,2.0,119.0,1.0,1.0,0.0,control,0,8,adjacent,0,3,1.0,1.0,1.0,0.0,0.0,0.0,0.0,0.0,12.0,12.0,12.0
t1hj7se76wQ_2,t1hj7se76wQ,2-5s,2.0,119.0,1.0,1.0,0.0,control,0,9,adjacent,0,3,1.0,1.0,1.0,0.0,0.0,0.0,0.0,0.0,12.0,12.0,12.0
t1hj7se76wQ_3,t1hj7se76wQ,2-5s,2.0,119.0,1.0,1.0,0.0,control,0,0,moderately_near,0,9,1.0,1.0,1.0,0.0,0.0,0.0,0.0,0.0,5.0,4.5,5.5
t1hj7se76wQ_3,t1hj7se76wQ,2-5s,2.0,119.0,1.0,1.0,0.0,control,0,1,moderately_near,0,9,1.0,1.0,1.0,0.0,0.0,0.0,0.0,0.0,5.0,4.5,5.0
t1hj7se76wQ_3,t1hj7se76wQ,2-5s,2.0,119.0,1.0,1.0,0.0,control,0,2,moderately_near,0,9,1.0,1.0,1.0,0.0,0.0,0.0,0.0,0.0,5.0,4.5,5.0
t1hj7se76wQ_3,t1hj7se76wQ,2-5s,2.0,119.0,1.0,1.0,0.0,control,0,3,moderately_near,0,9,1.0,1.0,1.0,0.0,0.0,0.0,0.0,0.0,5.0,4.5,5.0
t1hj7se76wQ_3,t1hj7se76wQ,2-5s,2.0,119.0,1.0,1.0,0.0,control,0,4,moderately_near,0,9,1.0,1.0,1.0,0.0,0.0,0.0,0.0,0.0,5.0,4.5,4.5
t1hj7se76wQ_3,t1hj7se76wQ,2-5s,2.0,119.0,1.0,1.0,0.0,control,0,5,moderately_near,0,9,1.0,1.0,1.0,0.0,0.0,0.0,0.0,0.0,5.0,4.5,5.0
t1hj7se76wQ_3,t1hj7se76wQ,2-5s,2.0,119.0,1.0,1.0,0.0,control,0,6,moderately_near,0,9,1.0,1.0,1.0,0.0,0.0,0.0,0.0,0.0,5.0,4.5,5.0
t1hj7se76wQ_3,t1hj7se76wQ,2-5s,2.0,119.0,1.0,1.0,0.0,control,0,7,moderately_near,0,9,1.0,1.0,1.0,0.0,0.0,0.0,0.0,0.0,5.0,4.5,5.0
t1hj7se76wQ_3,t1hj7se76wQ,2-5s,2.0,119.0,1.0,1.0,0.0,control,0,8,moderately_near,0,9,1.0,1.0,1.0,0.0,0.0,0.0,0.0,0.0,5.0,4.5,5.0
t1hj7se76wQ_3,t1hj7se76wQ,2-5s,2.0,119.0,1.0,1.0,0.0,control,0,9,moderately_near,0,9,1.0,1.0,1.0,0.0,0.0,0.0,0.0,0.0,5.0,4.5,5.0
t4prXmPwthg_2,t4prXmPwthg,2-5s,4.0,249.0,0.0,0.1,-0.1,harmful,1,0,remote,0,10,0.0,0.0,1.0,-100.0,0.0,0.0,0.0,0.0,2.25,2.0,2.25
t4prXmPwthg_2,t4prXmPwthg,2-5s,4.0,249.0,0.0,0.1,-0.1,harmful,1,1,remote,0,10,0.0,0.0,0.0,0.0,0.0,0.0,0.0,0.0,2.25,2.0,2.25
t4prXmPwthg_2,t4prXmPwthg,2-5s,4.0,249.0,0.0,0.1,-0.1,harmful,1,2,remote,0,10,0.0,0.0,0.0,0.0,0.0,0.0,0.0,0.0,2.25,2.0,2.25
t4prXmPwthg_2,t4prXmPwthg,2-5s,4.0,249.0,0.0,0.1,-0.1,harmful,1,3,remote,0,10,0.0,0.0,0.0,0.0,0.0,0.0,0.0,0.0,2.25,2.0,2.25
t4prXmPwthg_2,t4prXmPwthg,2-5s,4.0,249.0,0.0,0.1,-0.1,harmful,1,4,remote,0,10,0.0,0.0,0.0,0.0,0.0,0.0,0.0,0.0,2.25,2.0,2.25
t4prXmPwthg_2,t4prXmPwthg,2-5s,4.0,249.0,0.0,0.1,-0.1,harmful,1,5,remote,0,10,0.0,0.0,0.0,0.0,0.0,0.0,0.0,0.0,2.25,2.0,2.25
t4prXmPwthg_2,t4prXmPwthg,2-5s,4.0,249.0,0.0,0.1,-0.1,harmful,1,6,remote,0,10,0.0,0.0,0.0,0.0,0.0,0.0,0.0,0.0,2.25,2.0,2.25
t4prXmPwthg_2,t4prXmPwthg,2-5s,4.0,249.0,0.0,0.1,-0.1,harmful,1,7,remote,0,10,0.0,0.0,0.0,0.0,0.0,0.0,0.0,0.0,2.25,2.0,2.0
t4prXmPwthg_2,t4prXmPwthg,2-5s,4.0,249.0,0.0,0.1,-0.1,harmful,1,8,remote,0,10,0.0,0.0,0.0,0.0,0.0,0.0,0.0,0.0,2.25,2.0,2.25
t4prXmPwthg_2,t4prXmPwthg,2-5s,4.0,249.0,0.0,0.1,-0.1,harmful,1,9,remote,0,10,0.0,0.0,0.0,0.0,0.0,0.0,0.0,0.0,2.25,2.0,2.0
tIM-H2rdq8U_2,tIM-H2rdq8U,2-5s,4.0,105.0,1.0,1.0,0.0,control,0,0,moderately_near,1,10,1.0,1.0,1.0,0.0,0.0,0.0,0.0,0.0,1.75,1.75,2.0
tIM-H2rdq8U_2,tIM-H2rdq8U,2-5s,4.0,105.0,1.0,1.0,0.0,control,0,1,moderately_near,1,10,1.0,1.0,1.0,0.0,0.0,0.0,0.0,0.0,1.75,1.75,2.0
tIM-H2rdq8U_2,tIM-H2rdq8U,2-5s,4.0,105.0,1.0,1.0,0.0,control,0,2,moderately_near,1,10,1.0,1.0,1.0,0.0,0.0,0.0,0.0,0.0,1.75,1.75,2.0
tIM-H2rdq8U_2,tIM-H2rdq8U,2-5s,4.0,105.0,1.0,1.0,0.0,control,0,3,moderately_near,1,10,1.0,1.0,1.0,0.0,0.0,0.0,0.0,0.0,1.75,1.75,2.0
tIM-H2rdq8U_2,tIM-H2rdq8U,2-5s,4.0,105.0,1.0,1.0,0.0,control,0,4,moderately_near,1,10,1.0,1.0,1.0,0.0,0.0,0.0,0.0,0.0,1.75,1.75,2.0
tIM-H2rdq8U_2,tIM-H2rdq8U,2-5s,4.0,105.0,1.0,1.0,0.0,control,0,5,moderately_near,1,10,1.0,1.0,1.0,0.0,0.0,0.0,0.0,0.0,1.75,1.75,2.0
tIM-H2rdq8U_2,tIM-H2rdq8U,2-5s,4.0,105.0,1.0,1.0,0.0,control,0,6,moderately_near,1,10,1.0,1.0,1.0,0.0,0.0,0.0,0.0,0.0,1.75,1.75,1.75
tIM-H2rdq8U_2,tIM-H2rdq8U,2-5s,4.0,105.0,1.0,1.0,0.0,control,0,7,moderately_near,1,10,1.0,1.0,1.0,0.0,0.0,0.0,0.0,0.0,1.75,1.75,1.75
tIM-H2rdq8U_2,tIM-H2rdq8U,2-5s,4.0,105.0,1.0,1.0,0.0,control,0,8,moderately_near,1,10,1.0,1.0,1.0,0.0,0.0,0.0,0.0,0.0,1.75,1.75,2.0
tIM-H2rdq8U_2,tIM-H2rdq8U,2-5s,4.0,105.0,1.0,1.0,0.0,control,0,9,moderately_near,1,10,1.0,1.0,1.0,0.0,0.0,0.0,0.0,0.0,1.75,1.75,2.0
tIM-H2rdq8U_3,tIM-H2rdq8U,0-2s,1.0,105.0,1.0,0.7,0.30000000000000004,control,0,0,remote,0,7,1.0,1.0,1.0,0.0,0.0,0.0,0.0,0.0,6.0,6.0,6.0
tIM-H2rdq8U_3,tIM-H2rdq8U,0-2s,1.0,105.0,1.0,0.7,0.30000000000000004,control,0,1,remote,0,7,1.0,1.0,1.0,0.0,0.0,0.0,0.0,0.0,6.0,6.0,6.0
tIM-H2rdq8U_3,tIM-H2rdq8U,0-2s,1.0,105.0,1.0,0.7,0.30000000000000004,control,0,2,remote,0,7,1.0,1.0,1.0,0.0,0.0,0.0,0.0,0.0,6.0,6.0,6.0
tIM-H2rdq8U_3,tIM-H2rdq8U,0-2s,1.0,105.0,1.0,0.7,0.30000000000000004,control,0,3,remote,0,7,1.0,1.0,1.0,0.0,0.0,0.0,0.0,0.0,6.0,6.0,6.0
tIM-H2rdq8U_3,tIM-H2rdq8U,0-2s,1.0,105.0,1.0,0.7,0.30000000000000004,control,0,4,remote,0,7,1.0,1.0,1.0,0.0,0.0,0.0,0.0,0.0,6.0,6.0,6.0
tIM-H2rdq8U_3,tIM-H2rdq8U,0-2s,1.0,105.0,1.0,0.7,0.30000000000000004,control,0,5,remote,0,7,1.0,1.0,1.0,0.0,0.0,0.0,0.0,0.0,6.0,6.0,6.0
tIM-H2rdq8U_3,tIM-H2rdq8U,0-2s,1.0,105.0,1.0,0.7,0.30000000000000004,control,0,6,remote,0,7,1.0,1.0,0.0,100.0,0.0,0.0,0.0,0.0,6.0,6.0,6.0
tIM-H2rdq8U_3,tIM-H2rdq8U,0-2s,1.0,105.0,1.0,0.7,0.30000000000000004,control,0,7,remote,0,7,1.0,1.0,1.0,0.0,0.0,0.0,0.0,0.0,6.0,6.0,6.0
tIM-H2rdq8U_3,tIM-H2rdq8U,0-2s,1.0,105.0,1.0,0.7,0.30000000000000004,control,0,8,remote,0,7,1.0,1.0,1.0,0.0,0.0,0.0,0.0,0.0,6.0,6.0,6.0
tIM-H2rdq8U_3,tIM-H2rdq8U,0-2s,1.0,105.0,1.0,0.7,0.30000000000000004,control,0,9,remote,0,7,1.0,1.0,1.0,0.0,0.0,0.0,0.0,0.0,6.0,6.0,6.0
tIM-H2rdq8U_4,tIM-H2rdq8U,2-5s,2.0,105.0,0.0,0.0,0.0,control,1,0,remote,0,1,0.0,0.0,0.0,0.0,0.0,0.0,0.0,0.0,3.0,3.0,3.0
tIM-H2rdq8U_4,tIM-H2rdq8U,2-5s,2.0,105.0,0.0,0.0,0.0,control,1,1,remote,0,1,0.0,0.0,0.0,0.0,0.0,0.0,0.0,0.0,3.0,3.0,3.0
tIM-H2rdq8U_4,tIM-H2rdq8U,2-5s,2.0,105.0,0.0,0.0,0.0,control,1,2,remote,0,1,0.0,0.0,0.0,0.0,0.0,0.0,0.0,0.0,3.0,3.0,3.0
tIM-H2rdq8U_4,tIM-H2rdq8U,2-5s,2.0,105.0,0.0,0.0,0.0,control,1,3,remote,0,1,0.0,0.0,0.0,0.0,0.0,0.0,0.0,0.0,3.0,3.0,3.0
tIM-H2rdq8U_4,tIM-H2rdq8U,2-5s,2.0,105.0,0.0,0.0,0.0,control,1,4,remote,0,1,0.0,0.0,0.0,0.0,0.0,0.0,0.0,0.0,3.0,3.0,3.0
tIM-H2rdq8U_4,tIM-H2rdq8U,2-5s,2.0,105.0,0.0,0.0,0.0,control,1,5,remote,0,1,0.0,0.0,0.0,0.0,0.0,0.0,0.0,0.0,3.0,3.0,3.0
tIM-H2rdq8U_4,tIM-H2rdq8U,2-5s,2.0,105.0,0.0,0.0,0.0,control,1,6,remote,0,1,0.0,0.0,0.0,0.0,0.0,0.0,0.0,0.0,3.0,3.0,3.0
tIM-H2rdq8U_4,tIM-H2rdq8U,2-5s,2.0,105.0,0.0,0.0,0.0,control,1,7,remote,0,1,0.0,0.0,0.0,0.0,0.0,0.0,0.0,0.0,3.0,3.0,3.0
tIM-H2rdq8U_4,tIM-H2rdq8U,2-5s,2.0,105.0,0.0,0.0,0.0,control,1,8,remote,0,1,0.0,0.0,0.0,0.0,0.0,0.0,0.0,0.0,3.0,3.0,3.0
tIM-H2rdq8U_4,tIM-H2rdq8U,2-5s,2.0,105.0,0.0,0.0,0.0,control,1,9,remote,0,1,0.0,0.0,0.0,0.0,0.0,0.0,0.0,0.0,3.0,3.0,3.0
taYKM1OSTwE_1,taYKM1OSTwE,2-5s,4.0,220.0,1.0,1.0,0.0,control,0,0,remote,0,26,1.0,0.0,1.0,-100.0,1.0,0.0,1.0,-100.0,1.0,2.5,1.0
taYKM1OSTwE_1,taYKM1OSTwE,2-5s,4.0,220.0,1.0,1.0,0.0,control,0,1,remote,0,26,1.0,0.0,1.0,-100.0,1.0,0.0,1.0,-100.0,1.0,2.5,1.25
taYKM1OSTwE_1,taYKM1OSTwE,2-5s,4.0,220.0,1.0,1.0,0.0,control,0,2,remote,0,26,1.0,0.0,1.0,-100.0,1.0,0.0,1.0,-100.0,1.0,2.5,1.25
taYKM1OSTwE_1,taYKM1OSTwE,2-5s,4.0,220.0,1.0,1.0,0.0,control,0,3,remote,0,26,1.0,0.0,1.0,-100.0,1.0,0.0,1.0,-100.0,1.0,2.5,1.25
taYKM1OSTwE_1,taYKM1OSTwE,2-5s,4.0,220.0,1.0,1.0,0.0,control,0,4,remote,0,26,1.0,0.0,1.0,-100.0,1.0,0.0,1.0,-100.0,1.0,2.5,1.0
taYKM1OSTwE_1,taYKM1OSTwE,2-5s,4.0,220.0,1.0,1.0,0.0,control,0,5,remote,0,26,1.0,0.0,1.0,-100.0,1.0,0.0,1.0,-100.0,1.0,2.5,1.25
taYKM1OSTwE_1,taYKM1OSTwE,2-5s,4.0,220.0,1.0,1.0,0.0,control,0,6,remote,0,26,1.0,0.0,1.0,-100.0,1.0,0.0,1.0,-100.0,1.0,2.5,1.0
taYKM1OSTwE_1,taYKM1OSTwE,2-5s,4.0,220.0,1.0,1.0,0.0,control,0,7,remote,0,26,1.0,0.0,1.0,-100.0,1.0,0.0,1.0,-100.0,1.0,2.5,1.0
taYKM1OSTwE_1,taYKM1OSTwE,2-5s,4.0,220.0,1.0,1.0,0.0,control,0,8,remote,0,26,1.0,0.0,1.0,-100.0,1.0,0.0,1.0,-100.0,1.0,2.5,1.25
taYKM1OSTwE_1,taYKM1OSTwE,2-5s,4.0,220.0,1.0,1.0,0.0,control,0,9,remote,0,26,1.0,0.0,1.0,-100.0,1.0,0.0,1.0,-100.0,1.0,2.5,1.0
taYKM1OSTwE_2,taYKM1OSTwE,0-2s,1.0,220.0,0.0,0.3,-0.3,harmful,1,0,remote,0,20,0.0,1.0,0.0,100.0,0.0,0.0,0.0,0.0,5.0,7.0,5.0
taYKM1OSTwE_2,taYKM1OSTwE,0-2s,1.0,220.0,0.0,0.3,-0.3,harmful,1,1,remote,0,20,0.0,1.0,0.0,100.0,0.0,0.0,0.0,0.0,5.0,7.0,5.0
taYKM1OSTwE_2,taYKM1OSTwE,0-2s,1.0,220.0,0.0,0.3,-0.3,harmful,1,2,remote,0,20,0.0,1.0,0.0,100.0,0.0,0.0,0.0,0.0,5.0,7.0,5.0
taYKM1OSTwE_2,taYKM1OSTwE,0-2s,1.0,220.0,0.0,0.3,-0.3,harmful,1,3,remote,0,20,0.0,1.0,0.0,100.0,0.0,0.0,0.0,0.0,5.0,7.0,5.0
taYKM1OSTwE_2,taYKM1OSTwE,0-2s,1.0,220.0,0.0,0.3,-0.3,harmful,1,4,remote,0,20,0.0,1.0,0.0,100.0,0.0,0.0,0.0,0.0,5.0,7.0,5.0
taYKM1OSTwE_2,taYKM1OSTwE,0-2s,1.0,220.0,0.0,0.3,-0.3,harmful,1,5,remote,0,20,0.0,1.0,0.0,100.0,0.0,0.0,0.0,0.0,5.0,7.0,5.0
taYKM1OSTwE_2,taYKM1OSTwE,0-2s,1.0,220.0,0.0,0.3,-0.3,harmful,1,6,remote,0,20,0.0,1.0,0.0,100.0,0.0,0.0,0.0,0.0,5.0,7.0,5.0
taYKM1OSTwE_2,taYKM1OSTwE,0-2s,1.0,220.0,0.0,0.3,-0.3,harmful,1,7,remote,0,20,0.0,1.0,0.0,100.0,0.0,0.0,0.0,0.0,5.0,7.0,5.0
taYKM1OSTwE_2,taYKM1OSTwE,0-2s,1.0,220.0,0.0,0.3,-0.3,harmful,1,8,remote,0,20,0.0,1.0,0.0,100.0,0.0,0.0,0.0,0.0,5.0,7.0,5.0
taYKM1OSTwE_2,taYKM1OSTwE,0-2s,1.0,220.0,0.0,0.3,-0.3,harmful,1,9,remote,0,20,0.0,1.0,0.0,100.0,0.0,0.0,0.0,0.0,5.0,7.0,5.0
tfOIhQpYYe8_1,tfOIhQpYYe8,2-5s,3.0,109.0,1.0,1.0,0.0,control,0,0,remote,0,11,1.0,1.0,1.0,0.0,1.0,1.0,1.0,0.0,0.6666666666666666,1.3333333333333333,0.6666666666666666
tfOIhQpYYe8_1,tfOIhQpYYe8,2-5s,3.0,109.0,1.0,1.0,0.0,control,0,1,remote,0,11,1.0,1.0,1.0,0.0,1.0,1.0,1.0,0.0,0.6666666666666666,1.3333333333333333,0.6666666666666666
tfOIhQpYYe8_1,tfOIhQpYYe8,2-5s,3.0,109.0,1.0,1.0,0.0,control,0,2,remote,0,11,1.0,1.0,1.0,0.0,1.0,1.0,1.0,0.0,0.6666666666666666,1.3333333333333333,0.6666666666666666
tfOIhQpYYe8_1,tfOIhQpYYe8,2-5s,3.0,109.0,1.0,1.0,0.0,control,0,3,remote,0,11,1.0,1.0,1.0,0.0,1.0,1.0,1.0,0.0,0.6666666666666666,1.3333333333333333,0.6666666666666666
tfOIhQpYYe8_1,tfOIhQpYYe8,2-5s,3.0,109.0,1.0,1.0,0.0,control,0,4,remote,0,11,1.0,1.0,1.0,0.0,1.0,1.0,1.0,0.0,0.6666666666666666,1.3333333333333333,0.6666666666666666
tfOIhQpYYe8_1,tfOIhQpYYe8,2-5s,3.0,109.0,1.0,1.0,0.0,control,0,5,remote,0,11,1.0,1.0,1.0,0.0,1.0,1.0,1.0,0.0,0.6666666666666666,1.3333333333333333,0.6666666666666666
tfOIhQpYYe8_1,tfOIhQpYYe8,2-5s,3.0,109.0,1.0,1.0,0.0,control,0,6,remote,0,11,1.0,1.0,1.0,0.0,1.0,1.0,1.0,0.0,0.6666666666666666,1.3333333333333333,0.6666666666666666
tfOIhQpYYe8_1,tfOIhQpYYe8,2-5s,3.0,109.0,1.0,1.0,0.0,control,0,7,remote,0,11,1.0,1.0,1.0,0.0,1.0,1.0,1.0,0.0,0.6666666666666666,1.3333333333333333,0.6666666666666666
tfOIhQpYYe8_1,tfOIhQpYYe8,2-5s,3.0,109.0,1.0,1.0,0.0,control,0,8,remote,0,11,1.0,1.0,1.0,0.0,1.0,1.0,1.0,0.0,0.6666666666666666,1.3333333333333333,0.6666666666666666
tfOIhQpYYe8_1,tfOIhQpYYe8,2-5s,3.0,109.0,1.0,1.0,0.0,control,0,9,remote,0,11,1.0,1.0,1.0,0.0,1.0,1.0,1.0,0.0,0.6666666666666666,1.3333333333333333,0.6666666666666666
tfOIhQpYYe8_2,tfOIhQpYYe8,2-5s,3.0,109.0,0.0,0.1,-0.1,harmful,1,0,remote,0,18,0.0,0.0,0.0,0.0,0.0,0.0,0.0,0.0,2.3333333333333335,7.0,2.3333333333333335
tfOIhQpYYe8_2,tfOIhQpYYe8,2-5s,3.0,109.0,0.0,0.1,-0.1,harmful,1,1,remote,0,18,0.0,0.0,0.0,0.0,0.0,0.0,0.0,0.0,2.3333333333333335,7.0,2.3333333333333335
tfOIhQpYYe8_2,tfOIhQpYYe8,2-5s,3.0,109.0,0.0,0.1,-0.1,harmful,1,2,remote,0,18,0.0,0.0,0.0,0.0,0.0,0.0,0.0,0.0,2.3333333333333335,7.0,2.6666666666666665
tfOIhQpYYe8_2,tfOIhQpYYe8,2-5s,3.0,109.0,0.0,0.1,-0.1,harmful,1,3,remote,0,18,0.0,0.0,0.0,0.0,0.0,0.0,0.0,0.0,2.3333333333333335,7.0,2.6666666666666665
tfOIhQpYYe8_2,tfOIhQpYYe8,2-5s,3.0,109.0,0.0,0.1,-0.1,harmful,1,4,remote,0,18,0.0,0.0,0.0,0.0,0.0,0.0,0.0,0.0,2.3333333333333335,7.0,2.3333333333333335
tfOIhQpYYe8_2,tfOIhQpYYe8,2-5s,3.0,109.0,0.0,0.1,-0.1,harmful,1,5,remote,0,18,0.0,0.0,0.0,0.0,0.0,0.0,0.0,0.0,2.3333333333333335,7.0,2.3333333333333335
tfOIhQpYYe8_2,tfOIhQpYYe8,2-5s,3.0,109.0,0.0,0.1,-0.1,harmful,1,6,remote,0,18,0.0,0.0,0.0,0.0,0.0,0.0,0.0,0.0,2.3333333333333335,7.0,2.6666666666666665
tfOIhQpYYe8_2,tfOIhQpYYe8,2-5s,3.0,109.0,0.0,0.1,-0.1,harmful,1,7,remote,0,18,0.0,0.0,0.0,0.0,0.0,0.0,0.0,0.0,2.3333333333333335,7.0,2.3333333333333335
tfOIhQpYYe8_2,tfOIhQpYYe8,2-5s,3.0,109.0,0.0,0.1,-0.1,harmful,1,8,remote,0,18,0.0,0.0,0.0,0.0,0.0,0.0,0.0,0.0,2.3333333333333335,7.0,2.6666666666666665
tfOIhQpYYe8_2,tfOIhQpYYe8,2-5s,3.0,109.0,0.0,0.1,-0.1,harmful,1,9,remote,0,18,0.0,0.0,0.0,0.0,0.0,0.0,0.0,0.0,2.3333333333333335,7.0,2.3333333333333335
tjCNwdOUiGc_1,tjCNwdOUiGc,2-5s,3.0,299.0,0.0,1.0,-1.0,harmful,0,0,adjacent,1,3,1.0,1.0,1.0,0.0,0.0,1.0,0.0,100.0,1.6666666666666667,1.3333333333333333,2.0
tjCNwdOUiGc_1,tjCNwdOUiGc,2-5s,3.0,299.0,0.0,1.0,-1.0,harmful,0,1,adjacent,1,3,1.0,1.0,1.0,0.0,0.0,1.0,0.0,100.0,1.6666666666666667,1.3333333333333333,2.0
tjCNwdOUiGc_1,tjCNwdOUiGc,2-5s,3.0,299.0,0.0,1.0,-1.0,harmful,0,2,adjacent,1,3,1.0,1.0,1.0,0.0,0.0,1.0,0.0,100.0,1.6666666666666667,1.3333333333333333,2.0
tjCNwdOUiGc_1,tjCNwdOUiGc,2-5s,3.0,299.0,0.0,1.0,-1.0,harmful,0,3,adjacent,1,3,1.0,1.0,1.0,0.0,0.0,1.0,0.0,100.0,1.6666666666666667,1.3333333333333333,2.0
tjCNwdOUiGc_1,tjCNwdOUiGc,2-5s,3.0,299.0,0.0,1.0,-1.0,harmful,0,4,adjacent,1,3,1.0,1.0,1.0,0.0,0.0,1.0,0.0,100.0,1.6666666666666667,1.3333333333333333,2.0
tjCNwdOUiGc_1,tjCNwdOUiGc,2-5s,3.0,299.0,0.0,1.0,-1.0,harmful,0,5,adjacent,1,3,1.0,1.0,1.0,0.0,0.0,1.0,0.0,100.0,1.6666666666666667,1.3333333333333333,2.0
tjCNwdOUiGc_1,tjCNwdOUiGc,2-5s,3.0,299.0,0.0,1.0,-1.0,harmful,0,6,adjacent,1,3,1.0,1.0,1.0,0.0,0.0,1.0,0.0,100.0,1.6666666666666667,1.3333333333333333,2.0
tjCNwdOUiGc_1,tjCNwdOUiGc,2-5s,3.0,299.0,0.0,1.0,-1.0,harmful,0,7,adjacent,1,3,1.0,1.0,1.0,0.0,0.0,1.0,0.0,100.0,1.6666666666666667,1.3333333333333333,2.0
tjCNwdOUiGc_1,tjCNwdOUiGc,2-5s,3.0,299.0,0.0,1.0,-1.0,harmful,0,8,adjacent,1,3,1.0,1.0,1.0,0.0,0.0,1.0,0.0,100.0,1.6666666666666667,1.3333333333333333,2.0
tjCNwdOUiGc_1,tjCNwdOUiGc,2-5s,3.0,299.0,0.0,1.0,-1.0,harmful,0,9,adjacent,1,3,1.0,1.0,1.0,0.0,0.0,1.0,0.0,100.0,1.6666666666666667,1.3333333333333333,2.0
tjCNwdOUiGc_4,tjCNwdOUiGc,2-5s,3.0,299.0,0.0,0.0,0.0,control,1,0,remote,0,5,0.0,0.0,0.0,0.0,0.0,0.0,0.0,0.0,10.333333333333334,10.333333333333334,11.333333333333334
tjCNwdOUiGc_4,tjCNwdOUiGc,2-5s,3.0,299.0,0.0,0.0,0.0,control,1,1,remote,0,5,0.0,0.0,0.0,0.0,0.0,0.0,0.0,0.0,10.333333333333334,10.333333333333334,10.333333333333334
tjCNwdOUiGc_4,tjCNwdOUiGc,2-5s,3.0,299.0,0.0,0.0,0.0,control,1,2,remote,0,5,0.0,0.0,0.0,0.0,0.0,0.0,0.0,0.0,10.333333333333334,10.333333333333334,10.333333333333334
tjCNwdOUiGc_4,tjCNwdOUiGc,2-5s,3.0,299.0,0.0,0.0,0.0,control,1,3,remote,0,5,0.0,0.0,0.0,0.0,0.0,0.0,0.0,0.0,10.333333333333334,10.333333333333334,10.333333333333334
tjCNwdOUiGc_4,tjCNwdOUiGc,2-5s,3.0,299.0,0.0,0.0,0.0,control,1,4,remote,0,5,0.0,0.0,0.0,0.0,0.0,0.0,0.0,0.0,10.333333333333334,10.333333333333334,10.666666666666666
tjCNwdOUiGc_4,tjCNwdOUiGc,2-5s,3.0,299.0,0.0,0.0,0.0,control,1,5,remote,0,5,0.0,0.0,0.0,0.0,0.0,0.0,0.0,0.0,10.333333333333334,10.333333333333334,10.333333333333334
tjCNwdOUiGc_4,tjCNwdOUiGc,2-5s,3.0,299.0,0.0,0.0,0.0,control,1,6,remote,0,5,0.0,0.0,0.0,0.0,0.0,0.0,0.0,0.0,10.333333333333334,10.333333333333334,10.333333333333334
tjCNwdOUiGc_4,tjCNwdOUiGc,2-5s,3.0,299.0,0.0,0.0,0.0,control,1,7,remote,0,5,0.0,0.0,0.0,0.0,0.0,0.0,0.0,0.0,10.333333333333334,10.333333333333334,10.333333333333334
tjCNwdOUiGc_4,tjCNwdOUiGc,2-5s,3.0,299.0,0.0,0.0,0.0,control,1,8,remote,0,5,0.0,0.0,0.0,0.0,0.0,0.0,0.0,0.0,10.333333333333334,10.333333333333334,10.333333333333334
tjCNwdOUiGc_4,tjCNwdOUiGc,2-5s,3.0,299.0,0.0,0.0,0.0,control,1,9,remote,0,5,0.0,0.0,0.0,0.0,0.0,0.0,0.0,0.0,10.333333333333334,10.333333333333334,10.333333333333334
twFypUcdgRc_3,twFypUcdgRc,0-2s,1.0,269.0,1.0,0.2,0.8,control,1,0,remote,0,2,0.0,0.0,0.0,0.0,0.0,0.0,0.0,0.0,8.0,8.0,8.0
twFypUcdgRc_3,twFypUcdgRc,0-2s,1.0,269.0,1.0,0.2,0.8,control,1,1,remote,0,2,0.0,0.0,0.0,0.0,0.0,0.0,0.0,0.0,8.0,8.0,8.0
twFypUcdgRc_3,twFypUcdgRc,0-2s,1.0,269.0,1.0,0.2,0.8,control,1,2,remote,0,2,0.0,0.0,0.0,0.0,0.0,0.0,0.0,0.0,8.0,8.0,8.0
twFypUcdgRc_3,twFypUcdgRc,0-2s,1.0,269.0,1.0,0.2,0.8,control,1,3,remote,0,2,0.0,0.0,0.0,0.0,0.0,0.0,0.0,0.0,8.0,8.0,8.0
twFypUcdgRc_3,twFypUcdgRc,0-2s,1.0,269.0,1.0,0.2,0.8,control,1,4,remote,0,2,0.0,0.0,0.0,0.0,0.0,0.0,0.0,0.0,8.0,8.0,8.0
twFypUcdgRc_3,twFypUcdgRc,0-2s,1.0,269.0,1.0,0.2,0.8,control,1,5,remote,0,2,0.0,0.0,0.0,0.0,0.0,0.0,0.0,0.0,8.0,8.0,8.0
twFypUcdgRc_3,twFypUcdgRc,0-2s,1.0,269.0,1.0,0.2,0.8,control,1,6,remote,0,2,0.0,0.0,0.0,0.0,0.0,0.0,0.0,0.0,8.0,8.0,8.0
twFypUcdgRc_3,twFypUcdgRc,0-2s,1.0,269.0,1.0,0.2,0.8,control,1,7,remote,0,2,0.0,0.0,0.0,0.0,0.0,0.0,0.0,0.0,8.0,8.0,8.0
twFypUcdgRc_3,twFypUcdgRc,0-2s,1.0,269.0,1.0,0.2,0.8,control,1,8,remote,0,2,0.0,0.0,0.0,0.0,0.0,0.0,0.0,0.0,8.0,8.0,8.0
twFypUcdgRc_3,twFypUcdgRc,0-2s,1.0,269.0,1.0,0.2,0.8,control,1,9,remote,0,2,0.0,0.0,0.0,0.0,0.0,0.0,0.0,0.0,8.0,8.0,8.0
txeXrpoMST4_1,txeXrpoMST4,2-5s,4.0,300.0,1.0,1.0,0.0,control,0,0,remote,0,10,1.0,1.0,1.0,0.0,0.0,0.0,0.0,0.0,1.5,1.5,1.75
txeXrpoMST4_1,txeXrpoMST4,2-5s,4.0,300.0,1.0,1.0,0.0,control,0,1,remote,0,10,1.0,1.0,1.0,0.0,0.0,0.0,0.0,0.0,1.5,1.5,1.5
txeXrpoMST4_1,txeXrpoMST4,2-5s,4.0,300.0,1.0,1.0,0.0,control,0,2,remote,0,10,1.0,1.0,1.0,0.0,0.0,0.0,0.0,0.0,1.5,1.5,1.5
txeXrpoMST4_1,txeXrpoMST4,2-5s,4.0,300.0,1.0,1.0,0.0,control,0,3,remote,0,10,1.0,1.0,1.0,0.0,0.0,0.0,0.0,0.0,1.5,1.5,1.5
txeXrpoMST4_1,txeXrpoMST4,2-5s,4.0,300.0,1.0,1.0,0.0,control,0,4,remote,0,10,1.0,1.0,1.0,0.0,0.0,0.0,0.0,0.0,1.5,1.5,1.75
txeXrpoMST4_1,txeXrpoMST4,2-5s,4.0,300.0,1.0,1.0,0.0,control,0,5,remote,0,10,1.0,1.0,1.0,0.0,0.0,0.0,0.0,0.0,1.5,1.5,1.5
txeXrpoMST4_1,txeXrpoMST4,2-5s,4.0,300.0,1.0,1.0,0.0,control,0,6,remote,0,10,1.0,1.0,1.0,0.0,0.0,0.0,0.0,0.0,1.5,1.5,1.5
txeXrpoMST4_1,txeXrpoMST4,2-5s,4.0,300.0,1.0,1.0,0.0,control,0,7,remote,0,10,1.0,1.0,1.0,0.0,0.0,0.0,0.0,0.0,1.5,1.5,1.75
txeXrpoMST4_1,txeXrpoMST4,2-5s,4.0,300.0,1.0,1.0,0.0,control,0,8,remote,0,10,1.0,1.0,1.0,0.0,0.0,0.0,0.0,0.0,1.5,1.5,1.75
txeXrpoMST4_1,txeXrpoMST4,2-5s,4.0,300.0,1.0,1.0,0.0,control,0,9,remote,0,10,1.0,1.0,1.0,0.0,0.0,0.0,0.0,0.0,1.5,1.5,1.75
txeXrpoMST4_4,txeXrpoMST4,2-5s,4.0,300.0,1.0,0.7,0.30000000000000004,control,1,0,remote,0,11,0.0,1.0,0.0,100.0,0.0,0.0,0.0,0.0,1.25,1.25,1.25
txeXrpoMST4_4,txeXrpoMST4,2-5s,4.0,300.0,1.0,0.7,0.30000000000000004,control,1,1,remote,0,11,0.0,1.0,0.0,100.0,0.0,0.0,0.0,0.0,1.25,1.25,1.25
txeXrpoMST4_4,txeXrpoMST4,2-5s,4.0,300.0,1.0,0.7,0.30000000000000004,control,1,2,remote,0,11,0.0,1.0,0.0,100.0,0.0,0.0,0.0,0.0,1.25,1.25,1.25
txeXrpoMST4_4,txeXrpoMST4,2-5s,4.0,300.0,1.0,0.7,0.30000000000000004,control,1,3,remote,0,11,0.0,1.0,0.0,100.0,0.0,0.0,0.0,0.0,1.25,1.25,1.25
txeXrpoMST4_4,txeXrpoMST4,2-5s,4.0,300.0,1.0,0.7,0.30000000000000004,control,1,4,remote,0,11,0.0,1.0,0.0,100.0,0.0,0.0,0.0,0.0,1.25,1.25,1.25
txeXrpoMST4_4,txeXrpoMST4,2-5s,4.0,300.0,1.0,0.7,0.30000000000000004,control,1,5,remote,0,11,0.0,1.0,0.0,100.0,0.0,0.0,0.0,0.0,1.25,1.25,1.25
txeXrpoMST4_4,txeXrpoMST4,2-5s,4.0,300.0,1.0,0.7,0.30000000000000004,control,1,6,remote,0,11,0.0,1.0,0.0,100.0,0.0,0.0,0.0,0.0,1.25,1.25,1.25
txeXrpoMST4_4,txeXrpoMST4,2-5s,4.0,300.0,1.0,0.7,0.30000000000000004,control,1,7,remote,0,11,0.0,1.0,0.0,100.0,0.0,0.0,0.0,0.0,1.25,1.25,1.25
txeXrpoMST4_4,txeXrpoMST4,2-5s,4.0,300.0,1.0,0.7,0.30000000000000004,control,1,8,remote,0,11,0.0,1.0,0.0,100.0,0.0,0.0,0.0,0.0,1.25,1.25,1.25
txeXrpoMST4_4,txeXrpoMST4,2-5s,4.0,300.0,1.0,0.7,0.30000000000000004,control,1,9,remote,0,11,0.0,1.0,0.0,100.0,0.0,0.0,0.0,0.0,1.25,1.25,1.25
uJzAf4PaExI_2,uJzAf4PaExI,0-2s,1.0,299.0,1.0,0.6,0.4,control,1,0,remote,0,10,0.0,1.0,0.0,100.0,0.0,0.0,0.0,0.0,10.0,10.0,9.0
uJzAf4PaExI_2,uJzAf4PaExI,0-2s,1.0,299.0,1.0,0.6,0.4,control,1,1,remote,0,10,0.0,1.0,0.0,100.0,0.0,0.0,0.0,0.0,10.0,10.0,10.0
uJzAf4PaExI_2,uJzAf4PaExI,0-2s,1.0,299.0,1.0,0.6,0.4,control,1,2,remote,0,10,0.0,1.0,0.0,100.0,0.0,0.0,0.0,0.0,10.0,10.0,9.0
uJzAf4PaExI_2,uJzAf4PaExI,0-2s,1.0,299.0,1.0,0.6,0.4,control,1,3,remote,0,10,0.0,1.0,0.0,100.0,0.0,0.0,0.0,0.0,10.0,10.0,9.0
uJzAf4PaExI_2,uJzAf4PaExI,0-2s,1.0,299.0,1.0,0.6,0.4,control,1,4,remote,0,10,0.0,1.0,0.0,100.0,0.0,0.0,0.0,0.0,10.0,10.0,9.0
uJzAf4PaExI_2,uJzAf4PaExI,0-2s,1.0,299.0,1.0,0.6,0.4,control,1,5,remote,0,10,0.0,1.0,0.0,100.0,0.0,0.0,0.0,0.0,10.0,10.0,10.0
uJzAf4PaExI_2,uJzAf4PaExI,0-2s,1.0,299.0,1.0,0.6,0.4,control,1,6,remote,0,10,0.0,1.0,0.0,100.0,0.0,0.0,0.0,0.0,10.0,10.0,9.0
uJzAf4PaExI_2,uJzAf4PaExI,0-2s,1.0,299.0,1.0,0.6,0.4,control,1,7,remote,0,10,0.0,1.0,0.0,100.0,0.0,0.0,0.0,0.0,10.0,10.0,9.0
uJzAf4PaExI_2,uJzAf4PaExI,0-2s,1.0,299.0,1.0,0.6,0.4,control,1,8,remote,0,10,0.0,1.0,0.0,100.0,0.0,0.0,0.0,0.0,10.0,10.0,9.0
uJzAf4PaExI_2,uJzAf4PaExI,0-2s,1.0,299.0,1.0,0.6,0.4,control,1,9,remote,0,10,0.0,1.0,0.0,100.0,0.0,0.0,0.0,0.0,10.0,10.0,10.0
uJzAf4PaExI_3,uJzAf4PaExI,2-5s,4.0,299.0,0.0,0.4,-0.4,harmful,1,0,remote,0,12,0.0,1.0,0.0,100.0,0.0,0.0,0.0,0.0,3.25,3.75,3.25
uJzAf4PaExI_3,uJzAf4PaExI,2-5s,4.0,299.0,0.0,0.4,-0.4,harmful,1,1,remote,0,12,0.0,1.0,0.0,100.0,0.0,0.0,0.0,0.0,3.25,3.75,3.25
uJzAf4PaExI_3,uJzAf4PaExI,2-5s,4.0,299.0,0.0,0.4,-0.4,harmful,1,2,remote,0,12,0.0,1.0,0.0,100.0,0.0,0.0,0.0,0.0,3.25,3.75,3.25
uJzAf4PaExI_3,uJzAf4PaExI,2-5s,4.0,299.0,0.0,0.4,-0.4,harmful,1,3,remote,0,12,0.0,1.0,0.0,100.0,0.0,0.0,0.0,0.0,3.25,3.75,3.25
uJzAf4PaExI_3,uJzAf4PaExI,2-5s,4.0,299.0,0.0,0.4,-0.4,harmful,1,4,remote,0,12,0.0,1.0,0.0,100.0,0.0,0.0,0.0,0.0,3.25,3.75,3.25
uJzAf4PaExI_3,uJzAf4PaExI,2-5s,4.0,299.0,0.0,0.4,-0.4,harmful,1,5,remote,0,12,0.0,1.0,0.0,100.0,0.0,0.0,0.0,0.0,3.25,3.75,3.0
uJzAf4PaExI_3,uJzAf4PaExI,2-5s,4.0,299.0,0.0,0.4,-0.4,harmful,1,6,remote,0,12,0.0,1.0,0.0,100.0,0.0,0.0,0.0,0.0,3.25,3.75,3.25
uJzAf4PaExI_3,uJzAf4PaExI,2-5s,4.0,299.0,0.0,0.4,-0.4,harmful,1,7,remote,0,12,0.0,1.0,0.0,100.0,0.0,0.0,0.0,0.0,3.25,3.75,3.25
uJzAf4PaExI_3,uJzAf4PaExI,2-5s,4.0,299.0,0.0,0.4,-0.4,harmful,1,8,remote,0,12,0.0,1.0,0.0,100.0,0.0,0.0,0.0,0.0,3.25,3.75,3.25
uJzAf4PaExI_3,uJzAf4PaExI,2-5s,4.0,299.0,0.0,0.4,-0.4,harmful,1,9,remote,0,12,0.0,1.0,0.0,100.0,0.0,0.0,0.0,0.0,3.25,3.75,3.25
uY4fe5DT1gI_1,uY4fe5DT1gI,2-5s,2.0,299.0,0.0,0.6,-0.6,harmful,1,0,remote,0,6,0.0,0.0,0.0,0.0,0.0,0.0,0.0,0.0,8.0,8.0,8.0
uY4fe5DT1gI_1,uY4fe5DT1gI,2-5s,2.0,299.0,0.0,0.6,-0.6,harmful,1,1,remote,0,6,0.0,0.0,0.0,0.0,0.0,0.0,0.0,0.0,8.0,8.0,8.0
uY4fe5DT1gI_1,uY4fe5DT1gI,2-5s,2.0,299.0,0.0,0.6,-0.6,harmful,1,2,remote,0,6,0.0,0.0,0.0,0.0,0.0,0.0,0.0,0.0,8.0,8.0,8.0
uY4fe5DT1gI_1,uY4fe5DT1gI,2-5s,2.0,299.0,0.0,0.6,-0.6,harmful,1,3,remote,0,6,0.0,0.0,0.0,0.0,0.0,0.0,0.0,0.0,8.0,8.0,8.0
uY4fe5DT1gI_1,uY4fe5DT1gI,2-5s,2.0,299.0,0.0,0.6,-0.6,harmful,1,4,remote,0,6,0.0,0.0,0.0,0.0,0.0,0.0,0.0,0.0,8.0,8.0,8.0
uY4fe5DT1gI_1,uY4fe5DT1gI,2-5s,2.0,299.0,0.0,0.6,-0.6,harmful,1,5,remote,0,6,0.0,0.0,0.0,0.0,0.0,0.0,0.0,0.0,8.0,8.0,8.0
uY4fe5DT1gI_1,uY4fe5DT1gI,2-5s,2.0,299.0,0.0,0.6,-0.6,harmful,1,6,remote,0,6,0.0,0.0,0.0,0.0,0.0,0.0,0.0,0.0,8.0,8.0,8.0
uY4fe5DT1gI_1,uY4fe5DT1gI,2-5s,2.0,299.0,0.0,0.6,-0.6,harmful,1,7,remote,0,6,0.0,0.0,0.0,0.0,0.0,0.0,0.0,0.0,8.0,8.0,8.0
uY4fe5DT1gI_1,uY4fe5DT1gI,2-5s,2.0,299.0,0.0,0.6,-0.6,harmful,1,8,remote,0,6,0.0,0.0,0.0,0.0,0.0,0.0,0.0,0.0,8.0,8.0,8.0
uY4fe5DT1gI_1,uY4fe5DT1gI,2-5s,2.0,299.0,0.0,0.6,-0.6,harmful,1,9,remote,0,6,0.0,0.0,0.0,0.0,0.0,0.0,0.0,0.0,8.0,8.0,8.0
uY4fe5DT1gI_2,uY4fe5DT1gI,2-5s,2.0,299.0,0.0,0.0,0.0,control,1,0,remote,0,58,0.0,0.0,0.0,0.0,0.0,0.0,0.0,0.0,13.5,9.0,13.5
uY4fe5DT1gI_2,uY4fe5DT1gI,2-5s,2.0,299.0,0.0,0.0,0.0,control,1,1,remote,0,58,0.0,0.0,0.0,0.0,0.0,0.0,0.0,0.0,13.5,9.0,13.5
uY4fe5DT1gI_2,uY4fe5DT1gI,2-5s,2.0,299.0,0.0,0.0,0.0,control,1,2,remote,0,58,0.0,0.0,0.0,0.0,0.0,0.0,0.0,0.0,13.5,9.0,13.5
uY4fe5DT1gI_2,uY4fe5DT1gI,2-5s,2.0,299.0,0.0,0.0,0.0,control,1,3,remote,0,58,0.0,0.0,0.0,0.0,0.0,0.0,0.0,0.0,13.5,9.0,13.5
uY4fe5DT1gI_2,uY4fe5DT1gI,2-5s,2.0,299.0,0.0,0.0,0.0,control,1,4,remote,0,58,0.0,0.0,0.0,0.0,0.0,0.0,0.0,0.0,13.5,9.0,13.5
uY4fe5DT1gI_2,uY4fe5DT1gI,2-5s,2.0,299.0,0.0,0.0,0.0,control,1,5,remote,0,58,0.0,0.0,0.0,0.0,0.0,0.0,0.0,0.0,13.5,9.0,13.5
uY4fe5DT1gI_2,uY4fe5DT1gI,2-5s,2.0,299.0,0.0,0.0,0.0,control,1,6,remote,0,58,0.0,0.0,0.0,0.0,0.0,0.0,0.0,0.0,13.5,9.0,13.5
uY4fe5DT1gI_2,uY4fe5DT1gI,2-5s,2.0,299.0,0.0,0.0,0.0,control,1,7,remote,0,58,0.0,0.0,0.0,0.0,0.0,0.0,0.0,0.0,13.5,9.0,13.5
uY4fe5DT1gI_2,uY4fe5DT1gI,2-5s,2.0,299.0,0.0,0.0,0.0,control,1,8,remote,0,58,0.0,0.0,0.0,0.0,0.0,0.0,0.0,0.0,13.5,9.0,13.5
uY4fe5DT1gI_2,uY4fe5DT1gI,2-5s,2.0,299.0,0.0,0.0,0.0,control,1,9,remote,0,58,0.0,0.0,0.0,0.0,0.0,0.0,0.0,0.0,13.5,9.0,13.5
uhSDBwVrEdo_2,uhSDBwVrEdo,2-5s,2.0,86.0,1.0,0.8,0.19999999999999996,control,0,0,remote,0,2,1.0,1.0,1.0,0.0,0.0,0.0,0.0,0.0,1.5,1.5,1.5
uhSDBwVrEdo_2,uhSDBwVrEdo,2-5s,2.0,86.0,1.0,0.8,0.19999999999999996,control,0,1,remote,0,2,1.0,1.0,1.0,0.0,0.0,0.0,0.0,0.0,1.5,1.5,1.5
uhSDBwVrEdo_2,uhSDBwVrEdo,2-5s,2.0,86.0,1.0,0.8,0.19999999999999996,control,0,2,remote,0,2,1.0,1.0,1.0,0.0,0.0,0.0,0.0,0.0,1.5,1.5,1.5
uhSDBwVrEdo_2,uhSDBwVrEdo,2-5s,2.0,86.0,1.0,0.8,0.19999999999999996,control,0,3,remote,0,2,1.0,1.0,1.0,0.0,0.0,0.0,0.0,0.0,1.5,1.5,1.5
uhSDBwVrEdo_2,uhSDBwVrEdo,2-5s,2.0,86.0,1.0,0.8,0.19999999999999996,control,0,4,remote,0,2,1.0,1.0,1.0,0.0,0.0,0.0,0.0,0.0,1.5,1.5,1.5
uhSDBwVrEdo_2,uhSDBwVrEdo,2-5s,2.0,86.0,1.0,0.8,0.19999999999999996,control,0,5,remote,0,2,1.0,1.0,1.0,0.0,0.0,0.0,0.0,0.0,1.5,1.5,1.5
uhSDBwVrEdo_2,uhSDBwVrEdo,2-5s,2.0,86.0,1.0,0.8,0.19999999999999996,control,0,6,remote,0,2,1.0,1.0,1.0,0.0,0.0,0.0,0.0,0.0,1.5,1.5,1.5
uhSDBwVrEdo_2,uhSDBwVrEdo,2-5s,2.0,86.0,1.0,0.8,0.19999999999999996,control,0,7,remote,0,2,1.0,1.0,1.0,0.0,0.0,0.0,0.0,0.0,1.5,1.5,1.5
uhSDBwVrEdo_2,uhSDBwVrEdo,2-5s,2.0,86.0,1.0,0.8,0.19999999999999996,control,0,8,remote,0,2,1.0,1.0,1.0,0.0,0.0,0.0,0.0,0.0,1.5,1.5,1.5
uhSDBwVrEdo_2,uhSDBwVrEdo,2-5s,2.0,86.0,1.0,0.8,0.19999999999999996,control,0,9,remote,0,2,1.0,1.0,1.0,0.0,0.0,0.0,0.0,0.0,1.5,1.5,1.5
up2PpjTzyyc_1,up2PpjTzyyc,2-5s,4.0,299.0,1.0,0.3,0.7,control,1,0,moderately_near,0,7,1.0,1.0,1.0,0.0,0.0,0.0,0.0,0.0,3.25,3.5,3.25
up2PpjTzyyc_1,up2PpjTzyyc,2-5s,4.0,299.0,1.0,0.3,0.7,control,1,1,moderately_near,0,7,1.0,1.0,1.0,0.0,0.0,0.0,0.0,0.0,3.25,3.5,3.25
up2PpjTzyyc_1,up2PpjTzyyc,2-5s,4.0,299.0,1.0,0.3,0.7,control,1,2,moderately_near,0,7,1.0,1.0,1.0,0.0,0.0,0.0,0.0,0.0,3.25,3.5,3.25
up2PpjTzyyc_1,up2PpjTzyyc,2-5s,4.0,299.0,1.0,0.3,0.7,control,1,3,moderately_near,0,7,1.0,1.0,1.0,0.0,0.0,0.0,0.0,0.0,3.25,3.5,3.0
up2PpjTzyyc_1,up2PpjTzyyc,2-5s,4.0,299.0,1.0,0.3,0.7,control,1,4,moderately_near,0,7,1.0,1.0,1.0,0.0,0.0,0.0,0.0,0.0,3.25,3.5,3.5
up2PpjTzyyc_1,up2PpjTzyyc,2-5s,4.0,299.0,1.0,0.3,0.7,control,1,5,moderately_near,0,7,1.0,1.0,1.0,0.0,0.0,0.0,0.0,0.0,3.25,3.5,3.25
up2PpjTzyyc_1,up2PpjTzyyc,2-5s,4.0,299.0,1.0,0.3,0.7,control,1,6,moderately_near,0,7,1.0,1.0,1.0,0.0,0.0,0.0,0.0,0.0,3.25,3.5,3.25
up2PpjTzyyc_1,up2PpjTzyyc,2-5s,4.0,299.0,1.0,0.3,0.7,control,1,7,moderately_near,0,7,1.0,1.0,1.0,0.0,0.0,0.0,0.0,0.0,3.25,3.5,3.25
up2PpjTzyyc_1,up2PpjTzyyc,2-5s,4.0,299.0,1.0,0.3,0.7,control,1,8,moderately_near,0,7,1.0,1.0,1.0,0.0,0.0,0.0,0.0,0.0,3.25,3.5,3.5
up2PpjTzyyc_1,up2PpjTzyyc,2-5s,4.0,299.0,1.0,0.3,0.7,control,1,9,moderately_near,0,7,1.0,1.0,1.0,0.0,0.0,0.0,0.0,0.0,3.25,3.5,3.25
vfNKduToki4_1,vfNKduToki4,0-2s,1.0,217.0,0.0,0.4,-0.4,harmful,1,0,remote,0,2,0.0,0.0,0.0,0.0,0.0,0.0,0.0,0.0,10.0,10.0,10.0
vfNKduToki4_1,vfNKduToki4,0-2s,1.0,217.0,0.0,0.4,-0.4,harmful,1,1,remote,0,2,0.0,0.0,0.0,0.0,0.0,0.0,0.0,0.0,10.0,10.0,10.0
vfNKduToki4_1,vfNKduToki4,0-2s,1.0,217.0,0.0,0.4,-0.4,harmful,1,2,remote,0,2,0.0,0.0,0.0,0.0,0.0,0.0,0.0,0.0,10.0,10.0,10.0
vfNKduToki4_1,vfNKduToki4,0-2s,1.0,217.0,0.0,0.4,-0.4,harmful,1,3,remote,0,2,0.0,0.0,0.0,0.0,0.0,0.0,0.0,0.0,10.0,10.0,10.0
vfNKduToki4_1,vfNKduToki4,0-2s,1.0,217.0,0.0,0.4,-0.4,harmful,1,4,remote,0,2,0.0,0.0,0.0,0.0,0.0,0.0,0.0,0.0,10.0,10.0,10.0
vfNKduToki4_1,vfNKduToki4,0-2s,1.0,217.0,0.0,0.4,-0.4,harmful,1,5,remote,0,2,0.0,0.0,0.0,0.0,0.0,0.0,0.0,0.0,10.0,10.0,10.0
vfNKduToki4_1,vfNKduToki4,0-2s,1.0,217.0,0.0,0.4,-0.4,harmful,1,6,remote,0,2,0.0,0.0,0.0,0.0,0.0,0.0,0.0,0.0,10.0,10.0,10.0
vfNKduToki4_1,vfNKduToki4,0-2s,1.0,217.0,0.0,0.4,-0.4,harmful,1,7,remote,0,2,0.0,0.0,0.0,0.0,0.0,0.0,0.0,0.0,10.0,10.0,10.0
vfNKduToki4_1,vfNKduToki4,0-2s,1.0,217.0,0.0,0.4,-0.4,harmful,1,8,remote,0,2,0.0,0.0,0.0,0.0,0.0,0.0,0.0,0.0,10.0,10.0,10.0
vfNKduToki4_1,vfNKduToki4,0-2s,1.0,217.0,0.0,0.4,-0.4,harmful,1,9,remote,0,2,0.0,0.0,0.0,0.0,0.0,0.0,0.0,0.0,10.0,10.0,10.0
vigslb0kClE_2,vigslb0kClE,2-5s,3.0,137.0,0.0,1.0,-1.0,harmful,1,0,moderately_near,0,8,0.0,0.0,0.0,0.0,0.0,0.0,0.0,0.0,1.6666666666666667,2.0,2.0
vigslb0kClE_2,vigslb0kClE,2-5s,3.0,137.0,0.0,1.0,-1.0,harmful,1,1,moderately_near,0,8,0.0,0.0,0.0,0.0,0.0,0.0,0.0,0.0,1.6666666666666667,2.0,2.0
vigslb0kClE_2,vigslb0kClE,2-5s,3.0,137.0,0.0,1.0,-1.0,harmful,1,2,moderately_near,0,8,0.0,0.0,0.0,0.0,0.0,0.0,0.0,0.0,1.6666666666666667,2.0,2.0
vigslb0kClE_2,vigslb0kClE,2-5s,3.0,137.0,0.0,1.0,-1.0,harmful,1,3,moderately_near,0,8,0.0,0.0,0.0,0.0,0.0,0.0,0.0,0.0,1.6666666666666667,2.0,2.0
vigslb0kClE_2,vigslb0kClE,2-5s,3.0,137.0,0.0,1.0,-1.0,harmful,1,4,moderately_near,0,8,0.0,0.0,0.0,0.0,0.0,0.0,0.0,0.0,1.6666666666666667,2.0,2.0
vigslb0kClE_2,vigslb0kClE,2-5s,3.0,137.0,0.0,1.0,-1.0,harmful,1,5,moderately_near,0,8,0.0,0.0,0.0,0.0,0.0,0.0,0.0,0.0,1.6666666666666667,2.0,2.0
vigslb0kClE_2,vigslb0kClE,2-5s,3.0,137.0,0.0,1.0,-1.0,harmful,1,6,moderately_near,0,8,0.0,0.0,0.0,0.0,0.0,0.0,0.0,0.0,1.6666666666666667,2.0,2.0
vigslb0kClE_2,vigslb0kClE,2-5s,3.0,137.0,0.0,1.0,-1.0,harmful,1,7,moderately_near,0,8,0.0,0.0,0.0,0.0,0.0,0.0,0.0,0.0,1.6666666666666667,2.0,2.0
vigslb0kClE_2,vigslb0kClE,2-5s,3.0,137.0,0.0,1.0,-1.0,harmful,1,8,moderately_near,0,8,0.0,0.0,0.0,0.0,0.0,0.0,0.0,0.0,1.6666666666666667,2.0,2.0
vigslb0kClE_2,vigslb0kClE,2-5s,3.0,137.0,0.0,1.0,-1.0,harmful,1,9,moderately_near,0,8,0.0,0.0,0.0,0.0,0.0,0.0,0.0,0.0,1.6666666666666667,2.0,2.0
vruDH_YLaPI_1,vruDH_YLaPI,0-2s,1.0,125.0,0.0,1.0,-1.0,harmful,0,0,remote,0,2,1.0,1.0,1.0,0.0,0.0,0.0,0.0,0.0,3.0,3.0,3.0
vruDH_YLaPI_1,vruDH_YLaPI,0-2s,1.0,125.0,0.0,1.0,-1.0,harmful,0,1,remote,0,2,1.0,1.0,1.0,0.0,0.0,0.0,0.0,0.0,3.0,3.0,3.0
vruDH_YLaPI_1,vruDH_YLaPI,0-2s,1.0,125.0,0.0,1.0,-1.0,harmful,0,2,remote,0,2,1.0,1.0,1.0,0.0,0.0,0.0,0.0,0.0,3.0,3.0,3.0
vruDH_YLaPI_1,vruDH_YLaPI,0-2s,1.0,125.0,0.0,1.0,-1.0,harmful,0,3,remote,0,2,1.0,1.0,1.0,0.0,0.0,0.0,0.0,0.0,3.0,3.0,3.0
vruDH_YLaPI_1,vruDH_YLaPI,0-2s,1.0,125.0,0.0,1.0,-1.0,harmful,0,4,remote,0,2,1.0,1.0,1.0,0.0,0.0,0.0,0.0,0.0,3.0,3.0,3.0
vruDH_YLaPI_1,vruDH_YLaPI,0-2s,1.0,125.0,0.0,1.0,-1.0,harmful,0,5,remote,0,2,1.0,1.0,1.0,0.0,0.0,0.0,0.0,0.0,3.0,3.0,3.0
vruDH_YLaPI_1,vruDH_YLaPI,0-2s,1.0,125.0,0.0,1.0,-1.0,harmful,0,6,remote,0,2,1.0,1.0,1.0,0.0,0.0,0.0,0.0,0.0,3.0,3.0,3.0
vruDH_YLaPI_1,vruDH_YLaPI,0-2s,1.0,125.0,0.0,1.0,-1.0,harmful,0,7,remote,0,2,1.0,1.0,1.0,0.0,0.0,0.0,0.0,0.0,3.0,3.0,3.0
vruDH_YLaPI_1,vruDH_YLaPI,0-2s,1.0,125.0,0.0,1.0,-1.0,harmful,0,8,remote,0,2,1.0,1.0,1.0,0.0,0.0,0.0,0.0,0.0,3.0,3.0,3.0
vruDH_YLaPI_1,vruDH_YLaPI,0-2s,1.0,125.0,0.0,1.0,-1.0,harmful,0,9,remote,0,2,1.0,1.0,1.0,0.0,0.0,0.0,0.0,0.0,3.0,3.0,3.0
vruDH_YLaPI_2,vruDH_YLaPI,2-5s,3.0,125.0,1.0,1.0,0.0,control,0,0,moderately_near,0,4,1.0,1.0,1.0,0.0,0.0,0.0,0.0,0.0,2.0,2.0,2.0
vruDH_YLaPI_2,vruDH_YLaPI,2-5s,3.0,125.0,1.0,1.0,0.0,control,0,1,moderately_near,0,4,1.0,1.0,1.0,0.0,0.0,0.0,0.0,0.0,2.0,2.0,2.0
vruDH_YLaPI_2,vruDH_YLaPI,2-5s,3.0,125.0,1.0,1.0,0.0,control,0,2,moderately_near,0,4,1.0,1.0,1.0,0.0,0.0,0.0,0.0,0.0,2.0,2.0,2.0
vruDH_YLaPI_2,vruDH_YLaPI,2-5s,3.0,125.0,1.0,1.0,0.0,control,0,3,moderately_near,0,4,1.0,1.0,1.0,0.0,0.0,0.0,0.0,0.0,2.0,2.0,2.0
vruDH_YLaPI_2,vruDH_YLaPI,2-5s,3.0,125.0,1.0,1.0,0.0,control,0,4,moderately_near,0,4,1.0,1.0,1.0,0.0,0.0,0.0,0.0,0.0,2.0,2.0,2.0
vruDH_YLaPI_2,vruDH_YLaPI,2-5s,3.0,125.0,1.0,1.0,0.0,control,0,5,moderately_near,0,4,1.0,1.0,1.0,0.0,0.0,0.0,0.0,0.0,2.0,2.0,2.0
vruDH_YLaPI_2,vruDH_YLaPI,2-5s,3.0,125.0,1.0,1.0,0.0,control,0,6,moderately_near,0,4,1.0,1.0,1.0,0.0,0.0,0.0,0.0,0.0,2.0,2.0,2.0
vruDH_YLaPI_2,vruDH_YLaPI,2-5s,3.0,125.0,1.0,1.0,0.0,control,0,7,moderately_near,0,4,1.0,1.0,1.0,0.0,0.0,0.0,0.0,0.0,2.0,2.0,2.0
vruDH_YLaPI_2,vruDH_YLaPI,2-5s,3.0,125.0,1.0,1.0,0.0,control,0,8,moderately_near,0,4,1.0,1.0,1.0,0.0,0.0,0.0,0.0,0.0,2.0,2.0,2.0
vruDH_YLaPI_2,vruDH_YLaPI,2-5s,3.0,125.0,1.0,1.0,0.0,control,0,9,moderately_near,0,4,1.0,1.0,1.0,0.0,0.0,0.0,0.0,0.0,2.0,2.0,2.0
vruDH_YLaPI_3,vruDH_YLaPI,0-2s,1.0,125.0,1.0,0.9,0.09999999999999998,control,0,0,remote,0,2,1.0,0.0,1.0,-100.0,0.0,0.0,0.0,0.0,5.0,7.0,5.0
vruDH_YLaPI_3,vruDH_YLaPI,0-2s,1.0,125.0,1.0,0.9,0.09999999999999998,control,0,1,remote,0,2,1.0,0.0,0.0,0.0,0.0,0.0,0.0,0.0,5.0,7.0,6.0
vruDH_YLaPI_3,vruDH_YLaPI,0-2s,1.0,125.0,1.0,0.9,0.09999999999999998,control,0,2,remote,0,2,1.0,0.0,1.0,-100.0,0.0,0.0,0.0,0.0,5.0,7.0,5.0
vruDH_YLaPI_3,vruDH_YLaPI,0-2s,1.0,125.0,1.0,0.9,0.09999999999999998,control,0,3,remote,0,2,1.0,0.0,0.0,0.0,0.0,0.0,0.0,0.0,5.0,7.0,6.0
vruDH_YLaPI_3,vruDH_YLaPI,0-2s,1.0,125.0,1.0,0.9,0.09999999999999998,control,0,4,remote,0,2,1.0,0.0,1.0,-100.0,0.0,0.0,0.0,0.0,5.0,7.0,5.0
vruDH_YLaPI_3,vruDH_YLaPI,0-2s,1.0,125.0,1.0,0.9,0.09999999999999998,control,0,5,remote,0,2,1.0,0.0,1.0,-100.0,0.0,0.0,0.0,0.0,5.0,7.0,5.0
vruDH_YLaPI_3,vruDH_YLaPI,0-2s,1.0,125.0,1.0,0.9,0.09999999999999998,control,0,6,remote,0,2,1.0,0.0,0.0,0.0,0.0,0.0,0.0,0.0,5.0,7.0,6.0
vruDH_YLaPI_3,vruDH_YLaPI,0-2s,1.0,125.0,1.0,0.9,0.09999999999999998,control,0,7,remote,0,2,1.0,0.0,1.0,-100.0,0.0,0.0,0.0,0.0,5.0,7.0,5.0
vruDH_YLaPI_3,vruDH_YLaPI,0-2s,1.0,125.0,1.0,0.9,0.09999999999999998,control,0,8,remote,0,2,1.0,0.0,1.0,-100.0,0.0,0.0,0.0,0.0,5.0,7.0,5.0
vruDH_YLaPI_3,vruDH_YLaPI,0-2s,1.0,125.0,1.0,0.9,0.09999999999999998,control,0,9,remote,0,2,1.0,0.0,1.0,-100.0,0.0,0.0,0.0,0.0,5.0,7.0,5.0
wAZrOPvul4Y_1,wAZrOPvul4Y,2-5s,2.0,283.0,0.0,0.5,-0.5,harmful,1,0,remote,0,10,0.0,0.0,0.0,0.0,0.0,0.0,0.0,0.0,5.0,6.0,5.0
wAZrOPvul4Y_1,wAZrOPvul4Y,2-5s,2.0,283.0,0.0,0.5,-0.5,harmful,1,1,remote,0,10,0.0,0.0,0.0,0.0,0.0,0.0,0.0,0.0,5.0,6.0,5.0
wAZrOPvul4Y_1,wAZrOPvul4Y,2-5s,2.0,283.0,0.0,0.5,-0.5,harmful,1,2,remote,0,10,0.0,0.0,0.0,0.0,0.0,0.0,0.0,0.0,5.0,6.0,5.0
wAZrOPvul4Y_1,wAZrOPvul4Y,2-5s,2.0,283.0,0.0,0.5,-0.5,harmful,1,3,remote,0,10,0.0,0.0,0.0,0.0,0.0,0.0,0.0,0.0,5.0,6.0,5.0
wAZrOPvul4Y_1,wAZrOPvul4Y,2-5s,2.0,283.0,0.0,0.5,-0.5,harmful,1,4,remote,0,10,0.0,0.0,0.0,0.0,0.0,0.0,0.0,0.0,5.0,6.0,5.0
wAZrOPvul4Y_1,wAZrOPvul4Y,2-5s,2.0,283.0,0.0,0.5,-0.5,harmful,1,5,remote,0,10,0.0,0.0,0.0,0.0,0.0,0.0,0.0,0.0,5.0,6.0,5.0
wAZrOPvul4Y_1,wAZrOPvul4Y,2-5s,2.0,283.0,0.0,0.5,-0.5,harmful,1,6,remote,0,10,0.0,0.0,0.0,0.0,0.0,0.0,0.0,0.0,5.0,6.0,5.0
wAZrOPvul4Y_1,wAZrOPvul4Y,2-5s,2.0,283.0,0.0,0.5,-0.5,harmful,1,7,remote,0,10,0.0,0.0,0.0,0.0,0.0,0.0,0.0,0.0,5.0,6.0,5.0
wAZrOPvul4Y_1,wAZrOPvul4Y,2-5s,2.0,283.0,0.0,0.5,-0.5,harmful,1,8,remote,0,10,0.0,0.0,0.0,0.0,0.0,0.0,0.0,0.0,5.0,6.0,5.0
wAZrOPvul4Y_1,wAZrOPvul4Y,2-5s,2.0,283.0,0.0,0.5,-0.5,harmful,1,9,remote,0,10,0.0,0.0,0.0,0.0,0.0,0.0,0.0,0.0,5.0,6.0,5.0
wBs02amFGXs_2,wBs02amFGXs,2-5s,4.0,299.0,0.0,1.0,-1.0,harmful,0,0,adjacent,0,3,1.0,1.0,1.0,0.0,0.0,0.0,0.0,0.0,3.75,3.75,3.5
wBs02amFGXs_2,wBs02amFGXs,2-5s,4.0,299.0,0.0,1.0,-1.0,harmful,0,1,adjacent,0,3,1.0,1.0,1.0,0.0,0.0,0.0,0.0,0.0,3.75,3.75,3.75
wBs02amFGXs_2,wBs02amFGXs,2-5s,4.0,299.0,0.0,1.0,-1.0,harmful,0,2,adjacent,0,3,1.0,1.0,1.0,0.0,0.0,0.0,0.0,0.0,3.75,3.75,3.75
wBs02amFGXs_2,wBs02amFGXs,2-5s,4.0,299.0,0.0,1.0,-1.0,harmful,0,3,adjacent,0,3,1.0,1.0,1.0,0.0,0.0,0.0,0.0,0.0,3.75,3.75,3.75
wBs02amFGXs_2,wBs02amFGXs,2-5s,4.0,299.0,0.0,1.0,-1.0,harmful,0,4,adjacent,0,3,1.0,1.0,1.0,0.0,0.0,0.0,0.0,0.0,3.75,3.75,3.75
wBs02amFGXs_2,wBs02amFGXs,2-5s,4.0,299.0,0.0,1.0,-1.0,harmful,0,5,adjacent,0,3,1.0,1.0,1.0,0.0,0.0,0.0,0.0,0.0,3.75,3.75,3.75
wBs02amFGXs_2,wBs02amFGXs,2-5s,4.0,299.0,0.0,1.0,-1.0,harmful,0,6,adjacent,0,3,1.0,1.0,1.0,0.0,0.0,0.0,0.0,0.0,3.75,3.75,3.75
wBs02amFGXs_2,wBs02amFGXs,2-5s,4.0,299.0,0.0,1.0,-1.0,harmful,0,7,adjacent,0,3,1.0,1.0,1.0,0.0,0.0,0.0,0.0,0.0,3.75,3.75,3.75
wBs02amFGXs_2,wBs02amFGXs,2-5s,4.0,299.0,0.0,1.0,-1.0,harmful,0,8,adjacent,0,3,1.0,1.0,1.0,0.0,0.0,0.0,0.0,0.0,3.75,3.75,3.5
wBs02amFGXs_2,wBs02amFGXs,2-5s,4.0,299.0,0.0,1.0,-1.0,harmful,0,9,adjacent,0,3,1.0,1.0,1.0,0.0,0.0,0.0,0.0,0.0,3.75,3.75,3.75
wnqUgK_-fo4_1,wnqUgK_-fo4,2-5s,2.0,103.0,1.0,1.0,0.0,control,1,0,moderately_near,0,4,1.0,1.0,1.0,0.0,0.0,0.0,0.0,0.0,4.5,5.0,4.5
wnqUgK_-fo4_1,wnqUgK_-fo4,2-5s,2.0,103.0,1.0,1.0,0.0,control,1,1,moderately_near,0,4,1.0,1.0,1.0,0.0,0.0,0.0,0.0,0.0,4.5,5.0,5.0
wnqUgK_-fo4_1,wnqUgK_-fo4,2-5s,2.0,103.0,1.0,1.0,0.0,control,1,2,moderately_near,0,4,1.0,1.0,1.0,0.0,0.0,0.0,0.0,0.0,4.5,5.0,5.0
wnqUgK_-fo4_1,wnqUgK_-fo4,2-5s,2.0,103.0,1.0,1.0,0.0,control,1,3,moderately_near,0,4,1.0,1.0,1.0,0.0,0.0,0.0,0.0,0.0,4.5,5.0,4.5
wnqUgK_-fo4_1,wnqUgK_-fo4,2-5s,2.0,103.0,1.0,1.0,0.0,control,1,4,moderately_near,0,4,1.0,1.0,1.0,0.0,0.0,0.0,0.0,0.0,4.5,5.0,4.5
wnqUgK_-fo4_1,wnqUgK_-fo4,2-5s,2.0,103.0,1.0,1.0,0.0,control,1,5,moderately_near,0,4,1.0,1.0,1.0,0.0,0.0,0.0,0.0,0.0,4.5,5.0,4.5
wnqUgK_-fo4_1,wnqUgK_-fo4,2-5s,2.0,103.0,1.0,1.0,0.0,control,1,6,moderately_near,0,4,1.0,1.0,1.0,0.0,0.0,0.0,0.0,0.0,4.5,5.0,4.5
wnqUgK_-fo4_1,wnqUgK_-fo4,2-5s,2.0,103.0,1.0,1.0,0.0,control,1,7,moderately_near,0,4,1.0,1.0,1.0,0.0,0.0,0.0,0.0,0.0,4.5,5.0,4.5
wnqUgK_-fo4_1,wnqUgK_-fo4,2-5s,2.0,103.0,1.0,1.0,0.0,control,1,8,moderately_near,0,4,1.0,1.0,1.0,0.0,0.0,0.0,0.0,0.0,4.5,5.0,4.5
wnqUgK_-fo4_1,wnqUgK_-fo4,2-5s,2.0,103.0,1.0,1.0,0.0,control,1,9,moderately_near,0,4,1.0,1.0,1.0,0.0,0.0,0.0,0.0,0.0,4.5,5.0,4.5
woadpeAGHUQ_1,woadpeAGHUQ,0-2s,1.0,97.0,1.0,1.0,0.0,control,0,0,adjacent,0,2,1.0,1.0,1.0,0.0,0.0,0.0,0.0,0.0,2.0,2.0,2.0
woadpeAGHUQ_1,woadpeAGHUQ,0-2s,1.0,97.0,1.0,1.0,0.0,control,0,1,adjacent,0,2,1.0,1.0,1.0,0.0,0.0,0.0,0.0,0.0,2.0,2.0,2.0
woadpeAGHUQ_1,woadpeAGHUQ,0-2s,1.0,97.0,1.0,1.0,0.0,control,0,2,adjacent,0,2,1.0,1.0,1.0,0.0,0.0,0.0,0.0,0.0,2.0,2.0,2.0
woadpeAGHUQ_1,woadpeAGHUQ,0-2s,1.0,97.0,1.0,1.0,0.0,control,0,3,adjacent,0,2,1.0,1.0,1.0,0.0,0.0,0.0,0.0,0.0,2.0,2.0,2.0
woadpeAGHUQ_1,woadpeAGHUQ,0-2s,1.0,97.0,1.0,1.0,0.0,control,0,4,adjacent,0,2,1.0,1.0,1.0,0.0,0.0,0.0,0.0,0.0,2.0,2.0,2.0
woadpeAGHUQ_1,woadpeAGHUQ,0-2s,1.0,97.0,1.0,1.0,0.0,control,0,5,adjacent,0,2,1.0,1.0,1.0,0.0,0.0,0.0,0.0,0.0,2.0,2.0,2.0
woadpeAGHUQ_1,woadpeAGHUQ,0-2s,1.0,97.0,1.0,1.0,0.0,control,0,6,adjacent,0,2,1.0,1.0,1.0,0.0,0.0,0.0,0.0,0.0,2.0,2.0,2.0
woadpeAGHUQ_1,woadpeAGHUQ,0-2s,1.0,97.0,1.0,1.0,0.0,control,0,7,adjacent,0,2,1.0,1.0,1.0,0.0,0.0,0.0,0.0,0.0,2.0,2.0,2.0
woadpeAGHUQ_1,woadpeAGHUQ,0-2s,1.0,97.0,1.0,1.0,0.0,control,0,8,adjacent,0,2,1.0,1.0,1.0,0.0,0.0,0.0,0.0,0.0,2.0,2.0,2.0
woadpeAGHUQ_1,woadpeAGHUQ,0-2s,1.0,97.0,1.0,1.0,0.0,control,0,9,adjacent,0,2,1.0,1.0,1.0,0.0,0.0,0.0,0.0,0.0,2.0,2.0,2.0
x5AH2gW_8S4_2,x5AH2gW_8S4,0-2s,1.0,110.0,0.0,0.5,-0.5,harmful,1,0,remote,0,2,0.0,0.0,0.0,0.0,0.0,0.0,0.0,0.0,4.0,4.0,4.0
x5AH2gW_8S4_2,x5AH2gW_8S4,0-2s,1.0,110.0,0.0,0.5,-0.5,harmful,1,1,remote,0,2,0.0,0.0,0.0,0.0,0.0,0.0,0.0,0.0,4.0,4.0,4.0
x5AH2gW_8S4_2,x5AH2gW_8S4,0-2s,1.0,110.0,0.0,0.5,-0.5,harmful,1,2,remote,0,2,0.0,0.0,0.0,0.0,0.0,0.0,0.0,0.0,4.0,4.0,4.0
x5AH2gW_8S4_2,x5AH2gW_8S4,0-2s,1.0,110.0,0.0,0.5,-0.5,harmful,1,3,remote,0,2,0.0,0.0,0.0,0.0,0.0,0.0,0.0,0.0,4.0,4.0,4.0
x5AH2gW_8S4_2,x5AH2gW_8S4,0-2s,1.0,110.0,0.0,0.5,-0.5,harmful,1,4,remote,0,2,0.0,0.0,0.0,0.0,0.0,0.0,0.0,0.0,4.0,4.0,4.0
x5AH2gW_8S4_2,x5AH2gW_8S4,0-2s,1.0,110.0,0.0,0.5,-0.5,harmful,1,5,remote,0,2,0.0,0.0,0.0,0.0,0.0,0.0,0.0,0.0,4.0,4.0,4.0
x5AH2gW_8S4_2,x5AH2gW_8S4,0-2s,1.0,110.0,0.0,0.5,-0.5,harmful,1,6,remote,0,2,0.0,0.0,0.0,0.0,0.0,0.0,0.0,0.0,4.0,4.0,4.0
x5AH2gW_8S4_2,x5AH2gW_8S4,0-2s,1.0,110.0,0.0,0.5,-0.5,harmful,1,7,remote,0,2,0.0,0.0,0.0,0.0,0.0,0.0,0.0,0.0,4.0,4.0,4.0
x5AH2gW_8S4_2,x5AH2gW_8S4,0-2s,1.0,110.0,0.0,0.5,-0.5,harmful,1,8,remote,0,2,0.0,0.0,0.0,0.0,0.0,0.0,0.0,0.0,4.0,4.0,4.0
x5AH2gW_8S4_2,x5AH2gW_8S4,0-2s,1.0,110.0,0.0,0.5,-0.5,harmful,1,9,remote,0,2,0.0,0.0,0.0,0.0,0.0,0.0,0.0,0.0,4.0,4.0,4.0
xUWSHYoslPQ_2,xUWSHYoslPQ,2-5s,4.0,115.0,0.0,0.8,-0.8,harmful,0,0,remote,0,22,1.0,1.0,1.0,0.0,0.0,0.0,0.0,0.0,3.0,2.25,3.0
xUWSHYoslPQ_2,xUWSHYoslPQ,2-5s,4.0,115.0,0.0,0.8,-0.8,harmful,0,1,remote,0,22,1.0,1.0,1.0,0.0,0.0,0.0,0.0,0.0,3.0,2.25,3.0
xUWSHYoslPQ_2,xUWSHYoslPQ,2-5s,4.0,115.0,0.0,0.8,-0.8,harmful,0,2,remote,0,22,1.0,1.0,1.0,0.0,0.0,0.0,0.0,0.0,3.0,2.25,3.0
xUWSHYoslPQ_2,xUWSHYoslPQ,2-5s,4.0,115.0,0.0,0.8,-0.8,harmful,0,3,remote,0,22,1.0,1.0,1.0,0.0,0.0,0.0,0.0,0.0,3.0,2.25,3.25
xUWSHYoslPQ_2,xUWSHYoslPQ,2-5s,4.0,115.0,0.0,0.8,-0.8,harmful,0,4,remote,0,22,1.0,1.0,1.0,0.0,0.0,0.0,0.0,0.0,3.0,2.25,3.25
xUWSHYoslPQ_2,xUWSHYoslPQ,2-5s,4.0,115.0,0.0,0.8,-0.8,harmful,0,5,remote,0,22,1.0,1.0,1.0,0.0,0.0,0.0,0.0,0.0,3.0,2.25,3.25
xUWSHYoslPQ_2,xUWSHYoslPQ,2-5s,4.0,115.0,0.0,0.8,-0.8,harmful,0,6,remote,0,22,1.0,1.0,1.0,0.0,0.0,0.0,0.0,0.0,3.0,2.25,3.25
xUWSHYoslPQ_2,xUWSHYoslPQ,2-5s,4.0,115.0,0.0,0.8,-0.8,harmful,0,7,remote,0,22,1.0,1.0,1.0,0.0,0.0,0.0,0.0,0.0,3.0,2.25,3.0
xUWSHYoslPQ_2,xUWSHYoslPQ,2-5s,4.0,115.0,0.0,0.8,-0.8,harmful,0,8,remote,0,22,1.0,1.0,1.0,0.0,0.0,0.0,0.0,0.0,3.0,2.25,3.0
xUWSHYoslPQ_2,xUWSHYoslPQ,2-5s,4.0,115.0,0.0,0.8,-0.8,harmful,0,9,remote,0,22,1.0,1.0,1.0,0.0,0.0,0.0,0.0,0.0,3.0,2.25,3.0
xbLW9Wt1Jsg_3,xbLW9Wt1Jsg,2-5s,4.0,300.0,1.0,0.6,0.4,control,0,0,remote,0,3,0.0,0.0,0.0,0.0,0.0,0.0,0.0,0.0,3.0,3.0,3.0
xbLW9Wt1Jsg_3,xbLW9Wt1Jsg,2-5s,4.0,300.0,1.0,0.6,0.4,control,0,1,remote,0,3,0.0,0.0,0.0,0.0,0.0,0.0,0.0,0.0,3.0,3.0,3.0
xbLW9Wt1Jsg_3,xbLW9Wt1Jsg,2-5s,4.0,300.0,1.0,0.6,0.4,control,0,2,remote,0,3,0.0,0.0,0.0,0.0,0.0,0.0,0.0,0.0,3.0,3.0,3.0
xbLW9Wt1Jsg_3,xbLW9Wt1Jsg,2-5s,4.0,300.0,1.0,0.6,0.4,control,0,3,remote,0,3,0.0,0.0,0.0,0.0,0.0,0.0,0.0,0.0,3.0,3.0,3.0
xbLW9Wt1Jsg_3,xbLW9Wt1Jsg,2-5s,4.0,300.0,1.0,0.6,0.4,control,0,4,remote,0,3,0.0,0.0,0.0,0.0,0.0,0.0,0.0,0.0,3.0,3.0,3.0
xbLW9Wt1Jsg_3,xbLW9Wt1Jsg,2-5s,4.0,300.0,1.0,0.6,0.4,control,0,5,remote,0,3,0.0,0.0,0.0,0.0,0.0,0.0,0.0,0.0,3.0,3.0,3.0
xbLW9Wt1Jsg_3,xbLW9Wt1Jsg,2-5s,4.0,300.0,1.0,0.6,0.4,control,0,6,remote,0,3,0.0,0.0,0.0,0.0,0.0,0.0,0.0,0.0,3.0,3.0,3.0
xbLW9Wt1Jsg_3,xbLW9Wt1Jsg,2-5s,4.0,300.0,1.0,0.6,0.4,control,0,7,remote,0,3,0.0,0.0,0.0,0.0,0.0,0.0,0.0,0.0,3.0,3.0,3.0
xbLW9Wt1Jsg_3,xbLW9Wt1Jsg,2-5s,4.0,300.0,1.0,0.6,0.4,control,0,8,remote,0,3,0.0,0.0,0.0,0.0,0.0,0.0,0.0,0.0,3.0,3.0,3.0
xbLW9Wt1Jsg_3,xbLW9Wt1Jsg,2-5s,4.0,300.0,1.0,0.6,0.4,control,0,9,remote,0,3,0.0,0.0,0.0,0.0,0.0,0.0,0.0,0.0,3.0,3.0,3.0
yfYNPWs7mWY_2,yfYNPWs7mWY,2-5s,2.0,300.0,1.0,0.5,0.5,control,1,0,remote,0,9,0.0,0.0,0.0,0.0,0.0,0.0,0.0,0.0,5.0,4.5,5.0
yfYNPWs7mWY_2,yfYNPWs7mWY,2-5s,2.0,300.0,1.0,0.5,0.5,control,1,1,remote,0,9,0.0,0.0,0.0,0.0,0.0,0.0,0.0,0.0,5.0,4.5,5.0
yfYNPWs7mWY_2,yfYNPWs7mWY,2-5s,2.0,300.0,1.0,0.5,0.5,control,1,2,remote,0,9,0.0,0.0,0.0,0.0,0.0,0.0,0.0,0.0,5.0,4.5,5.0
yfYNPWs7mWY_2,yfYNPWs7mWY,2-5s,2.0,300.0,1.0,0.5,0.5,control,1,3,remote,0,9,0.0,0.0,0.0,0.0,0.0,0.0,0.0,0.0,5.0,4.5,5.0
yfYNPWs7mWY_2,yfYNPWs7mWY,2-5s,2.0,300.0,1.0,0.5,0.5,control,1,4,remote,0,9,0.0,0.0,0.0,0.0,0.0,0.0,0.0,0.0,5.0,4.5,4.5
yfYNPWs7mWY_2,yfYNPWs7mWY,2-5s,2.0,300.0,1.0,0.5,0.5,control,1,5,remote,0,9,0.0,0.0,0.0,0.0,0.0,0.0,0.0,0.0,5.0,4.5,5.0
yfYNPWs7mWY_2,yfYNPWs7mWY,2-5s,2.0,300.0,1.0,0.5,0.5,control,1,6,remote,0,9,0.0,0.0,0.0,0.0,0.0,0.0,0.0,0.0,5.0,4.5,4.5
yfYNPWs7mWY_2,yfYNPWs7mWY,2-5s,2.0,300.0,1.0,0.5,0.5,control,1,7,remote,0,9,0.0,0.0,0.0,0.0,0.0,0.0,0.0,0.0,5.0,4.5,5.0
yfYNPWs7mWY_2,yfYNPWs7mWY,2-5s,2.0,300.0,1.0,0.5,0.5,control,1,8,remote,0,9,0.0,0.0,0.0,0.0,0.0,0.0,0.0,0.0,5.0,4.5,4.5
yfYNPWs7mWY_2,yfYNPWs7mWY,2-5s,2.0,300.0,1.0,0.5,0.5,control,1,9,remote,0,9,0.0,0.0,0.0,0.0,0.0,0.0,0.0,0.0,5.0,4.5,5.0
yrxa6_P2I80_2,yrxa6_P2I80,0-2s,1.0,240.0,0.0,0.4,-0.4,harmful,1,0,remote,0,12,0.0,0.0,0.0,0.0,0.0,0.0,0.0,0.0,9.0,9.0,9.0
yrxa6_P2I80_2,yrxa6_P2I80,0-2s,1.0,240.0,0.0,0.4,-0.4,harmful,1,1,remote,0,12,0.0,0.0,0.0,0.0,0.0,0.0,0.0,0.0,9.0,9.0,9.0
yrxa6_P2I80_2,yrxa6_P2I80,0-2s,1.0,240.0,0.0,0.4,-0.4,harmful,1,2,remote,0,12,0.0,0.0,0.0,0.0,0.0,0.0,0.0,0.0,9.0,9.0,9.0
yrxa6_P2I80_2,yrxa6_P2I80,0-2s,1.0,240.0,0.0,0.4,-0.4,harmful,1,3,remote,0,12,0.0,0.0,0.0,0.0,0.0,0.0,0.0,0.0,9.0,9.0,9.0
yrxa6_P2I80_2,yrxa6_P2I80,0-2s,1.0,240.0,0.0,0.4,-0.4,harmful,1,4,remote,0,12,0.0,0.0,0.0,0.0,0.0,0.0,0.0,0.0,9.0,9.0,9.0
yrxa6_P2I80_2,yrxa6_P2I80,0-2s,1.0,240.0,0.0,0.4,-0.4,harmful,1,5,remote,0,12,0.0,0.0,0.0,0.0,0.0,0.0,0.0,0.0,9.0,9.0,9.0
yrxa6_P2I80_2,yrxa6_P2I80,0-2s,1.0,240.0,0.0,0.4,-0.4,harmful,1,6,remote,0,12,0.0,0.0,0.0,0.0,0.0,0.0,0.0,0.0,9.0,9.0,9.0
yrxa6_P2I80_2,yrxa6_P2I80,0-2s,1.0,240.0,0.0,0.4,-0.4,harmful,1,7,remote,0,12,0.0,0.0,0.0,0.0,0.0,0.0,0.0,0.0,9.0,9.0,9.0
yrxa6_P2I80_2,yrxa6_P2I80,0-2s,1.0,240.0,0.0,0.4,-0.4,harmful,1,8,remote,0,12,0.0,0.0,0.0,0.0,0.0,0.0,0.0,0.0,9.0,9.0,9.0
yrxa6_P2I80_2,yrxa6_P2I80,0-2s,1.0,240.0,0.0,0.4,-0.4,harmful,1,9,remote,0,12,0.0,0.0,0.0,0.0,0.0,0.0,0.0,0.0,9.0,9.0,9.0
z1ax0QPpd14_1,z1ax0QPpd14,2-5s,3.0,183.0,0.0,0.6,-0.6,harmful,0,0,remote,0,3,1.0,1.0,1.0,0.0,0.0,0.0,0.0,0.0,3.0,3.0,3.0
z1ax0QPpd14_1,z1ax0QPpd14,2-5s,3.0,183.0,0.0,0.6,-0.6,harmful,0,1,remote,0,3,1.0,1.0,1.0,0.0,0.0,0.0,0.0,0.0,3.0,3.0,3.0
z1ax0QPpd14_1,z1ax0QPpd14,2-5s,3.0,183.0,0.0,0.6,-0.6,harmful,0,2,remote,0,3,1.0,1.0,1.0,0.0,0.0,0.0,0.0,0.0,3.0,3.0,3.0
z1ax0QPpd14_1,z1ax0QPpd14,2-5s,3.0,183.0,0.0,0.6,-0.6,harmful,0,3,remote,0,3,1.0,1.0,1.0,0.0,0.0,0.0,0.0,0.0,3.0,3.0,3.0
z1ax0QPpd14_1,z1ax0QPpd14,2-5s,3.0,183.0,0.0,0.6,-0.6,harmful,0,4,remote,0,3,1.0,1.0,1.0,0.0,0.0,0.0,0.0,0.0,3.0,3.0,3.0
z1ax0QPpd14_1,z1ax0QPpd14,2-5s,3.0,183.0,0.0,0.6,-0.6,harmful,0,5,remote,0,3,1.0,1.0,1.0,0.0,0.0,0.0,0.0,0.0,3.0,3.0,3.0
z1ax0QPpd14_1,z1ax0QPpd14,2-5s,3.0,183.0,0.0,0.6,-0.6,harmful,0,6,remote,0,3,1.0,1.0,1.0,0.0,0.0,0.0,0.0,0.0,3.0,3.0,3.0
z1ax0QPpd14_1,z1ax0QPpd14,2-5s,3.0,183.0,0.0,0.6,-0.6,harmful,0,7,remote,0,3,1.0,1.0,1.0,0.0,0.0,0.0,0.0,0.0,3.0,3.0,3.0
z1ax0QPpd14_1,z1ax0QPpd14,2-5s,3.0,183.0,0.0,0.6,-0.6,harmful,0,8,remote,0,3,1.0,1.0,1.0,0.0,0.0,0.0,0.0,0.0,3.0,3.0,3.0
z1ax0QPpd14_1,z1ax0QPpd14,2-5s,3.0,183.0,0.0,0.6,-0.6,harmful,0,9,remote,0,3,1.0,1.0,1.0,0.0,0.0,0.0,0.0,0.0,3.0,3.0,3.0
z1ax0QPpd14_3,z1ax0QPpd14,0-2s,1.0,183.0,0.0,0.6,-0.6,harmful,0,0,remote,0,20,1.0,1.0,1.0,0.0,0.0,0.0,0.0,0.0,11.0,11.0,11.0
z1ax0QPpd14_3,z1ax0QPpd14,0-2s,1.0,183.0,0.0,0.6,-0.6,harmful,0,1,remote,0,20,1.0,1.0,1.0,0.0,0.0,0.0,0.0,0.0,11.0,11.0,10.0
z1ax0QPpd14_3,z1ax0QPpd14,0-2s,1.0,183.0,0.0,0.6,-0.6,harmful,0,2,remote,0,20,1.0,1.0,1.0,0.0,0.0,0.0,0.0,0.0,11.0,11.0,11.0
z1ax0QPpd14_3,z1ax0QPpd14,0-2s,1.0,183.0,0.0,0.6,-0.6,harmful,0,3,remote,0,20,1.0,1.0,1.0,0.0,0.0,0.0,0.0,0.0,11.0,11.0,11.0
z1ax0QPpd14_3,z1ax0QPpd14,0-2s,1.0,183.0,0.0,0.6,-0.6,harmful,0,4,remote,0,20,1.0,1.0,1.0,0.0,0.0,0.0,0.0,0.0,11.0,11.0,10.0
z1ax0QPpd14_3,z1ax0QPpd14,0-2s,1.0,183.0,0.0,0.6,-0.6,harmful,0,5,remote,0,20,1.0,1.0,1.0,0.0,0.0,0.0,0.0,0.0,11.0,11.0,10.0
z1ax0QPpd14_3,z1ax0QPpd14,0-2s,1.0,183.0,0.0,0.6,-0.6,harmful,0,6,remote,0,20,1.0,1.0,1.0,0.0,0.0,0.0,0.0,0.0,11.0,11.0,10.0
z1ax0QPpd14_3,z1ax0QPpd14,0-2s,1.0,183.0,0.0,0.6,-0.6,harmful,0,7,remote,0,20,1.0,1.0,1.0,0.0,0.0,0.0,0.0,0.0,11.0,11.0,10.0
z1ax0QPpd14_3,z1ax0QPpd14,0-2s,1.0,183.0,0.0,0.6,-0.6,harmful,0,8,remote,0,20,1.0,1.0,1.0,0.0,0.0,0.0,0.0,0.0,11.0,11.0,10.0
z1ax0QPpd14_3,z1ax0QPpd14,0-2s,1.0,183.0,0.0,0.6,-0.6,harmful,0,9,remote,0,20,1.0,1.0,1.0,0.0,0.0,0.0,0.0,0.0,11.0,11.0,10.0
zBXoaQ1GVlc_3,zBXoaQ1GVlc,2-5s,2.0,300.0,0.0,0.0,0.0,control,1,0,remote,0,67,0.0,0.0,0.0,0.0,0.0,0.0,0.0,0.0,7.0,6.5,7.0
zBXoaQ1GVlc_3,zBXoaQ1GVlc,2-5s,2.0,300.0,0.0,0.0,0.0,control,1,1,remote,0,67,0.0,0.0,0.0,0.0,0.0,0.0,0.0,0.0,7.0,6.5,7.0
zBXoaQ1GVlc_3,zBXoaQ1GVlc,2-5s,2.0,300.0,0.0,0.0,0.0,control,1,2,remote,0,67,0.0,0.0,0.0,0.0,0.0,0.0,0.0,0.0,7.0,6.5,7.0
zBXoaQ1GVlc_3,zBXoaQ1GVlc,2-5s,2.0,300.0,0.0,0.0,0.0,control,1,3,remote,0,67,0.0,0.0,0.0,0.0,0.0,0.0,0.0,0.0,7.0,6.5,6.5
zBXoaQ1GVlc_3,zBXoaQ1GVlc,2-5s,2.0,300.0,0.0,0.0,0.0,control,1,4,remote,0,67,0.0,0.0,0.0,0.0,0.0,0.0,0.0,0.0,7.0,6.5,7.0
zBXoaQ1GVlc_3,zBXoaQ1GVlc,2-5s,2.0,300.0,0.0,0.0,0.0,control,1,5,remote,0,67,0.0,0.0,0.0,0.0,0.0,0.0,0.0,0.0,7.0,6.5,7.0
zBXoaQ1GVlc_3,zBXoaQ1GVlc,2-5s,2.0,300.0,0.0,0.0,0.0,control,1,6,remote,0,67,0.0,0.0,0.0,0.0,0.0,0.0,0.0,0.0,7.0,6.5,7.0
zBXoaQ1GVlc_3,zBXoaQ1GVlc,2-5s,2.0,300.0,0.0,0.0,0.0,control,1,7,remote,0,67,0.0,0.0,0.0,0.0,0.0,0.0,0.0,0.0,7.0,6.5,7.0
zBXoaQ1GVlc_3,zBXoaQ1GVlc,2-5s,2.0,300.0,0.0,0.0,0.0,control,1,8,remote,0,67,0.0,0.0,0.0,0.0,0.0,0.0,0.0,0.0,7.0,6.5,7.0
zBXoaQ1GVlc_3,zBXoaQ1GVlc,2-5s,2.0,300.0,0.0,0.0,0.0,control,1,9,remote,0,67,0.0,0.0,0.0,0.0,0.0,0.0,0.0,0.0,7.0,6.5,7.0
zoctgurhvHE_1,zoctgurhvHE,2-5s,4.0,299.0,1.0,0.6,0.4,control,0,0,adjacent,0,1,1.0,1.0,1.0,0.0,0.0,0.0,0.0,0.0,1.75,1.75,1.75
zoctgurhvHE_1,zoctgurhvHE,2-5s,4.0,299.0,1.0,0.6,0.4,control,0,1,adjacent,0,1,1.0,1.0,1.0,0.0,0.0,0.0,0.0,0.0,1.75,1.75,1.75
zoctgurhvHE_1,zoctgurhvHE,2-5s,4.0,299.0,1.0,0.6,0.4,control,0,2,adjacent,0,1,1.0,1.0,1.0,0.0,0.0,0.0,0.0,0.0,1.75,1.75,1.75
zoctgurhvHE_1,zoctgurhvHE,2-5s,4.0,299.0,1.0,0.6,0.4,control,0,3,adjacent,0,1,1.0,1.0,1.0,0.0,0.0,0.0,0.0,0.0,1.75,1.75,1.75
zoctgurhvHE_1,zoctgurhvHE,2-5s,4.0,299.0,1.0,0.6,0.4,control,0,4,adjacent,0,1,1.0,1.0,1.0,0.0,0.0,0.0,0.0,0.0,1.75,1.75,1.75
zoctgurhvHE_1,zoctgurhvHE,2-5s,4.0,299.0,1.0,0.6,0.4,control,0,5,adjacent,0,1,1.0,1.0,1.0,0.0,0.0,0.0,0.0,0.0,1.75,1.75,1.75
zoctgurhvHE_1,zoctgurhvHE,2-5s,4.0,299.0,1.0,0.6,0.4,control,0,6,adjacent,0,1,1.0,1.0,1.0,0.0,0.0,0.0,0.0,0.0,1.75,1.75,1.75
zoctgurhvHE_1,zoctgurhvHE,2-5s,4.0,299.0,1.0,0.6,0.4,control,0,7,adjacent,0,1,1.0,1.0,1.0,0.0,0.0,0.0,0.0,0.0,1.75,1.75,1.75
zoctgurhvHE_1,zoctgurhvHE,2-5s,4.0,299.0,1.0,0.6,0.4,control,0,8,adjacent,0,1,1.0,1.0,1.0,0.0,0.0,0.0,0.0,0.0,1.75,1.75,1.75
zoctgurhvHE_1,zoctgurhvHE,2-5s,4.0,299.0,1.0,0.6,0.4,control,0,9,adjacent,0,1,1.0,1.0,1.0,0.0,0.0,0.0,0.0,0.0,1.75,1.75,1.75
ztSjcZNUY7A_2,ztSjcZNUY7A,2-5s,3.0,83.0,1.0,1.0,0.0,control,0,0,remote,0,1,1.0,1.0,1.0,0.0,0.0,0.0,0.0,0.0,3.6666666666666665,3.3333333333333335,3.6666666666666665
ztSjcZNUY7A_2,ztSjcZNUY7A,2-5s,3.0,83.0,1.0,1.0,0.0,control,0,1,remote,0,1,1.0,1.0,1.0,0.0,0.0,0.0,0.0,0.0,3.6666666666666665,3.3333333333333335,3.6666666666666665
ztSjcZNUY7A_2,ztSjcZNUY7A,2-5s,3.0,83.0,1.0,1.0,0.0,control,0,2,remote,0,1,1.0,1.0,1.0,0.0,0.0,0.0,0.0,0.0,3.6666666666666665,3.3333333333333335,3.6666666666666665
ztSjcZNUY7A_2,ztSjcZNUY7A,2-5s,3.0,83.0,1.0,1.0,0.0,control,0,3,remote,0,1,1.0,1.0,1.0,0.0,0.0,0.0,0.0,0.0,3.6666666666666665,3.3333333333333335,3.6666666666666665
ztSjcZNUY7A_2,ztSjcZNUY7A,2-5s,3.0,83.0,1.0,1.0,0.0,control,0,4,remote,0,1,1.0,1.0,1.0,0.0,0.0,0.0,0.0,0.0,3.6666666666666665,3.3333333333333335,3.6666666666666665
ztSjcZNUY7A_2,ztSjcZNUY7A,2-5s,3.0,83.0,1.0,1.0,0.0,control,0,5,remote,0,1,1.0,1.0,1.0,0.0,0.0,0.0,0.0,0.0,3.6666666666666665,3.3333333333333335,3.6666666666666665
ztSjcZNUY7A_2,ztSjcZNUY7A,2-5s,3.0,83.0,1.0,1.0,0.0,control,0,6,remote,0,1,1.0,1.0,1.0,0.0,0.0,0.0,0.0,0.0,3.6666666666666665,3.3333333333333335,3.6666666666666665
ztSjcZNUY7A_2,ztSjcZNUY7A,2-5s,3.0,83.0,1.0,1.0,0.0,control,0,7,remote,0,1,1.0,1.0,1.0,0.0,0.0,0.0,0.0,0.0,3.6666666666666665,3.3333333333333335,3.6666666666666665
ztSjcZNUY7A_2,ztSjcZNUY7A,2-5s,3.0,83.0,1.0,1.0,0.0,control,0,8,remote,0,1,1.0,1.0,1.0,0.0,0.0,0.0,0.0,0.0,3.6666666666666665,3.3333333333333335,3.6666666666666665
ztSjcZNUY7A_2,ztSjcZNUY7A,2-5s,3.0,83.0,1.0,1.0,0.0,control,0,9,remote,0,1,1.0,1.0,1.0,0.0,0.0,0.0,0.0,0.0,3.6666666666666665,3.3333333333333335,3.6666666666666665
zwoqJY03yHE_1,zwoqJY03yHE,0-2s,1.0,300.0,0.0,0.1,-0.1,harmful,1,0,remote,0,19,1.0,0.0,1.0,-100.0,0.0,0.0,0.0,0.0,13.0,14.0,13.0
zwoqJY03yHE_1,zwoqJY03yHE,0-2s,1.0,300.0,0.0,0.1,-0.1,harmful,1,1,remote,0,19,1.0,0.0,0.0,0.0,0.0,0.0,0.0,0.0,13.0,14.0,13.0
zwoqJY03yHE_1,zwoqJY03yHE,0-2s,1.0,300.0,0.0,0.1,-0.1,harmful,1,2,remote,0,19,1.0,0.0,1.0,-100.0,0.0,0.0,0.0,0.0,13.0,14.0,14.0
zwoqJY03yHE_1,zwoqJY03yHE,0-2s,1.0,300.0,0.0,0.1,-0.1,harmful,1,3,remote,0,19,1.0,0.0,1.0,-100.0,0.0,0.0,0.0,0.0,13.0,14.0,14.0
zwoqJY03yHE_1,zwoqJY03yHE,0-2s,1.0,300.0,0.0,0.1,-0.1,harmful,1,4,remote,0,19,1.0,0.0,1.0,-100.0,0.0,0.0,0.0,0.0,13.0,14.0,14.0
zwoqJY03yHE_1,zwoqJY03yHE,0-2s,1.0,300.0,0.0,0.1,-0.1,harmful,1,5,remote,0,19,1.0,0.0,0.0,0.0,0.0,0.0,0.0,0.0,13.0,14.0,14.0
zwoqJY03yHE_1,zwoqJY03yHE,0-2s,1.0,300.0,0.0,0.1,-0.1,harmful,1,6,remote,0,19,1.0,0.0,0.0,0.0,0.0,0.0,0.0,0.0,13.0,14.0,13.0
zwoqJY03yHE_1,zwoqJY03yHE,0-2s,1.0,300.0,0.0,0.1,-0.1,harmful,1,7,remote,0,19,1.0,0.0,0.0,0.0,0.0,0.0,0.0,0.0,13.0,14.0,13.0
zwoqJY03yHE_1,zwoqJY03yHE,0-2s,1.0,300.0,0.0,0.1,-0.1,harmful,1,8,remote,0,19,1.0,0.0,1.0,-100.0,0.0,0.0,0.0,0.0,13.0,14.0,14.0
zwoqJY03yHE_1,zwoqJY03yHE,0-2s,1.0,300.0,0.0,0.1,-0.1,harmful,1,9,remote,0,19,1.0,0.0,1.0,-100.0,0.0,0.0,0.0,0.0,13.0,14.0,14.0
zwoqJY03yHE_2,zwoqJY03yHE,2-5s,4.0,300.0,1.0,1.0,0.0,control,0,0,remote,0,10,1.0,1.0,1.0,0.0,0.0,0.0,0.0,0.0,0.75,1.75,0.75
zwoqJY03yHE_2,zwoqJY03yHE,2-5s,4.0,300.0,1.0,1.0,0.0,control,0,1,remote,0,10,1.0,1.0,1.0,0.0,0.0,0.0,0.0,0.0,0.75,1.75,0.75
zwoqJY03yHE_2,zwoqJY03yHE,2-5s,4.0,300.0,1.0,1.0,0.0,control,0,2,remote,0,10,1.0,1.0,1.0,0.0,0.0,0.0,0.0,0.0,0.75,1.75,0.75
zwoqJY03yHE_2,zwoqJY03yHE,2-5s,4.0,300.0,1.0,1.0,0.0,control,0,3,remote,0,10,1.0,1.0,1.0,0.0,0.0,0.0,0.0,0.0,0.75,1.75,0.75
zwoqJY03yHE_2,zwoqJY03yHE,2-5s,4.0,300.0,1.0,1.0,0.0,control,0,4,remote,0,10,1.0,1.0,1.0,0.0,0.0,0.0,0.0,0.0,0.75,1.75,0.75
zwoqJY03yHE_2,zwoqJY03yHE,2-5s,4.0,300.0,1.0,1.0,0.0,control,0,5,remote,0,10,1.0,1.0,1.0,0.0,0.0,0.0,0.0,0.0,0.75,1.75,0.75
zwoqJY03yHE_2,zwoqJY03yHE,2-5s,4.0,300.0,1.0,1.0,0.0,control,0,6,remote,0,10,1.0,1.0,1.0,0.0,0.0,0.0,0.0,0.0,0.75,1.75,0.75
zwoqJY03yHE_2,zwoqJY03yHE,2-5s,4.0,300.0,1.0,1.0,0.0,control,0,7,remote,0,10,1.0,1.0,1.0,0.0,0.0,0.0,0.0,0.0,0.75,1.75,0.75
zwoqJY03yHE_2,zwoqJY03yHE,2-5s,4.0,300.0,1.0,1.0,0.0,control,0,8,remote,0,10,1.0,1.0,1.0,0.0,0.0,0.0,0.0,0.0,0.75,1.75,0.75
zwoqJY03yHE_2,zwoqJY03yHE,2-5s,4.0,300.0,1.0,1.0,0.0,control,0,9,remote,0,10,1.0,1.0,1.0,0.0,0.0,0.0,0.0,0.0,0.75,1.75,0.75
zwoqJY03yHE_4,zwoqJY03yHE,2-5s,2.0,300.0,0.0,0.9,-0.9,harmful,0,0,remote,0,3,1.0,1.0,1.0,0.0,0.0,0.0,0.0,0.0,5.0,4.0,5.0
zwoqJY03yHE_4,zwoqJY03yHE,2-5s,2.0,300.0,0.0,0.9,-0.9,harmful,0,1,remote,0,3,1.0,1.0,1.0,0.0,0.0,0.0,0.0,0.0,5.0,4.0,5.0
zwoqJY03yHE_4,zwoqJY03yHE,2-5s,2.0,300.0,0.0,0.9,-0.9,harmful,0,2,remote,0,3,1.0,1.0,1.0,0.0,0.0,0.0,0.0,0.0,5.0,4.0,5.0
zwoqJY03yHE_4,zwoqJY03yHE,2-5s,2.0,300.0,0.0,0.9,-0.9,harmful,0,3,remote,0,3,1.0,1.0,1.0,0.0,0.0,0.0,0.0,0.0,5.0,4.0,5.0
zwoqJY03yHE_4,zwoqJY03yHE,2-5s,2.0,300.0,0.0,0.9,-0.9,harmful,0,4,remote,0,3,1.0,1.0,1.0,0.0,0.0,0.0,0.0,0.0,5.0,4.0,5.0
zwoqJY03yHE_4,zwoqJY03yHE,2-5s,2.0,300.0,0.0,0.9,-0.9,harmful,0,5,remote,0,3,1.0,1.0,1.0,0.0,0.0,0.0,0.0,0.0,5.0,4.0,5.0
zwoqJY03yHE_4,zwoqJY03yHE,2-5s,2.0,300.0,0.0,0.9,-0.9,harmful,0,6,remote,0,3,1.0,1.0,1.0,0.0,0.0,0.0,0.0,0.0,5.0,4.0,5.0
zwoqJY03yHE_4,zwoqJY03yHE,2-5s,2.0,300.0,0.0,0.9,-0.9,harmful,0,7,remote,0,3,1.0,1.0,1.0,0.0,0.0,0.0,0.0,0.0,5.0,4.0,5.0
zwoqJY03yHE_4,zwoqJY03yHE,2-5s,2.0,300.0,0.0,0.9,-0.9,harmful,0,8,remote,0,3,1.0,1.0,1.0,0.0,0.0,0.0,0.0,0.0,5.0,4.0,5.0
zwoqJY03yHE_4,zwoqJY03yHE,2-5s,2.0,300.0,0.0,0.9,-0.9,harmful,0,9,remote,0,3,1.0,1.0,1.0,0.0,0.0,0.0,0.0,0.0,5.0,4.0,5.0
